2025-07-02 16:52:41:265 [IN ] C8 24 06 18 25 A5 06 01 31 03 CF 00 00 0A 9E 25 A5 06 01 31 05 E6 3D 77 00 00 D7 8A 00 C8 24 06 18 25 A5 06 01 31 03 CF 00 00 0A 9E 25 A5 06 01 31 05 E6 3D 77 00 00 D7 8A 00 (58)
                              [N6:H] MOTOR_I 0 0 (0)
                              [N6:H] [undefined] 61 119 0 0 (1031208960)
                              [N6:H] MOTOR_I 0 0 (0)
                              [N6:H] [undefined] 61 119 0 0 (1031208960)
2025-07-02 16:52:41:287 [OUT] 25 A5 01 09 31 03 C9 3D 09 4D 1C (11)
                              [N9:P] LFLAG '=' 9 (9)
2025-07-02 16:52:41:310 [OUT] 25 A5 01 03 31 02 D8 3F 4E CE (10)
                              [N3:X] INTERRUPT '?'
2025-07-02 16:52:41:310 [IN ] C8 24 06 18 25 A5 06 01 31 03 CF 00 00 0A 9E 25 A5 06 01 31 05 E6 3D 77 00 00 D7 8A 00 (29)
                              [N6:H] MOTOR_I 0 0 (0)
                              [N6:H] [undefined] 61 119 0 0 (1031208960)
2025-07-02 16:52:41:611 [IN ] C8 24 06 18 25 A5 06 01 31 03 CF 00 00 0A 9E 25 A5 06 01 31 05 E6 3D 77 00 00 D7 8A 00 C8 24 09 0B 25 A5 09 01 31 03 C9 3A 09 4A 1E 25 C8 24 06 18 25 A5 06 01 31 03 CF 00 00 0A 9E 25 A5 06 01 
31 05 E6 3D 77 00 00 D7 8A 00 C8 24 03 0C 25 A5 03 01 31 04 D8 3A 01 01 4D 6A A5 C8 24 06 0E 25 A5 06 01 31 03 CF 00 00 0A 9E 25 A5 06 01 C8 24 06 0A 01 31 05 E6 3D 77 00 00 D7 8A 9E (125)
                              [N6:H] MOTOR_I 0 0 (0)
                              [N6:H] [undefined] 61 119 0 0 (1031208960)
                              [N9:P] LFLAG ':' 9 (9)
                              [N6:H] MOTOR_I 0 0 (0)
                              [N6:H] [undefined] 61 119 0 0 (1031208960)
                              [N3:X] INTERRUPT ':' 1 1 (257)
                              [N6:H] MOTOR_I 0 0 (0)
                              [N6:H] [undefined] 61 119 0 0 (1031208960)
2025-07-02 16:52:41:633 [OUT] 25 A5 01 09 31 03 CA 3D 09 4E 1F (11)
                              [N9:P] RFLAG '=' 9 (9)
2025-07-02 16:52:41:654 [OUT] 25 A5 01 04 31 02 D8 3F 4F D3 (10)
                              [N4:Y] INTERRUPT '?'
2025-07-02 16:52:41:956 [IN ] C8 24 06 15 25 A5 06 01 31 03 CF 00 00 0A 9E 25 A5 06 01 31 05 E6 3D 77 00 00 C8 24 06 1B 00 D7 8A 25 A5 06 01 31 03 CF 00 00 0A 9E 25 A5 06 01 31 05 E6 3D 77 00 00 D7 8A 01 C8 24 09 0B 25 A5 
09 01 31 03 CA 3A 09 4B 21 00 C8 24 06 18 25 A5 06 01 31 03 CF 00 00 0A 9E 25 A5 06 01 31 05 E6 3D 77 00 00 D7 8A 00 C8 24 04 0C 25 A5 04 01 31 04 D8 3A 01 01 4E 72 A5 (120)
                              [N6:H] MOTOR_I 0 0 (0)
                              [N6:H] [undefined] 61 119 0 0 (1031208960)
                              [N6:H] MOTOR_I 0 0 (0)
                              [N6:H] [undefined] 61 119 0 0 (1031208960)
                              [N9:P] RFLAG ':' 9 (9)
                              [N6:H] MOTOR_I 0 0 (0)
                              [N6:H] [undefined] 61 119 0 0 (1031208960)
                              [N4:Y] INTERRUPT ':' 1 1 (257)
2025-07-02 16:52:41:977 [OUT] 25 A5 01 08 31 03 C9 3D 09 4C 16 (11)
                              [N8:R] LFLAG '=' 9 (9)
2025-07-02 16:52:41:999 [OUT] 25 A5 01 0C 31 02 D8 3F 57 FB (10)
                              [N12:Z] INTERRUPT '?'
2025-07-02 16:52:41:999 [IN ] C8 24 06 18 25 A5 06 01 31 03 CF 00 00 0A 9E 25 A5 06 01 31 05 E6 3D 77 00 00 D7 8A 00 (29)
                              [N6:H] MOTOR_I 0 0 (0)
                              [N6:H] [undefined] 61 119 0 0 (1031208960)
2025-07-02 16:52:42:301 [IN ] C8 24 06 18 25 A5 06 01 31 03 CF 00 00 0A 9E 25 A5 06 01 31 05 E6 3D 77 00 00 D7 8A 00 C8 24 08 0B 25 A5 08 01 31 03 C9 3A 09 49 17 25 C8 24 06 18 25 A5 06 01 31 03 CF 00 00 0A 9E 25 A5 06 01 
31 05 E6 3D 77 00 00 D7 8A 00 C8 24 0C 0C 25 A5 0C 01 31 04 D8 3A 01 01 56 B2 A5 C8 24 06 18 25 A5 06 01 31 03 CF 00 00 0A 9E 25 A5 06 01 31 05 E6 3D 77 00 00 D7 8A 00 (120)
                              [N6:H] MOTOR_I 0 0 (0)
                              [N6:H] [undefined] 61 119 0 0 (1031208960)
                              [N8:R] LFLAG ':' 9 (9)
                              [N6:H] MOTOR_I 0 0 (0)
                              [N6:H] [undefined] 61 119 0 0 (1031208960)
                              [N12:Z] INTERRUPT ':' 1 1 (257)
                              [N6:H] MOTOR_I 0 0 (0)
                              [N6:H] [undefined] 61 119 0 0 (1031208960)
2025-07-02 16:52:42:322 [OUT] 25 A5 01 08 31 03 CA 3D 09 4D 19 (11)
                              [N8:R] RFLAG '=' 9 (9)
2025-07-02 16:52:42:344 [OUT] 25 A5 01 03 31 03 C9 3D 0B 49 FA (11)
                              [N3:X] LFLAG '=' 11 (11)
2025-07-02 16:52:42:364 [OUT] 25 A5 01 04 31 03 C9 3D 0B 4A 00 (11)
                              [N4:Y] LFLAG '=' 11 (11)
2025-07-02 16:52:42:386 [OUT] 25 A5 01 0C 31 03 C9 3D 0B 52 30 (11)
                              [N12:Z] LFLAG '=' 11 (11)
2025-07-02 16:52:42:386 [IN ] C8 24 06 18 25 A5 06 01 31 03 CF 00 00 0A 9E 25 A5 06 01 31 05 E6 3D 77 00 00 D7 (27)
2025-07-02 16:52:42:407 [IN ] 8A 00 (2)
                              [N6:H] MOTOR_I 0 0 (0)
                              [N6:H] [undefined] 61 119 0 0 (1031208960)
2025-07-02 16:52:42:488 [IN ] C8 24 08 0B 25 A5 08 01 31 03 CA 3A 09 4A 1A 25 (16)
                              [N8:R] RFLAG ':' 9 (9)
2025-07-02 16:52:42:510 [IN ] C8 24 06 18 25 A5 06 01 31 03 CF 00 00 0A 9E 25 A5 06 01 31 05 E6 3D 77 00 00 D7 8A 00 (29)
                              [N6:H] MOTOR_I 0 0 (0)
                              [N6:H] [undefined] 61 119 0 0 (1031208960)
2025-07-02 16:52:42:591 [IN ] C8 24 03 0B 25 A5 03 01 31 03 C9 3A 0B 46 F6 25 C8 24 06 18 25 A5 06 01 31 03 CF 00 00 0A 9E 25 A5 06 01 31 05 E6 3D 77 00 00 D7 8A 00 (45)
                              [N3:X] LFLAG ':' 11 (11)
                              [N6:H] MOTOR_I 0 0 (0)
                              [N6:H] [undefined] 61 119 0 0 (1031208960)
2025-07-02 16:52:42:613 [OUT] 25 A5 01 03 31 03 88 00 50 10 02 (11)
                              [N3:X] RUN 0 80 (80)
2025-07-02 16:52:42:715 [IN ] C8 24 06 18 25 A5 06 01 31 03 CF 00 00 0A 9E 25 A5 06 01 31 05 E6 3D 77 00 00 D7 8A 00 C8 24 04 0B 25 A5 04 01 31 03 C9 3A 0B 47 FD 25 (45)
                              [N6:H] MOTOR_I 0 0 (0)
                              [N6:H] [undefined] 61 119 0 0 (1031208960)
                              [N4:Y] LFLAG ':' 11 (11)
2025-07-02 16:52:42:737 [OUT] 25 A5 01 04 31 03 88 00 50 11 08 (11)
                              [N4:Y] RUN 0 80 (80)
2025-07-02 16:52:42:799 [IN ] C8 24 06 18 25 A5 06 01 31 03 CF 00 00 0A 9E 25 A5 06 01 31 05 E6 3D 77 00 00 D7 8A 00 (29)
                              [N6:H] MOTOR_I 0 0 (0)
                              [N6:H] [undefined] 61 119 0 0 (1031208960)
2025-07-02 16:52:42:820 [IN ] C8 24 0C 0B 25 A5 0C 01 31 03 C9 3A 0B 4F 35 25 (16)
                              [N12:Z] LFLAG ':' 11 (11)
2025-07-02 16:52:42:841 [OUT] 25 A5 01 0C 31 03 88 00 50 19 38 (11)
                              [N12:Z] RUN 0 80 (80)
2025-07-02 16:52:42:882 [IN ] C8 24 06 0E 25 A5 06 01 31 03 CF 00 00 0A 9E 25 A5 06 01 (19)
                              [N6:H] MOTOR_I 0 0 (0)
2025-07-02 16:52:42:903 [IN ] C8 24 06 0A 01 31 05 E6 3D 77 00 00 D7 8A 9E (15)
                              [N6:H] [undefined] 61 119 0 0 (1031208960)
2025-07-02 16:52:42:924 [IN ] C8 24 03 0C 25 A5 03 01 31 04 88 53 00 50 64 C2 A5 (17)
                              [N3:X] RUN 'S' 0 80 (80)
2025-07-02 16:52:42:985 [IN ] C8 24 06 18 25 A5 06 01 31 03 CF 00 00 0A 9E 25 A5 06 01 31 05 E6 3D 77 00 00 D7 8A 00 (29)
                              [N6:H] MOTOR_I 0 0 (0)
                              [N6:H] [undefined] 61 119 0 0 (1031208960)
2025-07-02 16:52:43:046 [IN ] C8 24 04 0C 25 A5 04 01 31 04 88 53 00 50 65 CA A5 (17)
                              [N4:Y] RUN 'S' 0 80 (80)
2025-07-02 16:52:43:088 [IN ] C8 24 06 18 25 A5 06 01 31 03 CF 00 00 0A 9E 25 A5 06 01 31 05 E6 3D 77 00 00 D7 8A 00 (29)
                              [N6:H] MOTOR_I 0 0 (0)
                              [N6:H] [undefined] 61 119 0 0 (1031208960)
2025-07-02 16:52:43:150 [IN ] C8 24 0C 0C 25 A5 0C 01 31 04 88 53 00 50 6D 0A A5 (17)
                              [N12:Z] RUN 'S' 0 80 (80)
2025-07-02 16:52:43:350 [IN ] C8 24 06 18 25 A5 06 01 31 03 CF 00 00 0A 9E 25 A5 06 01 31 05 E6 3D 77 00 00 D7 8A 00 C8 24 06 18 25 A5 06 01 31 03 CF 00 00 0A 9E 25 A5 06 01 31 05 E6 3D 77 00 00 D7 8A 00 (58)
                              [N6:H] MOTOR_I 0 0 (0)
                              [N6:H] [undefined] 61 119 0 0 (1031208960)
                              [N6:H] MOTOR_I 0 0 (0)
                              [N6:H] [undefined] 61 119 0 0 (1031208960)
2025-07-02 16:52:43:552 [IN ] C8 24 06 18 25 A5 06 01 31 03 CF 00 00 0A 9E 25 A5 06 01 31 05 E6 3D 77 00 00 D7 8A 00 C8 24 06 18 25 A5 06 01 31 03 CF 00 00 0A 9E 25 A5 06 01 31 05 E6 3D 77 00 00 D7 8A 00 (58)
                              [N6:H] MOTOR_I 0 0 (0)
                              [N6:H] [undefined] 61 119 0 0 (1031208960)
                              [N6:H] MOTOR_I 0 0 (0)
                              [N6:H] [undefined] 61 119 0 0 (1031208960)
2025-07-02 16:52:43:754 [IN ] C8 24 06 18 25 A5 06 01 31 03 CF 00 00 0A 9E 25 A5 06 01 31 05 E6 3D 77 00 00 D7 8A 00 C8 24 06 18 25 A5 06 01 31 03 CF 00 00 0A 9E 25 A5 06 01 31 05 E6 3D 77 00 00 D7 8A 00 (58)
                              [N6:H] MOTOR_I 0 0 (0)
                              [N6:H] [undefined] 61 119 0 0 (1031208960)
                              [N6:H] MOTOR_I 0 0 (0)
                              [N6:H] [undefined] 61 119 0 0 (1031208960)
2025-07-02 16:52:43:955 [IN ] C8 24 06 18 25 A5 06 01 31 03 CF 00 00 0A 9E 25 A5 06 01 31 05 E6 3D 77 00 00 D7 8A 00 C8 24 06 18 25 A5 06 01 31 03 CF 00 00 0A 9E 25 A5 06 01 31 05 E6 3D 77 00 00 D7 8A 00 (58)
                              [N6:H] MOTOR_I 0 0 (0)
                              [N6:H] [undefined] 61 119 0 0 (1031208960)
                              [N6:H] MOTOR_I 0 0 (0)
                              [N6:H] [undefined] 61 119 0 0 (1031208960)
2025-07-02 16:52:44:157 [IN ] C8 24 06 18 25 A5 06 01 31 03 CF 00 00 0A 9E 25 A5 06 01 31 05 E6 3D 77 00 00 D7 8A 00 C8 24 06 18 25 A5 06 01 31 03 CF 00 00 0A 9E 25 A5 06 01 31 05 E6 3D 77 00 00 D7 8A 00 (58)
                              [N6:H] MOTOR_I 0 0 (0)
                              [N6:H] [undefined] 61 119 0 0 (1031208960)
                              [N6:H] MOTOR_I 0 0 (0)
                              [N6:H] [undefined] 61 119 0 0 (1031208960)
2025-07-02 16:52:44:361 [IN ] C8 24 06 0E 25 A5 06 01 31 03 CF 00 00 0A 9E 25 A5 06 01 C8 24 06 0A 01 31 05 E6 3D 77 00 00 D7 8A 9E C8 24 03 0B 25 A5 03 01 31 03 81 5A 4C 5F 9F 25 C8 24 03 0A 25 A5 03 01 31 02 81 49 01 2C 
9F C8 24 06 18 25 A5 06 01 31 03 CF 00 00 0A 9E 25 A5 06 01 31 05 E6 3D 77 00 00 D7 8A 00 (94)
                              [N6:H] MOTOR_I 0 0 (0)
                              [N6:H] [undefined] 61 119 0 0 (1031208960)
                              [N3:X] TPOS 'Z' 76 (76)
                              [N3:X] TPOS 'I'
                              [N6:H] MOTOR_I 0 0 (0)
                              [N6:H] [undefined] 61 119 0 0 (1031208960)
2025-07-02 16:52:44:565 [IN ] C8 24 06 18 25 A5 06 01 31 03 CF 00 00 0A 9E 25 A5 06 01 31 05 E6 3D 77 00 00 D7 8A 00 C8 24 06 18 25 A5 06 01 31 03 CF 00 00 0A 9E 25 A5 06 01 31 05 E6 3D 77 00 00 D7 8A 00 C8 24 04 0B 25 A5 
04 01 31 03 81 5A 4C 60 A6 25 (74)
                              [N6:H] MOTOR_I 0 0 (0)
                              [N6:H] [undefined] 61 119 0 0 (1031208960)
                              [N6:H] MOTOR_I 0 0 (0)
                              [N6:H] [undefined] 61 119 0 0 (1031208960)
                              [N4:Y] TPOS 'Z' 76 (76)
2025-07-02 16:52:44:587 [OUT] 25 A5 01 03 31 03 C9 3D 09 47 F8 (11)
                              [N3:X] LFLAG '=' 9 (9)
2025-07-02 16:52:44:588 [IN ] C8 24 04 0A 25 A5 04 01 31 02 81 49 02 32 A6 (15)
                              [N4:Y] TPOS 'I'
2025-07-02 16:52:44:630 [OUT] 25 A5 01 09 31 02 D8 3F 54 EC (10)
                              [N9:P] INTERRUPT '?'
2025-07-02 16:52:44:630 [IN ] C8 24 06 18 25 A5 06 01 31 03 CF 00 00 0A 9E 25 A5 06 01 31 05 E6 3D 77 00 00 D7 8A 00 (29)
                              [N6:H] MOTOR_I 0 0 (0)
                              [N6:H] [undefined] 61 119 0 0 (1031208960)
2025-07-02 16:52:44:932 [IN ] C8 24 06 18 25 A5 06 01 31 03 CF 00 00 0A 9E 25 A5 06 01 31 05 E6 3D 77 00 00 D7 8A 00 C8 24 03 0B 25 A5 03 01 31 03 C9 3A 09 44 F4 25 C8 24 06 18 25 A5 06 01 31 03 CF 00 00 0A 9E 25 A5 06 01 
31 05 E6 3D 77 00 00 D7 8A 00 C8 24 09 0C 25 A5 09 01 31 04 D8 3A 01 01 53 9A A5 C8 24 06 18 25 A5 06 01 31 03 CF 00 00 0A 9E 25 A5 06 01 31 05 E6 3D 77 00 00 D7 8A 00 (120)
                              [N6:H] MOTOR_I 0 0 (0)
                              [N6:H] [undefined] 61 119 0 0 (1031208960)
                              [N3:X] LFLAG ':' 9 (9)
                              [N6:H] MOTOR_I 0 0 (0)
                              [N6:H] [undefined] 61 119 0 0 (1031208960)
                              [N9:P] INTERRUPT ':' 1 1 (257)
                              [N6:H] MOTOR_I 0 0 (0)
                              [N6:H] [undefined] 61 119 0 0 (1031208960)
2025-07-02 16:52:44:954 [OUT] 25 A5 01 04 31 03 C9 3D 09 48 FE (11)
                              [N4:Y] LFLAG '=' 9 (9)
2025-07-02 16:52:44:975 [OUT] 25 A5 01 07 31 02 D8 3F 52 E2 (10)
                              [N7:N] INTERRUPT '?'
2025-07-02 16:52:45:276 [IN ] C8 24 06 18 25 A5 06 01 31 03 CF 00 00 0A 9E 25 A5 06 01 31 05 E6 3D 77 00 00 D7 8A 00 C8 24 04 0B 25 A5 04 01 31 03 C9 3A 09 45 FB 25 C8 24 06 18 25 A5 06 01 31 03 CF 00 00 0A 9E 25 A5 06 01 
31 05 E6 3D 77 00 00 D7 8A 00 C8 24 06 18 25 A5 06 01 31 03 CF 00 00 0A 9E 25 A5 06 01 31 05 E6 3D 77 00 00 D7 8A 00 C8 24 07 0C 25 A5 07 01 31 04 D8 3A 01 01 51 8A A5 (120)
                              [N6:H] MOTOR_I 0 0 (0)
                              [N6:H] [undefined] 61 119 0 0 (1031208960)
                              [N4:Y] LFLAG ':' 9 (9)
                              [N6:H] MOTOR_I 0 0 (0)
                              [N6:H] [undefined] 61 119 0 0 (1031208960)
                              [N6:H] MOTOR_I 0 0 (0)
                              [N6:H] [undefined] 61 119 0 0 (1031208960)
                              [N7:N] INTERRUPT ':' 1 1 (257)
2025-07-02 16:52:45:299 [OUT] 25 A5 01 09 31 03 C9 3D 0B 4F 1E (11)
                              [N9:P] LFLAG '=' 11 (11)
2025-07-02 16:52:45:320 [OUT] 25 A5 01 07 31 03 C9 3D 0B 4D 12 (11)
                              [N7:N] LFLAG '=' 11 (11)
2025-07-02 16:52:45:320 [IN ] C8 24 06 18 25 A5 06 01 31 03 CF 00 00 0A 9E 25 A5 06 01 31 05 E6 3D 77 00 00 D7 8A 00 (29)
                              [N6:H] MOTOR_I 0 0 (0)
                              [N6:H] [undefined] 61 119 0 0 (1031208960)
2025-07-02 16:52:45:423 [IN ] C8 24 06 18 25 A5 06 01 31 03 CF 00 00 0A 9E 25 A5 06 01 31 05 E6 3D 77 00 00 D7 8A 00 (29)
                              [N6:H] MOTOR_I 0 0 (0)
                              [N6:H] [undefined] 61 119 0 0 (1031208960)
2025-07-02 16:52:45:464 [IN ] C8 24 09 0B 25 A5 09 01 31 03 C9 3A 0B 4C 20 25 (16)
                              [N9:P] LFLAG ':' 11 (11)
2025-07-02 16:52:45:486 [OUT] 25 A5 01 09 31 03 88 00 50 16 26 (11)
                              [N9:P] RUN 0 80 (80)
2025-07-02 16:52:45:506 [IN ] C8 24 06 15 25 A5 06 01 31 03 CF 00 00 0A 9E 25 A5 06 01 31 05 E6 3D 77 00 00 (26)
                              [N6:H] MOTOR_I 0 0 (0)
2025-07-02 16:52:45:588 [IN ] C8 24 07 0B 25 A5 07 01 31 03 C9 3A 0B 4A 12 25 (16)
                              [N7:N] LFLAG ':' 11 (11)
2025-07-02 16:52:45:609 [OUT] 25 A5 01 07 31 03 88 00 50 14 1A (11)
                              [N7:N] RUN 0 80 (80)
2025-07-02 16:52:45:610 [IN ] C8 24 06 1B 00 D7 8A 25 A5 06 01 31 03 CF 00 00 0A 9E 25 A5 06 01 31 05 E6 3D 77 00 00 D7 8A 01 (32)
                              [N6:H] [undefined] 61 119 0 0 (1031208960)
                              [N6:H] MOTOR_I 0 0 (0)
                              [N6:H] [undefined] 61 119 0 0 (1031208960)
2025-07-02 16:52:45:672 [IN ] C8 24 09 0C 25 A5 09 01 31 04 88 53 00 50 6A F2 0A (17)
                              [N9:P] RUN 'S' 0 80 (80)
2025-07-02 16:52:45:713 [IN ] C8 24 06 18 25 A5 06 01 31 03 CF 00 00 0A 9E 25 A5 06 01 31 05 E6 3D 77 00 00 D7 8A 00 (29)
                              [N6:H] MOTOR_I 0 0 (0)
                              [N6:H] [undefined] 61 119 0 0 (1031208960)
2025-07-02 16:52:45:754 [IN ] C8 24 09 0B 25 (5)
2025-07-02 16:52:45:775 [IN ] A5 09 01 31 03 81 5A 4C 65 C9 25 (11)
                              [N9:P] TPOS 'Z' 76 (76)
2025-07-02 16:52:45:796 [IN ] C8 24 07 0C (4)
2025-07-02 16:52:45:817 [IN ] 25 A5 07 01 31 04 88 53 00 50 68 E2 A5 C8 24 09 0A 25 A5 09 01 31 02 81 49 07 50 68 C8 24 06 18 25 A5 06 01 31 03 CF 00 00 0A 9E 25 A5 06 01 31 05 E6 3D 77 00 00 D7 8A 00 (57)
                              [N7:N] RUN 'S' 0 80 (80)
                              [N9:P] TPOS 'I'
                              [N6:H] MOTOR_I 0 0 (0)
                              [N6:H] [undefined] 61 119 0 0 (1031208960)
2025-07-02 16:52:46:021 [IN ] C8 24 06 18 25 A5 06 01 31 03 CF 00 00 0A 9E 25 A5 06 01 31 05 E6 3D 77 00 00 D7 8A 00 C8 24 06 18 25 A5 06 01 31 03 CF 00 00 0A 9E 25 A5 06 01 31 05 E6 3D 77 00 00 D7 8A 00 (58)
                              [N6:H] MOTOR_I 0 0 (0)
                              [N6:H] [undefined] 61 119 0 0 (1031208960)
                              [N6:H] MOTOR_I 0 0 (0)
                              [N6:H] [undefined] 61 119 0 0 (1031208960)
2025-07-02 16:52:46:043 [OUT] 25 A5 01 09 31 03 C9 3D 09 4D 1C (11)
                              [N9:P] LFLAG '=' 9 (9)
2025-07-02 16:52:46:064 [OUT] 25 A5 01 04 31 05 81 FF EE 88 01 32 FA (13)
                              [N4:Y] TPOS 255 238 136 1 (-1144831)
2025-07-02 16:52:46:125 [IN ] C8 24 06 18 25 A5 06 01 31 03 CF 00 00 0A 9E 25 A5 06 01 31 05 E6 3D 77 00 00 D7 8A 00 (29)
                              [N6:H] MOTOR_I 0 0 (0)
                              [N6:H] [undefined] 61 119 0 0 (1031208960)
2025-07-02 16:52:46:207 [IN ] C8 24 09 0B 25 A5 09 01 31 03 C9 3A 09 4A 1E 25 (16)
                              [N9:P] LFLAG ':' 9 (9)
2025-07-02 16:52:46:228 [IN ] C8 24 06 18 25 A5 06 01 31 03 CF 00 00 0A 9E 25 A5 06 01 31 05 E6 3D 77 00 00 D7 8A 00 (29)
                              [N6:H] MOTOR_I 0 0 (0)
                              [N6:H] [undefined] 61 119 0 0 (1031208960)
2025-07-02 16:52:46:310 [IN ] C8 24 06 18 25 A5 06 01 31 03 (10)
2025-07-02 16:52:46:331 [IN ] CF 00 00 0A 9E 25 A5 06 01 31 05 E6 3D 77 00 00 D7 8A 00 C8 24 04 0E 25 A5 04 01 31 06 81 53 00 00 00 00 10 88 01 (38)
                              [N6:H] MOTOR_I 0 0 (0)
                              [N6:H] [undefined] 61 119 0 0 (1031208960)
                              [N4:Y] TPOS 'S' 0 0 0 0 (0)
2025-07-02 16:52:46:532 [IN ] C8 24 06 18 25 A5 06 01 31 03 CF 00 00 0A 9E 25 A5 06 01 31 05 E6 3D 77 00 00 D7 8A 00 C8 24 06 18 25 A5 06 01 31 03 CF 00 00 0A 9E 25 A5 06 01 31 05 E6 3D 77 00 00 D7 8A 00 (58)
                              [N6:H] MOTOR_I 0 0 (0)
                              [N6:H] [undefined] 61 119 0 0 (1031208960)
                              [N6:H] MOTOR_I 0 0 (0)
                              [N6:H] [undefined] 61 119 0 0 (1031208960)
2025-07-02 16:52:46:734 [IN ] C8 24 06 18 25 A5 06 01 31 03 CF 00 00 0A 9E 25 A5 06 01 31 05 E6 3D 77 00 00 D7 8A 00 C8 24 06 0E 25 A5 06 01 31 03 CF 00 00 0A 9E 25 A5 06 01 C8 24 06 0A 01 31 05 E6 3D 77 00 00 D7 8A 9E (63)
                              [N6:H] MOTOR_I 0 0 (0)
                              [N6:H] [undefined] 61 119 0 0 (1031208960)
                              [N6:H] MOTOR_I 0 0 (0)
                              [N6:H] [undefined] 61 119 0 0 (1031208960)
2025-07-02 16:52:46:935 [IN ] C8 24 06 15 25 A5 06 01 31 03 CF 00 00 0A 9E 25 A5 06 01 31 05 E6 3D 77 00 00 C8 24 06 1B 00 D7 8A 25 A5 06 01 31 03 CF 00 00 0A 9E 25 A5 06 01 31 05 E6 3D 77 00 00 D7 8A 01 (58)
                              [N6:H] MOTOR_I 0 0 (0)
                              [N6:H] [undefined] 61 119 0 0 (1031208960)
                              [N6:H] MOTOR_I 0 0 (0)
                              [N6:H] [undefined] 61 119 0 0 (1031208960)
2025-07-02 16:52:47:137 [IN ] C8 24 06 18 25 A5 06 01 31 03 CF 00 00 0A 9E 25 A5 06 01 31 05 E6 3D 77 00 00 D7 8A 00 C8 24 06 18 25 A5 06 01 31 03 CF 00 00 0A 9E 25 A5 06 01 31 05 E6 3D 77 00 00 D7 8A 00 (58)
                              [N6:H] MOTOR_I 0 0 (0)
                              [N6:H] [undefined] 61 119 0 0 (1031208960)
                              [N6:H] MOTOR_I 0 0 (0)
                              [N6:H] [undefined] 61 119 0 0 (1031208960)
2025-07-02 16:52:47:339 [IN ] C8 24 06 18 25 A5 06 01 31 03 CF 00 00 0A 9E 25 A5 06 01 31 05 E6 3D 77 00 00 D7 8A 00 C8 24 06 18 25 A5 06 01 31 03 CF 00 00 0A 9E 25 A5 06 01 31 05 E6 3D 77 00 00 D7 8A 00 (58)
                              [N6:H] MOTOR_I 0 0 (0)
                              [N6:H] [undefined] 61 119 0 0 (1031208960)
                              [N6:H] MOTOR_I 0 0 (0)
                              [N6:H] [undefined] 61 119 0 0 (1031208960)
2025-07-02 16:52:47:540 [IN ] C8 24 06 18 25 A5 06 01 31 03 CF 00 00 0A 9E 25 A5 06 01 31 05 E6 3D 77 00 00 D7 8A 00 C8 24 06 18 25 A5 06 01 31 03 CF 00 00 0A 9E 25 A5 06 01 31 05 E6 3D 77 00 00 D7 8A 00 (58)
                              [N6:H] MOTOR_I 0 0 (0)
                              [N6:H] [undefined] 61 119 0 0 (1031208960)
                              [N6:H] MOTOR_I 0 0 (0)
                              [N6:H] [undefined] 61 119 0 0 (1031208960)
2025-07-02 16:52:47:742 [IN ] C8 24 06 18 25 A5 06 01 31 03 CF 00 00 0A 9E 25 A5 06 01 31 05 E6 3D 77 00 00 D7 8A 00 C8 24 06 18 25 A5 06 01 31 03 CF 00 00 0A 9E 25 A5 06 01 31 05 E6 3D 77 00 00 D7 8A 00 (58)
                              [N6:H] MOTOR_I 0 0 (0)
                              [N6:H] [undefined] 61 119 0 0 (1031208960)
                              [N6:H] MOTOR_I 0 0 (0)
                              [N6:H] [undefined] 61 119 0 0 (1031208960)
2025-07-02 16:52:47:944 [IN ] C8 24 06 18 25 A5 06 01 31 03 CF 00 00 0A 9E 25 A5 06 01 31 05 E6 3D 77 00 00 D7 8A 00 C8 24 06 18 25 A5 06 01 31 03 CF 00 00 0A 9E 25 A5 06 01 31 05 E6 3D 77 00 00 D7 8A 00 (58)
                              [N6:H] MOTOR_I 0 0 (0)
                              [N6:H] [undefined] 61 119 0 0 (1031208960)
                              [N6:H] MOTOR_I 0 0 (0)
                              [N6:H] [undefined] 61 119 0 0 (1031208960)
2025-07-02 16:52:48:145 [IN ] C8 24 06 0E 25 A5 06 01 31 03 CF 00 00 0A 9E 25 A5 06 01 C8 24 06 0A 01 31 05 E6 3D 77 00 00 D7 8A 9E C8 24 06 18 25 A5 06 01 31 03 CF 00 00 0A 9E 25 A5 06 01 31 05 E6 3D 77 00 00 D7 8A 00 (63)
                              [N6:H] MOTOR_I 0 0 (0)
                              [N6:H] [undefined] 61 119 0 0 (1031208960)
                              [N6:H] MOTOR_I 0 0 (0)
                              [N6:H] [undefined] 61 119 0 0 (1031208960)
2025-07-02 16:52:48:347 [IN ] C8 24 06 18 25 A5 06 01 31 03 CF 00 00 0A 9E 25 A5 06 01 31 05 E6 3D 77 00 00 D7 8A 00 C8 24 06 18 25 A5 06 01 31 03 CF 00 00 0A 9E 25 A5 06 01 31 05 E6 3D 77 00 00 D7 8A 00 (58)
                              [N6:H] MOTOR_I 0 0 (0)
                              [N6:H] [undefined] 61 119 0 0 (1031208960)
                              [N6:H] MOTOR_I 0 0 (0)
                              [N6:H] [undefined] 61 119 0 0 (1031208960)
2025-07-02 16:52:48:548 [IN ] C8 24 06 18 25 A5 06 01 31 03 CF 00 00 0A 9E 25 A5 06 01 31 05 E6 3D 77 00 00 D7 8A 00 C8 24 06 18 25 A5 06 01 31 03 CF 00 00 0A 9E 25 A5 06 01 31 05 E6 3D 77 00 00 D7 8A 00 (58)
                              [N6:H] MOTOR_I 0 0 (0)
                              [N6:H] [undefined] 61 119 0 0 (1031208960)
                              [N6:H] MOTOR_I 0 0 (0)
                              [N6:H] [undefined] 61 119 0 0 (1031208960)
2025-07-02 16:52:48:750 [IN ] C8 24 06 18 25 A5 06 01 31 03 CF 00 00 0A 9E 25 A5 06 01 31 05 E6 3D 77 00 00 D7 8A 00 C8 24 06 18 25 A5 06 01 31 03 CF 00 00 0A 9E 25 A5 06 01 31 05 E6 3D 77 00 00 D7 8A 00 (58)
                              [N6:H] MOTOR_I 0 0 (0)
                              [N6:H] [undefined] 61 119 0 0 (1031208960)
                              [N6:H] MOTOR_I 0 0 (0)
                              [N6:H] [undefined] 61 119 0 0 (1031208960)
2025-07-02 16:52:48:952 [IN ] C8 24 06 18 25 A5 06 01 31 03 CF 00 00 0A 9E 25 A5 06 01 31 05 E6 3D 77 00 00 D7 8A 00 C8 24 06 18 25 A5 06 01 31 03 CF 00 00 0A 9E 25 A5 06 01 31 05 E6 3D 77 00 00 D7 8A 00 (58)
                              [N6:H] MOTOR_I 0 0 (0)
                              [N6:H] [undefined] 61 119 0 0 (1031208960)
                              [N6:H] MOTOR_I 0 0 (0)
                              [N6:H] [undefined] 61 119 0 0 (1031208960)
2025-07-02 16:52:49:153 [IN ] C8 24 06 18 25 A5 06 01 31 03 CF 00 00 0A 9E 25 A5 06 01 31 05 E6 3D 77 00 00 D7 8A 00 C8 24 06 18 25 A5 06 01 31 03 CF 00 00 0A 9E 25 A5 06 01 31 05 E6 3D 77 00 00 D7 8A 00 (58)
                              [N6:H] MOTOR_I 0 0 (0)
                              [N6:H] [undefined] 61 119 0 0 (1031208960)
                              [N6:H] MOTOR_I 0 0 (0)
                              [N6:H] [undefined] 61 119 0 0 (1031208960)
2025-07-02 16:52:49:355 [IN ] C8 24 06 18 25 A5 06 01 31 03 CF 00 00 0A 9E 25 A5 06 01 31 05 E6 3D 77 00 00 D7 8A 00 C8 24 06 15 25 A5 06 01 31 03 CF 00 00 0A 9E 25 A5 06 01 31 05 E6 3D 77 00 00 (55)
                              [N6:H] MOTOR_I 0 0 (0)
                              [N6:H] [undefined] 61 119 0 0 (1031208960)
                              [N6:H] MOTOR_I 0 0 (0)
2025-07-02 16:52:49:557 [IN ] C8 24 06 1B 00 D7 8A 25 A5 06 01 31 03 CF 00 00 0A 9E 25 A5 06 01 31 05 E6 3D 77 00 00 D7 8A 01 C8 24 06 18 25 A5 06 01 31 03 CF 00 00 0A 9E 25 A5 06 01 31 05 E6 3D 77 00 00 D7 8A 00 (61)
                              [N6:H] [undefined] 61 119 0 0 (1031208960)
                              [N6:H] MOTOR_I 0 0 (0)
                              [N6:H] [undefined] 61 119 0 0 (1031208960)
                              [N6:H] MOTOR_I 0 0 (0)
                              [N6:H] [undefined] 61 119 0 0 (1031208960)
2025-07-02 16:52:49:758 [IN ] C8 24 06 18 25 A5 06 01 31 03 CF 00 00 0A 9E 25 A5 06 01 31 05 E6 3D 77 00 00 D7 8A 00 C8 24 06 18 25 A5 06 01 31 03 CF 00 00 0A 9E 25 A5 06 01 31 05 E6 3D 77 00 00 D7 8A 00 (58)
                              [N6:H] MOTOR_I 0 0 (0)
                              [N6:H] [undefined] 61 119 0 0 (1031208960)
                              [N6:H] MOTOR_I 0 0 (0)
                              [N6:H] [undefined] 61 119 0 0 (1031208960)
2025-07-02 16:52:49:960 [IN ] C8 24 06 18 25 A5 06 01 31 03 CF 00 00 0A 9E 25 A5 06 01 31 05 E6 3D 77 00 00 D7 8A 00 C8 24 06 18 25 A5 06 01 31 03 CF 00 00 0A 9E 25 A5 06 01 31 05 E6 3D 77 00 00 D7 8A 00 (58)
                              [N6:H] MOTOR_I 0 0 (0)
                              [N6:H] [undefined] 61 119 0 0 (1031208960)
                              [N6:H] MOTOR_I 0 0 (0)
                              [N6:H] [undefined] 61 119 0 0 (1031208960)
2025-07-02 16:52:50:161 [IN ] C8 24 06 18 25 A5 06 01 31 03 CF 00 00 0A 9E 25 A5 06 01 31 05 E6 3D 77 00 00 D7 8A 00 C8 24 06 18 25 A5 06 01 31 03 CF 00 00 0A 9E 25 A5 06 01 31 05 E6 3D 77 00 00 D7 8A 00 (58)
                              [N6:H] MOTOR_I 0 0 (0)
                              [N6:H] [undefined] 61 119 0 0 (1031208960)
                              [N6:H] MOTOR_I 0 0 (0)
                              [N6:H] [undefined] 61 119 0 0 (1031208960)
2025-07-02 16:52:50:363 [IN ] C8 24 06 18 25 A5 06 01 31 03 CF 00 00 0A 9E 25 A5 06 01 31 05 E6 3D 77 00 00 D7 8A 00 C8 24 06 18 25 A5 06 01 31 03 CF 00 00 0A 9E 25 A5 06 01 31 05 E6 3D 77 00 00 D7 8A 00 (58)
                              [N6:H] MOTOR_I 0 0 (0)
                              [N6:H] [undefined] 61 119 0 0 (1031208960)
                              [N6:H] MOTOR_I 0 0 (0)
                              [N6:H] [undefined] 61 119 0 0 (1031208960)
2025-07-02 16:52:50:565 [IN ] C8 24 06 18 25 A5 06 01 31 03 CF 00 00 0A 9E 25 A5 06 01 31 05 E6 3D 77 00 00 D7 8A 00 C8 24 06 0E 25 A5 06 01 31 03 CF 00 00 0A 9E 25 A5 06 01 C8 24 06 0A 01 31 05 E6 3D 77 00 00 D7 8A 9E (63)
                              [N6:H] MOTOR_I 0 0 (0)
                              [N6:H] [undefined] 61 119 0 0 (1031208960)
                              [N6:H] MOTOR_I 0 0 (0)
                              [N6:H] [undefined] 61 119 0 0 (1031208960)
2025-07-02 16:52:50:766 [IN ] C8 24 06 15 25 A5 06 01 31 03 CF 00 00 0A 9E 25 A5 06 01 31 05 E6 3D 77 00 00 C8 24 06 1B 00 D7 8A 25 A5 06 01 31 03 CF 00 00 0A 9E 25 A5 06 01 31 05 E6 3D 77 00 00 D7 8A 01 (58)
                              [N6:H] MOTOR_I 0 0 (0)
                              [N6:H] [undefined] 61 119 0 0 (1031208960)
                              [N6:H] MOTOR_I 0 0 (0)
                              [N6:H] [undefined] 61 119 0 0 (1031208960)
2025-07-02 16:52:50:968 [IN ] C8 24 06 18 25 A5 06 01 31 03 CF 00 00 0A 9E 25 A5 06 01 31 05 E6 3D 77 00 00 D7 8A 00 C8 24 06 18 25 A5 06 01 31 03 CF 00 00 0A 9E 25 A5 06 01 31 05 E6 3D 77 00 00 D7 8A 00 (58)
                              [N6:H] MOTOR_I 0 0 (0)
                              [N6:H] [undefined] 61 119 0 0 (1031208960)
                              [N6:H] MOTOR_I 0 0 (0)
                              [N6:H] [undefined] 61 119 0 0 (1031208960)
2025-07-02 16:52:51:170 [IN ] C8 24 06 18 25 A5 06 01 31 03 CF 00 00 0A 9E 25 A5 06 01 31 05 E6 3D 77 00 00 D7 8A 00 C8 24 06 18 25 A5 06 01 31 03 CF 00 00 0A 9E 25 A5 06 01 31 05 E6 3D 77 00 00 D7 8A 00 (58)
                              [N6:H] MOTOR_I 0 0 (0)
                              [N6:H] [undefined] 61 119 0 0 (1031208960)
                              [N6:H] MOTOR_I 0 0 (0)
                              [N6:H] [undefined] 61 119 0 0 (1031208960)
2025-07-02 16:52:51:370 [IN ] C8 24 06 18 25 A5 06 01 31 03 CF 00 00 0A 9E 25 A5 06 01 31 05 E6 3D 77 00 00 D7 8A 00 C8 24 06 18 25 A5 06 01 31 03 CF 00 00 0A 9E 25 A5 06 01 31 05 E6 3D 77 00 00 D7 8A 00 (58)
                              [N6:H] MOTOR_I 0 0 (0)
                              [N6:H] [undefined] 61 119 0 0 (1031208960)
                              [N6:H] MOTOR_I 0 0 (0)
                              [N6:H] [undefined] 61 119 0 0 (1031208960)
2025-07-02 16:52:51:572 [IN ] C8 24 06 18 25 A5 06 01 31 03 CF 00 00 0A 9E 25 A5 06 01 31 05 E6 3D 77 00 00 D7 8A 00 C8 24 06 18 25 A5 06 01 31 03 CF 00 00 0A 9E 25 A5 06 01 31 05 E6 3D 77 00 00 D7 8A 00 (58)
                              [N6:H] MOTOR_I 0 0 (0)
                              [N6:H] [undefined] 61 119 0 0 (1031208960)
                              [N6:H] MOTOR_I 0 0 (0)
                              [N6:H] [undefined] 61 119 0 0 (1031208960)
2025-07-02 16:52:51:774 [IN ] C8 24 06 18 25 A5 06 01 31 03 CF 00 00 0A 9E 25 A5 06 01 31 05 E6 3D 77 00 00 D7 8A 00 C8 24 06 18 25 A5 06 01 31 03 CF 00 00 0A 9E 25 A5 06 01 31 05 E6 3D 77 00 00 D7 8A 00 (58)
                              [N6:H] MOTOR_I 0 0 (0)
                              [N6:H] [undefined] 61 119 0 0 (1031208960)
                              [N6:H] MOTOR_I 0 0 (0)
                              [N6:H] [undefined] 61 119 0 0 (1031208960)
2025-07-02 16:52:51:976 [IN ] C8 24 06 0E 25 A5 06 01 31 03 CF 00 00 0A 9E 25 A5 06 01 C8 24 06 0A 01 31 05 E6 3D 77 00 00 D7 8A 9E C8 24 06 15 25 A5 06 01 31 03 CF 00 00 0A 9E 25 A5 06 01 31 05 E6 3D 77 00 00 (60)
                              [N6:H] MOTOR_I 0 0 (0)
                              [N6:H] [undefined] 61 119 0 0 (1031208960)
                              [N6:H] MOTOR_I 0 0 (0)
2025-07-02 16:52:52:177 [IN ] C8 24 06 1B 00 D7 8A 25 A5 06 01 31 03 CF 00 00 0A 9E 25 A5 06 01 31 05 E6 3D 77 00 00 D7 8A 01 C8 24 06 18 25 A5 06 01 31 03 CF 00 00 0A 9E 25 A5 06 01 31 05 E6 3D 77 00 00 D7 8A 00 (61)
                              [N6:H] [undefined] 61 119 0 0 (1031208960)
                              [N6:H] MOTOR_I 0 0 (0)
                              [N6:H] [undefined] 61 119 0 0 (1031208960)
                              [N6:H] MOTOR_I 0 0 (0)
                              [N6:H] [undefined] 61 119 0 0 (1031208960)
2025-07-02 16:52:52:379 [IN ] C8 24 06 18 25 A5 06 01 31 03 CF 00 00 0A 9E 25 A5 06 01 31 05 E6 3D 77 00 00 D7 8A 00 C8 24 06 18 25 A5 06 01 31 03 CF 00 00 0A 9E 25 A5 06 01 31 05 E6 3D 77 00 00 D7 8A 00 (58)
                              [N6:H] MOTOR_I 0 0 (0)
                              [N6:H] [undefined] 61 119 0 0 (1031208960)
                              [N6:H] MOTOR_I 0 0 (0)
                              [N6:H] [undefined] 61 119 0 0 (1031208960)
2025-07-02 16:52:52:581 [IN ] C8 24 06 18 25 A5 06 01 31 03 CF 00 00 0A 9E 25 A5 06 01 31 05 E6 3D 77 00 00 D7 8A 00 C8 24 04 0E 25 A5 04 01 31 06 81 45 FF EE 86 05 7A 19 01 C8 24 06 18 25 A5 06 01 31 03 CF 00 00 0A 9E 25 
A5 06 01 31 05 E6 3D 77 00 00 D7 8A 00 (77)
                              [N6:H] MOTOR_I 0 0 (0)
                              [N6:H] [undefined] 61 119 0 0 (1031208960)
                              [N4:Y] TPOS 'E' 255 238 134 5 (-1145339)
                              [N6:H] MOTOR_I 0 0 (0)
                              [N6:H] [undefined] 61 119 0 0 (1031208960)
2025-07-02 16:52:52:785 [IN ] C8 24 06 18 25 A5 06 01 31 03 CF 00 00 0A 9E 25 A5 06 01 31 05 E6 3D 77 00 00 D7 8A 00 C8 24 06 18 25 A5 06 01 31 03 CF 00 00 0A 9E 25 A5 06 01 31 05 E6 3D 77 00 00 D7 8A 00 (58)
                              [N6:H] MOTOR_I 0 0 (0)
                              [N6:H] [undefined] 61 119 0 0 (1031208960)
                              [N6:H] MOTOR_I 0 0 (0)
                              [N6:H] [undefined] 61 119 0 0 (1031208960)
2025-07-02 16:52:52:807 [OUT] 25 A5 01 09 31 05 81 FF E7 5D 56 5A 0C (13)
                              [N9:P] TPOS 255 231 93 86 (-1614506)
2025-07-02 16:52:52:829 [OUT] 25 A5 01 04 31 05 81 FF FD 50 01 09 B7 (13)
                              [N4:Y] TPOS 255 253 80 1 (-176127)
2025-07-02 16:52:52:850 [OUT] 25 A5 01 03 31 05 81 FF EB D8 01 7E 89 (13)
                              [N3:X] TPOS 255 235 216 1 (-1320959)
2025-07-02 16:52:52:871 [OUT] 25 A5 01 06 31 02 D8 3F 51 DD (10)
                              [N6:H] INTERRUPT '?'
2025-07-02 16:52:53:172 [IN ] C8 24 06 18 25 A5 06 01 31 03 CF 00 00 0A 9E 25 A5 06 01 31 05 E6 3D 77 00 00 D7 8A 00 C8 24 06 18 25 A5 06 01 31 03 CF 00 00 0A 9E 25 A5 06 01 31 05 E6 3D 77 00 00 D7 8A 00 C8 24 09 0E 25 A5 
09 01 31 06 81 53 FF FF FF FB 0D AC 01 C8 24 06 18 25 A5 06 01 31 03 CF 00 00 0A 9E 25 A5 06 01 31 05 E6 3D 77 00 00 D7 8A 00 C8 24 04 0E 25 A5 04 01 31 06 81 53 FF EE 86 05 88 5F 01 C8 24 06 
0E 25 A5 06 01 31 03 CF 00 00 0A 9E 25 A5 06 01 (144)
                              [N6:H] MOTOR_I 0 0 (0)
                              [N6:H] [undefined] 61 119 0 0 (1031208960)
                              [N6:H] MOTOR_I 0 0 (0)
                              [N6:H] [undefined] 61 119 0 0 (1031208960)
                              [N9:P] TPOS 'S' 255 255 255 251 (-5)
                              [N6:H] MOTOR_I 0 0 (0)
                              [N6:H] [undefined] 61 119 0 0 (1031208960)
                              [N4:Y] TPOS 'S' 255 238 134 5 (-1145339)
                              [N6:H] MOTOR_I 0 0 (0)
2025-07-02 16:52:53:475 [IN ] C8 24 06 0A 01 31 05 E6 3D 77 00 00 D7 8A 9E C8 24 03 0E 25 A5 03 01 31 06 81 53 FF FF FF FF 0B 74 01 C8 24 06 18 25 A5 06 01 31 03 CF 00 00 0A 9E 25 A5 06 01 31 05 E6 3D 77 00 00 D7 8A 00 C8 
24 06 0C 25 A5 06 01 31 04 D8 3A 00 01 4F 80 A5 C8 24 06 18 25 A5 06 01 31 03 CF 00 00 0A 9E 25 A5 06 01 31 05 E6 3D 77 00 00 D7 8A 00 C8 24 06 18 25 A5 06 01 31 03 CF 00 00 0A 9E 25 A5 06 01 
31 05 E6 3D 77 00 00 D7 8A 00 (138)
                              [N6:H] [undefined] 61 119 0 0 (1031208960)
                              [N3:X] TPOS 'S' 255 255 255 255 (-1)
                              [N6:H] MOTOR_I 0 0 (0)
                              [N6:H] [undefined] 61 119 0 0 (1031208960)
                              [N6:H] INTERRUPT ':' 0 1 (1)
                              [N6:H] MOTOR_I 0 0 (0)
                              [N6:H] [undefined] 61 119 0 0 (1031208960)
                              [N6:H] MOTOR_I 0 0 (0)
                              [N6:H] [undefined] 61 119 0 0 (1031208960)
2025-07-02 16:52:53:497 [OUT] 25 A5 01 06 31 06 EA 3D 00 00 00 00 65 9F (14)
                              [N6:H] POSITION '=' 0 0 0 0 (0)
2025-07-02 16:52:53:580 [IN ] C8 24 06 18 25 A5 06 01 31 03 CF 00 00 0A 9E 25 A5 06 01 31 05 E6 3D 77 00 00 D7 8A 00 (29)
                              [N6:H] MOTOR_I 0 0 (0)
                              [N6:H] [undefined] 61 119 0 0 (1031208960)
2025-07-02 16:52:53:682 [IN ] C8 24 06 18 25 A5 06 01 31 03 CF 00 00 0A 9E 25 A5 06 01 31 05 E6 3D 77 00 00 D7 8A 00 (29)
                              [N6:H] MOTOR_I 0 0 (0)
                              [N6:H] [undefined] 61 119 0 0 (1031208960)
2025-07-02 16:52:53:703 [IN ] C8 24 06 0E 25 A5 06 01 31 06 EA 3A 00 00 00 00 62 95 01 (19)
                              [N6:H] POSITION ':' 0 0 0 0 (0)
2025-07-02 16:52:53:725 [OUT] 25 A5 01 06 31 03 C9 3D 09 4A 0A (11)
                              [N6:H] LFLAG '=' 9 (9)
2025-07-02 16:52:53:786 [IN ] C8 24 06 18 25 A5 06 01 31 03 CF 00 00 0A 9E 25 A5 06 01 31 05 E6 3D 77 00 00 D7 8A 00 (29)
                              [N6:H] MOTOR_I 0 0 (0)
                              [N6:H] [undefined] 61 119 0 0 (1031208960)
2025-07-02 16:52:53:868 [IN ] C8 24 06 18 25 A5 06 01 31 03 CF (11)
2025-07-02 16:52:53:889 [IN ] 00 00 0A 9E 25 A5 06 01 31 05 E6 3D 77 00 00 D7 8A 00 (18)
                              [N6:H] MOTOR_I 0 0 (0)
                              [N6:H] [undefined] 61 119 0 0 (1031208960)
2025-07-02 16:52:53:911 [IN ] C8 24 06 0B 25 A5 06 01 31 03 C9 3A 09 47 09 25 (16)
                              [N6:H] LFLAG ':' 9 (9)
2025-07-02 16:52:53:932 [OUT] 25 A5 01 06 31 03 84 00 50 0F 08 (11)
                              [N6:H] VEL 0 80 (80)
2025-07-02 16:52:53:993 [IN ] C8 24 06 18 25 A5 06 01 31 03 CF 00 00 0A 9E 25 A5 06 01 31 05 E6 3D 77 00 00 D7 8A 00 (29)
                              [N6:H] MOTOR_I 0 0 (0)
                              [N6:H] [undefined] 61 119 0 0 (1031208960)
2025-07-02 16:52:54:075 [IN ] C8 24 06 18 25 A5 06 01 31 03 CF 00 00 0A 9E 25 A5 06 01 31 05 E6 3D 77 00 00 D7 8A 00 (29)
                              [N6:H] MOTOR_I 0 0 (0)
                              [N6:H] [undefined] 61 119 0 0 (1031208960)
2025-07-02 16:52:54:096 [IN ] C8 24 06 0C 25 A5 06 01 31 04 84 53 00 50 63 CA A5 (17)
                              [N6:H] VEL 'S' 0 80 (80)
2025-07-02 16:52:54:116 [OUT] 25 A5 01 06 31 05 81 00 19 82 3C 95 BE (13)
                              [N6:H] TPOS 0 25 130 60 (1671740)
2025-07-02 16:52:54:198 [IN ] C8 24 06 18 25 A5 06 01 31 03 CF 00 00 0A 9E 25 A5 06 01 31 05 E6 3D 77 00 00 D7 8A 00 (29)
                              [N6:H] MOTOR_I 0 0 (0)
                              [N6:H] [undefined] 61 119 0 0 (1031208960)
2025-07-02 16:52:54:300 [IN ] C8 24 06 18 25 A5 06 01 31 03 CF 00 00 0A 9E 25 A5 06 01 31 05 E6 3D 77 00 00 D7 8A 00 C8 24 06 0E 25 A5 06 01 31 06 81 53 00 00 00 00 12 9C 01 (48)
                              [N6:H] MOTOR_I 0 0 (0)
                              [N6:H] [undefined] 61 119 0 0 (1031208960)
                              [N6:H] TPOS 'S' 0 0 0 0 (0)
2025-07-02 16:52:54:502 [IN ] C8 24 06 18 25 A5 06 01 31 03 CF 00 6E 78 0C 25 A5 06 01 31 05 E6 3D 77 00 50 27 DA 00 C8 24 06 0E 25 A5 06 01 31 03 CF 00 BE C8 5C 25 A5 06 01 C8 24 06 0A 01 31 05 E6 3D 77 00 50 27 DA 5C (63)
                              [N6:H] MOTOR_I 0 110 (110)
                              [N6:H] [undefined] 61 119 0 80 (1031209040)
                              [N6:H] MOTOR_I 0 190 (190)
                              [N6:H] [undefined] 61 119 0 80 (1031209040)
2025-07-02 16:52:54:704 [IN ] C8 24 06 18 25 A5 06 01 31 03 CF 00 BE C8 5C 25 A5 06 01 31 05 E6 3D 77 00 50 27 DA 00 C8 24 06 18 25 A5 06 01 31 03 CF 00 85 8F 23 25 A5 06 01 31 05 E6 3D 77 00 50 27 DA 00 (58)
                              [N6:H] MOTOR_I 0 190 (190)
                              [N6:H] [undefined] 61 119 0 80 (1031209040)
                              [N6:H] MOTOR_I 0 133 (133)
                              [N6:H] [undefined] 61 119 0 80 (1031209040)
2025-07-02 16:52:54:905 [IN ] C8 24 06 18 25 A5 06 01 31 03 CF 00 B9 C3 57 25 A5 06 01 31 05 E6 3D 77 00 50 27 DA 00 C8 24 06 18 25 A5 06 01 31 03 CF 00 9A A4 38 25 A5 06 01 31 05 E6 3D 77 00 50 27 DA 00 (58)
                              [N6:H] MOTOR_I 0 185 (185)
                              [N6:H] [undefined] 61 119 0 80 (1031209040)
                              [N6:H] MOTOR_I 0 154 (154)
                              [N6:H] [undefined] 61 119 0 80 (1031209040)
2025-07-02 16:52:55:107 [IN ] C8 24 06 18 25 A5 06 01 31 03 CF 00 91 9B 2F 25 A5 06 01 31 05 E6 3D 77 00 50 27 DA 00 C8 24 06 18 25 A5 06 01 31 03 CF 00 B5 BF 53 25 A5 06 01 31 05 E6 3D 77 00 50 27 DA 00 (58)
                              [N6:H] MOTOR_I 0 145 (145)
                              [N6:H] [undefined] 61 119 0 80 (1031209040)
                              [N6:H] MOTOR_I 0 181 (181)
                              [N6:H] [undefined] 61 119 0 80 (1031209040)
2025-07-02 16:52:55:309 [IN ] C8 24 06 18 25 A5 06 01 31 03 CF 00 93 9D 31 25 A5 06 01 31 05 E6 3D 77 00 50 27 DA 00 C8 24 06 18 25 A5 06 01 31 03 CF 00 9E A8 3C 25 A5 06 01 31 05 E6 3D 77 00 50 27 DA 00 (58)
                              [N6:H] MOTOR_I 0 147 (147)
                              [N6:H] [undefined] 61 119 0 80 (1031209040)
                              [N6:H] MOTOR_I 0 158 (158)
                              [N6:H] [undefined] 61 119 0 80 (1031209040)
2025-07-02 16:52:55:511 [IN ] C8 24 06 18 25 A5 06 01 31 03 CF 00 8A 94 28 25 A5 06 01 31 05 E6 3D 77 00 50 27 DA 00 C8 24 06 18 25 A5 06 01 31 03 CF 00 BB C5 59 25 A5 06 01 31 05 E6 3D 77 00 50 27 DA 00 (58)
                              [N6:H] MOTOR_I 0 138 (138)
                              [N6:H] [undefined] 61 119 0 80 (1031209040)
                              [N6:H] MOTOR_I 0 187 (187)
                              [N6:H] [undefined] 61 119 0 80 (1031209040)
2025-07-02 16:52:55:713 [IN ] C8 24 06 18 25 A5 06 01 31 03 CF 00 A2 AC 40 25 A5 06 01 31 05 E6 3D 77 00 50 27 DA 00 C8 24 06 18 25 A5 06 01 31 03 CF 00 8E 98 2C 25 A5 06 01 31 05 E6 3D 77 00 50 27 DA 00 (58)
                              [N6:H] MOTOR_I 0 162 (162)
                              [N6:H] [undefined] 61 119 0 80 (1031209040)
                              [N6:H] MOTOR_I 0 142 (142)
                              [N6:H] [undefined] 61 119 0 80 (1031209040)
2025-07-02 16:52:55:914 [IN ] C8 24 06 15 25 A5 06 01 31 03 CF 00 85 8F 23 25 A5 06 01 31 05 E6 3D 77 00 50 C8 24 06 1B 50 27 DA 25 A5 06 01 31 03 CF 00 AF B9 4D 25 A5 06 01 31 05 E6 3D 77 00 50 27 DA 01 (58)
                              [N6:H] MOTOR_I 0 133 (133)
                              [N6:H] [undefined] 61 119 0 80 (1031209040)
                              [N6:H] MOTOR_I 0 175 (175)
                              [N6:H] [undefined] 61 119 0 80 (1031209040)
2025-07-02 16:52:56:116 [IN ] C8 24 06 18 25 A5 06 01 31 03 CF 00 A1 AB 3F 25 A5 06 01 31 05 E6 3D 77 00 50 27 DA 50 C8 24 06 18 25 A5 06 01 31 03 CF 00 B3 BD 51 25 A5 06 01 31 05 E6 3D 77 00 50 27 DA 50 (58)
                              [N6:H] MOTOR_I 0 161 (161)
                              [N6:H] [undefined] 61 119 0 80 (1031209040)
                              [N6:H] MOTOR_I 0 179 (179)
                              [N6:H] [undefined] 61 119 0 80 (1031209040)
2025-07-02 16:52:56:317 [IN ] C8 24 06 18 25 A5 06 01 31 03 CF 00 AA B4 48 25 A5 06 01 31 05 E6 3D 77 00 50 27 DA 50 C8 24 06 18 25 A5 06 01 31 03 CF 00 8E 98 2C 25 A5 06 01 31 05 E6 3D 77 00 50 27 DA 50 (58)
                              [N6:H] MOTOR_I 0 170 (170)
                              [N6:H] [undefined] 61 119 0 80 (1031209040)
                              [N6:H] MOTOR_I 0 142 (142)
                              [N6:H] [undefined] 61 119 0 80 (1031209040)
2025-07-02 16:52:56:519 [IN ] C8 24 06 18 25 A5 06 01 31 03 CF 00 84 8E 22 25 A5 06 01 31 05 E6 3D 77 00 50 27 DA 50 C8 24 06 18 25 A5 06 01 31 03 CF 00 C0 CA 5E 25 A5 06 01 31 05 E6 3D 77 00 50 27 DA 50 (58)
                              [N6:H] MOTOR_I 0 132 (132)
                              [N6:H] [undefined] 61 119 0 80 (1031209040)
                              [N6:H] MOTOR_I 0 192 (192)
                              [N6:H] [undefined] 61 119 0 80 (1031209040)
2025-07-02 16:52:56:721 [IN ] C8 24 06 18 25 A5 06 01 31 03 CF 00 98 A2 36 25 A5 06 01 31 05 E6 3D 77 00 50 27 DA 50 C8 24 06 18 25 A5 06 01 31 03 CF 00 BA C4 58 25 A5 06 01 31 05 E6 3D 77 00 50 27 DA 50 (58)
                              [N6:H] MOTOR_I 0 152 (152)
                              [N6:H] [undefined] 61 119 0 80 (1031209040)
                              [N6:H] MOTOR_I 0 186 (186)
                              [N6:H] [undefined] 61 119 0 80 (1031209040)
2025-07-02 16:52:56:922 [IN ] C8 24 06 18 25 A5 06 01 31 03 CF 00 96 A0 34 25 A5 06 01 31 05 E6 3D 77 00 50 27 DA 50 C8 24 06 18 25 A5 06 01 31 03 CF 00 BA C4 58 25 A5 06 01 31 05 E6 3D 77 00 50 27 DA 50 (58)
                              [N6:H] MOTOR_I 0 150 (150)
                              [N6:H] [undefined] 61 119 0 80 (1031209040)
                              [N6:H] MOTOR_I 0 186 (186)
                              [N6:H] [undefined] 61 119 0 80 (1031209040)
2025-07-02 16:52:57:124 [IN ] C8 24 06 0E 25 A5 06 01 31 03 CF 00 87 91 25 25 A5 06 01 C8 24 06 0A 01 31 05 E6 3D 77 00 50 27 DA 25 C8 24 06 15 25 A5 06 01 31 03 CF 00 9C A6 3A 25 A5 06 01 31 05 E6 3D 77 00 50 (60)
                              [N6:H] MOTOR_I 0 135 (135)
                              [N6:H] [undefined] 61 119 0 80 (1031209040)
                              [N6:H] MOTOR_I 0 156 (156)
2025-07-02 16:52:57:326 [IN ] C8 24 06 1B 50 27 DA 25 A5 06 01 31 03 CF 00 B9 C3 57 25 A5 06 01 31 05 E6 3D 77 00 50 27 DA 01 C8 24 06 18 25 A5 06 01 31 03 CF 00 85 8F 23 25 A5 06 01 31 05 E6 3D 77 00 50 27 DA 50 (61)
                              [N6:H] [undefined] 61 119 0 80 (1031209040)
                              [N6:H] MOTOR_I 0 185 (185)
                              [N6:H] [undefined] 61 119 0 80 (1031209040)
                              [N6:H] MOTOR_I 0 133 (133)
                              [N6:H] [undefined] 61 119 0 80 (1031209040)
2025-07-02 16:52:57:527 [IN ] C8 24 06 18 25 A5 06 01 31 03 CF 00 78 82 16 25 A5 06 01 31 05 E6 3D 77 00 50 27 DA 50 C8 24 06 18 25 A5 06 01 31 03 CF 00 A3 AD 41 25 A5 06 01 31 05 E6 3D 77 00 50 27 DA 50 (58)
                              [N6:H] MOTOR_I 0 120 (120)
                              [N6:H] [undefined] 61 119 0 80 (1031209040)
                              [N6:H] MOTOR_I 0 163 (163)
                              [N6:H] [undefined] 61 119 0 80 (1031209040)
2025-07-02 16:52:57:729 [IN ] C8 24 06 18 25 A5 06 01 31 03 CF 00 A6 B0 44 25 A5 06 01 31 05 E6 3D 77 00 50 27 DA 50 C8 24 06 18 25 A5 06 01 31 03 CF 00 AC B6 4A 25 A5 06 01 31 05 E6 3D 77 00 50 27 DA 50 (58)
                              [N6:H] MOTOR_I 0 166 (166)
                              [N6:H] [undefined] 61 119 0 80 (1031209040)
                              [N6:H] MOTOR_I 0 172 (172)
                              [N6:H] [undefined] 61 119 0 80 (1031209040)
2025-07-02 16:52:57:930 [IN ] C8 24 06 18 25 A5 06 01 31 03 CF 00 96 A0 34 25 A5 06 01 31 05 E6 3D 77 00 50 27 DA 50 C8 24 06 18 25 A5 06 01 31 03 CF 00 7E 88 1C 25 A5 06 01 31 05 E6 3D 77 00 50 27 DA 50 (58)
                              [N6:H] MOTOR_I 0 150 (150)
                              [N6:H] [undefined] 61 119 0 80 (1031209040)
                              [N6:H] MOTOR_I 0 126 (126)
                              [N6:H] [undefined] 61 119 0 80 (1031209040)
2025-07-02 16:52:58:132 [IN ] C8 24 06 18 25 A5 06 01 31 03 CF 00 6B 75 09 25 A5 06 01 31 05 E6 3D 77 00 50 27 DA 50 C8 24 06 18 25 A5 06 01 31 03 CF 00 78 82 16 25 A5 06 01 31 05 E6 3D 77 00 50 27 DA 50 (58)
                              [N6:H] MOTOR_I 0 107 (107)
                              [N6:H] [undefined] 61 119 0 80 (1031209040)
                              [N6:H] MOTOR_I 0 120 (120)
                              [N6:H] [undefined] 61 119 0 80 (1031209040)
2025-07-02 16:52:58:334 [IN ] C8 24 06 18 25 A5 06 01 31 03 CF 00 8E 98 2C 25 A5 06 01 31 05 E6 3D 77 00 50 27 DA 50 C8 24 06 0E 25 A5 06 01 31 03 CF 00 7B 85 19 25 A5 06 01 C8 24 06 0A 01 31 05 E6 3D 77 00 50 27 DA 19 (63)
                              [N6:H] MOTOR_I 0 142 (142)
                              [N6:H] [undefined] 61 119 0 80 (1031209040)
                              [N6:H] MOTOR_I 0 123 (123)
                              [N6:H] [undefined] 61 119 0 80 (1031209040)
2025-07-02 16:52:58:535 [IN ] C8 24 06 18 25 A5 06 01 31 03 CF 00 52 5C F0 25 A5 06 01 31 05 E6 3D 77 00 50 27 DA 50 C8 24 06 18 25 A5 06 01 31 03 CF 00 51 5B EF 25 A5 06 01 31 05 E6 3D 77 00 50 27 DA 50 (58)
                              [N6:H] MOTOR_I 0 82 (82)
                              [N6:H] [undefined] 61 119 0 80 (1031209040)
                              [N6:H] MOTOR_I 0 81 (81)
                              [N6:H] [undefined] 61 119 0 80 (1031209040)
2025-07-02 16:52:58:737 [IN ] C8 24 06 18 25 A5 06 01 31 03 CF 00 69 73 07 25 A5 06 01 31 05 E6 3D 77 00 50 27 DA 50 C8 24 06 18 25 A5 06 01 31 03 CF 00 55 5F F3 25 A5 06 01 31 05 E6 3D 77 00 50 27 DA 50 (58)
                              [N6:H] MOTOR_I 0 105 (105)
                              [N6:H] [undefined] 61 119 0 80 (1031209040)
                              [N6:H] MOTOR_I 0 85 (85)
                              [N6:H] [undefined] 61 119 0 80 (1031209040)
2025-07-02 16:52:58:938 [IN ] C8 24 06 18 25 A5 06 01 31 03 CF 00 7F 89 1D 25 A5 06 01 31 05 E6 3D 77 00 50 27 DA 50 C8 24 06 18 25 A5 06 01 31 03 CF 00 95 9F 33 25 A5 06 01 31 05 E6 3D 77 00 50 27 DA 50 (58)
                              [N6:H] MOTOR_I 0 127 (127)
                              [N6:H] [undefined] 61 119 0 80 (1031209040)
                              [N6:H] MOTOR_I 0 149 (149)
                              [N6:H] [undefined] 61 119 0 80 (1031209040)
2025-07-02 16:52:59:140 [IN ] C8 24 06 18 25 A5 06 01 31 03 CF 00 82 8C 20 25 A5 06 01 31 05 E6 3D 77 00 50 27 DA 50 C8 24 06 18 25 A5 06 01 31 03 CF 00 9E A8 3C 25 A5 06 01 31 05 E6 3D 77 00 50 27 DA 50 (58)
                              [N6:H] MOTOR_I 0 130 (130)
                              [N6:H] [undefined] 61 119 0 80 (1031209040)
                              [N6:H] MOTOR_I 0 158 (158)
                              [N6:H] [undefined] 61 119 0 80 (1031209040)
2025-07-02 16:52:59:342 [IN ] C8 24 06 18 25 A5 06 01 31 03 CF 00 75 7F 13 25 A5 06 01 31 05 E6 3D 77 00 50 27 DA 50 C8 24 06 18 25 A5 06 01 31 03 CF 00 88 92 26 25 A5 06 01 31 05 E6 3D 77 00 50 27 DA 50 (58)
                              [N6:H] MOTOR_I 0 117 (117)
                              [N6:H] [undefined] 61 119 0 80 (1031209040)
                              [N6:H] MOTOR_I 0 136 (136)
                              [N6:H] [undefined] 61 119 0 80 (1031209040)
2025-07-02 16:52:59:543 [IN ] C8 24 06 18 25 A5 06 01 31 03 CF 00 83 8D 21 25 A5 06 01 31 05 E6 3D 77 00 50 27 DA 50 C8 24 06 18 25 A5 06 01 31 03 CF 00 87 91 25 25 A5 06 01 31 05 E6 3D 77 00 50 27 DA 50 (58)
                              [N6:H] MOTOR_I 0 131 (131)
                              [N6:H] [undefined] 61 119 0 80 (1031209040)
                              [N6:H] MOTOR_I 0 135 (135)
                              [N6:H] [undefined] 61 119 0 80 (1031209040)
2025-07-02 16:52:59:745 [IN ] C8 24 06 15 25 A5 06 01 31 03 CF 00 7C 86 1A 25 A5 06 01 31 05 E6 3D 77 00 50 C8 24 06 1B 50 27 DA 25 A5 06 01 31 03 CF 00 A9 B3 47 25 A5 06 01 31 05 E6 3D 77 00 50 27 DA 01 (58)
                              [N6:H] MOTOR_I 0 124 (124)
                              [N6:H] [undefined] 61 119 0 80 (1031209040)
                              [N6:H] MOTOR_I 0 169 (169)
                              [N6:H] [undefined] 61 119 0 80 (1031209040)
2025-07-02 16:52:59:947 [IN ] C8 24 06 18 25 A5 06 01 31 03 CF 00 B3 BD 51 25 A5 06 01 31 05 E6 3D 77 00 50 27 DA 50 C8 24 06 18 25 A5 06 01 31 03 CF 00 89 93 27 25 A5 06 01 31 05 E6 3D 77 00 50 27 DA 50 (58)
                              [N6:H] MOTOR_I 0 179 (179)
                              [N6:H] [undefined] 61 119 0 80 (1031209040)
                              [N6:H] MOTOR_I 0 137 (137)
                              [N6:H] [undefined] 61 119 0 80 (1031209040)
2025-07-02 16:53:00:148 [IN ] C8 24 06 18 25 A5 06 01 31 03 CF 00 80 8A 1E 25 A5 06 01 31 05 E6 3D 77 00 50 27 DA 50 C8 24 06 18 25 A5 06 01 31 03 CF 00 B8 C2 56 25 A5 06 01 31 05 E6 3D 77 00 50 27 DA 50 (58)
                              [N6:H] MOTOR_I 0 128 (128)
                              [N6:H] [undefined] 61 119 0 80 (1031209040)
                              [N6:H] MOTOR_I 0 184 (184)
                              [N6:H] [undefined] 61 119 0 80 (1031209040)
2025-07-02 16:53:00:350 [IN ] C8 24 06 18 25 A5 06 01 31 03 CF 00 85 8F 23 25 A5 06 01 31 05 E6 3D 77 00 50 27 DA 50 C8 24 06 18 25 A5 06 01 31 03 CF 00 BE C8 5C 25 A5 06 01 31 05 E6 3D 77 00 50 27 DA 50 (58)
                              [N6:H] MOTOR_I 0 133 (133)
                              [N6:H] [undefined] 61 119 0 80 (1031209040)
                              [N6:H] MOTOR_I 0 190 (190)
                              [N6:H] [undefined] 61 119 0 80 (1031209040)
2025-07-02 16:53:00:552 [IN ] C8 24 06 18 25 A5 06 01 31 03 CF 00 99 A3 37 25 A5 06 01 31 05 E6 3D 77 00 50 27 DA 50 C8 24 06 18 25 A5 06 01 31 03 CF 00 90 9A 2E 25 A5 06 01 31 05 E6 3D 77 00 50 27 DA 50 (58)
                              [N6:H] MOTOR_I 0 153 (153)
                              [N6:H] [undefined] 61 119 0 80 (1031209040)
                              [N6:H] MOTOR_I 0 144 (144)
                              [N6:H] [undefined] 61 119 0 80 (1031209040)
2025-07-02 16:53:00:753 [IN ] C8 24 06 18 25 A5 06 01 31 03 CF 00 C6 D0 64 25 A5 06 01 31 05 E6 3D 77 00 50 27 DA 50 C8 24 06 18 25 A5 06 01 31 03 CF 00 AC B6 4A 25 A5 06 01 31 05 E6 3D 77 00 50 27 DA 50 (58)
                              [N6:H] MOTOR_I 0 198 (198)
                              [N6:H] [undefined] 61 119 0 80 (1031209040)
                              [N6:H] MOTOR_I 0 172 (172)
                              [N6:H] [undefined] 61 119 0 80 (1031209040)
2025-07-02 16:53:00:955 [IN ] C8 24 06 0E 25 A5 06 01 31 03 CF 00 BD C7 5B 25 A5 06 01 C8 24 06 0A 01 31 05 E6 3D 77 00 50 27 DA 5B C8 24 06 15 25 A5 06 01 31 03 CF 00 98 A2 36 25 A5 06 01 31 05 E6 3D 77 00 50 (60)
                              [N6:H] MOTOR_I 0 189 (189)
                              [N6:H] [undefined] 61 119 0 80 (1031209040)
                              [N6:H] MOTOR_I 0 152 (152)
2025-07-02 16:53:01:158 [IN ] C8 24 03 0E 25 A5 03 01 31 06 81 45 FF EB D6 A7 68 48 01 C8 24 06 1B 50 27 DA 25 A5 06 01 31 03 CF 00 93 9D 31 25 A5 06 01 31 05 E6 3D 77 00 50 27 DA 01 C8 24 06 18 25 A5 06 01 31 03 CF 00 A7 
B1 45 25 A5 06 01 31 05 E6 3D 77 00 50 27 DA 50 (80)
                              [N3:X] TPOS 'E' 255 235 214 167 (-1321305)
                              [N6:H] [undefined] 61 119 0 80 (1031209040)
                              [N6:H] MOTOR_I 0 147 (147)
                              [N6:H] [undefined] 61 119 0 80 (1031209040)
                              [N6:H] MOTOR_I 0 167 (167)
                              [N6:H] [undefined] 61 119 0 80 (1031209040)
2025-07-02 16:53:01:362 [IN ] C8 24 06 18 25 A5 06 01 31 03 CF 00 A6 B0 44 25 A5 06 01 31 05 E6 3D 77 00 50 27 DA 50 C8 24 06 18 25 A5 06 01 31 03 CF 00 B7 C1 55 25 A5 06 01 31 05 E6 3D 77 00 50 27 DA 50 (58)
                              [N6:H] MOTOR_I 0 166 (166)
                              [N6:H] [undefined] 61 119 0 80 (1031209040)
                              [N6:H] MOTOR_I 0 183 (183)
                              [N6:H] [undefined] 61 119 0 80 (1031209040)
2025-07-02 16:53:01:564 [IN ] C8 24 06 18 25 A5 06 01 31 03 CF 00 93 9D 31 25 A5 06 01 31 05 E6 3D 77 00 50 27 DA 50 C8 24 06 18 25 A5 06 01 31 03 CF 00 AD B7 4B 25 A5 06 01 31 05 E6 3D 77 00 50 27 DA 50 (58)
                              [N6:H] MOTOR_I 0 147 (147)
                              [N6:H] [undefined] 61 119 0 80 (1031209040)
                              [N6:H] MOTOR_I 0 173 (173)
                              [N6:H] [undefined] 61 119 0 80 (1031209040)
2025-07-02 16:53:01:586 [OUT] 25 A5 01 03 31 05 81 FF FD 50 01 08 AF (13)
                              [N3:X] TPOS 255 253 80 1 (-176127)
2025-07-02 16:53:01:647 [IN ] C8 24 06 18 25 A5 06 01 31 03 CF 00 A4 AE 42 25 A5 06 01 31 05 E6 3D 77 00 50 27 DA 50 (29)
                              [N6:H] MOTOR_I 0 164 (164)
                              [N6:H] [undefined] 61 119 0 80 (1031209040)
2025-07-02 16:53:01:749 [IN ] C8 24 06 18 25 A5 06 01 31 03 CF 00 9D A7 3B 25 A5 06 01 31 05 E6 3D 77 00 50 27 DA 50 (29)
                              [N6:H] MOTOR_I 0 157 (157)
                              [N6:H] [undefined] 61 119 0 80 (1031209040)
2025-07-02 16:53:01:791 [IN ] C8 24 03 0E 25 A5 03 01 31 06 81 53 FF EB D6 A7 76 8E 01 (19)
                              [N3:X] TPOS 'S' 255 235 214 167 (-1321305)
2025-07-02 16:53:01:991 [IN ] C8 24 06 18 25 A5 06 01 31 03 CF 00 86 90 24 25 A5 06 01 31 05 E6 3D 77 00 50 27 DA 50 C8 24 06 18 25 A5 06 01 31 03 CF 00 C0 CA 5E 25 A5 06 01 31 05 E6 3D 77 00 50 27 DA 50 (58)
                              [N6:H] MOTOR_I 0 134 (134)
                              [N6:H] [undefined] 61 119 0 80 (1031209040)
                              [N6:H] MOTOR_I 0 192 (192)
                              [N6:H] [undefined] 61 119 0 80 (1031209040)
2025-07-02 16:53:02:193 [IN ] C8 24 06 18 25 A5 06 01 31 03 CF 00 86 90 24 25 A5 06 01 31 05 E6 3D 77 00 50 27 DA 50 C8 24 04 0E 25 A5 04 01 31 06 81 45 FF FD 4F B0 FD 83 01 C8 24 06 0E 25 A5 06 01 31 03 CF 00 A8 B2 46 25 
A5 06 01 C8 24 06 0A 01 31 05 E6 3D 77 00 50 27 DA 46 (82)
                              [N6:H] MOTOR_I 0 134 (134)
                              [N6:H] [undefined] 61 119 0 80 (1031209040)
                              [N4:Y] TPOS 'E' 255 253 79 176 (-176208)
                              [N6:H] MOTOR_I 0 168 (168)
                              [N6:H] [undefined] 61 119 0 80 (1031209040)
2025-07-02 16:53:02:396 [IN ] C8 24 06 15 25 A5 06 01 31 03 CF 00 83 8D 21 25 A5 06 01 31 05 E6 3D 77 00 50 C8 24 06 1B 50 27 DA 25 A5 06 01 31 03 CF 00 A5 AF 43 25 A5 06 01 31 05 E6 3D 77 00 50 27 DA 01 (58)
                              [N6:H] MOTOR_I 0 131 (131)
                              [N6:H] [undefined] 61 119 0 80 (1031209040)
                              [N6:H] MOTOR_I 0 165 (165)
                              [N6:H] [undefined] 61 119 0 80 (1031209040)
2025-07-02 16:53:02:597 [IN ] C8 24 06 18 25 A5 06 01 31 03 CF 00 C1 CB 5F 25 A5 06 01 31 05 E6 3D 77 00 50 27 DA 50 C8 24 06 18 25 A5 06 01 31 03 CF 00 A4 AE 42 25 A5 06 01 31 05 E6 3D 77 00 50 27 DA 50 (58)
                              [N6:H] MOTOR_I 0 193 (193)
                              [N6:H] [undefined] 61 119 0 80 (1031209040)
                              [N6:H] MOTOR_I 0 164 (164)
                              [N6:H] [undefined] 61 119 0 80 (1031209040)
2025-07-02 16:53:02:799 [IN ] C8 24 06 18 25 A5 06 01 31 03 CF 00 A4 AE 42 25 A5 06 01 31 05 E6 3D 77 00 50 27 DA 50 C8 24 06 18 25 A5 06 01 31 03 CF 00 93 9D 31 25 A5 06 01 31 05 E6 3D 77 00 50 27 DA 50 (58)
                              [N6:H] MOTOR_I 0 164 (164)
                              [N6:H] [undefined] 61 119 0 80 (1031209040)
                              [N6:H] MOTOR_I 0 147 (147)
                              [N6:H] [undefined] 61 119 0 80 (1031209040)
2025-07-02 16:53:03:000 [IN ] C8 24 06 18 25 A5 06 01 31 03 CF 00 8A 94 28 25 A5 06 01 31 05 E6 3D 77 00 50 27 DA 50 C8 24 06 18 25 A5 06 01 31 03 CF 00 9A A4 38 25 A5 06 01 31 05 E6 3D 77 00 50 27 DA 50 (58)
                              [N6:H] MOTOR_I 0 138 (138)
                              [N6:H] [undefined] 61 119 0 80 (1031209040)
                              [N6:H] MOTOR_I 0 154 (154)
                              [N6:H] [undefined] 61 119 0 80 (1031209040)
2025-07-02 16:53:03:203 [IN ] C8 24 06 18 25 A5 06 01 31 03 CF 00 99 A3 37 25 A5 06 01 31 05 E6 3D 77 00 50 27 DA 50 C8 24 06 18 25 A5 06 01 31 03 CF 00 91 9B 2F 25 A5 06 01 31 05 E6 3D 77 00 50 27 DA 50 C8 24 09 0E 25 A5 
09 01 31 06 81 45 FF E7 5C 0C 55 E9 01 (77)
                              [N6:H] MOTOR_I 0 153 (153)
                              [N6:H] [undefined] 61 119 0 80 (1031209040)
                              [N6:H] MOTOR_I 0 145 (145)
                              [N6:H] [undefined] 61 119 0 80 (1031209040)
                              [N9:P] TPOS 'E' 255 231 92 12 (-1614836)
2025-07-02 16:53:03:406 [IN ] C8 24 06 18 25 A5 06 01 31 03 CF 00 89 93 27 25 A5 06 01 31 05 E6 3D 77 00 50 27 DA 50 C8 24 06 18 25 A5 06 01 31 03 CF 00 B0 BA 4E 25 A5 06 01 31 05 E6 3D 77 00 50 27 DA 50 (58)
                              [N6:H] MOTOR_I 0 137 (137)
                              [N6:H] [undefined] 61 119 0 80 (1031209040)
                              [N6:H] MOTOR_I 0 176 (176)
                              [N6:H] [undefined] 61 119 0 80 (1031209040)
2025-07-02 16:53:03:608 [IN ] C8 24 06 0E 25 A5 06 01 31 03 CF 00 8A 94 28 25 A5 06 01 C8 24 06 0A 01 31 05 E6 3D 77 00 50 27 DA 28 C8 24 06 18 25 A5 06 01 31 03 CF 00 B4 BE 52 25 A5 06 01 31 05 E6 3D 77 00 50 27 DA 50 (63)
                              [N6:H] MOTOR_I 0 138 (138)
                              [N6:H] [undefined] 61 119 0 80 (1031209040)
                              [N6:H] MOTOR_I 0 180 (180)
                              [N6:H] [undefined] 61 119 0 80 (1031209040)
2025-07-02 16:53:03:630 [OUT] 25 A5 01 09 31 05 81 FF FF D9 C8 60 BE (13)
                              [N9:P] TPOS 255 255 217 200 (-9784)
2025-07-02 16:53:03:651 [IN ] C8 24 06 18 25 A5 06 01 31 03 CF 00 C0 CA 5E 25 A5 06 01 31 05 E6 3D 77 00 50 27 DA 50 (29)
                              [N6:H] MOTOR_I 0 192 (192)
                              [N6:H] [undefined] 61 119 0 80 (1031209040)
2025-07-02 16:53:03:752 [IN ] C8 24 06 18 25 A5 06 01 31 03 CF 00 C2 CC 60 25 A5 06 01 31 05 E6 3D 77 00 50 27 DA 50 (29)
                              [N6:H] MOTOR_I 0 194 (194)
                              [N6:H] [undefined] 61 119 0 80 (1031209040)
2025-07-02 16:53:03:814 [IN ] C8 24 09 0E 25 A5 09 01 31 06 81 53 FF E7 5C 14 6B 37 01 (19)
                              [N9:P] TPOS 'S' 255 231 92 20 (-1614828)
2025-07-02 16:53:04:015 [IN ] C8 24 06 18 25 A5 06 01 31 03 CF 00 95 9F 33 25 A5 06 01 31 05 E6 3D 77 00 50 27 DA 50 C8 24 06 18 25 A5 06 01 31 03 CF 00 94 9E 32 25 A5 06 01 31 05 E6 3D 77 00 50 27 DA 50 (58)
                              [N6:H] MOTOR_I 0 149 (149)
                              [N6:H] [undefined] 61 119 0 80 (1031209040)
                              [N6:H] MOTOR_I 0 148 (148)
                              [N6:H] [undefined] 61 119 0 80 (1031209040)
2025-07-02 16:53:04:217 [IN ] C8 24 06 18 25 A5 06 01 31 03 CF 00 B6 C0 54 25 A5 06 01 31 05 E6 3D 77 00 50 27 DA 50 C8 24 06 18 25 A5 06 01 31 03 CF 00 B3 BD 51 25 A5 06 01 31 05 E6 3D 77 00 50 27 DA 50 (58)
                              [N6:H] MOTOR_I 0 182 (182)
                              [N6:H] [undefined] 61 119 0 80 (1031209040)
                              [N6:H] MOTOR_I 0 179 (179)
                              [N6:H] [undefined] 61 119 0 80 (1031209040)
2025-07-02 16:53:04:418 [IN ] C8 24 06 18 25 A5 06 01 31 03 CF 00 AD B7 4B 25 A5 06 01 31 05 E6 3D 77 00 50 27 DA 50 C8 24 06 18 25 A5 06 01 31 03 CF 00 A9 B3 47 25 A5 06 01 31 05 E6 3D 77 00 50 27 DA 50 (58)
                              [N6:H] MOTOR_I 0 173 (173)
                              [N6:H] [undefined] 61 119 0 80 (1031209040)
                              [N6:H] MOTOR_I 0 169 (169)
                              [N6:H] [undefined] 61 119 0 80 (1031209040)
2025-07-02 16:53:04:620 [IN ] C8 24 06 18 25 A5 06 01 31 03 CF 00 95 9F 33 25 A5 06 01 31 05 E6 3D 77 00 50 27 DA 50 C8 24 06 18 25 A5 06 01 31 03 CF 00 82 8C 20 25 A5 06 01 31 05 E6 3D 77 00 50 27 DA 50 (58)
                              [N6:H] MOTOR_I 0 149 (149)
                              [N6:H] [undefined] 61 119 0 80 (1031209040)
                              [N6:H] MOTOR_I 0 130 (130)
                              [N6:H] [undefined] 61 119 0 80 (1031209040)
2025-07-02 16:53:04:822 [IN ] C8 24 06 18 25 A5 06 01 31 03 CF 00 A5 AF 43 25 A5 06 01 31 05 E6 3D 77 00 50 27 DA 50 C8 24 06 15 25 A5 06 01 31 03 CF 00 8C 96 2A 25 A5 06 01 31 05 E6 3D 77 00 50 (55)
                              [N6:H] MOTOR_I 0 165 (165)
                              [N6:H] [undefined] 61 119 0 80 (1031209040)
                              [N6:H] MOTOR_I 0 140 (140)
2025-07-02 16:53:05:023 [IN ] C8 24 06 1B 50 27 DA 25 A5 06 01 31 03 CF 00 B2 BC 50 25 A5 06 01 31 05 E6 3D 77 00 50 27 DA 01 C8 24 06 18 25 A5 06 01 31 03 CF 00 BE C8 5C 25 A5 06 01 31 05 E6 3D 77 00 50 27 DA 50 (61)
                              [N6:H] [undefined] 61 119 0 80 (1031209040)
                              [N6:H] MOTOR_I 0 178 (178)
                              [N6:H] [undefined] 61 119 0 80 (1031209040)
                              [N6:H] MOTOR_I 0 190 (190)
                              [N6:H] [undefined] 61 119 0 80 (1031209040)
2025-07-02 16:53:05:225 [IN ] C8 24 06 18 25 A5 06 01 31 03 CF 00 89 93 27 25 A5 06 01 31 05 E6 3D 77 00 50 27 DA 50 C8 24 06 18 25 A5 06 01 31 03 CF 00 B9 C3 57 25 A5 06 01 31 05 E6 3D 77 00 50 27 DA 50 (58)
                              [N6:H] MOTOR_I 0 137 (137)
                              [N6:H] [undefined] 61 119 0 80 (1031209040)
                              [N6:H] MOTOR_I 0 185 (185)
                              [N6:H] [undefined] 61 119 0 80 (1031209040)
2025-07-02 16:53:05:427 [IN ] C8 24 06 18 25 A5 06 01 31 03 CF 00 AC B6 4A 25 A5 06 01 31 05 E6 3D 77 00 50 27 DA 50 C8 24 06 18 25 A5 06 01 31 03 CF 00 86 90 24 25 A5 06 01 31 05 E6 3D 77 00 50 27 DA 50 (58)
                              [N6:H] MOTOR_I 0 172 (172)
                              [N6:H] [undefined] 61 119 0 80 (1031209040)
                              [N6:H] MOTOR_I 0 134 (134)
                              [N6:H] [undefined] 61 119 0 80 (1031209040)
2025-07-02 16:53:05:628 [IN ] C8 24 06 18 25 A5 06 01 31 03 CF 00 C4 CE 62 25 A5 06 01 31 05 E6 3D 77 00 50 27 DA 50 C8 24 06 18 25 A5 06 01 31 03 CF 00 7F 89 1D 25 A5 06 01 31 05 E6 3D 77 00 50 27 DA 50 (58)
                              [N6:H] MOTOR_I 0 196 (196)
                              [N6:H] [undefined] 61 119 0 80 (1031209040)
                              [N6:H] MOTOR_I 0 127 (127)
                              [N6:H] [undefined] 61 119 0 80 (1031209040)
2025-07-02 16:53:05:830 [IN ] C8 24 06 18 25 A5 06 01 31 03 CF 00 C2 CC 60 25 A5 06 01 31 05 E6 3D 77 00 50 27 DA 50 C8 24 06 18 25 A5 06 01 31 03 CF 00 93 9D 31 25 A5 06 01 31 05 E6 3D 77 00 50 27 DA 50 (58)
                              [N6:H] MOTOR_I 0 194 (194)
                              [N6:H] [undefined] 61 119 0 80 (1031209040)
                              [N6:H] MOTOR_I 0 147 (147)
                              [N6:H] [undefined] 61 119 0 80 (1031209040)
2025-07-02 16:53:06:032 [IN ] C8 24 06 18 25 A5 06 01 31 03 CF 00 B3 BD 51 25 A5 06 01 31 05 E6 3D 77 00 50 27 DA 50 C8 24 06 0E 25 A5 06 01 31 03 CF 00 90 9A 2E 25 A5 06 01 C8 24 06 0A 01 31 05 E6 3D 77 00 50 27 DA 2E (63)
                              [N6:H] MOTOR_I 0 179 (179)
                              [N6:H] [undefined] 61 119 0 80 (1031209040)
                              [N6:H] MOTOR_I 0 144 (144)
                              [N6:H] [undefined] 61 119 0 80 (1031209040)
2025-07-02 16:53:06:233 [IN ] C8 24 06 15 25 A5 06 01 31 03 CF 00 B9 C3 57 25 A5 06 01 31 05 E6 3D 77 00 50 C8 24 06 1B 50 27 DA 25 A5 06 01 31 03 CF 00 8E 98 2C 25 A5 06 01 31 05 E6 3D 77 00 50 27 DA 01 (58)
                              [N6:H] MOTOR_I 0 185 (185)
                              [N6:H] [undefined] 61 119 0 80 (1031209040)
                              [N6:H] MOTOR_I 0 142 (142)
                              [N6:H] [undefined] 61 119 0 80 (1031209040)
2025-07-02 16:53:06:435 [IN ] C8 24 06 18 25 A5 06 01 31 03 CF 00 B6 C0 54 25 A5 06 01 31 05 E6 3D 77 00 50 27 DA 50 C8 24 06 18 25 A5 06 01 31 03 CF 00 9B A5 39 25 A5 06 01 31 05 E6 3D 77 00 50 27 DA 50 (58)
                              [N6:H] MOTOR_I 0 182 (182)
                              [N6:H] [undefined] 61 119 0 80 (1031209040)
                              [N6:H] MOTOR_I 0 155 (155)
                              [N6:H] [undefined] 61 119 0 80 (1031209040)
2025-07-02 16:53:06:636 [IN ] C8 24 06 18 25 A5 06 01 31 03 CF 00 9E A8 3C 25 A5 06 01 31 05 E6 3D 77 00 50 27 DA 50 C8 24 06 18 25 A5 06 01 31 03 CF 00 A2 AC 40 25 A5 06 01 31 05 E6 3D 77 00 50 27 DA 50 (58)
                              [N6:H] MOTOR_I 0 158 (158)
                              [N6:H] [undefined] 61 119 0 80 (1031209040)
                              [N6:H] MOTOR_I 0 162 (162)
                              [N6:H] [undefined] 61 119 0 80 (1031209040)
2025-07-02 16:53:06:838 [IN ] C8 24 06 18 25 A5 06 01 31 03 CF 00 8A 94 28 25 A5 06 01 31 05 E6 3D 77 00 50 27 DA 50 C8 24 06 18 25 A5 06 01 31 03 CF 00 88 92 26 25 A5 06 01 31 05 E6 3D 77 00 50 27 DA 50 (58)
                              [N6:H] MOTOR_I 0 138 (138)
                              [N6:H] [undefined] 61 119 0 80 (1031209040)
                              [N6:H] MOTOR_I 0 136 (136)
                              [N6:H] [undefined] 61 119 0 80 (1031209040)
2025-07-02 16:53:07:040 [IN ] C8 24 06 18 25 A5 06 01 31 03 CF 00 C3 CD 61 25 A5 06 01 31 05 E6 3D 77 00 50 27 DA 50 C8 24 06 18 25 A5 06 01 31 03 CF 00 AF B9 4D 25 A5 06 01 31 05 E6 3D 77 00 50 27 DA 50 (58)
                              [N6:H] MOTOR_I 0 195 (195)
                              [N6:H] [undefined] 61 119 0 80 (1031209040)
                              [N6:H] MOTOR_I 0 175 (175)
                              [N6:H] [undefined] 61 119 0 80 (1031209040)
2025-07-02 16:53:07:241 [IN ] C8 24 06 18 25 A5 06 01 31 03 CF 00 AE B8 4C 25 A5 06 01 31 05 E6 3D 77 00 50 27 DA 50 C8 24 06 18 25 A5 06 01 31 03 CF 00 9E A8 3C 25 A5 06 01 31 05 E6 3D 77 00 50 27 DA 50 (58)
                              [N6:H] MOTOR_I 0 174 (174)
                              [N6:H] [undefined] 61 119 0 80 (1031209040)
                              [N6:H] MOTOR_I 0 158 (158)
                              [N6:H] [undefined] 61 119 0 80 (1031209040)
2025-07-02 16:53:07:443 [IN ] C8 24 06 0E 25 A5 06 01 31 03 CF 00 89 93 27 25 A5 06 01 C8 24 06 0A 01 31 05 E6 3D 77 00 50 27 DA 27 C8 24 06 15 25 A5 06 01 31 03 CF 00 95 9F 33 25 A5 06 01 31 05 E6 3D 77 00 50 (60)
                              [N6:H] MOTOR_I 0 137 (137)
                              [N6:H] [undefined] 61 119 0 80 (1031209040)
                              [N6:H] MOTOR_I 0 149 (149)
2025-07-02 16:53:07:645 [IN ] C8 24 06 1B 50 27 DA 25 A5 06 01 31 03 CF 00 BB C5 59 25 A5 06 01 31 05 E6 3D 77 00 50 27 DA 01 C8 24 06 18 25 A5 06 01 31 03 CF 00 B0 BA 4E 25 A5 06 01 31 05 E6 3D 77 00 50 27 DA 50 (61)
                              [N6:H] [undefined] 61 119 0 80 (1031209040)
                              [N6:H] MOTOR_I 0 187 (187)
                              [N6:H] [undefined] 61 119 0 80 (1031209040)
                              [N6:H] MOTOR_I 0 176 (176)
                              [N6:H] [undefined] 61 119 0 80 (1031209040)
2025-07-02 16:53:07:846 [IN ] C8 24 06 18 25 A5 06 01 31 03 CF 00 9A A4 38 25 A5 06 01 31 05 E6 3D 77 00 50 27 DA 50 C8 24 06 18 25 A5 06 01 31 03 CF 00 AE B8 4C 25 A5 06 01 31 05 E6 3D 77 00 50 27 DA 50 (58)
                              [N6:H] MOTOR_I 0 154 (154)
                              [N6:H] [undefined] 61 119 0 80 (1031209040)
                              [N6:H] MOTOR_I 0 174 (174)
                              [N6:H] [undefined] 61 119 0 80 (1031209040)
2025-07-02 16:53:08:048 [IN ] C8 24 06 18 25 A5 06 01 31 03 CF 00 BC C6 5A 25 A5 06 01 31 05 E6 3D 77 00 50 27 DA 50 C8 24 06 18 25 A5 06 01 31 03 CF 00 A1 AB 3F 25 A5 06 01 31 05 E6 3D 77 00 50 27 DA 50 (58)
                              [N6:H] MOTOR_I 0 188 (188)
                              [N6:H] [undefined] 61 119 0 80 (1031209040)
                              [N6:H] MOTOR_I 0 161 (161)
                              [N6:H] [undefined] 61 119 0 80 (1031209040)
2025-07-02 16:53:08:250 [IN ] C8 24 06 18 25 A5 06 01 31 03 CF 00 9F A9 3D 25 A5 06 01 31 05 E6 3D 77 00 50 27 DA 50 C8 24 06 18 25 A5 06 01 31 03 CF 00 B8 C2 56 25 A5 06 01 31 05 E6 3D 77 00 50 27 DA 50 (58)
                              [N6:H] MOTOR_I 0 159 (159)
                              [N6:H] [undefined] 61 119 0 80 (1031209040)
                              [N6:H] MOTOR_I 0 184 (184)
                              [N6:H] [undefined] 61 119 0 80 (1031209040)
2025-07-02 16:53:08:451 [IN ] C8 24 06 18 25 A5 06 01 31 03 CF 00 87 91 25 25 A5 06 01 31 05 E6 3D 77 00 50 27 DA 50 C8 24 06 18 25 A5 06 01 31 03 CF 00 8D 97 2B 25 A5 06 01 31 05 E6 3D 77 00 50 27 DA 50 (58)
                              [N6:H] MOTOR_I 0 135 (135)
                              [N6:H] [undefined] 61 119 0 80 (1031209040)
                              [N6:H] MOTOR_I 0 141 (141)
                              [N6:H] [undefined] 61 119 0 80 (1031209040)
2025-07-02 16:53:08:653 [IN ] C8 24 06 18 25 A5 06 01 31 03 CF 00 96 A0 34 25 A5 06 01 31 05 E6 3D 77 00 50 27 DA 50 C8 24 06 0E 25 A5 06 01 31 03 CF 00 B3 BD 51 25 A5 06 01 C8 24 06 0A 01 31 05 E6 3D 77 00 50 27 DA 51 (63)
                              [N6:H] MOTOR_I 0 150 (150)
                              [N6:H] [undefined] 61 119 0 80 (1031209040)
                              [N6:H] MOTOR_I 0 179 (179)
                              [N6:H] [undefined] 61 119 0 80 (1031209040)
2025-07-02 16:53:08:856 [IN ] C8 24 06 18 25 A5 06 01 31 03 CF 00 C0 CA 5E 25 A5 06 01 31 05 E6 3D 77 00 50 27 DA 50 C8 24 06 18 25 A5 06 01 31 03 CF 00 89 93 27 25 A5 06 01 31 05 E6 3D 77 00 50 27 DA 50 C8 24 0C 0B 25 A5 
0C 01 31 03 81 5A 4C 68 DE 25 C8 24 0C 0A 25 A5 0C 01 31 02 81 49 0A 62 DE (89)
                              [N6:H] MOTOR_I 0 192 (192)
                              [N6:H] [undefined] 61 119 0 80 (1031209040)
                              [N6:H] MOTOR_I 0 137 (137)
                              [N6:H] [undefined] 61 119 0 80 (1031209040)
                              [N12:Z] TPOS 'Z' 76 (76)
                              [N12:Z] TPOS 'I'
2025-07-02 16:53:09:060 [IN ] C8 24 06 18 25 A5 06 01 31 03 CF 00 A1 AB 3F 25 A5 06 01 31 05 E6 3D 77 00 50 27 DA 50 C8 24 06 18 25 A5 06 01 31 03 CF 00 BA C4 58 25 A5 06 01 31 05 E6 3D 77 00 50 27 DA 50 (58)
                              [N6:H] MOTOR_I 0 161 (161)
                              [N6:H] [undefined] 61 119 0 80 (1031209040)
                              [N6:H] MOTOR_I 0 186 (186)
                              [N6:H] [undefined] 61 119 0 80 (1031209040)
2025-07-02 16:53:09:081 [OUT] 25 A5 01 0C 31 03 C9 3D 09 50 2E (11)
                              [N12:Z] LFLAG '=' 9 (9)
2025-07-02 16:53:09:103 [IN ] C8 24 06 18 25 A5 06 01 31 03 CF 00 BE C8 5C 25 A5 06 01 31 05 E6 3D 77 00 50 27 DA 50 (29)
                              [N6:H] MOTOR_I 0 190 (190)
                              [N6:H] [undefined] 61 119 0 80 (1031209040)
2025-07-02 16:53:09:204 [IN ] C8 24 06 18 25 A5 06 01 31 03 CF 00 A2 AC 40 25 A5 06 01 31 05 E6 3D 77 00 50 27 DA 50 (29)
                              [N6:H] MOTOR_I 0 162 (162)
                              [N6:H] [undefined] 61 119 0 80 (1031209040)
2025-07-02 16:53:09:267 [IN ] C8 24 0C 0B 25 A5 0C 01 31 03 C9 3A 09 4D 33 25 (16)
                              [N12:Z] LFLAG ':' 9 (9)
2025-07-02 16:53:09:288 [OUT] 25 A5 01 0C 31 05 81 FF BC D0 00 4F 33 (13)
                              [N12:Z] TPOS 255 188 208 0 (-4403200)
2025-07-02 16:53:09:309 [IN ] C8 24 06 18 25 A5 06 01 31 03 CF 00 87 91 25 25 A5 06 01 31 05 E6 3D 77 00 50 27 DA 50 (29)
                              [N6:H] MOTOR_I 0 135 (135)
                              [N6:H] [undefined] 61 119 0 80 (1031209040)
2025-07-02 16:53:09:411 [IN ] C8 24 06 18 25 A5 06 01 31 03 CF 00 BB C5 59 25 A5 06 01 31 05 E6 3D 77 00 50 27 DA 50 (29)
                              [N6:H] MOTOR_I 0 187 (187)
                              [N6:H] [undefined] 61 119 0 80 (1031209040)
2025-07-02 16:53:09:472 [IN ] C8 24 0C 0E 25 A5 0C 01 31 06 81 53 FF FF FF 92 A7 61 01 (19)
                              [N12:Z] TPOS 'S' 255 255 255 146 (-110)
2025-07-02 16:53:09:673 [IN ] C8 24 06 18 25 A5 06 01 31 03 CF 00 92 9C 30 25 A5 06 01 31 05 E6 3D 77 00 50 27 DA 50 C8 24 06 18 25 A5 06 01 31 03 CF 00 C0 CA 5E 25 A5 06 01 31 05 E6 3D 77 00 50 27 DA 50 (58)
                              [N6:H] MOTOR_I 0 146 (146)
                              [N6:H] [undefined] 61 119 0 80 (1031209040)
                              [N6:H] MOTOR_I 0 192 (192)
                              [N6:H] [undefined] 61 119 0 80 (1031209040)
2025-07-02 16:53:09:875 [IN ] C8 24 06 18 25 A5 06 01 31 03 CF 00 AF B9 4D 25 A5 06 01 31 05 E6 3D 77 00 50 27 DA 50 C8 24 06 18 25 A5 06 01 31 03 CF 00 9B A5 39 25 A5 06 01 31 05 E6 3D 77 00 50 27 DA 50 (58)
                              [N6:H] MOTOR_I 0 175 (175)
                              [N6:H] [undefined] 61 119 0 80 (1031209040)
                              [N6:H] MOTOR_I 0 155 (155)
                              [N6:H] [undefined] 61 119 0 80 (1031209040)
2025-07-02 16:53:10:076 [IN ] C8 24 06 15 25 A5 06 01 31 03 CF 00 87 91 25 25 A5 06 01 31 05 E6 3D 77 00 50 C8 24 06 1B 50 27 DA 25 A5 06 01 31 03 CF 00 8F 99 2D 25 A5 06 01 31 05 E6 3D 77 00 50 27 DA 01 (58)
                              [N6:H] MOTOR_I 0 135 (135)
                              [N6:H] [undefined] 61 119 0 80 (1031209040)
                              [N6:H] MOTOR_I 0 143 (143)
                              [N6:H] [undefined] 61 119 0 80 (1031209040)
2025-07-02 16:53:10:278 [IN ] C8 24 06 18 25 A5 06 01 31 03 CF 00 A6 B0 44 25 A5 06 01 31 05 E6 3D 77 00 50 27 DA 50 C8 24 06 18 25 A5 06 01 31 03 CF 00 89 93 27 25 A5 06 01 31 05 E6 3D 77 00 50 27 DA 50 (58)
                              [N6:H] MOTOR_I 0 166 (166)
                              [N6:H] [undefined] 61 119 0 80 (1031209040)
                              [N6:H] MOTOR_I 0 137 (137)
                              [N6:H] [undefined] 61 119 0 80 (1031209040)
2025-07-02 16:53:10:480 [IN ] C8 24 06 18 25 A5 06 01 31 03 CF 00 A3 AD 41 25 A5 06 01 31 05 E6 3D 77 00 50 27 DA 50 C8 24 06 18 25 A5 06 01 31 03 CF 00 8E 98 2C 25 A5 06 01 31 05 E6 3D 77 00 50 27 DA 50 (58)
                              [N6:H] MOTOR_I 0 163 (163)
                              [N6:H] [undefined] 61 119 0 80 (1031209040)
                              [N6:H] MOTOR_I 0 142 (142)
                              [N6:H] [undefined] 61 119 0 80 (1031209040)
2025-07-02 16:53:10:681 [IN ] C8 24 06 18 25 A5 06 01 31 03 CF 00 80 8A 1E 25 A5 06 01 31 05 E6 3D 77 00 50 27 DA 50 C8 24 06 18 25 A5 06 01 31 03 CF 00 C3 CD 61 25 A5 06 01 31 05 E6 3D 77 00 50 27 DA 50 (58)
                              [N6:H] MOTOR_I 0 128 (128)
                              [N6:H] [undefined] 61 119 0 80 (1031209040)
                              [N6:H] MOTOR_I 0 195 (195)
                              [N6:H] [undefined] 61 119 0 80 (1031209040)
2025-07-02 16:53:10:883 [IN ] C8 24 06 18 25 A5 06 01 31 03 CF 00 B8 C2 56 25 A5 06 01 31 05 E6 3D 77 00 50 27 DA 50 C8 24 06 18 25 A5 06 01 31 03 CF 00 BB C5 59 25 A5 06 01 31 05 E6 3D 77 00 50 27 DA 50 (58)
                              [N6:H] MOTOR_I 0 184 (184)
                              [N6:H] [undefined] 61 119 0 80 (1031209040)
                              [N6:H] MOTOR_I 0 187 (187)
                              [N6:H] [undefined] 61 119 0 80 (1031209040)
2025-07-02 16:53:11:085 [IN ] C8 24 06 18 25 A5 06 01 31 03 CF 00 82 8C 20 25 A5 06 01 31 05 E6 3D 77 00 50 27 DA 50 C8 24 06 18 25 A5 06 01 31 03 CF 00 B3 BD 51 25 A5 06 01 31 05 E6 3D 77 00 50 27 DA 50 (58)
                              [N6:H] MOTOR_I 0 130 (130)
                              [N6:H] [undefined] 61 119 0 80 (1031209040)
                              [N6:H] MOTOR_I 0 179 (179)
                              [N6:H] [undefined] 61 119 0 80 (1031209040)
2025-07-02 16:53:11:287 [IN ] C8 24 06 0E 25 A5 06 01 31 03 CF 00 87 91 25 25 A5 06 01 C8 24 06 0A 01 31 05 E6 3D 77 00 50 27 DA 25 C8 24 06 15 25 A5 06 01 31 03 CF 00 95 9F 33 25 A5 06 01 31 05 E6 3D 77 00 50 (60)
                              [N6:H] MOTOR_I 0 135 (135)
                              [N6:H] [undefined] 61 119 0 80 (1031209040)
                              [N6:H] MOTOR_I 0 149 (149)
2025-07-02 16:53:11:488 [IN ] C8 24 06 1B 50 27 DA 25 A5 06 01 31 03 CF 00 C4 CE 62 25 A5 06 01 31 05 E6 3D 77 00 50 27 DA 01 C8 24 06 18 25 A5 06 01 31 03 CF 00 92 9C 30 25 A5 06 01 31 05 E6 3D 77 00 50 27 DA 50 (61)
                              [N6:H] [undefined] 61 119 0 80 (1031209040)
                              [N6:H] MOTOR_I 0 196 (196)
                              [N6:H] [undefined] 61 119 0 80 (1031209040)
                              [N6:H] MOTOR_I 0 146 (146)
                              [N6:H] [undefined] 61 119 0 80 (1031209040)
2025-07-02 16:53:11:690 [IN ] C8 24 06 18 25 A5 06 01 31 03 CF 00 B5 BF 53 25 A5 06 01 31 05 E6 3D 77 00 50 27 DA 50 C8 24 06 18 25 A5 06 01 31 03 CF 00 BD C7 5B 25 A5 06 01 31 05 E6 3D 77 00 50 27 DA 50 (58)
                              [N6:H] MOTOR_I 0 181 (181)
                              [N6:H] [undefined] 61 119 0 80 (1031209040)
                              [N6:H] MOTOR_I 0 189 (189)
                              [N6:H] [undefined] 61 119 0 80 (1031209040)
2025-07-02 16:53:11:893 [IN ] C8 24 06 18 25 A5 06 01 31 03 CF 00 B9 C3 57 25 A5 06 01 31 05 E6 3D 77 00 50 27 DA 50 C8 24 06 18 25 A5 06 01 31 03 CF 00 B8 C2 56 25 A5 06 01 31 05 E6 3D 77 00 50 27 DA 50 C8 24 07 0B 25 A5 
07 01 31 03 81 5A 4C 63 BB 25 (74)
                              [N6:H] MOTOR_I 0 185 (185)
                              [N6:H] [undefined] 61 119 0 80 (1031209040)
                              [N6:H] MOTOR_I 0 184 (184)
                              [N6:H] [undefined] 61 119 0 80 (1031209040)
                              [N7:N] TPOS 'Z' 76 (76)
2025-07-02 16:53:12:095 [IN ] C8 24 07 0A 25 A5 07 01 31 02 81 49 05 44 BB C8 24 06 18 25 A5 06 01 31 03 CF 00 A6 B0 44 25 A5 06 01 31 05 E6 3D 77 00 50 27 DA 50 C8 24 06 18 25 A5 06 01 31 03 CF 00 BC C6 5A 25 A5 06 01 31 
05 E6 3D 77 00 50 27 DA 50 (73)
                              [N7:N] TPOS 'I'
                              [N6:H] MOTOR_I 0 166 (166)
                              [N6:H] [undefined] 61 119 0 80 (1031209040)
                              [N6:H] MOTOR_I 0 188 (188)
                              [N6:H] [undefined] 61 119 0 80 (1031209040)
2025-07-02 16:53:12:299 [IN ] C8 24 06 18 25 A5 06 01 31 03 CF 00 8F 99 2D 25 A5 06 01 31 05 E6 3D 77 00 50 27 DA 50 C8 24 06 18 25 A5 06 01 31 03 CF 00 BD C7 5B 25 A5 06 01 31 05 E6 3D 77 00 50 27 DA 50 (58)
                              [N6:H] MOTOR_I 0 143 (143)
                              [N6:H] [undefined] 61 119 0 80 (1031209040)
                              [N6:H] MOTOR_I 0 189 (189)
                              [N6:H] [undefined] 61 119 0 80 (1031209040)
2025-07-02 16:53:12:321 [OUT] 25 A5 01 07 31 03 C9 3D 09 4B 10 (11)
                              [N7:N] LFLAG '=' 9 (9)
2025-07-02 16:53:12:342 [IN ] C8 24 06 18 25 A5 06 01 31 03 CF 00 95 9F 33 25 A5 06 01 31 05 E6 3D 77 00 50 27 DA 50 (29)
                              [N6:H] MOTOR_I 0 149 (149)
                              [N6:H] [undefined] 61 119 0 80 (1031209040)
2025-07-02 16:53:12:423 [IN ] C8 24 06 0E 25 A5 06 01 31 03 CF 00 AD B7 4B 25 A5 06 01 (19)
                              [N6:H] MOTOR_I 0 173 (173)
2025-07-02 16:53:12:445 [IN ] C8 24 06 0A 01 31 05 E6 3D 77 00 50 27 DA 4B (15)
                              [N6:H] [undefined] 61 119 0 80 (1031209040)
2025-07-02 16:53:12:486 [IN ] C8 24 07 0B 25 A5 07 01 31 03 C9 3A 09 48 10 25 (16)
                              [N7:N] LFLAG ':' 9 (9)
2025-07-02 16:53:12:507 [OUT] 25 A5 01 07 31 05 81 FF AB 19 75 F7 DF (13)
                              [N7:N] TPOS 255 171 25 117 (-5564043)
2025-07-02 16:53:12:528 [IN ] C8 24 06 15 25 A5 06 01 31 03 CF 00 95 9F 33 25 A5 06 01 31 05 E6 3D 77 00 50 (26)
                              [N6:H] MOTOR_I 0 149 (149)
2025-07-02 16:53:12:630 [IN ] C8 24 06 1B 50 27 DA 25 A5 06 01 31 03 CF 00 B8 C2 56 25 A5 06 01 31 05 E6 3D 77 00 50 27 DA 01 (32)
                              [N6:H] [undefined] 61 119 0 80 (1031209040)
                              [N6:H] MOTOR_I 0 184 (184)
                              [N6:H] [undefined] 61 119 0 80 (1031209040)
2025-07-02 16:53:12:692 [IN ] C8 24 07 0E 25 A5 07 01 31 06 81 53 FF FF FF FA 0A 97 25 (19)
                              [N7:N] TPOS 'S' 255 255 255 250 (-6)
2025-07-02 16:53:12:893 [IN ] C8 24 06 18 25 A5 06 01 31 03 CF 00 96 A0 34 25 A5 06 01 31 05 E6 3D 77 00 50 27 DA 50 C8 24 06 18 25 A5 06 01 31 03 CF 00 A1 AB 3F 25 A5 06 01 31 05 E6 3D 77 00 50 27 DA 50 (58)
                              [N6:H] MOTOR_I 0 150 (150)
                              [N6:H] [undefined] 61 119 0 80 (1031209040)
                              [N6:H] MOTOR_I 0 161 (161)
                              [N6:H] [undefined] 61 119 0 80 (1031209040)
2025-07-02 16:53:13:094 [IN ] C8 24 06 18 25 A5 06 01 31 03 CF 00 B2 BC 50 25 A5 06 01 31 05 E6 3D 77 00 50 27 DA 50 C8 24 06 18 25 A5 06 01 31 03 CF 00 AA B4 48 25 A5 06 01 31 05 E6 3D 77 00 50 27 DA 50 (58)
                              [N6:H] MOTOR_I 0 178 (178)
                              [N6:H] [undefined] 61 119 0 80 (1031209040)
                              [N6:H] MOTOR_I 0 170 (170)
                              [N6:H] [undefined] 61 119 0 80 (1031209040)
2025-07-02 16:53:13:296 [IN ] C8 24 06 18 25 A5 06 01 31 03 CF 00 B6 C0 54 25 A5 06 01 31 05 E6 3D 77 00 50 27 DA 50 C8 24 03 0E 25 A5 03 01 31 06 81 45 FF FD 50 19 66 E4 01 C8 24 06 18 25 A5 06 01 31 03 CF 00 9D A7 3B 25 
A5 06 01 31 05 E6 3D 77 00 50 27 DA 50 (77)
                              [N6:H] MOTOR_I 0 182 (182)
                              [N6:H] [undefined] 61 119 0 80 (1031209040)
                              [N3:X] TPOS 'E' 255 253 80 25 (-176103)
                              [N6:H] MOTOR_I 0 157 (157)
                              [N6:H] [undefined] 61 119 0 80 (1031209040)
2025-07-02 16:53:13:499 [IN ] C8 24 06 18 25 A5 06 01 31 03 CF 00 8E 98 2C 25 A5 06 01 31 05 E6 3D 77 00 50 27 DA 50 C8 24 06 18 25 A5 06 01 31 03 CF 00 86 90 24 25 A5 06 01 31 05 E6 3D 77 00 50 27 DA 50 (58)
                              [N6:H] MOTOR_I 0 142 (142)
                              [N6:H] [undefined] 61 119 0 80 (1031209040)
                              [N6:H] MOTOR_I 0 134 (134)
                              [N6:H] [undefined] 61 119 0 80 (1031209040)
2025-07-02 16:53:13:700 [IN ] C8 24 06 18 25 A5 06 01 31 03 CF 00 A7 B1 45 25 A5 06 01 31 05 E6 3D 77 00 50 27 DA 50 C8 24 06 18 25 A5 06 01 31 03 CF 00 A2 AC 40 25 A5 06 01 31 05 E6 3D 77 00 50 27 DA 50 (58)
                              [N6:H] MOTOR_I 0 167 (167)
                              [N6:H] [undefined] 61 119 0 80 (1031209040)
                              [N6:H] MOTOR_I 0 162 (162)
                              [N6:H] [undefined] 61 119 0 80 (1031209040)
2025-07-02 16:53:13:902 [IN ] C8 24 06 0E 25 A5 06 01 31 03 CF 00 98 A2 36 25 A5 06 01 C8 24 06 0A 01 31 05 E6 3D 77 00 50 27 DA 36 C8 24 06 18 25 A5 06 01 31 03 CF 00 97 A1 35 25 A5 06 01 31 05 E6 3D 77 00 50 27 DA 50 (63)
                              [N6:H] MOTOR_I 0 152 (152)
                              [N6:H] [undefined] 61 119 0 80 (1031209040)
                              [N6:H] MOTOR_I 0 151 (151)
                              [N6:H] [undefined] 61 119 0 80 (1031209040)
2025-07-02 16:53:14:104 [IN ] C8 24 06 18 25 A5 06 01 31 03 CF 00 B8 C2 56 25 A5 06 01 31 05 E6 3D 77 00 50 27 DA 50 C8 24 06 18 25 A5 06 01 31 03 CF 00 A0 AA 3E 25 A5 06 01 31 05 E6 3D 77 00 50 27 DA 50 (58)
                              [N6:H] MOTOR_I 0 184 (184)
                              [N6:H] [undefined] 61 119 0 80 (1031209040)
                              [N6:H] MOTOR_I 0 160 (160)
                              [N6:H] [undefined] 61 119 0 80 (1031209040)
2025-07-02 16:53:14:305 [IN ] C8 24 06 18 25 A5 06 01 31 03 CF 00 97 A1 35 25 A5 06 01 31 05 E6 3D 77 00 50 27 DA 50 C8 24 09 0E 25 A5 09 01 31 06 81 45 FF FF DA 09 E8 2A 01 C8 24 06 18 25 A5 06 01 31 03 CF 00 BE C8 5C 25 
A5 06 01 31 05 E6 3D 77 00 50 27 DA 50 (77)
                              [N6:H] MOTOR_I 0 151 (151)
                              [N6:H] [undefined] 61 119 0 80 (1031209040)
                              [N9:P] TPOS 'E' 255 255 218 9 (-9719)
                              [N6:H] MOTOR_I 0 190 (190)
                              [N6:H] [undefined] 61 119 0 80 (1031209040)
2025-07-02 16:53:14:530 [OUT] 25 A5 01 08 31 02 D8 3F 53 E7 (10)
                              [N8:R] INTERRUPT '?'
2025-07-02 16:53:14:530 [IN ] C8 24 06 18 25 A5 06 01 31 03 CF 00 9E A8 3C 25 A5 06 01 31 05 E6 3D 77 00 50 27 DA 50 C8 24 06 18 25 A5 06 01 31 03 CF 00 B9 C3 57 25 A5 06 01 31 05 E6 3D 77 00 50 27 DA 50 (58)
                              [N6:H] MOTOR_I 0 158 (158)
                              [N6:H] [undefined] 61 119 0 80 (1031209040)
                              [N6:H] MOTOR_I 0 185 (185)
                              [N6:H] [undefined] 61 119 0 80 (1031209040)
2025-07-02 16:53:14:831 [IN ] C8 24 06 18 25 A5 06 01 31 03 CF 00 B0 BA 4E 25 A5 06 01 31 05 E6 3D 77 00 50 27 DA 50 C8 24 06 18 25 A5 06 01 31 03 CF 00 93 9D 31 25 A5 06 01 31 05 E6 3D 77 00 50 27 DA 50 C8 24 08 0C 25 A5 
08 01 31 04 D8 3A 01 01 52 92 A5 C8 24 06 18 25 A5 06 01 31 03 CF 00 A8 B2 46 25 A5 06 01 31 05 E6 3D 77 00 50 27 DA 50 (104)
                              [N6:H] MOTOR_I 0 176 (176)
                              [N6:H] [undefined] 61 119 0 80 (1031209040)
                              [N6:H] MOTOR_I 0 147 (147)
                              [N6:H] [undefined] 61 119 0 80 (1031209040)
                              [N8:R] INTERRUPT ':' 1 1 (257)
                              [N6:H] MOTOR_I 0 168 (168)
                              [N6:H] [undefined] 61 119 0 80 (1031209040)
2025-07-02 16:53:14:853 [OUT] 25 A5 01 08 31 03 CA 3D 0B 4F 1B (11)
                              [N8:R] RFLAG '=' 11 (11)
2025-07-02 16:53:14:854 [IN ] C8 24 06 18 25 A5 06 01 31 03 CF 00 B0 BA 4E 25 A5 06 01 31 05 E6 3D 77 00 50 27 DA 50 (29)
                              [N6:H] MOTOR_I 0 176 (176)
                              [N6:H] [undefined] 61 119 0 80 (1031209040)
2025-07-02 16:53:14:956 [IN ] C8 24 06 18 25 A5 06 01 31 03 CF 00 B4 BE 52 25 A5 06 01 31 05 E6 3D 77 00 50 27 DA 50 (29)
                              [N6:H] MOTOR_I 0 180 (180)
                              [N6:H] [undefined] 61 119 0 80 (1031209040)
2025-07-02 16:53:15:038 [IN ] C8 24 08 0B 25 A5 08 01 31 03 CA 3A 0B 4C 1C 25 (16)
                              [N8:R] RFLAG ':' 11 (11)
2025-07-02 16:53:15:059 [OUT] 25 A5 01 08 31 03 88 00 50 15 20 (11)
                              [N8:R] RUN 0 80 (80)
2025-07-02 16:53:15:060 [IN ] C8 24 06 0E 25 A5 06 01 31 03 CF 00 9C A6 3A 25 A5 06 01 C8 24 06 0A 01 31 05 E6 3D 77 00 50 27 DA 3A (34)
                              [N6:H] MOTOR_I 0 156 (156)
                              [N6:H] [undefined] 61 119 0 80 (1031209040)
2025-07-02 16:53:15:141 [IN ] C8 24 06 18 25 A5 06 01 31 03 CF 00 95 9F 33 25 A5 06 01 31 05 E6 3D 77 00 50 27 DA 50 (29)
                              [N6:H] MOTOR_I 0 149 (149)
                              [N6:H] [undefined] 61 119 0 80 (1031209040)
2025-07-02 16:53:15:223 [IN ] C8 24 08 0C 25 A5 08 01 31 04 88 53 00 50 (14)
2025-07-02 16:53:15:244 [IN ] 69 EA A5 C8 24 06 18 25 A5 06 01 31 03 CF 00 C3 CD 61 25 A5 06 01 31 05 E6 3D 77 (27)
                              [N8:R] RUN 'S' 0 80 (80)
2025-07-02 16:53:15:445 [IN ] 00 50 27 DA 50 C8 24 06 18 25 A5 06 01 31 03 CF 00 B2 BC 50 25 A5 06 01 31 05 E6 3D 77 00 50 27 DA 50 C8 24 06 18 25 A5 06 01 31 03 CF 00 91 9B 2F 25 A5 06 01 31 05 E6 3D 77 00 50 27 DA 50 (63)
                              [N6:H] MOTOR_I 0 195 (195)
                              [N6:H] [undefined] 61 119 0 80 (1031209040)
                              [N6:H] MOTOR_I 0 178 (178)
                              [N6:H] [undefined] 61 119 0 80 (1031209040)
                              [N6:H] MOTOR_I 0 145 (145)
                              [N6:H] [undefined] 61 119 0 80 (1031209040)
2025-07-02 16:53:15:647 [IN ] C8 24 06 18 25 A5 06 01 31 03 CF 00 C4 CE 62 25 A5 06 01 31 05 E6 3D 77 00 50 27 DA 50 C8 24 06 18 25 A5 06 01 31 03 CF 00 C0 CA 5E 25 A5 06 01 31 05 E6 3D 77 00 50 27 DA 50 (58)
                              [N6:H] MOTOR_I 0 196 (196)
                              [N6:H] [undefined] 61 119 0 80 (1031209040)
                              [N6:H] MOTOR_I 0 192 (192)
                              [N6:H] [undefined] 61 119 0 80 (1031209040)
2025-07-02 16:53:15:848 [IN ] C8 24 06 18 25 A5 06 01 31 03 CF 00 B9 C3 57 25 A5 06 01 31 05 E6 3D 77 00 50 27 DA 50 (29)
                              [N6:H] MOTOR_I 0 185 (185)
                              [N6:H] [undefined] 61 119 0 80 (1031209040)
2025-07-02 16:53:16:050 [IN ] C8 24 06 18 25 A5 06 01 31 03 CF 00 86 90 24 25 A5 06 01 31 05 E6 3D 77 00 50 27 DA 50 C8 24 06 18 25 A5 06 01 31 03 CF 00 C7 D1 65 25 A5 06 01 31 05 E6 3D 77 00 50 27 DA 50 (58)
                              [N6:H] MOTOR_I 0 134 (134)
                              [N6:H] [undefined] 61 119 0 80 (1031209040)
                              [N6:H] MOTOR_I 0 199 (199)
                              [N6:H] [undefined] 61 119 0 80 (1031209040)
2025-07-02 16:53:16:252 [IN ] C8 24 06 18 25 A5 06 01 31 03 CF 00 8B 95 29 25 A5 06 01 31 05 E6 3D 77 00 50 27 DA 50 C8 24 06 18 25 A5 06 01 31 03 CF 00 BD C7 5B 25 A5 06 01 31 05 E6 3D 77 00 50 27 DA 50 (58)
                              [N6:H] MOTOR_I 0 139 (139)
                              [N6:H] [undefined] 61 119 0 80 (1031209040)
                              [N6:H] MOTOR_I 0 189 (189)
                              [N6:H] [undefined] 61 119 0 80 (1031209040)
2025-07-02 16:53:16:454 [IN ] C8 24 06 18 25 A5 06 01 31 03 CF 00 BD C7 5B 25 A5 06 01 31 05 E6 3D 77 00 50 27 DA 50 C8 24 06 15 25 A5 06 01 31 03 CF 00 BC C6 5A 25 A5 06 01 31 05 E6 3D 77 00 50 C8 24 06 1B 50 27 DA 25 A5 
06 01 31 03 CF 00 BB C5 59 25 A5 06 01 31 05 E6 3D 77 00 50 27 DA 01 (87)
                              [N6:H] MOTOR_I 0 189 (189)
                              [N6:H] [undefined] 61 119 0 80 (1031209040)
                              [N6:H] MOTOR_I 0 188 (188)
                              [N6:H] [undefined] 61 119 0 80 (1031209040)
                              [N6:H] MOTOR_I 0 187 (187)
                              [N6:H] [undefined] 61 119 0 80 (1031209040)
2025-07-02 16:53:16:655 [IN ] C8 24 06 18 25 A5 06 01 31 03 CF 00 B4 BE 52 25 A5 06 01 31 05 E6 3D 77 00 50 27 DA 50 C8 24 06 18 25 A5 06 01 31 03 CF 00 B9 C3 57 25 A5 06 01 31 05 E6 3D 77 00 50 27 DA 50 (58)
                              [N6:H] MOTOR_I 0 180 (180)
                              [N6:H] [undefined] 61 119 0 80 (1031209040)
                              [N6:H] MOTOR_I 0 185 (185)
                              [N6:H] [undefined] 61 119 0 80 (1031209040)
2025-07-02 16:53:16:857 [IN ] C8 24 06 18 25 A5 06 01 31 03 CF 00 C6 D0 64 25 A5 06 01 31 05 E6 3D 77 00 50 27 DA 50 (29)
                              [N6:H] MOTOR_I 0 198 (198)
                              [N6:H] [undefined] 61 119 0 80 (1031209040)
2025-07-02 16:53:17:060 [IN ] C8 24 06 18 25 A5 06 01 31 03 CF 00 96 A0 34 25 A5 06 01 31 05 E6 3D 77 00 50 27 DA 50 C8 24 08 0B 25 A5 08 01 31 03 81 5A 52 6A C8 25 C8 24 08 0A 25 A5 08 01 31 02 81 49 06 4A C8 C8 24 06 18 
25 A5 06 01 31 03 CF 00 B8 C2 56 25 A5 06 01 31 05 E6 3D 77 00 50 27 DA 50 C8 24 06 18 25 A5 06 01 31 03 CF 00 B7 C1 55 25 A5 06 01 31 05 E6 3D 77 00 50 27 (116)
                              [N6:H] MOTOR_I 0 150 (150)
                              [N6:H] [undefined] 61 119 0 80 (1031209040)
                              [N8:R] TPOS 'Z' 82 (82)
                              [N8:R] TPOS 'I'
                              [N6:H] MOTOR_I 0 184 (184)
                              [N6:H] [undefined] 61 119 0 80 (1031209040)
2025-07-02 16:53:17:263 [IN ] DA 50 C8 24 06 18 25 A5 06 01 31 03 CF 00 92 9C 30 25 A5 06 01 31 05 E6 3D 77 00 50 27 DA 50 C8 24 06 18 25 A5 06 01 31 03 CF 00 C1 CB 5F 25 A5 06 01 31 05 E6 3D 77 00 50 27 DA 50 (60)
                              [N6:H] MOTOR_I 0 183 (183)
                              [N6:H] [undefined] 61 119 0 80 (1031209040)
                              [N6:H] MOTOR_I 0 146 (146)
                              [N6:H] [undefined] 61 119 0 80 (1031209040)
                              [N6:H] MOTOR_I 0 193 (193)
                              [N6:H] [undefined] 61 119 0 80 (1031209040)
2025-07-02 16:53:17:285 [OUT] 25 A5 01 08 31 03 CA 3D 09 4D 19 (11)
                              [N8:R] RFLAG '=' 9 (9)
2025-07-02 16:53:17:387 [IN ] C8 24 06 18 25 A5 06 01 31 03 CF 00 8C 96 2A 25 A5 06 01 31 05 E6 3D 77 00 50 27 DA 50 (29)
                              [N6:H] MOTOR_I 0 140 (140)
                              [N6:H] [undefined] 61 119 0 80 (1031209040)
2025-07-02 16:53:17:470 [IN ] C8 24 08 0B 25 A5 08 01 31 03 CA 3A 09 4A 1A 25 C8 24 06 18 25 A5 06 01 31 03 CF 00 C8 D2 66 25 A5 06 01 31 05 E6 3D 77 00 50 27 DA 50 (45)
                              [N8:R] RFLAG ':' 9 (9)
                              [N6:H] MOTOR_I 0 200 (200)
                              [N6:H] [undefined] 61 119 0 80 (1031209040)
2025-07-02 16:53:17:491 [OUT] 25 A5 01 08 31 05 81 FF DC 77 1D 2F DE (13)
                              [N8:R] TPOS 255 220 119 29 (-2328803)
2025-07-02 16:53:17:554 [IN ] C8 24 06 0E 25 A5 06 01 31 03 CF 00 8A 94 28 25 A5 06 01 (19)
                              [N6:H] MOTOR_I 0 138 (138)
2025-07-02 16:53:17:574 [IN ] C8 24 06 0A 01 31 05 E6 3D 77 00 50 27 DA 28 (15)
                              [N6:H] [undefined] 61 119 0 80 (1031209040)
2025-07-02 16:53:17:677 [IN ] C8 24 06 15 25 A5 06 01 31 03 CF 00 BB C5 59 25 A5 06 01 31 05 E6 3D 77 00 50 C8 24 08 0E 25 A5 08 01 31 06 81 53 FF FF FF F0 01 97 01 (45)
                              [N6:H] MOTOR_I 0 187 (187)
                              [N8:R] TPOS 'S' 255 255 255 240 (-16)
2025-07-02 16:53:17:879 [IN ] C8 24 06 1B 50 27 DA 25 A5 06 01 31 03 CF 00 84 8E 22 25 A5 06 01 31 05 E6 3D 77 00 50 27 DA 01 C8 24 06 18 25 A5 06 01 31 03 CF 00 BA C4 58 25 A5 06 01 31 05 E6 3D 77 00 50 27 DA 50 (61)
                              [N6:H] [undefined] 61 119 0 80 (1031209040)
                              [N6:H] MOTOR_I 0 132 (132)
                              [N6:H] [undefined] 61 119 0 80 (1031209040)
                              [N6:H] MOTOR_I 0 186 (186)
                              [N6:H] [undefined] 61 119 0 80 (1031209040)
2025-07-02 16:53:18:081 [IN ] C8 24 06 18 25 A5 06 01 31 03 CF 00 94 9E 32 25 A5 06 01 31 05 E6 3D 77 00 50 27 DA 50 C8 24 06 18 25 A5 06 01 31 03 CF 00 88 92 26 25 A5 06 01 31 05 E6 3D 77 00 50 27 DA 50 (58)
                              [N6:H] MOTOR_I 0 148 (148)
                              [N6:H] [undefined] 61 119 0 80 (1031209040)
                              [N6:H] MOTOR_I 0 136 (136)
                              [N6:H] [undefined] 61 119 0 80 (1031209040)
2025-07-02 16:53:18:282 [IN ] C8 24 06 18 25 A5 06 01 31 03 CF 00 B8 C2 56 25 A5 06 01 31 05 E6 3D 77 00 50 27 DA 50 C8 24 06 18 25 A5 06 01 31 03 CF 00 A2 AC 40 25 A5 06 01 31 05 E6 3D 77 00 50 27 DA 50 (58)
                              [N6:H] MOTOR_I 0 184 (184)
                              [N6:H] [undefined] 61 119 0 80 (1031209040)
                              [N6:H] MOTOR_I 0 162 (162)
                              [N6:H] [undefined] 61 119 0 80 (1031209040)
2025-07-02 16:53:18:484 [IN ] C8 24 06 18 25 A5 06 01 31 03 CF 00 AE B8 4C 25 A5 06 01 31 05 E6 3D 77 00 50 27 DA 50 C8 24 06 18 25 A5 06 01 31 03 CF 00 BB C5 59 25 A5 06 01 31 05 E6 3D 77 00 50 27 DA 50 (58)
                              [N6:H] MOTOR_I 0 174 (174)
                              [N6:H] [undefined] 61 119 0 80 (1031209040)
                              [N6:H] MOTOR_I 0 187 (187)
                              [N6:H] [undefined] 61 119 0 80 (1031209040)
2025-07-02 16:53:18:686 [IN ] C8 24 06 18 25 A5 06 01 31 03 CF 00 BC C6 5A 25 A5 06 01 31 05 E6 3D 77 00 50 27 DA 50 C8 24 06 18 25 A5 06 01 31 03 CF 00 94 9E 32 25 A5 06 01 31 05 E6 3D 77 00 50 27 DA 50 (58)
                              [N6:H] MOTOR_I 0 188 (188)
                              [N6:H] [undefined] 61 119 0 80 (1031209040)
                              [N6:H] MOTOR_I 0 148 (148)
                              [N6:H] [undefined] 61 119 0 80 (1031209040)
2025-07-02 16:53:18:887 [IN ] C8 24 06 18 25 A5 06 01 31 03 CF 00 AF B9 4D 25 A5 06 01 31 05 E6 3D 77 00 50 27 DA 50 C8 24 06 0E 25 A5 06 01 31 03 CF 00 A3 AD 41 25 A5 06 01 C8 24 06 0A 01 31 05 E6 3D 77 00 50 27 DA 41 (63)
                              [N6:H] MOTOR_I 0 175 (175)
                              [N6:H] [undefined] 61 119 0 80 (1031209040)
                              [N6:H] MOTOR_I 0 163 (163)
                              [N6:H] [undefined] 61 119 0 80 (1031209040)
2025-07-02 16:53:19:089 [IN ] C8 24 06 18 25 A5 06 01 31 03 CF 00 89 93 27 25 A5 06 01 31 05 E6 3D 77 00 50 27 DA 50 C8 24 06 18 25 A5 06 01 31 03 CF 00 9A A4 38 25 A5 06 01 31 05 E6 3D 77 00 50 27 DA 50 (58)
                              [N6:H] MOTOR_I 0 137 (137)
                              [N6:H] [undefined] 61 119 0 80 (1031209040)
                              [N6:H] MOTOR_I 0 154 (154)
                              [N6:H] [undefined] 61 119 0 80 (1031209040)
2025-07-02 16:53:19:291 [IN ] C8 24 06 18 25 A5 06 01 31 03 CF 00 9B A5 39 25 A5 06 01 31 05 E6 3D 77 00 50 27 DA 50 C8 24 06 18 25 A5 06 01 31 03 CF 00 B6 C0 54 25 A5 06 01 31 05 E6 3D 77 00 50 27 DA 50 (58)
                              [N6:H] MOTOR_I 0 155 (155)
                              [N6:H] [undefined] 61 119 0 80 (1031209040)
                              [N6:H] MOTOR_I 0 182 (182)
                              [N6:H] [undefined] 61 119 0 80 (1031209040)
2025-07-02 16:53:19:492 [IN ] C8 24 06 18 25 A5 06 01 31 03 CF 00 86 90 24 25 A5 06 01 31 05 E6 3D 77 00 50 27 DA 50 C8 24 06 18 25 A5 06 01 31 03 CF 00 B4 BE 52 25 A5 06 01 31 05 E6 3D 77 00 50 27 DA 50 (58)
                              [N6:H] MOTOR_I 0 134 (134)
                              [N6:H] [undefined] 61 119 0 80 (1031209040)
                              [N6:H] MOTOR_I 0 180 (180)
                              [N6:H] [undefined] 61 119 0 80 (1031209040)
2025-07-02 16:53:19:694 [IN ] C8 24 06 18 25 A5 06 01 31 03 CF 00 A5 AF 43 25 A5 06 01 31 05 E6 3D 77 00 50 27 DA 50 C8 24 06 18 25 A5 06 01 31 03 CF 00 84 8E 22 25 A5 06 01 31 05 E6 3D 77 00 50 27 DA 50 (58)
                              [N6:H] MOTOR_I 0 165 (165)
                              [N6:H] [undefined] 61 119 0 80 (1031209040)
                              [N6:H] MOTOR_I 0 132 (132)
                              [N6:H] [undefined] 61 119 0 80 (1031209040)
2025-07-02 16:53:19:895 [IN ] C8 24 06 18 25 A5 06 01 31 03 CF 00 A0 AA 3E 25 A5 06 01 31 05 E6 3D 77 00 50 27 DA 50 C8 24 06 18 25 A5 06 01 31 03 CF 00 95 9F 33 25 A5 06 01 31 05 E6 3D 77 00 50 27 DA 50 (58)
                              [N6:H] MOTOR_I 0 160 (160)
                              [N6:H] [undefined] 61 119 0 80 (1031209040)
                              [N6:H] MOTOR_I 0 149 (149)
                              [N6:H] [undefined] 61 119 0 80 (1031209040)
2025-07-02 16:53:20:097 [IN ] C8 24 06 18 25 A5 06 01 31 03 CF 00 AE B8 4C 25 A5 06 01 31 05 E6 3D 77 00 50 27 DA 50 C8 24 06 18 25 A5 06 01 31 03 CF 00 B4 BE 52 25 A5 06 01 31 05 E6 3D 77 00 50 27 DA 50 (58)
                              [N6:H] MOTOR_I 0 174 (174)
                              [N6:H] [undefined] 61 119 0 80 (1031209040)
                              [N6:H] MOTOR_I 0 180 (180)
                              [N6:H] [undefined] 61 119 0 80 (1031209040)
2025-07-02 16:53:20:299 [IN ] C8 24 06 0E 25 A5 06 01 31 03 CF 00 A1 AB 3F 25 A5 06 01 C8 24 06 0A 01 31 05 E6 3D 77 00 50 27 DA 3F C8 24 06 18 25 A5 06 01 31 03 CF 00 8C 96 2A 25 A5 06 01 31 05 E6 3D 77 00 50 27 DA 50 (63)
                              [N6:H] MOTOR_I 0 161 (161)
                              [N6:H] [undefined] 61 119 0 80 (1031209040)
                              [N6:H] MOTOR_I 0 140 (140)
                              [N6:H] [undefined] 61 119 0 80 (1031209040)
2025-07-02 16:53:20:500 [IN ] C8 24 06 18 25 A5 06 01 31 03 CF 00 9B A5 39 25 A5 06 01 31 05 E6 3D 77 00 50 27 DA 50 C8 24 06 18 25 A5 06 01 31 03 CF 00 8E 98 2C 25 A5 06 01 31 05 E6 3D 77 00 50 27 DA 50 (58)
                              [N6:H] MOTOR_I 0 155 (155)
                              [N6:H] [undefined] 61 119 0 80 (1031209040)
                              [N6:H] MOTOR_I 0 142 (142)
                              [N6:H] [undefined] 61 119 0 80 (1031209040)
2025-07-02 16:53:20:702 [IN ] C8 24 06 18 25 A5 06 01 31 03 CF 00 AD B7 4B 25 A5 06 01 31 05 E6 3D 77 00 50 27 DA 50 C8 24 06 18 25 A5 06 01 31 03 CF 00 C2 CC 60 25 A5 06 01 31 05 E6 3D 77 00 50 27 DA 50 (58)
                              [N6:H] MOTOR_I 0 173 (173)
                              [N6:H] [undefined] 61 119 0 80 (1031209040)
                              [N6:H] MOTOR_I 0 194 (194)
                              [N6:H] [undefined] 61 119 0 80 (1031209040)
2025-07-02 16:53:20:904 [IN ] C8 24 06 18 25 A5 06 01 31 03 CF 00 9F A9 3D 25 A5 06 01 31 05 E6 3D 77 00 50 27 DA 50 C8 24 06 18 25 A5 06 01 31 03 CF 00 86 90 24 25 A5 06 01 31 05 E6 3D 77 00 50 27 DA 50 (58)
                              [N6:H] MOTOR_I 0 159 (159)
                              [N6:H] [undefined] 61 119 0 80 (1031209040)
                              [N6:H] MOTOR_I 0 134 (134)
                              [N6:H] [undefined] 61 119 0 80 (1031209040)
2025-07-02 16:53:21:105 [IN ] C8 24 06 18 25 A5 06 01 31 03 CF 00 AA B4 48 25 A5 06 01 31 05 E6 3D 77 00 50 27 DA 50 C8 24 06 18 25 A5 06 01 31 03 CF 00 90 9A 2E 25 A5 06 01 31 05 E6 3D 77 00 50 27 DA 50 (58)
                              [N6:H] MOTOR_I 0 170 (170)
                              [N6:H] [undefined] 61 119 0 80 (1031209040)
                              [N6:H] MOTOR_I 0 144 (144)
                              [N6:H] [undefined] 61 119 0 80 (1031209040)
2025-07-02 16:53:21:307 [IN ] C8 24 06 18 25 A5 06 01 31 03 CF 00 8D 97 2B 25 A5 06 01 31 05 E6 3D 77 00 50 27 DA 50 C8 24 06 18 25 A5 06 01 31 03 CF 00 8C 96 2A 25 A5 06 01 31 05 E6 3D 77 00 50 27 DA 50 (58)
                              [N6:H] MOTOR_I 0 141 (141)
                              [N6:H] [undefined] 61 119 0 80 (1031209040)
                              [N6:H] MOTOR_I 0 140 (140)
                              [N6:H] [undefined] 61 119 0 80 (1031209040)
2025-07-02 16:53:21:509 [IN ] C8 24 06 18 25 A5 06 01 31 03 CF 00 80 8A 1E 25 A5 06 01 31 05 E6 3D 77 00 50 27 DA 50 C8 24 06 15 25 A5 06 01 31 03 CF 00 AE B8 4C 25 A5 06 01 31 05 E6 3D 77 00 50 (55)
                              [N6:H] MOTOR_I 0 128 (128)
                              [N6:H] [undefined] 61 119 0 80 (1031209040)
                              [N6:H] MOTOR_I 0 174 (174)
2025-07-02 16:53:21:710 [IN ] C8 24 06 1B 50 27 DA 25 A5 06 01 31 03 CF 00 AF B9 4D 25 A5 06 01 31 05 E6 3D 77 00 50 27 DA 01 C8 24 06 18 25 A5 06 01 31 03 CF 00 A4 AE 42 25 A5 06 01 31 05 E6 3D 77 00 50 27 DA 50 (61)
                              [N6:H] [undefined] 61 119 0 80 (1031209040)
                              [N6:H] MOTOR_I 0 175 (175)
                              [N6:H] [undefined] 61 119 0 80 (1031209040)
                              [N6:H] MOTOR_I 0 164 (164)
                              [N6:H] [undefined] 61 119 0 80 (1031209040)
2025-07-02 16:53:21:732 [OUT] 25 A5 01 0C 31 01 82 C1 4C (9)
                              [N12:Z] GETPOS
2025-07-02 16:53:21:753 [OUT] 25 A5 01 05 31 01 82 BA 30 (9)
                              [N5:V] GETPOS
2025-07-02 16:53:21:774 [OUT] 25 A5 01 06 31 01 82 BB 34 (9)
                              [N6:H] GETPOS
2025-07-02 16:53:21:795 [OUT] 25 A5 01 07 31 01 82 BC 38 (9)
                              [N7:N] GETPOS
2025-07-02 16:53:21:816 [OUT] 25 A5 01 08 31 01 82 BD 3C (9)
                              [N8:R] GETPOS
2025-07-02 16:53:21:817 [IN ] C8 24 06 18 25 A5 06 01 31 03 CF 00 A0 AA 3E 25 A5 06 01 31 05 E6 3D 77 00 50 27 DA 50 (29)
                              [N6:H] MOTOR_I 0 160 (160)
                              [N6:H] [undefined] 61 119 0 80 (1031209040)
2025-07-02 16:53:21:878 [IN ] C8 24 0C 0D 25 A5 0C 01 31 05 82 FF E1 B5 C4 1E 40 06 (18)
                              [N12:Z] GETPOS 255 225 181 196 (-1985084)
2025-07-02 16:53:21:898 [IN ] C8 24 06 18 25 A5 06 01 31 03 CF 00 8C 96 2A 25 A5 06 01 31 05 E6 3D 77 00 50 27 DA 50 (29)
                              [N6:H] MOTOR_I 0 140 (140)
                              [N6:H] [undefined] 61 119 0 80 (1031209040)
2025-07-02 16:53:21:960 [IN ] C8 24 05 0D 25 A5 05 01 31 05 82 00 00 00 03 C1 37 06 (18)
                              [N5:V] GETPOS 0 0 0 3 (3)
2025-07-02 16:53:22:001 [IN ] C8 24 06 18 25 A5 06 01 31 03 CF 00 80 8A 1E 25 A5 06 01 31 05 E6 3D 77 00 50 27 DA 50 (29)
                              [N6:H] MOTOR_I 0 128 (128)
                              [N6:H] [undefined] 61 119 0 80 (1031209040)
2025-07-02 16:53:22:042 [IN ] C8 24 (2)
2025-07-02 16:53:22:063 [IN ] 06 0D 25 A5 06 01 31 05 82 00 01 80 20 60 60 06 (16)
                              [N6:H] GETPOS 0 1 128 32 (98336)
2025-07-02 16:53:22:104 [IN ] C8 24 06 18 25 A5 06 01 31 03 CF 00 BF C9 5D 25 A5 06 01 31 05 E6 3D 77 00 50 27 DA 50 (29)
                              [N6:H] MOTOR_I 0 191 (191)
                              [N6:H] [undefined] 61 119 0 80 (1031209040)
2025-07-02 16:53:22:145 [IN ] C8 24 07 0D 25 A5 07 01 31 05 82 FF E1 3D 5A 37 B9 06 (18)
                              [N7:N] GETPOS 255 225 61 90 (-2015910)
2025-07-02 16:53:22:206 [IN ] C8 24 06 18 25 A5 06 01 31 03 CF 00 A4 AE 42 25 A5 06 01 31 05 E6 3D 77 00 50 27 DA 50 (29)
                              [N6:H] MOTOR_I 0 164 (164)
                              [N6:H] [undefined] 61 119 0 80 (1031209040)
2025-07-02 16:53:22:247 [IN ] C8 24 08 0D 25 A5 08 01 31 05 82 FF F2 7E 30 60 4D 06 (18)
                              [N8:R] GETPOS 255 242 126 48 (-885200)
2025-07-02 16:53:22:448 [IN ] C8 24 06 18 25 A5 06 01 31 03 CF 00 95 9F 33 25 A5 06 01 31 05 E6 3D 77 00 50 27 DA 50 C8 24 06 18 25 A5 06 01 31 03 CF 00 C1 CB 5F 25 A5 06 01 31 05 E6 3D 77 00 50 27 DA 50 (58)
                              [N6:H] MOTOR_I 0 149 (149)
                              [N6:H] [undefined] 61 119 0 80 (1031209040)
                              [N6:H] MOTOR_I 0 193 (193)
                              [N6:H] [undefined] 61 119 0 80 (1031209040)
2025-07-02 16:53:22:650 [IN ] C8 24 06 18 25 A5 06 01 31 03 CF 00 85 8F 23 25 A5 06 01 31 05 E6 3D 77 00 50 27 DA 50 C8 24 06 18 25 A5 06 01 31 03 CF 00 80 8A 1E 25 A5 06 01 31 05 E6 3D 77 00 50 27 DA 50 (58)
                              [N6:H] MOTOR_I 0 133 (133)
                              [N6:H] [undefined] 61 119 0 80 (1031209040)
                              [N6:H] MOTOR_I 0 128 (128)
                              [N6:H] [undefined] 61 119 0 80 (1031209040)
2025-07-02 16:53:22:851 [IN ] C8 24 06 0E 25 A5 06 01 31 03 CF 00 8A 94 28 25 A5 06 01 C8 24 06 0A 01 31 05 E6 3D 77 00 50 27 DA 28 C8 24 06 15 25 A5 06 01 31 03 CF 00 BD C7 5B 25 A5 06 01 31 05 E6 3D 77 00 50 (60)
                              [N6:H] MOTOR_I 0 138 (138)
                              [N6:H] [undefined] 61 119 0 80 (1031209040)
                              [N6:H] MOTOR_I 0 189 (189)
2025-07-02 16:53:23:053 [IN ] C8 24 06 1B 50 27 DA 25 A5 06 01 31 03 CF 00 AA B4 48 25 A5 06 01 31 05 E6 3D 77 00 50 27 DA 01 C8 24 06 18 25 A5 06 01 31 03 CF 00 8E 98 2C 25 A5 06 01 31 05 E6 3D 77 00 50 27 DA 50 (61)
                              [N6:H] [undefined] 61 119 0 80 (1031209040)
                              [N6:H] MOTOR_I 0 170 (170)
                              [N6:H] [undefined] 61 119 0 80 (1031209040)
                              [N6:H] MOTOR_I 0 142 (142)
                              [N6:H] [undefined] 61 119 0 80 (1031209040)
2025-07-02 16:53:23:255 [IN ] C8 24 06 18 25 A5 06 01 31 03 CF 00 C2 CC 60 25 A5 06 01 31 05 E6 3D 77 00 50 27 DA 50 C8 24 06 18 25 A5 06 01 31 03 CF 00 AB B5 49 25 A5 06 01 31 05 E6 3D 77 00 50 27 DA 50 (58)
                              [N6:H] MOTOR_I 0 194 (194)
                              [N6:H] [undefined] 61 119 0 80 (1031209040)
                              [N6:H] MOTOR_I 0 171 (171)
                              [N6:H] [undefined] 61 119 0 80 (1031209040)
2025-07-02 16:53:23:456 [IN ] C8 24 06 18 25 A5 06 01 31 03 CF 00 BC C6 5A 25 A5 06 01 31 05 E6 3D 77 00 50 27 DA 50 C8 24 06 18 25 A5 06 01 31 03 CF 00 B7 C1 55 25 A5 06 01 31 05 E6 3D 77 00 50 27 DA 50 (58)
                              [N6:H] MOTOR_I 0 188 (188)
                              [N6:H] [undefined] 61 119 0 80 (1031209040)
                              [N6:H] MOTOR_I 0 183 (183)
                              [N6:H] [undefined] 61 119 0 80 (1031209040)
