2025-07-02 16:49:44:143 [OUT] 25 A5 01 0A 31 05 D6 3D FF 00 00 53 ED (13)
                              [N10:HMI] HMILED '=' 255 0 0 (16711680)
2025-07-02 16:49:44:166 [OUT] 25 A5 01 03 31 02 D8 3F 4E CE (10)
                              [N3:X] INTERRUPT '?'
2025-07-02 16:49:44:467 [IN ] C8 24 06 18 25 A5 06 01 31 03 CF 00 00 0A 9E 25 A5 06 01 31 05 E6 3D 77 00 00 D7 8A 00 C8 24 06 18 25 A5 06 01 31 03 CF 00 00 0A 9E 25 A5 06 01 31 05 E6 3D 77 00 00 D7 8A 00 C8 24 0A 0D 25 A5 
0A 01 31 05 D6 3A FF 00 00 50 EA 06 C8 24 06 18 25 A5 06 01 31 03 CF 00 00 0A 9E 25 A5 06 01 31 05 E6 3D 77 00 00 D7 8A 00 C8 24 03 0C 25 A5 03 01 31 04 D8 3A 01 01 4D 6A A5 (122)
                              [N6:H] MOTOR_I 0 0 (0)
                              [N6:H] [undefined] 61 119 0 0 (1031208960)
                              [N6:H] MOTOR_I 0 0 (0)
                              [N6:H] [undefined] 61 119 0 0 (1031208960)
                              [N10:HMI] HMILED ':' 255 0 0 (16711680)
                              [N6:H] MOTOR_I 0 0 (0)
                              [N6:H] [undefined] 61 119 0 0 (1031208960)
                              [N3:X] INTERRUPT ':' 1 1 (257)
2025-07-02 16:49:44:490 [OUT] 25 A5 01 09 31 03 C9 3D 09 4D 1C (11)
                              [N9:P] LFLAG '=' 9 (9)
2025-07-02 16:49:44:511 [OUT] 25 A5 01 04 31 02 D8 3F 4F D3 (10)
                              [N4:Y] INTERRUPT '?'
2025-07-02 16:49:44:512 [IN ] C8 24 06 18 25 A5 06 01 31 03 CF 00 00 0A 9E 25 A5 06 01 31 05 E6 3D 77 00 00 D7 8A 00 (29)
                              [N6:H] MOTOR_I 0 0 (0)
                              [N6:H] [undefined] 61 119 0 0 (1031208960)
2025-07-02 16:49:44:813 [IN ] C8 24 06 0E 25 A5 06 01 31 03 CF 00 00 0A 9E 25 A5 06 01 C8 24 06 0A 01 31 05 E6 3D 77 00 00 D7 8A 9E C8 24 09 0B 25 A5 09 01 31 03 C9 3A 09 4A 1E 25 C8 24 06 18 25 A5 06 01 31 03 CF 00 00 0A 
9E 25 A5 06 01 31 05 E6 3D 77 00 00 D7 8A 00 C8 24 04 0C 25 A5 04 01 31 04 D8 3A 01 01 4E 72 A5 C8 24 06 18 25 A5 06 01 31 03 CF 00 00 0A 9E 25 A5 06 01 31 05 E6 3D 77 00 00 D7 8A 00 (125)
                              [N6:H] MOTOR_I 0 0 (0)
                              [N6:H] [undefined] 61 119 0 0 (1031208960)
                              [N9:P] LFLAG ':' 9 (9)
                              [N6:H] MOTOR_I 0 0 (0)
                              [N6:H] [undefined] 61 119 0 0 (1031208960)
                              [N4:Y] INTERRUPT ':' 1 1 (257)
                              [N6:H] MOTOR_I 0 0 (0)
                              [N6:H] [undefined] 61 119 0 0 (1031208960)
2025-07-02 16:49:44:835 [OUT] 25 A5 01 09 31 03 CA 3D 09 4E 1F (11)
                              [N9:P] RFLAG '=' 9 (9)
2025-07-02 16:49:44:856 [OUT] 25 A5 01 0C 31 02 D8 3F 57 FB (10)
                              [N12:Z] INTERRUPT '?'
2025-07-02 16:49:44:856 [IN ] C8 24 0B (3)
2025-07-02 16:49:45:158 [IN ] 0A 25 A5 0B 01 31 02 DE 03 20 D0 9E C8 24 06 18 25 A5 06 01 31 03 CF 00 00 0A 9E 25 A5 06 01 31 05 E6 3D 77 00 00 D7 8A 00 C8 24 06 18 25 A5 06 01 31 03 CF 00 00 0A 9E 25 A5 06 01 31 05 E6 3D 
77 00 00 D7 8A 00 C8 24 09 0B 25 A5 09 01 31 03 CA 3A 09 4B 21 25 C8 24 06 18 25 A5 06 01 31 03 CF 00 00 0A 9E 25 A5 06 01 31 05 E6 3D 77 00 00 D7 8A 00 C8 24 0C 0C 25 A5 0C 01 31 04 D8 3A 01 
01 56 B2 A5 (132)
                              [N11:NG] NGSWSTATE 3 (3)
                              [N6:H] MOTOR_I 0 0 (0)
                              [N6:H] [undefined] 61 119 0 0 (1031208960)
                              [N6:H] MOTOR_I 0 0 (0)
                              [N6:H] [undefined] 61 119 0 0 (1031208960)
                              [N9:P] RFLAG ':' 9 (9)
                              [N6:H] MOTOR_I 0 0 (0)
                              [N6:H] [undefined] 61 119 0 0 (1031208960)
                              [N12:Z] INTERRUPT ':' 1 1 (257)
2025-07-02 16:49:45:180 [OUT] 25 A5 01 08 31 03 C9 3D 09 4C 16 (11)
                              [N8:R] LFLAG '=' 9 (9)
2025-07-02 16:49:45:181 [IN ] C8 24 06 18 25 A5 06 01 31 03 CF 00 00 0A 9E 25 (16)
2025-07-02 16:49:45:202 [OUT] 25 A5 01 03 31 03 C9 3D 0B 49 FA (11)
                              [N3:X] LFLAG '=' 11 (11)
2025-07-02 16:49:45:202 [IN ] A5 06 01 31 05 E6 3D 77 00 00 D7 8A 00 (13)
                              [N6:H] MOTOR_I 0 0 (0)
                              [N6:H] [undefined] 61 119 0 0 (1031208960)
2025-07-02 16:49:45:223 [OUT] 25 A5 01 04 31 03 C9 3D 0B 4A 00 (11)
                              [N4:Y] LFLAG '=' 11 (11)
2025-07-02 16:49:45:245 [OUT] 25 A5 01 0C 31 03 C9 3D 0B 52 30 (11)
                              [N12:Z] LFLAG '=' 11 (11)
2025-07-02 16:49:45:286 [IN ] C8 24 06 18 25 A5 06 01 31 03 CF 00 00 0A 9E 25 A5 06 01 31 05 E6 3D 77 00 00 D7 8A 00 (29)
                              [N6:H] MOTOR_I 0 0 (0)
                              [N6:H] [undefined] 61 119 0 0 (1031208960)
2025-07-02 16:49:45:347 [IN ] C8 24 08 0B 25 A5 08 01 31 03 C9 3A 09 49 17 25 (16)
                              [N8:R] LFLAG ':' 9 (9)
2025-07-02 16:49:45:369 [OUT] 25 A5 01 08 31 03 CA 3D 09 4D 19 (11)
                              [N8:R] RFLAG '=' 9 (9)
2025-07-02 16:49:45:389 [IN ] C8 24 06 18 25 A5 06 01 31 03 CF 00 00 0A 9E 25 A5 06 01 31 05 E6 3D 77 00 00 D7 8A 00 (29)
                              [N6:H] MOTOR_I 0 0 (0)
                              [N6:H] [undefined] 61 119 0 0 (1031208960)
2025-07-02 16:49:45:450 [IN ] C8 24 03 0B 25 A5 03 01 31 03 C9 3A 0B 46 F6 25 (16)
                              [N3:X] LFLAG ':' 11 (11)
2025-07-02 16:49:45:472 [OUT] 25 A5 01 03 31 03 88 00 50 10 02 (11)
                              [N3:X] RUN 0 80 (80)
2025-07-02 16:49:45:493 [IN ] C8 24 06 18 25 A5 06 01 31 03 CF 00 00 0A 9E 25 A5 06 01 31 05 E6 3D 77 00 00 D7 8A 00 (29)
                              [N6:H] MOTOR_I 0 0 (0)
                              [N6:H] [undefined] 61 119 0 0 (1031208960)
2025-07-02 16:49:45:574 [IN ] C8 24 04 0B 25 A5 04 01 31 03 C9 3A 0B 47 FD 25 (16)
                              [N4:Y] LFLAG ':' 11 (11)
2025-07-02 16:49:45:596 [OUT] 25 A5 01 04 31 03 88 00 50 11 08 (11)
                              [N4:Y] RUN 0 80 (80)
2025-07-02 16:49:45:597 [IN ] C8 24 06 18 25 A5 06 01 31 03 CF 00 00 0A 9E 25 A5 06 01 31 05 E6 3D 77 00 00 D7 8A 00 (29)
                              [N6:H] MOTOR_I 0 0 (0)
                              [N6:H] [undefined] 61 119 0 0 (1031208960)
2025-07-02 16:49:45:699 [IN ] C8 24 0C 0B 25 A5 0C 01 31 03 C9 3A 0B 4F 35 25 C8 24 06 18 25 A5 06 01 31 03 CF 00 00 0A 9E 25 A5 06 01 31 05 E6 3D 77 00 00 D7 8A 00 (45)
                              [N12:Z] LFLAG ':' 11 (11)
                              [N6:H] MOTOR_I 0 0 (0)
                              [N6:H] [undefined] 61 119 0 0 (1031208960)
2025-07-02 16:49:45:721 [OUT] 25 A5 01 0C 31 03 88 00 50 19 38 (11)
                              [N12:Z] RUN 0 80 (80)
2025-07-02 16:49:45:783 [IN ] C8 24 08 0B 25 A5 08 01 31 03 CA 3A 09 4A 1A 25 (16)
                              [N8:R] RFLAG ':' 9 (9)
2025-07-02 16:49:45:803 [IN ] C8 24 06 18 25 A5 06 01 31 03 CF 00 00 0A 9E 25 A5 06 01 31 05 E6 3D 77 00 00 D7 8A 00 (29)
                              [N6:H] MOTOR_I 0 0 (0)
                              [N6:H] [undefined] 61 119 0 0 (1031208960)
2025-07-02 16:49:45:886 [IN ] C8 24 06 15 25 A5 06 01 31 03 CF 00 00 0A 9E 25 A5 06 01 31 05 E6 3D 77 00 00 C8 24 0B 0A 25 A5 0B 01 31 02 DE 03 20 D0 9E (41)
                              [N6:H] MOTOR_I 0 0 (0)
                              [N11:NG] NGSWSTATE 3 (3)
2025-07-02 16:49:45:908 [IN ] C8 24 03 0C 25 A5 03 01 31 04 88 53 00 50 64 C2 A5 (17)
                              [N3:X] RUN 'S' 0 80 (80)
2025-07-02 16:49:45:969 [IN ] C8 24 06 (3)
2025-07-02 16:49:45:991 [IN ] 1B 00 D7 8A 25 A5 06 01 31 03 CF 00 00 0A 9E 25 A5 06 01 31 05 E6 3D 77 00 00 D7 8A 06 (29)
                              [N6:H] [undefined] 61 119 0 0 (1031208960)
                              [N6:H] MOTOR_I 0 0 (0)
                              [N6:H] [undefined] 61 119 0 0 (1031208960)
2025-07-02 16:49:46:011 [IN ] C8 24 04 (3)
2025-07-02 16:49:46:032 [IN ] 0C 25 A5 04 01 31 04 88 53 00 50 65 CA 0A (14)
                              [N4:Y] RUN 'S' 0 80 (80)
2025-07-02 16:49:46:093 [IN ] C8 24 06 18 25 A5 06 01 31 03 CF 00 00 0A 9E 25 A5 06 01 31 05 E6 3D 77 00 00 D7 8A 00 (29)
                              [N6:H] MOTOR_I 0 0 (0)
                              [N6:H] [undefined] 61 119 0 0 (1031208960)
2025-07-02 16:49:46:114 [IN ] C8 24 0C 0C 25 A5 0C 01 31 04 88 53 00 50 6D 0A A5 (17)
                              [N12:Z] RUN 'S' 0 80 (80)
2025-07-02 16:49:46:315 [IN ] C8 24 06 18 25 A5 06 01 31 03 CF 00 00 0A 9E 25 A5 06 01 31 05 E6 3D 77 00 00 D7 8A 00 C8 24 06 18 25 A5 06 01 31 03 CF 00 00 0A 9E 25 A5 06 01 31 05 E6 3D 77 00 00 D7 8A 00 (58)
                              [N6:H] MOTOR_I 0 0 (0)
                              [N6:H] [undefined] 61 119 0 0 (1031208960)
                              [N6:H] MOTOR_I 0 0 (0)
                              [N6:H] [undefined] 61 119 0 0 (1031208960)
2025-07-02 16:49:46:516 [IN ] C8 24 06 18 25 A5 06 01 31 03 CF 00 00 0A 9E 25 A5 06 01 31 05 E6 3D 77 00 00 D7 8A 00 C8 24 06 18 25 A5 06 01 31 03 CF 00 00 0A 9E 25 A5 06 01 31 05 E6 3D 77 00 00 D7 8A 00 (58)
                              [N6:H] MOTOR_I 0 0 (0)
                              [N6:H] [undefined] 61 119 0 0 (1031208960)
                              [N6:H] MOTOR_I 0 0 (0)
                              [N6:H] [undefined] 61 119 0 0 (1031208960)
2025-07-02 16:49:46:718 [IN ] C8 24 06 18 25 A5 06 01 31 03 CF 00 00 0A 9E 25 A5 06 01 31 05 E6 3D 77 00 00 D7 8A 00 C8 24 06 18 25 A5 06 01 31 03 CF 00 00 0A 9E 25 A5 06 01 31 05 E6 3D 77 00 00 D7 8A 00 (58)
                              [N6:H] MOTOR_I 0 0 (0)
                              [N6:H] [undefined] 61 119 0 0 (1031208960)
                              [N6:H] MOTOR_I 0 0 (0)
                              [N6:H] [undefined] 61 119 0 0 (1031208960)
2025-07-02 16:49:46:920 [IN ] C8 24 06 18 25 A5 06 01 31 03 CF 00 00 0A 9E 25 A5 06 01 31 05 E6 3D 77 00 00 D7 8A 00 C8 24 0B 0A 25 A5 0B 01 31 02 DE 03 20 D0 9E C8 24 06 18 25 A5 06 01 31 03 CF 00 00 0A 9E 25 A5 06 01 31 
05 E6 3D 77 00 00 D7 8A 00 (73)
                              [N6:H] MOTOR_I 0 0 (0)
                              [N6:H] [undefined] 61 119 0 0 (1031208960)
                              [N11:NG] NGSWSTATE 3 (3)
                              [N6:H] MOTOR_I 0 0 (0)
                              [N6:H] [undefined] 61 119 0 0 (1031208960)
2025-07-02 16:49:47:121 [IN ] C8 24 06 18 25 A5 06 01 31 03 CF 00 00 0A 9E 25 A5 06 01 31 05 E6 3D 77 00 00 D7 8A 00 C8 24 06 0E 25 A5 06 01 31 03 CF 00 00 0A 9E 25 A5 06 01 C8 24 06 0A 01 31 05 E6 3D 77 00 00 D7 8A 9E (63)
                              [N6:H] MOTOR_I 0 0 (0)
                              [N6:H] [undefined] 61 119 0 0 (1031208960)
                              [N6:H] MOTOR_I 0 0 (0)
                              [N6:H] [undefined] 61 119 0 0 (1031208960)
2025-07-02 16:49:47:323 [IN ] C8 24 06 15 25 A5 06 01 31 03 CF 00 00 0A 9E 25 A5 06 01 31 05 E6 3D 77 00 00 C8 24 06 1B 00 D7 8A 25 A5 06 01 31 03 CF 00 00 0A 9E 25 A5 06 01 31 05 E6 3D 77 00 00 D7 8A 06 (58)
                              [N6:H] MOTOR_I 0 0 (0)
                              [N6:H] [undefined] 61 119 0 0 (1031208960)
                              [N6:H] MOTOR_I 0 0 (0)
                              [N6:H] [undefined] 61 119 0 0 (1031208960)
2025-07-02 16:49:47:525 [IN ] C8 24 06 18 25 A5 06 01 31 03 CF 00 00 0A 9E 25 A5 06 01 31 05 E6 3D 77 00 00 D7 8A 00 C8 24 06 18 25 A5 06 01 31 03 CF 00 00 0A 9E 25 A5 06 01 31 05 E6 3D 77 00 00 D7 8A 00 (58)
                              [N6:H] MOTOR_I 0 0 (0)
                              [N6:H] [undefined] 61 119 0 0 (1031208960)
                              [N6:H] MOTOR_I 0 0 (0)
                              [N6:H] [undefined] 61 119 0 0 (1031208960)
2025-07-02 16:49:47:726 [IN ] C8 24 06 18 25 A5 06 01 31 03 CF 00 00 0A 9E 25 A5 06 01 31 05 E6 3D 77 00 00 D7 8A 00 C8 24 06 18 25 A5 06 01 31 03 CF 00 00 0A 9E 25 A5 06 01 31 05 E6 3D 77 00 00 D7 8A 00 (58)
                              [N6:H] MOTOR_I 0 0 (0)
                              [N6:H] [undefined] 61 119 0 0 (1031208960)
                              [N6:H] MOTOR_I 0 0 (0)
                              [N6:H] [undefined] 61 119 0 0 (1031208960)
2025-07-02 16:49:47:928 [IN ] C8 24 06 18 25 A5 06 01 31 03 CF 00 00 0A 9E 25 A5 06 01 31 05 E6 3D 77 00 00 D7 8A 00 C8 24 0B 0A 25 A5 0B 01 31 02 DE 03 20 D0 9E C8 24 06 18 25 A5 06 01 31 03 CF 00 00 0A 9E 25 A5 06 01 31 
05 E6 3D 77 00 00 D7 8A 00 (73)
                              [N6:H] MOTOR_I 0 0 (0)
                              [N6:H] [undefined] 61 119 0 0 (1031208960)
                              [N11:NG] NGSWSTATE 3 (3)
                              [N6:H] MOTOR_I 0 0 (0)
                              [N6:H] [undefined] 61 119 0 0 (1031208960)
2025-07-02 16:49:48:130 [IN ] C8 24 06 18 25 A5 06 01 31 03 CF 00 00 0A 9E 25 A5 06 01 31 05 E6 3D 77 00 00 D7 8A 00 C8 24 06 18 25 A5 06 01 31 03 CF 00 00 0A 9E 25 A5 06 01 31 05 E6 3D 77 00 00 D7 8A 00 (58)
                              [N6:H] MOTOR_I 0 0 (0)
                              [N6:H] [undefined] 61 119 0 0 (1031208960)
                              [N6:H] MOTOR_I 0 0 (0)
                              [N6:H] [undefined] 61 119 0 0 (1031208960)
2025-07-02 16:49:48:332 [IN ] C8 24 06 18 25 A5 06 01 31 03 CF 00 00 0A 9E 25 A5 06 01 31 05 E6 3D 77 00 00 D7 8A 00 C8 24 06 18 25 A5 06 01 31 03 CF 00 00 0A 9E 25 A5 06 01 31 05 E6 3D 77 00 00 D7 8A 00 (58)
                              [N6:H] MOTOR_I 0 0 (0)
                              [N6:H] [undefined] 61 119 0 0 (1031208960)
                              [N6:H] MOTOR_I 0 0 (0)
                              [N6:H] [undefined] 61 119 0 0 (1031208960)
2025-07-02 16:49:48:534 [IN ] C8 24 06 0E 25 A5 06 01 31 03 CF 00 00 0A 9E 25 A5 06 01 C8 24 06 0A 01 31 05 E6 3D 77 00 00 D7 8A 9E C8 24 06 15 25 A5 06 01 31 03 CF 00 00 0A 9E 25 A5 06 01 31 05 E6 3D 77 00 00 (60)
                              [N6:H] MOTOR_I 0 0 (0)
                              [N6:H] [undefined] 61 119 0 0 (1031208960)
                              [N6:H] MOTOR_I 0 0 (0)
2025-07-02 16:49:48:735 [IN ] C8 24 06 1B 00 D7 8A 25 A5 06 01 31 03 CF 00 00 0A 9E 25 A5 06 01 31 05 E6 3D 77 00 00 D7 8A 06 C8 24 06 18 25 A5 06 01 31 03 CF 00 00 0A 9E 25 A5 06 01 31 05 E6 3D 77 00 00 D7 8A 00 (61)
                              [N6:H] [undefined] 61 119 0 0 (1031208960)
                              [N6:H] MOTOR_I 0 0 (0)
                              [N6:H] [undefined] 61 119 0 0 (1031208960)
                              [N6:H] MOTOR_I 0 0 (0)
                              [N6:H] [undefined] 61 119 0 0 (1031208960)
2025-07-02 16:49:48:937 [IN ] C8 24 06 18 25 A5 06 01 31 03 CF 00 00 0A 9E 25 A5 06 01 31 05 E6 3D 77 00 00 D7 8A 00 C8 24 0B 0A 25 A5 0B 01 31 02 DE 03 20 D0 9E C8 24 06 18 25 A5 06 01 31 03 CF 00 00 0A 9E 25 A5 06 01 31 
05 E6 3D 77 00 00 D7 8A 00 (73)
                              [N6:H] MOTOR_I 0 0 (0)
                              [N6:H] [undefined] 61 119 0 0 (1031208960)
                              [N11:NG] NGSWSTATE 3 (3)
                              [N6:H] MOTOR_I 0 0 (0)
                              [N6:H] [undefined] 61 119 0 0 (1031208960)
2025-07-02 16:49:49:139 [IN ] C8 24 06 18 25 A5 06 01 31 03 CF 00 00 0A 9E 25 A5 06 01 31 05 E6 3D 77 00 00 D7 8A 00 C8 24 06 18 25 A5 06 01 31 03 CF 00 00 0A 9E 25 A5 06 01 31 05 E6 3D 77 00 00 D7 8A 00 (58)
                              [N6:H] MOTOR_I 0 0 (0)
                              [N6:H] [undefined] 61 119 0 0 (1031208960)
                              [N6:H] MOTOR_I 0 0 (0)
                              [N6:H] [undefined] 61 119 0 0 (1031208960)
2025-07-02 16:49:49:341 [IN ] C8 24 06 18 25 A5 06 01 31 03 CF 00 00 0A 9E 25 A5 06 01 31 05 E6 3D 77 00 00 D7 8A 00 C8 24 06 18 25 A5 06 01 31 03 CF 00 00 0A 9E 25 A5 06 01 31 05 E6 3D 77 00 00 D7 8A 00 (58)
                              [N6:H] MOTOR_I 0 0 (0)
                              [N6:H] [undefined] 61 119 0 0 (1031208960)
                              [N6:H] MOTOR_I 0 0 (0)
                              [N6:H] [undefined] 61 119 0 0 (1031208960)
2025-07-02 16:49:49:542 [IN ] C8 24 06 18 25 A5 06 01 31 03 CF 00 00 0A 9E 25 A5 06 01 31 05 E6 3D 77 00 00 D7 8A 00 C8 24 06 18 25 A5 06 01 31 03 CF 00 00 0A 9E 25 A5 06 01 31 05 E6 3D 77 00 00 D7 8A 00 (58)
                              [N6:H] MOTOR_I 0 0 (0)
                              [N6:H] [undefined] 61 119 0 0 (1031208960)
                              [N6:H] MOTOR_I 0 0 (0)
                              [N6:H] [undefined] 61 119 0 0 (1031208960)
2025-07-02 16:49:49:744 [IN ] C8 24 06 18 25 A5 06 01 31 03 CF 00 00 0A 9E 25 A5 06 01 31 05 E6 3D 77 00 00 D7 8A 00 C8 24 06 0E 25 A5 06 01 31 03 CF 00 00 0A 9E 25 A5 06 01 C8 24 06 0A 01 31 05 E6 3D 77 00 00 D7 8A 9E (63)
                              [N6:H] MOTOR_I 0 0 (0)
                              [N6:H] [undefined] 61 119 0 0 (1031208960)
                              [N6:H] MOTOR_I 0 0 (0)
                              [N6:H] [undefined] 61 119 0 0 (1031208960)
2025-07-02 16:49:49:946 [IN ] C8 24 06 18 25 A5 06 01 31 03 CF 00 00 0A 9E 25 A5 06 01 31 05 E6 3D 77 00 00 D7 8A 00 C8 24 0B 0A 25 A5 0B 01 31 02 DE 03 20 D0 9E C8 24 06 18 25 A5 06 01 31 03 CF 00 00 0A 9E 25 A5 06 01 31 
05 E6 3D 77 00 00 D7 8A 00 (73)
                              [N6:H] MOTOR_I 0 0 (0)
                              [N6:H] [undefined] 61 119 0 0 (1031208960)
                              [N11:NG] NGSWSTATE 3 (3)
                              [N6:H] MOTOR_I 0 0 (0)
                              [N6:H] [undefined] 61 119 0 0 (1031208960)
2025-07-02 16:49:50:147 [IN ] C8 24 06 18 25 A5 06 01 31 03 CF 00 00 0A 9E 25 A5 06 01 31 05 E6 3D 77 00 00 D7 8A 00 C8 24 06 18 25 A5 06 01 31 03 CF 00 00 0A 9E 25 A5 06 01 31 05 E6 3D 77 00 00 D7 8A 00 (58)
                              [N6:H] MOTOR_I 0 0 (0)
                              [N6:H] [undefined] 61 119 0 0 (1031208960)
                              [N6:H] MOTOR_I 0 0 (0)
                              [N6:H] [undefined] 61 119 0 0 (1031208960)
2025-07-02 16:49:50:349 [IN ] C8 24 06 18 25 A5 06 01 31 03 CF 00 00 0A 9E 25 A5 06 01 31 05 E6 3D 77 00 00 D7 8A 00 C8 24 06 18 25 A5 06 01 31 03 CF 00 00 0A 9E 25 A5 06 01 31 05 E6 3D 77 00 00 D7 8A 00 (58)
                              [N6:H] MOTOR_I 0 0 (0)
                              [N6:H] [undefined] 61 119 0 0 (1031208960)
                              [N6:H] MOTOR_I 0 0 (0)
                              [N6:H] [undefined] 61 119 0 0 (1031208960)
2025-07-02 16:49:50:551 [IN ] C8 24 06 18 25 A5 06 01 31 03 CF 00 00 0A 9E 25 A5 06 01 31 05 E6 3D 77 00 00 D7 8A 00 C8 24 06 18 25 A5 06 01 31 03 CF 00 00 0A 9E 25 A5 06 01 31 05 E6 3D 77 00 00 D7 8A 00 (58)
                              [N6:H] MOTOR_I 0 0 (0)
                              [N6:H] [undefined] 61 119 0 0 (1031208960)
                              [N6:H] MOTOR_I 0 0 (0)
                              [N6:H] [undefined] 61 119 0 0 (1031208960)
2025-07-02 16:49:50:752 [IN ] C8 24 06 18 25 A5 06 01 31 03 CF 00 00 0A 9E 25 A5 06 01 31 05 E6 3D 77 00 00 D7 8A 00 C8 24 06 18 25 A5 06 01 31 03 CF 00 00 0A 9E 25 A5 06 01 31 05 E6 3D 77 00 00 D7 8A 00 (58)
                              [N6:H] MOTOR_I 0 0 (0)
                              [N6:H] [undefined] 61 119 0 0 (1031208960)
                              [N6:H] MOTOR_I 0 0 (0)
                              [N6:H] [undefined] 61 119 0 0 (1031208960)
2025-07-02 16:49:50:954 [IN ] C8 24 06 18 25 A5 06 01 31 03 CF 00 00 0A 9E 25 A5 06 01 31 05 E6 3D 77 00 00 D7 8A 00 C8 24 0B 0A 25 A5 0B 01 31 02 DE 03 20 D0 9E C8 24 06 18 25 A5 06 01 31 03 CF 00 00 0A 9E 25 A5 06 01 31 
05 E6 3D 77 00 00 D7 8A 00 (73)
                              [N6:H] MOTOR_I 0 0 (0)
                              [N6:H] [undefined] 61 119 0 0 (1031208960)
                              [N11:NG] NGSWSTATE 3 (3)
                              [N6:H] MOTOR_I 0 0 (0)
                              [N6:H] [undefined] 61 119 0 0 (1031208960)
2025-07-02 16:49:51:156 [IN ] C8 24 06 15 25 A5 06 01 31 03 CF 00 00 0A 9E 25 A5 06 01 31 05 E6 3D 77 00 00 C8 24 06 1B 00 D7 8A 25 A5 06 01 31 03 CF 00 00 0A 9E 25 A5 06 01 31 05 E6 3D 77 00 00 D7 8A 06 (58)
                              [N6:H] MOTOR_I 0 0 (0)
                              [N6:H] [undefined] 61 119 0 0 (1031208960)
                              [N6:H] MOTOR_I 0 0 (0)
                              [N6:H] [undefined] 61 119 0 0 (1031208960)
2025-07-02 16:49:51:357 [IN ] C8 24 06 18 25 A5 06 01 31 03 CF 00 00 0A 9E 25 A5 06 01 31 05 E6 3D 77 00 00 D7 8A 00 C8 24 06 18 25 A5 06 01 31 03 CF 00 00 0A 9E 25 A5 06 01 31 05 E6 3D 77 00 00 D7 8A 00 (58)
                              [N6:H] MOTOR_I 0 0 (0)
                              [N6:H] [undefined] 61 119 0 0 (1031208960)
                              [N6:H] MOTOR_I 0 0 (0)
                              [N6:H] [undefined] 61 119 0 0 (1031208960)
2025-07-02 16:49:51:559 [IN ] C8 24 06 18 25 A5 06 01 31 03 CF 00 00 0A 9E 25 A5 06 01 31 05 E6 3D 77 00 00 D7 8A 00 C8 24 06 18 25 A5 06 01 31 03 CF 00 00 0A 9E 25 A5 06 01 31 05 E6 3D 77 00 00 D7 8A 00 (58)
                              [N6:H] MOTOR_I 0 0 (0)
                              [N6:H] [undefined] 61 119 0 0 (1031208960)
                              [N6:H] MOTOR_I 0 0 (0)
                              [N6:H] [undefined] 61 119 0 0 (1031208960)
2025-07-02 16:49:51:761 [IN ] C8 24 06 18 25 A5 06 01 31 03 CF 00 00 0A 9E 25 A5 06 01 31 05 E6 3D 77 00 00 D7 8A 00 C8 24 06 18 25 A5 06 01 31 03 CF 00 00 0A 9E 25 A5 06 01 31 05 E6 3D 77 00 00 D7 8A 00 (58)
                              [N6:H] MOTOR_I 0 0 (0)
                              [N6:H] [undefined] 61 119 0 0 (1031208960)
                              [N6:H] MOTOR_I 0 0 (0)
                              [N6:H] [undefined] 61 119 0 0 (1031208960)
2025-07-02 16:49:51:963 [IN ] C8 24 06 18 25 A5 06 01 31 03 CF 00 00 0A 9E 25 A5 06 01 31 05 E6 3D 77 00 00 D7 8A 00 C8 24 0B 0A 25 A5 0B 01 31 02 DE 03 20 D0 9E C8 24 06 18 25 A5 06 01 31 03 CF 00 00 0A 9E 25 A5 06 01 31 
05 E6 3D 77 00 00 D7 8A 00 (73)
                              [N6:H] MOTOR_I 0 0 (0)
                              [N6:H] [undefined] 61 119 0 0 (1031208960)
                              [N11:NG] NGSWSTATE 3 (3)
                              [N6:H] MOTOR_I 0 0 (0)
                              [N6:H] [undefined] 61 119 0 0 (1031208960)
2025-07-02 16:49:52:164 [IN ] C8 24 06 18 25 A5 06 01 31 03 CF 00 00 0A 9E 25 A5 06 01 31 05 E6 3D 77 00 00 D7 8A 00 C8 24 06 18 25 A5 06 01 31 03 CF 00 00 0A 9E 25 A5 06 01 31 05 E6 3D 77 00 00 D7 8A 00 (58)
                              [N6:H] MOTOR_I 0 0 (0)
                              [N6:H] [undefined] 61 119 0 0 (1031208960)
                              [N6:H] MOTOR_I 0 0 (0)
                              [N6:H] [undefined] 61 119 0 0 (1031208960)
2025-07-02 16:49:52:366 [IN ] C8 24 06 0E 25 A5 06 01 31 03 CF 00 00 0A 9E 25 A5 06 01 C8 24 06 0A 01 31 05 E6 3D 77 00 00 D7 8A 9E C8 24 06 15 25 A5 06 01 31 03 CF 00 00 0A 9E 25 A5 06 01 31 05 E6 3D 77 00 00 (60)
                              [N6:H] MOTOR_I 0 0 (0)
                              [N6:H] [undefined] 61 119 0 0 (1031208960)
                              [N6:H] MOTOR_I 0 0 (0)
2025-07-02 16:49:52:567 [IN ] C8 24 06 1B 00 D7 8A 25 A5 06 01 31 03 CF 00 00 0A 9E 25 A5 06 01 31 05 E6 3D 77 00 00 D7 8A 06 C8 24 06 18 25 A5 06 01 31 03 CF 00 00 0A 9E 25 A5 06 01 31 05 E6 3D 77 00 00 D7 8A 00 (61)
                              [N6:H] [undefined] 61 119 0 0 (1031208960)
                              [N6:H] MOTOR_I 0 0 (0)
                              [N6:H] [undefined] 61 119 0 0 (1031208960)
                              [N6:H] MOTOR_I 0 0 (0)
                              [N6:H] [undefined] 61 119 0 0 (1031208960)
2025-07-02 16:49:52:771 [IN ] C8 24 06 18 25 A5 06 01 31 03 CF 00 00 0A 9E 25 A5 06 01 31 05 E6 3D 77 00 00 D7 8A 00 C8 24 04 0B 25 A5 04 01 31 03 81 5A 4C 60 A6 25 C8 24 06 18 25 A5 06 01 31 03 CF 00 00 0A 9E 25 A5 06 01 
31 05 E6 3D 77 00 00 D7 8A 00 C8 24 04 0A 25 A5 04 01 31 02 81 49 02 32 9E (89)
                              [N6:H] MOTOR_I 0 0 (0)
                              [N6:H] [undefined] 61 119 0 0 (1031208960)
                              [N4:Y] TPOS 'Z' 76 (76)
                              [N6:H] MOTOR_I 0 0 (0)
                              [N6:H] [undefined] 61 119 0 0 (1031208960)
                              [N4:Y] TPOS 'I'
2025-07-02 16:49:52:996 [OUT] 25 A5 01 09 31 02 D8 3F 54 EC (10)
                              [N9:P] INTERRUPT '?'
2025-07-02 16:49:52:997 [IN ] C8 24 06 18 25 A5 06 01 31 03 CF 00 00 0A 9E 25 A5 06 01 31 05 E6 3D 77 00 00 D7 8A 00 C8 24 0B 0A 25 A5 0B 01 31 02 DE 03 20 D0 9E C8 24 06 18 25 A5 06 01 31 03 CF 00 00 0A 9E 25 A5 06 01 31 
05 E6 3D 77 00 00 D7 8A 00 (73)
                              [N6:H] MOTOR_I 0 0 (0)
                              [N6:H] [undefined] 61 119 0 0 (1031208960)
                              [N11:NG] NGSWSTATE 3 (3)
                              [N6:H] MOTOR_I 0 0 (0)
                              [N6:H] [undefined] 61 119 0 0 (1031208960)
2025-07-02 16:49:53:298 [IN ] C8 24 06 18 25 A5 06 01 31 03 CF 00 00 0A 9E 25 A5 06 01 31 05 E6 3D 77 00 00 D7 8A 00 C8 24 06 18 25 A5 06 01 31 03 CF 00 00 0A 9E 25 A5 06 01 31 05 E6 3D 77 00 00 D7 8A 00 C8 24 09 0C 25 A5 
09 01 31 04 D8 3A 01 01 53 9A A5 C8 24 06 18 25 A5 06 01 31 03 CF 00 00 0A 9E 25 A5 06 01 31 05 E6 3D 77 00 00 D7 8A 00 (104)
                              [N6:H] MOTOR_I 0 0 (0)
                              [N6:H] [undefined] 61 119 0 0 (1031208960)
                              [N6:H] MOTOR_I 0 0 (0)
                              [N6:H] [undefined] 61 119 0 0 (1031208960)
                              [N9:P] INTERRUPT ':' 1 1 (257)
                              [N6:H] MOTOR_I 0 0 (0)
                              [N6:H] [undefined] 61 119 0 0 (1031208960)
2025-07-02 16:49:53:319 [OUT] 25 A5 01 04 31 03 C9 3D 09 48 FE (11)
                              [N4:Y] LFLAG '=' 9 (9)
2025-07-02 16:49:53:341 [OUT] 25 A5 01 07 31 02 D8 3F 52 E2 (10)
                              [N7:N] INTERRUPT '?'
2025-07-02 16:49:53:642 [IN ] C8 24 06 18 25 A5 06 01 31 03 CF 00 00 0A 9E 25 A5 06 01 31 05 E6 3D 77 00 00 D7 8A 00 C8 24 06 18 25 A5 06 01 31 03 CF 00 00 0A 9E 25 A5 06 01 31 05 E6 3D 77 00 00 D7 8A 00 C8 24 04 0B 25 A5 
04 01 31 03 C9 3A 09 45 FB 25 C8 24 06 0E 25 A5 06 01 31 03 CF 00 00 0A 9E 25 A5 06 01 C8 24 06 0A 01 31 05 E6 3D 77 00 00 D7 8A 9E C8 24 07 0C 25 A5 07 01 31 04 D8 3A 01 01 51 8A A5 C8 24 06 
18 25 A5 06 01 31 03 CF 00 00 0A 9E 25 A5 06 01 31 05 E6 3D 77 00 00 D7 8A 00 (154)
                              [N6:H] MOTOR_I 0 0 (0)
                              [N6:H] [undefined] 61 119 0 0 (1031208960)
                              [N6:H] MOTOR_I 0 0 (0)
                              [N6:H] [undefined] 61 119 0 0 (1031208960)
                              [N4:Y] LFLAG ':' 9 (9)
                              [N6:H] MOTOR_I 0 0 (0)
                              [N6:H] [undefined] 61 119 0 0 (1031208960)
                              [N7:N] INTERRUPT ':' 1 1 (257)
                              [N6:H] MOTOR_I 0 0 (0)
                              [N6:H] [undefined] 61 119 0 0 (1031208960)
2025-07-02 16:49:53:664 [OUT] 25 A5 01 09 31 03 C9 3D 0B 4F 1E (11)
                              [N9:P] LFLAG '=' 11 (11)
2025-07-02 16:49:53:684 [OUT] 25 A5 01 07 31 03 C9 3D 0B 4D 12 (11)
                              [N7:N] LFLAG '=' 11 (11)
2025-07-02 16:49:53:746 [IN ] C8 24 06 18 25 A5 06 01 31 03 CF 00 00 0A 9E 25 A5 06 01 31 05 E6 3D 77 00 00 D7 8A 00 (29)
                              [N6:H] MOTOR_I 0 0 (0)
                              [N6:H] [undefined] 61 119 0 0 (1031208960)
2025-07-02 16:49:53:849 [IN ] C8 24 09 0B 25 A5 09 01 31 03 C9 3A 0B 4C 20 25 C8 24 06 18 25 A5 06 01 31 03 CF 00 00 0A 9E 25 A5 06 01 31 05 E6 3D 77 00 00 D7 8A 00 (45)
                              [N9:P] LFLAG ':' 11 (11)
                              [N6:H] MOTOR_I 0 0 (0)
                              [N6:H] [undefined] 61 119 0 0 (1031208960)
2025-07-02 16:49:53:870 [OUT] 25 A5 01 09 31 03 88 00 50 16 26 (11)
                              [N9:P] RUN 0 80 (80)
2025-07-02 16:49:53:931 [IN ] C8 24 07 0B 25 A5 07 01 31 03 C9 3A 0B 4A 12 25 C8 24 0B 0A 25 A5 0B 01 31 02 DE 03 20 D0 12 (31)
                              [N7:N] LFLAG ':' 11 (11)
                              [N11:NG] NGSWSTATE 3 (3)
2025-07-02 16:49:53:952 [OUT] 25 A5 01 07 31 03 88 00 50 14 1A (11)
                              [N7:N] RUN 0 80 (80)
2025-07-02 16:49:53:953 [IN ] C8 24 06 18 25 A5 06 01 31 03 CF 00 00 0A 9E 25 A5 06 01 31 05 E6 3D 77 00 00 D7 8A 00 (29)
                              [N6:H] MOTOR_I 0 0 (0)
                              [N6:H] [undefined] 61 119 0 0 (1031208960)
2025-07-02 16:49:54:056 [IN ] C8 24 06 18 25 A5 06 01 31 03 CF 00 00 0A 9E 25 A5 06 01 31 05 E6 3D 77 00 00 D7 8A 00 C8 24 09 0C 25 A5 09 01 31 04 88 53 00 50 6A F2 A5 (46)
                              [N6:H] MOTOR_I 0 0 (0)
                              [N6:H] [undefined] 61 119 0 0 (1031208960)
                              [N9:P] RUN 'S' 0 80 (80)
2025-07-02 16:49:54:139 [IN ] C8 24 09 0B 25 A5 09 01 31 03 81 5A 4C 65 C9 F2 (16)
                              [N9:P] TPOS 'Z' 76 (76)
2025-07-02 16:49:54:160 [IN ] C8 24 06 18 25 A5 06 01 31 03 CF 00 00 0A 9E 25 A5 06 01 31 05 E6 3D 77 00 00 D7 8A 00 C8 24 07 0C 25 A5 07 01 31 04 88 53 00 50 68 E2 A5 (46)
                              [N6:H] MOTOR_I 0 0 (0)
                              [N6:H] [undefined] 61 119 0 0 (1031208960)
                              [N7:N] RUN 'S' 0 80 (80)
2025-07-02 16:49:54:362 [IN ] C8 24 09 0A 25 A5 09 01 31 02 81 49 07 50 68 C8 24 06 18 25 A5 06 01 31 03 CF 00 00 0A 9E 25 A5 06 01 31 05 E6 3D 77 00 00 D7 8A 00 C8 24 06 18 25 A5 06 01 31 03 CF 00 00 0A 9E 25 A5 06 01 31 
05 E6 3D 77 00 00 D7 8A 00 (73)
                              [N9:P] TPOS 'I'
                              [N6:H] MOTOR_I 0 0 (0)
                              [N6:H] [undefined] 61 119 0 0 (1031208960)
                              [N6:H] MOTOR_I 0 0 (0)
                              [N6:H] [undefined] 61 119 0 0 (1031208960)
2025-07-02 16:49:54:566 [IN ] C8 24 06 18 25 A5 06 01 31 03 CF 00 00 0A 9E 25 A5 06 01 31 05 E6 3D 77 00 00 D7 8A 00 C8 24 06 18 25 A5 06 01 31 03 CF 00 00 0A 9E 25 A5 06 01 31 05 E6 3D 77 00 00 D7 8A 00 (58)
                              [N6:H] MOTOR_I 0 0 (0)
                              [N6:H] [undefined] 61 119 0 0 (1031208960)
                              [N6:H] MOTOR_I 0 0 (0)
                              [N6:H] [undefined] 61 119 0 0 (1031208960)
2025-07-02 16:49:54:588 [OUT] 25 A5 01 09 31 03 C9 3D 09 4D 1C (11)
                              [N9:P] LFLAG '=' 9 (9)
2025-07-02 16:49:54:609 [OUT] 25 A5 01 04 31 05 81 FF EE 88 01 32 FA (13)
                              [N4:Y] TPOS 255 238 136 1 (-1144831)
2025-07-02 16:49:54:670 [IN ] C8 24 06 18 25 A5 06 01 31 03 CF 00 00 0A 9E 25 A5 06 01 31 05 E6 3D 77 00 00 D7 8A 00 (29)
                              [N6:H] MOTOR_I 0 0 (0)
                              [N6:H] [undefined] 61 119 0 0 (1031208960)
2025-07-02 16:49:54:752 [IN ] C8 24 09 0B 25 A5 09 01 31 03 C9 3A 09 4A 1E 25 (16)
                              [N9:P] LFLAG ':' 9 (9)
2025-07-02 16:49:54:774 [IN ] C8 24 06 18 25 A5 06 01 31 03 CF 00 00 0A 9E 25 A5 06 01 31 05 E6 3D 77 00 00 D7 8A 00 (29)
                              [N6:H] MOTOR_I 0 0 (0)
                              [N6:H] [undefined] 61 119 0 0 (1031208960)
2025-07-02 16:49:54:855 [IN ] C8 24 06 15 25 A5 06 01 31 03 CF 00 00 0A 9E 25 A5 06 01 31 05 E6 3D 77 00 00 (26)
                              [N6:H] MOTOR_I 0 0 (0)
2025-07-02 16:49:54:898 [IN ] C8 24 04 0E 25 A5 04 01 31 06 81 53 00 00 00 00 10 88 01 (19)
                              [N4:Y] TPOS 'S' 0 0 0 0 (0)
2025-07-02 16:49:55:101 [IN ] C8 24 0B 0A 25 A5 0B 01 31 02 DE 03 20 D0 00 C8 24 06 1B 00 D7 8A 25 A5 06 01 31 03 CF 00 00 0A 9E 25 A5 06 01 31 05 E6 3D 77 00 00 D7 8A 06 C8 24 06 18 25 A5 06 01 31 03 CF 00 00 0A 9E 25 A5 
06 01 31 05 E6 3D 77 00 00 D7 8A 00 (76)
                              [N11:NG] NGSWSTATE 3 (3)
                              [N6:H] [undefined] 61 119 0 0 (1031208960)
                              [N6:H] MOTOR_I 0 0 (0)
                              [N6:H] [undefined] 61 119 0 0 (1031208960)
                              [N6:H] MOTOR_I 0 0 (0)
                              [N6:H] [undefined] 61 119 0 0 (1031208960)
2025-07-02 16:49:55:302 [IN ] C8 24 06 18 25 A5 06 01 31 03 CF 00 00 0A 9E 25 A5 06 01 31 05 E6 3D 77 00 00 D7 8A 00 C8 24 06 18 25 A5 06 01 31 03 CF 00 00 0A 9E 25 A5 06 01 31 05 E6 3D 77 00 00 D7 8A 00 (58)
                              [N6:H] MOTOR_I 0 0 (0)
                              [N6:H] [undefined] 61 119 0 0 (1031208960)
                              [N6:H] MOTOR_I 0 0 (0)
                              [N6:H] [undefined] 61 119 0 0 (1031208960)
2025-07-02 16:49:55:504 [IN ] C8 24 06 18 25 A5 06 01 31 03 CF 00 00 0A 9E 25 A5 06 01 31 05 E6 3D 77 00 00 D7 8A 00 C8 24 06 18 25 A5 06 01 31 03 CF 00 00 0A 9E 25 A5 06 01 31 05 E6 3D 77 00 00 D7 8A 00 (58)
                              [N6:H] MOTOR_I 0 0 (0)
                              [N6:H] [undefined] 61 119 0 0 (1031208960)
                              [N6:H] MOTOR_I 0 0 (0)
                              [N6:H] [undefined] 61 119 0 0 (1031208960)
2025-07-02 16:49:55:705 [IN ] C8 24 06 18 25 A5 06 01 31 03 CF 00 00 0A 9E 25 A5 06 01 31 05 E6 3D 77 00 00 D7 8A 00 C8 24 06 18 25 A5 06 01 31 03 CF 00 00 0A 9E 25 A5 06 01 31 05 E6 3D 77 00 00 D7 8A 00 (58)
                              [N6:H] MOTOR_I 0 0 (0)
                              [N6:H] [undefined] 61 119 0 0 (1031208960)
                              [N6:H] MOTOR_I 0 0 (0)
                              [N6:H] [undefined] 61 119 0 0 (1031208960)
2025-07-02 16:49:55:907 [IN ] C8 24 06 18 25 A5 06 01 31 03 CF 00 00 0A 9E 25 A5 06 01 31 05 E6 3D 77 00 00 D7 8A 00 C8 24 06 18 25 A5 06 01 31 03 CF 00 00 0A 9E 25 A5 06 01 31 05 E6 3D 77 00 00 D7 8A 00 (58)
                              [N6:H] MOTOR_I 0 0 (0)
                              [N6:H] [undefined] 61 119 0 0 (1031208960)
                              [N6:H] MOTOR_I 0 0 (0)
                              [N6:H] [undefined] 61 119 0 0 (1031208960)
2025-07-02 16:49:56:110 [IN ] C8 24 0B 0A 25 A5 0B 01 31 02 DE 03 20 D0 9E C8 24 06 18 25 A5 06 01 31 03 CF 00 00 0A 9E 25 A5 06 01 31 05 E6 3D 77 00 00 D7 8A 00 C8 24 06 0E 25 A5 06 01 31 03 CF 00 00 0A 9E 25 A5 06 01 C8 
24 06 0A 01 31 05 E6 3D 77 00 00 D7 8A 9E C8 24 03 0B 25 A5 03 01 31 03 81 5A 4C 5F 9F 25 (94)
                              [N11:NG] NGSWSTATE 3 (3)
                              [N6:H] MOTOR_I 0 0 (0)
                              [N6:H] [undefined] 61 119 0 0 (1031208960)
                              [N6:H] MOTOR_I 0 0 (0)
                              [N6:H] [undefined] 61 119 0 0 (1031208960)
                              [N3:X] TPOS 'Z' 76 (76)
2025-07-02 16:49:56:313 [IN ] C8 24 03 0A 25 A5 03 01 31 02 81 49 01 2C 9F C8 24 06 15 25 A5 06 01 31 03 CF 00 00 0A 9E 25 A5 06 01 31 05 E6 3D 77 00 00 C8 24 06 1B 00 D7 8A 25 A5 06 01 31 03 CF 00 00 0A 9E 25 A5 06 01 31 
05 E6 3D 77 00 00 D7 8A 06 (73)
                              [N3:X] TPOS 'I'
                              [N6:H] MOTOR_I 0 0 (0)
                              [N6:H] [undefined] 61 119 0 0 (1031208960)
                              [N6:H] MOTOR_I 0 0 (0)
                              [N6:H] [undefined] 61 119 0 0 (1031208960)
2025-07-02 16:49:56:516 [IN ] C8 24 06 18 25 A5 06 01 31 03 CF 00 00 0A 9E 25 A5 06 01 31 05 E6 3D 77 00 00 D7 8A 00 C8 24 06 18 25 A5 06 01 31 03 CF 00 00 0A 9E 25 A5 06 01 31 05 E6 3D 77 00 00 D7 8A 00 (58)
                              [N6:H] MOTOR_I 0 0 (0)
                              [N6:H] [undefined] 61 119 0 0 (1031208960)
                              [N6:H] MOTOR_I 0 0 (0)
                              [N6:H] [undefined] 61 119 0 0 (1031208960)
2025-07-02 16:49:56:537 [OUT] 25 A5 01 03 31 03 C9 3D 09 47 F8 (11)
                              [N3:X] LFLAG '=' 9 (9)
2025-07-02 16:49:56:579 [IN ] C8 24 06 18 25 A5 06 01 31 03 CF 00 00 0A 9E 25 A5 06 01 31 05 E6 3D 77 00 00 D7 8A 00 (29)
                              [N6:H] MOTOR_I 0 0 (0)
                              [N6:H] [undefined] 61 119 0 0 (1031208960)
2025-07-02 16:49:56:681 [IN ] C8 24 06 18 25 A5 06 01 31 03 CF 00 00 0A 9E 25 A5 06 01 31 05 E6 3D 77 00 00 D7 8A 00 (29)
                              [N6:H] MOTOR_I 0 0 (0)
                              [N6:H] [undefined] 61 119 0 0 (1031208960)
2025-07-02 16:49:56:702 [IN ] C8 24 03 0B 25 A5 03 01 31 03 C9 (11)
2025-07-02 16:49:56:723 [IN ] 3A 09 44 F4 25 (5)
                              [N3:X] LFLAG ':' 9 (9)
2025-07-02 16:49:56:924 [IN ] C8 24 06 18 25 A5 06 01 31 03 CF 00 00 0A 9E 25 A5 06 01 31 05 E6 3D 77 00 00 D7 8A 00 C8 24 06 18 25 A5 06 01 31 03 CF 00 00 0A 9E 25 A5 06 01 31 05 E6 3D 77 00 00 D7 8A 00 (58)
                              [N6:H] MOTOR_I 0 0 (0)
                              [N6:H] [undefined] 61 119 0 0 (1031208960)
                              [N6:H] MOTOR_I 0 0 (0)
                              [N6:H] [undefined] 61 119 0 0 (1031208960)
2025-07-02 16:49:57:126 [IN ] C8 24 0B 0A 25 A5 0B 01 31 02 DE 03 20 D0 9E C8 24 06 18 25 A5 06 01 31 03 CF 00 00 0A 9E 25 A5 06 01 31 05 E6 3D 77 00 00 D7 8A 00 C8 24 06 18 25 A5 06 01 31 03 CF 00 00 0A 9E 25 A5 06 01 31 
05 E6 3D 77 00 00 D7 8A 00 (73)
                              [N11:NG] NGSWSTATE 3 (3)
                              [N6:H] MOTOR_I 0 0 (0)
                              [N6:H] [undefined] 61 119 0 0 (1031208960)
                              [N6:H] MOTOR_I 0 0 (0)
                              [N6:H] [undefined] 61 119 0 0 (1031208960)
2025-07-02 16:49:57:327 [IN ] C8 24 06 18 25 A5 06 01 31 03 CF 00 00 0A 9E 25 A5 06 01 31 05 E6 3D 77 00 00 D7 8A 00 C8 24 06 18 25 A5 06 01 31 03 CF 00 00 0A 9E 25 A5 06 01 31 05 E6 3D 77 00 00 D7 8A 00 (58)
                              [N6:H] MOTOR_I 0 0 (0)
                              [N6:H] [undefined] 61 119 0 0 (1031208960)
                              [N6:H] MOTOR_I 0 0 (0)
                              [N6:H] [undefined] 61 119 0 0 (1031208960)
2025-07-02 16:49:57:529 [IN ] C8 24 06 0E 25 A5 06 01 31 03 CF 00 00 0A 9E 25 A5 06 01 C8 24 06 0A 01 31 05 E6 3D 77 00 00 D7 8A 9E C8 24 06 15 25 A5 06 01 31 03 CF 00 00 0A 9E 25 A5 06 01 31 05 E6 3D 77 00 00 (60)
                              [N6:H] MOTOR_I 0 0 (0)
                              [N6:H] [undefined] 61 119 0 0 (1031208960)
                              [N6:H] MOTOR_I 0 0 (0)
2025-07-02 16:49:57:730 [IN ] C8 24 06 1B 00 D7 8A 25 A5 06 01 31 03 CF 00 00 0A 9E 25 A5 06 01 31 05 E6 3D 77 00 00 D7 8A 06 C8 24 06 18 25 A5 06 01 31 03 CF 00 00 0A 9E 25 A5 06 01 31 05 E6 3D 77 00 00 D7 8A 00 (61)
                              [N6:H] [undefined] 61 119 0 0 (1031208960)
                              [N6:H] MOTOR_I 0 0 (0)
                              [N6:H] [undefined] 61 119 0 0 (1031208960)
                              [N6:H] MOTOR_I 0 0 (0)
                              [N6:H] [undefined] 61 119 0 0 (1031208960)
2025-07-02 16:49:57:932 [IN ] C8 24 06 18 25 A5 06 01 31 03 CF 00 00 0A 9E 25 A5 06 01 31 05 E6 3D 77 00 00 D7 8A 00 C8 24 06 18 25 A5 06 01 31 03 CF 00 00 0A 9E 25 A5 06 01 31 05 E6 3D 77 00 00 D7 8A 00 (58)
                              [N6:H] MOTOR_I 0 0 (0)
                              [N6:H] [undefined] 61 119 0 0 (1031208960)
                              [N6:H] MOTOR_I 0 0 (0)
                              [N6:H] [undefined] 61 119 0 0 (1031208960)
2025-07-02 16:49:58:134 [IN ] C8 24 0B 0A 25 A5 0B 01 31 02 DE 03 20 D0 9E C8 24 06 18 25 A5 06 01 31 03 CF 00 00 0A 9E 25 A5 06 01 31 05 E6 3D 77 00 00 D7 8A 00 C8 24 06 18 25 A5 06 01 31 03 CF 00 00 0A 9E 25 A5 06 01 31 
05 E6 3D 77 00 00 D7 8A 00 (73)
                              [N11:NG] NGSWSTATE 3 (3)
                              [N6:H] MOTOR_I 0 0 (0)
                              [N6:H] [undefined] 61 119 0 0 (1031208960)
                              [N6:H] MOTOR_I 0 0 (0)
                              [N6:H] [undefined] 61 119 0 0 (1031208960)
2025-07-02 16:49:58:336 [IN ] C8 24 06 18 25 A5 06 01 31 03 CF 00 00 0A 9E 25 A5 06 01 31 05 E6 3D 77 00 00 D7 8A 00 C8 24 06 18 25 A5 06 01 31 03 CF 00 00 0A 9E 25 A5 06 01 31 05 E6 3D 77 00 00 D7 8A 00 (58)
                              [N6:H] MOTOR_I 0 0 (0)
                              [N6:H] [undefined] 61 119 0 0 (1031208960)
                              [N6:H] MOTOR_I 0 0 (0)
                              [N6:H] [undefined] 61 119 0 0 (1031208960)
2025-07-02 16:49:58:537 [IN ] C8 24 06 18 25 A5 06 01 31 03 CF 00 00 0A 9E 25 A5 06 01 31 05 E6 3D 77 00 00 D7 8A 00 C8 24 06 18 25 A5 06 01 31 03 CF 00 00 0A 9E 25 A5 06 01 31 05 E6 3D 77 00 00 D7 8A 00 (58)
                              [N6:H] MOTOR_I 0 0 (0)
                              [N6:H] [undefined] 61 119 0 0 (1031208960)
                              [N6:H] MOTOR_I 0 0 (0)
                              [N6:H] [undefined] 61 119 0 0 (1031208960)
2025-07-02 16:49:58:739 [IN ] C8 24 06 18 25 A5 06 01 31 03 CF 00 00 0A 9E 25 A5 06 01 31 05 E6 3D 77 00 00 D7 8A 00 C8 24 06 0E 25 A5 06 01 31 03 CF 00 00 0A 9E 25 A5 06 01 C8 24 06 0A 01 31 05 E6 3D 77 00 00 D7 8A 9E (63)
                              [N6:H] MOTOR_I 0 0 (0)
                              [N6:H] [undefined] 61 119 0 0 (1031208960)
                              [N6:H] MOTOR_I 0 0 (0)
                              [N6:H] [undefined] 61 119 0 0 (1031208960)
2025-07-02 16:49:58:941 [IN ] C8 24 06 18 25 A5 06 01 31 03 CF 00 00 0A 9E 25 A5 06 01 31 05 E6 3D 77 00 00 D7 8A 00 C8 24 06 18 25 A5 06 01 31 03 CF 00 00 0A 9E 25 A5 06 01 31 05 E6 3D 77 00 00 D7 8A 00 (58)
                              [N6:H] MOTOR_I 0 0 (0)
                              [N6:H] [undefined] 61 119 0 0 (1031208960)
                              [N6:H] MOTOR_I 0 0 (0)
                              [N6:H] [undefined] 61 119 0 0 (1031208960)
2025-07-02 16:49:59:142 [IN ] C8 24 0B 0A 25 A5 0B 01 31 02 DE 03 20 D0 9E C8 24 06 18 25 A5 06 01 31 03 CF 00 00 0A 9E 25 A5 06 01 31 05 E6 3D 77 00 00 D7 8A 00 C8 24 06 18 25 A5 06 01 31 03 CF 00 00 0A 9E 25 A5 06 01 31 
05 E6 3D 77 00 00 D7 8A 00 (73)
                              [N11:NG] NGSWSTATE 3 (3)
                              [N6:H] MOTOR_I 0 0 (0)
                              [N6:H] [undefined] 61 119 0 0 (1031208960)
                              [N6:H] MOTOR_I 0 0 (0)
                              [N6:H] [undefined] 61 119 0 0 (1031208960)
2025-07-02 16:49:59:344 [IN ] C8 24 06 18 25 A5 06 01 31 03 CF 00 00 0A 9E 25 A5 06 01 31 05 E6 3D 77 00 00 D7 8A 00 C8 24 06 18 25 A5 06 01 31 03 CF 00 00 0A 9E 25 A5 06 01 31 05 E6 3D 77 00 00 D7 8A 00 (58)
                              [N6:H] MOTOR_I 0 0 (0)
                              [N6:H] [undefined] 61 119 0 0 (1031208960)
                              [N6:H] MOTOR_I 0 0 (0)
                              [N6:H] [undefined] 61 119 0 0 (1031208960)
2025-07-02 16:49:59:546 [IN ] C8 24 06 18 25 A5 06 01 31 03 CF 00 00 0A 9E 25 A5 06 01 31 05 E6 3D 77 00 00 D7 8A 00 C8 24 06 18 25 A5 06 01 31 03 CF 00 00 0A 9E 25 A5 06 01 31 05 E6 3D 77 00 00 D7 8A 00 (58)
                              [N6:H] MOTOR_I 0 0 (0)
                              [N6:H] [undefined] 61 119 0 0 (1031208960)
                              [N6:H] MOTOR_I 0 0 (0)
                              [N6:H] [undefined] 61 119 0 0 (1031208960)
2025-07-02 16:49:59:747 [IN ] C8 24 06 18 25 A5 06 01 31 03 CF 00 00 0A 9E 25 A5 06 01 31 05 E6 3D 77 00 00 D7 8A 00 C8 24 06 18 25 A5 06 01 31 03 CF 00 00 0A 9E 25 A5 06 01 31 05 E6 3D 77 00 00 D7 8A 00 (58)
                              [N6:H] MOTOR_I 0 0 (0)
                              [N6:H] [undefined] 61 119 0 0 (1031208960)
                              [N6:H] MOTOR_I 0 0 (0)
                              [N6:H] [undefined] 61 119 0 0 (1031208960)
2025-07-02 16:49:59:949 [IN ] C8 24 06 18 25 A5 06 01 31 03 CF 00 00 0A 9E 25 A5 06 01 31 05 E6 3D 77 00 00 D7 8A 00 C8 24 06 18 25 A5 06 01 31 03 CF 00 00 0A 9E 25 A5 06 01 31 05 E6 3D 77 00 00 D7 8A 00 (58)
                              [N6:H] MOTOR_I 0 0 (0)
                              [N6:H] [undefined] 61 119 0 0 (1031208960)
                              [N6:H] MOTOR_I 0 0 (0)
                              [N6:H] [undefined] 61 119 0 0 (1031208960)
2025-07-02 16:50:00:151 [IN ] C8 24 0B 0A 25 A5 0B 01 31 02 DE 03 20 D0 9E C8 24 06 15 25 A5 06 01 31 03 CF 00 00 0A 9E 25 A5 06 01 31 05 E6 3D 77 00 00 C8 24 06 1B 00 D7 8A 25 A5 06 01 31 03 CF 00 00 0A 9E 25 A5 06 01 31 
05 E6 3D 77 00 00 D7 8A 06 (73)
                              [N11:NG] NGSWSTATE 3 (3)
                              [N6:H] MOTOR_I 0 0 (0)
                              [N6:H] [undefined] 61 119 0 0 (1031208960)
                              [N6:H] MOTOR_I 0 0 (0)
                              [N6:H] [undefined] 61 119 0 0 (1031208960)
2025-07-02 16:50:00:353 [IN ] C8 24 06 18 25 A5 06 01 31 03 CF 00 00 0A 9E 25 A5 06 01 31 05 E6 3D 77 00 00 D7 8A 00 C8 24 06 18 25 A5 06 01 31 03 CF 00 00 0A 9E 25 A5 06 01 31 05 E6 3D 77 00 00 D7 8A 00 (58)
                              [N6:H] MOTOR_I 0 0 (0)
                              [N6:H] [undefined] 61 119 0 0 (1031208960)
                              [N6:H] MOTOR_I 0 0 (0)
                              [N6:H] [undefined] 61 119 0 0 (1031208960)
2025-07-02 16:50:00:554 [IN ] C8 24 06 18 25 A5 06 01 31 03 CF 00 00 0A 9E 25 A5 06 01 31 05 E6 3D 77 00 00 D7 8A 00 C8 24 06 18 25 A5 06 01 31 03 CF 00 00 0A 9E 25 A5 06 01 31 05 E6 3D 77 00 00 D7 8A 00 (58)
                              [N6:H] MOTOR_I 0 0 (0)
                              [N6:H] [undefined] 61 119 0 0 (1031208960)
                              [N6:H] MOTOR_I 0 0 (0)
                              [N6:H] [undefined] 61 119 0 0 (1031208960)
2025-07-02 16:50:00:756 [IN ] C8 24 06 18 25 A5 06 01 31 03 CF 00 00 0A 9E 25 A5 06 01 31 05 E6 3D 77 00 00 D7 8A 00 C8 24 06 18 25 A5 06 01 31 03 CF 00 00 0A 9E 25 A5 06 01 31 05 E6 3D 77 00 00 D7 8A 00 (58)
                              [N6:H] MOTOR_I 0 0 (0)
                              [N6:H] [undefined] 61 119 0 0 (1031208960)
                              [N6:H] MOTOR_I 0 0 (0)
                              [N6:H] [undefined] 61 119 0 0 (1031208960)
2025-07-02 16:50:00:958 [IN ] C8 24 06 18 25 A5 06 01 31 03 CF 00 00 0A 9E 25 A5 06 01 31 05 E6 3D 77 00 00 D7 8A 00 C8 24 06 18 25 A5 06 01 31 03 CF 00 00 0A 9E 25 A5 06 01 31 05 E6 3D 77 00 00 D7 8A 00 (58)
                              [N6:H] MOTOR_I 0 0 (0)
                              [N6:H] [undefined] 61 119 0 0 (1031208960)
                              [N6:H] MOTOR_I 0 0 (0)
                              [N6:H] [undefined] 61 119 0 0 (1031208960)
2025-07-02 16:50:01:160 [IN ] C8 24 0B 0A 25 A5 0B 01 31 02 DE 03 20 D0 9E C8 24 06 18 25 A5 06 01 31 03 CF 00 00 0A 9E 25 A5 06 01 31 05 E6 3D 77 00 00 D7 8A 00 C8 24 04 0E 25 A5 04 01 31 06 81 45 FF EE 85 C3 37 D5 01 C8 
24 06 18 25 A5 06 01 31 03 CF 00 00 0A 9E 25 A5 06 01 31 05 E6 3D 77 00 00 D7 8A 00 (92)
                              [N11:NG] NGSWSTATE 3 (3)
                              [N6:H] MOTOR_I 0 0 (0)
                              [N6:H] [undefined] 61 119 0 0 (1031208960)
                              [N4:Y] TPOS 'E' 255 238 133 195 (-1145405)
                              [N6:H] MOTOR_I 0 0 (0)
                              [N6:H] [undefined] 61 119 0 0 (1031208960)
2025-07-02 16:50:01:364 [IN ] C8 24 06 0E 25 A5 06 01 31 03 CF 00 00 0A 9E 25 A5 06 01 C8 24 06 0A 01 31 05 E6 3D 77 00 00 D7 8A 9E C8 24 06 15 25 A5 06 01 31 03 CF 00 00 0A 9E 25 A5 06 01 31 05 E6 3D 77 00 00 (60)
                              [N6:H] MOTOR_I 0 0 (0)
                              [N6:H] [undefined] 61 119 0 0 (1031208960)
                              [N6:H] MOTOR_I 0 0 (0)
2025-07-02 16:50:01:386 [OUT] 25 A5 01 09 31 05 81 FF E7 5D 56 5A 0C (13)
                              [N9:P] TPOS 255 231 93 86 (-1614506)
2025-07-02 16:50:01:408 [OUT] 25 A5 01 04 31 05 81 FF FD 50 01 09 B7 (13)
                              [N4:Y] TPOS 255 253 80 1 (-176127)
2025-07-02 16:50:01:409 [IN ] C8 24 06 1B 00 D7 8A 25 A5 06 01 31 03 CF 00 00 0A 9E 25 A5 06 01 31 05 E6 3D 77 00 00 D7 8A 06 (32)
                              [N6:H] [undefined] 61 119 0 0 (1031208960)
                              [N6:H] MOTOR_I 0 0 (0)
                              [N6:H] [undefined] 61 119 0 0 (1031208960)
2025-07-02 16:50:01:430 [OUT] 25 A5 01 03 31 05 81 FF EB D8 01 7E 89 (13)
                              [N3:X] TPOS 255 235 216 1 (-1320959)
2025-07-02 16:50:01:451 [OUT] 25 A5 01 06 31 02 D8 3F 51 DD (10)
                              [N6:H] INTERRUPT '?'
2025-07-02 16:50:01:753 [IN ] C8 24 06 18 25 A5 06 01 31 03 CF 00 00 0A 9E 25 A5 06 01 31 05 E6 3D 77 00 00 D7 8A 00 C8 24 09 0E 25 A5 09 01 31 06 81 53 FF FF FF F9 0B AA 01 C8 24 06 18 25 A5 06 01 31 03 CF 00 00 0A 9E 25 
A5 06 01 31 05 E6 3D 77 00 00 D7 8A 00 C8 24 04 0E 25 A5 04 01 31 06 81 53 FF EE 85 C3 45 1B 01 C8 24 06 18 25 A5 06 01 31 03 CF 00 00 0A 9E 25 A5 06 01 31 05 E6 3D 77 00 00 D7 8A 00 (125)
                              [N6:H] MOTOR_I 0 0 (0)
                              [N6:H] [undefined] 61 119 0 0 (1031208960)
                              [N9:P] TPOS 'S' 255 255 255 249 (-7)
                              [N6:H] MOTOR_I 0 0 (0)
                              [N6:H] [undefined] 61 119 0 0 (1031208960)
                              [N4:Y] TPOS 'S' 255 238 133 195 (-1145405)
                              [N6:H] MOTOR_I 0 0 (0)
                              [N6:H] [undefined] 61 119 0 0 (1031208960)
2025-07-02 16:50:02:055 [IN ] C8 24 06 18 25 A5 06 01 31 03 CF 00 00 0A 9E 25 A5 06 01 31 05 E6 3D 77 00 00 D7 8A 00 C8 24 03 0E 25 A5 03 01 31 06 81 53 00 00 00 00 0F 7E 01 C8 24 06 18 25 A5 06 01 31 03 CF 00 00 0A 9E 25 
A5 06 01 31 05 E6 3D 77 00 00 D7 8A 00 C8 24 06 0C 25 A5 06 01 31 04 D8 3A 01 01 50 82 A5 C8 24 0B 0A 25 A5 0B 01 31 02 DE 03 20 D0 50 C8 24 06 18 25 A5 06 01 31 03 CF 00 00 0A 9E 25 A5 06 01 
31 05 E6 3D 77 00 00 D7 8A 00 (138)
                              [N6:H] MOTOR_I 0 0 (0)
                              [N6:H] [undefined] 61 119 0 0 (1031208960)
                              [N3:X] TPOS 'S' 0 0 0 0 (0)
                              [N6:H] MOTOR_I 0 0 (0)
                              [N6:H] [undefined] 61 119 0 0 (1031208960)
                              [N6:H] INTERRUPT ':' 1 1 (257)
                              [N11:NG] NGSWSTATE 3 (3)
                              [N6:H] MOTOR_I 0 0 (0)
                              [N6:H] [undefined] 61 119 0 0 (1031208960)
2025-07-02 16:50:02:076 [OUT] 25 A5 01 06 31 03 C9 3D 0B 4C 0C (11)
                              [N6:H] LFLAG '=' 11 (11)
2025-07-02 16:50:02:118 [IN ] C8 24 06 18 25 A5 06 01 31 03 CF 00 00 0A 9E 25 A5 06 (18)
2025-07-02 16:50:02:138 [IN ] 01 31 05 E6 3D 77 00 00 D7 8A 00 (11)
                              [N6:H] MOTOR_I 0 0 (0)
                              [N6:H] [undefined] 61 119 0 0 (1031208960)
2025-07-02 16:50:02:240 [IN ] C8 24 06 18 25 A5 06 01 31 03 CF 00 00 0A 9E 25 A5 06 01 31 05 E6 3D 77 00 00 D7 8A 00 C8 24 06 0B 25 A5 06 01 31 03 C9 3A 0B 49 0B 25 (45)
                              [N6:H] MOTOR_I 0 0 (0)
                              [N6:H] [undefined] 61 119 0 0 (1031208960)
                              [N6:H] LFLAG ':' 11 (11)
2025-07-02 16:50:02:262 [OUT] 25 A5 01 06 31 03 88 FF B0 72 72 (11)
                              [N6:H] RUN 255 176 (-80)
2025-07-02 16:50:02:323 [IN ] C8 24 06 18 25 A5 06 01 31 03 CF 00 00 0A 9E 25 A5 06 01 31 05 E6 3D 77 00 00 D7 8A 00 (29)
                              [N6:H] MOTOR_I 0 0 (0)
                              [N6:H] [undefined] 61 119 0 0 (1031208960)
2025-07-02 16:50:02:445 [IN ] C8 24 06 24 25 A5 06 01 31 03 CF 00 00 0A 9E 25 A5 06 01 31 05 E6 3D 77 00 00 D7 8A 25 A5 06 01 31 04 88 53 FF B0 C6 38 D7 (41)
                              [N6:H] MOTOR_I 0 0 (0)
                              [N6:H] [undefined] 61 119 0 0 (1031208960)
                              [N6:H] RUN 'S' 255 176 (-80)
2025-07-02 16:50:02:647 [IN ] C8 24 06 0E 25 A5 06 01 31 03 CF 00 39 43 D7 25 A5 06 01 C8 24 06 0A 01 31 05 E6 3D 77 FF B0 86 38 D7 C8 24 06 18 25 A5 06 01 31 03 CF 00 28 32 C6 25 A5 06 01 31 05 E6 3D 77 FF B0 86 38 25 (63)
                              [N6:H] MOTOR_I 0 57 (57)
                              [N6:H] [undefined] 61 119 255 176 (1031274416)
                              [N6:H] MOTOR_I 0 40 (40)
                              [N6:H] [undefined] 61 119 255 176 (1031274416)
2025-07-02 16:50:02:848 [IN ] C8 24 06 18 25 A5 06 01 31 03 CF 00 19 23 B7 25 A5 06 01 31 05 E6 3D 77 FF B0 86 38 25 C8 24 06 18 25 A5 06 01 31 03 CF 00 2C 36 CA 25 A5 06 01 31 05 E6 3D 77 FF B0 86 38 25 (58)
                              [N6:H] MOTOR_I 0 25 (25)
                              [N6:H] [undefined] 61 119 255 176 (1031274416)
                              [N6:H] MOTOR_I 0 44 (44)
                              [N6:H] [undefined] 61 119 255 176 (1031274416)
2025-07-02 16:50:03:050 [IN ] C8 24 06 18 25 A5 06 01 31 03 CF 00 39 43 D7 25 A5 06 01 31 05 E6 3D 77 FF B0 86 38 25 C8 24 0B 0A 25 A5 0B 01 31 02 DE 03 20 D0 D7 C8 24 06 18 25 A5 06 01 31 03 CF 00 36 40 D4 25 A5 06 01 31 
05 E6 3D 77 FF B0 86 38 25 (73)
                              [N6:H] MOTOR_I 0 57 (57)
                              [N6:H] [undefined] 61 119 255 176 (1031274416)
                              [N11:NG] NGSWSTATE 3 (3)
                              [N6:H] MOTOR_I 0 54 (54)
                              [N6:H] [undefined] 61 119 255 176 (1031274416)
2025-07-02 16:50:03:252 [IN ] C8 24 06 18 25 A5 06 01 31 03 CF 00 44 4E E2 25 A5 06 01 31 05 E6 3D 77 FF B0 86 38 25 C8 24 06 18 25 A5 06 01 31 03 CF 00 46 50 E4 25 A5 06 01 31 05 E6 3D 77 FF B0 86 38 25 (58)
                              [N6:H] MOTOR_I 0 68 (68)
                              [N6:H] [undefined] 61 119 255 176 (1031274416)
                              [N6:H] MOTOR_I 0 70 (70)
                              [N6:H] [undefined] 61 119 255 176 (1031274416)
2025-07-02 16:50:03:454 [IN ] C8 24 06 18 25 A5 06 01 31 03 CF 00 1C 26 BA 25 A5 06 01 31 05 E6 3D 77 FF B0 86 38 25 C8 24 06 18 25 A5 06 01 31 03 CF 00 39 43 D7 25 A5 06 01 31 05 E6 3D 77 FF B0 86 38 25 (58)
                              [N6:H] MOTOR_I 0 28 (28)
                              [N6:H] [undefined] 61 119 255 176 (1031274416)
                              [N6:H] MOTOR_I 0 57 (57)
                              [N6:H] [undefined] 61 119 255 176 (1031274416)
2025-07-02 16:50:03:655 [IN ] C8 24 06 18 25 A5 06 01 31 03 CF 00 38 42 D6 25 A5 06 01 31 05 E6 3D 77 FF B0 86 38 25 C8 24 06 18 25 A5 06 01 31 03 CF 00 45 4F E3 25 A5 06 01 31 05 E6 3D 77 FF B0 86 38 25 (58)
                              [N6:H] MOTOR_I 0 56 (56)
                              [N6:H] [undefined] 61 119 255 176 (1031274416)
                              [N6:H] MOTOR_I 0 69 (69)
                              [N6:H] [undefined] 61 119 255 176 (1031274416)
2025-07-02 16:50:03:857 [IN ] C8 24 06 18 25 A5 06 01 31 03 CF 00 42 4C E0 25 A5 06 01 31 05 E6 3D 77 FF B0 86 38 25 C8 24 06 15 25 A5 06 01 31 03 CF 00 4C 56 EA 25 A5 06 01 31 05 E6 3D 77 FF B0 (55)
                              [N6:H] MOTOR_I 0 66 (66)
                              [N6:H] [undefined] 61 119 255 176 (1031274416)
                              [N6:H] MOTOR_I 0 76 (76)
2025-07-02 16:50:04:059 [IN ] C8 24 06 1B B0 86 38 25 A5 06 01 31 03 CF 00 3D 47 DB 25 A5 06 01 31 05 E6 3D 77 FF B0 86 38 01 C8 24 0B 0A 25 A5 0B 01 31 02 DE 03 20 D0 00 C8 24 06 18 25 A5 06 01 31 03 CF 00 22 2C C0 25 A5 
06 01 31 05 E6 3D 77 FF B0 86 38 B0 (76)
                              [N6:H] [undefined] 61 119 255 176 (1031274416)
                              [N6:H] MOTOR_I 0 61 (61)
                              [N6:H] [undefined] 61 119 255 176 (1031274416)
                              [N11:NG] NGSWSTATE 3 (3)
                              [N6:H] MOTOR_I 0 34 (34)
                              [N6:H] [undefined] 61 119 255 176 (1031274416)
2025-07-02 16:50:04:260 [IN ] C8 24 06 18 25 A5 06 01 31 03 CF 00 1B 25 B9 25 A5 06 01 31 05 E6 3D 77 FF B0 86 38 B0 C8 24 06 18 25 A5 06 01 31 03 CF 00 2F 39 CD 25 A5 06 01 31 05 E6 3D 77 FF B0 86 38 B0 (58)
                              [N6:H] MOTOR_I 0 27 (27)
                              [N6:H] [undefined] 61 119 255 176 (1031274416)
                              [N6:H] MOTOR_I 0 47 (47)
                              [N6:H] [undefined] 61 119 255 176 (1031274416)
2025-07-02 16:50:04:461 [IN ] C8 24 06 18 25 A5 06 01 31 03 CF 00 51 5B EF 25 A5 06 01 31 05 E6 3D 77 FF B0 86 38 B0 C8 24 06 18 25 A5 06 01 31 03 CF 00 59 63 F7 25 A5 06 01 31 05 E6 3D 77 FF B0 86 38 B0 (58)
                              [N6:H] MOTOR_I 0 81 (81)
                              [N6:H] [undefined] 61 119 255 176 (1031274416)
                              [N6:H] MOTOR_I 0 89 (89)
                              [N6:H] [undefined] 61 119 255 176 (1031274416)
2025-07-02 16:50:04:663 [IN ] C8 24 06 18 25 A5 06 01 31 03 CF 00 46 50 E4 25 A5 06 01 31 05 E6 3D 77 FF B0 86 38 B0 C8 24 06 18 25 A5 06 01 31 03 CF 00 44 4E E2 25 A5 06 01 31 05 E6 3D 77 FF B0 86 38 B0 (58)
                              [N6:H] MOTOR_I 0 70 (70)
                              [N6:H] [undefined] 61 119 255 176 (1031274416)
                              [N6:H] MOTOR_I 0 68 (68)
                              [N6:H] [undefined] 61 119 255 176 (1031274416)
2025-07-02 16:50:04:865 [IN ] C8 24 06 18 25 A5 06 01 31 03 CF 00 36 40 D4 25 A5 06 01 31 05 E6 3D 77 FF B0 86 38 B0 C8 24 06 18 25 A5 06 01 31 03 CF 00 3E 48 DC 25 A5 06 01 31 05 E6 3D 77 FF B0 86 38 B0 (58)
                              [N6:H] MOTOR_I 0 54 (54)
                              [N6:H] [undefined] 61 119 255 176 (1031274416)
                              [N6:H] MOTOR_I 0 62 (62)
                              [N6:H] [undefined] 61 119 255 176 (1031274416)
2025-07-02 16:50:05:066 [IN ] C8 24 06 18 25 A5 06 01 31 03 CF 00 28 32 C6 25 A5 06 01 31 05 E6 3D 77 FF B0 86 38 B0 C8 24 0B 0A 25 A5 0B 01 31 02 DE 03 20 D0 C6 C8 24 06 18 25 A5 06 01 31 03 CF 00 59 63 F7 25 A5 06 01 31 
05 E6 3D 77 FF B0 86 38 B0 (73)
                              [N6:H] MOTOR_I 0 40 (40)
                              [N6:H] [undefined] 61 119 255 176 (1031274416)
                              [N11:NG] NGSWSTATE 3 (3)
                              [N6:H] MOTOR_I 0 89 (89)
                              [N6:H] [undefined] 61 119 255 176 (1031274416)
2025-07-02 16:50:05:273 [IN ] C8 24 06 15 25 A5 06 01 31 03 CF 00 61 6B FF 25 A5 06 01 31 05 E6 3D 77 FF B0 C8 24 0C 0B 25 A5 0C 01 31 03 81 5A 4C 68 DE 25 C8 24 0C 0A 25 A5 0C 01 31 02 81 49 0A 62 DE C8 24 06 1B B0 86 38 
25 A5 06 01 31 03 CF 00 59 63 F7 25 A5 06 01 31 05 E6 3D 77 FF B0 86 38 01 (89)
                              [N6:H] MOTOR_I 0 97 (97)
                              [N12:Z] TPOS 'Z' 76 (76)
                              [N12:Z] TPOS 'I'
                              [N6:H] [undefined] 61 119 255 176 (1031274416)
                              [N6:H] MOTOR_I 0 89 (89)
                              [N6:H] [undefined] 61 119 255 176 (1031274416)
2025-07-02 16:50:05:476 [IN ] C8 24 06 18 25 A5 06 01 31 03 CF 00 56 60 F4 25 A5 06 01 31 05 E6 3D 77 FF B0 86 38 B0 C8 24 06 18 25 A5 06 01 31 03 CF 00 6D 77 0B 25 A5 06 01 31 05 E6 3D 77 FF B0 86 38 B0 (58)
                              [N6:H] MOTOR_I 0 86 (86)
                              [N6:H] [undefined] 61 119 255 176 (1031274416)
                              [N6:H] MOTOR_I 0 109 (109)
                              [N6:H] [undefined] 61 119 255 176 (1031274416)
2025-07-02 16:50:05:498 [OUT] 25 A5 01 0C 31 03 C9 3D 09 50 2E (11)
                              [N12:Z] LFLAG '=' 9 (9)
2025-07-02 16:50:05:560 [IN ] C8 24 06 18 25 A5 06 01 31 03 CF 00 4C 56 EA 25 A5 06 01 31 05 E6 3D 77 FF B0 86 38 B0 (29)
                              [N6:H] MOTOR_I 0 76 (76)
                              [N6:H] [undefined] 61 119 255 176 (1031274416)
2025-07-02 16:50:05:641 [IN ] C8 24 06 18 25 A5 06 01 31 03 CF 00 48 52 E6 25 A5 06 01 31 05 E6 3D 77 FF B0 86 38 B0 (29)
                              [N6:H] MOTOR_I 0 72 (72)
                              [N6:H] [undefined] 61 119 255 176 (1031274416)
2025-07-02 16:50:05:663 [IN ] C8 24 0C 0B 25 A5 0C 01 31 03 C9 3A 09 4D 33 25 (16)
                              [N12:Z] LFLAG ':' 9 (9)
2025-07-02 16:50:05:684 [OUT] 25 A5 01 0C 31 05 81 FF BC D0 00 4F 33 (13)
                              [N12:Z] TPOS 255 188 208 0 (-4403200)
2025-07-02 16:50:05:685 [IN ] C8 24 07 0B 25 A5 07 01 31 03 81 5A 4C 63 BB 25 (16)
                              [N7:N] TPOS 'Z' 76 (76)
2025-07-02 16:50:05:726 [IN ] C8 24 07 0A 25 A5 07 01 31 02 81 49 05 44 BB (15)
                              [N7:N] TPOS 'I'
2025-07-02 16:50:05:748 [IN ] C8 24 06 18 25 A5 06 01 31 03 CF 00 3A 44 D8 25 A5 06 01 31 05 E6 3D 77 FF B0 86 38 B0 (29)
                              [N6:H] MOTOR_I 0 58 (58)
                              [N6:H] [undefined] 61 119 255 176 (1031274416)
2025-07-02 16:50:05:769 [OUT] 25 A5 01 07 31 03 C9 3D 09 4B 10 (11)
                              [N7:N] LFLAG '=' 9 (9)
2025-07-02 16:50:05:851 [IN ] C8 24 06 18 25 A5 06 01 31 03 CF 00 4A 54 E8 25 A5 06 01 31 05 E6 3D 77 FF B0 86 38 B0 (29)
                              [N6:H] MOTOR_I 0 74 (74)
                              [N6:H] [undefined] 61 119 255 176 (1031274416)
2025-07-02 16:50:05:872 [IN ] C8 24 0C 0E 25 A5 0C 01 31 06 81 53 FF FF FF A9 BE 78 01 (19)
                              [N12:Z] TPOS 'S' 255 255 255 169 (-87)
2025-07-02 16:50:05:955 [IN ] C8 24 06 18 25 A5 06 01 31 03 CF 00 54 5E F2 25 A5 06 01 31 05 E6 3D 77 FF B0 86 38 B0 (29)
                              [N6:H] MOTOR_I 0 84 (84)
                              [N6:H] [undefined] 61 119 255 176 (1031274416)
2025-07-02 16:50:05:976 [IN ] C8 24 07 0B 25 A5 07 01 31 03 C9 3A 09 48 10 25 (16)
                              [N7:N] LFLAG ':' 9 (9)
2025-07-02 16:50:05:998 [OUT] 25 A5 01 07 31 05 81 FF AB 19 75 F7 DF (13)
                              [N7:N] TPOS 255 171 25 117 (-5564043)
2025-07-02 16:50:06:059 [IN ] C8 24 0B 0A 25 A5 0B 01 31 02 DE 03 20 D0 10 C8 24 06 18 25 A5 06 01 31 03 CF 00 59 63 F7 25 A5 06 01 31 05 E6 3D 77 FF B0 86 38 B0 (44)
                              [N11:NG] NGSWSTATE 3 (3)
                              [N6:H] MOTOR_I 0 89 (89)
                              [N6:H] [undefined] 61 119 255 176 (1031274416)
2025-07-02 16:50:06:161 [IN ] C8 24 06 18 25 A5 06 01 31 03 CF 00 51 5B EF 25 A5 06 01 31 05 E6 3D 77 FF B0 86 38 B0 (29)
                              [N6:H] MOTOR_I 0 81 (81)
                              [N6:H] [undefined] 61 119 255 176 (1031274416)
2025-07-02 16:50:06:203 [IN ] C8 24 07 0E 25 A5 07 01 31 06 81 53 FF FF FF F6 06 93 01 (19)
                              [N7:N] TPOS 'S' 255 255 255 246 (-10)
2025-07-02 16:50:06:403 [IN ] C8 24 06 18 25 A5 06 01 31 03 CF 00 75 7F 13 25 A5 06 01 31 05 E6 3D 77 FF B0 86 38 B0 C8 24 06 0E 25 A5 06 01 31 03 CF 00 79 83 17 25 A5 06 01 C8 24 06 0A 01 31 05 E6 3D 77 FF B0 86 38 17 (63)
                              [N6:H] MOTOR_I 0 117 (117)
                              [N6:H] [undefined] 61 119 255 176 (1031274416)
                              [N6:H] MOTOR_I 0 121 (121)
                              [N6:H] [undefined] 61 119 255 176 (1031274416)
2025-07-02 16:50:06:605 [IN ] C8 24 06 15 25 A5 06 01 31 03 CF 00 50 5A EE 25 A5 06 01 31 05 E6 3D 77 FF B0 C8 24 06 1B B0 86 38 25 A5 06 01 31 03 CF 00 76 80 14 25 A5 06 01 31 05 E6 3D 77 FF B0 86 38 01 (58)
                              [N6:H] MOTOR_I 0 80 (80)
                              [N6:H] [undefined] 61 119 255 176 (1031274416)
                              [N6:H] MOTOR_I 0 118 (118)
                              [N6:H] [undefined] 61 119 255 176 (1031274416)
2025-07-02 16:50:06:807 [IN ] C8 24 06 18 25 A5 06 01 31 03 CF 00 70 7A 0E 25 A5 06 01 31 05 E6 3D 77 FF B0 86 38 B0 C8 24 06 18 25 A5 06 01 31 03 CF 00 52 5C F0 25 A5 06 01 31 05 E6 3D 77 FF B0 86 38 B0 (58)
                              [N6:H] MOTOR_I 0 112 (112)
                              [N6:H] [undefined] 61 119 255 176 (1031274416)
                              [N6:H] MOTOR_I 0 82 (82)
                              [N6:H] [undefined] 61 119 255 176 (1031274416)
2025-07-02 16:50:07:008 [IN ] C8 24 06 18 25 A5 06 01 31 03 CF 00 2F 39 CD 25 A5 06 01 31 05 E6 3D 77 FF B0 86 38 B0 C8 24 06 18 25 A5 06 01 31 03 CF 00 37 41 D5 25 A5 06 01 31 05 E6 3D 77 FF B0 86 38 B0 (58)
                              [N6:H] MOTOR_I 0 47 (47)
                              [N6:H] [undefined] 61 119 255 176 (1031274416)
                              [N6:H] MOTOR_I 0 55 (55)
                              [N6:H] [undefined] 61 119 255 176 (1031274416)
2025-07-02 16:50:07:210 [IN ] C8 24 0B 0A 25 A5 0B 01 31 02 DE 03 20 D0 D5 C8 24 06 18 25 A5 06 01 31 03 CF 00 5D 67 FB 25 A5 06 01 31 05 E6 3D 77 FF B0 86 38 B0 C8 24 06 18 25 A5 06 01 31 03 CF 00 76 80 14 25 A5 06 01 31 
05 E6 3D 77 FF B0 86 38 B0 (73)
                              [N11:NG] NGSWSTATE 3 (3)
                              [N6:H] MOTOR_I 0 93 (93)
                              [N6:H] [undefined] 61 119 255 176 (1031274416)
                              [N6:H] MOTOR_I 0 118 (118)
                              [N6:H] [undefined] 61 119 255 176 (1031274416)
2025-07-02 16:50:07:412 [IN ] C8 24 06 18 25 A5 06 01 31 03 CF 00 78 82 16 25 A5 06 01 31 05 E6 3D 77 FF B0 86 38 B0 C8 24 06 18 25 A5 06 01 31 03 CF 00 53 5D F1 25 A5 06 01 31 05 E6 3D 77 FF B0 86 38 B0 (58)
                              [N6:H] MOTOR_I 0 120 (120)
                              [N6:H] [undefined] 61 119 255 176 (1031274416)
                              [N6:H] MOTOR_I 0 83 (83)
                              [N6:H] [undefined] 61 119 255 176 (1031274416)
2025-07-02 16:50:07:613 [IN ] C8 24 06 18 25 A5 06 01 31 03 CF 00 5A 64 F8 25 A5 06 01 31 05 E6 3D 77 FF B0 86 38 B0 C8 24 06 18 25 A5 06 01 31 03 CF 00 79 83 17 25 A5 06 01 31 05 E6 3D 77 FF B0 86 38 B0 (58)
                              [N6:H] MOTOR_I 0 90 (90)
                              [N6:H] [undefined] 61 119 255 176 (1031274416)
                              [N6:H] MOTOR_I 0 121 (121)
                              [N6:H] [undefined] 61 119 255 176 (1031274416)
2025-07-02 16:50:07:815 [IN ] C8 24 06 0E 25 A5 06 01 31 03 CF 00 5E 68 FC 25 A5 06 01 C8 24 06 0A 01 31 05 E6 3D 77 FF B0 86 38 FC C8 24 06 18 25 A5 06 01 31 03 CF 00 6E 78 0C 25 A5 06 01 31 05 E6 3D 77 FF B0 86 38 B0 (63)
                              [N6:H] MOTOR_I 0 94 (94)
                              [N6:H] [undefined] 61 119 255 176 (1031274416)
                              [N6:H] MOTOR_I 0 110 (110)
                              [N6:H] [undefined] 61 119 255 176 (1031274416)
2025-07-02 16:50:08:017 [IN ] C8 24 06 18 25 A5 06 01 31 03 CF 00 4C 56 EA 25 A5 06 01 31 05 E6 3D 77 FF B0 86 38 B0 C8 24 06 18 25 A5 06 01 31 03 CF 00 40 4A DE 25 A5 06 01 31 05 E6 3D 77 FF B0 86 38 B0 (58)
                              [N6:H] MOTOR_I 0 76 (76)
                              [N6:H] [undefined] 61 119 255 176 (1031274416)
                              [N6:H] MOTOR_I 0 64 (64)
                              [N6:H] [undefined] 61 119 255 176 (1031274416)
2025-07-02 16:50:08:218 [IN ] C8 24 0B 0A 25 A5 0B 01 31 02 DE 03 20 D0 DE C8 24 06 18 25 A5 06 01 31 03 CF 00 35 3F D3 25 A5 06 01 31 05 E6 3D 77 FF B0 86 38 B0 C8 24 06 18 25 A5 06 01 31 03 CF 00 3B 45 D9 25 A5 06 01 31 
05 E6 3D 77 FF B0 86 38 B0 (73)
                              [N11:NG] NGSWSTATE 3 (3)
                              [N6:H] MOTOR_I 0 53 (53)
                              [N6:H] [undefined] 61 119 255 176 (1031274416)
                              [N6:H] MOTOR_I 0 59 (59)
                              [N6:H] [undefined] 61 119 255 176 (1031274416)
2025-07-02 16:50:08:420 [IN ] C8 24 06 18 25 A5 06 01 31 03 CF 00 53 5D F1 25 A5 06 01 31 05 E6 3D 77 FF B0 86 38 B0 C8 24 06 18 25 A5 06 01 31 03 CF 00 4E 58 EC 25 A5 06 01 31 05 E6 3D 77 FF B0 86 38 B0 (58)
                              [N6:H] MOTOR_I 0 83 (83)
                              [N6:H] [undefined] 61 119 255 176 (1031274416)
                              [N6:H] MOTOR_I 0 78 (78)
                              [N6:H] [undefined] 61 119 255 176 (1031274416)
2025-07-02 16:50:08:622 [IN ] C8 24 06 18 25 A5 06 01 31 03 CF 00 76 80 14 25 A5 06 01 31 05 E6 3D 77 FF B0 86 38 B0 C8 24 06 18 25 A5 06 01 31 03 CF 00 88 92 26 25 A5 06 01 31 05 E6 3D 77 FF B0 86 38 B0 (58)
                              [N6:H] MOTOR_I 0 118 (118)
                              [N6:H] [undefined] 61 119 255 176 (1031274416)
                              [N6:H] MOTOR_I 0 136 (136)
                              [N6:H] [undefined] 61 119 255 176 (1031274416)
2025-07-02 16:50:08:823 [IN ] C8 24 06 18 25 A5 06 01 31 03 CF 00 63 6D 01 25 A5 06 01 31 05 E6 3D 77 FF B0 86 38 B0 C8 24 06 18 25 A5 06 01 31 03 CF 00 74 7E 12 25 A5 06 01 31 05 E6 3D 77 FF B0 86 38 B0 (58)
                              [N6:H] MOTOR_I 0 99 (99)
                              [N6:H] [undefined] 61 119 255 176 (1031274416)
                              [N6:H] MOTOR_I 0 116 (116)
                              [N6:H] [undefined] 61 119 255 176 (1031274416)
2025-07-02 16:50:09:025 [IN ] C8 24 06 18 25 A5 06 01 31 03 CF 00 94 9E 32 25 A5 06 01 31 05 E6 3D 77 FF B0 86 38 B0 C8 24 06 15 25 A5 06 01 31 03 CF 00 7A 84 18 25 A5 06 01 31 05 E6 3D 77 FF B0 (55)
                              [N6:H] MOTOR_I 0 148 (148)
                              [N6:H] [undefined] 61 119 255 176 (1031274416)
                              [N6:H] MOTOR_I 0 122 (122)
2025-07-02 16:50:09:229 [IN ] C8 24 0B 0A 25 A5 0B 01 31 02 DE 03 20 D0 18 C8 24 06 1B B0 86 38 25 A5 06 01 31 03 CF 00 7C 86 1A 25 A5 06 01 31 05 E6 3D 77 FF B0 86 38 01 C8 24 06 18 25 A5 06 01 31 03 CF 00 58 62 F6 25 A5 
06 01 31 05 E6 3D 77 FF B0 86 38 B0 (76)
                              [N11:NG] NGSWSTATE 3 (3)
                              [N6:H] [undefined] 61 119 255 176 (1031274416)
                              [N6:H] MOTOR_I 0 124 (124)
                              [N6:H] [undefined] 61 119 255 176 (1031274416)
                              [N6:H] MOTOR_I 0 88 (88)
                              [N6:H] [undefined] 61 119 255 176 (1031274416)
2025-07-02 16:50:09:430 [IN ] C8 24 06 18 25 A5 06 01 31 03 CF 00 7E 88 1C 25 A5 06 01 31 05 E6 3D 77 FF B0 86 38 B0 C8 24 06 18 25 A5 06 01 31 03 CF 00 4A 54 E8 25 A5 06 01 31 05 E6 3D 77 FF B0 86 38 B0 (58)
                              [N6:H] MOTOR_I 0 126 (126)
                              [N6:H] [undefined] 61 119 255 176 (1031274416)
                              [N6:H] MOTOR_I 0 74 (74)
                              [N6:H] [undefined] 61 119 255 176 (1031274416)
2025-07-02 16:50:09:632 [IN ] C8 24 06 18 25 A5 06 01 31 03 CF 00 46 50 E4 25 A5 06 01 31 05 E6 3D 77 FF B0 86 38 B0 C8 24 03 0E 25 A5 03 01 31 06 81 45 FF EB D6 AF 70 50 01 C8 24 06 18 25 A5 06 01 31 03 CF 00 4C 56 EA 25 
A5 06 01 31 05 E6 3D 77 FF B0 86 38 B0 (77)
                              [N6:H] MOTOR_I 0 70 (70)
                              [N6:H] [undefined] 61 119 255 176 (1031274416)
                              [N3:X] TPOS 'E' 255 235 214 175 (-1321297)
                              [N6:H] MOTOR_I 0 76 (76)
                              [N6:H] [undefined] 61 119 255 176 (1031274416)
2025-07-02 16:50:09:836 [IN ] C8 24 06 18 25 A5 06 01 31 03 CF 00 48 52 E6 25 A5 06 01 31 05 E6 3D 77 FF B0 86 38 B0 C8 24 06 18 25 A5 06 01 31 03 CF 00 6F 79 0D 25 A5 06 01 31 05 E6 3D 77 FF B0 86 38 B0 (58)
                              [N6:H] MOTOR_I 0 72 (72)
                              [N6:H] [undefined] 61 119 255 176 (1031274416)
                              [N6:H] MOTOR_I 0 111 (111)
                              [N6:H] [undefined] 61 119 255 176 (1031274416)
2025-07-02 16:50:10:038 [IN ] C8 24 06 18 25 A5 06 01 31 03 CF 00 80 8A 1E 25 A5 06 01 31 05 E6 3D 77 FF B0 86 38 B0 C8 24 06 18 25 A5 06 01 31 03 CF 00 73 7D 11 25 A5 06 01 31 05 E6 3D 77 FF B0 86 38 B0 (58)
                              [N6:H] MOTOR_I 0 128 (128)
                              [N6:H] [undefined] 61 119 255 176 (1031274416)
                              [N6:H] MOTOR_I 0 115 (115)
                              [N6:H] [undefined] 61 119 255 176 (1031274416)
2025-07-02 16:50:10:060 [OUT] 25 A5 01 03 31 05 81 FF FD 50 01 08 AF (13)
                              [N3:X] TPOS 255 253 80 1 (-176127)
2025-07-02 16:50:10:080 [IN ] C8 24 0B 0A 25 A5 0B 01 31 02 DE 03 20 D0 11 (15)
                              [N11:NG] NGSWSTATE 3 (3)
2025-07-02 16:50:10:101 [IN ] C8 24 06 18 25 A5 06 01 31 03 CF 00 70 7A 0E 25 A5 06 01 31 05 E6 3D 77 FF B0 86 38 B0 (29)
                              [N6:H] MOTOR_I 0 112 (112)
                              [N6:H] [undefined] 61 119 255 176 (1031274416)
2025-07-02 16:50:10:162 [IN ] C8 24 06 0E 25 A5 06 01 31 03 CF 00 63 6D 01 25 A5 06 01 (19)
                              [N6:H] MOTOR_I 0 99 (99)
2025-07-02 16:50:10:184 [IN ] C8 24 06 0A 01 31 05 E6 3D 77 FF B0 86 38 01 (15)
                              [N6:H] [undefined] 61 119 255 176 (1031274416)
2025-07-02 16:50:10:245 [IN ] C8 24 03 0E 25 A5 03 01 31 06 81 53 FF EB D6 AF 7E 96 01 (19)
                              [N3:X] TPOS 'S' 255 235 214 175 (-1321297)
2025-07-02 16:50:10:448 [IN ] C8 24 06 15 25 A5 06 01 31 03 CF 00 8A 94 28 25 A5 06 01 31 05 E6 3D 77 FF B0 C8 24 04 0E 25 A5 04 01 31 06 81 45 FF FD 4F AC F9 7F 01 C8 24 06 1B B0 86 38 25 A5 06 01 31 03 CF 00 6C 76 0A 25 
A5 06 01 31 05 E6 3D 77 FF B0 86 38 01 (77)
                              [N6:H] MOTOR_I 0 138 (138)
                              [N4:Y] TPOS 'E' 255 253 79 172 (-176212)
                              [N6:H] [undefined] 61 119 255 176 (1031274416)
                              [N6:H] MOTOR_I 0 108 (108)
                              [N6:H] [undefined] 61 119 255 176 (1031274416)
2025-07-02 16:50:10:650 [IN ] C8 24 06 18 25 A5 06 01 31 03 CF 00 95 9F 33 25 A5 06 01 31 05 E6 3D 77 FF B0 86 38 B0 C8 24 06 18 25 A5 06 01 31 03 CF 00 86 90 24 25 A5 06 01 31 05 E6 3D 77 FF B0 86 38 B0 (58)
                              [N6:H] MOTOR_I 0 149 (149)
                              [N6:H] [undefined] 61 119 255 176 (1031274416)
                              [N6:H] MOTOR_I 0 134 (134)
                              [N6:H] [undefined] 61 119 255 176 (1031274416)
2025-07-02 16:50:10:851 [IN ] C8 24 06 18 25 A5 06 01 31 03 CF 00 72 7C 10 25 A5 06 01 31 05 E6 3D 77 FF B0 86 38 B0 C8 24 06 18 25 A5 06 01 31 03 CF 00 5A 64 F8 25 A5 06 01 31 05 E6 3D 77 FF B0 86 38 B0 (58)
                              [N6:H] MOTOR_I 0 114 (114)
                              [N6:H] [undefined] 61 119 255 176 (1031274416)
                              [N6:H] MOTOR_I 0 90 (90)
                              [N6:H] [undefined] 61 119 255 176 (1031274416)
2025-07-02 16:50:11:053 [IN ] C8 24 06 18 25 A5 06 01 31 03 CF 00 4F 59 ED 25 A5 06 01 31 05 E6 3D 77 FF B0 86 38 B0 C8 24 06 18 25 A5 06 01 31 03 CF 00 6B 75 09 25 A5 06 01 31 05 E6 3D 77 FF B0 86 38 B0 (58)
                              [N6:H] MOTOR_I 0 79 (79)
                              [N6:H] [undefined] 61 119 255 176 (1031274416)
                              [N6:H] MOTOR_I 0 107 (107)
                              [N6:H] [undefined] 61 119 255 176 (1031274416)
2025-07-02 16:50:11:255 [IN ] C8 24 0B 0A 25 A5 0B 01 31 02 DE 03 20 D0 09 C8 24 06 18 25 A5 06 01 31 03 CF 00 72 7C 10 25 A5 06 01 31 05 E6 3D 77 FF B0 86 38 B0 C8 24 06 18 25 A5 06 01 31 03 CF 00 5B 65 F9 25 A5 06 01 31 
05 E6 3D 77 FF B0 86 38 B0 (73)
                              [N11:NG] NGSWSTATE 3 (3)
                              [N6:H] MOTOR_I 0 114 (114)
                              [N6:H] [undefined] 61 119 255 176 (1031274416)
                              [N6:H] MOTOR_I 0 91 (91)
                              [N6:H] [undefined] 61 119 255 176 (1031274416)
2025-07-02 16:50:11:457 [IN ] C8 24 06 18 25 A5 06 01 31 03 CF 00 52 5C F0 25 A5 06 01 31 05 E6 3D 77 FF B0 86 38 B0 C8 24 06 18 25 A5 06 01 31 03 CF 00 71 7B 0F 25 A5 06 01 31 05 E6 3D 77 FF B0 86 38 B0 (58)
                              [N6:H] MOTOR_I 0 82 (82)
                              [N6:H] [undefined] 61 119 255 176 (1031274416)
                              [N6:H] MOTOR_I 0 113 (113)
                              [N6:H] [undefined] 61 119 255 176 (1031274416)
2025-07-02 16:50:11:659 [IN ] C8 24 06 0E 25 A5 06 01 31 03 CF 00 77 81 15 25 A5 06 01 C8 24 06 0A 01 31 05 E6 3D 77 FF B0 86 38 15 C8 24 06 18 25 A5 06 01 31 03 CF 00 98 A2 36 25 A5 06 01 31 05 E6 3D 77 FF B0 86 38 B0 C8 
24 09 0E 25 A5 09 01 31 06 81 45 FF E7 5C 04 4D E1 01 (82)
                              [N6:H] MOTOR_I 0 119 (119)
                              [N6:H] [undefined] 61 119 255 176 (1031274416)
                              [N6:H] MOTOR_I 0 152 (152)
                              [N6:H] [undefined] 61 119 255 176 (1031274416)
                              [N9:P] TPOS 'E' 255 231 92 4 (-1614844)
2025-07-02 16:50:11:862 [IN ] C8 24 06 18 25 A5 06 01 31 03 CF 00 86 90 24 25 A5 06 01 31 05 E6 3D 77 FF B0 86 38 B0 C8 24 06 18 25 A5 06 01 31 03 CF 00 9D A7 3B 25 A5 06 01 31 05 E6 3D 77 FF B0 86 38 B0 (58)
                              [N6:H] MOTOR_I 0 134 (134)
                              [N6:H] [undefined] 61 119 255 176 (1031274416)
                              [N6:H] MOTOR_I 0 157 (157)
                              [N6:H] [undefined] 61 119 255 176 (1031274416)
2025-07-02 16:50:12:065 [IN ] C8 24 06 18 25 A5 06 01 31 03 CF 00 86 90 24 25 A5 06 01 31 05 E6 3D 77 FF B0 86 38 B0 C8 24 06 18 25 A5 06 01 31 03 CF 00 A2 AC 40 25 A5 06 01 31 05 E6 3D 77 FF B0 86 38 B0 (58)
                              [N6:H] MOTOR_I 0 134 (134)
                              [N6:H] [undefined] 61 119 255 176 (1031274416)
                              [N6:H] MOTOR_I 0 162 (162)
                              [N6:H] [undefined] 61 119 255 176 (1031274416)
2025-07-02 16:50:12:087 [OUT] 25 A5 01 09 31 05 81 FF FF D9 C8 60 BE (13)
                              [N9:P] TPOS 255 255 217 200 (-9784)
2025-07-02 16:50:12:088 [IN ] C8 24 0B 0A 25 A5 0B 01 31 02 DE 03 20 D0 40 (15)
                              [N11:NG] NGSWSTATE 3 (3)
2025-07-02 16:50:12:108 [IN ] C8 24 06 18 25 A5 06 01 31 03 CF 00 9D A7 3B 25 A5 06 01 31 05 E6 3D 77 FF B0 86 38 B0 (29)
                              [N6:H] MOTOR_I 0 157 (157)
                              [N6:H] [undefined] 61 119 255 176 (1031274416)
2025-07-02 16:50:12:210 [IN ] C8 24 06 18 25 A5 06 01 31 03 CF 00 68 72 06 25 A5 06 01 31 05 E6 3D 77 FF B0 86 38 B0 (29)
                              [N6:H] MOTOR_I 0 104 (104)
                              [N6:H] [undefined] 61 119 255 176 (1031274416)
2025-07-02 16:50:12:272 [IN ] C8 24 09 0E 25 A5 09 01 31 06 81 53 FF E7 5C 0C 63 2F 01 (19)
                              [N9:P] TPOS 'S' 255 231 92 12 (-1614836)
2025-07-02 16:50:12:474 [IN ] C8 24 06 18 25 A5 06 01 31 03 CF 00 9B A5 39 25 A5 06 01 31 05 E6 3D 77 FF B0 86 38 B0 C8 24 06 18 25 A5 06 01 31 03 CF 00 69 73 07 25 A5 06 01 31 05 E6 3D 77 FF B0 86 38 B0 (58)
                              [N6:H] MOTOR_I 0 155 (155)
                              [N6:H] [undefined] 61 119 255 176 (1031274416)
                              [N6:H] MOTOR_I 0 105 (105)
                              [N6:H] [undefined] 61 119 255 176 (1031274416)
2025-07-02 16:50:12:675 [IN ] C8 24 06 18 25 A5 06 01 31 03 CF 00 8A 94 28 25 A5 06 01 31 05 E6 3D 77 FF B0 86 38 B0 C8 24 06 18 25 A5 06 01 31 03 CF 00 91 9B 2F 25 A5 06 01 31 05 E6 3D 77 FF B0 86 38 B0 (58)
                              [N6:H] MOTOR_I 0 138 (138)
                              [N6:H] [undefined] 61 119 255 176 (1031274416)
                              [N6:H] MOTOR_I 0 145 (145)
                              [N6:H] [undefined] 61 119 255 176 (1031274416)
2025-07-02 16:50:12:877 [IN ] C8 24 06 18 25 A5 06 01 31 03 CF 00 7B 85 19 25 A5 06 01 31 05 E6 3D 77 FF B0 86 38 B0 C8 24 06 0E 25 A5 06 01 31 03 CF 00 7D 87 1B 25 A5 06 01 C8 24 06 0A 01 31 05 E6 3D 77 FF B0 86 38 1B (63)
                              [N6:H] MOTOR_I 0 123 (123)
                              [N6:H] [undefined] 61 119 255 176 (1031274416)
                              [N6:H] MOTOR_I 0 125 (125)
                              [N6:H] [undefined] 61 119 255 176 (1031274416)
2025-07-02 16:50:13:079 [IN ] C8 24 06 18 25 A5 06 01 31 03 CF 00 7D 87 1B 25 A5 06 01 31 05 E6 3D 77 FF B0 86 38 B0 C8 24 06 18 25 A5 06 01 31 03 CF 00 5F 69 FD 25 A5 06 01 31 05 E6 3D 77 FF B0 86 38 B0 (58)
                              [N6:H] MOTOR_I 0 125 (125)
                              [N6:H] [undefined] 61 119 255 176 (1031274416)
                              [N6:H] MOTOR_I 0 95 (95)
                              [N6:H] [undefined] 61 119 255 176 (1031274416)
2025-07-02 16:50:13:281 [IN ] C8 24 0B 0A 25 A5 0B 01 31 02 DE 03 20 D0 FD C8 24 06 18 25 A5 06 01 31 03 CF 00 61 6B FF 25 A5 06 01 31 05 E6 3D 77 FF B0 86 38 B0 C8 24 06 18 25 A5 06 01 31 03 CF 00 73 7D 11 25 A5 06 01 31 
05 E6 3D 77 FF B0 86 38 B0 (73)
                              [N11:NG] NGSWSTATE 3 (3)
                              [N6:H] MOTOR_I 0 97 (97)
                              [N6:H] [undefined] 61 119 255 176 (1031274416)
                              [N6:H] MOTOR_I 0 115 (115)
                              [N6:H] [undefined] 61 119 255 176 (1031274416)
2025-07-02 16:50:13:482 [IN ] C8 24 06 18 25 A5 06 01 31 03 CF 00 69 73 07 25 A5 06 01 31 05 E6 3D 77 FF B0 86 38 B0 C8 24 06 18 25 A5 06 01 31 03 CF 00 94 9E 32 25 A5 06 01 31 05 E6 3D 77 FF B0 86 38 B0 (58)
                              [N6:H] MOTOR_I 0 105 (105)
                              [N6:H] [undefined] 61 119 255 176 (1031274416)
                              [N6:H] MOTOR_I 0 148 (148)
                              [N6:H] [undefined] 61 119 255 176 (1031274416)
2025-07-02 16:50:13:684 [IN ] C8 24 06 18 25 A5 06 01 31 03 CF 00 7B 85 19 25 A5 06 01 31 05 E6 3D 77 FF B0 86 38 B0 C8 24 06 18 25 A5 06 01 31 03 CF 00 87 91 25 25 A5 06 01 31 05 E6 3D 77 FF B0 86 38 B0 (58)
                              [N6:H] MOTOR_I 0 123 (123)
                              [N6:H] [undefined] 61 119 255 176 (1031274416)
                              [N6:H] MOTOR_I 0 135 (135)
                              [N6:H] [undefined] 61 119 255 176 (1031274416)
2025-07-02 16:50:13:885 [IN ] C8 24 06 18 25 A5 06 01 31 03 CF 00 77 81 15 25 A5 06 01 31 05 E6 3D 77 FF B0 86 38 B0 C8 24 06 18 25 A5 06 01 31 03 CF 00 97 A1 35 25 A5 06 01 31 05 E6 3D 77 FF B0 86 38 B0 (58)
                              [N6:H] MOTOR_I 0 119 (119)
                              [N6:H] [undefined] 61 119 255 176 (1031274416)
                              [N6:H] MOTOR_I 0 151 (151)
                              [N6:H] [undefined] 61 119 255 176 (1031274416)
2025-07-02 16:50:14:087 [IN ] C8 24 06 18 25 A5 06 01 31 03 CF 00 77 81 15 25 A5 06 01 31 05 E6 3D 77 FF B0 86 38 B0 C8 24 06 18 25 A5 06 01 31 03 CF 00 75 7F 13 25 A5 06 01 31 05 E6 3D 77 FF B0 86 38 B0 (58)
                              [N6:H] MOTOR_I 0 119 (119)
                              [N6:H] [undefined] 61 119 255 176 (1031274416)
                              [N6:H] MOTOR_I 0 117 (117)
                              [N6:H] [undefined] 61 119 255 176 (1031274416)
2025-07-02 16:50:14:289 [IN ] C8 24 0B 0A 25 A5 0B 01 31 02 DE 03 20 D0 13 C8 24 06 15 25 A5 06 01 31 03 CF 00 75 7F 13 25 A5 06 01 31 05 E6 3D 77 FF B0 C8 24 06 1B B0 86 38 25 A5 06 01 31 03 CF 00 9A A4 38 25 A5 06 01 31 
05 E6 3D 77 FF B0 86 38 01 (73)
                              [N11:NG] NGSWSTATE 3 (3)
                              [N6:H] MOTOR_I 0 117 (117)
                              [N6:H] [undefined] 61 119 255 176 (1031274416)
                              [N6:H] MOTOR_I 0 154 (154)
                              [N6:H] [undefined] 61 119 255 176 (1031274416)
2025-07-02 16:50:14:491 [IN ] C8 24 06 18 25 A5 06 01 31 03 CF 00 8A 94 28 25 A5 06 01 31 05 E6 3D 77 FF B0 86 38 B0 C8 24 06 18 25 A5 06 01 31 03 CF 00 74 7E 12 25 A5 06 01 31 05 E6 3D 77 FF B0 86 38 B0 (58)
                              [N6:H] MOTOR_I 0 138 (138)
                              [N6:H] [undefined] 61 119 255 176 (1031274416)
                              [N6:H] MOTOR_I 0 116 (116)
                              [N6:H] [undefined] 61 119 255 176 (1031274416)
2025-07-02 16:50:14:692 [IN ] C8 24 06 18 25 A5 06 01 31 03 CF 00 B0 BA 4E 25 A5 06 01 31 05 E6 3D 77 FF B0 86 38 B0 C8 24 06 18 25 A5 06 01 31 03 CF 00 A0 AA 3E 25 A5 06 01 31 05 E6 3D 77 FF B0 86 38 B0 (58)
                              [N6:H] MOTOR_I 0 176 (176)
                              [N6:H] [undefined] 61 119 255 176 (1031274416)
                              [N6:H] MOTOR_I 0 160 (160)
                              [N6:H] [undefined] 61 119 255 176 (1031274416)
2025-07-02 16:50:14:894 [IN ] C8 24 06 18 25 A5 06 01 31 03 CF 00 9D A7 3B 25 A5 06 01 31 05 E6 3D 77 FF B0 86 38 B0 C8 24 06 18 25 A5 06 01 31 03 CF 00 96 A0 34 25 A5 06 01 31 05 E6 3D 77 FF B0 86 38 B0 (58)
                              [N6:H] MOTOR_I 0 157 (157)
                              [N6:H] [undefined] 61 119 255 176 (1031274416)
                              [N6:H] MOTOR_I 0 150 (150)
                              [N6:H] [undefined] 61 119 255 176 (1031274416)
2025-07-02 16:50:15:096 [IN ] C8 24 06 18 25 A5 06 01 31 03 CF 00 98 A2 36 25 A5 06 01 31 05 E6 3D 77 FF B0 86 38 B0 C8 24 06 18 25 A5 06 01 31 03 CF 00 86 90 24 25 A5 06 01 31 05 E6 3D 77 FF B0 86 38 B0 (58)
                              [N6:H] MOTOR_I 0 152 (152)
                              [N6:H] [undefined] 61 119 255 176 (1031274416)
                              [N6:H] MOTOR_I 0 134 (134)
                              [N6:H] [undefined] 61 119 255 176 (1031274416)
2025-07-02 16:50:15:298 [IN ] C8 24 0B 0A 25 A5 0B 01 31 02 DE 03 20 D0 24 C8 24 06 18 25 A5 06 01 31 03 CF 00 70 7A 0E 25 A5 06 01 31 05 E6 3D 77 FF B0 86 38 B0 C8 24 06 18 25 A5 06 01 31 03 CF 00 95 9F 33 25 A5 06 01 31 
05 E6 3D 77 FF B0 86 38 B0 (73)
                              [N11:NG] NGSWSTATE 3 (3)
                              [N6:H] MOTOR_I 0 112 (112)
                              [N6:H] [undefined] 61 119 255 176 (1031274416)
                              [N6:H] MOTOR_I 0 149 (149)
                              [N6:H] [undefined] 61 119 255 176 (1031274416)
2025-07-02 16:50:15:499 [IN ] C8 24 06 0E 25 A5 06 01 31 03 CF 00 96 A0 34 25 A5 06 01 C8 24 06 0A 01 31 05 E6 3D 77 FF B0 86 38 34 C8 24 06 15 25 A5 06 01 31 03 CF 00 7B 85 19 25 A5 06 01 31 05 E6 3D 77 FF B0 (60)
                              [N6:H] MOTOR_I 0 150 (150)
                              [N6:H] [undefined] 61 119 255 176 (1031274416)
                              [N6:H] MOTOR_I 0 123 (123)
2025-07-02 16:50:15:701 [IN ] C8 24 06 1B B0 86 38 25 A5 06 01 31 03 CF 00 4C 56 EA 25 A5 06 01 31 05 E6 3D 77 FF B0 86 38 01 C8 24 06 18 25 A5 06 01 31 03 CF 00 6B 75 09 25 A5 06 01 31 05 E6 3D 77 FF B0 86 38 B0 (61)
                              [N6:H] [undefined] 61 119 255 176 (1031274416)
                              [N6:H] MOTOR_I 0 76 (76)
                              [N6:H] [undefined] 61 119 255 176 (1031274416)
                              [N6:H] MOTOR_I 0 107 (107)
                              [N6:H] [undefined] 61 119 255 176 (1031274416)
2025-07-02 16:50:15:902 [IN ] C8 24 06 18 25 A5 06 01 31 03 CF 00 4B 55 E9 25 A5 06 01 31 05 E6 3D 77 FF B0 86 38 B0 C8 24 06 18 25 A5 06 01 31 03 CF 00 68 72 06 25 A5 06 01 31 05 E6 3D 77 FF B0 86 38 B0 (58)
                              [N6:H] MOTOR_I 0 75 (75)
                              [N6:H] [undefined] 61 119 255 176 (1031274416)
                              [N6:H] MOTOR_I 0 104 (104)
                              [N6:H] [undefined] 61 119 255 176 (1031274416)
2025-07-02 16:50:16:104 [IN ] C8 24 06 18 25 A5 06 01 31 03 CF 00 8B 95 29 25 A5 06 01 31 05 E6 3D 77 FF B0 86 38 B0 C8 24 06 18 25 A5 06 01 31 03 CF 00 66 70 04 25 A5 06 01 31 05 E6 3D 77 FF B0 86 38 B0 (58)
                              [N6:H] MOTOR_I 0 139 (139)
                              [N6:H] [undefined] 61 119 255 176 (1031274416)
                              [N6:H] MOTOR_I 0 102 (102)
                              [N6:H] [undefined] 61 119 255 176 (1031274416)
2025-07-02 16:50:16:306 [IN ] C8 24 0B 0A 25 A5 0B 01 31 02 DE 03 20 D0 04 C8 24 06 18 25 A5 06 01 31 03 CF 00 7C 86 1A 25 A5 06 01 31 05 E6 3D 77 FF B0 86 38 B0 C8 24 06 18 25 A5 06 01 31 03 CF 00 77 81 15 25 A5 06 01 31 
05 E6 3D 77 FF B0 86 38 B0 (73)
                              [N11:NG] NGSWSTATE 3 (3)
                              [N6:H] MOTOR_I 0 124 (124)
                              [N6:H] [undefined] 61 119 255 176 (1031274416)
                              [N6:H] MOTOR_I 0 119 (119)
                              [N6:H] [undefined] 61 119 255 176 (1031274416)
2025-07-02 16:50:16:507 [IN ] C8 24 06 18 25 A5 06 01 31 03 CF 00 7A 84 18 25 A5 06 01 31 05 E6 3D 77 FF B0 86 38 B0 C8 24 06 18 25 A5 06 01 31 03 CF 00 7A 84 18 25 A5 06 01 31 05 E6 3D 77 FF B0 86 38 B0 (58)
                              [N6:H] MOTOR_I 0 122 (122)
                              [N6:H] [undefined] 61 119 255 176 (1031274416)
                              [N6:H] MOTOR_I 0 122 (122)
                              [N6:H] [undefined] 61 119 255 176 (1031274416)
2025-07-02 16:50:16:709 [IN ] C8 24 06 18 25 A5 06 01 31 03 CF 00 AC B6 4A 25 A5 06 01 31 05 E6 3D 77 FF B0 86 38 B0 C8 24 06 0E 25 A5 06 01 31 03 CF 00 79 83 17 25 A5 06 01 C8 24 06 0A 01 31 05 E6 3D 77 FF B0 86 38 17 (63)
                              [N6:H] MOTOR_I 0 172 (172)
                              [N6:H] [undefined] 61 119 255 176 (1031274416)
                              [N6:H] MOTOR_I 0 121 (121)
                              [N6:H] [undefined] 61 119 255 176 (1031274416)
2025-07-02 16:50:16:911 [IN ] C8 24 06 18 25 A5 06 01 31 03 CF 00 7A 84 18 25 A5 06 01 31 05 E6 3D 77 FF B0 86 38 B0 C8 24 06 18 25 A5 06 01 31 03 CF 00 79 83 17 25 A5 06 01 31 05 E6 3D 77 FF B0 86 38 B0 (58)
                              [N6:H] MOTOR_I 0 122 (122)
                              [N6:H] [undefined] 61 119 255 176 (1031274416)
                              [N6:H] MOTOR_I 0 121 (121)
                              [N6:H] [undefined] 61 119 255 176 (1031274416)
2025-07-02 16:50:17:112 [IN ] C8 24 06 18 25 A5 06 01 31 03 CF 00 B6 C0 54 25 A5 06 01 31 05 E6 3D 77 FF B0 86 38 B0 C8 24 06 18 25 A5 06 01 31 03 CF 00 7D 87 1B 25 A5 06 01 31 05 E6 3D 77 FF B0 86 38 B0 C8 24 0B 0A 25 A5 
0B 01 31 02 DE 03 20 D0 1B (73)
                              [N6:H] MOTOR_I 0 182 (182)
                              [N6:H] [undefined] 61 119 255 176 (1031274416)
                              [N6:H] MOTOR_I 0 125 (125)
                              [N6:H] [undefined] 61 119 255 176 (1031274416)
                              [N11:NG] NGSWSTATE 3 (3)
2025-07-02 16:50:17:314 [IN ] C8 24 06 18 25 A5 06 01 31 03 CF 00 A4 AE 42 25 A5 06 01 31 05 E6 3D 77 FF B0 86 38 B0 C8 24 06 18 25 A5 06 01 31 03 CF 00 97 A1 35 25 A5 06 01 31 05 E6 3D 77 FF B0 86 38 B0 (58)
                              [N6:H] MOTOR_I 0 164 (164)
                              [N6:H] [undefined] 61 119 255 176 (1031274416)
                              [N6:H] MOTOR_I 0 151 (151)
                              [N6:H] [undefined] 61 119 255 176 (1031274416)
2025-07-02 16:50:17:515 [IN ] C8 24 06 18 25 A5 06 01 31 03 CF 00 D1 DB 6F 25 A5 06 01 31 05 E6 3D 77 FF B0 86 38 B0 C8 24 06 18 25 A5 06 01 31 03 CF 00 7A 84 18 25 A5 06 01 31 05 E6 3D 77 FF B0 86 38 B0 (58)
                              [N6:H] MOTOR_I 0 209 (209)
                              [N6:H] [undefined] 61 119 255 176 (1031274416)
                              [N6:H] MOTOR_I 0 122 (122)
                              [N6:H] [undefined] 61 119 255 176 (1031274416)
2025-07-02 16:50:17:717 [IN ] C8 24 06 18 25 A5 06 01 31 03 CF 00 AF B9 4D 25 A5 06 01 31 05 E6 3D 77 FF B0 86 38 B0 C8 24 06 18 25 A5 06 01 31 03 CF 00 B2 BC 50 25 A5 06 01 31 05 E6 3D 77 FF B0 86 38 B0 (58)
                              [N6:H] MOTOR_I 0 175 (175)
                              [N6:H] [undefined] 61 119 255 176 (1031274416)
                              [N6:H] MOTOR_I 0 178 (178)
                              [N6:H] [undefined] 61 119 255 176 (1031274416)
2025-07-02 16:50:17:919 [IN ] C8 24 06 18 25 A5 06 01 31 03 CF 00 7A 84 18 25 A5 06 01 31 05 E6 3D 77 FF B0 86 38 B0 C8 24 06 18 25 A5 06 01 31 03 CF 00 89 93 27 25 A5 06 01 31 05 E6 3D 77 FF B0 86 38 B0 (58)
                              [N6:H] MOTOR_I 0 122 (122)
                              [N6:H] [undefined] 61 119 255 176 (1031274416)
                              [N6:H] MOTOR_I 0 137 (137)
                              [N6:H] [undefined] 61 119 255 176 (1031274416)
2025-07-02 16:50:18:120 [IN ] C8 24 06 15 25 A5 06 01 31 03 CF 00 B1 BB 4F 25 A5 06 01 31 05 E6 3D 77 FF B0 C8 24 06 1B B0 86 38 25 A5 06 01 31 03 CF 00 A1 AB 3F 25 A5 06 01 31 05 E6 3D 77 FF B0 86 38 01 C8 24 0B 0A 25 A5 
0B 01 31 02 DE 03 20 D0 00 (73)
                              [N6:H] MOTOR_I 0 177 (177)
                              [N6:H] [undefined] 61 119 255 176 (1031274416)
                              [N6:H] MOTOR_I 0 161 (161)
                              [N6:H] [undefined] 61 119 255 176 (1031274416)
                              [N11:NG] NGSWSTATE 3 (3)
2025-07-02 16:50:18:322 [IN ] C8 24 06 18 25 A5 06 01 31 03 CF 00 A2 AC 40 25 A5 06 01 31 05 E6 3D 77 FF B0 86 38 B0 C8 24 06 18 25 A5 06 01 31 03 CF 00 76 80 14 25 A5 06 01 31 05 E6 3D 77 FF B0 86 38 B0 (58)
                              [N6:H] MOTOR_I 0 162 (162)
                              [N6:H] [undefined] 61 119 255 176 (1031274416)
                              [N6:H] MOTOR_I 0 118 (118)
                              [N6:H] [undefined] 61 119 255 176 (1031274416)
2025-07-02 16:50:18:524 [IN ] C8 24 06 18 25 A5 06 01 31 03 CF 00 98 A2 36 25 A5 06 01 31 05 E6 3D 77 FF B0 86 38 B0 C8 24 06 18 25 A5 06 01 31 03 CF 00 A4 AE 42 25 A5 06 01 31 05 E6 3D 77 FF B0 86 38 B0 (58)
                              [N6:H] MOTOR_I 0 152 (152)
                              [N6:H] [undefined] 61 119 255 176 (1031274416)
                              [N6:H] MOTOR_I 0 164 (164)
                              [N6:H] [undefined] 61 119 255 176 (1031274416)
2025-07-02 16:50:18:725 [IN ] C8 24 06 18 25 A5 06 01 31 03 CF 00 81 8B 1F 25 A5 06 01 31 05 E6 3D 77 FF B0 86 38 B0 C8 24 06 18 25 A5 06 01 31 03 CF 00 85 8F 23 25 A5 06 01 31 05 E6 3D 77 FF B0 86 38 B0 (58)
                              [N6:H] MOTOR_I 0 129 (129)
                              [N6:H] [undefined] 61 119 255 176 (1031274416)
                              [N6:H] MOTOR_I 0 133 (133)
                              [N6:H] [undefined] 61 119 255 176 (1031274416)
2025-07-02 16:50:18:927 [IN ] C8 24 06 18 25 A5 06 01 31 03 CF 00 98 A2 36 25 A5 06 01 31 05 E6 3D 77 FF B0 86 38 B0 C8 24 06 18 25 A5 06 01 31 03 CF 00 74 7E 12 25 A5 06 01 31 05 E6 3D 77 FF B0 86 38 B0 (58)
                              [N6:H] MOTOR_I 0 152 (152)
                              [N6:H] [undefined] 61 119 255 176 (1031274416)
                              [N6:H] MOTOR_I 0 116 (116)
                              [N6:H] [undefined] 61 119 255 176 (1031274416)
2025-07-02 16:50:19:129 [IN ] C8 24 06 18 25 A5 06 01 31 03 CF 00 6D 77 0B 25 A5 06 01 31 05 E6 3D 77 FF B0 86 38 B0 C8 24 06 18 25 A5 06 01 31 03 CF 00 78 82 16 25 A5 06 01 31 05 E6 3D 77 FF B0 86 38 B0 (58)
                              [N6:H] MOTOR_I 0 109 (109)
                              [N6:H] [undefined] 61 119 255 176 (1031274416)
                              [N6:H] MOTOR_I 0 120 (120)
                              [N6:H] [undefined] 61 119 255 176 (1031274416)
2025-07-02 16:50:19:330 [IN ] C8 24 06 0E 25 A5 06 01 31 03 CF 00 75 7F 13 25 A5 06 01 C8 24 0B 0A 25 A5 0B 01 31 02 DE 03 20 D0 13 C8 24 06 0A 01 31 05 E6 3D 77 FF B0 86 38 13 C8 24 06 15 25 A5 06 01 31 03 CF 00 65 6F 03 
25 A5 06 01 31 05 E6 3D 77 FF B0 (75)
                              [N6:H] MOTOR_I 0 117 (117)
                              [N6:H] MOTOR_I 0 101 (101)
2025-07-02 16:50:19:532 [IN ] C8 24 06 1B B0 86 38 25 A5 06 01 31 03 CF 00 6D 77 0B 25 A5 06 01 31 05 E6 3D 77 FF B0 86 38 01 C8 24 06 18 25 A5 06 01 31 03 CF 00 71 7B 0F 25 A5 06 01 31 05 E6 3D 77 FF B0 86 38 B0 (61)
                              [N6:H] [undefined] 61 119 255 176 (1031274416)
                              [N6:H] MOTOR_I 0 109 (109)
                              [N6:H] [undefined] 61 119 255 176 (1031274416)
                              [N6:H] MOTOR_I 0 113 (113)
                              [N6:H] [undefined] 61 119 255 176 (1031274416)
2025-07-02 16:50:19:733 [IN ] C8 24 06 18 25 A5 06 01 31 03 CF 00 72 7C 10 25 A5 06 01 31 05 E6 3D 77 FF B0 86 38 B0 C8 24 06 18 25 A5 06 01 31 03 CF 00 72 7C 10 25 A5 06 01 31 05 E6 3D 77 FF B0 86 38 B0 (58)
                              [N6:H] MOTOR_I 0 114 (114)
                              [N6:H] [undefined] 61 119 255 176 (1031274416)
                              [N6:H] MOTOR_I 0 114 (114)
                              [N6:H] [undefined] 61 119 255 176 (1031274416)
2025-07-02 16:50:19:935 [IN ] C8 24 06 18 25 A5 06 01 31 03 CF 00 98 A2 36 25 A5 06 01 31 05 E6 3D 77 FF B0 86 38 B0 C8 24 06 18 25 A5 06 01 31 03 CF 00 80 8A 1E 25 A5 06 01 31 05 E6 3D 77 FF B0 86 38 B0 (58)
                              [N6:H] MOTOR_I 0 152 (152)
                              [N6:H] [undefined] 61 119 255 176 (1031274416)
                              [N6:H] MOTOR_I 0 128 (128)
                              [N6:H] [undefined] 61 119 255 176 (1031274416)
2025-07-02 16:50:20:137 [IN ] C8 24 06 18 25 A5 06 01 31 03 CF 00 75 7F 13 25 A5 06 01 31 05 E6 3D 77 FF B0 86 38 B0 C8 24 06 18 25 A5 06 01 31 03 CF 00 79 83 17 25 A5 06 01 31 05 E6 3D 77 FF B0 86 38 B0 (58)
                              [N6:H] MOTOR_I 0 117 (117)
                              [N6:H] [undefined] 61 119 255 176 (1031274416)
                              [N6:H] MOTOR_I 0 121 (121)
                              [N6:H] [undefined] 61 119 255 176 (1031274416)
2025-07-02 16:50:20:339 [IN ] C8 24 0B 0A 25 A5 0B 01 31 02 DE 03 20 D0 17 C8 24 06 18 25 A5 06 01 31 03 CF 00 B2 BC 50 25 A5 06 01 31 05 E6 3D 77 FF B0 86 38 B0 C8 24 06 18 25 A5 06 01 31 03 CF 00 9A A4 38 25 A5 06 01 31 
05 E6 3D 77 FF B0 86 38 B0 (73)
                              [N11:NG] NGSWSTATE 3 (3)
                              [N6:H] MOTOR_I 0 178 (178)
                              [N6:H] [undefined] 61 119 255 176 (1031274416)
                              [N6:H] MOTOR_I 0 154 (154)
                              [N6:H] [undefined] 61 119 255 176 (1031274416)
2025-07-02 16:50:20:540 [IN ] C8 24 06 18 25 A5 06 01 31 03 CF 00 A7 B1 45 25 A5 06 01 31 05 E6 3D 77 FF B0 86 38 B0 C8 24 06 0E 25 A5 06 01 31 03 CF 00 B1 BB 4F 25 A5 06 01 C8 24 06 0A 01 31 05 E6 3D 77 FF B0 86 38 4F (63)
                              [N6:H] MOTOR_I 0 167 (167)
                              [N6:H] [undefined] 61 119 255 176 (1031274416)
                              [N6:H] MOTOR_I 0 177 (177)
                              [N6:H] [undefined] 61 119 255 176 (1031274416)
2025-07-02 16:50:20:742 [IN ] C8 24 06 15 25 A5 06 01 31 03 CF 00 AA B4 48 25 A5 06 01 31 05 E6 3D 77 FF B0 C8 24 06 1B B0 86 38 25 A5 06 01 31 03 CF 00 93 9D 31 25 A5 06 01 31 05 E6 3D 77 FF B0 86 38 01 (58)
                              [N6:H] MOTOR_I 0 170 (170)
                              [N6:H] [undefined] 61 119 255 176 (1031274416)
                              [N6:H] MOTOR_I 0 147 (147)
                              [N6:H] [undefined] 61 119 255 176 (1031274416)
2025-07-02 16:50:20:943 [IN ] C8 24 06 18 25 A5 06 01 31 03 CF 00 85 8F 23 25 A5 06 01 31 05 E6 3D 77 FF B0 86 38 B0 C8 24 06 18 25 A5 06 01 31 03 CF 00 B7 C1 55 25 A5 06 01 31 05 E6 3D 77 FF B0 86 38 B0 (58)
                              [N6:H] MOTOR_I 0 133 (133)
                              [N6:H] [undefined] 61 119 255 176 (1031274416)
                              [N6:H] MOTOR_I 0 183 (183)
                              [N6:H] [undefined] 61 119 255 176 (1031274416)
2025-07-02 16:50:21:145 [IN ] C8 24 06 18 25 A5 06 01 31 03 CF 00 B3 BD 51 25 A5 06 01 31 05 E6 3D 77 FF B0 86 38 B0 C8 24 06 18 25 A5 06 01 31 03 CF 00 B1 BB 4F 25 A5 06 01 31 05 E6 3D 77 FF B0 86 38 B0 (58)
                              [N6:H] MOTOR_I 0 179 (179)
                              [N6:H] [undefined] 61 119 255 176 (1031274416)
                              [N6:H] MOTOR_I 0 177 (177)
                              [N6:H] [undefined] 61 119 255 176 (1031274416)
2025-07-02 16:50:21:347 [IN ] C8 24 0B 0A 25 A5 0B 01 31 02 DE 03 20 D0 4F C8 24 06 18 25 A5 06 01 31 03 CF 00 83 8D 21 25 A5 06 01 31 05 E6 3D 77 FF B0 86 38 B0 C8 24 06 18 25 A5 06 01 31 03 CF 00 A6 B0 44 25 A5 06 01 31 
05 E6 3D 77 FF B0 86 38 B0 C8 24 03 0E 25 A5 03 01 31 06 81 45 FF FD 50 44 91 0F 01 (92)
                              [N11:NG] NGSWSTATE 3 (3)
                              [N6:H] MOTOR_I 0 131 (131)
                              [N6:H] [undefined] 61 119 255 176 (1031274416)
                              [N6:H] MOTOR_I 0 166 (166)
                              [N6:H] [undefined] 61 119 255 176 (1031274416)
                              [N3:X] TPOS 'E' 255 253 80 68 (-176060)
2025-07-02 16:50:21:549 [IN ] C8 24 06 18 25 A5 06 01 31 03 CF 00 87 91 25 25 A5 06 01 31 05 E6 3D 77 FF B0 86 38 B0 C8 24 06 18 25 A5 06 01 31 03 CF 00 8B 95 29 25 A5 06 01 31 05 E6 3D 77 FF B0 86 38 B0 (58)
                              [N6:H] MOTOR_I 0 135 (135)
                              [N6:H] [undefined] 61 119 255 176 (1031274416)
                              [N6:H] MOTOR_I 0 139 (139)
                              [N6:H] [undefined] 61 119 255 176 (1031274416)
2025-07-02 16:50:21:751 [IN ] C8 24 06 18 25 A5 06 01 31 03 CF 00 76 80 14 25 A5 06 01 31 05 E6 3D 77 FF B0 86 38 B0 C8 24 06 18 25 A5 06 01 31 03 CF 00 9B A5 39 25 A5 06 01 31 05 E6 3D 77 FF B0 86 38 B0 (58)
                              [N6:H] MOTOR_I 0 118 (118)
                              [N6:H] [undefined] 61 119 255 176 (1031274416)
                              [N6:H] MOTOR_I 0 155 (155)
                              [N6:H] [undefined] 61 119 255 176 (1031274416)
2025-07-02 16:50:21:953 [IN ] C8 24 06 0E 25 A5 06 01 31 03 CF 00 AD B7 4B 25 A5 06 01 C8 24 06 0A 01 31 05 E6 3D 77 FF B0 86 38 4B C8 24 06 18 25 A5 06 01 31 03 CF 00 8C 96 2A 25 A5 06 01 31 05 E6 3D 77 FF B0 86 38 B0 (63)
                              [N6:H] MOTOR_I 0 173 (173)
                              [N6:H] [undefined] 61 119 255 176 (1031274416)
                              [N6:H] MOTOR_I 0 140 (140)
                              [N6:H] [undefined] 61 119 255 176 (1031274416)
2025-07-02 16:50:22:154 [IN ] C8 24 06 18 25 A5 06 01 31 03 CF 00 7E 88 1C 25 A5 06 01 31 05 E6 3D 77 FF B0 86 38 B0 C8 24 06 18 25 A5 06 01 31 03 CF 00 AE B8 4C 25 A5 06 01 31 05 E6 3D 77 FF B0 86 38 B0 (58)
                              [N6:H] MOTOR_I 0 126 (126)
                              [N6:H] [undefined] 61 119 255 176 (1031274416)
                              [N6:H] MOTOR_I 0 174 (174)
                              [N6:H] [undefined] 61 119 255 176 (1031274416)
2025-07-02 16:50:22:356 [IN ] C8 24 0B 0A 25 A5 0B 01 31 02 DE 03 20 D0 4C C8 24 06 18 25 A5 06 01 31 03 CF 00 98 A2 36 25 A5 06 01 31 05 E6 3D 77 FF B0 86 38 B0 C8 24 06 18 25 A5 06 01 31 03 CF 00 74 7E 12 25 A5 06 01 31 
05 E6 3D 77 FF B0 86 38 B0 (73)
                              [N11:NG] NGSWSTATE 3 (3)
                              [N6:H] MOTOR_I 0 152 (152)
                              [N6:H] [undefined] 61 119 255 176 (1031274416)
                              [N6:H] MOTOR_I 0 116 (116)
                              [N6:H] [undefined] 61 119 255 176 (1031274416)
2025-07-02 16:50:22:558 [IN ] C8 24 06 18 25 A5 06 01 31 03 CF 00 8B 95 29 25 A5 06 01 31 05 E6 3D 77 FF B0 86 38 B0 C8 24 06 18 25 A5 06 01 31 03 CF 00 97 A1 35 25 A5 06 01 31 05 E6 3D 77 FF B0 86 38 B0 (58)
                              [N6:H] MOTOR_I 0 139 (139)
                              [N6:H] [undefined] 61 119 255 176 (1031274416)
                              [N6:H] MOTOR_I 0 151 (151)
                              [N6:H] [undefined] 61 119 255 176 (1031274416)
2025-07-02 16:50:22:760 [IN ] C8 24 06 18 25 A5 06 01 31 03 CF 00 7B 85 19 25 A5 06 01 31 05 E6 3D 77 FF B0 86 38 B0 C8 24 09 0E 25 A5 09 01 31 06 81 45 FF FF DA 0C EB 2D 01 C8 24 06 18 25 A5 06 01 31 03 CF 00 A4 AE 42 25 
A5 06 01 31 05 E6 3D 77 FF B0 86 38 B0 (77)
                              [N6:H] MOTOR_I 0 123 (123)
                              [N6:H] [undefined] 61 119 255 176 (1031274416)
                              [N9:P] TPOS 'E' 255 255 218 12 (-9716)
                              [N6:H] MOTOR_I 0 164 (164)
                              [N6:H] [undefined] 61 119 255 176 (1031274416)
2025-07-02 16:50:22:983 [OUT] 25 A5 01 08 31 02 D8 3F 53 E7 (10)
                              [N8:R] INTERRUPT '?'
2025-07-02 16:50:22:984 [IN ] C8 24 06 18 25 A5 06 01 31 03 CF 00 AB B5 49 25 A5 06 01 31 05 E6 3D 77 FF B0 86 38 B0 C8 24 06 18 25 A5 06 01 31 03 CF 00 A6 B0 44 25 A5 06 01 31 05 E6 3D 77 FF B0 86 38 B0 (58)
                              [N6:H] MOTOR_I 0 171 (171)
                              [N6:H] [undefined] 61 119 255 176 (1031274416)
                              [N6:H] MOTOR_I 0 166 (166)
                              [N6:H] [undefined] 61 119 255 176 (1031274416)
2025-07-02 16:50:23:289 [IN ] C8 24 06 18 25 A5 06 01 31 03 CF 00 AB B5 49 25 A5 06 01 31 05 E6 3D 77 FF B0 86 38 B0 C8 24 06 15 25 A5 06 01 31 03 CF 00 99 A3 37 25 A5 06 01 31 05 E6 3D 77 FF B0 C8 24 08 0C 25 A5 08 01 31 
04 D8 3A 01 01 52 92 A5 C8 24 0B 0A 25 A5 0B 01 31 02 DE 03 20 D0 52 C8 24 06 1B B0 86 38 25 A5 06 01 31 03 CF 00 7A 84 18 25 A5 06 01 31 05 E6 3D 77 FF B0 86 38 01 C8 24 06 18 25 A5 06 01 31 
03 CF 00 83 8D 21 25 A5 06 01 31 05 E6 3D 77 FF B0 86 38 B0 (148)
                              [N6:H] MOTOR_I 0 171 (171)
                              [N6:H] [undefined] 61 119 255 176 (1031274416)
                              [N6:H] MOTOR_I 0 153 (153)
                              [N8:R] INTERRUPT ':' 1 1 (257)
                              [N11:NG] NGSWSTATE 3 (3)
                              [N6:H] [undefined] 61 119 255 176 (1031274416)
                              [N6:H] MOTOR_I 0 122 (122)
                              [N6:H] [undefined] 61 119 255 176 (1031274416)
                              [N6:H] MOTOR_I 0 131 (131)
                              [N6:H] [undefined] 61 119 255 176 (1031274416)
2025-07-02 16:50:23:310 [OUT] 25 A5 01 08 31 03 CA 3D 0B 4F 1B (11)
                              [N8:R] RFLAG '=' 11 (11)
2025-07-02 16:50:23:392 [IN ] C8 24 06 18 25 A5 06 01 31 03 CF 00 60 6A FE 25 A5 06 01 31 05 E6 3D 77 FF B0 86 38 B0 (29)
                              [N6:H] MOTOR_I 0 96 (96)
                              [N6:H] [undefined] 61 119 255 176 (1031274416)
2025-07-02 16:50:23:474 [IN ] C8 24 08 0B 25 A5 08 01 31 03 CA 3A 0B 4C 1C 25 C8 24 06 18 25 A5 06 01 31 03 CF 00 7D 87 1B 25 A5 06 01 31 (36)
                              [N8:R] RFLAG ':' 11 (11)
2025-07-02 16:50:23:495 [OUT] 25 A5 01 08 31 03 88 00 50 15 20 (11)
                              [N8:R] RUN 0 80 (80)
2025-07-02 16:50:23:496 [IN ] 05 E6 3D 77 FF B0 86 38 B0 (9)
                              [N6:H] MOTOR_I 0 125 (125)
                              [N6:H] [undefined] 61 119 255 176 (1031274416)
2025-07-02 16:50:23:598 [IN ] C8 24 06 18 25 A5 06 01 31 03 CF 00 53 5D F1 25 A5 06 01 31 05 E6 3D 77 FF B0 86 38 B0 (29)
                              [N6:H] MOTOR_I 0 83 (83)
                              [N6:H] [undefined] 61 119 255 176 (1031274416)
2025-07-02 16:50:23:660 [IN ] C8 24 08 0C 25 A5 08 01 31 04 88 53 00 50 69 EA A5 (17)
                              [N8:R] RUN 'S' 0 80 (80)
2025-07-02 16:50:23:861 [IN ] C8 24 06 18 25 A5 06 01 31 03 CF 00 5A 64 F8 25 A5 06 01 31 05 E6 3D 77 FF B0 86 38 B0 C8 24 06 18 25 A5 06 01 31 03 CF 00 81 8B 1F 25 A5 06 01 31 05 E6 3D 77 FF B0 86 38 B0 (58)
                              [N6:H] MOTOR_I 0 90 (90)
                              [N6:H] [undefined] 61 119 255 176 (1031274416)
                              [N6:H] MOTOR_I 0 129 (129)
                              [N6:H] [undefined] 61 119 255 176 (1031274416)
2025-07-02 16:50:24:062 [IN ] C8 24 06 18 25 A5 06 01 31 03 CF 00 86 90 24 25 A5 06 01 31 05 E6 3D 77 FF B0 86 38 B0 C8 24 06 18 25 A5 06 01 31 03 CF 00 B6 C0 54 25 A5 06 01 31 05 E6 3D 77 FF B0 86 38 B0 (58)
                              [N6:H] MOTOR_I 0 134 (134)
                              [N6:H] [undefined] 61 119 255 176 (1031274416)
                              [N6:H] MOTOR_I 0 182 (182)
                              [N6:H] [undefined] 61 119 255 176 (1031274416)
2025-07-02 16:50:24:264 [IN ] C8 24 06 18 25 A5 06 01 31 03 CF 00 99 A3 37 25 A5 06 01 31 05 E6 3D 77 FF B0 86 38 B0 C8 24 0B 0A 25 A5 0B 01 31 02 DE 03 20 D0 37 C8 24 06 18 25 A5 06 01 31 03 CF 00 97 A1 35 25 A5 06 01 31 
05 E6 3D 77 FF B0 86 38 B0 (73)
                              [N6:H] MOTOR_I 0 153 (153)
                              [N6:H] [undefined] 61 119 255 176 (1031274416)
                              [N11:NG] NGSWSTATE 3 (3)
                              [N6:H] MOTOR_I 0 151 (151)
                              [N6:H] [undefined] 61 119 255 176 (1031274416)
2025-07-02 16:50:24:466 [IN ] C8 24 06 0E 25 A5 06 01 31 03 CF 00 7D 87 1B 25 A5 06 01 C8 24 06 0A 01 31 05 E6 3D 77 FF B0 86 38 1B C8 24 06 15 25 A5 06 01 31 03 CF 00 96 A0 34 25 A5 06 01 31 05 E6 3D 77 FF B0 (60)
                              [N6:H] MOTOR_I 0 125 (125)
                              [N6:H] [undefined] 61 119 255 176 (1031274416)
                              [N6:H] MOTOR_I 0 150 (150)
2025-07-02 16:50:24:667 [IN ] C8 24 06 1B B0 86 38 25 A5 06 01 31 03 CF 00 80 8A 1E 25 A5 06 01 31 05 E6 3D 77 FF B0 86 38 01 C8 24 06 18 25 A5 06 01 31 03 CF 00 A4 AE 42 25 A5 06 01 31 05 E6 3D 77 FF B0 86 38 B0 (61)
                              [N6:H] [undefined] 61 119 255 176 (1031274416)
                              [N6:H] MOTOR_I 0 128 (128)
                              [N6:H] [undefined] 61 119 255 176 (1031274416)
                              [N6:H] MOTOR_I 0 164 (164)
                              [N6:H] [undefined] 61 119 255 176 (1031274416)
2025-07-02 16:50:24:869 [IN ] C8 24 06 18 25 A5 06 01 31 03 CF 00 D1 DB 6F 25 A5 06 01 31 05 E6 3D 77 FF B0 86 38 B0 C8 24 06 18 25 A5 06 01 31 03 CF 00 9A A4 38 25 A5 06 01 31 05 E6 3D 77 FF B0 86 38 B0 (58)
                              [N6:H] MOTOR_I 0 209 (209)
                              [N6:H] [undefined] 61 119 255 176 (1031274416)
                              [N6:H] MOTOR_I 0 154 (154)
                              [N6:H] [undefined] 61 119 255 176 (1031274416)
2025-07-02 16:50:25:071 [IN ] C8 24 06 18 25 A5 06 01 31 03 CF 00 7A 84 18 25 A5 06 01 31 05 E6 3D 77 FF B0 86 38 B0 C8 24 06 18 25 A5 06 01 31 03 CF 00 89 93 27 25 A5 06 01 31 05 E6 3D 77 FF B0 86 38 B0 (58)
                              [N6:H] MOTOR_I 0 122 (122)
                              [N6:H] [undefined] 61 119 255 176 (1031274416)
                              [N6:H] MOTOR_I 0 137 (137)
                              [N6:H] [undefined] 61 119 255 176 (1031274416)
2025-07-02 16:50:25:273 [IN ] C8 24 06 18 25 A5 06 01 31 03 CF 00 B7 C1 55 25 A5 06 01 31 05 E6 3D 77 FF B0 86 38 B0 C8 24 0B 0A 25 A5 0B 01 31 02 DE 03 20 D0 55 C8 24 06 18 25 A5 06 01 31 03 CF 00 89 93 27 25 A5 06 01 31 
05 E6 3D 77 FF B0 86 38 B0 (73)
                              [N6:H] MOTOR_I 0 183 (183)
                              [N6:H] [undefined] 61 119 255 176 (1031274416)
                              [N11:NG] NGSWSTATE 3 (3)
                              [N6:H] MOTOR_I 0 137 (137)
                              [N6:H] [undefined] 61 119 255 176 (1031274416)
2025-07-02 16:50:25:474 [IN ] C8 24 06 18 25 A5 06 01 31 03 CF 00 8B 95 29 25 A5 06 01 31 05 E6 3D 77 FF B0 86 38 B0 C8 24 06 18 25 A5 06 01 31 03 CF 00 88 92 26 25 A5 06 01 31 05 E6 3D 77 FF B0 86 38 B0 (58)
                              [N6:H] MOTOR_I 0 139 (139)
                              [N6:H] [undefined] 61 119 255 176 (1031274416)
                              [N6:H] MOTOR_I 0 136 (136)
                              [N6:H] [undefined] 61 119 255 176 (1031274416)
2025-07-02 16:50:25:676 [IN ] C8 24 06 18 25 A5 06 01 31 03 CF 00 BF C9 5D 25 A5 06 01 31 05 E6 3D 77 FF B0 86 38 B0 C8 24 06 0E 25 A5 06 01 31 03 CF 00 9B A5 39 25 A5 06 01 C8 24 06 0A 01 31 05 E6 3D 77 FF B0 86 38 39 (63)
                              [N6:H] MOTOR_I 0 191 (191)
                              [N6:H] [undefined] 61 119 255 176 (1031274416)
                              [N6:H] MOTOR_I 0 155 (155)
                              [N6:H] [undefined] 61 119 255 176 (1031274416)
2025-07-02 16:50:25:878 [IN ] C8 24 06 18 25 A5 06 01 31 03 CF 00 C0 CA 5E 25 A5 06 01 31 05 E6 3D 77 FF B0 86 38 B0 C8 24 06 18 25 A5 06 01 31 03 CF 00 85 8F 23 25 A5 06 01 31 05 E6 3D 77 FF B0 86 38 B0 (58)
                              [N6:H] MOTOR_I 0 192 (192)
                              [N6:H] [undefined] 61 119 255 176 (1031274416)
                              [N6:H] MOTOR_I 0 133 (133)
                              [N6:H] [undefined] 61 119 255 176 (1031274416)
2025-07-02 16:50:26:079 [IN ] C8 24 06 18 25 A5 06 01 31 03 CF 00 AC B6 4A 25 A5 06 01 31 05 E6 3D 77 FF B0 86 38 B0 C8 24 06 18 25 A5 06 01 31 03 CF 00 BC C6 5A 25 A5 06 01 31 05 E6 3D 77 FF B0 86 38 B0 (58)
                              [N6:H] MOTOR_I 0 172 (172)
                              [N6:H] [undefined] 61 119 255 176 (1031274416)
                              [N6:H] MOTOR_I 0 188 (188)
                              [N6:H] [undefined] 61 119 255 176 (1031274416)
2025-07-02 16:50:26:281 [IN ] C8 24 06 18 25 A5 06 01 31 03 CF 00 83 8D 21 25 A5 06 01 31 05 E6 3D 77 FF B0 86 38 B0 C8 24 0B 0A 25 A5 0B 01 31 02 DE 03 20 D0 21 C8 24 06 18 25 A5 06 01 31 03 CF 00 8A 94 28 25 A5 06 01 31 
05 E6 3D 77 FF B0 86 38 B0 (73)
                              [N6:H] MOTOR_I 0 131 (131)
                              [N6:H] [undefined] 61 119 255 176 (1031274416)
                              [N11:NG] NGSWSTATE 3 (3)
                              [N6:H] MOTOR_I 0 138 (138)
                              [N6:H] [undefined] 61 119 255 176 (1031274416)
2025-07-02 16:50:26:483 [IN ] C8 24 06 18 25 A5 06 01 31 03 CF 00 87 91 25 25 A5 06 01 31 05 E6 3D 77 FF B0 86 38 B0 C8 24 06 18 25 A5 06 01 31 03 CF 00 7C 86 1A 25 A5 06 01 31 05 E6 3D 77 FF B0 86 38 B0 (58)
                              [N6:H] MOTOR_I 0 135 (135)
                              [N6:H] [undefined] 61 119 255 176 (1031274416)
                              [N6:H] MOTOR_I 0 124 (124)
                              [N6:H] [undefined] 61 119 255 176 (1031274416)
2025-07-02 16:50:26:684 [IN ] C8 24 06 18 25 A5 06 01 31 03 CF 00 82 8C 20 25 A5 06 01 31 05 E6 3D 77 FF B0 86 38 B0 C8 24 06 18 25 A5 06 01 31 03 CF 00 9D A7 3B 25 A5 06 01 31 05 E6 3D 77 FF B0 86 38 B0 (58)
                              [N6:H] MOTOR_I 0 130 (130)
                              [N6:H] [undefined] 61 119 255 176 (1031274416)
                              [N6:H] MOTOR_I 0 157 (157)
                              [N6:H] [undefined] 61 119 255 176 (1031274416)
2025-07-02 16:50:26:886 [IN ] C8 24 06 18 25 A5 06 01 31 03 CF 00 B7 C1 55 25 A5 06 01 31 05 E6 3D 77 FF B0 86 38 B0 C8 24 06 18 25 A5 06 01 31 03 CF 00 B3 BD 51 25 A5 06 01 31 05 E6 3D 77 FF B0 86 38 B0 (58)
                              [N6:H] MOTOR_I 0 183 (183)
                              [N6:H] [undefined] 61 119 255 176 (1031274416)
                              [N6:H] MOTOR_I 0 179 (179)
                              [N6:H] [undefined] 61 119 255 176 (1031274416)
2025-07-02 16:50:27:088 [IN ] C8 24 06 0E 25 A5 06 01 31 03 CF 00 7F 89 1D 25 A5 06 01 C8 24 06 0A 01 31 05 E6 3D 77 FF B0 86 38 1D C8 24 06 18 25 A5 06 01 31 03 CF 00 B0 BA 4E 25 A5 06 01 31 05 E6 3D 77 FF B0 86 38 B0 (63)
                              [N6:H] MOTOR_I 0 127 (127)
                              [N6:H] [undefined] 61 119 255 176 (1031274416)
                              [N6:H] MOTOR_I 0 176 (176)
                              [N6:H] [undefined] 61 119 255 176 (1031274416)
2025-07-02 16:50:27:289 [IN ] C8 24 06 18 25 A5 06 01 31 03 CF 00 B8 C2 56 25 A5 06 01 31 05 E6 3D 77 FF B0 86 38 B0 C8 24 0B 0A 25 A5 0B 01 31 02 DE 03 20 D0 56 C8 24 06 18 25 A5 06 01 31 03 CF 00 96 A0 34 25 A5 06 01 31 
05 E6 3D 77 FF B0 86 38 B0 (73)
                              [N6:H] MOTOR_I 0 184 (184)
                              [N6:H] [undefined] 61 119 255 176 (1031274416)
                              [N11:NG] NGSWSTATE 3 (3)
                              [N6:H] MOTOR_I 0 150 (150)
                              [N6:H] [undefined] 61 119 255 176 (1031274416)
2025-07-02 16:50:27:491 [IN ] C8 24 06 18 25 A5 06 01 31 03 CF 00 A9 B3 47 25 A5 06 01 31 05 E6 3D 77 FF B0 86 38 B0 C8 24 06 18 25 A5 06 01 31 03 CF 00 81 8B 1F 25 A5 06 01 31 05 E6 3D 77 FF B0 86 38 B0 (58)
                              [N6:H] MOTOR_I 0 169 (169)
                              [N6:H] [undefined] 61 119 255 176 (1031274416)
                              [N6:H] MOTOR_I 0 129 (129)
                              [N6:H] [undefined] 61 119 255 176 (1031274416)
2025-07-02 16:50:27:693 [IN ] C8 24 06 18 25 A5 06 01 31 03 CF 00 87 91 25 25 A5 06 01 31 05 E6 3D 77 FF B0 86 38 B0 C8 24 06 18 25 A5 06 01 31 03 CF 00 78 82 16 25 A5 06 01 31 05 E6 3D 77 FF B0 86 38 B0 (58)
                              [N6:H] MOTOR_I 0 135 (135)
                              [N6:H] [undefined] 61 119 255 176 (1031274416)
                              [N6:H] MOTOR_I 0 120 (120)
                              [N6:H] [undefined] 61 119 255 176 (1031274416)
2025-07-02 16:50:27:894 [IN ] C8 24 06 18 25 A5 06 01 31 03 CF 00 A1 AB 3F 25 A5 06 01 31 05 E6 3D 77 FF B0 86 38 B0 C8 24 06 18 25 A5 06 01 31 03 CF 00 71 7B 0F 25 A5 06 01 31 05 E6 3D 77 FF B0 86 38 B0 (58)
                              [N6:H] MOTOR_I 0 161 (161)
                              [N6:H] [undefined] 61 119 255 176 (1031274416)
                              [N6:H] MOTOR_I 0 113 (113)
                              [N6:H] [undefined] 61 119 255 176 (1031274416)
2025-07-02 16:50:28:096 [IN ] C8 24 06 18 25 A5 06 01 31 03 CF 00 65 6F 03 25 A5 06 01 31 05 E6 3D 77 FF B0 86 38 B0 C8 24 06 18 25 A5 06 01 31 03 CF 00 80 8A 1E 25 A5 06 01 31 05 E6 3D 77 FF B0 86 38 B0 (58)
                              [N6:H] MOTOR_I 0 101 (101)
                              [N6:H] [undefined] 61 119 255 176 (1031274416)
                              [N6:H] MOTOR_I 0 128 (128)
                              [N6:H] [undefined] 61 119 255 176 (1031274416)
2025-07-02 16:50:28:298 [IN ] C8 24 06 0E 25 A5 06 01 31 03 CF 00 5E 68 FC 25 A5 06 01 C8 24 06 0A 01 31 05 E6 3D 77 FF B0 86 38 FC C8 24 0B 0A 25 A5 0B 01 31 02 DE 03 20 D0 FC C8 24 06 15 25 A5 06 01 31 03 CF 00 7A 84 18 
25 A5 06 01 31 05 E6 3D 77 FF B0 (75)
                              [N6:H] MOTOR_I 0 94 (94)
                              [N6:H] [undefined] 61 119 255 176 (1031274416)
                              [N11:NG] NGSWSTATE 3 (3)
                              [N6:H] MOTOR_I 0 122 (122)
2025-07-02 16:50:28:500 [IN ] C8 24 06 1B B0 86 38 25 A5 06 01 31 03 CF 00 66 70 04 25 A5 06 01 31 05 E6 3D 77 FF B0 86 38 01 C8 24 06 18 25 A5 06 01 31 03 CF 00 6E 78 0C 25 A5 06 01 31 05 E6 3D 77 FF B0 86 38 B0 (61)
                              [N6:H] [undefined] 61 119 255 176 (1031274416)
                              [N6:H] MOTOR_I 0 102 (102)
                              [N6:H] [undefined] 61 119 255 176 (1031274416)
                              [N6:H] MOTOR_I 0 110 (110)
                              [N6:H] [undefined] 61 119 255 176 (1031274416)
2025-07-02 16:50:28:702 [IN ] C8 24 06 18 25 A5 06 01 31 03 CF 00 6C 76 0A 25 A5 06 01 31 05 E6 3D 77 FF B0 86 38 B0 C8 24 06 18 25 A5 06 01 31 03 CF 00 7A 84 18 25 A5 06 01 31 05 E6 3D 77 FF B0 86 38 B0 (58)
                              [N6:H] MOTOR_I 0 108 (108)
                              [N6:H] [undefined] 61 119 255 176 (1031274416)
                              [N6:H] MOTOR_I 0 122 (122)
                              [N6:H] [undefined] 61 119 255 176 (1031274416)
2025-07-02 16:50:28:903 [IN ] C8 24 06 18 25 A5 06 01 31 03 CF 00 A4 AE 42 25 A5 06 01 31 05 E6 3D 77 FF B0 86 38 B0 C8 24 06 18 25 A5 06 01 31 03 CF 00 A7 B1 45 25 A5 06 01 31 05 E6 3D 77 FF B0 86 38 B0 (58)
                              [N6:H] MOTOR_I 0 164 (164)
                              [N6:H] [undefined] 61 119 255 176 (1031274416)
                              [N6:H] MOTOR_I 0 167 (167)
                              [N6:H] [undefined] 61 119 255 176 (1031274416)
2025-07-02 16:50:29:105 [IN ] C8 24 06 18 25 A5 06 01 31 03 CF 00 78 82 16 25 A5 06 01 31 05 E6 3D 77 FF B0 86 38 B0 C8 24 06 18 25 A5 06 01 31 03 CF 00 7B 85 19 25 A5 06 01 31 05 E6 3D 77 FF B0 86 38 B0 (58)
                              [N6:H] MOTOR_I 0 120 (120)
                              [N6:H] [undefined] 61 119 255 176 (1031274416)
                              [N6:H] MOTOR_I 0 123 (123)
                              [N6:H] [undefined] 61 119 255 176 (1031274416)
2025-07-02 16:50:29:306 [IN ] C8 24 06 18 25 A5 06 01 31 03 CF 00 84 8E 22 25 A5 06 01 31 05 E6 3D 77 FF B0 86 38 B0 C8 24 0B 0A 25 A5 0B 01 31 02 DE 03 20 D0 22 C8 24 06 18 25 A5 06 01 31 03 CF 00 7B 85 19 25 A5 06 01 31 
05 E6 3D 77 FF B0 86 38 B0 (73)
                              [N6:H] MOTOR_I 0 132 (132)
                              [N6:H] [undefined] 61 119 255 176 (1031274416)
                              [N11:NG] NGSWSTATE 3 (3)
                              [N6:H] MOTOR_I 0 123 (123)
                              [N6:H] [undefined] 61 119 255 176 (1031274416)
2025-07-02 16:50:29:509 [IN ] C8 24 06 18 25 A5 06 01 31 03 CF 00 9C A6 3A 25 A5 06 01 31 05 E6 3D 77 FF B0 86 38 B0 C8 24 06 0E 25 A5 06 01 31 03 CF 00 81 8B 1F 25 A5 06 01 C8 24 06 0A 01 31 05 E6 3D 77 FF B0 86 38 1F (63)
                              [N6:H] MOTOR_I 0 156 (156)
                              [N6:H] [undefined] 61 119 255 176 (1031274416)
                              [N6:H] MOTOR_I 0 129 (129)
                              [N6:H] [undefined] 61 119 255 176 (1031274416)
2025-07-02 16:50:29:710 [IN ] C8 24 06 18 25 A5 06 01 31 03 CF 00 A0 AA 3E 25 A5 06 01 31 05 E6 3D 77 FF B0 86 38 B0 C8 24 06 18 25 A5 06 01 31 03 CF 00 81 8B 1F 25 A5 06 01 31 05 E6 3D 77 FF B0 86 38 B0 (58)
                              [N6:H] MOTOR_I 0 160 (160)
                              [N6:H] [undefined] 61 119 255 176 (1031274416)
                              [N6:H] MOTOR_I 0 129 (129)
                              [N6:H] [undefined] 61 119 255 176 (1031274416)
2025-07-02 16:50:29:912 [IN ] C8 24 06 18 25 A5 06 01 31 03 CF 00 98 A2 36 25 A5 06 01 31 05 E6 3D 77 FF B0 86 38 B0 C8 24 06 18 25 A5 06 01 31 03 CF 00 A3 AD 41 25 A5 06 01 31 05 E6 3D 77 FF B0 86 38 B0 (58)
                              [N6:H] MOTOR_I 0 152 (152)
                              [N6:H] [undefined] 61 119 255 176 (1031274416)
                              [N6:H] MOTOR_I 0 163 (163)
                              [N6:H] [undefined] 61 119 255 176 (1031274416)
2025-07-02 16:50:30:115 [IN ] C8 24 06 18 25 A5 06 01 31 03 CF 00 B0 BA 4E 25 A5 06 01 31 05 E6 3D 77 FF B0 86 38 B0 C8 24 06 18 25 A5 06 01 31 03 CF 00 98 A2 36 25 A5 06 01 31 05 E6 3D 77 FF B0 86 38 B0 C8 24 08 0B 25 A5 
08 01 31 03 81 5A 52 6A C8 25 (74)
                              [N6:H] MOTOR_I 0 176 (176)
                              [N6:H] [undefined] 61 119 255 176 (1031274416)
                              [N6:H] MOTOR_I 0 152 (152)
                              [N6:H] [undefined] 61 119 255 176 (1031274416)
                              [N8:R] TPOS 'Z' 82 (82)
2025-07-02 16:50:30:317 [IN ] C8 24 06 18 25 A5 06 01 31 03 CF 00 91 9B 2F 25 A5 06 01 31 05 E6 3D 77 FF B0 86 38 B0 C8 24 08 0A 25 A5 08 01 31 02 81 49 06 4A 2F C8 24 0B 0A 25 A5 0B 01 31 02 DE 03 20 D0 2F C8 24 06 18 25 
A5 06 01 31 03 CF 00 8B 95 29 25 A5 06 01 31 05 E6 3D 77 FF B0 86 38 B0 (88)
                              [N6:H] MOTOR_I 0 145 (145)
                              [N6:H] [undefined] 61 119 255 176 (1031274416)
                              [N8:R] TPOS 'I'
                              [N11:NG] NGSWSTATE 3 (3)
                              [N6:H] MOTOR_I 0 139 (139)
                              [N6:H] [undefined] 61 119 255 176 (1031274416)
2025-07-02 16:50:30:521 [IN ] C8 24 06 18 25 A5 06 01 31 03 CF 00 A0 AA 3E 25 A5 06 01 31 05 E6 3D 77 FF B0 86 38 B0 C8 24 06 18 25 A5 06 01 31 03 CF 00 AC B6 4A 25 A5 06 01 31 05 E6 3D 77 FF B0 86 38 B0 (58)
                              [N6:H] MOTOR_I 0 160 (160)
                              [N6:H] [undefined] 61 119 255 176 (1031274416)
                              [N6:H] MOTOR_I 0 172 (172)
                              [N6:H] [undefined] 61 119 255 176 (1031274416)
2025-07-02 16:50:30:542 [OUT] 25 A5 01 08 31 03 CA 3D 09 4D 19 (11)
                              [N8:R] RFLAG '=' 9 (9)
2025-07-02 16:50:30:564 [IN ] C8 24 06 18 25 A5 06 01 31 03 CF 00 A3 AD 41 25 A5 06 01 31 05 E6 3D 77 FF B0 86 38 B0 (29)
                              [N6:H] MOTOR_I 0 163 (163)
                              [N6:H] [undefined] 61 119 255 176 (1031274416)
2025-07-02 16:50:30:665 [IN ] C8 24 06 18 25 A5 06 01 31 03 CF 00 A8 B2 46 25 A5 06 01 31 05 E6 3D 77 FF B0 86 38 B0 (29)
                              [N6:H] MOTOR_I 0 168 (168)
                              [N6:H] [undefined] 61 119 255 176 (1031274416)
2025-07-02 16:50:30:707 [IN ] C8 24 08 0B 25 A5 08 01 31 03 CA 3A 09 4A 1A 25 (16)
                              [N8:R] RFLAG ':' 9 (9)
2025-07-02 16:50:30:728 [OUT] 25 A5 01 08 31 05 81 FF DC 77 1D 2F DE (13)
                              [N8:R] TPOS 255 220 119 29 (-2328803)
2025-07-02 16:50:30:728 [IN ] C8 24 06 0E 25 A5 06 01 31 03 CF 00 83 8D 21 25 A5 06 01 (19)
                              [N6:H] MOTOR_I 0 131 (131)
2025-07-02 16:50:30:749 [IN ] C8 24 06 0A 01 31 05 E6 3D 77 FF B0 86 38 21 (15)
                              [N6:H] [undefined] 61 119 255 176 (1031274416)
2025-07-02 16:50:30:851 [IN ] C8 24 06 18 25 A5 06 01 31 03 CF 00 7D 87 1B 25 A5 06 01 31 05 E6 3D 77 FF B0 86 38 B0 (29)
                              [N6:H] MOTOR_I 0 125 (125)
                              [N6:H] [undefined] 61 119 255 176 (1031274416)
2025-07-02 16:50:30:914 [IN ] C8 24 08 0E 25 A5 08 01 31 06 81 53 FF FF FF F0 01 97 01 (19)
                              [N8:R] TPOS 'S' 255 255 255 240 (-16)
2025-07-02 16:50:31:114 [IN ] C8 24 06 18 25 A5 06 01 31 03 CF 00 AE B8 4C 25 A5 06 01 31 05 E6 3D 77 FF B0 86 38 B0 C8 24 06 18 25 A5 06 01 31 03 CF 00 B2 BC 50 25 A5 06 01 31 05 E6 3D 77 FF B0 86 38 B0 (58)
                              [N6:H] MOTOR_I 0 174 (174)
                              [N6:H] [undefined] 61 119 255 176 (1031274416)
                              [N6:H] MOTOR_I 0 178 (178)
                              [N6:H] [undefined] 61 119 255 176 (1031274416)
2025-07-02 16:50:31:316 [IN ] C8 24 06 18 25 A5 06 01 31 03 CF 00 93 9D 31 25 A5 06 01 31 05 E6 3D 77 FF B0 86 38 B0 C8 24 0B 0A 25 A5 0B 01 31 02 DE 03 20 D0 31 C8 24 06 18 25 A5 06 01 31 03 CF 00 9C A6 3A 25 A5 06 01 31 
05 E6 3D 77 FF B0 86 38 B0 (73)
                              [N6:H] MOTOR_I 0 147 (147)
                              [N6:H] [undefined] 61 119 255 176 (1031274416)
                              [N11:NG] NGSWSTATE 3 (3)
                              [N6:H] MOTOR_I 0 156 (156)
                              [N6:H] [undefined] 61 119 255 176 (1031274416)
2025-07-02 16:50:31:518 [IN ] C8 24 06 18 25 A5 06 01 31 03 CF 00 7C 86 1A 25 A5 06 01 31 05 E6 3D 77 FF B0 86 38 B0 C8 24 06 18 25 A5 06 01 31 03 CF 00 72 7C 10 25 A5 06 01 31 05 E6 3D 77 FF B0 86 38 B0 (58)
                              [N6:H] MOTOR_I 0 124 (124)
                              [N6:H] [undefined] 61 119 255 176 (1031274416)
                              [N6:H] MOTOR_I 0 114 (114)
                              [N6:H] [undefined] 61 119 255 176 (1031274416)
2025-07-02 16:50:31:719 [IN ] C8 24 06 18 25 A5 06 01 31 03 CF 00 80 8A 1E 25 A5 06 01 31 05 E6 3D 77 FF B0 86 38 B0 C8 24 06 18 25 A5 06 01 31 03 CF 00 8B 95 29 25 A5 06 01 31 05 E6 3D 77 FF B0 86 38 B0 (58)
                              [N6:H] MOTOR_I 0 128 (128)
                              [N6:H] [undefined] 61 119 255 176 (1031274416)
                              [N6:H] MOTOR_I 0 139 (139)
                              [N6:H] [undefined] 61 119 255 176 (1031274416)
2025-07-02 16:50:31:921 [IN ] C8 24 06 18 25 A5 06 01 31 03 CF 00 5E 68 FC 25 A5 06 01 31 05 E6 3D 77 FF B0 86 38 B0 C8 24 06 18 25 A5 06 01 31 03 CF 00 7C 86 1A 25 A5 06 01 31 05 E6 3D 77 FF B0 86 38 B0 (58)
                              [N6:H] MOTOR_I 0 94 (94)
                              [N6:H] [undefined] 61 119 255 176 (1031274416)
                              [N6:H] MOTOR_I 0 124 (124)
                              [N6:H] [undefined] 61 119 255 176 (1031274416)
