2026-04-21 16:12:57:119 [IN ] C8 24 0C 18 25 A5 0C 01 31 03 CF 00 00 10 C8 25 A5 0C 01 31 05 E6 3D 77 00 00 DD C0 B6 (29)
                              [N12:Z] MOTOR_I 0 0 (0)
                              [N12:Z] [undefined] 61 119 0 0 (1031208960)
2026-04-21 16:12:57:142 [OUT] 25 A5 01 0A 31 05 D6 3D FF 00 00 53 ED (13)
                              [N10:HMI] HMILED '=' 255 0 0 (16711680)
2026-04-21 16:12:57:167 [OUT] 25 A5 01 03 31 02 D8 3F 4E CE (10)
                              [N3:X] INTERRUPT '?'
2026-04-21 16:12:57:469 [IN ] C8 24 0C 18 25 A5 0C 01 31 03 CF 00 00 10 C8 25 A5 0C 01 31 05 E6 3D 77 00 00 DD C0 B6 C8 24 0A 0D 25 A5 0A 01 31 05 D6 3A FF 00 00 50 EA 0C C8 24 0C 18 25 A5 0C 01 31 03 CF 00 00 10 C8 25 A5 
0C 01 31 05 E6 3D 77 00 00 DD C0 B6 C8 24 03 0C 25 A5 03 01 31 04 D8 3A 01 01 4D 6A A5 C8 24 0C 18 25 A5 0C 01 31 03 CF 00 00 10 C8 25 A5 0C 01 31 05 E6 3D 77 00 00 DD C0 B6 (122)
                              [N12:Z] MOTOR_I 0 0 (0)
                              [N12:Z] [undefined] 61 119 0 0 (1031208960)
                              [N10:HMI] HMILED ':' 255 0 0 (16711680)
                              [N12:Z] MOTOR_I 0 0 (0)
                              [N12:Z] [undefined] 61 119 0 0 (1031208960)
                              [N3:X] INTERRUPT ':' 1 1 (257)
                              [N12:Z] MOTOR_I 0 0 (0)
                              [N12:Z] [undefined] 61 119 0 0 (1031208960)
2026-04-21 16:12:57:491 [OUT] 25 A5 01 09 31 03 C9 3D 09 4D 1C (11)
                              [N9:P] LFLAG '=' 9 (9)
2026-04-21 16:12:57:513 [OUT] 25 A5 01 04 31 02 D8 3F 4F D3 (10)
                              [N4:Y] INTERRUPT '?'
2026-04-21 16:12:57:513 [IN ] C8 24 0C 0E 25 A5 0C 01 31 03 CF 00 00 10 C8 25 A5 0C 01 (19)
                              [N12:Z] MOTOR_I 0 0 (0)
2026-04-21 16:12:57:815 [IN ] C8 24 0C 0A 01 31 05 E6 3D 77 00 00 DD C0 C8 C8 24 0C 18 25 A5 0C 01 31 03 CF 00 00 10 C8 25 A5 0C 01 31 05 E6 3D 77 00 00 DD C0 B6 C8 24 09 0B 25 A5 09 01 31 03 C9 3A 09 4A 1E 25 C8 24 0C 18 
25 A5 0C 01 31 03 CF 00 00 10 C8 25 A5 0C 01 31 05 E6 3D 77 00 00 DD C0 B6 C8 24 04 0C 25 A5 04 01 31 04 D8 3A 01 01 4E 72 A5 C8 24 0C 18 25 A5 0C 01 31 03 CF 00 00 10 C8 25 A5 0C 01 31 05 E6 
3D 77 00 00 DD C0 B6 (135)
                              [N12:Z] [undefined] 61 119 0 0 (1031208960)
                              [N12:Z] MOTOR_I 0 0 (0)
                              [N12:Z] [undefined] 61 119 0 0 (1031208960)
                              [N9:P] LFLAG ':' 9 (9)
                              [N12:Z] MOTOR_I 0 0 (0)
                              [N12:Z] [undefined] 61 119 0 0 (1031208960)
                              [N4:Y] INTERRUPT ':' 1 1 (257)
                              [N12:Z] MOTOR_I 0 0 (0)
                              [N12:Z] [undefined] 61 119 0 0 (1031208960)
2026-04-21 16:12:57:837 [OUT] 25 A5 01 09 31 03 CA 3D 09 4E 1F (11)
                              [N9:P] RFLAG '=' 9 (9)
2026-04-21 16:12:57:859 [OUT] 25 A5 01 0C 31 02 D8 3F 57 FB (10)
                              [N12:Z] INTERRUPT '?'
2026-04-21 16:12:58:160 [IN ] C8 24 0C 18 25 A5 0C 01 31 03 CF 00 00 10 C8 25 A5 0C 01 31 05 E6 3D 77 00 00 DD C0 B6 C8 24 09 0B 25 A5 09 01 31 03 CA 3A 09 4B 21 25 C8 24 0C 18 25 A5 0C 01 31 03 CF 00 00 10 C8 25 A5 0C 01 
31 05 E6 3D 77 00 00 DD C0 B6 C8 24 0C 0C 25 A5 0C 01 31 04 D8 3A 01 01 56 B2 A5 C8 24 0C 18 25 A5 0C 01 31 03 CF 00 00 10 C8 25 A5 0C 01 31 05 E6 3D 77 00 00 DD C0 B6 (120)
                              [N12:Z] MOTOR_I 0 0 (0)
                              [N12:Z] [undefined] 61 119 0 0 (1031208960)
                              [N9:P] RFLAG ':' 9 (9)
                              [N12:Z] MOTOR_I 0 0 (0)
                              [N12:Z] [undefined] 61 119 0 0 (1031208960)
                              [N12:Z] INTERRUPT ':' 1 1 (257)
                              [N12:Z] MOTOR_I 0 0 (0)
                              [N12:Z] [undefined] 61 119 0 0 (1031208960)
2026-04-21 16:12:58:182 [OUT] 25 A5 01 08 31 03 C9 3D 09 4C 16 (11)
                              [N8:R] LFLAG '=' 9 (9)
2026-04-21 16:12:58:204 [OUT] 25 A5 01 03 31 03 C9 3D 0B 49 FA (11)
                              [N3:X] LFLAG '=' 11 (11)
2026-04-21 16:12:58:226 [OUT] 25 A5 01 04 31 03 C9 3D 0B 4A 00 (11)
                              [N4:Y] LFLAG '=' 11 (11)
2026-04-21 16:12:58:227 [IN ] C8 24 0C 18 25 A5 0C 01 31 03 CF 00 00 10 C8 25 A5 0C 01 31 05 E6 3D 77 00 00 DD C0 B6 (29)
                              [N12:Z] MOTOR_I 0 0 (0)
                              [N12:Z] [undefined] 61 119 0 0 (1031208960)
2026-04-21 16:12:58:248 [OUT] 25 A5 01 0C 31 03 C9 3D 0B 52 30 (11)
                              [N12:Z] LFLAG '=' 11 (11)
2026-04-21 16:12:58:334 [IN ] C8 24 0C 18 25 A5 0C 01 31 03 CF 00 00 10 C8 25 A5 0C 01 31 05 E6 3D 77 00 00 DD C0 B6 (29)
                              [N12:Z] MOTOR_I 0 0 (0)
                              [N12:Z] [undefined] 61 119 0 0 (1031208960)
2026-04-21 16:12:58:357 [IN ] C8 24 08 0B 25 A5 08 01 31 03 C9 3A 09 49 17 25 (16)
                              [N8:R] LFLAG ':' 9 (9)
2026-04-21 16:12:58:379 [OUT] 25 A5 01 08 31 03 CA 3D 09 4D 19 (11)
                              [N8:R] RFLAG '=' 9 (9)
2026-04-21 16:12:58:422 [IN ] C8 24 0C 18 25 A5 0C 01 31 03 CF 00 00 10 C8 25 A5 0C 01 31 05 E6 3D 77 00 (25)
2026-04-21 16:12:58:445 [IN ] 00 DD C0 B6 (4)
                              [N12:Z] MOTOR_I 0 0 (0)
                              [N12:Z] [undefined] 61 119 0 0 (1031208960)
2026-04-21 16:12:58:466 [IN ] C8 24 03 0B 25 A5 03 01 31 03 C9 3A 0B 46 F6 25 (16)
                              [N3:X] LFLAG ':' 11 (11)
2026-04-21 16:12:58:490 [OUT] 25 A5 01 03 31 03 88 00 50 10 02 (11)
                              [N3:X] RUN 0 80 (80)
2026-04-21 16:12:58:533 [IN ] C8 24 0C 18 25 A5 0C 01 31 03 CF 00 00 10 C8 25 A5 0C 01 31 05 E6 3D 77 00 00 DD C0 B6 (29)
                              [N12:Z] MOTOR_I 0 0 (0)
                              [N12:Z] [undefined] 61 119 0 0 (1031208960)
2026-04-21 16:12:58:555 [IN ] C8 24 04 0B 25 A5 04 01 31 03 C9 3A 0B 47 FD 25 (16)
                              [N4:Y] LFLAG ':' 11 (11)
2026-04-21 16:12:58:576 [OUT] 25 A5 01 04 31 03 88 00 50 11 08 (11)
                              [N4:Y] RUN 0 80 (80)
2026-04-21 16:12:58:639 [IN ] C8 24 0C 18 25 A5 0C 01 31 03 CF 00 00 10 C8 25 A5 0C 01 31 05 E6 3D 77 00 00 DD C0 B6 (29)
                              [N12:Z] MOTOR_I 0 0 (0)
                              [N12:Z] [undefined] 61 119 0 0 (1031208960)
2026-04-21 16:12:58:661 [IN ] C8 24 0C 0B 25 A5 0C 01 31 03 C9 3A 0B 4F 35 25 (16)
                              [N12:Z] LFLAG ':' 11 (11)
2026-04-21 16:12:58:683 [OUT] 25 A5 01 0C 31 03 88 00 50 19 38 (11)
                              [N12:Z] RUN 0 80 (80)
2026-04-21 16:12:58:706 [IN ] C8 (1)
2026-04-21 16:12:58:728 [IN ] 24 0C 15 25 A5 0C 01 31 03 CF 00 00 10 C8 25 A5 0C 01 31 05 E6 3D 77 00 00 (25)
                              [N12:Z] MOTOR_I 0 0 (0)
2026-04-21 16:12:58:791 [IN ] C8 24 08 0B 25 A5 08 01 31 03 CA 3A 09 4A 1A 25 (16)
                              [N8:R] RFLAG ':' 9 (9)
2026-04-21 16:12:58:835 [IN ] C8 24 0C 1B 00 DD C0 25 A5 0C 01 31 03 CF 00 00 10 C8 25 A5 0C 01 31 05 E6 3D 77 00 00 DD C0 0C (32)
                              [N12:Z] [undefined] 61 119 0 0 (1031208960)
                              [N12:Z] MOTOR_I 0 0 (0)
                              [N12:Z] [undefined] 61 119 0 0 (1031208960)
2026-04-21 16:12:58:898 [IN ] C8 24 03 0C 25 A5 03 01 31 04 88 53 00 50 64 C2 10 (17)
                              [N3:X] RUN 'S' 0 80 (80)
2026-04-21 16:12:58:920 [IN ] C8 24 0C 18 25 A5 0C 01 31 03 CF 00 00 10 C8 25 A5 0C 01 31 05 E6 3D 77 00 00 DD C0 00 (29)
                              [N12:Z] MOTOR_I 0 0 (0)
                              [N12:Z] [undefined] 61 119 0 0 (1031208960)
2026-04-21 16:12:59:005 [IN ] C8 24 04 0C 25 A5 04 01 31 04 88 53 00 50 65 CA A5 (17)
                              [N4:Y] RUN 'S' 0 80 (80)
2026-04-21 16:12:59:027 [IN ] C8 24 0C 18 25 A5 0C 01 31 03 CF 00 00 10 C8 25 A5 0C 01 31 05 E6 3D 77 00 00 DD C0 00 (29)
                              [N12:Z] MOTOR_I 0 0 (0)
                              [N12:Z] [undefined] 61 119 0 0 (1031208960)
2026-04-21 16:12:59:110 [IN ] C8 24 0C 0C 25 A5 0C 01 31 04 88 53 00 50 6D 0A A5 (17)
                              [N12:Z] RUN 'S' 0 80 (80)
2026-04-21 16:12:59:312 [IN ] C8 24 0C 18 25 A5 0C 01 31 03 CF 00 1E 2E E6 25 A5 0C 01 31 05 E6 3D 77 00 50 2D 10 00 C8 24 0C 18 25 A5 0C 01 31 03 CF 00 11 21 D9 25 A5 0C 01 31 05 E6 3D 77 00 50 2D 10 00 (58)
                              [N12:Z] MOTOR_I 0 30 (30)
                              [N12:Z] [undefined] 61 119 0 80 (1031209040)
                              [N12:Z] MOTOR_I 0 17 (17)
                              [N12:Z] [undefined] 61 119 0 80 (1031209040)
2026-04-21 16:12:59:513 [IN ] C8 24 0C 18 25 A5 0C 01 31 03 CF 00 0A 1A D2 25 A5 0C 01 31 05 E6 3D 77 00 50 2D 10 00 C8 24 0C 18 25 A5 0C 01 31 03 CF 00 0F 1F D7 25 A5 0C 01 31 05 E6 3D 77 00 50 2D 10 00 (58)
                              [N12:Z] MOTOR_I 0 10 (10)
                              [N12:Z] [undefined] 61 119 0 80 (1031209040)
                              [N12:Z] MOTOR_I 0 15 (15)
                              [N12:Z] [undefined] 61 119 0 80 (1031209040)
2026-04-21 16:12:59:714 [IN ] C8 24 0C 18 25 A5 0C 01 31 03 CF 00 06 16 CE 25 A5 0C 01 31 05 E6 3D 77 00 50 2D 10 00 C8 24 0C 18 25 A5 0C 01 31 03 CF 00 03 13 CB 25 A5 0C 01 31 05 E6 3D 77 00 50 2D 10 00 (58)
                              [N12:Z] MOTOR_I 0 6 (6)
                              [N12:Z] [undefined] 61 119 0 80 (1031209040)
                              [N12:Z] MOTOR_I 0 3 (3)
                              [N12:Z] [undefined] 61 119 0 80 (1031209040)
2026-04-21 16:12:59:917 [IN ] C8 24 0C 18 25 A5 0C 01 31 03 CF 00 09 19 D1 25 A5 0C 01 31 05 E6 3D 77 00 50 2D 10 00 C8 24 0C 18 25 A5 0C 01 31 03 CF 00 04 14 CC 25 A5 0C 01 31 05 E6 3D 77 00 50 2D 10 00 (58)
                              [N12:Z] MOTOR_I 0 9 (9)
                              [N12:Z] [undefined] 61 119 0 80 (1031209040)
                              [N12:Z] MOTOR_I 0 4 (4)
                              [N12:Z] [undefined] 61 119 0 80 (1031209040)
2026-04-21 16:13:00:119 [IN ] C8 24 0C 15 25 A5 0C 01 31 03 CF 00 09 19 D1 25 A5 0C 01 31 05 E6 3D 77 00 50 C8 24 0C 1B 50 2D 10 25 A5 0C 01 31 03 CF 00 02 12 CA 25 A5 0C 01 31 05 E6 3D 77 00 50 2D 10 0C (58)
                              [N12:Z] MOTOR_I 0 9 (9)
                              [N12:Z] [undefined] 61 119 0 80 (1031209040)
                              [N12:Z] MOTOR_I 0 2 (2)
                              [N12:Z] [undefined] 61 119 0 80 (1031209040)
2026-04-21 16:13:00:320 [IN ] C8 24 0C 18 25 A5 0C 01 31 03 CF 00 05 15 CD 25 A5 0C 01 31 05 E6 3D 77 00 50 2D 10 50 C8 24 0C 18 25 A5 0C 01 31 03 CF 00 07 17 CF 25 A5 0C 01 31 05 E6 3D 77 00 50 2D 10 50 (58)
                              [N12:Z] MOTOR_I 0 5 (5)
                              [N12:Z] [undefined] 61 119 0 80 (1031209040)
                              [N12:Z] MOTOR_I 0 7 (7)
                              [N12:Z] [undefined] 61 119 0 80 (1031209040)
2026-04-21 16:13:00:522 [IN ] C8 24 0C 18 25 A5 0C 01 31 03 CF 00 04 14 CC 25 A5 0C 01 31 05 E6 3D 77 00 50 2D 10 50 C8 24 0C 18 25 A5 0C 01 31 03 CF 00 0F 1F D7 25 A5 0C 01 31 05 E6 3D 77 00 50 2D 10 50 (58)
                              [N12:Z] MOTOR_I 0 4 (4)
                              [N12:Z] [undefined] 61 119 0 80 (1031209040)
                              [N12:Z] MOTOR_I 0 15 (15)
                              [N12:Z] [undefined] 61 119 0 80 (1031209040)
2026-04-21 16:13:00:724 [IN ] C8 24 0C 18 25 A5 0C 01 31 03 CF 00 05 15 CD 25 A5 0C 01 31 05 E6 3D 77 00 50 2D 10 50 C8 24 0C 18 25 A5 0C 01 31 03 CF 00 11 21 D9 25 A5 0C 01 31 05 E6 3D 77 00 50 2D 10 50 (58)
                              [N12:Z] MOTOR_I 0 5 (5)
                              [N12:Z] [undefined] 61 119 0 80 (1031209040)
                              [N12:Z] MOTOR_I 0 17 (17)
                              [N12:Z] [undefined] 61 119 0 80 (1031209040)
2026-04-21 16:13:00:925 [IN ] C8 24 0C 18 25 A5 0C 01 31 03 CF 00 1C 2C E4 25 A5 0C 01 31 05 E6 3D 77 00 50 2D 10 50 C8 24 0C 18 25 A5 0C 01 31 03 CF 00 0A 1A D2 25 A5 0C 01 31 05 E6 3D 77 00 50 2D 10 50 (58)
                              [N12:Z] MOTOR_I 0 28 (28)
                              [N12:Z] [undefined] 61 119 0 80 (1031209040)
                              [N12:Z] MOTOR_I 0 10 (10)
                              [N12:Z] [undefined] 61 119 0 80 (1031209040)
2026-04-21 16:13:01:127 [IN ] C8 24 0C 18 25 A5 0C 01 31 03 CF 00 0D 1D D5 25 A5 0C 01 31 05 E6 3D 77 00 50 2D 10 50 C8 24 0C 0E 25 A5 0C 01 31 03 CF 00 0A 1A D2 25 A5 0C 01 C8 24 0C 0A 01 31 05 E6 3D 77 00 50 2D 10 D2 (63)
                              [N12:Z] MOTOR_I 0 13 (13)
                              [N12:Z] [undefined] 61 119 0 80 (1031209040)
                              [N12:Z] MOTOR_I 0 10 (10)
                              [N12:Z] [undefined] 61 119 0 80 (1031209040)
2026-04-21 16:13:01:328 [IN ] C8 24 0C 15 25 A5 0C 01 31 03 CF 00 0E 1E D6 25 A5 0C 01 31 05 E6 3D 77 00 50 C8 24 0C 1B 50 2D 10 25 A5 0C 01 31 03 CF 00 05 15 CD 25 A5 0C 01 31 05 E6 3D 77 00 50 2D 10 0C (58)
                              [N12:Z] MOTOR_I 0 14 (14)
                              [N12:Z] [undefined] 61 119 0 80 (1031209040)
                              [N12:Z] MOTOR_I 0 5 (5)
                              [N12:Z] [undefined] 61 119 0 80 (1031209040)
2026-04-21 16:13:01:530 [IN ] C8 24 0C 18 25 A5 0C 01 31 03 CF 00 0D 1D D5 25 A5 0C 01 31 05 E6 3D 77 00 50 2D 10 50 C8 24 0C 18 25 A5 0C 01 31 03 CF 00 0A 1A D2 25 A5 0C 01 31 05 E6 3D 77 00 50 2D 10 50 (58)
                              [N12:Z] MOTOR_I 0 13 (13)
                              [N12:Z] [undefined] 61 119 0 80 (1031209040)
                              [N12:Z] MOTOR_I 0 10 (10)
                              [N12:Z] [undefined] 61 119 0 80 (1031209040)
2026-04-21 16:13:01:732 [IN ] C8 24 0C 18 25 A5 0C 01 31 03 CF 00 07 17 CF 25 A5 0C 01 31 05 E6 3D 77 00 50 2D 10 50 C8 24 0C 18 25 A5 0C 01 31 03 CF 00 11 21 D9 25 A5 0C 01 31 05 E6 3D 77 00 50 2D 10 50 (58)
                              [N12:Z] MOTOR_I 0 7 (7)
                              [N12:Z] [undefined] 61 119 0 80 (1031209040)
                              [N12:Z] MOTOR_I 0 17 (17)
                              [N12:Z] [undefined] 61 119 0 80 (1031209040)
2026-04-21 16:13:01:933 [IN ] C8 24 0C 18 25 A5 0C 01 31 03 CF 00 16 26 DE 25 A5 0C 01 31 05 E6 3D 77 00 50 2D 10 50 C8 24 0C 18 25 A5 0C 01 31 03 CF 00 0D 1D D5 25 A5 0C 01 31 05 E6 3D 77 00 50 2D 10 50 (58)
                              [N12:Z] MOTOR_I 0 22 (22)
                              [N12:Z] [undefined] 61 119 0 80 (1031209040)
                              [N12:Z] MOTOR_I 0 13 (13)
                              [N12:Z] [undefined] 61 119 0 80 (1031209040)
2026-04-21 16:13:02:135 [IN ] C8 24 0C 18 25 A5 0C 01 31 03 CF 00 0A 1A D2 25 A5 0C 01 31 05 E6 3D 77 00 50 2D 10 50 C8 24 0C 18 25 A5 0C 01 31 03 CF 00 0D 1D D5 25 A5 0C 01 31 05 E6 3D 77 00 50 2D 10 50 (58)
                              [N12:Z] MOTOR_I 0 10 (10)
                              [N12:Z] [undefined] 61 119 0 80 (1031209040)
                              [N12:Z] MOTOR_I 0 13 (13)
                              [N12:Z] [undefined] 61 119 0 80 (1031209040)
2026-04-21 16:13:02:338 [IN ] C8 24 0C 18 25 A5 0C 01 31 03 CF 00 11 21 D9 25 A5 0C 01 31 05 E6 3D 77 00 50 2D 10 50 C8 24 0C 0E 25 A5 0C 01 31 03 CF 00 06 16 CE 25 A5 0C 01 C8 24 0C 0A 01 31 05 E6 3D 77 00 50 2D 10 CE (63)
                              [N12:Z] MOTOR_I 0 17 (17)
                              [N12:Z] [undefined] 61 119 0 80 (1031209040)
                              [N12:Z] MOTOR_I 0 6 (6)
                              [N12:Z] [undefined] 61 119 0 80 (1031209040)
2026-04-21 16:13:02:539 [IN ] C8 24 0C 15 25 A5 0C 01 31 03 CF 00 0F 1F D7 25 A5 0C 01 31 05 E6 3D 77 00 50 C8 24 0C 1B 50 2D 10 25 A5 0C 01 31 03 CF 00 0D 1D D5 25 A5 0C 01 31 05 E6 3D 77 00 50 2D 10 0C C8 24 0C 18 25 A5 
0C 01 31 03 CF 00 06 16 (72)
                              [N12:Z] MOTOR_I 0 15 (15)
                              [N12:Z] [undefined] 61 119 0 80 (1031209040)
                              [N12:Z] MOTOR_I 0 13 (13)
                              [N12:Z] [undefined] 61 119 0 80 (1031209040)
2026-04-21 16:13:02:740 [IN ] CE 25 A5 0C 01 31 05 E6 3D 77 00 50 2D 10 50 C8 24 0C 18 25 A5 0C 01 31 03 CF 00 09 19 D1 25 A5 0C 01 31 05 E6 3D 77 00 50 2D 10 50 (44)
                              [N12:Z] MOTOR_I 0 6 (6)
                              [N12:Z] [undefined] 61 119 0 80 (1031209040)
                              [N12:Z] MOTOR_I 0 9 (9)
                              [N12:Z] [undefined] 61 119 0 80 (1031209040)
2026-04-21 16:13:02:943 [IN ] C8 24 0C 18 25 A5 0C 01 31 03 CF 00 08 18 D0 25 A5 0C 01 31 05 E6 3D 77 00 50 2D 10 50 C8 24 0C 18 25 A5 0C 01 31 03 CF 00 14 24 DC 25 A5 0C 01 31 05 E6 3D 77 00 50 2D 10 50 (58)
                              [N12:Z] MOTOR_I 0 8 (8)
                              [N12:Z] [undefined] 61 119 0 80 (1031209040)
                              [N12:Z] MOTOR_I 0 20 (20)
                              [N12:Z] [undefined] 61 119 0 80 (1031209040)
2026-04-21 16:13:03:145 [IN ] C8 24 0C 18 25 A5 0C 01 31 03 CF 00 10 20 D8 25 A5 0C 01 31 05 E6 3D 77 00 50 2D 10 50 C8 24 0C 18 25 A5 0C 01 31 03 CF 00 08 18 D0 25 A5 0C 01 31 05 E6 3D 77 00 50 2D 10 50 (58)
                              [N12:Z] MOTOR_I 0 16 (16)
                              [N12:Z] [undefined] 61 119 0 80 (1031209040)
                              [N12:Z] MOTOR_I 0 8 (8)
                              [N12:Z] [undefined] 61 119 0 80 (1031209040)
2026-04-21 16:13:03:346 [IN ] C8 24 0C 18 25 A5 0C 01 31 03 CF 00 09 19 D1 25 A5 0C 01 31 05 E6 3D 77 00 50 2D 10 50 C8 24 0C 18 25 A5 0C 01 31 03 CF 00 10 20 D8 25 A5 0C 01 31 05 E6 3D 77 00 50 2D 10 50 (58)
                              [N12:Z] MOTOR_I 0 9 (9)
                              [N12:Z] [undefined] 61 119 0 80 (1031209040)
                              [N12:Z] MOTOR_I 0 16 (16)
                              [N12:Z] [undefined] 61 119 0 80 (1031209040)
2026-04-21 16:13:03:548 [IN ] C8 24 0C 18 25 A5 0C 01 31 03 CF 00 17 27 DF 25 A5 0C 01 31 05 E6 3D 77 00 50 2D 10 50 C8 24 0C 0E 25 A5 0C 01 31 03 CF 00 0E 1E D6 25 A5 0C 01 C8 24 0C 0A 01 31 05 E6 3D 77 00 50 2D 10 D6 C8 
24 0C 15 25 A5 0C 01 31 03 CF 00 0F 1F D7 25 A5 0C 01 31 05 E6 3D 77 00 50 (89)
                              [N12:Z] MOTOR_I 0 23 (23)
                              [N12:Z] [undefined] 61 119 0 80 (1031209040)
                              [N12:Z] MOTOR_I 0 14 (14)
                              [N12:Z] [undefined] 61 119 0 80 (1031209040)
                              [N12:Z] MOTOR_I 0 15 (15)
2026-04-21 16:13:03:750 [IN ] C8 24 0C 1B 50 2D 10 25 A5 0C 01 31 03 CF 00 0C 1C D4 25 A5 0C 01 31 05 E6 3D 77 00 50 2D 10 0C (32)
                              [N12:Z] [undefined] 61 119 0 80 (1031209040)
                              [N12:Z] MOTOR_I 0 12 (12)
                              [N12:Z] [undefined] 61 119 0 80 (1031209040)
2026-04-21 16:13:03:951 [IN ] C8 24 0C 18 25 A5 0C 01 31 03 CF 00 07 17 CF 25 A5 0C 01 31 05 E6 3D 77 00 50 2D 10 50 C8 24 0C 18 25 A5 0C 01 31 03 CF 00 10 20 D8 25 A5 0C 01 31 05 E6 3D 77 00 50 2D 10 50 (58)
                              [N12:Z] MOTOR_I 0 7 (7)
                              [N12:Z] [undefined] 61 119 0 80 (1031209040)
                              [N12:Z] MOTOR_I 0 16 (16)
                              [N12:Z] [undefined] 61 119 0 80 (1031209040)
2026-04-21 16:13:04:152 [IN ] C8 24 0C 18 25 A5 0C 01 31 03 CF 00 11 21 D9 25 A5 0C 01 31 05 E6 3D 77 00 50 2D 10 50 C8 24 0C 18 25 A5 0C 01 31 03 CF 00 06 16 CE 25 A5 0C 01 31 05 E6 3D 77 00 50 2D 10 50 (58)
                              [N12:Z] MOTOR_I 0 17 (17)
                              [N12:Z] [undefined] 61 119 0 80 (1031209040)
                              [N12:Z] MOTOR_I 0 6 (6)
                              [N12:Z] [undefined] 61 119 0 80 (1031209040)
2026-04-21 16:13:04:354 [IN ] C8 24 0C 18 25 A5 0C 01 31 03 CF 00 08 18 D0 25 A5 0C 01 31 05 E6 3D 77 00 50 2D 10 50 C8 24 0C 18 25 A5 0C 01 31 03 CF 00 0B 1B D3 25 A5 0C 01 31 05 E6 3D 77 00 50 2D 10 50 (58)
                              [N12:Z] MOTOR_I 0 8 (8)
                              [N12:Z] [undefined] 61 119 0 80 (1031209040)
                              [N12:Z] MOTOR_I 0 11 (11)
                              [N12:Z] [undefined] 61 119 0 80 (1031209040)
2026-04-21 16:13:04:555 [IN ] C8 24 0C 18 25 A5 0C 01 31 03 CF 00 06 16 CE 25 A5 0C 01 31 05 E6 3D 77 00 50 2D 10 50 C8 24 0C 18 25 A5 0C 01 31 03 CF 00 09 19 D1 25 A5 0C 01 31 05 E6 3D 77 00 50 2D 10 50 (58)
                              [N12:Z] MOTOR_I 0 6 (6)
                              [N12:Z] [undefined] 61 119 0 80 (1031209040)
                              [N12:Z] MOTOR_I 0 9 (9)
                              [N12:Z] [undefined] 61 119 0 80 (1031209040)
2026-04-21 16:13:04:756 [IN ] C8 24 0C 18 25 A5 0C 01 31 03 CF 00 06 16 CE 25 A5 0C 01 31 05 E6 3D 77 00 50 2D 10 50 C8 24 0C 0E 25 A5 0C 01 31 03 CF 00 09 19 D1 25 A5 0C 01 C8 24 0C 0A 01 31 05 E6 3D 77 00 50 2D 10 D1 (63)
                              [N12:Z] MOTOR_I 0 6 (6)
                              [N12:Z] [undefined] 61 119 0 80 (1031209040)
                              [N12:Z] MOTOR_I 0 9 (9)
                              [N12:Z] [undefined] 61 119 0 80 (1031209040)
2026-04-21 16:13:04:957 [IN ] C8 24 0C 15 25 A5 0C 01 31 03 CF 00 10 20 D8 25 A5 0C 01 31 05 E6 3D 77 00 50 C8 24 0C 1B 50 2D 10 25 A5 0C 01 31 03 CF 00 05 15 CD 25 A5 0C 01 31 05 E6 3D 77 00 50 2D 10 0C (58)
                              [N12:Z] MOTOR_I 0 16 (16)
                              [N12:Z] [undefined] 61 119 0 80 (1031209040)
                              [N12:Z] MOTOR_I 0 5 (5)
                              [N12:Z] [undefined] 61 119 0 80 (1031209040)
2026-04-21 16:13:05:160 [IN ] C8 24 0C 18 25 A5 0C 01 31 03 CF 00 1E 2E E6 25 A5 0C 01 31 05 E6 3D 77 00 50 2D 10 50 C8 24 0C 18 25 A5 0C 01 31 03 CF 00 06 16 CE 25 A5 0C 01 31 05 E6 3D 77 00 50 2D 10 50 C8 24 04 0B 25 A5 
04 01 31 03 81 5A 4C 60 A6 25 C8 24 04 0A 25 A5 04 01 31 02 81 49 02 32 A6 (89)
                              [N12:Z] MOTOR_I 0 30 (30)
                              [N12:Z] [undefined] 61 119 0 80 (1031209040)
                              [N12:Z] MOTOR_I 0 6 (6)
                              [N12:Z] [undefined] 61 119 0 80 (1031209040)
                              [N4:Y] TPOS 'Z' 76 (76)
                              [N4:Y] TPOS 'I'
2026-04-21 16:13:05:384 [OUT] 25 A5 01 09 31 02 D8 3F 54 EC (10)
                              [N9:P] INTERRUPT '?'
2026-04-21 16:13:05:385 [IN ] C8 24 0C 18 25 A5 0C 01 31 03 CF 00 0A 1A D2 25 A5 0C 01 31 05 E6 3D 77 00 50 2D 10 50 C8 24 0C 18 25 A5 0C 01 31 03 CF 00 06 16 CE 25 A5 0C 01 31 05 E6 3D 77 00 50 2D 10 50 C8 24 0C 18 25 A5 
0C 01 31 03 CF 00 0A 1A D2 25 A5 0C 01 31 05 E6 3D 77 00 50 2D 10 50 (87)
                              [N12:Z] MOTOR_I 0 10 (10)
                              [N12:Z] [undefined] 61 119 0 80 (1031209040)
                              [N12:Z] MOTOR_I 0 6 (6)
                              [N12:Z] [undefined] 61 119 0 80 (1031209040)
                              [N12:Z] MOTOR_I 0 10 (10)
                              [N12:Z] [undefined] 61 119 0 80 (1031209040)
2026-04-21 16:13:05:686 [IN ] C8 24 0C 18 25 A5 0C 01 31 03 CF 00 07 17 CF 25 A5 0C 01 31 05 E6 3D 77 00 50 2D 10 50 C8 24 09 0C 25 A5 09 01 31 04 D8 3A 01 01 53 9A A5 C8 24 0C 18 25 A5 0C 01 31 03 CF 00 11 21 D9 25 A5 0C 
01 31 05 E6 3D 77 00 50 2D 10 50 C8 24 0C 18 25 A5 0C 01 31 03 CF 00 15 25 DD 25 A5 0C 01 31 05 E6 3D 77 00 50 2D 10 50 (104)
                              [N12:Z] MOTOR_I 0 7 (7)
                              [N12:Z] [undefined] 61 119 0 80 (1031209040)
                              [N9:P] INTERRUPT ':' 1 1 (257)
                              [N12:Z] MOTOR_I 0 17 (17)
                              [N12:Z] [undefined] 61 119 0 80 (1031209040)
                              [N12:Z] MOTOR_I 0 21 (21)
                              [N12:Z] [undefined] 61 119 0 80 (1031209040)
2026-04-21 16:13:05:708 [OUT] 25 A5 01 04 31 03 C9 3D 09 48 FE (11)
                              [N4:Y] LFLAG '=' 9 (9)
2026-04-21 16:13:05:730 [OUT] 25 A5 01 07 31 02 D8 3F 52 E2 (10)
                              [N7:N] INTERRUPT '?'
2026-04-21 16:13:06:033 [IN ] C8 24 0C 18 25 A5 0C 01 31 03 CF 00 08 18 D0 25 A5 0C 01 31 05 E6 3D 77 00 50 2D 10 50 C8 24 04 0B 25 A5 04 01 31 03 C9 3A 09 45 FB 25 C8 24 0C 0E 25 A5 0C 01 31 03 CF 00 04 14 CC 25 A5 0C 01 
C8 24 0C 0A 01 31 05 E6 3D 77 00 50 2D 10 CC C8 24 07 0C 25 A5 07 01 31 04 D8 3A 01 01 51 8A A5 C8 24 0C 15 25 A5 0C 01 31 03 CF 00 18 28 E0 25 A5 0C 01 31 05 E6 3D 77 00 50 (122)
                              [N12:Z] MOTOR_I 0 8 (8)
                              [N12:Z] [undefined] 61 119 0 80 (1031209040)
                              [N4:Y] LFLAG ':' 9 (9)
                              [N12:Z] MOTOR_I 0 4 (4)
                              [N12:Z] [undefined] 61 119 0 80 (1031209040)
                              [N7:N] INTERRUPT ':' 1 1 (257)
                              [N12:Z] MOTOR_I 0 24 (24)
2026-04-21 16:13:06:055 [OUT] 25 A5 01 09 31 03 C9 3D 0B 4F 1E (11)
                              [N9:P] LFLAG '=' 11 (11)
2026-04-21 16:13:06:077 [OUT] 25 A5 01 07 31 03 C9 3D 0B 4D 12 (11)
                              [N7:N] LFLAG '=' 11 (11)
2026-04-21 16:13:06:078 [IN ] C8 24 0C 1B 50 2D 10 25 A5 0C 01 31 03 CF 00 07 17 CF 25 A5 0C 01 31 05 E6 3D 77 00 50 2D 10 0C (32)
                              [N12:Z] [undefined] 61 119 0 80 (1031209040)
                              [N12:Z] MOTOR_I 0 7 (7)
                              [N12:Z] [undefined] 61 119 0 80 (1031209040)
2026-04-21 16:13:06:184 [IN ] C8 24 0C 18 25 A5 0C 01 31 03 CF 00 09 19 D1 25 A5 0C 01 31 05 E6 3D 77 00 50 2D 10 50 (29)
                              [N12:Z] MOTOR_I 0 9 (9)
                              [N12:Z] [undefined] 61 119 0 80 (1031209040)
2026-04-21 16:13:06:248 [IN ] C8 24 09 0B 25 A5 09 01 31 03 C9 3A 0B 4C 20 25 (16)
                              [N9:P] LFLAG ':' 11 (11)
2026-04-21 16:13:06:269 [OUT] 25 A5 01 09 31 03 88 00 50 16 26 (11)
                              [N9:P] RUN 0 80 (80)
2026-04-21 16:13:06:291 [IN ] C8 24 0C 18 25 A5 0C 01 31 03 CF 00 10 20 D8 25 A5 0C 01 31 05 E6 3D 77 00 50 2D 10 50 (29)
                              [N12:Z] MOTOR_I 0 16 (16)
                              [N12:Z] [undefined] 61 119 0 80 (1031209040)
2026-04-21 16:13:06:334 [IN ] C8 24 07 0B 25 A5 07 01 31 03 C9 3A 0B 4A 12 25 (16)
                              [N7:N] LFLAG ':' 11 (11)
2026-04-21 16:13:06:357 [OUT] 25 A5 01 07 31 03 88 00 50 14 1A (11)
                              [N7:N] RUN 0 80 (80)
2026-04-21 16:13:06:379 [IN ] C8 24 0C 18 25 A5 0C 01 31 03 CF 00 11 21 D9 25 A5 0C 01 31 05 E6 3D 77 00 50 2D 10 50 (29)
                              [N12:Z] MOTOR_I 0 17 (17)
                              [N12:Z] [undefined] 61 119 0 80 (1031209040)
2026-04-21 16:13:06:442 [IN ] C8 24 09 0C 25 A5 09 01 31 04 88 53 00 50 (14)
2026-04-21 16:13:06:463 [IN ] 6A F2 A5 (3)
                              [N9:P] RUN 'S' 0 80 (80)
2026-04-21 16:13:06:504 [IN ] C8 24 0C 18 25 A5 0C 01 31 03 CF 00 13 23 DB 25 A5 0C 01 31 05 E6 3D 77 00 50 2D 10 50 (29)
                              [N12:Z] MOTOR_I 0 19 (19)
                              [N12:Z] [undefined] 61 119 0 80 (1031209040)
2026-04-21 16:13:06:526 [IN ] C8 24 09 0B 25 A5 09 01 31 03 81 5A 4C 65 C9 25 (16)
                              [N9:P] TPOS 'Z' 76 (76)
2026-04-21 16:13:06:568 [IN ] C8 24 07 0C 25 A5 07 01 31 04 88 53 00 50 68 E2 A5 C8 24 09 0A 25 A5 09 01 31 02 81 49 07 50 68 (32)
                              [N7:N] RUN 'S' 0 80 (80)
                              [N9:P] TPOS 'I'
2026-04-21 16:13:06:771 [IN ] C8 24 0C 18 25 A5 0C 01 31 03 CF 00 18 28 E0 25 A5 0C 01 31 05 E6 3D 77 00 50 2D 10 50 C8 24 0C 18 25 A5 0C 01 31 03 CF 00 11 21 D9 25 A5 0C 01 31 05 E6 3D 77 00 50 2D 10 50 (58)
                              [N12:Z] MOTOR_I 0 24 (24)
                              [N12:Z] [undefined] 61 119 0 80 (1031209040)
                              [N12:Z] MOTOR_I 0 17 (17)
                              [N12:Z] [undefined] 61 119 0 80 (1031209040)
2026-04-21 16:13:06:792 [OUT] 25 A5 01 09 31 03 C9 3D 09 4D 1C (11)
                              [N9:P] LFLAG '=' 9 (9)
2026-04-21 16:13:06:794 [IN ] C8 24 0C 18 25 A5 0C 01 31 03 CF 00 05 15 CD 25 A5 0C 01 31 05 E6 3D 77 00 50 2D 10 50 (29)
                              [N12:Z] MOTOR_I 0 5 (5)
                              [N12:Z] [undefined] 61 119 0 80 (1031209040)
2026-04-21 16:13:06:816 [OUT] 25 A5 01 04 31 05 81 FF EE 88 01 32 FA (13)
                              [N4:Y] TPOS 255 238 136 1 (-1144831)
2026-04-21 16:13:06:899 [IN ] C8 24 0C 18 25 A5 0C 01 31 03 CF 00 08 18 D0 25 A5 0C 01 31 05 E6 3D 77 00 50 2D 10 50 (29)
                              [N12:Z] MOTOR_I 0 8 (8)
                              [N12:Z] [undefined] 61 119 0 80 (1031209040)
2026-04-21 16:13:06:961 [IN ] C8 24 09 0B 25 A5 09 01 31 03 C9 3A 09 4A 1E 25 (16)
                              [N9:P] LFLAG ':' 9 (9)
2026-04-21 16:13:07:004 [IN ] C8 24 0C 18 25 A5 0C 01 31 03 CF 00 0B 1B D3 25 A5 0C 01 31 05 E6 3D 77 00 50 2D 10 50 (29)
                              [N12:Z] MOTOR_I 0 11 (11)
                              [N12:Z] [undefined] 61 119 0 80 (1031209040)
2026-04-21 16:13:07:088 [IN ] C8 24 04 0E 25 A5 04 01 31 06 81 53 00 00 00 00 10 88 01 C8 24 0C 0E 25 A5 0C 01 31 03 CF 00 09 19 D1 25 A5 0C 01 (38)
                              [N4:Y] TPOS 'S' 0 0 0 0 (0)
                              [N12:Z] MOTOR_I 0 9 (9)
2026-04-21 16:13:07:290 [IN ] C8 24 0C 0A 01 31 05 E6 3D 77 00 50 2D 10 D1 C8 24 0C 15 25 A5 0C 01 31 03 CF 00 12 22 DA 25 A5 0C 01 31 05 E6 3D 77 00 50 C8 24 0C 1B 50 2D 10 25 A5 0C 01 31 03 CF 00 08 18 D0 25 A5 0C 01 31 
05 E6 3D 77 00 50 2D 10 0C (73)
                              [N12:Z] [undefined] 61 119 0 80 (1031209040)
                              [N12:Z] MOTOR_I 0 18 (18)
                              [N12:Z] [undefined] 61 119 0 80 (1031209040)
                              [N12:Z] MOTOR_I 0 8 (8)
                              [N12:Z] [undefined] 61 119 0 80 (1031209040)
2026-04-21 16:13:07:492 [IN ] C8 24 0C 18 25 A5 0C 01 31 03 CF 00 0C 1C D4 25 A5 0C 01 31 05 E6 3D 77 00 50 2D 10 50 C8 24 0C 18 25 A5 0C 01 31 03 CF 00 07 17 CF 25 A5 0C 01 31 05 E6 3D 77 00 50 2D 10 50 (58)
                              [N12:Z] MOTOR_I 0 12 (12)
                              [N12:Z] [undefined] 61 119 0 80 (1031209040)
                              [N12:Z] MOTOR_I 0 7 (7)
                              [N12:Z] [undefined] 61 119 0 80 (1031209040)
2026-04-21 16:13:07:693 [IN ] C8 24 0C 18 25 A5 0C 01 31 03 CF 00 1C 2C E4 25 A5 0C 01 31 05 E6 3D 77 00 50 2D 10 50 C8 24 0C 18 25 A5 0C 01 31 (38)
                              [N12:Z] MOTOR_I 0 28 (28)
                              [N12:Z] [undefined] 61 119 0 80 (1031209040)
2026-04-21 16:13:07:895 [IN ] 03 CF 00 11 21 D9 25 A5 0C 01 31 05 E6 3D 77 00 50 2D 10 50 C8 24 0C 18 25 A5 0C 01 31 03 CF 00 11 21 D9 25 A5 0C 01 31 05 E6 3D 77 00 50 2D 10 50 C8 24 0C 18 25 A5 0C 01 31 03 CF 00 0C 1C D4 
25 A5 0C 01 31 05 E6 3D 77 00 50 2D 10 50 (78)
                              [N12:Z] MOTOR_I 0 17 (17)
                              [N12:Z] [undefined] 61 119 0 80 (1031209040)
                              [N12:Z] MOTOR_I 0 17 (17)
                              [N12:Z] [undefined] 61 119 0 80 (1031209040)
                              [N12:Z] MOTOR_I 0 12 (12)
                              [N12:Z] [undefined] 61 119 0 80 (1031209040)
2026-04-21 16:13:08:097 [IN ] C8 24 0C 18 25 A5 0C 01 31 03 CF 00 12 22 DA 25 A5 0C 01 31 05 E6 3D 77 00 50 2D 10 50 C8 24 03 0B 25 A5 03 01 31 03 81 5A 4C 5F 9F 25 (45)
                              [N12:Z] MOTOR_I 0 18 (18)
                              [N12:Z] [undefined] 61 119 0 80 (1031209040)
                              [N3:X] TPOS 'Z' 76 (76)
2026-04-21 16:13:08:298 [IN ] C8 24 0C 18 25 A5 0C 01 31 03 CF 00 19 29 E1 25 A5 0C 01 31 05 E6 3D 77 00 50 2D 10 50 C8 24 03 0A 25 A5 03 01 31 02 81 49 01 2C E1 C8 24 0C 18 25 A5 0C 01 31 03 CF 00 09 19 D1 25 A5 0C 01 31 
05 E6 3D 77 00 50 2D 10 50 C8 24 0C 0E 25 A5 0C 01 31 03 CF 00 0D 1D D5 25 A5 0C 01 (92)
                              [N12:Z] MOTOR_I 0 25 (25)
                              [N12:Z] [undefined] 61 119 0 80 (1031209040)
                              [N3:X] TPOS 'I'
                              [N12:Z] MOTOR_I 0 9 (9)
                              [N12:Z] [undefined] 61 119 0 80 (1031209040)
                              [N12:Z] MOTOR_I 0 13 (13)
2026-04-21 16:13:08:502 [IN ] C8 24 0C 0A 01 31 05 E6 3D 77 00 50 2D 10 D5 C8 24 0C 15 25 A5 0C 01 31 03 CF 00 13 23 DB 25 A5 0C 01 31 05 E6 3D 77 00 50 C8 24 0C 1B 50 2D 10 25 A5 0C 01 31 03 CF 00 06 16 CE 25 A5 0C 01 31 
05 E6 3D 77 00 50 2D 10 0C (73)
                              [N12:Z] [undefined] 61 119 0 80 (1031209040)
                              [N12:Z] MOTOR_I 0 19 (19)
                              [N12:Z] [undefined] 61 119 0 80 (1031209040)
                              [N12:Z] MOTOR_I 0 6 (6)
                              [N12:Z] [undefined] 61 119 0 80 (1031209040)
2026-04-21 16:13:08:523 [OUT] 25 A5 01 03 31 03 C9 3D 09 47 F8 (11)
                              [N3:X] LFLAG '=' 9 (9)
2026-04-21 16:13:08:608 [IN ] C8 24 0C 18 25 A5 0C 01 31 03 CF 00 15 25 DD 25 A5 0C 01 31 05 E6 3D 77 00 50 2D 10 50 (29)
                              [N12:Z] MOTOR_I 0 21 (21)
                              [N12:Z] [undefined] 61 119 0 80 (1031209040)
2026-04-21 16:13:08:692 [IN ] C8 24 03 0B 25 A5 03 01 31 03 C9 3A 09 44 F4 25 C8 24 0C 18 25 A5 0C 01 31 03 CF 00 0F 1F D7 25 A5 0C 01 31 05 E6 3D 77 00 (41)
                              [N3:X] LFLAG ':' 9 (9)
2026-04-21 16:13:08:894 [IN ] 50 2D 10 50 C8 24 0C 18 25 A5 0C 01 31 03 CF 00 0C 1C D4 25 A5 0C 01 31 05 E6 3D 77 00 50 2D 10 50 (33)
                              [N12:Z] MOTOR_I 0 15 (15)
                              [N12:Z] [undefined] 61 119 0 80 (1031209040)
                              [N12:Z] MOTOR_I 0 12 (12)
                              [N12:Z] [undefined] 61 119 0 80 (1031209040)
2026-04-21 16:13:09:098 [IN ] C8 24 0C 18 25 A5 0C 01 31 03 CF 00 09 19 D1 25 A5 0C 01 31 05 E6 3D 77 00 50 2D 10 50 C8 24 0C 18 25 A5 0C 01 31 03 CF 00 07 17 CF 25 A5 0C 01 31 05 E6 3D 77 00 50 2D 10 50 (58)
                              [N12:Z] MOTOR_I 0 9 (9)
                              [N12:Z] [undefined] 61 119 0 80 (1031209040)
                              [N12:Z] MOTOR_I 0 7 (7)
                              [N12:Z] [undefined] 61 119 0 80 (1031209040)
2026-04-21 16:13:09:299 [IN ] C8 24 0C 18 25 A5 0C 01 31 03 CF 00 07 17 CF 25 A5 0C 01 31 05 E6 3D 77 00 50 2D 10 50 C8 24 0C 18 25 A5 0C 01 31 03 CF 00 09 19 D1 25 A5 0C 01 31 05 E6 3D 77 00 50 2D 10 50 (58)
                              [N12:Z] MOTOR_I 0 7 (7)
                              [N12:Z] [undefined] 61 119 0 80 (1031209040)
                              [N12:Z] MOTOR_I 0 9 (9)
                              [N12:Z] [undefined] 61 119 0 80 (1031209040)
2026-04-21 16:13:09:500 [IN ] C8 24 0C 18 25 A5 0C 01 31 03 CF 00 11 21 D9 25 A5 0C 01 31 05 E6 3D 77 00 50 2D 10 50 C8 24 0C 18 25 A5 0C 01 31 03 CF 00 0B 1B D3 25 A5 0C 01 31 05 E6 3D 77 00 50 2D 10 50 C8 24 0C (61)
                              [N12:Z] MOTOR_I 0 17 (17)
                              [N12:Z] [undefined] 61 119 0 80 (1031209040)
                              [N12:Z] MOTOR_I 0 11 (11)
                              [N12:Z] [undefined] 61 119 0 80 (1031209040)
2026-04-21 16:13:09:701 [IN ] 0E 25 A5 0C 01 31 03 CF 00 06 16 CE 25 A5 0C 01 C8 24 0C 0A 01 31 05 E6 3D 77 00 50 2D 10 CE C8 24 0C 15 25 A5 0C 01 31 03 CF 00 0E 1E D6 25 A5 0C 01 31 05 E6 3D 77 00 50 C8 24 0C 1B 50 2D 10 
25 A5 0C 01 31 03 CF 00 17 27 DF 25 A5 0C 01 31 05 E6 3D 77 00 50 2D 10 0C (89)
                              [N12:Z] MOTOR_I 0 6 (6)
                              [N12:Z] [undefined] 61 119 0 80 (1031209040)
                              [N12:Z] MOTOR_I 0 14 (14)
                              [N12:Z] [undefined] 61 119 0 80 (1031209040)
                              [N12:Z] MOTOR_I 0 23 (23)
                              [N12:Z] [undefined] 61 119 0 80 (1031209040)
2026-04-21 16:13:09:902 [IN ] C8 24 0C 18 25 A5 0C 01 31 03 CF 00 0E 1E D6 25 A5 0C 01 31 05 E6 3D 77 00 50 2D 10 50 (29)
                              [N12:Z] MOTOR_I 0 14 (14)
                              [N12:Z] [undefined] 61 119 0 80 (1031209040)
2026-04-21 16:13:10:104 [IN ] C8 24 0C 18 25 A5 0C 01 31 03 CF 00 0E 1E D6 25 A5 0C 01 31 05 E6 3D 77 00 50 2D 10 50 C8 24 0C 18 25 A5 0C 01 31 03 CF 00 08 18 D0 25 A5 0C 01 31 05 E6 3D 77 00 50 2D 10 50 (58)
                              [N12:Z] MOTOR_I 0 14 (14)
                              [N12:Z] [undefined] 61 119 0 80 (1031209040)
                              [N12:Z] MOTOR_I 0 8 (8)
                              [N12:Z] [undefined] 61 119 0 80 (1031209040)
2026-04-21 16:13:10:305 [IN ] C8 24 0C 18 25 A5 0C 01 31 03 CF 00 1A 2A E2 25 A5 0C 01 31 05 E6 3D 77 00 50 2D 10 50 C8 24 0C 18 25 A5 0C 01 31 03 CF 00 10 20 D8 25 A5 0C 01 31 05 E6 3D 77 00 50 2D 10 50 (58)
                              [N12:Z] MOTOR_I 0 26 (26)
                              [N12:Z] [undefined] 61 119 0 80 (1031209040)
                              [N12:Z] MOTOR_I 0 16 (16)
                              [N12:Z] [undefined] 61 119 0 80 (1031209040)
2026-04-21 16:13:10:506 [IN ] C8 24 0C 18 25 A5 0C 01 31 03 CF 00 0D 1D D5 25 A5 0C 01 31 05 E6 3D 77 00 50 2D 10 50 C8 24 0C 18 25 A5 0C 01 31 03 CF 00 11 21 D9 25 A5 0C 01 31 05 E6 3D 77 00 50 2D 10 50 (58)
                              [N12:Z] MOTOR_I 0 13 (13)
                              [N12:Z] [undefined] 61 119 0 80 (1031209040)
                              [N12:Z] MOTOR_I 0 17 (17)
                              [N12:Z] [undefined] 61 119 0 80 (1031209040)
2026-04-21 16:13:10:708 [IN ] C8 24 0C 18 25 A5 0C 01 31 03 CF 00 15 25 DD 25 A5 0C 01 31 05 E6 3D 77 00 50 2D 10 50 C8 24 0C 18 25 A5 0C 01 31 03 CF 00 07 17 CF 25 A5 0C 01 31 05 E6 3D 77 00 50 2D 10 50 C8 24 0C 0E 25 A5 
0C 01 31 03 CF 00 19 29 E1 25 A5 0C 01 (77)
                              [N12:Z] MOTOR_I 0 21 (21)
                              [N12:Z] [undefined] 61 119 0 80 (1031209040)
                              [N12:Z] MOTOR_I 0 7 (7)
                              [N12:Z] [undefined] 61 119 0 80 (1031209040)
                              [N12:Z] MOTOR_I 0 25 (25)
2026-04-21 16:13:10:910 [IN ] C8 24 0C 0A 01 31 05 E6 3D 77 00 50 2D 10 E1 C8 24 0C 18 25 A5 0C 01 31 03 CF 00 08 18 D0 25 A5 0C 01 31 05 E6 3D 77 00 50 2D 10 50 C8 24 0C 18 25 A5 0C 01 31 03 CF 00 07 17 CF 25 A5 0C 01 31 
05 E6 3D 77 00 50 2D 10 50 (73)
                              [N12:Z] [undefined] 61 119 0 80 (1031209040)
                              [N12:Z] MOTOR_I 0 8 (8)
                              [N12:Z] [undefined] 61 119 0 80 (1031209040)
                              [N12:Z] MOTOR_I 0 7 (7)
                              [N12:Z] [undefined] 61 119 0 80 (1031209040)
2026-04-21 16:13:11:111 [IN ] C8 24 0C 18 25 A5 0C 01 31 03 CF 00 07 17 CF 25 A5 0C 01 31 05 E6 3D 77 00 50 2D 10 50 (29)
                              [N12:Z] MOTOR_I 0 7 (7)
                              [N12:Z] [undefined] 61 119 0 80 (1031209040)
2026-04-21 16:13:11:314 [IN ] C8 24 0C 18 25 A5 0C 01 31 03 CF 00 13 23 DB 25 A5 0C 01 31 05 E6 3D 77 00 50 2D 10 50 C8 24 0C 18 25 A5 0C 01 31 03 CF 00 0F 1F D7 25 A5 0C 01 31 05 E6 3D 77 00 50 2D 10 50 C8 24 07 0B 25 A5 
07 01 31 03 81 5A 4C 63 BB 25 C8 24 07 0A 25 A5 07 01 31 02 81 49 05 44 BB (89)
                              [N12:Z] MOTOR_I 0 19 (19)
                              [N12:Z] [undefined] 61 119 0 80 (1031209040)
                              [N12:Z] MOTOR_I 0 15 (15)
                              [N12:Z] [undefined] 61 119 0 80 (1031209040)
                              [N7:N] TPOS 'Z' 76 (76)
                              [N7:N] TPOS 'I'
2026-04-21 16:13:11:517 [IN ] C8 24 0C 18 25 A5 0C 01 31 03 CF 00 0D 1D D5 25 A5 0C 01 31 05 E6 3D 77 00 50 2D 10 50 C8 24 0C 18 25 A5 0C 01 31 03 CF 00 19 29 E1 25 A5 0C 01 31 05 E6 3D 77 00 50 2D 10 50 C8 24 0C 18 25 A5 
0C 01 31 03 CF 00 11 21 D9 25 A5 0C 01 31 05 E6 (80)
                              [N12:Z] MOTOR_I 0 13 (13)
                              [N12:Z] [undefined] 61 119 0 80 (1031209040)
                              [N12:Z] MOTOR_I 0 25 (25)
                              [N12:Z] [undefined] 61 119 0 80 (1031209040)
2026-04-21 16:13:11:538 [OUT] 25 A5 01 07 31 03 C9 3D 09 4B 10 (11)
                              [N7:N] LFLAG '=' 9 (9)
2026-04-21 16:13:11:539 [IN ] 3D 77 00 50 2D 10 50 (7)
                              [N12:Z] MOTOR_I 0 17 (17)
                              [N12:Z] [undefined] 61 119 0 80 (1031209040)
2026-04-21 16:13:11:643 [IN ] C8 24 0C 18 25 A5 0C 01 31 03 CF 00 15 25 DD 25 A5 0C 01 31 05 E6 3D 77 00 50 2D 10 50 (29)
                              [N12:Z] MOTOR_I 0 21 (21)
                              [N12:Z] [undefined] 61 119 0 80 (1031209040)
2026-04-21 16:13:11:708 [IN ] C8 24 07 0B 25 A5 07 01 31 03 C9 3A 09 48 10 25 (16)
                              [N7:N] LFLAG ':' 9 (9)
2026-04-21 16:13:11:909 [IN ] C8 24 0C 18 25 A5 0C 01 31 03 CF 00 11 21 D9 25 A5 0C 01 31 05 E6 3D 77 00 50 2D 10 50 C8 24 0C 18 25 A5 0C 01 31 03 CF 00 1B 2B E3 25 A5 0C 01 31 05 E6 3D 77 00 50 2D 10 50 (58)
                              [N12:Z] MOTOR_I 0 17 (17)
                              [N12:Z] [undefined] 61 119 0 80 (1031209040)
                              [N12:Z] MOTOR_I 0 27 (27)
                              [N12:Z] [undefined] 61 119 0 80 (1031209040)
2026-04-21 16:13:12:111 [IN ] C8 24 0C 0E 25 A5 0C 01 31 03 CF 00 0E 1E D6 25 A5 0C 01 C8 24 0C 0A 01 31 05 E6 3D 77 00 50 2D 10 D6 C8 24 0C 18 25 A5 0C 01 31 03 CF 00 0D 1D D5 25 A5 0C 01 31 05 E6 3D 77 00 50 2D 10 50 (63)
                              [N12:Z] MOTOR_I 0 14 (14)
                              [N12:Z] [undefined] 61 119 0 80 (1031209040)
                              [N12:Z] MOTOR_I 0 13 (13)
                              [N12:Z] [undefined] 61 119 0 80 (1031209040)
2026-04-21 16:13:12:313 [IN ] C8 24 0C 18 25 A5 0C 01 31 03 CF 00 0E 1E D6 25 A5 0C 01 31 05 E6 3D 77 00 50 2D 10 50 C8 24 0C 18 25 A5 0C 01 31 03 CF 00 17 27 DF 25 A5 0C 01 31 05 E6 3D 77 00 50 2D 10 50 (58)
                              [N12:Z] MOTOR_I 0 14 (14)
                              [N12:Z] [undefined] 61 119 0 80 (1031209040)
                              [N12:Z] MOTOR_I 0 23 (23)
                              [N12:Z] [undefined] 61 119 0 80 (1031209040)
2026-04-21 16:13:12:514 [IN ] C8 24 0C 18 25 A5 0C 01 31 03 CF 00 11 21 D9 25 A5 0C 01 31 05 E6 3D 77 00 50 2D 10 50 C8 24 0C 18 25 A5 0C 01 31 03 CF 00 14 24 DC 25 A5 0C 01 31 05 E6 3D 77 00 50 2D 10 50 (58)
                              [N12:Z] MOTOR_I 0 17 (17)
                              [N12:Z] [undefined] 61 119 0 80 (1031209040)
                              [N12:Z] MOTOR_I 0 20 (20)
                              [N12:Z] [undefined] 61 119 0 80 (1031209040)
2026-04-21 16:13:12:716 [IN ] C8 24 0C 18 25 A5 0C 01 31 03 CF 00 15 25 DD 25 A5 0C 01 31 05 E6 3D 77 00 50 2D 10 50 C8 24 0C 18 25 A5 0C 01 31 03 CF 00 16 26 DE 25 A5 0C 01 31 05 E6 3D 77 00 50 2D 10 50 (58)
                              [N12:Z] MOTOR_I 0 21 (21)
                              [N12:Z] [undefined] 61 119 0 80 (1031209040)
                              [N12:Z] MOTOR_I 0 22 (22)
                              [N12:Z] [undefined] 61 119 0 80 (1031209040)
2026-04-21 16:13:12:917 [IN ] C8 24 0C 18 25 A5 0C 01 31 03 CF 00 12 22 DA 25 A5 0C 01 31 05 E6 3D 77 00 50 2D 10 50 C8 24 0C 18 25 A5 0C 01 31 03 CF 00 18 28 E0 25 A5 0C 01 31 05 E6 3D 77 00 50 2D 10 50 (58)
                              [N12:Z] MOTOR_I 0 18 (18)
                              [N12:Z] [undefined] 61 119 0 80 (1031209040)
                              [N12:Z] MOTOR_I 0 24 (24)
                              [N12:Z] [undefined] 61 119 0 80 (1031209040)
2026-04-21 16:13:13:118 [IN ] C8 24 0C 18 25 A5 0C 01 31 03 CF 00 0E 1E D6 25 A5 0C 01 31 05 E6 3D 77 00 50 2D 10 50 C8 24 04 0E 25 A5 04 01 31 06 81 45 FF EE 85 D5 49 E7 01 C8 24 0C 18 25 A5 0C 01 31 03 CF 00 13 23 DB 25 
A5 0C 01 31 05 E6 3D 77 00 50 2D 10 50 (77)
                              [N12:Z] MOTOR_I 0 14 (14)
                              [N12:Z] [undefined] 61 119 0 80 (1031209040)
                              [N4:Y] TPOS 'E' 255 238 133 213 (-1145387)
                              [N12:Z] MOTOR_I 0 19 (19)
                              [N12:Z] [undefined] 61 119 0 80 (1031209040)
2026-04-21 16:13:13:320 [IN ] C8 24 0C 0E 25 A5 0C 01 31 03 CF 00 08 18 D0 25 A5 0C 01 C8 24 0C 0A 01 31 05 E6 3D 77 00 50 2D 10 D0 C8 24 0C 18 25 A5 0C 01 31 03 CF 00 15 25 DD 25 A5 0C 01 31 05 E6 3D 77 00 50 2D 10 50 (63)
                              [N12:Z] MOTOR_I 0 8 (8)
                              [N12:Z] [undefined] 61 119 0 80 (1031209040)
                              [N12:Z] MOTOR_I 0 21 (21)
                              [N12:Z] [undefined] 61 119 0 80 (1031209040)
2026-04-21 16:13:13:342 [OUT] 25 A5 01 09 31 05 81 FF E6 EA AB 3B 78 (13)
                              [N9:P] TPOS 255 230 234 171 (-1643861)
2026-04-21 16:13:13:343 [IN ] C8 24 0C 18 25 A5 0C 01 31 03 CF 00 15 25 DD 25 A5 0C 01 31 05 E6 3D 77 00 50 2D 10 50 (29)
                              [N12:Z] MOTOR_I 0 21 (21)
                              [N12:Z] [undefined] 61 119 0 80 (1031209040)
2026-04-21 16:13:13:364 [OUT] 25 A5 01 04 31 05 81 FF FD 50 01 09 B7 (13)
                              [N4:Y] TPOS 255 253 80 1 (-176127)
2026-04-21 16:13:13:389 [OUT] 25 A5 01 07 31 05 81 FF AB 19 75 F7 DF (13)
                              [N7:N] TPOS 255 171 25 117 (-5564043)
2026-04-21 16:13:13:411 [OUT] 25 A5 01 03 31 05 81 FF EC 4A AB 9B 1A (13)
                              [N3:X] TPOS 255 236 74 171 (-1291605)
2026-04-21 16:13:13:433 [OUT] 25 A5 01 06 31 02 D8 3F 51 DD (10)
                              [N6:H] INTERRUPT '?'
2026-04-21 16:13:13:734 [IN ] C8 24 0C 18 25 A5 0C 01 31 03 CF 00 0F 1F D7 25 A5 0C 01 31 05 E6 3D 77 00 50 2D 10 50 C8 24 09 0E 25 A5 09 01 31 06 81 53 FF FF FF F4 06 A5 01 C8 24 0C 18 25 A5 0C 01 31 03 CF 00 16 26 DE 25 
A5 0C 01 31 05 E6 3D 77 00 50 2D 10 50 C8 24 0C 18 25 A5 0C 01 31 03 CF 00 18 28 E0 25 A5 0C 01 31 05 E6 3D 77 00 50 2D 10 50 C8 24 04 0E 25 A5 04 01 31 06 81 53 FF EE 85 D5 57 2D 01 (125)
                              [N12:Z] MOTOR_I 0 15 (15)
                              [N12:Z] [undefined] 61 119 0 80 (1031209040)
                              [N9:P] TPOS 'S' 255 255 255 244 (-12)
                              [N12:Z] MOTOR_I 0 22 (22)
                              [N12:Z] [undefined] 61 119 0 80 (1031209040)
                              [N12:Z] MOTOR_I 0 24 (24)
                              [N12:Z] [undefined] 61 119 0 80 (1031209040)
                              [N4:Y] TPOS 'S' 255 238 133 213 (-1145387)
2026-04-21 16:13:14:035 [IN ] C8 24 0C 18 25 A5 0C 01 31 03 CF 00 1E 2E E6 25 A5 0C 01 31 05 E6 3D 77 00 50 2D 10 50 C8 24 07 0E 25 A5 07 01 31 06 81 53 FF FF FF FB 0B 98 01 C8 24 0C 18 25 A5 0C 01 31 03 CF 00 18 28 E0 25 
A5 0C 01 31 05 E6 3D 77 00 50 2D 10 50 C8 24 03 0E 25 A5 03 01 31 06 81 53 00 00 00 01 10 7F 01 C8 24 0C 18 25 A5 0C 01 31 03 CF 00 17 27 DF 25 A5 0C 01 31 05 E6 3D 77 00 50 2D 10 50 C8 24 06 
0C 25 A5 06 01 31 04 D8 3A 01 01 50 82 A5 (142)
                              [N12:Z] MOTOR_I 0 30 (30)
                              [N12:Z] [undefined] 61 119 0 80 (1031209040)
                              [N7:N] TPOS 'S' 255 255 255 251 (-5)
                              [N12:Z] MOTOR_I 0 24 (24)
                              [N12:Z] [undefined] 61 119 0 80 (1031209040)
                              [N3:X] TPOS 'S' 0 0 0 1 (1)
                              [N12:Z] MOTOR_I 0 23 (23)
                              [N12:Z] [undefined] 61 119 0 80 (1031209040)
                              [N6:H] INTERRUPT ':' 1 1 (257)
2026-04-21 16:13:14:057 [OUT] 25 A5 01 06 31 03 C9 3D 0B 4C 0C (11)
                              [N6:H] LFLAG '=' 11 (11)
2026-04-21 16:13:14:058 [IN ] C8 24 0C 18 25 A5 0C 01 31 03 CF 00 19 29 E1 25 A5 0C 01 31 05 E6 3D 77 00 50 2D 10 50 (29)
                              [N12:Z] MOTOR_I 0 25 (25)
                              [N12:Z] [undefined] 61 119 0 80 (1031209040)
2026-04-21 16:13:14:163 [IN ] C8 24 0C 18 25 A5 0C 01 31 03 CF 00 1A 2A E2 25 A5 0C 01 31 05 E6 3D 77 00 50 2D 10 50 (29)
                              [N12:Z] MOTOR_I 0 26 (26)
                              [N12:Z] [undefined] 61 119 0 80 (1031209040)
2026-04-21 16:13:14:206 [IN ] C8 24 (2)
2026-04-21 16:13:14:228 [IN ] 06 0B 25 A5 06 01 31 03 C9 3A 0B 49 0B 25 (14)
                              [N6:H] LFLAG ':' 11 (11)
2026-04-21 16:13:14:250 [OUT] 25 A5 01 06 31 03 88 FF B0 72 72 (11)
                              [N6:H] RUN 255 176 (-80)
2026-04-21 16:13:14:251 [IN ] C8 24 0C 18 25 A5 0C 01 31 03 CF 00 13 23 DB 25 A5 0C 01 31 05 E6 3D 77 00 50 2D 10 50 (29)
                              [N12:Z] MOTOR_I 0 19 (19)
                              [N12:Z] [undefined] 61 119 0 80 (1031209040)
2026-04-21 16:13:14:334 [IN ] C8 24 0C 0E 25 A5 0C 01 31 03 CF 00 19 29 E1 25 A5 0C 01 (19)
                              [N12:Z] MOTOR_I 0 25 (25)
2026-04-21 16:13:14:355 [IN ] C8 24 0C 0A 01 31 05 E6 3D 77 00 50 2D 10 E1 (15)
                              [N12:Z] [undefined] 61 119 0 80 (1031209040)
2026-04-21 16:13:14:398 [IN ] C8 24 06 0C 25 A5 06 01 31 04 88 53 FF B0 C6 38 A5 (17)
                              [N6:H] RUN 'S' 255 176 (-80)
2026-04-21 16:13:14:599 [IN ] C8 24 0C 18 25 A5 0C 01 31 03 CF 00 1A 2A E2 25 A5 0C 01 31 05 E6 3D 77 00 50 2D 10 50 C8 24 0C 18 25 A5 0C 01 31 03 CF 00 1A 2A E2 25 A5 0C 01 31 05 E6 3D 77 00 50 2D 10 50 (58)
                              [N12:Z] MOTOR_I 0 26 (26)
                              [N12:Z] [undefined] 61 119 0 80 (1031209040)
                              [N12:Z] MOTOR_I 0 26 (26)
                              [N12:Z] [undefined] 61 119 0 80 (1031209040)
2026-04-21 16:13:14:800 [IN ] C8 24 0C 18 25 A5 0C 01 31 03 CF 00 2C 3C F4 25 A5 0C 01 31 05 E6 3D 77 00 50 2D 10 50 C8 24 0C 18 25 A5 0C 01 31 03 CF 00 12 22 DA 25 A5 0C 01 31 05 E6 3D 77 00 50 2D 10 50 (58)
                              [N12:Z] MOTOR_I 0 44 (44)
                              [N12:Z] [undefined] 61 119 0 80 (1031209040)
                              [N12:Z] MOTOR_I 0 18 (18)
                              [N12:Z] [undefined] 61 119 0 80 (1031209040)
2026-04-21 16:13:15:002 [IN ] C8 24 0C 18 25 A5 0C 01 31 03 CF 00 13 23 DB 25 A5 0C 01 31 05 E6 3D 77 00 50 2D 10 50 C8 24 0C 18 25 A5 0C 01 31 03 CF 00 1D 2D E5 25 A5 0C 01 31 05 E6 3D 77 00 50 2D 10 50 (58)
                              [N12:Z] MOTOR_I 0 19 (19)
                              [N12:Z] [undefined] 61 119 0 80 (1031209040)
                              [N12:Z] MOTOR_I 0 29 (29)
                              [N12:Z] [undefined] 61 119 0 80 (1031209040)
2026-04-21 16:13:15:203 [IN ] C8 24 0C 18 25 A5 0C 01 31 03 CF 00 14 24 DC 25 A5 0C 01 31 05 E6 3D 77 00 50 2D 10 50 C8 24 0C 18 25 A5 0C 01 31 03 CF 00 0D 1D D5 25 A5 0C 01 31 05 E6 3D 77 00 50 2D 10 50 (58)
                              [N12:Z] MOTOR_I 0 20 (20)
                              [N12:Z] [undefined] 61 119 0 80 (1031209040)
                              [N12:Z] MOTOR_I 0 13 (13)
                              [N12:Z] [undefined] 61 119 0 80 (1031209040)
2026-04-21 16:13:15:406 [IN ] C8 24 0C 18 25 A5 0C 01 31 03 CF 00 18 28 E0 25 A5 0C 01 31 05 E6 3D 77 00 50 2D 10 50 C8 24 0C 18 25 A5 0C 01 31 03 CF 00 28 38 F0 25 A5 0C 01 31 05 E6 3D 77 00 50 2D 10 50 (58)
                              [N12:Z] MOTOR_I 0 24 (24)
                              [N12:Z] [undefined] 61 119 0 80 (1031209040)
                              [N12:Z] MOTOR_I 0 40 (40)
                              [N12:Z] [undefined] 61 119 0 80 (1031209040)
2026-04-21 16:13:15:607 [IN ] C8 24 0C 18 25 A5 0C 01 31 03 CF 00 1C 2C E4 25 A5 0C 01 31 05 E6 3D 77 00 50 2D 10 50 C8 24 0C 0E 25 A5 0C 01 31 03 CF 00 21 31 E9 25 A5 0C 01 C8 24 0C 0A 01 31 05 E6 3D 77 00 50 2D 10 E9 (63)
                              [N12:Z] MOTOR_I 0 28 (28)
                              [N12:Z] [undefined] 61 119 0 80 (1031209040)
                              [N12:Z] MOTOR_I 0 33 (33)
                              [N12:Z] [undefined] 61 119 0 80 (1031209040)
2026-04-21 16:13:15:809 [IN ] C8 24 0C 18 25 A5 0C 01 31 03 CF 00 25 35 ED 25 A5 0C 01 31 05 E6 3D 77 00 50 2D 10 50 C8 24 0C 18 25 A5 0C 01 31 03 CF 00 14 24 DC 25 A5 0C 01 31 05 E6 3D 77 00 50 2D 10 50 (58)
                              [N12:Z] MOTOR_I 0 37 (37)
                              [N12:Z] [undefined] 61 119 0 80 (1031209040)
                              [N12:Z] MOTOR_I 0 20 (20)
                              [N12:Z] [undefined] 61 119 0 80 (1031209040)
2026-04-21 16:13:16:010 [IN ] C8 24 0C 18 25 A5 0C 01 31 03 CF 00 0F 1F D7 25 A5 0C 01 31 05 E6 3D 77 00 50 2D 10 50 C8 24 0C 18 25 A5 0C 01 31 03 CF 00 0E 1E D6 25 A5 0C 01 31 05 E6 3D 77 00 50 2D 10 50 (58)
                              [N12:Z] MOTOR_I 0 15 (15)
                              [N12:Z] [undefined] 61 119 0 80 (1031209040)
                              [N12:Z] MOTOR_I 0 14 (14)
                              [N12:Z] [undefined] 61 119 0 80 (1031209040)
2026-04-21 16:13:16:212 [IN ] C8 24 0C 18 25 A5 0C 01 31 03 CF 00 1D 2D E5 25 A5 0C 01 31 05 E6 3D 77 00 50 2D 10 50 C8 24 0C 18 25 A5 0C 01 31 03 CF 00 21 31 E9 25 A5 0C 01 31 05 E6 3D 77 00 50 2D 10 50 (58)
                              [N12:Z] MOTOR_I 0 29 (29)
                              [N12:Z] [undefined] 61 119 0 80 (1031209040)
                              [N12:Z] MOTOR_I 0 33 (33)
                              [N12:Z] [undefined] 61 119 0 80 (1031209040)
2026-04-21 16:13:16:413 [IN ] C8 24 0C 18 25 A5 0C 01 31 03 CF 00 1B 2B E3 25 A5 0C 01 31 05 E6 3D 77 00 50 2D 10 50 C8 24 0C 18 25 A5 0C 01 31 03 CF 00 10 20 D8 25 A5 0C 01 31 05 E6 3D 77 00 50 2D 10 50 (58)
                              [N12:Z] MOTOR_I 0 27 (27)
                              [N12:Z] [undefined] 61 119 0 80 (1031209040)
                              [N12:Z] MOTOR_I 0 16 (16)
                              [N12:Z] [undefined] 61 119 0 80 (1031209040)
2026-04-21 16:13:16:614 [IN ] C8 24 0C 18 25 A5 0C 01 31 03 CF 00 11 21 D9 25 A5 0C 01 31 05 E6 3D 77 00 50 2D 10 50 C8 24 0C 18 25 A5 0C 01 31 03 CF 00 23 33 EB 25 A5 0C 01 31 05 E6 3D 77 00 50 2D 10 50 (58)
                              [N12:Z] MOTOR_I 0 17 (17)
                              [N12:Z] [undefined] 61 119 0 80 (1031209040)
                              [N12:Z] MOTOR_I 0 35 (35)
                              [N12:Z] [undefined] 61 119 0 80 (1031209040)
2026-04-21 16:13:16:815 [IN ] C8 24 0C 18 25 A5 0C 01 31 03 CF 00 29 39 F1 25 A5 0C 01 31 05 E6 3D 77 00 50 2D 10 50 C8 24 0C 0E 25 A5 0C 01 31 03 CF 00 1B 2B E3 25 A5 0C 01 C8 24 0C 0A 01 31 05 E6 3D 77 00 50 2D 10 E3 (63)
                              [N12:Z] MOTOR_I 0 41 (41)
                              [N12:Z] [undefined] 61 119 0 80 (1031209040)
                              [N12:Z] MOTOR_I 0 27 (27)
                              [N12:Z] [undefined] 61 119 0 80 (1031209040)
2026-04-21 16:13:17:017 [IN ] C8 24 0C 18 25 A5 0C 01 31 03 CF 00 21 31 E9 25 A5 0C 01 31 05 E6 3D 77 00 50 2D 10 50 C8 24 0C 18 25 A5 0C 01 31 03 CF 00 1D 2D E5 25 A5 0C 01 31 05 E6 3D 77 00 50 2D 10 50 (58)
                              [N12:Z] MOTOR_I 0 33 (33)
                              [N12:Z] [undefined] 61 119 0 80 (1031209040)
                              [N12:Z] MOTOR_I 0 29 (29)
                              [N12:Z] [undefined] 61 119 0 80 (1031209040)
2026-04-21 16:13:17:219 [IN ] C8 24 0C 18 25 A5 0C 01 31 03 CF 00 15 25 DD 25 A5 0C 01 31 05 E6 3D 77 00 50 2D 10 50 C8 24 0C 18 25 A5 0C 01 31 03 CF 00 15 25 DD 25 A5 0C 01 31 05 E6 3D 77 00 50 2D 10 50 (58)
                              [N12:Z] MOTOR_I 0 21 (21)
                              [N12:Z] [undefined] 61 119 0 80 (1031209040)
                              [N12:Z] MOTOR_I 0 21 (21)
                              [N12:Z] [undefined] 61 119 0 80 (1031209040)
2026-04-21 16:13:17:420 [IN ] C8 24 0C 18 25 A5 0C 01 31 03 CF 00 1D 2D E5 25 A5 0C 01 31 05 E6 3D 77 00 50 2D 10 50 C8 24 0C 18 25 A5 0C 01 31 03 CF 00 17 27 DF 25 A5 0C 01 31 05 E6 3D 77 00 50 2D 10 50 (58)
                              [N12:Z] MOTOR_I 0 29 (29)
                              [N12:Z] [undefined] 61 119 0 80 (1031209040)
                              [N12:Z] MOTOR_I 0 23 (23)
                              [N12:Z] [undefined] 61 119 0 80 (1031209040)
2026-04-21 16:13:17:622 [IN ] C8 24 0C 18 25 A5 0C 01 31 03 CF 00 13 23 DB 25 A5 0C 01 31 05 E6 3D 77 00 50 2D 10 50 C8 24 0C 18 25 A5 0C 01 31 03 CF 00 23 33 EB 25 A5 0C 01 31 05 E6 3D 77 00 50 2D 10 50 (58)
                              [N12:Z] MOTOR_I 0 19 (19)
                              [N12:Z] [undefined] 61 119 0 80 (1031209040)
                              [N12:Z] MOTOR_I 0 35 (35)
                              [N12:Z] [undefined] 61 119 0 80 (1031209040)
2026-04-21 16:13:17:823 [IN ] C8 24 0C 18 25 A5 0C 01 31 03 CF 00 22 32 EA 25 A5 0C 01 31 05 E6 3D 77 00 50 2D 10 50 C8 24 0C 18 25 A5 0C 01 31 03 CF 00 17 27 DF 25 A5 0C 01 31 05 E6 3D 77 00 50 2D 10 50 (58)
                              [N12:Z] MOTOR_I 0 34 (34)
                              [N12:Z] [undefined] 61 119 0 80 (1031209040)
                              [N12:Z] MOTOR_I 0 23 (23)
                              [N12:Z] [undefined] 61 119 0 80 (1031209040)
2026-04-21 16:13:18:024 [IN ] C8 24 0C 18 25 A5 0C 01 31 03 CF 00 26 36 EE 25 A5 0C 01 31 05 E6 3D 77 00 50 2D 10 50 C8 24 0C 15 25 A5 0C 01 31 03 CF 00 1D 2D E5 25 A5 0C 01 31 05 E6 3D 77 00 50 (55)
                              [N12:Z] MOTOR_I 0 38 (38)
                              [N12:Z] [undefined] 61 119 0 80 (1031209040)
                              [N12:Z] MOTOR_I 0 29 (29)
2026-04-21 16:13:18:225 [IN ] C8 24 0C 1B 50 2D 10 25 A5 0C 01 31 03 CF 00 26 36 EE 25 A5 0C 01 31 05 E6 3D 77 00 50 2D 10 0C C8 24 0C 18 25 A5 0C 01 31 03 CF 00 13 23 DB 25 A5 0C 01 31 05 E6 3D 77 00 50 2D 10 50 (61)
                              [N12:Z] [undefined] 61 119 0 80 (1031209040)
                              [N12:Z] MOTOR_I 0 38 (38)
                              [N12:Z] [undefined] 61 119 0 80 (1031209040)
                              [N12:Z] MOTOR_I 0 19 (19)
                              [N12:Z] [undefined] 61 119 0 80 (1031209040)
2026-04-21 16:13:18:429 [IN ] C8 24 0C 18 25 A5 0C 01 31 03 CF 00 28 38 F0 25 A5 0C 01 31 05 E6 3D 77 00 50 2D 10 50 C8 24 0C 18 25 A5 0C 01 31 03 CF 00 21 31 E9 25 A5 0C 01 31 05 E6 3D 77 00 50 2D 10 50 C8 24 06 0B 25 A5 
06 01 31 03 81 5A 4C 62 B4 25 (74)
                              [N12:Z] MOTOR_I 0 40 (40)
                              [N12:Z] [undefined] 61 119 0 80 (1031209040)
                              [N12:Z] MOTOR_I 0 33 (33)
                              [N12:Z] [undefined] 61 119 0 80 (1031209040)
                              [N6:H] TPOS 'Z' 76 (76)
2026-04-21 16:13:18:633 [IN ] C8 24 06 0A 25 A5 06 01 31 02 81 49 04 3E B4 C8 24 0C 18 25 A5 0C 01 31 03 CF 00 24 34 EC 25 A5 0C 01 31 05 E6 3D 77 00 50 2D 10 50 C8 24 0C 18 25 A5 0C 01 31 03 CF 00 11 21 D9 25 A5 0C 01 31 
05 E6 3D 77 00 50 2D 10 50 (73)
                              [N6:H] TPOS 'I'
                              [N12:Z] MOTOR_I 0 36 (36)
                              [N12:Z] [undefined] 61 119 0 80 (1031209040)
                              [N12:Z] MOTOR_I 0 17 (17)
                              [N12:Z] [undefined] 61 119 0 80 (1031209040)
2026-04-21 16:13:18:836 [IN ] C8 24 0C 18 25 A5 0C 01 31 03 CF 00 25 35 ED 25 A5 0C 01 31 05 E6 3D 77 00 50 2D 10 50 C8 24 0C 18 25 A5 0C 01 31 03 CF 00 12 22 DA 25 A5 0C 01 31 05 E6 3D 77 00 50 2D 10 50 (58)
                              [N12:Z] MOTOR_I 0 37 (37)
                              [N12:Z] [undefined] 61 119 0 80 (1031209040)
                              [N12:Z] MOTOR_I 0 18 (18)
                              [N12:Z] [undefined] 61 119 0 80 (1031209040)
2026-04-21 16:13:18:858 [OUT] 25 A5 01 06 31 03 C9 3D 09 4A 0A (11)
                              [N6:H] LFLAG '=' 9 (9)
2026-04-21 16:13:18:900 [IN ] C8 24 0C 18 25 A5 0C 01 31 03 CF 00 1D 2D E5 25 A5 0C 01 31 05 E6 3D 77 00 50 2D 10 50 (29)
                              [N12:Z] MOTOR_I 0 29 (29)
                              [N12:Z] [undefined] 61 119 0 80 (1031209040)
2026-04-21 16:13:18:984 [IN ] C8 24 0C 18 25 A5 0C 01 31 (9)
2026-04-21 16:13:19:004 [IN ] 03 CF 00 14 24 DC 25 A5 0C 01 31 05 E6 3D 77 00 50 2D 10 50 (20)
                              [N12:Z] MOTOR_I 0 20 (20)
                              [N12:Z] [undefined] 61 119 0 80 (1031209040)
2026-04-21 16:13:19:025 [IN ] C8 24 06 0B 25 A5 06 01 31 03 C9 3A 09 47 09 25 (16)
                              [N6:H] LFLAG ':' 9 (9)
2026-04-21 16:13:19:046 [OUT] 25 A5 01 06 31 03 84 00 50 0F 08 (11)
                              [N6:H] VEL 0 80 (80)
2026-04-21 16:13:19:110 [IN ] C8 24 0C 18 25 A5 0C 01 31 03 CF 00 13 23 DB 25 A5 0C 01 31 05 E6 3D 77 00 50 2D 10 50 (29)
                              [N12:Z] MOTOR_I 0 19 (19)
                              [N12:Z] [undefined] 61 119 0 80 (1031209040)
2026-04-21 16:13:19:173 [IN ] C8 24 0C 15 25 A5 0C 01 31 03 CF 00 27 37 EF 25 A5 0C 01 31 05 E6 3D 77 00 50 (26)
                              [N12:Z] MOTOR_I 0 39 (39)
2026-04-21 16:13:19:215 [IN ] C8 24 06 0C 25 A5 06 01 31 04 84 53 00 50 63 CA A5 (17)
                              [N6:H] VEL 'S' 0 80 (80)
2026-04-21 16:13:19:236 [OUT] 25 A5 01 06 31 05 81 00 19 82 3C 95 BE (13)
                              [N6:H] TPOS 0 25 130 60 (1671740)
2026-04-21 16:13:19:300 [IN ] C8 24 0C 1B 50 2D 10 25 A5 0C 01 31 03 CF 00 2B 3B F3 25 A5 0C 01 31 05 E6 3D 77 00 50 2D 10 0C (32)
                              [N12:Z] [undefined] 61 119 0 80 (1031209040)
                              [N12:Z] MOTOR_I 0 43 (43)
                              [N12:Z] [undefined] 61 119 0 80 (1031209040)
2026-04-21 16:13:19:383 [IN ] C8 24 0C 18 25 A5 0C 01 31 03 CF 00 23 33 EB 25 A5 0C 01 31 05 E6 3D 77 00 50 2D 10 50 (29)
                              [N12:Z] MOTOR_I 0 35 (35)
                              [N12:Z] [undefined] 61 119 0 80 (1031209040)
2026-04-21 16:13:19:424 [IN ] C8 24 06 0E 25 A5 06 01 31 06 81 53 00 00 00 00 12 9C 01 (19)
                              [N6:H] TPOS 'S' 0 0 0 0 (0)
2026-04-21 16:13:19:627 [IN ] C8 24 0C 18 25 A5 0C 01 31 03 CF 00 19 29 E1 25 A5 0C 01 31 05 E6 3D 77 00 50 2D 10 50 C8 24 0C 18 25 A5 0C 01 31 03 CF 00 18 28 E0 25 A5 0C 01 31 05 E6 3D 77 00 50 2D 10 50 (58)
                              [N12:Z] MOTOR_I 0 25 (25)
                              [N12:Z] [undefined] 61 119 0 80 (1031209040)
                              [N12:Z] MOTOR_I 0 24 (24)
                              [N12:Z] [undefined] 61 119 0 80 (1031209040)
2026-04-21 16:13:19:828 [IN ] C8 24 0C 18 25 A5 0C 01 31 03 CF 00 25 35 ED 25 A5 0C 01 31 05 E6 3D 77 00 50 2D 10 50 C8 24 0C 18 25 A5 0C 01 31 03 CF 00 13 23 DB 25 A5 0C 01 31 05 E6 3D 77 00 50 2D 10 50 (58)
                              [N12:Z] MOTOR_I 0 37 (37)
                              [N12:Z] [undefined] 61 119 0 80 (1031209040)
                              [N12:Z] MOTOR_I 0 19 (19)
                              [N12:Z] [undefined] 61 119 0 80 (1031209040)
2026-04-21 16:13:20:030 [IN ] C8 24 0C 18 25 A5 0C 01 31 03 CF 00 17 27 DF 25 A5 0C 01 31 05 E6 3D 77 00 50 2D 10 50 C8 24 0C 18 25 A5 0C 01 31 03 CF 00 29 39 F1 25 A5 0C 01 31 05 E6 3D 77 00 50 2D 10 50 (58)
                              [N12:Z] MOTOR_I 0 23 (23)
                              [N12:Z] [undefined] 61 119 0 80 (1031209040)
                              [N12:Z] MOTOR_I 0 41 (41)
                              [N12:Z] [undefined] 61 119 0 80 (1031209040)
2026-04-21 16:13:20:231 [IN ] C8 24 0C 18 25 A5 0C 01 31 03 CF 00 23 33 EB 25 A5 0C 01 31 05 E6 3D 77 00 50 2D 10 50 C8 24 0C 18 25 A5 0C 01 31 03 CF 00 26 36 EE 25 A5 0C 01 31 05 E6 3D 77 00 50 2D 10 50 (58)
                              [N12:Z] MOTOR_I 0 35 (35)
                              [N12:Z] [undefined] 61 119 0 80 (1031209040)
                              [N12:Z] MOTOR_I 0 38 (38)
                              [N12:Z] [undefined] 61 119 0 80 (1031209040)
2026-04-21 16:13:20:432 [IN ] C8 24 0C 18 25 A5 0C 01 31 03 CF 00 2D 3D F5 25 A5 0C 01 31 05 E6 3D 77 00 50 2D 10 50 C8 24 0C 15 25 A5 0C 01 31 03 CF 00 2E 3E F6 25 A5 0C 01 31 05 E6 3D 77 00 50 (55)
                              [N12:Z] MOTOR_I 0 45 (45)
                              [N12:Z] [undefined] 61 119 0 80 (1031209040)
                              [N12:Z] MOTOR_I 0 46 (46)
2026-04-21 16:13:20:633 [IN ] C8 24 0C 1B 50 2D 10 25 A5 0C 01 31 03 CF 00 14 24 DC 25 A5 0C 01 31 05 E6 3D 77 00 50 2D 10 0C C8 24 0C 18 25 A5 0C 01 31 03 CF 00 21 31 E9 25 A5 0C 01 31 05 E6 3D 77 00 50 2D 10 50 (61)
                              [N12:Z] [undefined] 61 119 0 80 (1031209040)
                              [N12:Z] MOTOR_I 0 20 (20)
                              [N12:Z] [undefined] 61 119 0 80 (1031209040)
                              [N12:Z] MOTOR_I 0 33 (33)
                              [N12:Z] [undefined] 61 119 0 80 (1031209040)
2026-04-21 16:13:20:834 [IN ] C8 24 0C 18 25 A5 0C 01 31 03 CF 00 1B 2B E3 25 A5 0C 01 31 05 E6 3D 77 00 50 2D 10 50 C8 24 0C 18 25 A5 0C 01 31 03 CF 00 2D 3D F5 25 A5 0C 01 31 05 E6 3D 77 00 50 2D 10 50 (58)
                              [N12:Z] MOTOR_I 0 27 (27)
                              [N12:Z] [undefined] 61 119 0 80 (1031209040)
                              [N12:Z] MOTOR_I 0 45 (45)
                              [N12:Z] [undefined] 61 119 0 80 (1031209040)
2026-04-21 16:13:21:036 [IN ] C8 24 0C 18 25 A5 0C 01 31 03 CF 00 1A 2A E2 25 A5 0C 01 31 05 E6 3D 77 00 50 2D 10 50 C8 24 03 0E 25 A5 03 01 31 06 81 45 FF EC 48 9F D3 27 01 C8 24 0C 18 25 A5 0C 01 31 03 CF 00 38 48 00 25 
A5 0C 01 31 05 E6 3D 77 00 50 2D 10 50 (77)
                              [N12:Z] MOTOR_I 0 26 (26)
                              [N12:Z] [undefined] 61 119 0 80 (1031209040)
                              [N3:X] TPOS 'E' 255 236 72 159 (-1292129)
                              [N12:Z] MOTOR_I 0 56 (56)
                              [N12:Z] [undefined] 61 119 0 80 (1031209040)
2026-04-21 16:13:21:238 [IN ] C8 24 0C 18 25 A5 0C 01 31 03 CF 00 27 37 EF 25 A5 0C 01 31 05 E6 3D 77 00 50 2D 10 50 C8 24 0C 18 25 A5 0C 01 31 03 CF 00 2D 3D F5 25 A5 0C 01 31 05 E6 3D 77 00 50 2D 10 50 (58)
                              [N12:Z] MOTOR_I 0 39 (39)
                              [N12:Z] [undefined] 61 119 0 80 (1031209040)
                              [N12:Z] MOTOR_I 0 45 (45)
                              [N12:Z] [undefined] 61 119 0 80 (1031209040)
2026-04-21 16:13:21:441 [IN ] C8 24 04 0E 25 A5 04 01 31 06 81 45 FF FD 4F 92 DF 65 01 C8 24 0C 18 25 A5 0C 01 31 03 CF 00 27 37 EF 25 A5 0C 01 31 05 E6 3D 77 00 50 2D 10 50 C8 24 0C 18 25 A5 0C 01 31 03 CF 00 2D 3D F5 25 
A5 0C 01 31 05 E6 3D 77 00 50 2D 10 50 (77)
                              [N4:Y] TPOS 'E' 255 253 79 146 (-176238)
                              [N12:Z] MOTOR_I 0 39 (39)
                              [N12:Z] [undefined] 61 119 0 80 (1031209040)
                              [N12:Z] MOTOR_I 0 45 (45)
                              [N12:Z] [undefined] 61 119 0 80 (1031209040)
2026-04-21 16:13:21:463 [OUT] 25 A5 01 03 31 05 81 FF FD 50 01 08 AF (13)
                              [N3:X] TPOS 255 253 80 1 (-176127)
2026-04-21 16:13:21:505 [IN ] C8 24 0C 18 25 A5 0C 01 31 03 CF 00 22 32 EA 25 A5 0C 01 31 05 E6 3D 77 00 50 2D 10 50 (29)
                              [N12:Z] MOTOR_I 0 34 (34)
                              [N12:Z] [undefined] 61 119 0 80 (1031209040)
2026-04-21 16:13:21:610 [IN ] C8 24 0C 15 25 A5 0C 01 31 03 CF 00 25 35 ED 25 A5 0C 01 31 05 E6 3D 77 00 50 (26)
                              [N12:Z] MOTOR_I 0 37 (37)
2026-04-21 16:13:21:653 [IN ] C8 24 03 0E 25 A5 03 01 31 06 81 53 FF EC 48 9F E1 6D 01 (19)
                              [N3:X] TPOS 'S' 255 236 72 159 (-1292129)
2026-04-21 16:13:21:854 [IN ] C8 24 0C 1B 50 2D 10 25 A5 0C 01 31 03 CF 00 27 37 EF 25 A5 0C 01 31 05 E6 3D 77 00 50 2D 10 0C C8 24 0C 18 25 A5 0C 01 31 03 CF 00 1A 2A E2 25 A5 0C 01 31 05 E6 3D 77 00 50 2D 10 50 (61)
                              [N12:Z] [undefined] 61 119 0 80 (1031209040)
                              [N12:Z] MOTOR_I 0 39 (39)
                              [N12:Z] [undefined] 61 119 0 80 (1031209040)
                              [N12:Z] MOTOR_I 0 26 (26)
                              [N12:Z] [undefined] 61 119 0 80 (1031209040)
2026-04-21 16:13:22:056 [IN ] C8 24 0C 18 25 A5 0C 01 31 03 CF 00 25 35 ED 25 A5 0C 01 31 05 E6 3D 77 00 50 2D 10 50 C8 24 0C 18 25 A5 0C 01 31 03 CF 00 2C 3C F4 25 A5 0C 01 31 05 E6 3D 77 00 50 2D 10 50 (58)
                              [N12:Z] MOTOR_I 0 37 (37)
                              [N12:Z] [undefined] 61 119 0 80 (1031209040)
                              [N12:Z] MOTOR_I 0 44 (44)
                              [N12:Z] [undefined] 61 119 0 80 (1031209040)
2026-04-21 16:13:22:257 [IN ] C8 24 0C 18 25 A5 0C 01 31 03 CF 00 25 35 ED 25 A5 0C 01 31 05 E6 3D 77 00 50 2D 10 50 C8 24 0C 18 25 A5 0C 01 31 03 CF 00 20 30 E8 25 A5 0C 01 31 05 E6 3D 77 00 50 2D 10 50 (58)
                              [N12:Z] MOTOR_I 0 37 (37)
                              [N12:Z] [undefined] 61 119 0 80 (1031209040)
                              [N12:Z] MOTOR_I 0 32 (32)
                              [N12:Z] [undefined] 61 119 0 80 (1031209040)
2026-04-21 16:13:22:459 [IN ] C8 24 0C 18 25 A5 0C 01 31 03 CF 00 2F 3F F7 25 A5 0C 01 31 05 E6 3D 77 00 50 2D 10 50 C8 24 0C 18 25 A5 0C 01 31 03 CF 00 21 31 E9 25 A5 0C 01 31 05 E6 3D 77 00 50 2D 10 50 (58)
                              [N12:Z] MOTOR_I 0 47 (47)
                              [N12:Z] [undefined] 61 119 0 80 (1031209040)
                              [N12:Z] MOTOR_I 0 33 (33)
                              [N12:Z] [undefined] 61 119 0 80 (1031209040)
2026-04-21 16:13:22:660 [IN ] C8 24 0C 18 25 A5 0C 01 31 03 CF 00 2F 3F F7 25 A5 0C 01 31 05 E6 3D 77 00 50 2D 10 50 C8 24 0C 18 25 A5 0C 01 31 03 CF 00 34 44 FC 25 A5 0C 01 31 05 E6 3D 77 00 50 2D 10 50 (58)
                              [N12:Z] MOTOR_I 0 47 (47)
                              [N12:Z] [undefined] 61 119 0 80 (1031209040)
                              [N12:Z] MOTOR_I 0 52 (52)
                              [N12:Z] [undefined] 61 119 0 80 (1031209040)
2026-04-21 16:13:22:861 [IN ] C8 24 0C 0E 25 A5 0C 01 31 03 CF 00 2D 3D F5 25 A5 0C 01 C8 24 0C 0A 01 31 05 E6 3D 77 00 50 2D 10 F5 C8 24 0C 15 25 A5 0C 01 31 03 CF 00 19 29 E1 25 A5 0C 01 31 05 E6 3D 77 00 50 (60)
                              [N12:Z] MOTOR_I 0 45 (45)
                              [N12:Z] [undefined] 61 119 0 80 (1031209040)
                              [N12:Z] MOTOR_I 0 25 (25)
2026-04-21 16:13:23:063 [IN ] C8 24 0C 1B 50 2D 10 25 A5 0C 01 31 03 CF 00 22 32 EA 25 A5 0C 01 31 05 E6 3D 77 00 50 2D 10 0C C8 24 0C 18 25 A5 0C 01 31 03 CF 00 26 36 EE 25 A5 0C 01 31 05 E6 3D 77 00 50 2D 10 50 (61)
                              [N12:Z] [undefined] 61 119 0 80 (1031209040)
                              [N12:Z] MOTOR_I 0 34 (34)
                              [N12:Z] [undefined] 61 119 0 80 (1031209040)
                              [N12:Z] MOTOR_I 0 38 (38)
                              [N12:Z] [undefined] 61 119 0 80 (1031209040)
2026-04-21 16:13:23:265 [IN ] C8 24 09 0E 25 A5 09 01 31 06 81 45 FF E6 E8 4F 23 41 01 C8 24 0C 18 25 A5 0C 01 31 03 CF 00 26 36 EE 25 A5 0C 01 31 05 E6 3D 77 00 50 2D 10 50 C8 24 0C 18 25 A5 0C 01 31 03 CF 00 35 45 FD 25 
A5 0C 01 31 05 E6 3D 77 00 50 2D 10 50 (77)
                              [N9:P] TPOS 'E' 255 230 232 79 (-1644465)
                              [N12:Z] MOTOR_I 0 38 (38)
                              [N12:Z] [undefined] 61 119 0 80 (1031209040)
                              [N12:Z] MOTOR_I 0 53 (53)
                              [N12:Z] [undefined] 61 119 0 80 (1031209040)
2026-04-21 16:13:23:470 [IN ] C8 24 0C 18 25 A5 0C 01 31 03 CF 00 1B 2B E3 25 A5 0C 01 31 05 E6 3D 77 00 50 2D 10 50 C8 24 0C 18 25 A5 0C 01 31 03 CF 00 22 32 EA 25 A5 0C 01 31 05 E6 3D 77 00 50 2D 10 50 C8 24 0C 0B 25 A5 
0C 01 31 03 81 5A 4C 68 DE 25 C8 24 0C 0A 25 A5 0C 01 31 02 81 49 0A 62 DE (89)
                              [N12:Z] MOTOR_I 0 27 (27)
                              [N12:Z] [undefined] 61 119 0 80 (1031209040)
                              [N12:Z] MOTOR_I 0 34 (34)
                              [N12:Z] [undefined] 61 119 0 80 (1031209040)
                              [N12:Z] TPOS 'Z' 76 (76)
                              [N12:Z] TPOS 'I'
2026-04-21 16:13:23:674 [IN ] C8 24 0C 18 25 A5 0C 01 31 03 CF 00 00 10 C8 25 A5 0C 01 31 05 E6 3D 77 00 00 DD C0 50 C8 24 0C 18 25 A5 0C 01 31 03 CF 00 00 10 C8 25 A5 0C 01 31 05 E6 3D 77 00 00 DD C0 50 (58)
                              [N12:Z] MOTOR_I 0 0 (0)
                              [N12:Z] [undefined] 61 119 0 0 (1031208960)
                              [N12:Z] MOTOR_I 0 0 (0)
                              [N12:Z] [undefined] 61 119 0 0 (1031208960)
2026-04-21 16:13:23:696 [OUT] 25 A5 01 0C 31 03 C9 3D 09 50 2E (11)
                              [N12:Z] LFLAG '=' 9 (9)
2026-04-21 16:13:23:718 [OUT] 25 A5 01 09 31 05 81 FF FF D9 C8 60 BE (13)
                              [N9:P] TPOS 255 255 217 200 (-9784)
2026-04-21 16:13:23:740 [IN ] C8 24 0C 18 25 A5 0C 01 31 03 CF 00 00 10 C8 25 A5 0C 01 31 05 E6 3D 77 00 00 DD C0 50 (29)
                              [N12:Z] MOTOR_I 0 0 (0)
                              [N12:Z] [undefined] 61 119 0 0 (1031208960)
2026-04-21 16:13:23:825 [IN ] C8 24 0C 18 25 A5 0C 01 31 03 CF 00 00 10 C8 25 A5 0C 01 31 05 E6 3D 77 00 00 DD C0 50 (29)
                              [N12:Z] MOTOR_I 0 0 (0)
                              [N12:Z] [undefined] 61 119 0 0 (1031208960)
2026-04-21 16:13:23:868 [IN ] C8 24 0C 0B 25 A5 0C 01 31 03 C9 3A 09 4D 33 25 (16)
                              [N12:Z] LFLAG ':' 9 (9)
2026-04-21 16:13:23:890 [OUT] 25 A5 01 0C 31 05 81 FF BC D0 00 4F 33 (13)
                              [N12:Z] TPOS 255 188 208 0 (-4403200)
2026-04-21 16:13:23:933 [IN ] C8 24 0C 0E 25 A5 0C 01 31 03 CF 00 00 10 C8 25 A5 0C 01 C8 24 0C 0A 01 31 05 E6 3D 77 00 00 DD C0 C8 (34)
                              [N12:Z] MOTOR_I 0 0 (0)
                              [N12:Z] [undefined] 61 119 0 0 (1031208960)
2026-04-21 16:13:23:996 [IN ] C8 24 09 0E 25 A5 09 01 31 06 81 53 FF E6 E8 55 37 8D 01 (19)
                              [N9:P] TPOS 'S' 255 230 232 85 (-1644459)
2026-04-21 16:13:24:017 [IN ] C8 24 0C 15 25 A5 0C 01 31 03 CF 00 00 10 C8 25 A5 0C 01 31 05 E6 3D 77 00 00 (26)
                              [N12:Z] MOTOR_I 0 0 (0)
2026-04-21 16:13:24:123 [IN ] C8 24 0C 29 00 DD C0 25 A5 0C 01 31 06 81 53 FF FF (17)
2026-04-21 16:13:24:144 [IN ] FF 41 56 10 25 A5 0C 01 31 03 CF 00 33 43 FB 25 A5 0C 01 31 05 E6 3D 77 FF B0 8C 6E 0C (29)
                              [N12:Z] [undefined] 61 119 0 0 (1031208960)
                              [N12:Z] TPOS 'S' 255 255 255 65 (-191)
                              [N12:Z] MOTOR_I 0 51 (51)
                              [N12:Z] [undefined] 61 119 255 176 (1031274416)
2026-04-21 16:13:24:345 [IN ] C8 24 0C 18 25 A5 0C 01 31 03 CF 00 19 29 E1 25 A5 0C 01 31 05 E6 3D 77 FF B0 8C 6E 00 C8 24 0C 18 25 A5 0C 01 31 03 CF 00 1F 2F E7 25 A5 0C 01 31 05 E6 3D 77 FF B0 8C 6E 00 (58)
                              [N12:Z] MOTOR_I 0 25 (25)
                              [N12:Z] [undefined] 61 119 255 176 (1031274416)
                              [N12:Z] MOTOR_I 0 31 (31)
                              [N12:Z] [undefined] 61 119 255 176 (1031274416)
2026-04-21 16:13:24:547 [IN ] C8 24 0C 18 25 A5 0C 01 31 03 CF 00 29 39 F1 25 A5 0C 01 31 05 E6 3D 77 FF B0 8C 6E 00 C8 24 0C 18 25 A5 0C 01 31 03 CF 00 22 32 EA 25 A5 0C 01 31 05 E6 3D 77 FF B0 8C 6E 00 (58)
                              [N12:Z] MOTOR_I 0 41 (41)
                              [N12:Z] [undefined] 61 119 255 176 (1031274416)
                              [N12:Z] MOTOR_I 0 34 (34)
                              [N12:Z] [undefined] 61 119 255 176 (1031274416)
2026-04-21 16:13:24:749 [IN ] C8 24 0C 18 25 A5 0C 01 31 03 CF 00 21 31 E9 25 A5 0C 01 31 05 E6 3D 77 FF B0 8C 6E 00 C8 24 0C 18 25 A5 0C 01 31 03 CF 00 31 41 F9 25 A5 0C 01 31 05 E6 3D 77 FF B0 8C 6E 00 (58)
                              [N12:Z] MOTOR_I 0 33 (33)
                              [N12:Z] [undefined] 61 119 255 176 (1031274416)
                              [N12:Z] MOTOR_I 0 49 (49)
                              [N12:Z] [undefined] 61 119 255 176 (1031274416)
2026-04-21 16:13:24:952 [IN ] C8 24 0C 18 25 A5 0C 01 31 03 CF 00 2F 3F F7 25 A5 0C 01 31 05 E6 3D 77 FF B0 8C 6E 00 C8 24 0C 18 25 A5 0C 01 31 03 CF 00 30 40 F8 25 A5 0C 01 31 05 E6 3D 77 FF B0 8C 6E 00 (58)
                              [N12:Z] MOTOR_I 0 47 (47)
                              [N12:Z] [undefined] 61 119 255 176 (1031274416)
                              [N12:Z] MOTOR_I 0 48 (48)
                              [N12:Z] [undefined] 61 119 255 176 (1031274416)
2026-04-21 16:13:25:154 [IN ] C8 24 0C 18 25 A5 0C 01 31 03 CF 00 25 35 ED 25 A5 0C 01 31 05 E6 3D 77 FF B0 8C 6E 00 C8 24 0C 18 25 A5 0C 01 31 03 CF 00 2C 3C F4 25 A5 0C 01 31 05 E6 3D 77 FF B0 8C 6E 00 (58)
                              [N12:Z] MOTOR_I 0 37 (37)
                              [N12:Z] [undefined] 61 119 255 176 (1031274416)
                              [N12:Z] MOTOR_I 0 44 (44)
                              [N12:Z] [undefined] 61 119 255 176 (1031274416)
2026-04-21 16:13:25:356 [IN ] C8 24 0C 15 25 A5 0C 01 31 03 CF 00 2F 3F F7 25 A5 0C 01 31 05 E6 3D 77 FF B0 C8 24 0C 1B B0 8C 6E 25 A5 0C 01 31 03 CF 00 2A 3A F2 25 A5 0C 01 31 05 E6 3D 77 FF B0 8C 6E FB (58)
                              [N12:Z] MOTOR_I 0 47 (47)
                              [N12:Z] [undefined] 61 119 255 176 (1031274416)
                              [N12:Z] MOTOR_I 0 42 (42)
                              [N12:Z] [undefined] 61 119 255 176 (1031274416)
2026-04-21 16:13:25:557 [IN ] C8 24 0C 18 25 A5 0C 01 31 03 CF 00 29 39 F1 25 A5 0C 01 31 05 E6 3D 77 FF B0 8C 6E B0 C8 24 0C 18 25 A5 0C 01 31 03 CF 00 22 32 EA 25 A5 0C 01 31 05 E6 3D 77 FF B0 8C 6E B0 (58)
                              [N12:Z] MOTOR_I 0 41 (41)
                              [N12:Z] [undefined] 61 119 255 176 (1031274416)
                              [N12:Z] MOTOR_I 0 34 (34)
                              [N12:Z] [undefined] 61 119 255 176 (1031274416)
2026-04-21 16:13:25:760 [IN ] C8 24 0C 18 25 A5 0C 01 31 03 CF 00 29 39 F1 25 A5 0C 01 31 05 E6 3D 77 FF B0 8C 6E B0 C8 24 0C 18 25 A5 0C 01 31 03 CF 00 29 39 F1 25 A5 0C 01 31 05 E6 3D 77 FF B0 8C 6E B0 (58)
                              [N12:Z] MOTOR_I 0 41 (41)
                              [N12:Z] [undefined] 61 119 255 176 (1031274416)
                              [N12:Z] MOTOR_I 0 41 (41)
                              [N12:Z] [undefined] 61 119 255 176 (1031274416)
2026-04-21 16:13:25:961 [IN ] C8 24 0C 18 25 A5 0C 01 31 03 CF 00 2A 3A F2 25 A5 0C 01 31 05 E6 3D 77 FF B0 8C 6E B0 C8 24 0C 18 25 A5 0C 01 31 03 CF 00 2A 3A F2 25 A5 0C 01 31 05 E6 3D 77 FF B0 8C 6E B0 (58)
                              [N12:Z] MOTOR_I 0 42 (42)
                              [N12:Z] [undefined] 61 119 255 176 (1031274416)
                              [N12:Z] MOTOR_I 0 42 (42)
                              [N12:Z] [undefined] 61 119 255 176 (1031274416)
2026-04-21 16:13:26:162 [IN ] C8 24 0C 18 25 A5 0C 01 31 03 CF 00 1E 2E E6 25 A5 0C 01 31 05 E6 3D 77 FF B0 8C 6E B0 C8 24 0C 18 25 A5 0C 01 31 03 CF 00 2C 3C F4 25 A5 0C 01 31 05 E6 3D 77 FF B0 8C 6E B0 (58)
                              [N12:Z] MOTOR_I 0 30 (30)
                              [N12:Z] [undefined] 61 119 255 176 (1031274416)
                              [N12:Z] MOTOR_I 0 44 (44)
                              [N12:Z] [undefined] 61 119 255 176 (1031274416)
2026-04-21 16:13:26:364 [IN ] C8 24 0C 18 25 A5 0C 01 31 03 CF 00 14 24 DC 25 A5 0C 01 31 05 E6 3D 77 FF B0 8C 6E B0 C8 24 0C 18 25 A5 0C 01 31 03 CF 00 1C 2C E4 25 A5 0C 01 31 05 E6 3D 77 FF B0 8C 6E B0 (58)
                              [N12:Z] MOTOR_I 0 20 (20)
                              [N12:Z] [undefined] 61 119 255 176 (1031274416)
                              [N12:Z] MOTOR_I 0 28 (28)
                              [N12:Z] [undefined] 61 119 255 176 (1031274416)
2026-04-21 16:13:26:566 [IN ] C8 24 0C 15 25 A5 0C 01 31 03 CF 00 1C 2C E4 25 A5 0C 01 31 05 E6 3D 77 FF B0 C8 24 0C 1B B0 8C 6E 25 A5 0C 01 31 03 CF 00 18 28 E0 25 A5 0C 01 31 05 E6 3D 77 FF B0 8C 6E FB (58)
                              [N12:Z] MOTOR_I 0 28 (28)
                              [N12:Z] [undefined] 61 119 255 176 (1031274416)
                              [N12:Z] MOTOR_I 0 24 (24)
                              [N12:Z] [undefined] 61 119 255 176 (1031274416)
2026-04-21 16:13:26:768 [IN ] C8 24 0C 18 25 A5 0C 01 31 03 CF 00 2E 3E F6 25 A5 0C 01 31 05 E6 3D 77 FF B0 8C 6E B0 C8 24 0C 18 25 A5 0C 01 31 03 CF 00 2E 3E F6 25 A5 0C 01 31 05 E6 3D 77 FF B0 8C 6E B0 (58)
                              [N12:Z] MOTOR_I 0 46 (46)
                              [N12:Z] [undefined] 61 119 255 176 (1031274416)
                              [N12:Z] MOTOR_I 0 46 (46)
                              [N12:Z] [undefined] 61 119 255 176 (1031274416)
2026-04-21 16:13:26:970 [IN ] C8 24 0C 18 25 A5 0C 01 31 03 CF 00 28 38 F0 25 A5 0C 01 31 05 E6 3D 77 FF B0 8C 6E B0 C8 24 0C 18 25 A5 0C 01 31 03 CF 00 29 39 F1 25 A5 0C 01 31 05 E6 3D 77 FF B0 8C 6E B0 (58)
                              [N12:Z] MOTOR_I 0 40 (40)
                              [N12:Z] [undefined] 61 119 255 176 (1031274416)
                              [N12:Z] MOTOR_I 0 41 (41)
                              [N12:Z] [undefined] 61 119 255 176 (1031274416)
2026-04-21 16:13:27:172 [IN ] C8 24 0C 18 25 A5 0C 01 31 03 CF 00 15 25 DD 25 A5 0C 01 31 05 E6 3D 77 FF B0 8C 6E B0 C8 24 06 0E 25 A5 06 01 31 06 81 45 00 19 85 F0 92 9B 01 C8 24 0C 18 25 A5 0C 01 31 03 CF 00 2A 3A F2 25 
A5 0C 01 31 05 E6 3D 77 FF B0 8C 6E B0 (77)
                              [N12:Z] MOTOR_I 0 21 (21)
                              [N12:Z] [undefined] 61 119 255 176 (1031274416)
                              [N6:H] TPOS 'E' 0 25 133 240 (1672688)
                              [N12:Z] MOTOR_I 0 42 (42)
                              [N12:Z] [undefined] 61 119 255 176 (1031274416)
2026-04-21 16:13:27:375 [IN ] C8 24 0C 18 25 A5 0C 01 31 03 CF 00 2F 3F F7 25 A5 0C 01 31 05 E6 3D 77 FF B0 8C 6E B0 C8 24 0C 18 25 A5 0C 01 31 03 CF 00 28 38 F0 25 A5 0C 01 31 05 E6 3D 77 FF B0 8C 6E B0 (58)
                              [N12:Z] MOTOR_I 0 47 (47)
                              [N12:Z] [undefined] 61 119 255 176 (1031274416)
                              [N12:Z] MOTOR_I 0 40 (40)
                              [N12:Z] [undefined] 61 119 255 176 (1031274416)
2026-04-21 16:13:27:576 [IN ] C8 24 0C 18 25 A5 0C 01 31 03 CF 00 15 25 DD 25 A5 0C 01 31 05 E6 3D 77 FF B0 8C 6E B0 C8 24 0C 18 25 A5 0C 01 31 03 CF 00 22 32 EA 25 A5 0C 01 31 05 E6 3D 77 FF B0 8C 6E B0 (58)
                              [N12:Z] MOTOR_I 0 21 (21)
                              [N12:Z] [undefined] 61 119 255 176 (1031274416)
                              [N12:Z] MOTOR_I 0 34 (34)
                              [N12:Z] [undefined] 61 119 255 176 (1031274416)
2026-04-21 16:13:27:598 [OUT] 25 A5 01 06 31 05 81 00 0D 19 9F 83 2B (13)
                              [N6:H] TPOS 0 13 25 159 (858527)
2026-04-21 16:13:27:641 [IN ] C8 24 0C 15 25 A5 0C 01 31 03 CF 00 14 24 DC 25 A5 0C 01 31 05 E6 3D 77 FF B0 (26)
                              [N12:Z] MOTOR_I 0 20 (20)
2026-04-21 16:13:27:767 [IN ] C8 24 0C 1B B0 8C 6E 25 A5 0C 01 31 03 CF 00 1E 2E E6 25 A5 0C 01 31 05 E6 3D 77 FF B0 8C 6E FB C8 24 06 0E 25 A5 06 01 31 06 81 53 00 19 85 F0 A0 E1 25 (51)
                              [N12:Z] [undefined] 61 119 255 176 (1031274416)
                              [N12:Z] MOTOR_I 0 30 (30)
                              [N12:Z] [undefined] 61 119 255 176 (1031274416)
                              [N6:H] TPOS 'S' 0 25 133 240 (1672688)
2026-04-21 16:13:27:969 [IN ] C8 24 0C 18 25 A5 0C 01 31 03 CF 00 2D 3D F5 25 A5 0C 01 31 05 E6 3D 77 FF B0 8C 6E B0 C8 24 0C 18 25 A5 0C 01 31 03 CF 00 19 29 E1 25 A5 0C 01 31 05 E6 3D 77 FF B0 8C 6E B0 (58)
                              [N12:Z] MOTOR_I 0 45 (45)
                              [N12:Z] [undefined] 61 119 255 176 (1031274416)
                              [N12:Z] MOTOR_I 0 25 (25)
                              [N12:Z] [undefined] 61 119 255 176 (1031274416)
2026-04-21 16:13:28:170 [IN ] C8 24 0C 18 25 A5 0C 01 31 03 CF 00 2B 3B F3 25 A5 0C 01 31 05 E6 3D 77 FF B0 8C 6E B0 C8 24 0C 18 25 A5 0C 01 31 03 CF 00 13 23 DB 25 A5 0C 01 31 05 E6 3D 77 FF B0 8C 6E B0 (58)
                              [N12:Z] MOTOR_I 0 43 (43)
                              [N12:Z] [undefined] 61 119 255 176 (1031274416)
                              [N12:Z] MOTOR_I 0 19 (19)
                              [N12:Z] [undefined] 61 119 255 176 (1031274416)
2026-04-21 16:13:28:372 [IN ] C8 24 0C 18 25 A5 0C 01 31 03 CF 00 19 29 E1 25 A5 0C 01 31 05 E6 3D 77 FF B0 8C 6E B0 C8 24 0C 18 25 A5 0C 01 31 03 CF 00 2D 3D F5 25 A5 0C 01 31 05 E6 3D 77 FF B0 8C 6E B0 (58)
                              [N12:Z] MOTOR_I 0 25 (25)
                              [N12:Z] [undefined] 61 119 255 176 (1031274416)
                              [N12:Z] MOTOR_I 0 45 (45)
                              [N12:Z] [undefined] 61 119 255 176 (1031274416)
2026-04-21 16:13:28:573 [IN ] C8 24 0C 18 25 A5 0C 01 31 03 CF 00 14 24 DC 25 A5 0C 01 31 05 E6 3D 77 FF B0 8C 6E B0 C8 24 0C 18 25 A5 0C 01 31 03 CF 00 1D 2D E5 25 A5 0C 01 31 05 E6 3D 77 FF B0 8C 6E B0 (58)
                              [N12:Z] MOTOR_I 0 20 (20)
                              [N12:Z] [undefined] 61 119 255 176 (1031274416)
                              [N12:Z] MOTOR_I 0 29 (29)
                              [N12:Z] [undefined] 61 119 255 176 (1031274416)
2026-04-21 16:13:28:774 [IN ] C8 24 0C 18 25 A5 0C 01 31 03 CF 00 1B 2B E3 25 A5 0C 01 31 05 E6 3D 77 FF B0 8C 6E B0 C8 24 0C 18 25 A5 0C 01 31 03 CF 00 22 32 EA 25 A5 0C 01 31 05 E6 3D 77 FF B0 8C 6E B0 (58)
                              [N12:Z] MOTOR_I 0 27 (27)
                              [N12:Z] [undefined] 61 119 255 176 (1031274416)
                              [N12:Z] MOTOR_I 0 34 (34)
                              [N12:Z] [undefined] 61 119 255 176 (1031274416)
2026-04-21 16:13:28:975 [IN ] C8 24 0C 15 25 A5 0C 01 31 03 CF 00 2C 3C F4 25 A5 0C 01 31 05 E6 3D 77 FF B0 C8 24 0C 1B B0 8C 6E 25 A5 0C 01 31 03 CF 00 15 25 DD 25 A5 0C 01 31 05 E6 3D 77 FF B0 8C 6E FB (58)
                              [N12:Z] MOTOR_I 0 44 (44)
                              [N12:Z] [undefined] 61 119 255 176 (1031274416)
                              [N12:Z] MOTOR_I 0 21 (21)
                              [N12:Z] [undefined] 61 119 255 176 (1031274416)
2026-04-21 16:13:29:177 [IN ] C8 24 0C 18 25 A5 0C 01 31 03 CF 00 1E 2E E6 25 A5 0C 01 31 05 E6 3D 77 FF B0 8C 6E B0 C8 24 0C 18 25 A5 0C 01 31 03 CF 00 26 36 EE 25 A5 0C 01 31 05 E6 3D 77 FF B0 8C 6E B0 (58)
                              [N12:Z] MOTOR_I 0 30 (30)
                              [N12:Z] [undefined] 61 119 255 176 (1031274416)
                              [N12:Z] MOTOR_I 0 38 (38)
                              [N12:Z] [undefined] 61 119 255 176 (1031274416)
2026-04-21 16:13:29:379 [IN ] C8 24 0C 18 25 A5 0C 01 31 03 CF 00 28 38 F0 25 A5 0C 01 31 05 E6 3D 77 FF B0 8C 6E B0 C8 24 0C 18 25 A5 0C 01 31 03 CF 00 22 32 EA 25 A5 0C 01 31 05 E6 3D 77 FF B0 8C 6E B0 (58)
                              [N12:Z] MOTOR_I 0 40 (40)
                              [N12:Z] [undefined] 61 119 255 176 (1031274416)
                              [N12:Z] MOTOR_I 0 34 (34)
                              [N12:Z] [undefined] 61 119 255 176 (1031274416)
2026-04-21 16:13:29:581 [IN ] C8 24 0C 18 25 A5 0C 01 31 03 CF 00 16 26 DE 25 A5 0C 01 31 05 E6 3D 77 FF B0 8C 6E B0 C8 24 0C 18 25 A5 0C 01 31 03 CF 00 10 20 D8 25 A5 0C 01 31 05 E6 3D 77 FF B0 8C 6E B0 (58)
                              [N12:Z] MOTOR_I 0 22 (22)
                              [N12:Z] [undefined] 61 119 255 176 (1031274416)
                              [N12:Z] MOTOR_I 0 16 (16)
                              [N12:Z] [undefined] 61 119 255 176 (1031274416)
2026-04-21 16:13:29:782 [IN ] C8 24 0C 18 25 A5 0C 01 31 03 CF 00 13 23 DB 25 A5 0C 01 31 05 E6 3D 77 FF B0 8C 6E B0 C8 24 0C 18 25 A5 0C 01 31 03 CF 00 13 23 DB 25 A5 0C 01 31 05 E6 3D 77 FF B0 8C 6E B0 (58)
                              [N12:Z] MOTOR_I 0 19 (19)
                              [N12:Z] [undefined] 61 119 255 176 (1031274416)
                              [N12:Z] MOTOR_I 0 19 (19)
                              [N12:Z] [undefined] 61 119 255 176 (1031274416)
2026-04-21 16:13:29:983 [IN ] C8 24 0C 18 25 A5 0C 01 31 03 CF 00 26 36 EE 25 A5 0C 01 31 05 E6 3D 77 FF B0 8C 6E B0 C8 24 0C 0E 25 A5 0C 01 31 03 CF 00 1D 2D E5 25 A5 0C 01 C8 24 0C 0A 01 31 05 E6 3D 77 FF B0 8C 6E E5 (63)
                              [N12:Z] MOTOR_I 0 38 (38)
                              [N12:Z] [undefined] 61 119 255 176 (1031274416)
                              [N12:Z] MOTOR_I 0 29 (29)
                              [N12:Z] [undefined] 61 119 255 176 (1031274416)
2026-04-21 16:13:30:184 [IN ] C8 24 0C 15 25 A5 0C 01 31 03 CF 00 18 28 E0 25 A5 0C 01 31 05 E6 3D 77 FF B0 C8 24 0C 1B B0 8C 6E 25 A5 0C 01 31 03 CF 00 0F 1F D7 25 A5 0C 01 31 05 E6 3D 77 FF B0 8C 6E FB (58)
                              [N12:Z] MOTOR_I 0 24 (24)
                              [N12:Z] [undefined] 61 119 255 176 (1031274416)
                              [N12:Z] MOTOR_I 0 15 (15)
                              [N12:Z] [undefined] 61 119 255 176 (1031274416)
2026-04-21 16:13:30:386 [IN ] C8 24 0C 18 25 A5 0C 01 31 03 CF 00 1D 2D E5 25 A5 0C 01 31 05 E6 3D 77 FF B0 8C 6E B0 C8 24 0C 18 25 A5 0C 01 31 03 CF 00 1A 2A E2 25 A5 0C 01 31 05 E6 3D 77 FF B0 8C 6E B0 (58)
                              [N12:Z] MOTOR_I 0 29 (29)
                              [N12:Z] [undefined] 61 119 255 176 (1031274416)
                              [N12:Z] MOTOR_I 0 26 (26)
                              [N12:Z] [undefined] 61 119 255 176 (1031274416)
2026-04-21 16:13:30:587 [IN ] C8 24 0C 18 25 A5 0C 01 31 03 CF 00 2B 3B F3 25 A5 0C 01 31 05 E6 3D 77 FF B0 8C 6E B0 C8 24 0C 18 25 A5 0C 01 31 03 CF 00 1C 2C E4 25 A5 0C 01 31 05 E6 3D 77 FF B0 8C 6E B0 (58)
                              [N12:Z] MOTOR_I 0 43 (43)
                              [N12:Z] [undefined] 61 119 255 176 (1031274416)
                              [N12:Z] MOTOR_I 0 28 (28)
                              [N12:Z] [undefined] 61 119 255 176 (1031274416)
2026-04-21 16:13:30:789 [IN ] C8 24 0C 18 25 A5 0C 01 31 03 CF 00 0F 1F D7 25 A5 0C 01 31 05 E6 3D 77 FF B0 8C 6E B0 C8 24 0C 18 25 A5 0C 01 31 03 CF 00 17 27 DF 25 A5 0C 01 31 05 E6 3D 77 FF B0 8C 6E B0 (58)
                              [N12:Z] MOTOR_I 0 15 (15)
                              [N12:Z] [undefined] 61 119 255 176 (1031274416)
                              [N12:Z] MOTOR_I 0 23 (23)
                              [N12:Z] [undefined] 61 119 255 176 (1031274416)
2026-04-21 16:13:30:991 [IN ] C8 24 0C 18 25 A5 0C 01 31 03 CF 00 13 23 DB 25 A5 0C 01 31 05 E6 3D 77 FF B0 8C 6E B0 C8 24 0C 18 25 A5 0C 01 31 03 CF 00 16 26 DE 25 A5 0C 01 31 05 E6 3D 77 FF B0 8C 6E B0 (58)
                              [N12:Z] MOTOR_I 0 19 (19)
                              [N12:Z] [undefined] 61 119 255 176 (1031274416)
                              [N12:Z] MOTOR_I 0 22 (22)
                              [N12:Z] [undefined] 61 119 255 176 (1031274416)
2026-04-21 16:13:31:192 [IN ] C8 24 03 0E 25 A5 03 01 31 06 81 45 FF FD 50 55 A2 20 01 C8 24 0C 18 25 A5 0C 01 31 03 CF 00 14 24 DC 25 A5 0C 01 31 05 E6 3D 77 FF B0 8C 6E B0 C8 24 0C 0E 25 A5 0C 01 31 03 CF 00 1B 2B E3 25 
A5 0C 01 C8 24 0C 0A 01 31 05 E6 3D 77 FF B0 8C 6E E3 (82)
                              [N3:X] TPOS 'E' 255 253 80 85 (-176043)
                              [N12:Z] MOTOR_I 0 20 (20)
                              [N12:Z] [undefined] 61 119 255 176 (1031274416)
                              [N12:Z] MOTOR_I 0 27 (27)
                              [N12:Z] [undefined] 61 119 255 176 (1031274416)
2026-04-21 16:13:31:394 [IN ] C8 24 0C 15 25 A5 0C 01 31 03 CF 00 1B 2B E3 25 A5 0C 01 31 05 E6 3D 77 FF B0 C8 24 0C 1B B0 8C 6E 25 A5 0C 01 31 03 CF 00 23 33 EB 25 A5 0C 01 31 05 E6 3D 77 FF B0 8C 6E FB (58)
                              [N12:Z] MOTOR_I 0 27 (27)
                              [N12:Z] [undefined] 61 119 255 176 (1031274416)
                              [N12:Z] MOTOR_I 0 35 (35)
                              [N12:Z] [undefined] 61 119 255 176 (1031274416)
2026-04-21 16:13:31:596 [IN ] C8 24 06 0E 25 A5 06 01 31 06 81 45 00 0D 14 DE 03 83 25 C8 24 0C 18 25 A5 0C 01 31 03 CF 00 28 38 F0 25 A5 0C 01 31 05 E6 3D 77 FF B0 8C 6E B0 C8 24 0C 18 25 A5 0C 01 31 03 CF 00 1E 2E E6 25 
A5 0C 01 31 05 E6 3D 77 FF B0 8C 6E B0 (77)
                              [N6:H] TPOS 'E' 0 13 20 222 (857310)
                              [N12:Z] MOTOR_I 0 40 (40)
                              [N12:Z] [undefined] 61 119 255 176 (1031274416)
                              [N12:Z] MOTOR_I 0 30 (30)
                              [N12:Z] [undefined] 61 119 255 176 (1031274416)
2026-04-21 16:13:31:820 [OUT] 25 A5 01 05 31 02 D8 3F 50 D8 (10)
                              [N5:V] INTERRUPT '?'
2026-04-21 16:13:31:821 [IN ] C8 24 0C 18 25 A5 0C 01 31 03 CF 00 17 27 DF 25 A5 0C 01 31 05 E6 3D 77 FF B0 8C 6E B0 C8 24 0C 18 25 A5 0C 01 31 03 CF 00 1F 2F E7 25 A5 0C 01 31 05 E6 3D 77 FF B0 8C 6E B0 (58)
                              [N12:Z] MOTOR_I 0 23 (23)
                              [N12:Z] [undefined] 61 119 255 176 (1031274416)
                              [N12:Z] MOTOR_I 0 31 (31)
                              [N12:Z] [undefined] 61 119 255 176 (1031274416)
2026-04-21 16:13:32:122 [IN ] C8 24 0C 18 25 A5 0C 01 31 03 CF 00 18 28 E0 25 A5 0C 01 31 05 E6 3D 77 FF B0 8C 6E B0 C8 24 05 0C 25 A5 05 01 31 04 D8 3A 01 01 4F 7A A5 C8 24 0C 18 25 A5 0C 01 31 03 CF 00 21 31 E9 25 A5 0C 
01 31 05 E6 3D 77 FF B0 8C 6E B0 C8 24 0C 18 25 A5 0C 01 31 03 CF 00 0E 1E D6 25 A5 0C 01 31 05 E6 3D 77 FF B0 8C 6E B0 (104)
                              [N12:Z] MOTOR_I 0 24 (24)
                              [N12:Z] [undefined] 61 119 255 176 (1031274416)
                              [N5:V] INTERRUPT ':' 1 1 (257)
                              [N12:Z] MOTOR_I 0 33 (33)
                              [N12:Z] [undefined] 61 119 255 176 (1031274416)
                              [N12:Z] MOTOR_I 0 14 (14)
                              [N12:Z] [undefined] 61 119 255 176 (1031274416)
2026-04-21 16:13:32:143 [OUT] 25 A5 01 05 31 03 C9 3D 0B 4B 06 (11)
                              [N5:V] LFLAG '=' 11 (11)
2026-04-21 16:13:32:207 [IN ] C8 24 0C 18 25 A5 0C 01 31 03 CF 00 0A 1A D2 25 A5 0C 01 31 05 E6 3D 77 FF B0 8C 6E B0 (29)
                              [N12:Z] MOTOR_I 0 10 (10)
                              [N12:Z] [undefined] 61 119 255 176 (1031274416)
2026-04-21 16:13:32:293 [IN ] C8 24 0C 18 25 A5 0C 01 31 03 CF 00 12 22 DA 25 A5 0C 01 31 05 E6 3D 77 FF B0 8C 6E B0 (29)
                              [N12:Z] MOTOR_I 0 18 (18)
                              [N12:Z] [undefined] 61 119 255 176 (1031274416)
2026-04-21 16:13:32:315 [IN ] C8 24 05 0B 25 A5 05 01 31 03 C9 3A 0B 48 04 25 (16)
                              [N5:V] LFLAG ':' 11 (11)
2026-04-21 16:13:32:336 [OUT] 25 A5 01 05 31 03 88 FF B0 71 6C (11)
                              [N5:V] RUN 255 176 (-80)
2026-04-21 16:13:32:400 [IN ] C8 24 0C 0E 25 A5 0C 01 31 03 CF 00 21 31 E9 25 A5 0C 01 (19)
                              [N12:Z] MOTOR_I 0 33 (33)
2026-04-21 16:13:32:421 [IN ] C8 24 0C 0A 01 31 05 E6 3D 77 FF B0 8C 6E E9 (15)
                              [N12:Z] [undefined] 61 119 255 176 (1031274416)
2026-04-21 16:13:32:483 [IN ] C8 24 0C 15 25 A5 0C 01 31 03 CF 00 1E 2E E6 25 A5 0C 01 31 05 E6 3D 77 FF B0 (26)
                              [N12:Z] MOTOR_I 0 30 (30)
2026-04-21 16:13:32:505 [IN ] C8 24 05 0C 25 A5 05 01 31 04 88 53 FF B0 C5 30 A5 (17)
                              [N5:V] RUN 'S' 255 176 (-80)
2026-04-21 16:13:32:707 [IN ] C8 24 0C 1B B0 8C 6E 25 A5 0C 01 31 03 CF 00 20 30 E8 25 A5 0C 01 31 05 E6 3D 77 FF B0 8C 6E FB C8 24 0C 18 25 A5 0C 01 31 03 CF 00 0D 1D D5 25 A5 0C 01 31 05 E6 3D 77 FF B0 8C 6E B0 (61)
                              [N12:Z] [undefined] 61 119 255 176 (1031274416)
                              [N12:Z] MOTOR_I 0 32 (32)
                              [N12:Z] [undefined] 61 119 255 176 (1031274416)
                              [N12:Z] MOTOR_I 0 13 (13)
                              [N12:Z] [undefined] 61 119 255 176 (1031274416)
2026-04-21 16:13:32:908 [IN ] C8 24 0C 18 25 A5 0C 01 31 03 CF 00 11 21 D9 25 A5 0C 01 31 05 E6 3D 77 FF B0 8C 6E B0 C8 24 0C 18 25 A5 0C 01 31 03 CF 00 24 34 EC 25 A5 0C 01 31 05 E6 3D 77 FF B0 8C 6E B0 (58)
                              [N12:Z] MOTOR_I 0 17 (17)
                              [N12:Z] [undefined] 61 119 255 176 (1031274416)
                              [N12:Z] MOTOR_I 0 36 (36)
                              [N12:Z] [undefined] 61 119 255 176 (1031274416)
2026-04-21 16:13:33:109 [IN ] C8 24 0C 18 25 A5 0C 01 31 03 CF 00 11 21 D9 25 A5 0C 01 31 05 E6 3D 77 FF B0 8C 6E B0 C8 24 0C 18 25 A5 0C 01 31 03 CF 00 19 29 E1 25 A5 0C 01 31 05 E6 3D 77 FF B0 8C 6E B0 (58)
                              [N12:Z] MOTOR_I 0 17 (17)
                              [N12:Z] [undefined] 61 119 255 176 (1031274416)
                              [N12:Z] MOTOR_I 0 25 (25)
                              [N12:Z] [undefined] 61 119 255 176 (1031274416)
2026-04-21 16:13:33:311 [IN ] C8 24 0C 18 25 A5 0C 01 31 03 CF 00 0D 1D D5 25 A5 0C 01 31 05 E6 3D 77 FF B0 8C 6E B0 C8 24 0C 18 25 A5 0C 01 31 03 CF 00 0F 1F D7 25 A5 0C 01 31 05 E6 3D 77 FF B0 8C 6E B0 (58)
                              [N12:Z] MOTOR_I 0 13 (13)
                              [N12:Z] [undefined] 61 119 255 176 (1031274416)
                              [N12:Z] MOTOR_I 0 15 (15)
                              [N12:Z] [undefined] 61 119 255 176 (1031274416)
2026-04-21 16:13:33:514 [IN ] C8 24 0C 18 25 A5 0C 01 31 03 CF 00 15 25 DD 25 A5 0C 01 31 05 E6 3D 77 FF B0 8C 6E B0 C8 24 0C 18 25 A5 0C 01 31 03 CF 00 1A 2A E2 25 A5 0C 01 31 05 E6 3D 77 FF B0 8C 6E B0 (58)
                              [N12:Z] MOTOR_I 0 21 (21)
                              [N12:Z] [undefined] 61 119 255 176 (1031274416)
                              [N12:Z] MOTOR_I 0 26 (26)
                              [N12:Z] [undefined] 61 119 255 176 (1031274416)
2026-04-21 16:13:33:716 [IN ] C8 24 0C 0E 25 A5 0C 01 31 03 CF 00 0B 1B D3 25 A5 0C 01 C8 24 0C 0A 01 31 05 E6 3D 77 FF B0 8C 6E D3 C8 24 0C 15 25 A5 0C 01 31 03 CF 00 16 26 DE 25 A5 0C 01 31 05 E6 3D 77 FF B0 (60)
                              [N12:Z] MOTOR_I 0 11 (11)
                              [N12:Z] [undefined] 61 119 255 176 (1031274416)
                              [N12:Z] MOTOR_I 0 22 (22)
2026-04-21 16:13:33:917 [IN ] C8 24 0C 1B B0 8C 6E 25 A5 0C 01 31 03 CF 00 16 26 DE 25 A5 0C 01 31 05 E6 3D 77 FF B0 8C 6E FB C8 24 09 0E 25 A5 09 01 31 06 81 45 FF FF DB 3A 1A 5D 25 C8 24 0C 18 25 A5 0C 01 31 03 CF 00 16 
26 DE 25 A5 0C 01 31 05 E6 3D 77 FF B0 8C 6E B0 (80)
                              [N12:Z] [undefined] 61 119 255 176 (1031274416)
                              [N12:Z] MOTOR_I 0 22 (22)
                              [N12:Z] [undefined] 61 119 255 176 (1031274416)
                              [N9:P] TPOS 'E' 255 255 219 58 (-9414)
                              [N12:Z] MOTOR_I 0 22 (22)
                              [N12:Z] [undefined] 61 119 255 176 (1031274416)
2026-04-21 16:13:34:141 [OUT] 25 A5 01 08 31 02 D8 3F 53 E7 (10)
                              [N8:R] INTERRUPT '?'
2026-04-21 16:13:34:142 [IN ] C8 24 0C 18 25 A5 0C 01 31 03 CF 00 0E 1E D6 25 A5 0C 01 31 05 E6 3D 77 FF B0 8C 6E B0 C8 24 0C 18 25 A5 0C 01 31 03 CF 00 0A 1A D2 25 A5 0C 01 31 05 E6 3D 77 FF B0 8C 6E B0 (58)
                              [N12:Z] MOTOR_I 0 14 (14)
                              [N12:Z] [undefined] 61 119 255 176 (1031274416)
                              [N12:Z] MOTOR_I 0 10 (10)
                              [N12:Z] [undefined] 61 119 255 176 (1031274416)
2026-04-21 16:13:34:443 [IN ] C8 24 0C 18 25 A5 0C 01 31 03 CF 00 14 24 DC 25 A5 0C 01 31 05 E6 3D 77 FF B0 8C 6E B0 C8 24 08 0C 25 A5 08 01 31 04 D8 3A 01 01 52 92 A5 C8 24 0C 18 25 A5 0C 01 31 03 CF 00 0F 1F D7 25 A5 0C 
01 31 05 E6 3D 77 FF B0 8C 6E B0 C8 24 0C 18 25 A5 0C 01 31 03 CF 00 22 32 EA 25 A5 0C 01 31 05 E6 3D 77 FF B0 8C 6E B0 (104)
                              [N12:Z] MOTOR_I 0 20 (20)
                              [N12:Z] [undefined] 61 119 255 176 (1031274416)
                              [N8:R] INTERRUPT ':' 1 1 (257)
                              [N12:Z] MOTOR_I 0 15 (15)
                              [N12:Z] [undefined] 61 119 255 176 (1031274416)
                              [N12:Z] MOTOR_I 0 34 (34)
                              [N12:Z] [undefined] 61 119 255 176 (1031274416)
2026-04-21 16:13:34:464 [OUT] 25 A5 01 08 31 03 CA 3D 0B 4F 1B (11)
                              [N8:R] RFLAG '=' 11 (11)
2026-04-21 16:13:34:528 [IN ] C8 24 0C 18 25 A5 0C 01 31 03 CF 00 1A 2A E2 25 A5 0C 01 31 05 E6 3D 77 FF B0 8C 6E B0 (29)
                              [N12:Z] MOTOR_I 0 26 (26)
                              [N12:Z] [undefined] 61 119 255 176 (1031274416)
2026-04-21 16:13:34:613 [IN ] C8 24 0C 18 25 A5 0C 01 31 03 CF 00 17 27 DF 25 A5 0C 01 31 05 E6 3D 77 FF B0 8C 6E B0 (29)
                              [N12:Z] MOTOR_I 0 23 (23)
                              [N12:Z] [undefined] 61 119 255 176 (1031274416)
2026-04-21 16:13:34:635 [IN ] C8 24 08 0B 25 A5 08 01 31 03 CA 3A 0B 4C 1C 25 (16)
                              [N8:R] RFLAG ':' 11 (11)
2026-04-21 16:13:34:656 [OUT] 25 A5 01 08 31 03 88 00 50 15 20 (11)
                              [N8:R] RUN 0 80 (80)
2026-04-21 16:13:34:719 [IN ] C8 24 0C 18 25 A5 0C 01 31 03 CF 00 10 20 D8 25 A5 0C 01 31 05 E6 3D 77 FF B0 8C 6E B0 (29)
                              [N12:Z] MOTOR_I 0 16 (16)
                              [N12:Z] [undefined] 61 119 255 176 (1031274416)
2026-04-21 16:13:34:802 [IN ] C8 24 0C 0E 25 A5 0C 01 31 03 CF 00 17 27 DF 25 A5 0C 01 (19)
                              [N12:Z] MOTOR_I 0 23 (23)
2026-04-21 16:13:34:824 [IN ] C8 24 08 0C 25 A5 08 01 31 04 88 53 00 50 69 EA A5 C8 24 0C 0A 01 31 05 E6 3D 77 FF B0 8C 6E 69 (32)
2026-04-21 16:13:34:909 [IN ] C8 24 0C 15 25 A5 0C 01 31 03 CF 00 17 27 DF 25 A5 0C 01 31 05 E6 3D 77 FF B0 (26)
                              [N12:Z] MOTOR_I 0 23 (23)
2026-04-21 16:13:35:015 [IN ] C8 24 0C 1B B0 8C 6E 25 A5 0C 01 31 03 CF 00 19 29 E1 25 A5 0C 01 31 05 E6 3D 77 FF B0 8C 6E FB (32)
                              [N12:Z] [undefined] 61 119 255 176 (1031274416)
                              [N12:Z] MOTOR_I 0 25 (25)
                              [N12:Z] [undefined] 61 119 255 176 (1031274416)
2026-04-21 16:13:35:119 [IN ] C8 24 0C 18 25 A5 0C 01 31 03 CF 00 0F 1F D7 25 A5 0C 01 31 05 E6 3D 77 FF B0 8C 6E B0 (29)
                              [N12:Z] MOTOR_I 0 15 (15)
                              [N12:Z] [undefined] 61 119 255 176 (1031274416)
2026-04-21 16:13:35:225 [IN ] C8 24 0C 18 25 A5 0C 01 31 03 CF 00 1D 2D E5 25 A5 0C 01 31 05 E6 3D 77 FF B0 8C 6E B0 (29)
                              [N12:Z] MOTOR_I 0 29 (29)
                              [N12:Z] [undefined] 61 119 255 176 (1031274416)
2026-04-21 16:13:35:309 [IN ] C8 24 0C 18 25 A5 0C 01 31 03 CF 00 0E 1E D6 25 A5 0C 01 31 05 E6 3D 77 FF B0 8C 6E B0 (29)
                              [N12:Z] MOTOR_I 0 14 (14)
                              [N12:Z] [undefined] 61 119 255 176 (1031274416)
2026-04-21 16:13:35:415 [IN ] C8 24 0C 18 25 A5 0C 01 31 03 CF 00 13 23 DB 25 A5 0C 01 31 05 E6 3D 77 FF B0 8C (27)
2026-04-21 16:13:35:436 [IN ] 6E B0 (2)
                              [N12:Z] MOTOR_I 0 19 (19)
                              [N12:Z] [undefined] 61 119 255 176 (1031274416)
2026-04-21 16:13:35:518 [IN ] C8 24 0C 18 25 A5 0C 01 31 03 CF 00 16 26 DE 25 A5 0C 01 31 05 E6 3D 77 FF B0 8C 6E B0 (29)
                              [N12:Z] MOTOR_I 0 22 (22)
                              [N12:Z] [undefined] 61 119 255 176 (1031274416)
2026-04-21 16:13:35:623 [IN ] C8 24 0C 18 25 A5 0C 01 31 03 CF 00 05 15 CD 25 A5 0C 01 31 05 E6 3D 77 FF B0 8C 6E B0 (29)
                              [N12:Z] MOTOR_I 0 5 (5)
                              [N12:Z] [undefined] 61 119 255 176 (1031274416)
2026-04-21 16:13:35:728 [IN ] C8 24 0C 18 25 A5 0C 01 31 03 CF 00 10 20 D8 25 A5 0C 01 31 05 E6 3D 77 FF B0 8C 6E B0 (29)
                              [N12:Z] MOTOR_I 0 16 (16)
                              [N12:Z] [undefined] 61 119 255 176 (1031274416)
2026-04-21 16:13:35:833 [IN ] C8 24 0C 18 25 A5 0C 01 31 03 CF 00 1A 2A E2 25 A5 0C 01 31 05 E6 3D 77 FF B0 8C 6E B0 (29)
                              [N12:Z] MOTOR_I 0 26 (26)
                              [N12:Z] [undefined] 61 119 255 176 (1031274416)
2026-04-21 16:13:35:917 [IN ] C8 24 0C 18 25 A5 0C 01 31 03 CF 00 17 27 DF 25 A5 0C 01 31 05 E6 3D 77 FF B0 8C 6E B0 (29)
                              [N12:Z] MOTOR_I 0 23 (23)
                              [N12:Z] [undefined] 61 119 255 176 (1031274416)
2026-04-21 16:13:36:022 [IN ] C8 24 0C 0E 25 A5 0C 01 31 03 CF 00 16 26 DE 25 A5 0C 01 (19)
                              [N12:Z] MOTOR_I 0 22 (22)
2026-04-21 16:13:36:043 [IN ] C8 24 0C 0A 01 31 05 E6 3D 77 FF B0 8C 6E DE (15)
                              [N12:Z] [undefined] 61 119 255 176 (1031274416)
2026-04-21 16:13:36:107 [IN ] C8 24 0C 15 25 A5 0C 01 31 03 CF 00 16 26 DE 25 A5 0C 01 31 05 E6 3D 77 FF B0 (26)
                              [N12:Z] MOTOR_I 0 22 (22)
2026-04-21 16:13:36:212 [IN ] C8 24 0C 1B B0 8C (6)
2026-04-21 16:13:36:234 [IN ] 6E 25 A5 0C 01 31 03 CF 00 0E 1E D6 25 A5 0C 01 31 05 E6 3D 77 FF B0 8C 6E FB (26)
                              [N12:Z] [undefined] 61 119 255 176 (1031274416)
                              [N12:Z] MOTOR_I 0 14 (14)
                              [N12:Z] [undefined] 61 119 255 176 (1031274416)
2026-04-21 16:13:36:318 [IN ] C8 24 0C 18 25 A5 0C 01 31 03 CF 00 21 31 E9 25 A5 0C 01 31 05 E6 3D 77 FF B0 8C 6E B0 (29)
                              [N12:Z] MOTOR_I 0 33 (33)
                              [N12:Z] [undefined] 61 119 255 176 (1031274416)
2026-04-21 16:13:36:423 [IN ] C8 24 0C 18 25 A5 0C 01 31 03 CF 00 0B 1B D3 25 A5 0C 01 31 05 E6 3D 77 FF B0 8C 6E B0 (29)
                              [N12:Z] MOTOR_I 0 11 (11)
                              [N12:Z] [undefined] 61 119 255 176 (1031274416)
2026-04-21 16:13:36:528 [IN ] C8 24 0C 18 25 A5 0C 01 31 03 CF 00 0E 1E D6 25 A5 0C 01 31 05 E6 3D 77 FF B0 8C 6E B0 (29)
                              [N12:Z] MOTOR_I 0 14 (14)
                              [N12:Z] [undefined] 61 119 255 176 (1031274416)
2026-04-21 16:13:36:631 [IN ] C8 24 0C 18 25 A5 0C 01 31 03 CF 00 16 26 DE 25 A5 0C 01 31 05 E6 3D 77 FF B0 8C 6E B0 (29)
                              [N12:Z] MOTOR_I 0 22 (22)
                              [N12:Z] [undefined] 61 119 255 176 (1031274416)
2026-04-21 16:13:36:673 [OUT] 25 A5 01 08 31 03 88 00 50 15 20 (11)
                              [N8:R] RUN 0 80 (80)
2026-04-21 16:13:36:716 [IN ] C8 24 0C 18 25 A5 0C 01 31 (9)
2026-04-21 16:13:36:737 [IN ] 03 CF 00 1A 2A E2 25 A5 0C 01 31 05 E6 3D 77 FF B0 8C 6E B0 (20)
                              [N12:Z] MOTOR_I 0 26 (26)
                              [N12:Z] [undefined] 61 119 255 176 (1031274416)
2026-04-21 16:13:36:843 [IN ] C8 24 0C 18 25 A5 0C 01 31 03 CF 00 0A 1A D2 25 A5 0C 01 31 05 E6 3D 77 FF B0 8C 6E B0 C8 24 08 0C 25 A5 08 01 31 04 88 53 00 50 69 EA A5 (46)
                              [N12:Z] MOTOR_I 0 10 (10)
                              [N12:Z] [undefined] 61 119 255 176 (1031274416)
                              [N8:R] RUN 'S' 0 80 (80)
2026-04-21 16:13:37:044 [IN ] C8 24 0C 18 25 A5 0C 01 31 03 CF 00 11 21 D9 25 A5 0C 01 31 05 E6 3D 77 FF B0 8C 6E B0 C8 24 0C 18 25 A5 0C 01 31 03 CF 00 17 27 DF 25 A5 0C 01 31 05 E6 3D 77 FF B0 8C 6E B0 (58)
                              [N12:Z] MOTOR_I 0 17 (17)
                              [N12:Z] [undefined] 61 119 255 176 (1031274416)
                              [N12:Z] MOTOR_I 0 23 (23)
                              [N12:Z] [undefined] 61 119 255 176 (1031274416)
2026-04-21 16:13:37:246 [IN ] C8 24 0C 18 25 A5 0C 01 31 03 CF 00 1A 2A E2 25 A5 0C 01 31 05 E6 3D 77 FF B0 8C 6E B0 C8 24 0C 0E 25 A5 0C 01 31 03 CF 00 19 29 E1 25 A5 0C 01 C8 24 0C 0A 01 31 05 E6 3D 77 FF B0 8C 6E E1 (63)
                              [N12:Z] MOTOR_I 0 26 (26)
                              [N12:Z] [undefined] 61 119 255 176 (1031274416)
                              [N12:Z] MOTOR_I 0 25 (25)
                              [N12:Z] [undefined] 61 119 255 176 (1031274416)
2026-04-21 16:13:37:447 [IN ] C8 24 0C 15 25 A5 0C 01 31 03 CF 00 08 18 D0 25 A5 0C 01 31 05 E6 3D 77 FF B0 C8 24 0C 1B B0 8C 6E 25 A5 0C 01 31 03 CF 00 07 17 CF 25 A5 0C 01 31 05 E6 3D 77 FF B0 8C 6E FB (58)
                              [N12:Z] MOTOR_I 0 8 (8)
                              [N12:Z] [undefined] 61 119 255 176 (1031274416)
                              [N12:Z] MOTOR_I 0 7 (7)
                              [N12:Z] [undefined] 61 119 255 176 (1031274416)
2026-04-21 16:13:37:651 [IN ] C8 24 0C 18 25 A5 0C 01 31 03 CF 00 11 21 D9 25 A5 0C 01 31 05 E6 3D 77 FF B0 8C 6E B0 C8 24 05 0B 25 A5 05 01 31 03 81 5A 4C 61 AD 25 C8 24 0C 18 25 A5 0C 01 31 03 CF 00 1C 2C E4 25 A5 0C 01 
31 05 E6 3D 77 FF B0 8C 6E B0 (74)
                              [N12:Z] MOTOR_I 0 17 (17)
                              [N12:Z] [undefined] 61 119 255 176 (1031274416)
                              [N5:V] TPOS 'Z' 76 (76)
                              [N12:Z] MOTOR_I 0 28 (28)
                              [N12:Z] [undefined] 61 119 255 176 (1031274416)
2026-04-21 16:13:37:854 [IN ] C8 24 05 0A 25 A5 05 01 31 02 81 49 03 38 E4 C8 24 0C 18 25 A5 0C 01 31 03 CF 00 1A 2A E2 25 A5 0C 01 31 05 E6 3D 77 FF B0 8C 6E B0 C8 24 0C 18 25 A5 0C 01 31 03 CF 00 09 19 D1 25 A5 0C 01 31 
05 E6 3D 77 FF B0 8C 6E B0 (73)
                              [N5:V] TPOS 'I'
                              [N12:Z] MOTOR_I 0 26 (26)
                              [N12:Z] [undefined] 61 119 255 176 (1031274416)
                              [N12:Z] MOTOR_I 0 9 (9)
                              [N12:Z] [undefined] 61 119 255 176 (1031274416)
2026-04-21 16:13:38:057 [IN ] C8 24 0C 18 25 A5 0C 01 31 03 CF 00 05 15 CD 25 A5 0C 01 31 05 E6 3D 77 FF B0 8C 6E B0 C8 24 0C 18 25 A5 0C 01 31 03 CF 00 13 23 DB 25 A5 0C 01 31 05 E6 3D 77 FF B0 8C 6E B0 (58)
                              [N12:Z] MOTOR_I 0 5 (5)
                              [N12:Z] [undefined] 61 119 255 176 (1031274416)
                              [N12:Z] MOTOR_I 0 19 (19)
                              [N12:Z] [undefined] 61 119 255 176 (1031274416)
2026-04-21 16:13:38:078 [OUT] 25 A5 01 05 31 03 C9 3D 09 49 04 (11)
                              [N5:V] LFLAG '=' 9 (9)
2026-04-21 16:13:38:142 [IN ] C8 24 0C 18 25 A5 0C 01 31 03 CF 00 0A 1A D2 25 A5 0C 01 31 05 E6 3D 77 FF B0 8C 6E B0 (29)
                              [N12:Z] MOTOR_I 0 10 (10)
                              [N12:Z] [undefined] 61 119 255 176 (1031274416)
2026-04-21 16:13:38:248 [IN ] C8 24 05 0B 25 A5 05 01 31 03 C9 3A 09 46 02 25 C8 24 0C 18 25 A5 0C 01 31 03 CF 00 0B 1B D3 25 A5 0C 01 31 05 E6 3D 77 FF B0 8C 6E B0 (45)
                              [N5:V] LFLAG ':' 9 (9)
                              [N12:Z] MOTOR_I 0 11 (11)
                              [N12:Z] [undefined] 61 119 255 176 (1031274416)
2026-04-21 16:13:38:270 [OUT] 25 A5 01 05 31 03 84 00 50 0E 02 (11)
                              [N5:V] VEL 0 80 (80)
2026-04-21 16:13:38:353 [IN ] C8 24 0C 18 25 A5 0C 01 31 03 CF 00 0E 1E D6 25 A5 0C 01 31 05 E6 3D 77 FF B0 8C 6E B0 (29)
                              [N12:Z] MOTOR_I 0 14 (14)
                              [N12:Z] [undefined] 61 119 255 176 (1031274416)
2026-04-21 16:13:38:438 [IN ] C8 24 05 0C 25 A5 05 01 31 04 84 53 00 50 62 C2 A5 C8 24 0C 0E 25 A5 0C 01 31 03 CF 00 0F 1F D7 25 A5 0C 01 (36)
                              [N5:V] VEL 'S' 0 80 (80)
                              [N12:Z] MOTOR_I 0 15 (15)
2026-04-21 16:13:38:459 [OUT] 25 A5 01 05 31 05 81 00 19 82 3C 94 B6 (13)
                              [N5:V] TPOS 0 25 130 60 (1671740)
2026-04-21 16:13:38:460 [IN ] C8 24 0C 0A 01 31 05 E6 3D 77 FF B0 8C 6E D7 (15)
                              [N12:Z] [undefined] 61 119 255 176 (1031274416)
2026-04-21 16:13:38:522 [IN ] C8 24 0C (3)
2026-04-21 16:13:38:543 [IN ] 15 25 A5 0C 01 31 03 CF 00 19 29 E1 25 A5 0C 01 31 05 E6 3D 77 FF B0 (23)
                              [N12:Z] MOTOR_I 0 25 (25)
2026-04-21 16:13:38:647 [IN ] C8 24 0C 1B B0 8C 6E 25 A5 0C 01 31 03 CF 00 0D 1D D5 25 A5 0C 01 31 05 E6 3D 77 FF B0 8C 6E FB C8 24 05 0E 25 A5 05 01 31 06 81 53 00 00 00 00 11 92 25 (51)
                              [N12:Z] [undefined] 61 119 255 176 (1031274416)
                              [N12:Z] MOTOR_I 0 13 (13)
                              [N12:Z] [undefined] 61 119 255 176 (1031274416)
                              [N5:V] TPOS 'S' 0 0 0 0 (0)
2026-04-21 16:13:38:848 [IN ] C8 24 0C 18 25 A5 0C 01 31 03 CF 00 17 27 DF 25 A5 0C 01 31 05 E6 3D 77 FF B0 8C 6E B0 C8 24 0C 18 25 A5 0C 01 31 03 CF 00 05 15 CD 25 A5 0C 01 31 05 E6 3D 77 FF B0 8C 6E B0 (58)
                              [N12:Z] MOTOR_I 0 23 (23)
                              [N12:Z] [undefined] 61 119 255 176 (1031274416)
                              [N12:Z] MOTOR_I 0 5 (5)
                              [N12:Z] [undefined] 61 119 255 176 (1031274416)
2026-04-21 16:13:39:049 [IN ] C8 24 0C 18 25 A5 0C 01 31 03 CF 00 0C 1C D4 25 A5 0C 01 31 05 E6 3D 77 FF B0 8C 6E B0 C8 24 0C 18 25 A5 0C 01 31 03 CF 00 0A 1A D2 25 A5 0C 01 31 05 E6 3D 77 FF B0 8C 6E B0 (58)
                              [N12:Z] MOTOR_I 0 12 (12)
                              [N12:Z] [undefined] 61 119 255 176 (1031274416)
                              [N12:Z] MOTOR_I 0 10 (10)
                              [N12:Z] [undefined] 61 119 255 176 (1031274416)
2026-04-21 16:13:39:251 [IN ] C8 24 07 0E 25 A5 07 01 31 06 81 45 FF AB 14 C1 84 46 01 C8 24 0C 18 25 A5 0C 01 31 03 CF 00 0B 1B D3 25 A5 0C 01 31 05 E6 3D 77 FF B0 8C 6E B0 C8 24 0C 18 25 A5 0C 01 31 03 CF 00 06 16 CE 25 
A5 0C 01 31 05 E6 3D 77 FF B0 8C 6E B0 (77)
                              [N7:N] TPOS 'E' 255 171 20 193 (-5565247)
                              [N12:Z] MOTOR_I 0 11 (11)
                              [N12:Z] [undefined] 61 119 255 176 (1031274416)
                              [N12:Z] MOTOR_I 0 6 (6)
                              [N12:Z] [undefined] 61 119 255 176 (1031274416)
2026-04-21 16:13:39:454 [IN ] C8 24 0C 18 25 A5 0C 01 31 03 CF 00 0C 1C D4 25 A5 0C 01 31 05 E6 3D 77 FF B0 8C 6E B0 C8 24 0C 18 25 A5 0C 01 31 03 CF 00 11 21 D9 25 A5 0C 01 31 05 E6 3D 77 FF B0 8C 6E B0 (58)
                              [N12:Z] MOTOR_I 0 12 (12)
                              [N12:Z] [undefined] 61 119 255 176 (1031274416)
                              [N12:Z] MOTOR_I 0 17 (17)
                              [N12:Z] [undefined] 61 119 255 176 (1031274416)
2026-04-21 16:13:39:656 [IN ] C8 24 0C 18 25 A5 0C 01 31 03 CF 00 0A 1A D2 25 A5 0C 01 31 05 E6 3D 77 FF B0 8C 6E B0 C8 24 0C 0E 25 A5 0C 01 31 03 CF 00 06 16 CE 25 A5 0C 01 C8 24 0C 0A 01 31 05 E6 3D 77 FF B0 8C 6E CE (63)
                              [N12:Z] MOTOR_I 0 10 (10)
                              [N12:Z] [undefined] 61 119 255 176 (1031274416)
                              [N12:Z] MOTOR_I 0 6 (6)
                              [N12:Z] [undefined] 61 119 255 176 (1031274416)
2026-04-21 16:13:39:677 [OUT] 25 A5 01 07 31 05 81 FF F0 47 34 29 C9 (13)
                              [N7:N] TPOS 255 240 71 52 (-1030348)
2026-04-21 16:13:39:741 [IN ] C8 24 0C 15 25 A5 0C 01 31 03 CF 00 1B 2B E3 25 A5 0C 01 31 05 E6 3D 77 FF B0 (26)
                              [N12:Z] MOTOR_I 0 27 (27)
2026-04-21 16:13:39:845 [IN ] C8 24 0C 1B B0 8C 6E 25 A5 0C 01 31 03 CF 00 0D 1D D5 25 A5 0C 01 31 05 E6 3D 77 FF B0 8C 6E FB C8 24 07 0E 25 A5 07 01 31 06 81 53 FF AB 14 C1 92 8C 25 (51)
                              [N12:Z] [undefined] 61 119 255 176 (1031274416)
                              [N12:Z] MOTOR_I 0 13 (13)
                              [N12:Z] [undefined] 61 119 255 176 (1031274416)
                              [N7:N] TPOS 'S' 255 171 20 193 (-5565247)
2026-04-21 16:13:40:048 [IN ] C8 24 0C 18 25 A5 0C 01 31 03 CF 00 17 27 DF 25 A5 0C 01 31 05 E6 3D 77 FF B0 8C 6E B0 C8 24 0C 18 25 A5 0C 01 31 03 CF 00 1C 2C E4 25 A5 0C 01 31 (49)
                              [N12:Z] MOTOR_I 0 23 (23)
                              [N12:Z] [undefined] 61 119 255 176 (1031274416)
2026-04-21 16:13:40:249 [IN ] 05 E6 3D 77 FF B0 8C 6E B0 C8 24 0C 18 25 A5 0C 01 31 03 CF 00 0E 1E D6 25 A5 0C 01 31 05 E6 3D 77 FF B0 8C 6E B0 C8 24 0C 18 25 A5 0C 01 31 03 CF 00 09 19 D1 25 A5 0C 01 31 05 E6 3D 77 FF B0 
8C 6E B0 (67)
                              [N12:Z] MOTOR_I 0 28 (28)
                              [N12:Z] [undefined] 61 119 255 176 (1031274416)
                              [N12:Z] MOTOR_I 0 14 (14)
                              [N12:Z] [undefined] 61 119 255 176 (1031274416)
                              [N12:Z] MOTOR_I 0 9 (9)
                              [N12:Z] [undefined] 61 119 255 176 (1031274416)
2026-04-21 16:13:40:450 [IN ] C8 24 0C 18 25 A5 0C 01 31 03 CF 00 18 28 E0 25 A5 0C 01 31 05 E6 3D 77 FF B0 8C 6E B0 (29)
                              [N12:Z] MOTOR_I 0 24 (24)
                              [N12:Z] [undefined] 61 119 255 176 (1031274416)
2026-04-21 16:13:40:653 [IN ] C8 24 0C 18 25 A5 0C 01 31 03 CF 00 16 26 DE 25 A5 0C 01 31 05 E6 3D 77 FF B0 8C 6E B0 C8 24 0C 18 25 A5 0C 01 31 03 CF 00 07 17 CF 25 A5 0C 01 31 05 E6 3D 77 FF B0 8C 6E B0 (58)
                              [N12:Z] MOTOR_I 0 22 (22)
                              [N12:Z] [undefined] 61 119 255 176 (1031274416)
                              [N12:Z] MOTOR_I 0 7 (7)
                              [N12:Z] [undefined] 61 119 255 176 (1031274416)
2026-04-21 16:13:40:854 [IN ] C8 24 0C 18 25 A5 0C 01 31 03 CF 00 05 15 CD 25 A5 0C 01 31 05 E6 3D 77 FF B0 8C 6E B0 C8 24 0C 18 25 A5 0C 01 31 03 CF 00 16 26 DE 25 A5 0C 01 31 05 E6 3D 77 FF B0 8C 6E B0 C8 24 0C 0E 25 A5 
0C 01 31 03 CF 00 12 22 DA 25 A5 0C 01 (77)
                              [N12:Z] MOTOR_I 0 5 (5)
                              [N12:Z] [undefined] 61 119 255 176 (1031274416)
                              [N12:Z] MOTOR_I 0 22 (22)
                              [N12:Z] [undefined] 61 119 255 176 (1031274416)
                              [N12:Z] MOTOR_I 0 18 (18)
2026-04-21 16:13:41:055 [IN ] C8 24 0C 0A 01 31 05 E6 3D 77 FF B0 8C 6E DA C8 24 0C 15 25 A5 0C 01 31 03 CF 00 09 19 D1 25 A5 0C 01 31 05 E6 3D 77 FF B0 C8 24 0C 1B B0 8C 6E 25 A5 0C 01 31 03 CF 00 17 27 DF 25 A5 0C 01 31 
05 E6 3D 77 FF B0 8C 6E FB (73)
                              [N12:Z] [undefined] 61 119 255 176 (1031274416)
                              [N12:Z] MOTOR_I 0 9 (9)
                              [N12:Z] [undefined] 61 119 255 176 (1031274416)
                              [N12:Z] MOTOR_I 0 23 (23)
                              [N12:Z] [undefined] 61 119 255 176 (1031274416)
2026-04-21 16:13:41:257 [IN ] C8 24 0C 18 25 A5 0C 01 31 03 CF 00 15 25 DD 25 A5 0C 01 31 05 E6 3D 77 FF B0 8C 6E B0 C8 24 0C 18 25 A5 0C 01 31 03 CF 00 17 27 DF 25 A5 0C 01 31 05 E6 3D 77 FF B0 8C 6E B0 (58)
                              [N12:Z] MOTOR_I 0 21 (21)
                              [N12:Z] [undefined] 61 119 255 176 (1031274416)
                              [N12:Z] MOTOR_I 0 23 (23)
                              [N12:Z] [undefined] 61 119 255 176 (1031274416)
2026-04-21 16:13:41:459 [IN ] C8 24 0C 18 25 A5 0C 01 31 03 CF 00 07 17 CF 25 A5 0C 01 31 05 E6 3D 77 FF B0 8C 6E B0 C8 24 0C 18 25 A5 0C 01 31 03 CF 00 15 25 DD 25 A5 0C 01 31 05 E6 3D 77 FF B0 8C 6E B0 (58)
                              [N12:Z] MOTOR_I 0 7 (7)
                              [N12:Z] [undefined] 61 119 255 176 (1031274416)
                              [N12:Z] MOTOR_I 0 21 (21)
                              [N12:Z] [undefined] 61 119 255 176 (1031274416)
2026-04-21 16:13:41:661 [IN ] C8 24 08 0B 25 A5 08 01 31 03 81 5A 52 6A C8 25 C8 24 0C 18 25 A5 0C 01 31 03 CF 00 0B 1B D3 25 A5 0C 01 31 05 E6 3D 77 FF B0 8C 6E B0 C8 24 08 0A 25 A5 08 01 31 02 81 49 06 4A D3 (60)
                              [N8:R] TPOS 'Z' 82 (82)
                              [N12:Z] MOTOR_I 0 11 (11)
                              [N12:Z] [undefined] 61 119 255 176 (1031274416)
                              [N8:R] TPOS 'I'
2026-04-21 16:13:41:863 [IN ] C8 24 0C 18 25 A5 0C 01 31 03 CF 00 0F 1F D7 25 A5 0C 01 31 05 E6 3D 77 FF B0 8C 6E B0 C8 24 0C 18 25 A5 0C 01 31 03 CF 00 14 24 DC 25 A5 0C 01 31 05 E6 3D 77 FF B0 8C 6E B0 C8 24 0C (61)
                              [N12:Z] MOTOR_I 0 15 (15)
                              [N12:Z] [undefined] 61 119 255 176 (1031274416)
                              [N12:Z] MOTOR_I 0 20 (20)
                              [N12:Z] [undefined] 61 119 255 176 (1031274416)
2026-04-21 16:13:41:885 [OUT] 25 A5 01 08 31 03 CA 3D 09 4D 19 (11)
                              [N8:R] RFLAG '=' 9 (9)
2026-04-21 16:13:41:886 [IN ] 18 25 A5 0C 01 31 03 CF 00 0D 1D D5 25 A5 0C 01 31 05 E6 3D 77 FF B0 8C 6E B0 (26)
                              [N12:Z] MOTOR_I 0 13 (13)
                              [N12:Z] [undefined] 61 119 255 176 (1031274416)
2026-04-21 16:13:41:971 [IN ] C8 24 0C 18 25 A5 0C 01 31 03 CF 00 14 24 DC 25 A5 0C 01 31 05 E6 3D 77 FF B0 8C 6E B0 (29)
                              [N12:Z] MOTOR_I 0 20 (20)
                              [N12:Z] [undefined] 61 119 255 176 (1031274416)
2026-04-21 16:13:42:054 [IN ] C8 24 08 0B 25 A5 08 01 31 03 CA 3A 09 4A 1A 25 C8 24 0C 0E 25 A5 0C 01 31 03 CF 00 07 17 CF 25 A5 0C 01 (35)
                              [N8:R] RFLAG ':' 9 (9)
                              [N12:Z] MOTOR_I 0 7 (7)
2026-04-21 16:13:42:075 [OUT] 25 A5 01 08 31 05 81 FF DC 77 1D 2F DE (13)
                              [N8:R] TPOS 255 220 119 29 (-2328803)
2026-04-21 16:13:42:076 [IN ] C8 24 0C 0A 01 31 05 E6 3D 77 FF B0 8C 6E CF (15)
                              [N12:Z] [undefined] 61 119 255 176 (1031274416)
2026-04-21 16:13:42:180 [IN ] C8 24 0C 15 25 A5 0C 01 31 03 CF 00 1B 2B E3 25 A5 0C 01 31 05 E6 3D 77 FF B0 (26)
                              [N12:Z] MOTOR_I 0 27 (27)
2026-04-21 16:13:42:267 [IN ] C8 24 08 0E 25 A5 08 01 31 06 81 53 FF FF FF F1 02 98 01 C8 24 0C 1B B0 8C 6E 25 A5 0C 01 31 03 CF 00 14 24 DC 25 A5 0C 01 31 05 E6 3D 77 FF B0 8C 6E FB (51)
                              [N8:R] TPOS 'S' 255 255 255 241 (-15)
                              [N12:Z] [undefined] 61 119 255 176 (1031274416)
                              [N12:Z] MOTOR_I 0 20 (20)
                              [N12:Z] [undefined] 61 119 255 176 (1031274416)
2026-04-21 16:13:42:468 [IN ] C8 24 0C 18 25 A5 0C 01 31 03 CF 00 07 17 CF 25 A5 0C 01 31 05 E6 3D 77 FF B0 8C 6E B0 C8 24 0C 18 25 A5 0C 01 31 03 CF 00 07 17 CF 25 A5 0C 01 31 05 E6 3D 77 FF B0 8C 6E B0 (58)
                              [N12:Z] MOTOR_I 0 7 (7)
                              [N12:Z] [undefined] 61 119 255 176 (1031274416)
                              [N12:Z] MOTOR_I 0 7 (7)
                              [N12:Z] [undefined] 61 119 255 176 (1031274416)
2026-04-21 16:13:42:670 [IN ] C8 24 0C 18 25 A5 0C 01 31 03 CF 00 15 25 DD 25 A5 0C 01 31 05 E6 3D 77 FF B0 8C 6E B0 (29)
                              [N12:Z] MOTOR_I 0 21 (21)
                              [N12:Z] [undefined] 61 119 255 176 (1031274416)
2026-04-21 16:13:42:872 [IN ] C8 24 0C 18 25 A5 0C 01 31 03 CF 00 13 23 DB 25 A5 0C 01 31 05 E6 3D 77 FF B0 8C 6E B0 C8 24 0C 18 25 A5 0C 01 31 03 CF 00 0B 1B D3 25 A5 0C 01 31 05 E6 3D 77 FF B0 8C 6E B0 C8 24 0C 18 25 A5 
0C 01 31 03 CF 00 07 17 CF 25 A5 0C 01 (77)
                              [N12:Z] MOTOR_I 0 19 (19)
                              [N12:Z] [undefined] 61 119 255 176 (1031274416)
                              [N12:Z] MOTOR_I 0 11 (11)
                              [N12:Z] [undefined] 61 119 255 176 (1031274416)
2026-04-21 16:13:43:073 [IN ] 31 05 E6 3D 77 FF B0 8C 6E B0 C8 24 0C 18 25 A5 0C 01 31 03 CF 00 08 18 D0 25 A5 0C 01 31 05 E6 3D 77 FF B0 8C 6E B0 C8 24 0C 18 25 A5 0C 01 31 03 CF 00 0F 1F D7 25 A5 0C 01 31 05 E6 3D 77 FF 
B0 8C 6E B0 (68)
                              [N12:Z] MOTOR_I 0 7 (7)
                              [N12:Z] [undefined] 61 119 255 176 (1031274416)
                              [N12:Z] MOTOR_I 0 8 (8)
                              [N12:Z] [undefined] 61 119 255 176 (1031274416)
                              [N12:Z] MOTOR_I 0 15 (15)
                              [N12:Z] [undefined] 61 119 255 176 (1031274416)
2026-04-21 16:13:43:274 [IN ] C8 24 0C 18 25 A5 0C 01 31 03 CF 00 18 28 E0 25 A5 0C 01 31 05 E6 3D 77 FF B0 8C 6E B0 C8 24 0C 0E 25 A5 0C 01 31 03 CF 00 05 15 CD 25 A5 0C 01 (48)
                              [N12:Z] MOTOR_I 0 24 (24)
                              [N12:Z] [undefined] 61 119 255 176 (1031274416)
                              [N12:Z] MOTOR_I 0 5 (5)
2026-04-21 16:13:43:476 [IN ] C8 24 0C 0A 01 31 05 E6 3D 77 FF B0 8C 6E CD C8 24 0C 15 25 A5 0C 01 31 03 CF 00 0E 1E D6 25 A5 0C 01 31 05 E6 3D 77 FF B0 C8 24 0C 1B B0 8C 6E 25 A5 0C 01 31 03 CF 00 08 18 D0 25 A5 0C 01 31 
05 E6 3D 77 FF B0 8C 6E FB (73)
                              [N12:Z] [undefined] 61 119 255 176 (1031274416)
                              [N12:Z] MOTOR_I 0 14 (14)
                              [N12:Z] [undefined] 61 119 255 176 (1031274416)
                              [N12:Z] MOTOR_I 0 8 (8)
                              [N12:Z] [undefined] 61 119 255 176 (1031274416)
2026-04-21 16:13:43:680 [IN ] C8 24 0C 18 25 A5 0C 01 31 03 CF 00 0A 1A D2 25 A5 0C 01 31 05 E6 3D 77 FF B0 8C 6E B0 C8 24 0C 18 25 A5 0C 01 31 03 CF 00 1B 2B E3 25 A5 0C 01 31 05 E6 3D 77 FF B0 8C 6E B0 (58)
                              [N12:Z] MOTOR_I 0 10 (10)
                              [N12:Z] [undefined] 61 119 255 176 (1031274416)
                              [N12:Z] MOTOR_I 0 27 (27)
                              [N12:Z] [undefined] 61 119 255 176 (1031274416)
2026-04-21 16:13:43:881 [IN ] C8 24 0C 18 25 A5 0C 01 31 03 CF 00 06 16 CE 25 A5 0C 01 31 05 E6 3D 77 FF B0 8C 6E B0 C8 24 0C 18 25 A5 0C 01 31 03 CF 00 07 17 CF 25 A5 0C 01 31 05 E6 3D 77 FF B0 8C 6E B0 (58)
                              [N12:Z] MOTOR_I 0 6 (6)
                              [N12:Z] [undefined] 61 119 255 176 (1031274416)
                              [N12:Z] MOTOR_I 0 7 (7)
                              [N12:Z] [undefined] 61 119 255 176 (1031274416)
2026-04-21 16:13:44:082 [IN ] C8 24 0C 18 25 A5 0C 01 31 03 CF 00 12 22 DA 25 A5 0C 01 31 05 E6 3D 77 FF B0 8C 6E B0 C8 24 0C 18 25 A5 0C 01 31 03 CF 00 07 17 CF 25 A5 0C 01 31 05 E6 3D 77 FF B0 8C 6E B0 (58)
                              [N12:Z] MOTOR_I 0 18 (18)
                              [N12:Z] [undefined] 61 119 255 176 (1031274416)
                              [N12:Z] MOTOR_I 0 7 (7)
                              [N12:Z] [undefined] 61 119 255 176 (1031274416)
2026-04-21 16:13:44:284 [IN ] C8 24 0C 18 25 A5 0C 01 31 03 CF 00 09 19 D1 25 A5 0C 01 31 05 E6 3D 77 FF B0 8C 6E B0 (29)
                              [N12:Z] MOTOR_I 0 9 (9)
                              [N12:Z] [undefined] 61 119 255 176 (1031274416)
2026-04-21 16:13:44:486 [IN ] C8 24 0C 18 25 A5 0C 01 31 03 CF 00 05 15 CD 25 A5 0C 01 31 05 E6 3D 77 FF B0 8C 6E B0 C8 24 0C 18 25 A5 0C 01 31 03 CF 00 07 17 CF 25 A5 0C 01 31 05 E6 3D 77 FF B0 8C 6E B0 C8 24 0C 0E 25 A5 
0C 01 31 03 CF 00 22 32 EA 25 A5 0C 01 (77)
                              [N12:Z] MOTOR_I 0 5 (5)
                              [N12:Z] [undefined] 61 119 255 176 (1031274416)
                              [N12:Z] MOTOR_I 0 7 (7)
                              [N12:Z] [undefined] 61 119 255 176 (1031274416)
                              [N12:Z] MOTOR_I 0 34 (34)
2026-04-21 16:13:44:688 [IN ] C8 24 0C 0A 01 31 05 E6 3D 77 FF B0 8C 6E EA C8 24 0C 18 25 A5 0C 01 31 03 CF 00 0B 1B D3 25 A5 0C 01 31 05 E6 3D 77 FF B0 8C 6E B0 C8 24 0C 18 25 A5 0C 01 31 03 CF 00 23 33 EB 25 A5 0C 01 31 
05 E6 3D 77 FF B0 8C 6E B0 (73)
                              [N12:Z] [undefined] 61 119 255 176 (1031274416)
                              [N12:Z] MOTOR_I 0 11 (11)
                              [N12:Z] [undefined] 61 119 255 176 (1031274416)
                              [N12:Z] MOTOR_I 0 35 (35)
                              [N12:Z] [undefined] 61 119 255 176 (1031274416)
2026-04-21 16:13:44:889 [IN ] C8 24 0C 18 25 A5 0C 01 31 03 CF 00 0C 1C D4 25 A5 0C 01 31 05 E6 3D 77 FF B0 8C 6E B0 C8 24 0C 18 25 A5 0C 01 31 03 CF 00 05 15 CD 25 A5 0C 01 31 05 E6 3D 77 FF B0 8C 6E B0 (58)
                              [N12:Z] MOTOR_I 0 12 (12)
                              [N12:Z] [undefined] 61 119 255 176 (1031274416)
                              [N12:Z] MOTOR_I 0 5 (5)
                              [N12:Z] [undefined] 61 119 255 176 (1031274416)
2026-04-21 16:13:45:090 [IN ] C8 24 0C 18 25 A5 0C 01 31 03 CF 00 0F 1F D7 25 A5 0C 01 31 05 E6 3D 77 FF B0 8C 6E B0 C8 24 0C 18 25 A5 0C 01 31 03 CF 00 13 23 DB 25 A5 0C 01 31 05 E6 3D 77 FF B0 8C 6E B0 (58)
                              [N12:Z] MOTOR_I 0 15 (15)
                              [N12:Z] [undefined] 61 119 255 176 (1031274416)
                              [N12:Z] MOTOR_I 0 19 (19)
                              [N12:Z] [undefined] 61 119 255 176 (1031274416)
2026-04-21 16:13:45:292 [IN ] C8 24 0C 18 25 A5 0C 01 31 03 CF 00 0E 1E D6 25 A5 0C 01 31 05 E6 3D 77 FF B0 8C 6E B0 (29)
                              [N12:Z] MOTOR_I 0 14 (14)
                              [N12:Z] [undefined] 61 119 255 176 (1031274416)
2026-04-21 16:13:45:495 [IN ] C8 24 0C 18 25 A5 0C 01 31 03 CF 00 15 25 DD 25 A5 0C 01 31 05 E6 3D 77 FF B0 8C 6E B0 C8 24 0C 18 25 A5 0C 01 31 03 CF 00 09 19 D1 25 A5 0C 01 31 05 E6 3D 77 FF B0 8C 6E B0 (58)
                              [N12:Z] MOTOR_I 0 21 (21)
                              [N12:Z] [undefined] 61 119 255 176 (1031274416)
                              [N12:Z] MOTOR_I 0 9 (9)
                              [N12:Z] [undefined] 61 119 255 176 (1031274416)
2026-04-21 16:13:45:697 [IN ] C8 24 0C 18 25 A5 0C 01 31 03 CF 00 0A 1A D2 25 A5 0C 01 31 05 E6 3D 77 FF B0 8C 6E B0 C8 24 0C 18 25 A5 0C 01 31 03 CF 00 11 21 D9 25 A5 0C 01 31 05 E6 3D 77 FF B0 8C 6E B0 C8 24 0C 0E 25 A5 
0C 01 31 03 CF 00 06 16 CE 25 A5 0C 01 C8 24 0C 0A 01 31 05 E6 3D 77 FF B0 8C 6E CE (92)
                              [N12:Z] MOTOR_I 0 10 (10)
                              [N12:Z] [undefined] 61 119 255 176 (1031274416)
                              [N12:Z] MOTOR_I 0 17 (17)
                              [N12:Z] [undefined] 61 119 255 176 (1031274416)
                              [N12:Z] MOTOR_I 0 6 (6)
                              [N12:Z] [undefined] 61 119 255 176 (1031274416)
2026-04-21 16:13:45:898 [IN ] C8 24 0C 18 25 A5 0C 01 31 03 CF 00 13 23 DB 25 A5 0C 01 31 05 E6 3D 77 FF B0 8C 6E B0 C8 24 0C 18 25 A5 0C 01 31 03 CF 00 09 19 D1 25 A5 0C 01 31 05 E6 3D 77 FF B0 8C 6E B0 (58)
                              [N12:Z] MOTOR_I 0 19 (19)
                              [N12:Z] [undefined] 61 119 255 176 (1031274416)
                              [N12:Z] MOTOR_I 0 9 (9)
                              [N12:Z] [undefined] 61 119 255 176 (1031274416)
2026-04-21 16:13:46:099 [IN ] C8 24 0C 18 25 A5 0C 01 31 03 CF 00 09 19 D1 25 A5 0C 01 31 05 E6 3D 77 FF B0 8C 6E B0 C8 24 0C 18 25 A5 0C 01 31 03 CF 00 0E 1E D6 25 A5 0C 01 31 05 E6 3D 77 FF B0 8C 6E B0 (58)
                              [N12:Z] MOTOR_I 0 9 (9)
                              [N12:Z] [undefined] 61 119 255 176 (1031274416)
                              [N12:Z] MOTOR_I 0 14 (14)
                              [N12:Z] [undefined] 61 119 255 176 (1031274416)
2026-04-21 16:13:46:301 [IN ] C8 24 0C 18 25 A5 0C 01 31 03 CF 00 0E 1E D6 25 A5 0C 01 31 05 E6 3D 77 FF B0 8C 6E B0 C8 24 0C 18 25 A5 0C 01 31 03 CF 00 09 19 D1 25 A5 0C 01 31 05 E6 3D 77 FF B0 8C 6E B0 (58)
                              [N12:Z] MOTOR_I 0 14 (14)
                              [N12:Z] [undefined] 61 119 255 176 (1031274416)
                              [N12:Z] MOTOR_I 0 9 (9)
                              [N12:Z] [undefined] 61 119 255 176 (1031274416)
2026-04-21 16:13:46:503 [IN ] C8 24 0C 18 25 A5 0C 01 31 03 CF 00 0E 1E D6 25 A5 0C 01 31 05 E6 3D 77 FF B0 8C 6E B0 (29)
                              [N12:Z] MOTOR_I 0 14 (14)
                              [N12:Z] [undefined] 61 119 255 176 (1031274416)
2026-04-21 16:13:46:704 [IN ] C8 24 0C 18 25 A5 0C 01 31 03 CF 00 06 16 CE 25 A5 0C 01 31 05 E6 3D 77 FF B0 8C 6E B0 C8 24 0C 18 25 A5 0C 01 31 03 CF 00 05 15 CD 25 A5 0C 01 31 05 E6 3D 77 FF B0 8C 6E B0 C8 24 0C 18 25 A5 
0C 01 31 03 CF 00 06 16 CE 25 A5 0C 01 31 05 E6 3D 77 FF B0 8C 6E B0 (87)
                              [N12:Z] MOTOR_I 0 6 (6)
                              [N12:Z] [undefined] 61 119 255 176 (1031274416)
                              [N12:Z] MOTOR_I 0 5 (5)
                              [N12:Z] [undefined] 61 119 255 176 (1031274416)
                              [N12:Z] MOTOR_I 0 6 (6)
                              [N12:Z] [undefined] 61 119 255 176 (1031274416)
2026-04-21 16:13:46:905 [IN ] C8 24 0C 18 25 A5 0C 01 31 03 CF 00 10 20 D8 25 A5 0C 01 31 05 E6 3D 77 FF B0 8C 6E B0 C8 24 05 0E 25 A5 05 01 31 06 81 45 00 19 85 9A 3B 3B 01 C8 24 0C 0E 25 A5 0C 01 31 03 CF 00 06 16 CE 25 
A5 0C 01 (67)
                              [N12:Z] MOTOR_I 0 16 (16)
                              [N12:Z] [undefined] 61 119 255 176 (1031274416)
                              [N5:V] TPOS 'E' 0 25 133 154 (1672602)
                              [N12:Z] MOTOR_I 0 6 (6)
2026-04-21 16:13:47:107 [IN ] C8 24 0C 0A 01 31 05 E6 3D 77 FF B0 8C 6E CE C8 24 0C 18 25 A5 0C 01 31 03 CF 00 0B 1B D3 25 A5 0C 01 31 05 E6 3D 77 FF B0 8C 6E B0 C8 24 0C 18 25 A5 0C 01 31 03 CF 00 15 25 DD 25 A5 0C 01 31 
05 E6 3D 77 FF B0 8C 6E B0 (73)
                              [N12:Z] [undefined] 61 119 255 176 (1031274416)
                              [N12:Z] MOTOR_I 0 11 (11)
                              [N12:Z] [undefined] 61 119 255 176 (1031274416)
                              [N12:Z] MOTOR_I 0 21 (21)
                              [N12:Z] [undefined] 61 119 255 176 (1031274416)
2026-04-21 16:13:47:309 [IN ] C8 24 0C 18 25 A5 0C 01 31 03 CF 00 1A 2A E2 25 A5 0C 01 31 05 E6 3D 77 FF B0 8C 6E B0 C8 24 0C 18 25 A5 0C 01 31 03 CF 00 14 24 DC 25 A5 0C 01 31 05 E6 3D 77 FF B0 8C 6E B0 (58)
                              [N12:Z] MOTOR_I 0 26 (26)
                              [N12:Z] [undefined] 61 119 255 176 (1031274416)
                              [N12:Z] MOTOR_I 0 20 (20)
                              [N12:Z] [undefined] 61 119 255 176 (1031274416)
2026-04-21 16:13:47:330 [OUT] 25 A5 01 05 31 05 81 00 0C A2 C9 34 5C (13)
                              [N5:V] TPOS 0 12 162 201 (828105)
2026-04-21 16:13:47:414 [IN ] C8 24 0C 18 25 A5 0C 01 31 03 CF 00 15 25 DD 25 A5 0C 01 31 05 E6 3D 77 FF B0 8C 6E B0 (29)
                              [N12:Z] MOTOR_I 0 21 (21)
                              [N12:Z] [undefined] 61 119 255 176 (1031274416)
2026-04-21 16:13:47:499 [IN ] C8 24 05 0E 25 A5 05 01 31 06 81 53 00 19 85 9A 49 81 01 C8 24 0C 18 25 A5 0C 01 31 03 CF 00 (31)
                              [N5:V] TPOS 'S' 0 25 133 154 (1672602)
2026-04-21 16:13:47:701 [IN ] 09 19 D1 25 A5 0C 01 31 05 E6 3D 77 FF B0 8C 6E B0 C8 24 0C 18 25 A5 0C 01 31 03 CF 00 06 16 CE 25 A5 0C 01 31 05 E6 3D 77 FF B0 8C 6E B0 (46)
                              [N12:Z] MOTOR_I 0 9 (9)
                              [N12:Z] [undefined] 61 119 255 176 (1031274416)
                              [N12:Z] MOTOR_I 0 6 (6)
                              [N12:Z] [undefined] 61 119 255 176 (1031274416)
2026-04-21 16:13:47:902 [IN ] C8 24 0C 18 25 A5 0C 01 31 03 CF 00 17 27 DF 25 A5 0C 01 31 05 E6 3D 77 FF B0 8C 6E B0 C8 24 0C 18 25 A5 0C 01 31 03 CF 00 18 28 E0 25 A5 0C 01 31 05 E6 3D 77 FF B0 8C 6E B0 (58)
                              [N12:Z] MOTOR_I 0 23 (23)
                              [N12:Z] [undefined] 61 119 255 176 (1031274416)
                              [N12:Z] MOTOR_I 0 24 (24)
                              [N12:Z] [undefined] 61 119 255 176 (1031274416)
2026-04-21 16:13:48:104 [IN ] C8 24 0C 18 25 A5 0C 01 31 03 CF 00 0B 1B D3 25 A5 0C 01 31 05 E6 3D 77 FF B0 8C 6E B0 C8 24 0C 18 25 A5 0C 01 31 03 CF 00 15 25 DD 25 A5 0C 01 31 05 E6 3D 77 FF B0 8C 6E B0 (58)
                              [N12:Z] MOTOR_I 0 11 (11)
                              [N12:Z] [undefined] 61 119 255 176 (1031274416)
                              [N12:Z] MOTOR_I 0 21 (21)
                              [N12:Z] [undefined] 61 119 255 176 (1031274416)
2026-04-21 16:13:48:307 [IN ] C8 24 0C 0E 25 A5 0C 01 31 03 CF 00 17 27 DF 25 A5 0C 01 C8 24 0C 0A 01 31 05 E6 3D 77 FF B0 8C 6E DF C8 24 0C 18 25 A5 0C 01 31 03 CF 00 12 22 DA 25 A5 0C 01 31 05 E6 3D 77 FF B0 8C 6E B0 (63)
                              [N12:Z] MOTOR_I 0 23 (23)
                              [N12:Z] [undefined] 61 119 255 176 (1031274416)
                              [N12:Z] MOTOR_I 0 18 (18)
                              [N12:Z] [undefined] 61 119 255 176 (1031274416)
2026-04-21 16:13:48:509 [IN ] C8 24 0C 18 25 A5 0C 01 31 03 CF 00 18 28 E0 25 A5 0C 01 31 05 E6 3D 77 FF B0 8C 6E B0 C8 24 0C 18 25 A5 0C 01 31 03 CF 00 0B 1B D3 25 A5 0C 01 31 05 E6 3D 77 FF B0 8C 6E B0 C8 24 0C 18 25 A5 
0C 01 31 03 CF 00 00 10 C8 25 A5 0C 01 31 05 E6 3D 77 00 00 DD C0 B0 (87)
                              [N12:Z] MOTOR_I 0 24 (24)
                              [N12:Z] [undefined] 61 119 255 176 (1031274416)
                              [N12:Z] MOTOR_I 0 11 (11)
                              [N12:Z] [undefined] 61 119 255 176 (1031274416)
                              [N12:Z] MOTOR_I 0 0 (0)
                              [N12:Z] [undefined] 61 119 0 0 (1031208960)
2026-04-21 16:13:48:711 [IN ] C8 24 0C 0E 25 A5 0C 01 31 06 81 45 FF BC CD AC 3E 08 01 C8 24 0C 18 25 A5 0C 01 31 03 CF 00 00 10 C8 25 A5 0C 01 31 05 E6 3D 77 00 00 DD C0 B0 (48)
                              [N12:Z] TPOS 'E' 255 188 205 172 (-4403796)
                              [N12:Z] MOTOR_I 0 0 (0)
                              [N12:Z] [undefined] 61 119 0 0 (1031208960)
2026-04-21 16:13:48:913 [IN ] C8 24 0C 18 25 A5 0C 01 31 03 CF 00 00 10 C8 25 A5 0C 01 31 05 E6 3D 77 00 00 DD C0 B0 C8 24 0C 18 25 A5 0C 01 31 03 CF 00 00 10 C8 25 A5 0C 01 31 05 E6 3D 77 00 00 DD C0 B0 (58)
                              [N12:Z] MOTOR_I 0 0 (0)
                              [N12:Z] [undefined] 61 119 0 0 (1031208960)
                              [N12:Z] MOTOR_I 0 0 (0)
                              [N12:Z] [undefined] 61 119 0 0 (1031208960)
2026-04-21 16:13:49:115 [IN ] C8 24 0C 18 25 A5 0C 01 31 03 CF 00 00 10 C8 25 A5 0C 01 31 05 E6 3D 77 00 00 DD C0 B0 C8 24 0C 18 25 A5 0C 01 31 03 CF 00 00 10 C8 25 A5 0C 01 31 05 E6 3D 77 00 00 DD C0 B0 (58)
                              [N12:Z] MOTOR_I 0 0 (0)
                              [N12:Z] [undefined] 61 119 0 0 (1031208960)
                              [N12:Z] MOTOR_I 0 0 (0)
                              [N12:Z] [undefined] 61 119 0 0 (1031208960)
2026-04-21 16:13:49:137 [OUT] 25 A5 01 0C 31 05 81 FF D7 8D 9A C1 98 (13)
                              [N12:Z] TPOS 255 215 141 154 (-2650726)
2026-04-21 16:13:49:138 [IN ] C8 24 0C 18 25 A5 0C 01 31 03 CF 00 00 10 C8 25 A5 0C 01 31 05 E6 3D 77 00 00 DD C0 B0 (29)
                              [N12:Z] MOTOR_I 0 0 (0)
                              [N12:Z] [undefined] 61 119 0 0 (1031208960)
2026-04-21 16:13:49:242 [IN ] C8 24 0C 18 25 A5 0C 01 31 03 CF 00 00 10 C8 25 A5 0C 01 31 05 E6 3D 77 00 00 DD C0 B0 (29)
                              [N12:Z] MOTOR_I 0 0 (0)
                              [N12:Z] [undefined] 61 119 0 0 (1031208960)
2026-04-21 16:13:49:305 [IN ] C8 24 0C 1C 25 A5 0C 01 (8)
2026-04-21 16:13:49:327 [IN ] 31 06 81 53 FF BC CD AE 4E 50 25 A5 0C 01 31 03 CF 00 4E 5E 16 25 A5 0C 25 (25)
                              [N12:Z] TPOS 'S' 255 188 205 174 (-4403794)
                              [N12:Z] MOTOR_I 0 78 (78)
2026-04-21 16:13:49:528 [IN ] C8 24 0C 0A 01 31 05 E6 3D 77 00 50 2D 10 CD C8 24 0C 18 25 A5 0C 01 31 03 CF 00 07 17 CF 25 A5 0C 01 31 05 E6 3D 77 00 50 2D 10 16 C8 24 0C 18 25 A5 0C 01 31 03 CF 00 0D 1D D5 25 A5 0C 01 31 
05 E6 3D 77 00 50 2D 10 16 (73)
                              [N12:Z] [undefined] 61 119 0 80 (1031209040)
                              [N12:Z] MOTOR_I 0 7 (7)
                              [N12:Z] [undefined] 61 119 0 80 (1031209040)
                              [N12:Z] MOTOR_I 0 13 (13)
                              [N12:Z] [undefined] 61 119 0 80 (1031209040)
2026-04-21 16:13:49:730 [IN ] C8 24 0C 18 25 A5 0C 01 31 03 CF 00 16 26 DE 25 A5 0C 01 31 05 E6 3D 77 00 50 2D 10 16 C8 24 0C 18 25 A5 0C 01 31 03 CF 00 0E 1E D6 25 A5 0C 01 31 05 E6 3D 77 00 50 2D 10 16 (58)
                              [N12:Z] MOTOR_I 0 22 (22)
                              [N12:Z] [undefined] 61 119 0 80 (1031209040)
                              [N12:Z] MOTOR_I 0 14 (14)
                              [N12:Z] [undefined] 61 119 0 80 (1031209040)
2026-04-21 16:13:49:931 [IN ] C8 24 0C 18 25 A5 0C 01 31 03 CF 00 11 21 D9 25 A5 0C 01 31 05 E6 3D 77 00 50 2D 10 16 C8 24 0C 18 25 A5 0C 01 31 03 CF 00 0D 1D D5 25 A5 0C 01 31 05 E6 3D 77 00 50 2D 10 16 (58)
                              [N12:Z] MOTOR_I 0 17 (17)
                              [N12:Z] [undefined] 61 119 0 80 (1031209040)
                              [N12:Z] MOTOR_I 0 13 (13)
                              [N12:Z] [undefined] 61 119 0 80 (1031209040)
2026-04-21 16:13:50:132 [IN ] C8 24 0C 18 25 A5 0C 01 31 03 CF 00 07 17 CF 25 A5 0C 01 31 05 E6 3D 77 00 50 2D 10 16 (29)
                              [N12:Z] MOTOR_I 0 7 (7)
                              [N12:Z] [undefined] 61 119 0 80 (1031209040)
2026-04-21 16:13:50:334 [IN ] C8 24 0C 18 25 A5 0C 01 31 03 CF 00 0E 1E D6 25 A5 0C 01 31 05 E6 3D 77 00 50 2D 10 16 C8 24 0C 18 25 A5 0C 01 31 03 CF 00 04 14 CC 25 A5 0C 01 31 05 E6 3D 77 00 50 2D 10 16 C8 24 0C 18 25 A5 
0C 01 31 03 CF 00 04 14 CC (73)
                              [N12:Z] MOTOR_I 0 14 (14)
                              [N12:Z] [undefined] 61 119 0 80 (1031209040)
                              [N12:Z] MOTOR_I 0 4 (4)
                              [N12:Z] [undefined] 61 119 0 80 (1031209040)
2026-04-21 16:13:50:536 [IN ] 25 A5 0C 01 31 05 E6 3D 77 00 50 2D 10 16 C8 24 0C 18 25 A5 0C 01 31 03 CF 00 0E 1E D6 25 A5 0C 01 31 05 E6 3D 77 00 50 2D 10 16 C8 24 0C 0E 25 A5 0C 01 31 03 CF 00 08 18 D0 25 A5 0C 01 C8 24 
0C 0A 01 31 05 E6 3D 77 00 50 2D 10 D0 (77)
                              [N12:Z] MOTOR_I 0 4 (4)
                              [N12:Z] [undefined] 61 119 0 80 (1031209040)
                              [N12:Z] MOTOR_I 0 14 (14)
                              [N12:Z] [undefined] 61 119 0 80 (1031209040)
                              [N12:Z] MOTOR_I 0 8 (8)
                              [N12:Z] [undefined] 61 119 0 80 (1031209040)
2026-04-21 16:13:50:737 [IN ] C8 24 0C 15 25 A5 0C 01 31 03 CF 00 02 12 CA 25 A5 0C 01 31 05 E6 3D 77 00 50 C8 24 0C 1B 50 2D 10 25 A5 0C 01 31 03 CF 00 02 12 CA 25 A5 0C 01 31 05 E6 3D 77 00 50 2D 10 0C (58)
                              [N12:Z] MOTOR_I 0 2 (2)
                              [N12:Z] [undefined] 61 119 0 80 (1031209040)
                              [N12:Z] MOTOR_I 0 2 (2)
                              [N12:Z] [undefined] 61 119 0 80 (1031209040)
2026-04-21 16:13:50:939 [IN ] C8 24 0C 18 25 A5 0C 01 31 03 CF 00 0F 1F D7 25 A5 0C 01 31 05 E6 3D 77 00 50 2D 10 50 C8 24 0C 18 25 A5 0C 01 31 03 CF 00 09 19 D1 25 A5 0C 01 31 05 E6 3D 77 00 50 2D 10 50 (58)
                              [N12:Z] MOTOR_I 0 15 (15)
                              [N12:Z] [undefined] 61 119 0 80 (1031209040)
                              [N12:Z] MOTOR_I 0 9 (9)
                              [N12:Z] [undefined] 61 119 0 80 (1031209040)
2026-04-21 16:13:51:139 [IN ] C8 24 0C 18 25 A5 0C 01 31 03 CF 00 06 16 CE 25 A5 0C 01 31 05 E6 3D 77 00 50 2D 10 50 (29)
                              [N12:Z] MOTOR_I 0 6 (6)
                              [N12:Z] [undefined] 61 119 0 80 (1031209040)
2026-04-21 16:13:51:340 [IN ] C8 24 0C 18 25 A5 0C 01 31 03 CF 00 03 13 CB 25 A5 0C 01 31 05 E6 3D 77 00 50 2D 10 50 C8 24 0C 18 25 A5 0C 01 31 03 CF 00 0F 1F D7 25 A5 0C 01 31 05 E6 3D 77 00 50 2D 10 50 C8 24 0C 18 25 A5 
0C 01 31 03 CF 00 0B 1B D3 25 A5 0C 01 31 05 E6 3D 77 00 50 2D 10 50 (87)
                              [N12:Z] MOTOR_I 0 3 (3)
                              [N12:Z] [undefined] 61 119 0 80 (1031209040)
                              [N12:Z] MOTOR_I 0 15 (15)
                              [N12:Z] [undefined] 61 119 0 80 (1031209040)
                              [N12:Z] MOTOR_I 0 11 (11)
                              [N12:Z] [undefined] 61 119 0 80 (1031209040)
2026-04-21 16:13:51:543 [IN ] C8 24 0C 18 25 A5 0C 01 31 03 CF 00 09 19 D1 25 A5 0C 01 31 05 E6 3D 77 00 50 2D 10 50 C8 24 0C 18 25 A5 0C 01 31 03 CF 00 06 16 CE 25 A5 0C 01 31 05 E6 3D 77 00 50 2D 10 50 (58)
                              [N12:Z] MOTOR_I 0 9 (9)
                              [N12:Z] [undefined] 61 119 0 80 (1031209040)
                              [N12:Z] MOTOR_I 0 6 (6)
                              [N12:Z] [undefined] 61 119 0 80 (1031209040)
2026-04-21 16:13:51:745 [IN ] C8 24 0C 18 25 A5 0C 01 31 03 CF 00 03 13 CB 25 A5 0C 01 31 05 E6 3D 77 00 50 2D 10 50 C8 24 0C 0E 25 A5 0C 01 31 03 CF 00 13 23 DB 25 A5 0C 01 (48)
                              [N12:Z] MOTOR_I 0 3 (3)
                              [N12:Z] [undefined] 61 119 0 80 (1031209040)
                              [N12:Z] MOTOR_I 0 19 (19)
2026-04-21 16:13:51:946 [IN ] C8 24 0C 0A 01 31 05 E6 3D 77 00 50 2D 10 DB C8 24 0C 15 25 A5 0C 01 31 03 CF 00 03 13 CB 25 A5 0C 01 31 05 E6 3D 77 00 50 C8 24 0C 1B 50 2D 10 25 A5 0C 01 31 03 CF 00 05 15 CD 25 A5 0C 01 31 
05 E6 3D 77 00 50 2D 10 0C (73)
                              [N12:Z] [undefined] 61 119 0 80 (1031209040)
                              [N12:Z] MOTOR_I 0 3 (3)
                              [N12:Z] [undefined] 61 119 0 80 (1031209040)
                              [N12:Z] MOTOR_I 0 5 (5)
                              [N12:Z] [undefined] 61 119 0 80 (1031209040)
2026-04-21 16:13:52:148 [IN ] C8 24 0C 18 25 A5 0C 01 31 03 CF 00 15 25 DD 25 A5 0C 01 31 05 E6 3D 77 00 50 2D 10 50 C8 24 0C 18 25 A5 0C 01 31 03 CF (40)
                              [N12:Z] MOTOR_I 0 21 (21)
                              [N12:Z] [undefined] 61 119 0 80 (1031209040)
2026-04-21 16:13:52:349 [IN ] 00 0B 1B D3 25 A5 0C 01 31 05 E6 3D 77 00 50 2D 10 50 C8 24 0C 18 25 A5 0C 01 31 03 CF 00 08 18 D0 25 A5 0C 01 31 05 E6 3D 77 00 50 2D 10 50 C8 24 0C 18 25 A5 0C 01 31 03 CF 00 13 23 DB 25 A5 
0C 01 31 05 E6 3D 77 00 50 2D 10 50 (76)
                              [N12:Z] MOTOR_I 0 11 (11)
                              [N12:Z] [undefined] 61 119 0 80 (1031209040)
                              [N12:Z] MOTOR_I 0 8 (8)
                              [N12:Z] [undefined] 61 119 0 80 (1031209040)
                              [N12:Z] MOTOR_I 0 19 (19)
                              [N12:Z] [undefined] 61 119 0 80 (1031209040)
2026-04-21 16:13:52:551 [IN ] C8 24 0C 18 25 A5 0C 01 31 03 CF 00 04 14 CC 25 A5 0C 01 31 05 E6 3D 77 00 50 2D 10 50 C8 24 0C 18 25 A5 0C 01 31 03 CF 00 12 22 DA 25 A5 0C 01 31 05 E6 3D 77 00 50 2D 10 50 (58)
                              [N12:Z] MOTOR_I 0 4 (4)
                              [N12:Z] [undefined] 61 119 0 80 (1031209040)
                              [N12:Z] MOTOR_I 0 18 (18)
                              [N12:Z] [undefined] 61 119 0 80 (1031209040)
2026-04-21 16:13:52:753 [IN ] C8 24 0C 18 25 A5 0C 01 31 03 CF 00 16 26 DE 25 A5 0C 01 31 05 E6 3D 77 00 50 2D 10 50 (29)
                              [N12:Z] MOTOR_I 0 22 (22)
                              [N12:Z] [undefined] 61 119 0 80 (1031209040)
2026-04-21 16:13:52:954 [IN ] C8 24 0C 18 25 A5 0C 01 31 03 CF 00 0D 1D D5 25 A5 0C 01 31 05 E6 3D 77 00 50 2D 10 50 C8 24 0C 18 25 A5 0C 01 31 03 CF 00 15 25 DD 25 A5 0C 01 31 05 E6 3D 77 00 50 2D 10 50 C8 24 0C 0E 25 A5 
0C 01 31 03 CF 00 08 18 D0 25 A5 0C 01 (77)
                              [N12:Z] MOTOR_I 0 13 (13)
                              [N12:Z] [undefined] 61 119 0 80 (1031209040)
                              [N12:Z] MOTOR_I 0 21 (21)
                              [N12:Z] [undefined] 61 119 0 80 (1031209040)
                              [N12:Z] MOTOR_I 0 8 (8)
2026-04-21 16:13:53:157 [IN ] C8 24 0C 0A 01 31 05 E6 3D 77 00 50 2D 10 D0 C8 24 0C 15 25 A5 0C 01 31 03 CF 00 11 21 D9 25 A5 0C 01 31 05 E6 3D 77 00 50 C8 24 05 0E 25 A5 05 01 31 06 81 45 00 0C A1 C6 76 78 01 C8 24 0C 1B 
50 2D 10 25 A5 0C 01 31 03 CF 00 19 29 E1 25 A5 0C 01 31 05 E6 3D 77 00 50 2D 10 0C (92)
                              [N12:Z] [undefined] 61 119 0 80 (1031209040)
                              [N12:Z] MOTOR_I 0 17 (17)
                              [N5:V] TPOS 'E' 0 12 161 198 (827846)
                              [N12:Z] [undefined] 61 119 0 80 (1031209040)
                              [N12:Z] MOTOR_I 0 25 (25)
                              [N12:Z] [undefined] 61 119 0 80 (1031209040)
2026-04-21 16:13:53:360 [IN ] C8 24 0C 18 25 A5 0C 01 31 03 CF 00 0A 1A D2 25 A5 0C 01 31 05 E6 3D 77 00 50 2D 10 50 C8 24 0C 18 25 A5 0C 01 31 03 CF 00 00 10 C8 25 A5 0C 01 31 05 E6 3D 77 00 50 2D 10 50 (58)
                              [N12:Z] MOTOR_I 0 10 (10)
                              [N12:Z] [undefined] 61 119 0 80 (1031209040)
                              [N12:Z] MOTOR_I 0 0 (0)
                              [N12:Z] [undefined] 61 119 0 80 (1031209040)
2026-04-21 16:13:53:381 [OUT] 25 A5 01 03 31 05 81 FF EE E2 8B 15 30 (13)
                              [N3:X] TPOS 255 238 226 139 (-1121653)
2026-04-21 16:13:53:404 [OUT] 25 A5 01 04 31 05 81 FF F4 06 F0 A5 F7 (13)
                              [N4:Y] TPOS 255 244 6 240 (-784656)
2026-04-21 16:13:53:468 [IN ] C8 24 0C 18 25 A5 0C 01 31 03 CF 00 04 14 CC 25 A5 0C 01 31 05 E6 3D 77 00 50 2D 10 50 (29)
                              [N12:Z] MOTOR_I 0 4 (4)
                              [N12:Z] [undefined] 61 119 0 80 (1031209040)
2026-04-21 16:13:53:574 [IN ] C8 24 0C 18 25 A5 0C 01 31 03 CF 00 06 16 CE 25 A5 0C 01 31 05 E6 3D 77 00 50 2D 10 50 C8 24 03 0E 25 A5 03 01 31 06 81 53 FF FD 50 55 B0 66 01 (48)
                              [N12:Z] MOTOR_I 0 6 (6)
                              [N12:Z] [undefined] 61 119 0 80 (1031209040)
                              [N3:X] TPOS 'S' 255 253 80 85 (-176043)
2026-04-21 16:13:53:659 [IN ] C8 24 0C 18 25 A5 0C 01 31 03 CF 00 03 13 CB 25 A5 0C 01 31 05 E6 3D 77 00 50 2D 10 50 (29)
                              [N12:Z] MOTOR_I 0 3 (3)
                              [N12:Z] [undefined] 61 119 0 80 (1031209040)
2026-04-21 16:13:53:702 [IN ] C8 24 04 0E 25 A5 04 01 31 06 81 53 FF FD 4F 92 ED AB 01 (19)
                              [N4:Y] TPOS 'S' 255 253 79 146 (-176238)
2026-04-21 16:13:53:904 [IN ] C8 24 0C 18 25 A5 0C 01 31 03 CF 00 03 13 CB 25 A5 0C 01 31 05 E6 3D 77 00 50 2D 10 50 C8 24 0C 18 25 A5 0C 01 31 03 CF 00 08 18 D0 25 A5 0C 01 31 05 E6 3D 77 00 50 2D 10 50 (58)
                              [N12:Z] MOTOR_I 0 3 (3)
                              [N12:Z] [undefined] 61 119 0 80 (1031209040)
                              [N12:Z] MOTOR_I 0 8 (8)
                              [N12:Z] [undefined] 61 119 0 80 (1031209040)
2026-04-21 16:13:54:107 [IN ] C8 24 0C 18 25 A5 0C 01 31 03 CF 00 0E 1E D6 25 A5 0C 01 31 05 E6 3D 77 00 50 2D 10 50 C8 24 0C 18 25 A5 0C 01 31 03 CF 00 05 15 CD 25 A5 0C 01 31 05 E6 3D 77 00 50 2D 10 50 (58)
                              [N12:Z] MOTOR_I 0 14 (14)
                              [N12:Z] [undefined] 61 119 0 80 (1031209040)
                              [N12:Z] MOTOR_I 0 5 (5)
                              [N12:Z] [undefined] 61 119 0 80 (1031209040)
2026-04-21 16:13:54:309 [IN ] C8 24 0C 0E 25 A5 0C 01 31 03 CF 00 0A 1A D2 25 A5 0C 01 C8 24 0C 0A 01 31 05 E6 3D 77 00 50 2D 10 D2 C8 24 0C 18 25 A5 0C 01 31 03 CF 00 12 22 DA 25 A5 0C 01 31 05 E6 3D 77 00 50 2D 10 50 (63)
                              [N12:Z] MOTOR_I 0 10 (10)
                              [N12:Z] [undefined] 61 119 0 80 (1031209040)
                              [N12:Z] MOTOR_I 0 18 (18)
                              [N12:Z] [undefined] 61 119 0 80 (1031209040)
2026-04-21 16:13:54:510 [IN ] C8 24 0C 18 25 A5 0C 01 31 03 CF 00 15 25 DD 25 A5 0C 01 31 05 E6 3D 77 00 50 2D 10 50 C8 24 0C 18 25 A5 0C 01 31 03 CF 00 07 17 CF 25 A5 0C 01 31 05 E6 3D 77 00 50 2D 10 50 (58)
                              [N12:Z] MOTOR_I 0 21 (21)
                              [N12:Z] [undefined] 61 119 0 80 (1031209040)
                              [N12:Z] MOTOR_I 0 7 (7)
                              [N12:Z] [undefined] 61 119 0 80 (1031209040)
2026-04-21 16:13:54:711 [IN ] C8 24 0C 18 25 A5 0C 01 31 03 CF 00 08 18 D0 25 A5 0C 01 31 05 E6 3D 77 00 50 2D 10 50 C8 24 0C 18 25 A5 0C 01 31 03 CF 00 0A 1A D2 25 A5 0C 01 31 05 E6 3D 77 00 50 2D 10 50 (58)
                              [N12:Z] MOTOR_I 0 8 (8)
                              [N12:Z] [undefined] 61 119 0 80 (1031209040)
                              [N12:Z] MOTOR_I 0 10 (10)
                              [N12:Z] [undefined] 61 119 0 80 (1031209040)
2026-04-21 16:13:54:913 [IN ] C8 24 0C 18 25 A5 0C 01 31 03 CF 00 03 13 CB 25 A5 0C 01 31 05 E6 3D 77 00 50 2D 10 50 C8 24 0C 18 25 A5 0C 01 31 03 CF 00 13 23 DB 25 A5 0C 01 31 05 E6 3D 77 00 50 2D 10 50 (58)
                              [N12:Z] MOTOR_I 0 3 (3)
                              [N12:Z] [undefined] 61 119 0 80 (1031209040)
                              [N12:Z] MOTOR_I 0 19 (19)
                              [N12:Z] [undefined] 61 119 0 80 (1031209040)
2026-04-21 16:13:55:114 [IN ] C8 24 0C 18 25 A5 0C 01 31 03 CF 00 08 18 D0 25 A5 0C 01 31 05 E6 3D 77 00 50 2D 10 50 C8 24 08 0E 25 A5 08 01 31 06 81 45 FF DC 74 08 5D EA 01 C8 24 0C 18 25 A5 0C 01 31 03 CF 00 10 20 D8 25 
A5 0C 01 31 05 E6 3D 77 00 50 2D 10 50 (77)
                              [N12:Z] MOTOR_I 0 8 (8)
                              [N12:Z] [undefined] 61 119 0 80 (1031209040)
                              [N8:R] TPOS 'E' 255 220 116 8 (-2329592)
                              [N12:Z] MOTOR_I 0 16 (16)
                              [N12:Z] [undefined] 61 119 0 80 (1031209040)
2026-04-21 16:13:55:317 [IN ] C8 24 0C 18 25 A5 0C 01 31 03 CF 00 0F 1F D7 25 A5 0C 01 31 05 E6 3D 77 00 50 2D 10 50 C8 24 0C 18 25 A5 0C 01 31 03 CF 00 10 20 D8 25 A5 0C 01 31 05 E6 3D 77 00 50 2D 10 50 (58)
                              [N12:Z] MOTOR_I 0 15 (15)
                              [N12:Z] [undefined] 61 119 0 80 (1031209040)
                              [N12:Z] MOTOR_I 0 16 (16)
                              [N12:Z] [undefined] 61 119 0 80 (1031209040)
2026-04-21 16:13:55:517 [IN ] C8 24 0C 0E 25 A5 0C 01 31 03 CF 00 0A 1A D2 25 A5 0C 01 C8 24 0C 0A 01 31 05 E6 3D 77 00 50 2D 10 D2 C8 24 0C 18 25 A5 0C 01 31 03 CF 00 11 21 D9 25 A5 0C 01 31 05 E6 3D 77 00 50 2D 10 50 (63)
                              [N12:Z] MOTOR_I 0 10 (10)
                              [N12:Z] [undefined] 61 119 0 80 (1031209040)
                              [N12:Z] MOTOR_I 0 17 (17)
                              [N12:Z] [undefined] 61 119 0 80 (1031209040)
2026-04-21 16:13:55:539 [OUT] 25 A5 01 08 31 05 81 FF EE 15 56 18 89 (13)
                              [N8:R] TPOS 255 238 21 86 (-1174186)
2026-04-21 16:13:55:582 [IN ] C8 24 0C 18 25 A5 0C 01 31 03 CF 00 11 21 D9 25 A5 0C 01 31 05 E6 3D 77 00 50 2D 10 50 (29)
                              [N12:Z] MOTOR_I 0 17 (17)
                              [N12:Z] [undefined] 61 119 0 80 (1031209040)
2026-04-21 16:13:55:666 [IN ] C8 24 0C 18 25 A5 0C 01 31 03 CF 00 15 25 DD 25 A5 0C 01 31 05 E6 3D 77 00 50 2D 10 50 (29)
                              [N12:Z] MOTOR_I 0 21 (21)
                              [N12:Z] [undefined] 61 119 0 80 (1031209040)
2026-04-21 16:13:55:729 [IN ] C8 24 08 0E 25 A5 08 01 31 06 81 53 FF DC 74 0D 70 35 01 (19)
                              [N8:R] TPOS 'S' 255 220 116 13 (-2329587)
2026-04-21 16:13:55:930 [IN ] C8 24 0C 18 25 A5 0C 01 31 03 CF 00 10 20 D8 25 A5 0C 01 31 05 E6 3D 77 00 50 2D 10 50 C8 24 0C 18 25 A5 0C 01 31 03 CF 00 11 21 D9 25 A5 0C 01 31 05 E6 3D 77 00 50 2D 10 50 (58)
                              [N12:Z] MOTOR_I 0 16 (16)
                              [N12:Z] [undefined] 61 119 0 80 (1031209040)
                              [N12:Z] MOTOR_I 0 17 (17)
                              [N12:Z] [undefined] 61 119 0 80 (1031209040)
2026-04-21 16:13:56:132 [IN ] C8 24 0C 18 25 A5 0C 01 31 03 CF 00 10 20 D8 25 A5 0C 01 31 05 E6 3D 77 00 50 2D 10 50 C8 24 0C 18 25 A5 0C 01 31 03 CF 00 0C 1C D4 25 A5 0C 01 31 05 E6 3D 77 00 50 2D 10 50 (58)
                              [N12:Z] MOTOR_I 0 16 (16)
                              [N12:Z] [undefined] 61 119 0 80 (1031209040)
                              [N12:Z] MOTOR_I 0 12 (12)
                              [N12:Z] [undefined] 61 119 0 80 (1031209040)
2026-04-21 16:13:56:333 [IN ] C8 24 0C 18 25 A5 0C 01 31 03 CF 00 08 18 D0 25 A5 0C 01 31 05 E6 3D 77 00 50 2D 10 50 C8 24 0C 18 25 A5 0C 01 31 03 CF 00 12 22 DA 25 A5 0C 01 31 05 E6 3D 77 00 50 2D 10 50 (58)
                              [N12:Z] MOTOR_I 0 8 (8)
                              [N12:Z] [undefined] 61 119 0 80 (1031209040)
                              [N12:Z] MOTOR_I 0 18 (18)
                              [N12:Z] [undefined] 61 119 0 80 (1031209040)
2026-04-21 16:13:56:534 [IN ] C8 24 0C 18 25 A5 0C 01 31 03 CF 00 06 16 CE 25 A5 0C 01 31 05 E6 3D 77 00 50 2D 10 50 C8 24 0C 18 25 A5 0C 01 31 03 CF 00 0F 1F D7 25 A5 0C 01 31 05 E6 3D 77 00 50 2D 10 50 (58)
                              [N12:Z] MOTOR_I 0 6 (6)
                              [N12:Z] [undefined] 61 119 0 80 (1031209040)
                              [N12:Z] MOTOR_I 0 15 (15)
                              [N12:Z] [undefined] 61 119 0 80 (1031209040)
2026-04-21 16:13:56:735 [IN ] C8 24 0C 0E 25 A5 0C 01 31 03 CF 00 09 19 D1 25 A5 0C 01 C8 24 0C 0A 01 31 05 E6 3D 77 00 50 2D 10 D1 C8 24 0C 18 25 A5 0C 01 31 03 CF 00 10 20 D8 25 A5 0C 01 31 05 E6 3D 77 00 50 2D 10 50 (63)
                              [N12:Z] MOTOR_I 0 9 (9)
                              [N12:Z] [undefined] 61 119 0 80 (1031209040)
                              [N12:Z] MOTOR_I 0 16 (16)
                              [N12:Z] [undefined] 61 119 0 80 (1031209040)
2026-04-21 16:13:56:937 [IN ] C8 24 0C 18 25 A5 0C 01 31 03 CF 00 21 31 E9 25 A5 0C 01 31 05 E6 3D 77 00 50 2D 10 50 C8 24 04 0E 25 A5 04 01 31 06 81 45 FF F4 03 D2 CA F2 01 C8 24 0C 18 25 A5 0C 01 31 03 CF 00 10 20 D8 25 
A5 0C 01 31 05 E6 3D 77 00 50 2D 10 50 (77)
                              [N12:Z] MOTOR_I 0 33 (33)
                              [N12:Z] [undefined] 61 119 0 80 (1031209040)
                              [N4:Y] TPOS 'E' 255 244 3 210 (-785454)
                              [N12:Z] MOTOR_I 0 16 (16)
                              [N12:Z] [undefined] 61 119 0 80 (1031209040)
2026-04-21 16:13:57:139 [IN ] C8 24 0C 18 25 A5 0C 01 31 03 CF 00 0E 1E D6 25 A5 0C 01 31 05 E6 3D 77 00 50 2D 10 50 C8 24 0C 18 25 A5 0C 01 31 03 CF 00 19 29 E1 25 A5 0C 01 31 05 E6 3D 77 00 50 2D 10 50 (58)
                              [N12:Z] MOTOR_I 0 14 (14)
                              [N12:Z] [undefined] 61 119 0 80 (1031209040)
                              [N12:Z] MOTOR_I 0 25 (25)
                              [N12:Z] [undefined] 61 119 0 80 (1031209040)
2026-04-21 16:13:57:340 [IN ] C8 24 0C 18 25 A5 0C 01 31 03 CF 00 1A 2A E2 25 A5 0C 01 31 05 E6 3D 77 00 50 2D 10 50 C8 24 0C 18 25 A5 0C 01 31 03 CF 00 0E 1E D6 25 A5 0C 01 31 05 E6 3D 77 00 50 2D 10 50 (58)
                              [N12:Z] MOTOR_I 0 26 (26)
                              [N12:Z] [undefined] 61 119 0 80 (1031209040)
                              [N12:Z] MOTOR_I 0 14 (14)
                              [N12:Z] [undefined] 61 119 0 80 (1031209040)
2026-04-21 16:13:57:542 [IN ] C8 24 0C 18 25 A5 0C 01 31 03 CF 00 08 18 D0 25 A5 0C 01 31 05 E6 3D 77 00 50 2D 10 50 C8 24 0C 18 25 A5 0C 01 31 03 CF 00 14 24 DC 25 A5 0C 01 31 05 E6 3D 77 00 50 2D 10 50 (58)
                              [N12:Z] MOTOR_I 0 8 (8)
                              [N12:Z] [undefined] 61 119 0 80 (1031209040)
                              [N12:Z] MOTOR_I 0 20 (20)
                              [N12:Z] [undefined] 61 119 0 80 (1031209040)
2026-04-21 16:13:57:743 [IN ] C8 24 0C 18 25 A5 0C 01 31 03 CF 00 0E 1E D6 25 A5 0C 01 31 05 E6 3D 77 00 50 2D 10 50 C8 24 0C 18 25 A5 0C 01 31 03 CF 00 0B 1B D3 25 A5 0C 01 31 05 E6 3D 77 00 50 2D 10 50 (58)
                              [N12:Z] MOTOR_I 0 14 (14)
                              [N12:Z] [undefined] 61 119 0 80 (1031209040)
                              [N12:Z] MOTOR_I 0 11 (11)
                              [N12:Z] [undefined] 61 119 0 80 (1031209040)
2026-04-21 16:13:57:945 [IN ] C8 24 0C 0E 25 A5 0C 01 31 03 CF 00 0C 1C D4 25 A5 0C 01 C8 24 0C 0A 01 31 05 E6 3D 77 00 50 2D 10 D4 C8 24 0C 18 25 A5 0C 01 31 03 CF 00 08 18 D0 25 A5 0C 01 31 05 E6 3D 77 00 50 2D 10 50 (63)
                              [N12:Z] MOTOR_I 0 12 (12)
                              [N12:Z] [undefined] 61 119 0 80 (1031209040)
                              [N12:Z] MOTOR_I 0 8 (8)
                              [N12:Z] [undefined] 61 119 0 80 (1031209040)
2026-04-21 16:13:58:147 [IN ] C8 24 0C 18 25 A5 0C 01 31 03 CF 00 0B 1B D3 25 A5 0C 01 31 05 E6 3D 77 00 50 2D 10 50 C8 24 0C 18 25 A5 0C 01 31 03 CF 00 14 24 DC 25 A5 0C 01 31 05 E6 3D 77 00 50 2D 10 50 (58)
                              [N12:Z] MOTOR_I 0 11 (11)
                              [N12:Z] [undefined] 61 119 0 80 (1031209040)
                              [N12:Z] MOTOR_I 0 20 (20)
                              [N12:Z] [undefined] 61 119 0 80 (1031209040)
2026-04-21 16:13:58:348 [IN ] C8 24 0C 18 25 A5 0C 01 31 03 CF 00 00 10 C8 25 A5 0C 01 31 05 E6 3D 77 00 00 DD C0 50 C8 24 0C 0E 25 A5 0C 01 31 06 81 45 FF D7 8F AA 19 DB 01 C8 24 0C 18 25 A5 0C 01 31 03 CF 00 00 10 C8 25 
A5 0C 01 31 05 E6 3D 77 00 00 DD C0 50 (77)
                              [N12:Z] MOTOR_I 0 0 (0)
                              [N12:Z] [undefined] 61 119 0 0 (1031208960)
                              [N12:Z] TPOS 'E' 255 215 143 170 (-2650198)
                              [N12:Z] MOTOR_I 0 0 (0)
                              [N12:Z] [undefined] 61 119 0 0 (1031208960)
2026-04-21 16:13:58:549 [IN ] C8 24 0C 18 25 A5 0C 01 31 03 CF 00 00 10 C8 25 A5 0C 01 31 05 E6 3D 77 00 00 DD C0 50 C8 24 0C 18 25 A5 0C 01 31 03 CF 00 00 10 C8 25 A5 0C 01 31 05 E6 3D 77 00 00 DD C0 50 (58)
                              [N12:Z] MOTOR_I 0 0 (0)
                              [N12:Z] [undefined] 61 119 0 0 (1031208960)
                              [N12:Z] MOTOR_I 0 0 (0)
                              [N12:Z] [undefined] 61 119 0 0 (1031208960)
2026-04-21 16:13:58:751 [IN ] C8 24 0C 18 25 A5 0C 01 31 03 CF 00 00 10 C8 25 A5 0C 01 31 05 E6 3D 77 00 00 DD C0 50 C8 24 03 0E 25 A5 03 01 31 06 81 45 FF EE E0 61 2F 1F 01 C8 24 0C 18 25 A5 0C 01 31 03 CF 00 00 10 C8 25 
A5 0C 01 31 05 E6 3D 77 00 00 DD C0 50 (77)
                              [N12:Z] MOTOR_I 0 0 (0)
                              [N12:Z] [undefined] 61 119 0 0 (1031208960)
                              [N3:X] TPOS 'E' 255 238 224 97 (-1122207)
                              [N12:Z] MOTOR_I 0 0 (0)
                              [N12:Z] [undefined] 61 119 0 0 (1031208960)
2026-04-21 16:13:58:954 [IN ] C8 24 0C 18 25 A5 0C 01 31 03 CF 00 00 10 C8 25 A5 0C 01 31 05 E6 3D 77 00 00 DD C0 50 C8 24 0C 18 25 A5 0C 01 31 03 CF 00 00 10 C8 25 A5 0C 01 31 05 E6 3D 77 00 00 DD C0 50 (58)
                              [N12:Z] MOTOR_I 0 0 (0)
                              [N12:Z] [undefined] 61 119 0 0 (1031208960)
                              [N12:Z] MOTOR_I 0 0 (0)
                              [N12:Z] [undefined] 61 119 0 0 (1031208960)
2026-04-21 16:13:59:155 [IN ] C8 24 0C 0E 25 A5 0C 01 31 03 CF 00 00 10 C8 25 A5 0C 01 C8 24 0C 0A 01 31 05 E6 3D 77 00 00 DD C0 C8 C8 24 0C 18 25 A5 0C 01 31 03 CF 00 00 10 C8 25 A5 0C 01 31 05 E6 3D 77 00 00 DD C0 50 (63)
                              [N12:Z] MOTOR_I 0 0 (0)
                              [N12:Z] [undefined] 61 119 0 0 (1031208960)
                              [N12:Z] MOTOR_I 0 0 (0)
                              [N12:Z] [undefined] 61 119 0 0 (1031208960)
2026-04-21 16:13:59:357 [IN ] C8 24 0C 18 25 A5 0C 01 31 03 CF 00 00 10 C8 25 A5 0C 01 31 05 E6 3D 77 00 00 DD C0 50 C8 24 0C 18 25 A5 0C 01 31 03 CF 00 00 10 C8 25 A5 0C 01 31 05 E6 3D 77 00 00 DD C0 50 (58)
                              [N12:Z] MOTOR_I 0 0 (0)
                              [N12:Z] [undefined] 61 119 0 0 (1031208960)
                              [N12:Z] MOTOR_I 0 0 (0)
                              [N12:Z] [undefined] 61 119 0 0 (1031208960)
2026-04-21 16:13:59:558 [IN ] C8 24 0C 18 25 A5 0C 01 31 03 CF 00 00 10 C8 25 A5 0C 01 31 05 E6 3D 77 00 00 DD C0 50 C8 24 0C 18 25 A5 0C 01 31 03 CF 00 00 10 C8 25 A5 0C 01 31 05 E6 3D 77 00 00 DD C0 50 (58)
                              [N12:Z] MOTOR_I 0 0 (0)
                              [N12:Z] [undefined] 61 119 0 0 (1031208960)
                              [N12:Z] MOTOR_I 0 0 (0)
                              [N12:Z] [undefined] 61 119 0 0 (1031208960)
2026-04-21 16:13:59:760 [IN ] C8 24 0C 18 25 A5 0C 01 31 03 CF 00 00 10 C8 25 A5 0C 01 31 05 E6 3D 77 00 00 DD C0 50 C8 24 0C 18 25 A5 0C 01 31 03 CF 00 00 10 C8 25 A5 0C 01 31 05 E6 3D 77 00 00 DD C0 50 (58)
                              [N12:Z] MOTOR_I 0 0 (0)
                              [N12:Z] [undefined] 61 119 0 0 (1031208960)
                              [N12:Z] MOTOR_I 0 0 (0)
                              [N12:Z] [undefined] 61 119 0 0 (1031208960)
2026-04-21 16:13:59:962 [IN ] C8 24 0C 18 25 A5 0C 01 31 03 CF 00 00 10 C8 25 A5 0C 01 31 05 E6 3D 77 00 00 DD C0 50 C8 24 0C 18 25 A5 0C 01 31 03 CF 00 00 10 C8 25 A5 0C 01 31 05 E6 3D 77 00 00 DD C0 50 (58)
                              [N12:Z] MOTOR_I 0 0 (0)
                              [N12:Z] [undefined] 61 119 0 0 (1031208960)
                              [N12:Z] MOTOR_I 0 0 (0)
                              [N12:Z] [undefined] 61 119 0 0 (1031208960)
2026-04-21 16:14:00:164 [IN ] C8 24 0C 18 25 A5 0C 01 31 03 CF 00 00 10 C8 25 A5 0C 01 31 05 E6 3D 77 00 00 DD C0 50 C8 24 0C 18 25 A5 0C 01 31 03 CF 00 00 10 C8 25 A5 0C 01 31 05 E6 3D 77 00 00 DD C0 50 (58)
                              [N12:Z] MOTOR_I 0 0 (0)
                              [N12:Z] [undefined] 61 119 0 0 (1031208960)
                              [N12:Z] MOTOR_I 0 0 (0)
                              [N12:Z] [undefined] 61 119 0 0 (1031208960)
2026-04-21 16:14:00:366 [IN ] C8 24 0C 0E 25 A5 0C 01 31 03 CF 00 00 10 C8 25 A5 0C 01 C8 24 0C 0A 01 31 05 E6 3D 77 00 00 DD C0 C8 C8 24 0C 18 25 A5 0C 01 31 03 CF 00 00 10 C8 25 A5 0C 01 31 05 E6 3D 77 00 00 DD C0 50 (63)
                              [N12:Z] MOTOR_I 0 0 (0)
                              [N12:Z] [undefined] 61 119 0 0 (1031208960)
                              [N12:Z] MOTOR_I 0 0 (0)
                              [N12:Z] [undefined] 61 119 0 0 (1031208960)
2026-04-21 16:14:00:568 [IN ] C8 24 0C 18 25 A5 0C 01 31 03 CF 00 00 10 C8 25 A5 0C 01 31 05 E6 3D 77 00 00 DD C0 50 C8 24 0C 18 25 A5 0C 01 31 03 CF 00 00 10 C8 25 A5 0C 01 31 05 E6 3D 77 00 00 DD C0 50 (58)
                              [N12:Z] MOTOR_I 0 0 (0)
                              [N12:Z] [undefined] 61 119 0 0 (1031208960)
                              [N12:Z] MOTOR_I 0 0 (0)
                              [N12:Z] [undefined] 61 119 0 0 (1031208960)
2026-04-21 16:14:00:770 [IN ] C8 24 0C 18 25 A5 0C 01 31 03 CF 00 00 10 C8 25 A5 0C 01 31 05 E6 3D 77 00 00 DD C0 50 C8 24 07 0E 25 A5 07 01 31 06 81 45 FF F0 4B D1 10 93 01 C8 24 0C 18 25 A5 0C 01 31 03 CF 00 00 10 C8 25 
A5 0C 01 31 05 E6 3D 77 00 00 DD C0 50 (77)
                              [N12:Z] MOTOR_I 0 0 (0)
                              [N12:Z] [undefined] 61 119 0 0 (1031208960)
                              [N7:N] TPOS 'E' 255 240 75 209 (-1029167)
                              [N12:Z] MOTOR_I 0 0 (0)
                              [N12:Z] [undefined] 61 119 0 0 (1031208960)
2026-04-21 16:14:00:973 [IN ] C8 24 0C 18 25 A5 0C 01 31 03 CF 00 00 10 C8 25 A5 0C 01 31 05 E6 3D 77 00 00 DD C0 50 C8 24 0C 18 25 A5 0C 01 31 03 CF 00 00 10 C8 25 A5 0C 01 31 05 E6 3D 77 00 00 DD C0 50 (58)
                              [N12:Z] MOTOR_I 0 0 (0)
                              [N12:Z] [undefined] 61 119 0 0 (1031208960)
                              [N12:Z] MOTOR_I 0 0 (0)
                              [N12:Z] [undefined] 61 119 0 0 (1031208960)
2026-04-21 16:14:01:174 [IN ] C8 24 0C 18 25 A5 0C 01 31 03 CF 00 00 10 C8 25 A5 0C 01 31 05 E6 3D 77 00 00 DD C0 50 C8 24 0C 18 25 A5 0C 01 31 03 CF 00 00 10 C8 25 A5 0C 01 31 05 E6 3D 77 00 00 DD C0 50 (58)
                              [N12:Z] MOTOR_I 0 0 (0)
                              [N12:Z] [undefined] 61 119 0 0 (1031208960)
                              [N12:Z] MOTOR_I 0 0 (0)
                              [N12:Z] [undefined] 61 119 0 0 (1031208960)
2026-04-21 16:14:01:375 [IN ] C8 24 0C 18 25 A5 0C 01 31 03 CF 00 00 10 C8 25 A5 0C 01 31 05 E6 3D 77 00 00 DD C0 50 C8 24 0C 18 25 A5 0C 01 31 03 CF 00 00 10 C8 25 A5 0C 01 31 05 E6 3D 77 00 00 DD C0 50 (58)
                              [N12:Z] MOTOR_I 0 0 (0)
                              [N12:Z] [undefined] 61 119 0 0 (1031208960)
                              [N12:Z] MOTOR_I 0 0 (0)
                              [N12:Z] [undefined] 61 119 0 0 (1031208960)
2026-04-21 16:14:01:577 [IN ] C8 24 0C 0E 25 A5 0C 01 31 03 CF 00 00 10 C8 25 A5 0C 01 C8 24 0C 0A 01 31 05 E6 3D 77 00 00 DD C0 C8 C8 24 0C 18 25 A5 0C 01 31 03 CF 00 00 10 C8 25 A5 0C 01 31 05 E6 3D 77 00 00 DD C0 50 (63)
                              [N12:Z] MOTOR_I 0 0 (0)
                              [N12:Z] [undefined] 61 119 0 0 (1031208960)
                              [N12:Z] MOTOR_I 0 0 (0)
                              [N12:Z] [undefined] 61 119 0 0 (1031208960)
2026-04-21 16:14:01:780 [IN ] C8 24 0C 18 25 A5 0C 01 31 03 CF 00 00 10 C8 25 A5 0C 01 31 05 E6 3D 77 00 00 DD C0 50 C8 24 0C 18 25 A5 0C 01 31 03 CF 00 00 10 C8 25 A5 0C 01 31 05 E6 3D 77 00 00 DD C0 50 (58)
                              [N12:Z] MOTOR_I 0 0 (0)
                              [N12:Z] [undefined] 61 119 0 0 (1031208960)
                              [N12:Z] MOTOR_I 0 0 (0)
                              [N12:Z] [undefined] 61 119 0 0 (1031208960)
2026-04-21 16:14:01:983 [IN ] C8 24 0C 18 25 A5 0C 01 31 03 CF 00 00 10 C8 25 A5 0C 01 31 05 E6 3D 77 00 00 DD C0 50 C8 24 0C 18 25 A5 0C 01 31 03 CF 00 00 10 C8 25 A5 0C 01 31 05 E6 3D 77 00 00 DD C0 50 (58)
                              [N12:Z] MOTOR_I 0 0 (0)
                              [N12:Z] [undefined] 61 119 0 0 (1031208960)
                              [N12:Z] MOTOR_I 0 0 (0)
                              [N12:Z] [undefined] 61 119 0 0 (1031208960)
2026-04-21 16:14:02:184 [IN ] C8 24 0C 18 25 A5 0C 01 31 03 CF 00 00 10 C8 25 A5 0C 01 31 05 E6 3D 77 00 00 DD C0 50 C8 24 0C 18 25 A5 0C 01 31 03 CF 00 00 10 C8 25 A5 0C 01 31 05 E6 3D 77 00 00 DD C0 50 C8 24 08 0E 25 A5 
08 01 31 06 81 45 FF EE 17 81 8B DF 01 (77)
                              [N12:Z] MOTOR_I 0 0 (0)
                              [N12:Z] [undefined] 61 119 0 0 (1031208960)
                              [N12:Z] MOTOR_I 0 0 (0)
                              [N12:Z] [undefined] 61 119 0 0 (1031208960)
                              [N8:R] TPOS 'E' 255 238 23 129 (-1173631)
