2026-04-23 12:36:00:939 [OUT] 25 A5 01 0A 31 05 D6 3D FF 00 00 53 ED (13)
                              [N10:HMI] HMILED '=' 255 0 0 (16711680)
2026-04-23 12:36:00:960 [OUT] 25 A5 01 03 31 02 D8 3F 4E CE (10)
                              [N3:X] INTERRUPT '?'
2026-04-23 12:36:00:961 [IN ] C8 24 0C 18 25 A5 0C 01 31 03 CF 00 00 10 C8 25 A5 0C 01 31 05 E6 3D 77 00 00 DD C0 00 (29)
                              [N12:Z] MOTOR_I 0 0 (0)
                              [N12:Z] [undefined] 61 119 0 0 (1031208960)
2026-04-23 12:36:01:263 [IN ] C8 24 0C 18 25 A5 0C 01 31 03 CF 00 00 10 C8 25 A5 0C 01 31 05 E6 3D 77 00 00 DD C0 00 C8 24 0A 0D 25 A5 0A 01 31 05 D6 3A FF 00 00 50 EA 0C C8 24 0C 18 25 A5 0C 01 31 03 CF 00 00 10 C8 25 A5 
0C 01 31 05 E6 3D 77 00 00 DD C0 00 C8 24 03 0C 25 A5 03 01 31 04 D8 3A 01 01 4D 6A A5 C8 24 0C 18 25 A5 0C 01 31 03 CF 00 00 10 C8 25 A5 0C 01 31 05 E6 (115)
                              [N12:Z] MOTOR_I 0 0 (0)
                              [N12:Z] [undefined] 61 119 0 0 (1031208960)
                              [N10:HMI] HMILED ':' 255 0 0 (16711680)
                              [N12:Z] MOTOR_I 0 0 (0)
                              [N12:Z] [undefined] 61 119 0 0 (1031208960)
                              [N3:X] INTERRUPT ':' 1 1 (257)
2026-04-23 12:36:01:286 [OUT] 25 A5 01 09 31 03 C9 3D 09 4D 1C (11)
                              [N9:P] LFLAG '=' 9 (9)
2026-04-23 12:36:01:308 [OUT] 25 A5 01 04 31 02 D8 3F 4F D3 (10)
                              [N4:Y] INTERRUPT '?'
2026-04-23 12:36:01:308 [IN ] 3D 77 00 00 DD C0 00 (7)
                              [N12:Z] MOTOR_I 0 0 (0)
                              [N12:Z] [undefined] 61 119 0 0 (1031208960)
2026-04-23 12:36:01:613 [IN ] C8 24 0C 18 25 A5 0C 01 31 03 CF 00 00 10 C8 25 A5 0C 01 31 05 E6 3D 77 00 00 DD C0 00 C8 24 09 0B 25 A5 09 01 31 03 C9 3A 09 4A 1E 25 C8 24 0C 18 25 A5 0C 01 31 03 CF 00 00 10 C8 25 A5 0C 01 
31 05 E6 3D 77 00 00 DD C0 00 C8 24 04 0C 25 A5 04 01 31 04 D8 3A 01 01 4E 72 A5 C8 24 0C 18 25 A5 0C 01 31 03 CF 00 00 10 C8 25 A5 0C 01 31 05 E6 3D 77 00 00 DD C0 00 (120)
                              [N12:Z] MOTOR_I 0 0 (0)
                              [N12:Z] [undefined] 61 119 0 0 (1031208960)
                              [N9:P] LFLAG ':' 9 (9)
                              [N12:Z] MOTOR_I 0 0 (0)
                              [N12:Z] [undefined] 61 119 0 0 (1031208960)
                              [N4:Y] INTERRUPT ':' 1 1 (257)
                              [N12:Z] MOTOR_I 0 0 (0)
                              [N12:Z] [undefined] 61 119 0 0 (1031208960)
2026-04-23 12:36:01:635 [OUT] 25 A5 01 09 31 03 CA 3D 09 4E 1F (11)
                              [N9:P] RFLAG '=' 9 (9)
2026-04-23 12:36:01:657 [OUT] 25 A5 01 0C 31 02 D8 3F 57 FB (10)
                              [N12:Z] INTERRUPT '?'
2026-04-23 12:36:01:658 [IN ] C8 24 0C 0E 25 A5 0C 01 31 03 CF 00 00 10 C8 25 A5 0C 01 (19)
                              [N12:Z] MOTOR_I 0 0 (0)
2026-04-23 12:36:01:958 [IN ] C8 24 0C 0A 01 31 05 E6 3D 77 00 00 DD C0 C8 C8 24 0C 18 25 A5 0C 01 31 03 CF 00 00 10 C8 25 A5 0C 01 31 05 E6 3D 77 00 00 DD C0 00 C8 24 0B 0A 25 A5 0B 01 31 02 DE 00 1D CD C8 C8 24 09 0B 25 
A5 09 01 31 03 CA 3A 09 4B 21 25 C8 24 0C 18 25 A5 0C 01 31 03 CF 00 00 10 C8 25 A5 0C 01 31 05 E6 3D 77 00 00 DD C0 00 C8 24 0C 0C 25 A5 0C 01 31 04 D8 3A 01 01 56 B2 A5 (121)
                              [N12:Z] [undefined] 61 119 0 0 (1031208960)
                              [N12:Z] MOTOR_I 0 0 (0)
                              [N12:Z] [undefined] 61 119 0 0 (1031208960)
                              [N11:NG] NGSWSTATE 0 (0)
                              [N9:P] RFLAG ':' 9 (9)
                              [N12:Z] MOTOR_I 0 0 (0)
                              [N12:Z] [undefined] 61 119 0 0 (1031208960)
                              [N12:Z] INTERRUPT ':' 1 1 (257)
2026-04-23 12:36:01:979 [OUT] 25 A5 01 08 31 03 C9 3D 09 4C 16 (11)
                              [N8:R] LFLAG '=' 9 (9)
2026-04-23 12:36:01:981 [IN ] C8 24 0C 18 25 A5 0C 01 31 03 CF 00 00 10 C8 25 A5 0C 01 31 05 E6 3D 77 00 00 DD C0 00 (29)
                              [N12:Z] MOTOR_I 0 0 (0)
                              [N12:Z] [undefined] 61 119 0 0 (1031208960)
2026-04-23 12:36:02:004 [OUT] 25 A5 01 03 31 03 C9 3D 0B 49 FA (11)
                              [N3:X] LFLAG '=' 11 (11)
2026-04-23 12:36:02:025 [OUT] 25 A5 01 04 31 03 C9 3D 0B 4A 00 (11)
                              [N4:Y] LFLAG '=' 11 (11)
2026-04-23 12:36:02:048 [OUT] 25 A5 01 0C 31 03 C9 3D 0B 52 30 (11)
                              [N12:Z] LFLAG '=' 11 (11)
2026-04-23 12:36:02:090 [IN ] C8 24 0C 18 25 A5 0C 01 31 03 CF 00 00 10 C8 25 A5 0C 01 31 05 E6 3D 77 00 00 DD C0 00 (29)
                              [N12:Z] MOTOR_I 0 0 (0)
                              [N12:Z] [undefined] 61 119 0 0 (1031208960)
2026-04-23 12:36:02:154 [IN ] C8 24 08 0B 25 A5 08 01 31 03 C9 3A 09 49 17 25 (16)
                              [N8:R] LFLAG ':' 9 (9)
2026-04-23 12:36:02:176 [OUT] 25 A5 01 08 31 03 CA 3D 09 4D 19 (11)
                              [N8:R] RFLAG '=' 9 (9)
2026-04-23 12:36:02:178 [IN ] C8 24 0C 18 25 A5 0C 01 31 03 CF 00 00 10 C8 25 A5 0C 01 31 05 E6 3D 77 00 00 DD C0 00 (29)
                              [N12:Z] MOTOR_I 0 0 (0)
                              [N12:Z] [undefined] 61 119 0 0 (1031208960)
2026-04-23 12:36:02:261 [IN ] C8 24 03 0B 25 A5 03 01 31 03 C9 3A 0B 46 F6 25 (16)
                              [N3:X] LFLAG ':' 11 (11)
2026-04-23 12:36:02:282 [OUT] 25 A5 01 03 31 03 88 00 50 10 02 (11)
                              [N3:X] RUN 0 80 (80)
2026-04-23 12:36:02:283 [IN ] C8 24 0C 18 25 A5 0C 01 31 03 CF 00 00 10 C8 25 A5 0C 01 31 05 E6 3D 77 00 00 DD C0 00 (29)
                              [N12:Z] MOTOR_I 0 0 (0)
                              [N12:Z] [undefined] 61 119 0 0 (1031208960)
2026-04-23 12:36:02:348 [IN ] C8 24 04 0B 25 A5 04 01 31 03 C9 3A 0B 47 FD 25 (16)
                              [N4:Y] LFLAG ':' 11 (11)
2026-04-23 12:36:02:371 [OUT] 25 A5 01 04 31 03 88 00 50 11 08 (11)
                              [N4:Y] RUN 0 80 (80)
2026-04-23 12:36:02:392 [IN ] C8 24 0C 18 25 A5 0C 01 31 03 CF 00 00 10 C8 25 A5 0C 01 31 05 E6 3D 77 00 00 DD C0 00 (29)
                              [N12:Z] MOTOR_I 0 0 (0)
                              [N12:Z] [undefined] 61 119 0 0 (1031208960)
2026-04-23 12:36:02:455 [IN ] C8 24 0C 0B 25 A5 0C 01 31 03 C9 3A 0B 4F 35 25 (16)
                              [N12:Z] LFLAG ':' 11 (11)
2026-04-23 12:36:02:477 [OUT] 25 A5 01 0C 31 03 88 00 50 19 38 (11)
                              [N12:Z] RUN 0 80 (80)
2026-04-23 12:36:02:478 [IN ] C8 24 0C 18 25 A5 0C 01 31 03 CF 00 00 10 C8 25 A5 0C 01 31 05 E6 3D 77 00 00 DD C0 00 (29)
                              [N12:Z] MOTOR_I 0 0 (0)
                              [N12:Z] [undefined] 61 119 0 0 (1031208960)
2026-04-23 12:36:02:583 [IN ] C8 24 08 0B 25 A5 08 01 31 03 CA 3A 09 4A 1A 25 C8 24 0C 18 25 A5 0C 01 31 03 CF 00 00 10 C8 25 A5 0C 01 31 05 E6 3D 77 00 00 DD C0 00 (45)
                              [N8:R] RFLAG ':' 9 (9)
                              [N12:Z] MOTOR_I 0 0 (0)
                              [N12:Z] [undefined] 61 119 0 0 (1031208960)
2026-04-23 12:36:02:688 [IN ] C8 24 0C 18 25 A5 0C 01 31 03 CF 00 00 10 C8 25 A5 0C 01 31 05 E6 3D 77 00 00 DD C0 00 C8 24 03 0C 25 A5 03 01 31 04 88 53 00 50 64 (44)
                              [N12:Z] MOTOR_I 0 0 (0)
                              [N12:Z] [undefined] 61 119 0 0 (1031208960)
2026-04-23 12:36:02:709 [IN ] C2 A5 (2)
                              [N3:X] RUN 'S' 0 80 (80)
2026-04-23 12:36:02:793 [IN ] C8 24 0C 18 25 A5 0C 01 31 03 CF 00 00 10 C8 25 A5 0C 01 31 05 E6 3D 77 00 00 DD C0 00 C8 24 04 0C 25 A5 04 01 31 04 88 53 00 50 65 CA A5 C8 24 0B 0A 25 A5 0B 01 31 02 DE 00 1D CD 65 (61)
                              [N12:Z] MOTOR_I 0 0 (0)
                              [N12:Z] [undefined] 61 119 0 0 (1031208960)
                              [N4:Y] RUN 'S' 0 80 (80)
                              [N11:NG] NGSWSTATE 0 (0)
2026-04-23 12:36:02:879 [IN ] C8 24 0C 15 25 A5 0C 01 31 03 CF 00 00 10 C8 25 A5 0C 01 31 05 E6 3D 77 00 00 (26)
                              [N12:Z] MOTOR_I 0 0 (0)
2026-04-23 12:36:02:921 [IN ] C8 24 0C 0F 00 DD C0 25 A5 0C 01 31 04 88 53 00 50 6D 0A 31 (20)
                              [N12:Z] [undefined] 61 119 0 0 (1031208960)
                              [N12:Z] RUN 'S' 0 80 (80)
2026-04-23 12:36:03:123 [IN ] C8 24 0C 18 25 A5 0C 01 31 03 CF 00 1D 2D E5 25 A5 0C 01 31 05 E6 3D 77 00 50 2D 10 00 C8 24 0C 18 25 A5 0C 01 31 03 CF 00 1F 2F E7 25 A5 0C 01 31 05 E6 3D 77 00 50 2D 10 00 (58)
                              [N12:Z] MOTOR_I 0 29 (29)
                              [N12:Z] [undefined] 61 119 0 80 (1031209040)
                              [N12:Z] MOTOR_I 0 31 (31)
                              [N12:Z] [undefined] 61 119 0 80 (1031209040)
2026-04-23 12:36:03:325 [IN ] C8 24 0C 18 25 A5 0C 01 31 03 CF 00 19 29 E1 25 A5 0C 01 31 05 E6 3D 77 00 50 2D 10 00 C8 24 0C 18 25 A5 0C 01 31 03 CF 00 13 23 DB 25 A5 0C 01 31 05 E6 3D 77 00 50 2D 10 00 (58)
                              [N12:Z] MOTOR_I 0 25 (25)
                              [N12:Z] [undefined] 61 119 0 80 (1031209040)
                              [N12:Z] MOTOR_I 0 19 (19)
                              [N12:Z] [undefined] 61 119 0 80 (1031209040)
2026-04-23 12:36:03:526 [IN ] C8 24 0C 18 25 A5 0C 01 31 03 CF 00 1A 2A E2 25 A5 0C 01 31 05 E6 3D 77 00 50 2D 10 00 C8 24 0C 18 25 A5 0C 01 31 03 CF 00 17 27 DF 25 A5 0C 01 31 05 E6 3D 77 00 50 2D 10 00 (58)
                              [N12:Z] MOTOR_I 0 26 (26)
                              [N12:Z] [undefined] 61 119 0 80 (1031209040)
                              [N12:Z] MOTOR_I 0 23 (23)
                              [N12:Z] [undefined] 61 119 0 80 (1031209040)
2026-04-23 12:36:03:728 [IN ] C8 24 0C 18 25 A5 0C 01 31 03 CF 00 0D 1D D5 25 A5 0C 01 31 05 E6 3D 77 00 50 2D 10 00 C8 24 0C 18 25 A5 0C 01 31 03 CF 00 0E 1E D6 25 A5 0C 01 31 05 E6 3D 77 00 50 2D 10 00 (58)
                              [N12:Z] MOTOR_I 0 13 (13)
                              [N12:Z] [undefined] 61 119 0 80 (1031209040)
                              [N12:Z] MOTOR_I 0 14 (14)
                              [N12:Z] [undefined] 61 119 0 80 (1031209040)
2026-04-23 12:36:03:929 [IN ] C8 24 0C 18 25 A5 0C 01 31 03 CF 00 1A 2A E2 25 A5 0C 01 31 05 E6 3D 77 00 50 2D 10 00 C8 24 0B 0A 25 A5 0B 01 31 02 DE 00 1D CD E2 C8 24 0C 18 25 A5 0C 01 31 03 CF 00 22 32 EA 25 A5 0C 01 31 
05 E6 3D 77 00 50 2D 10 00 (73)
                              [N12:Z] MOTOR_I 0 26 (26)
                              [N12:Z] [undefined] 61 119 0 80 (1031209040)
                              [N11:NG] NGSWSTATE 0 (0)
                              [N12:Z] MOTOR_I 0 34 (34)
                              [N12:Z] [undefined] 61 119 0 80 (1031209040)
2026-04-23 12:36:04:131 [IN ] C8 24 0C 0E 25 A5 0C 01 31 03 CF 00 18 28 E0 25 A5 0C 01 C8 24 0C 0A 01 31 05 E6 3D 77 00 50 2D 10 E0 C8 24 0C 18 25 A5 0C 01 31 03 CF 00 11 21 D9 25 A5 0C 01 31 05 E6 3D 77 00 50 2D 10 00 (63)
                              [N12:Z] MOTOR_I 0 24 (24)
                              [N12:Z] [undefined] 61 119 0 80 (1031209040)
                              [N12:Z] MOTOR_I 0 17 (17)
                              [N12:Z] [undefined] 61 119 0 80 (1031209040)
2026-04-23 12:36:04:333 [IN ] C8 24 0C 18 25 A5 0C 01 31 03 CF 00 13 23 DB 25 A5 0C 01 31 05 E6 3D 77 00 50 2D 10 00 C8 24 0C 18 25 A5 0C 01 31 03 CF 00 14 24 DC 25 A5 0C 01 31 05 E6 3D 77 00 50 2D 10 00 (58)
                              [N12:Z] MOTOR_I 0 19 (19)
                              [N12:Z] [undefined] 61 119 0 80 (1031209040)
                              [N12:Z] MOTOR_I 0 20 (20)
                              [N12:Z] [undefined] 61 119 0 80 (1031209040)
2026-04-23 12:36:04:534 [IN ] C8 24 0C 18 25 A5 0C 01 31 03 CF 00 1E 2E E6 25 A5 0C 01 31 05 E6 3D 77 00 50 2D 10 00 C8 24 0C 18 25 A5 0C 01 31 03 CF 00 0E 1E D6 25 A5 0C 01 31 05 E6 3D 77 00 50 2D 10 00 (58)
                              [N12:Z] MOTOR_I 0 30 (30)
                              [N12:Z] [undefined] 61 119 0 80 (1031209040)
                              [N12:Z] MOTOR_I 0 14 (14)
                              [N12:Z] [undefined] 61 119 0 80 (1031209040)
2026-04-23 12:36:04:736 [IN ] C8 24 0C 18 25 A5 0C 01 31 03 CF 00 1F 2F E7 25 A5 0C 01 31 05 E6 3D 77 00 50 2D 10 00 C8 24 0C 18 25 A5 0C 01 31 03 CF 00 1B 2B E3 25 A5 0C 01 31 05 E6 3D 77 00 50 2D 10 00 (58)
                              [N12:Z] MOTOR_I 0 31 (31)
                              [N12:Z] [undefined] 61 119 0 80 (1031209040)
                              [N12:Z] MOTOR_I 0 27 (27)
                              [N12:Z] [undefined] 61 119 0 80 (1031209040)
2026-04-23 12:36:04:936 [IN ] C8 24 0C 18 25 A5 0C 01 31 03 CF 00 0F 1F D7 25 A5 0C 01 31 05 E6 3D 77 00 50 2D 10 00 C8 24 0B 0A 25 A5 0B 01 31 02 DE 00 1D CD D7 C8 24 0C 18 25 A5 0C 01 31 03 CF 00 0B 1B D3 25 A5 0C 01 31 
05 E6 3D 77 00 50 2D 10 00 (73)
                              [N12:Z] MOTOR_I 0 15 (15)
                              [N12:Z] [undefined] 61 119 0 80 (1031209040)
                              [N11:NG] NGSWSTATE 0 (0)
                              [N12:Z] MOTOR_I 0 11 (11)
                              [N12:Z] [undefined] 61 119 0 80 (1031209040)
2026-04-23 12:36:05:138 [IN ] C8 24 0C 18 25 A5 0C 01 31 03 CF 00 18 28 E0 25 A5 0C 01 31 05 E6 3D 77 00 50 2D 10 00 C8 24 0C 18 25 A5 0C 01 31 03 CF 00 19 29 E1 25 A5 0C 01 31 05 E6 3D 77 00 50 2D 10 00 (58)
                              [N12:Z] MOTOR_I 0 24 (24)
                              [N12:Z] [undefined] 61 119 0 80 (1031209040)
                              [N12:Z] MOTOR_I 0 25 (25)
                              [N12:Z] [undefined] 61 119 0 80 (1031209040)
2026-04-23 12:36:05:340 [IN ] C8 24 0C 15 25 A5 0C 01 31 03 CF 00 17 27 DF 25 A5 0C 01 31 05 E6 3D 77 00 50 C8 24 0C 1B 50 2D 10 25 A5 0C 01 31 03 CF 00 1E 2E E6 25 A5 0C 01 31 05 E6 3D 77 00 50 2D 10 0C (58)
                              [N12:Z] MOTOR_I 0 23 (23)
                              [N12:Z] [undefined] 61 119 0 80 (1031209040)
                              [N12:Z] MOTOR_I 0 30 (30)
                              [N12:Z] [undefined] 61 119 0 80 (1031209040)
2026-04-23 12:36:05:543 [IN ] C8 24 0C 18 25 A5 0C 01 31 03 CF 00 10 20 D8 25 A5 0C 01 31 05 E6 3D 77 00 50 2D 10 50 C8 24 0C 18 25 A5 0C 01 31 03 CF 00 0E 1E D6 25 A5 0C 01 31 05 E6 3D 77 00 50 2D 10 50 (58)
                              [N12:Z] MOTOR_I 0 16 (16)
                              [N12:Z] [undefined] 61 119 0 80 (1031209040)
                              [N12:Z] MOTOR_I 0 14 (14)
                              [N12:Z] [undefined] 61 119 0 80 (1031209040)
2026-04-23 12:36:05:744 [IN ] C8 24 0C 18 25 A5 0C 01 31 03 CF 00 1C 2C E4 25 A5 0C 01 31 05 E6 3D 77 00 50 2D 10 50 C8 24 0C 18 25 A5 0C 01 31 03 CF 00 0F 1F D7 25 A5 0C 01 31 05 E6 3D 77 00 50 2D 10 50 (58)
                              [N12:Z] MOTOR_I 0 28 (28)
                              [N12:Z] [undefined] 61 119 0 80 (1031209040)
                              [N12:Z] MOTOR_I 0 15 (15)
                              [N12:Z] [undefined] 61 119 0 80 (1031209040)
2026-04-23 12:36:05:945 [IN ] C8 24 0C 18 25 A5 0C 01 31 03 CF 00 1D 2D E5 25 A5 0C 01 31 05 E6 3D 77 00 50 2D 10 50 C8 24 0B 0A 25 A5 0B 01 31 02 DE 00 1D CD E5 C8 24 0C 18 25 A5 0C 01 31 03 CF 00 16 26 DE 25 A5 0C 01 31 
05 E6 3D 77 00 50 2D 10 50 (73)
                              [N12:Z] MOTOR_I 0 29 (29)
                              [N12:Z] [undefined] 61 119 0 80 (1031209040)
                              [N11:NG] NGSWSTATE 0 (0)
                              [N12:Z] MOTOR_I 0 22 (22)
                              [N12:Z] [undefined] 61 119 0 80 (1031209040)
2026-04-23 12:36:06:148 [IN ] C8 24 0C 18 25 A5 0C 01 31 03 CF 00 16 26 DE 25 A5 0C 01 31 05 E6 3D 77 00 50 2D 10 50 C8 24 0C 18 25 A5 0C 01 31 03 CF 00 10 20 D8 25 A5 0C 01 31 05 E6 3D 77 00 50 2D 10 50 (58)
                              [N12:Z] MOTOR_I 0 22 (22)
                              [N12:Z] [undefined] 61 119 0 80 (1031209040)
                              [N12:Z] MOTOR_I 0 16 (16)
                              [N12:Z] [undefined] 61 119 0 80 (1031209040)
2026-04-23 12:36:06:349 [IN ] C8 24 0C 18 25 A5 0C 01 31 03 CF 00 11 21 D9 25 A5 0C 01 31 05 E6 3D 77 00 50 2D 10 50 C8 24 0C 0E 25 A5 0C 01 31 03 CF 00 1F 2F E7 25 A5 0C 01 C8 24 0C 0A 01 31 05 E6 3D 77 00 50 2D 10 E7 (63)
                              [N12:Z] MOTOR_I 0 17 (17)
                              [N12:Z] [undefined] 61 119 0 80 (1031209040)
                              [N12:Z] MOTOR_I 0 31 (31)
                              [N12:Z] [undefined] 61 119 0 80 (1031209040)
2026-04-23 12:36:06:551 [IN ] C8 24 0C 18 25 A5 0C 01 31 03 CF 00 0D 1D D5 25 A5 0C 01 31 05 E6 3D 77 00 50 2D 10 50 C8 24 0C 18 25 A5 0C 01 31 03 CF 00 0D 1D D5 25 A5 0C 01 31 05 E6 3D 77 00 50 2D 10 50 (58)
                              [N12:Z] MOTOR_I 0 13 (13)
                              [N12:Z] [undefined] 61 119 0 80 (1031209040)
                              [N12:Z] MOTOR_I 0 13 (13)
                              [N12:Z] [undefined] 61 119 0 80 (1031209040)
2026-04-23 12:36:06:752 [IN ] C8 24 0C 18 25 A5 0C 01 31 03 CF 00 1C 2C E4 25 A5 0C 01 31 05 E6 3D 77 00 50 2D 10 50 C8 24 0C 18 25 A5 0C 01 31 03 CF 00 10 20 D8 25 A5 0C 01 31 05 E6 3D 77 00 50 2D 10 50 (58)
                              [N12:Z] MOTOR_I 0 28 (28)
                              [N12:Z] [undefined] 61 119 0 80 (1031209040)
                              [N12:Z] MOTOR_I 0 16 (16)
                              [N12:Z] [undefined] 61 119 0 80 (1031209040)
2026-04-23 12:36:06:953 [IN ] C8 24 0C 18 25 A5 0C 01 31 03 CF 00 21 31 E9 25 A5 0C 01 31 05 E6 3D 77 00 50 2D 10 50 C8 24 0B 0A 25 A5 0B 01 31 02 DE 00 1D CD E9 C8 24 0C 18 25 A5 0C 01 31 03 CF 00 0B 1B D3 25 A5 0C 01 31 
05 E6 3D 77 00 50 2D 10 50 (73)
                              [N12:Z] MOTOR_I 0 33 (33)
                              [N12:Z] [undefined] 61 119 0 80 (1031209040)
                              [N11:NG] NGSWSTATE 0 (0)
                              [N12:Z] MOTOR_I 0 11 (11)
                              [N12:Z] [undefined] 61 119 0 80 (1031209040)
2026-04-23 12:36:07:154 [IN ] C8 24 0C 18 25 A5 0C 01 31 03 CF 00 19 29 E1 25 A5 0C 01 31 05 E6 3D 77 00 50 2D 10 50 C8 24 0C 18 25 A5 0C 01 31 03 CF 00 1F 2F E7 25 A5 0C 01 31 05 E6 3D 77 00 50 2D 10 50 (58)
                              [N12:Z] MOTOR_I 0 25 (25)
                              [N12:Z] [undefined] 61 119 0 80 (1031209040)
                              [N12:Z] MOTOR_I 0 31 (31)
                              [N12:Z] [undefined] 61 119 0 80 (1031209040)
2026-04-23 12:36:07:356 [IN ] C8 24 0C 18 25 A5 0C 01 31 03 CF 00 2B 3B F3 25 A5 0C 01 31 05 E6 3D 77 00 50 2D 10 50 C8 24 0C 18 25 A5 0C 01 31 03 CF 00 17 27 DF 25 A5 0C 01 31 05 E6 3D 77 00 50 2D 10 50 (58)
                              [N12:Z] MOTOR_I 0 43 (43)
                              [N12:Z] [undefined] 61 119 0 80 (1031209040)
                              [N12:Z] MOTOR_I 0 23 (23)
                              [N12:Z] [undefined] 61 119 0 80 (1031209040)
2026-04-23 12:36:07:557 [IN ] C8 24 0C 18 25 A5 0C 01 31 03 CF 00 13 23 DB 25 A5 0C 01 31 05 E6 3D 77 00 50 2D 10 50 C8 24 0C 15 25 A5 0C 01 31 03 CF 00 14 24 DC 25 A5 0C 01 31 05 E6 3D 77 00 50 (55)
                              [N12:Z] MOTOR_I 0 19 (19)
                              [N12:Z] [undefined] 61 119 0 80 (1031209040)
                              [N12:Z] MOTOR_I 0 20 (20)
2026-04-23 12:36:07:759 [IN ] C8 24 0C 1B 50 2D 10 25 A5 0C 01 31 03 CF 00 17 27 DF 25 A5 0C 01 31 05 E6 3D 77 00 50 2D 10 0C C8 24 0C 18 25 A5 0C 01 31 03 CF 00 29 39 F1 25 A5 0C 01 31 05 E6 3D 77 00 50 2D 10 50 (61)
                              [N12:Z] [undefined] 61 119 0 80 (1031209040)
                              [N12:Z] MOTOR_I 0 23 (23)
                              [N12:Z] [undefined] 61 119 0 80 (1031209040)
                              [N12:Z] MOTOR_I 0 41 (41)
                              [N12:Z] [undefined] 61 119 0 80 (1031209040)
2026-04-23 12:36:07:960 [IN ] C8 24 0C 18 25 A5 0C 01 31 03 CF 00 13 23 DB 25 A5 0C 01 31 05 E6 3D 77 00 50 2D 10 50 C8 24 0B 0A 25 A5 0B 01 31 02 DE 00 1D CD DB C8 24 0C 18 25 A5 0C 01 31 03 CF 00 0F 1F D7 25 A5 0C 01 31 
05 E6 3D 77 00 50 2D 10 50 (73)
                              [N12:Z] MOTOR_I 0 19 (19)
                              [N12:Z] [undefined] 61 119 0 80 (1031209040)
                              [N11:NG] NGSWSTATE 0 (0)
                              [N12:Z] MOTOR_I 0 15 (15)
                              [N12:Z] [undefined] 61 119 0 80 (1031209040)
2026-04-23 12:36:08:163 [IN ] C8 24 0C 18 25 A5 0C 01 31 03 CF 00 12 22 DA 25 A5 0C 01 31 05 E6 3D 77 00 50 2D 10 50 C8 24 0C 18 25 A5 0C 01 31 03 CF 00 14 24 DC 25 A5 0C 01 31 05 E6 3D 77 00 50 2D 10 50 (58)
                              [N12:Z] MOTOR_I 0 18 (18)
                              [N12:Z] [undefined] 61 119 0 80 (1031209040)
                              [N12:Z] MOTOR_I 0 20 (20)
                              [N12:Z] [undefined] 61 119 0 80 (1031209040)
2026-04-23 12:36:08:366 [IN ] C8 24 0C 18 25 A5 0C 01 31 03 CF 00 26 36 EE 25 A5 0C 01 31 05 E6 3D 77 00 50 2D 10 50 C8 24 0C 18 25 A5 0C 01 31 03 CF 00 15 25 DD 25 A5 0C 01 31 05 E6 3D 77 00 50 2D 10 50 (58)
                              [N12:Z] MOTOR_I 0 38 (38)
                              [N12:Z] [undefined] 61 119 0 80 (1031209040)
                              [N12:Z] MOTOR_I 0 21 (21)
                              [N12:Z] [undefined] 61 119 0 80 (1031209040)
2026-04-23 12:36:08:569 [IN ] C8 24 0C 18 25 A5 0C 01 31 03 CF 00 10 20 D8 25 A5 0C 01 31 05 E6 3D 77 00 50 2D 10 50 C8 24 0C 18 25 A5 0C 01 31 03 CF 00 1C 2C E4 25 A5 0C 01 31 05 E6 3D 77 00 50 2D 10 50 (58)
                              [N12:Z] MOTOR_I 0 16 (16)
                              [N12:Z] [undefined] 61 119 0 80 (1031209040)
                              [N12:Z] MOTOR_I 0 28 (28)
                              [N12:Z] [undefined] 61 119 0 80 (1031209040)
2026-04-23 12:36:08:771 [IN ] C8 24 0C 0E 25 A5 0C 01 31 03 CF 00 15 25 DD 25 A5 0C 01 C8 24 0C 0A 01 31 05 E6 3D 77 00 50 2D 10 DD C8 24 0C 18 25 A5 0C 01 31 03 CF 00 24 34 EC 25 A5 0C 01 31 05 E6 3D 77 00 50 2D 10 50 (63)
                              [N12:Z] MOTOR_I 0 21 (21)
                              [N12:Z] [undefined] 61 119 0 80 (1031209040)
                              [N12:Z] MOTOR_I 0 36 (36)
                              [N12:Z] [undefined] 61 119 0 80 (1031209040)
2026-04-23 12:36:08:972 [IN ] C8 24 0C 18 25 A5 0C 01 31 03 CF 00 22 32 EA 25 A5 0C 01 31 05 E6 3D 77 00 50 2D 10 50 C8 24 0B 0A 25 A5 0B 01 31 02 DE 00 1D CD EA C8 24 0C 18 25 A5 0C 01 31 03 CF 00 12 22 DA 25 A5 0C 01 31 
05 E6 3D 77 00 50 2D 10 50 (73)
                              [N12:Z] MOTOR_I 0 34 (34)
                              [N12:Z] [undefined] 61 119 0 80 (1031209040)
                              [N11:NG] NGSWSTATE 0 (0)
                              [N12:Z] MOTOR_I 0 18 (18)
                              [N12:Z] [undefined] 61 119 0 80 (1031209040)
2026-04-23 12:36:09:174 [IN ] C8 24 0C 18 25 A5 0C 01 31 03 CF 00 21 31 E9 25 A5 0C 01 31 05 E6 3D 77 00 50 2D 10 50 C8 24 0C 18 25 A5 0C 01 31 03 CF 00 32 42 FA 25 A5 0C 01 31 05 E6 3D 77 00 50 2D 10 50 C8 24 04 0B 25 A5 
04 01 31 03 81 5A 4C 60 A6 25 C8 24 04 0A 25 A5 04 01 31 02 81 49 02 32 A6 (89)
                              [N12:Z] MOTOR_I 0 33 (33)
                              [N12:Z] [undefined] 61 119 0 80 (1031209040)
                              [N12:Z] MOTOR_I 0 50 (50)
                              [N12:Z] [undefined] 61 119 0 80 (1031209040)
                              [N4:Y] TPOS 'Z' 76 (76)
                              [N4:Y] TPOS 'I'
2026-04-23 12:36:09:398 [OUT] 25 A5 01 09 31 02 D8 3F 54 EC (10)
                              [N9:P] INTERRUPT '?'
2026-04-23 12:36:09:399 [IN ] C8 24 0C 18 25 A5 0C 01 31 03 CF 00 26 36 EE 25 A5 0C 01 31 05 E6 3D 77 00 50 2D 10 50 C8 24 0C 18 25 A5 0C 01 31 03 CF 00 10 20 D8 25 A5 0C 01 31 05 E6 3D 77 00 50 2D 10 50 (58)
                              [N12:Z] MOTOR_I 0 38 (38)
                              [N12:Z] [undefined] 61 119 0 80 (1031209040)
                              [N12:Z] MOTOR_I 0 16 (16)
                              [N12:Z] [undefined] 61 119 0 80 (1031209040)
2026-04-23 12:36:09:700 [IN ] C8 24 0C 18 25 A5 0C 01 31 03 CF 00 14 24 DC 25 A5 0C 01 31 05 E6 3D 77 00 50 2D 10 50 C8 24 0C 18 25 A5 0C 01 31 03 CF 00 1C 2C E4 25 A5 0C 01 31 05 E6 3D 77 00 50 2D 10 50 C8 24 09 0C 25 A5 
09 01 31 04 D8 3A 01 01 53 9A A5 C8 24 0C 18 25 A5 0C 01 31 03 CF 00 15 25 DD 25 A5 0C 01 31 05 E6 3D 77 00 50 2D 10 50 (104)
                              [N12:Z] MOTOR_I 0 20 (20)
                              [N12:Z] [undefined] 61 119 0 80 (1031209040)
                              [N12:Z] MOTOR_I 0 28 (28)
                              [N12:Z] [undefined] 61 119 0 80 (1031209040)
                              [N9:P] INTERRUPT ':' 1 1 (257)
                              [N12:Z] MOTOR_I 0 21 (21)
                              [N12:Z] [undefined] 61 119 0 80 (1031209040)
2026-04-23 12:36:09:722 [OUT] 25 A5 01 04 31 03 C9 3D 09 48 FE (11)
                              [N4:Y] LFLAG '=' 9 (9)
2026-04-23 12:36:09:745 [OUT] 25 A5 01 07 31 02 D8 3F 52 E2 (10)
                              [N7:N] INTERRUPT '?'
2026-04-23 12:36:09:745 [IN ] C8 24 0C 18 25 A5 0C 01 31 03 CF 00 2A 3A F2 25 A5 0C 01 31 05 E6 3D 77 00 50 2D 10 50 (29)
                              [N12:Z] MOTOR_I 0 42 (42)
                              [N12:Z] [undefined] 61 119 0 80 (1031209040)
2026-04-23 12:36:10:050 [IN ] C8 24 0C 15 25 A5 0C 01 31 03 CF 00 1E 2E E6 25 A5 0C 01 31 05 E6 3D 77 00 50 C8 24 0B 0A 25 A5 0B 01 31 02 DE 00 1D CD E6 C8 24 04 0B 25 A5 04 01 31 03 C9 3A 09 45 FB 25 C8 24 0C 1B 50 2D 10 
25 A5 0C 01 31 03 CF 00 1A 2A E2 25 A5 0C 01 31 05 E6 3D 77 00 50 2D 10 0C C8 24 07 0C 25 A5 07 01 31 04 D8 3A 01 01 51 8A 2A C8 24 0C 18 25 A5 0C 01 31 03 CF 00 1A 2A E2 25 A5 0C 01 31 05 E6 
3D 77 00 50 2D 10 50 (135)
                              [N12:Z] MOTOR_I 0 30 (30)
                              [N11:NG] NGSWSTATE 0 (0)
                              [N4:Y] LFLAG ':' 9 (9)
                              [N12:Z] [undefined] 61 119 0 80 (1031209040)
                              [N12:Z] MOTOR_I 0 26 (26)
                              [N12:Z] [undefined] 61 119 0 80 (1031209040)
                              [N7:N] INTERRUPT ':' 1 1 (257)
                              [N12:Z] MOTOR_I 0 26 (26)
                              [N12:Z] [undefined] 61 119 0 80 (1031209040)
2026-04-23 12:36:10:072 [OUT] 25 A5 01 09 31 03 C9 3D 0B 4F 1E (11)
                              [N9:P] LFLAG '=' 11 (11)
2026-04-23 12:36:10:094 [OUT] 25 A5 01 07 31 03 C9 3D 0B 4D 12 (11)
                              [N7:N] LFLAG '=' 11 (11)
2026-04-23 12:36:10:136 [IN ] C8 24 0C 18 25 A5 0C 01 31 03 CF 00 1F 2F E7 25 A5 0C 01 31 05 E6 3D 77 00 50 2D 10 50 (29)
                              [N12:Z] MOTOR_I 0 31 (31)
                              [N12:Z] [undefined] 61 119 0 80 (1031209040)
2026-04-23 12:36:10:241 [IN ] C8 24 09 0B 25 A5 09 01 31 03 C9 3A 0B 4C 20 25 C8 24 0C 18 25 A5 0C 01 31 03 CF 00 1F 2F E7 25 A5 0C 01 31 05 E6 3D 77 00 50 2D 10 50 (45)
                              [N9:P] LFLAG ':' 11 (11)
                              [N12:Z] MOTOR_I 0 31 (31)
                              [N12:Z] [undefined] 61 119 0 80 (1031209040)
2026-04-23 12:36:10:263 [OUT] 25 A5 01 09 31 03 88 00 50 16 26 (11)
                              [N9:P] RUN 0 80 (80)
2026-04-23 12:36:10:347 [IN ] C8 24 0C 18 25 A5 0C 01 31 03 CF 00 23 33 EB 25 A5 0C 01 31 05 E6 3D 77 00 50 2D 10 50 (29)
                              [N12:Z] MOTOR_I 0 35 (35)
                              [N12:Z] [undefined] 61 119 0 80 (1031209040)
2026-04-23 12:36:10:369 [IN ] C8 24 07 0B 25 A5 07 01 31 03 C9 3A 0B 4A 12 25 (16)
                              [N7:N] LFLAG ':' 11 (11)
2026-04-23 12:36:10:391 [OUT] 25 A5 01 07 31 03 88 00 50 14 1A (11)
                              [N7:N] RUN 0 80 (80)
2026-04-23 12:36:10:434 [IN ] C8 24 0C 18 25 A5 0C 01 31 03 CF 00 13 23 DB 25 A5 0C 01 31 05 E6 3D 77 00 50 2D 10 50 (29)
                              [N12:Z] MOTOR_I 0 19 (19)
                              [N12:Z] [undefined] 61 119 0 80 (1031209040)
2026-04-23 12:36:10:455 [IN ] C8 24 09 0C 25 A5 09 01 31 04 88 53 00 50 6A F2 A5 (17)
                              [N9:P] RUN 'S' 0 80 (80)
2026-04-23 12:36:10:519 [IN ] C8 24 09 0B 25 A5 09 01 31 03 81 5A 4C 65 (14)
2026-04-23 12:36:10:542 [IN ] C9 F2 C8 24 0C 18 25 A5 0C 01 31 03 CF 00 21 31 E9 25 A5 0C 01 31 05 E6 3D 77 00 50 2D 10 50 C8 24 07 0C 25 A5 07 01 31 04 88 53 00 (44)
                              [N9:P] TPOS 'Z' 76 (76)
                              [N12:Z] MOTOR_I 0 33 (33)
                              [N12:Z] [undefined] 61 119 0 80 (1031209040)
2026-04-23 12:36:10:564 [IN ] 50 68 E2 A5 C8 24 09 0A 25 A5 09 01 31 02 81 49 07 50 68 (19)
                              [N7:N] RUN 'S' 0 80 (80)
                              [N9:P] TPOS 'I'
2026-04-23 12:36:10:767 [IN ] C8 24 0C 18 25 A5 0C 01 31 03 CF 00 18 28 E0 25 A5 0C 01 31 05 E6 3D 77 00 50 2D 10 50 C8 24 0C 18 25 A5 0C 01 31 03 CF 00 1B 2B E3 25 A5 0C 01 31 05 E6 3D 77 00 50 2D 10 50 (58)
                              [N12:Z] MOTOR_I 0 24 (24)
                              [N12:Z] [undefined] 61 119 0 80 (1031209040)
                              [N12:Z] MOTOR_I 0 27 (27)
                              [N12:Z] [undefined] 61 119 0 80 (1031209040)
2026-04-23 12:36:10:789 [OUT] 25 A5 01 09 31 03 C9 3D 09 4D 1C (11)
                              [N9:P] LFLAG '=' 9 (9)
2026-04-23 12:36:10:810 [OUT] 25 A5 01 04 31 05 81 FF EE 88 01 32 FA (13)
                              [N4:Y] TPOS 255 238 136 1 (-1144831)
2026-04-23 12:36:10:852 [IN ] C8 24 0C 18 25 A5 0C 01 31 03 CF 00 19 29 E1 25 A5 0C 01 31 05 E6 3D 77 00 50 2D 10 50 (29)
                              [N12:Z] MOTOR_I 0 25 (25)
                              [N12:Z] [undefined] 61 119 0 80 (1031209040)
2026-04-23 12:36:10:874 [IN ] C8 24 0B 0A 25 A5 0B 01 31 02 DE 00 1D CD E1 (15)
                              [N11:NG] NGSWSTATE 0 (0)
2026-04-23 12:36:10:937 [IN ] C8 24 0C 0E 25 A5 0C 01 31 03 CF 00 24 34 EC 25 A5 0C 01 (19)
                              [N12:Z] MOTOR_I 0 36 (36)
2026-04-23 12:36:10:958 [IN ] C8 24 09 0B 25 A5 09 01 31 03 C9 3A 09 4A 1E 25 C8 24 0C 0A 01 31 05 E6 3D 77 00 50 2D 10 1E (31)
2026-04-23 12:36:11:043 [IN ] C8 24 0C 18 25 A5 0C 01 31 03 CF 00 17 27 DF 25 A5 0C 01 31 05 E6 3D 77 00 50 2D 10 50 (29)
                              [N12:Z] MOTOR_I 0 23 (23)
                              [N12:Z] [undefined] 61 119 0 80 (1031209040)
2026-04-23 12:36:11:085 [IN ] C8 24 04 0E 25 A5 04 01 31 06 81 53 00 00 00 00 10 88 01 (19)
                              [N4:Y] TPOS 'S' 0 0 0 0 (0)
2026-04-23 12:36:11:148 [IN ] C8 24 0C 18 25 A5 0C 01 31 03 CF 00 12 22 DA 25 A5 0C 01 31 05 E6 3D 77 00 50 2D 10 50 (29)
                              [N12:Z] MOTOR_I 0 18 (18)
                              [N12:Z] [undefined] 61 119 0 80 (1031209040)
2026-04-23 12:36:11:232 [IN ] C8 24 0C 18 25 A5 0C 01 31 03 CF 00 21 31 E9 25 (16)
2026-04-23 12:36:11:254 [IN ] A5 0C 01 31 05 E6 3D 77 00 50 2D 10 50 (13)
                              [N12:Z] MOTOR_I 0 33 (33)
                              [N12:Z] [undefined] 61 119 0 80 (1031209040)
2026-04-23 12:36:11:360 [IN ] C8 24 0C 18 25 A5 0C 01 31 03 CF 00 19 29 E1 25 A5 0C 01 31 05 E6 3D 77 00 50 2D 10 50 (29)
                              [N12:Z] MOTOR_I 0 25 (25)
                              [N12:Z] [undefined] 61 119 0 80 (1031209040)
2026-04-23 12:36:11:443 [IN ] C8 24 0C 18 25 A5 0C 01 31 03 CF 00 1E 2E E6 25 A5 0C 01 31 05 E6 3D 77 00 50 2D 10 50 (29)
                              [N12:Z] MOTOR_I 0 30 (30)
                              [N12:Z] [undefined] 61 119 0 80 (1031209040)
2026-04-23 12:36:11:549 [IN ] C8 24 0C 18 25 A5 0C 01 31 03 CF 00 0F 1F D7 25 A5 0C 01 31 05 E6 3D 77 00 50 2D 10 50 (29)
                              [N12:Z] MOTOR_I 0 15 (15)
                              [N12:Z] [undefined] 61 119 0 80 (1031209040)
2026-04-23 12:36:11:653 [IN ] C8 24 0C 18 25 A5 0C 01 31 03 CF 00 1E 2E E6 25 A5 0C 01 31 05 E6 3D 77 00 50 2D 10 50 (29)
                              [N12:Z] MOTOR_I 0 30 (30)
                              [N12:Z] [undefined] 61 119 0 80 (1031209040)
2026-04-23 12:36:11:757 [IN ] C8 24 0C 18 25 A5 0C 01 31 03 CF 00 1F 2F E7 25 A5 0C 01 31 05 E6 3D 77 00 50 2D 10 50 (29)
                              [N12:Z] MOTOR_I 0 31 (31)
                              [N12:Z] [undefined] 61 119 0 80 (1031209040)
2026-04-23 12:36:11:779 [IN ] C8 24 03 0B 25 A5 03 01 31 03 81 5A 4C 5F 9F 25 (16)
                              [N3:X] TPOS 'Z' 76 (76)
2026-04-23 12:36:11:821 [IN ] C8 24 03 0A 25 A5 03 01 31 02 81 49 01 2C 9F (15)
                              [N3:X] TPOS 'I'
2026-04-23 12:36:11:865 [OUT] 25 A5 01 03 31 03 C9 3D 09 47 F8 (11)
                              [N3:X] LFLAG '=' 9 (9)
2026-04-23 12:36:11:867 [IN ] C8 24 0C 18 25 A5 0C 01 31 03 CF 00 1C 2C E4 25 A5 0C 01 31 05 E6 3D 77 00 50 2D 10 50 C8 24 0B 0A 25 A5 0B 01 31 02 DE 00 1D CD E4 (44)
                              [N12:Z] MOTOR_I 0 28 (28)
                              [N12:Z] [undefined] 61 119 0 80 (1031209040)
                              [N11:NG] NGSWSTATE 0 (0)
2026-04-23 12:36:11:952 [IN ] C8 24 0C 18 25 A5 0C 01 31 03 CF 00 1F 2F E7 25 A5 0C 01 31 05 E6 3D 77 00 50 2D 10 50 (29)
                              [N12:Z] MOTOR_I 0 31 (31)
                              [N12:Z] [undefined] 61 119 0 80 (1031209040)
2026-04-23 12:36:12:035 [IN ] C8 24 03 0B 25 A5 03 01 31 03 C9 3A 09 44 F4 25 (16)
                              [N3:X] LFLAG ':' 9 (9)
2026-04-23 12:36:12:077 [IN ] C8 24 0C 18 25 A5 0C 01 31 03 CF 00 26 36 EE 25 A5 0C 01 31 05 E6 3D 77 00 50 2D 10 50 (29)
                              [N12:Z] MOTOR_I 0 38 (38)
                              [N12:Z] [undefined] 61 119 0 80 (1031209040)
2026-04-23 12:36:12:140 [IN ] C8 24 0C 15 25 A5 0C 01 31 03 CF 00 20 30 E8 25 A5 0C 01 31 05 E6 3D 77 00 50 (26)
                              [N12:Z] MOTOR_I 0 32 (32)
2026-04-23 12:36:12:245 [IN ] C8 24 0C 1B 50 2D 10 25 A5 0C 01 31 03 CF 00 24 34 EC 25 A5 0C 01 31 05 E6 3D 77 (27)
2026-04-23 12:36:12:266 [IN ] 00 50 2D 10 0C (5)
                              [N12:Z] [undefined] 61 119 0 80 (1031209040)
                              [N12:Z] MOTOR_I 0 36 (36)
                              [N12:Z] [undefined] 61 119 0 80 (1031209040)
2026-04-23 12:36:12:351 [IN ] C8 24 0C 18 25 A5 0C 01 31 03 CF 00 14 24 DC 25 A5 0C 01 31 05 E6 3D 77 00 50 2D 10 50 (29)
                              [N12:Z] MOTOR_I 0 20 (20)
                              [N12:Z] [undefined] 61 119 0 80 (1031209040)
2026-04-23 12:36:12:455 [IN ] C8 24 0C 18 25 A5 0C 01 31 03 CF 00 25 35 ED 25 A5 0C 01 31 05 E6 3D 77 00 50 2D 10 50 (29)
                              [N12:Z] MOTOR_I 0 37 (37)
                              [N12:Z] [undefined] 61 119 0 80 (1031209040)
2026-04-23 12:36:12:559 [IN ] C8 24 0C 18 25 A5 0C 01 31 03 CF 00 1A 2A E2 25 A5 0C 01 31 05 E6 3D 77 00 50 2D 10 50 (29)
                              [N12:Z] MOTOR_I 0 26 (26)
                              [N12:Z] [undefined] 61 119 0 80 (1031209040)
2026-04-23 12:36:12:663 [IN ] C8 24 0C 18 25 A5 0C 01 31 03 CF 00 22 32 EA 25 A5 0C 01 31 05 E6 3D 77 00 50 2D 10 50 (29)
                              [N12:Z] MOTOR_I 0 34 (34)
                              [N12:Z] [undefined] 61 119 0 80 (1031209040)
2026-04-23 12:36:12:747 [IN ] C8 24 0C 18 25 A5 0C 01 31 03 CF 00 1D 2D E5 25 A5 0C 01 31 05 E6 3D 77 00 50 2D (27)
2026-04-23 12:36:12:768 [IN ] 10 50 (2)
                              [N12:Z] MOTOR_I 0 29 (29)
                              [N12:Z] [undefined] 61 119 0 80 (1031209040)
2026-04-23 12:36:12:809 [OUT] 25 A5 01 09 31 03 C9 3D 09 4D 1C (11)
                              [N9:P] LFLAG '=' 9 (9)
2026-04-23 12:36:12:873 [IN ] C8 24 0C 18 25 A5 0C 01 31 03 CF 00 15 25 DD 25 A5 0C 01 31 05 E6 3D 77 00 50 2D 10 50 (29)
                              [N12:Z] MOTOR_I 0 21 (21)
                              [N12:Z] [undefined] 61 119 0 80 (1031209040)
2026-04-23 12:36:12:895 [IN ] C8 24 0B 0A 25 A5 0B 01 31 02 DE 00 1D CD DD (15)
                              [N11:NG] NGSWSTATE 0 (0)
2026-04-23 12:36:12:958 [IN ] C8 24 0C 18 25 A5 0C 01 31 03 CF 00 10 20 D8 25 A5 0C 01 31 05 E6 3D 77 00 50 2D 10 50 (29)
                              [N12:Z] MOTOR_I 0 16 (16)
                              [N12:Z] [undefined] 61 119 0 80 (1031209040)
2026-04-23 12:36:12:980 [IN ] C8 24 09 0B 25 A5 09 01 31 03 C9 3A 09 4A 1E 25 (16)
                              [N9:P] LFLAG ':' 9 (9)
2026-04-23 12:36:13:182 [IN ] C8 24 0C 18 25 A5 0C 01 31 03 CF 00 1E 2E E6 25 A5 0C 01 31 05 E6 3D 77 00 50 2D 10 50 C8 24 0C 18 25 A5 0C 01 31 03 CF 00 23 33 EB 25 A5 0C 01 31 05 E6 3D 77 00 50 2D 10 50 (58)
                              [N12:Z] MOTOR_I 0 30 (30)
                              [N12:Z] [undefined] 61 119 0 80 (1031209040)
                              [N12:Z] MOTOR_I 0 35 (35)
                              [N12:Z] [undefined] 61 119 0 80 (1031209040)
2026-04-23 12:36:13:383 [IN ] C8 24 0C 0E 25 A5 0C 01 31 03 CF 00 13 23 DB 25 A5 0C 01 C8 24 0C 0A 01 31 05 E6 3D 77 00 50 2D 10 DB C8 24 0C 18 25 A5 0C 01 31 03 CF 00 20 30 E8 25 A5 0C 01 31 05 E6 3D 77 00 50 2D 10 50 (63)
                              [N12:Z] MOTOR_I 0 19 (19)
                              [N12:Z] [undefined] 61 119 0 80 (1031209040)
                              [N12:Z] MOTOR_I 0 32 (32)
                              [N12:Z] [undefined] 61 119 0 80 (1031209040)
2026-04-23 12:36:13:585 [IN ] C8 24 0C 18 25 A5 0C 01 31 03 CF 00 21 31 E9 25 A5 0C 01 31 05 E6 3D 77 00 50 2D 10 50 C8 24 0C 18 25 A5 0C 01 31 03 CF 00 1D 2D E5 25 A5 0C 01 31 05 E6 3D 77 00 50 2D 10 50 (58)
                              [N12:Z] MOTOR_I 0 33 (33)
                              [N12:Z] [undefined] 61 119 0 80 (1031209040)
                              [N12:Z] MOTOR_I 0 29 (29)
                              [N12:Z] [undefined] 61 119 0 80 (1031209040)
2026-04-23 12:36:13:785 [IN ] C8 24 0C 18 25 A5 0C 01 31 03 CF 00 14 24 DC 25 A5 0C 01 31 05 E6 3D 77 00 50 2D 10 50 C8 24 0C 18 25 A5 0C 01 31 03 CF 00 15 25 DD 25 A5 0C 01 31 05 E6 3D 77 00 50 2D 10 50 (58)
                              [N12:Z] MOTOR_I 0 20 (20)
                              [N12:Z] [undefined] 61 119 0 80 (1031209040)
                              [N12:Z] MOTOR_I 0 21 (21)
                              [N12:Z] [undefined] 61 119 0 80 (1031209040)
2026-04-23 12:36:13:987 [IN ] C8 24 0C 18 25 A5 0C 01 31 03 CF 00 10 20 D8 25 A5 0C 01 31 05 E6 3D 77 00 50 2D 10 50 C8 24 0B 0A 25 A5 0B 01 31 02 DE 00 1D CD D8 C8 24 0C 18 25 A5 0C 01 31 03 CF 00 1F 2F E7 25 A5 0C 01 31 
05 E6 3D 77 00 50 2D 10 50 (73)
                              [N12:Z] MOTOR_I 0 16 (16)
                              [N12:Z] [undefined] 61 119 0 80 (1031209040)
                              [N11:NG] NGSWSTATE 0 (0)
                              [N12:Z] MOTOR_I 0 31 (31)
                              [N12:Z] [undefined] 61 119 0 80 (1031209040)
2026-04-23 12:36:14:189 [IN ] C8 24 0C 18 25 A5 0C 01 31 03 CF 00 14 24 DC 25 A5 0C 01 31 05 E6 3D 77 00 50 2D 10 50 C8 24 0C 18 25 A5 0C 01 31 03 CF 00 0D 1D D5 25 A5 0C 01 31 05 E6 3D 77 00 50 2D 10 50 (58)
                              [N12:Z] MOTOR_I 0 20 (20)
                              [N12:Z] [undefined] 61 119 0 80 (1031209040)
                              [N12:Z] MOTOR_I 0 13 (13)
                              [N12:Z] [undefined] 61 119 0 80 (1031209040)
2026-04-23 12:36:14:390 [IN ] C8 24 0C 18 25 A5 0C 01 31 03 CF 00 12 22 DA 25 A5 0C 01 31 05 E6 3D 77 00 50 2D 10 50 C8 24 0C 18 25 A5 0C 01 31 03 CF 00 26 36 EE 25 A5 0C 01 31 05 E6 3D 77 00 50 2D 10 50 (58)
                              [N12:Z] MOTOR_I 0 18 (18)
                              [N12:Z] [undefined] 61 119 0 80 (1031209040)
                              [N12:Z] MOTOR_I 0 38 (38)
                              [N12:Z] [undefined] 61 119 0 80 (1031209040)
2026-04-23 12:36:14:591 [IN ] C8 24 0C 15 25 A5 0C 01 31 03 CF 00 25 35 ED 25 A5 0C 01 31 05 E6 3D 77 00 50 C8 24 0C 1B 50 2D 10 25 A5 0C 01 31 03 CF 00 11 21 D9 25 A5 0C 01 31 05 E6 3D 77 00 50 2D 10 0C (58)
                              [N12:Z] MOTOR_I 0 37 (37)
                              [N12:Z] [undefined] 61 119 0 80 (1031209040)
                              [N12:Z] MOTOR_I 0 17 (17)
                              [N12:Z] [undefined] 61 119 0 80 (1031209040)
2026-04-23 12:36:14:794 [IN ] C8 24 0C 18 25 A5 0C 01 31 03 CF 00 1D 2D E5 25 A5 0C 01 31 05 E6 3D 77 00 50 2D 10 50 C8 24 0C 18 25 A5 0C 01 31 03 CF 00 13 23 DB 25 A5 0C 01 31 05 E6 3D 77 00 50 2D 10 50 (58)
                              [N12:Z] MOTOR_I 0 29 (29)
                              [N12:Z] [undefined] 61 119 0 80 (1031209040)
                              [N12:Z] MOTOR_I 0 19 (19)
                              [N12:Z] [undefined] 61 119 0 80 (1031209040)
2026-04-23 12:36:14:996 [IN ] C8 24 0C 18 25 A5 0C 01 31 03 CF 00 2B 3B F3 25 A5 0C 01 31 05 E6 3D 77 00 50 2D 10 50 C8 24 0B 0A 25 A5 0B 01 31 02 DE 00 1D CD F3 C8 24 0C 18 25 A5 0C 01 31 03 CF 00 1E 2E E6 25 A5 0C 01 31 
05 E6 3D 77 00 50 2D 10 50 (73)
                              [N12:Z] MOTOR_I 0 43 (43)
                              [N12:Z] [undefined] 61 119 0 80 (1031209040)
                              [N11:NG] NGSWSTATE 0 (0)
                              [N12:Z] MOTOR_I 0 30 (30)
                              [N12:Z] [undefined] 61 119 0 80 (1031209040)
2026-04-23 12:36:15:197 [IN ] C8 24 0C 18 25 A5 0C 01 31 03 CF 00 14 24 DC 25 A5 0C 01 31 05 E6 3D 77 00 50 2D 10 50 C8 24 0C 18 25 A5 0C 01 31 03 CF 00 1B 2B E3 25 A5 0C 01 31 05 E6 3D 77 00 50 2D 10 50 (58)
                              [N12:Z] MOTOR_I 0 20 (20)
                              [N12:Z] [undefined] 61 119 0 80 (1031209040)
                              [N12:Z] MOTOR_I 0 27 (27)
                              [N12:Z] [undefined] 61 119 0 80 (1031209040)
2026-04-23 12:36:15:400 [IN ] C8 24 07 0B 25 A5 07 01 31 03 81 5A 4C 63 BB 25 C8 24 0C 18 25 A5 0C 01 31 03 CF 00 13 23 DB 25 A5 0C 01 31 05 E6 3D 77 00 50 2D 10 50 C8 24 07 0A 25 A5 07 01 31 02 81 49 05 44 DB C8 24 0C 18 
25 A5 0C 01 31 03 CF 00 11 21 D9 25 A5 0C 01 31 05 E6 3D 77 00 50 2D 10 50 (89)
                              [N7:N] TPOS 'Z' 76 (76)
                              [N12:Z] MOTOR_I 0 19 (19)
                              [N12:Z] [undefined] 61 119 0 80 (1031209040)
                              [N7:N] TPOS 'I'
                              [N12:Z] MOTOR_I 0 17 (17)
                              [N12:Z] [undefined] 61 119 0 80 (1031209040)
2026-04-23 12:36:15:602 [IN ] C8 24 0C 18 25 A5 0C 01 31 03 CF 00 17 27 DF 25 A5 0C 01 31 05 E6 3D 77 00 50 2D 10 50 C8 24 0C 0E 25 A5 0C 01 31 03 CF 00 1D 2D E5 25 A5 0C 01 C8 24 0C 0A 01 31 05 E6 3D 77 00 50 2D 10 E5 (63)
                              [N12:Z] MOTOR_I 0 23 (23)
                              [N12:Z] [undefined] 61 119 0 80 (1031209040)
                              [N12:Z] MOTOR_I 0 29 (29)
                              [N12:Z] [undefined] 61 119 0 80 (1031209040)
2026-04-23 12:36:15:624 [OUT] 25 A5 01 07 31 03 C9 3D 09 4B 10 (11)
                              [N7:N] LFLAG '=' 9 (9)
2026-04-23 12:36:15:686 [IN ] C8 24 0C 18 25 A5 0C 01 31 03 CF 00 19 29 E1 25 A5 0C 01 31 05 E6 3D 77 00 50 2D 10 50 (29)
                              [N12:Z] MOTOR_I 0 25 (25)
                              [N12:Z] [undefined] 61 119 0 80 (1031209040)
2026-04-23 12:36:15:769 [IN ] C8 24 0C 18 25 A5 0C 01 31 03 CF 00 1C 2C E4 25 A5 0C 01 31 05 E6 3D 77 00 50 2D 10 50 (29)
                              [N12:Z] MOTOR_I 0 28 (28)
                              [N12:Z] [undefined] 61 119 0 80 (1031209040)
2026-04-23 12:36:15:791 [IN ] C8 24 07 0B 25 A5 07 01 31 03 C9 3A 09 48 10 25 (16)
                              [N7:N] LFLAG ':' 9 (9)
2026-04-23 12:36:15:992 [IN ] C8 24 0C 18 25 A5 0C 01 31 03 CF 00 19 29 E1 25 A5 0C 01 31 05 E6 3D 77 00 50 2D 10 50 C8 24 0B 0A 25 A5 0B 01 31 02 DE 00 1D CD E1 C8 24 0C 18 25 A5 0C 01 31 03 CF 00 12 22 DA 25 A5 0C 01 31 
05 E6 3D 77 00 50 2D 10 50 (73)
                              [N12:Z] MOTOR_I 0 25 (25)
                              [N12:Z] [undefined] 61 119 0 80 (1031209040)
                              [N11:NG] NGSWSTATE 0 (0)
                              [N12:Z] MOTOR_I 0 18 (18)
                              [N12:Z] [undefined] 61 119 0 80 (1031209040)
2026-04-23 12:36:16:194 [IN ] C8 24 0C 18 25 A5 0C 01 31 03 CF 00 11 21 D9 25 A5 0C 01 31 05 E6 3D 77 00 50 2D 10 50 C8 24 0C 18 25 A5 0C 01 31 03 CF 00 1B 2B E3 25 A5 0C 01 31 05 E6 3D 77 00 50 2D 10 50 (58)
                              [N12:Z] MOTOR_I 0 17 (17)
                              [N12:Z] [undefined] 61 119 0 80 (1031209040)
                              [N12:Z] MOTOR_I 0 27 (27)
                              [N12:Z] [undefined] 61 119 0 80 (1031209040)
2026-04-23 12:36:16:397 [IN ] C8 24 0C 18 25 A5 0C 01 31 03 CF 00 1F 2F E7 25 A5 0C 01 31 05 E6 3D 77 00 50 2D 10 50 C8 24 0C 18 25 A5 0C 01 31 03 CF 00 2C 3C F4 25 A5 0C 01 31 05 E6 3D 77 00 50 2D 10 50 (58)
                              [N12:Z] MOTOR_I 0 31 (31)
                              [N12:Z] [undefined] 61 119 0 80 (1031209040)
                              [N12:Z] MOTOR_I 0 44 (44)
                              [N12:Z] [undefined] 61 119 0 80 (1031209040)
2026-04-23 12:36:16:600 [IN ] C8 24 0C 18 25 A5 0C 01 31 03 CF 00 15 25 DD 25 A5 0C 01 31 05 E6 3D 77 00 50 2D 10 50 C8 24 0C 18 25 A5 0C 01 31 03 CF 00 0D 1D D5 25 A5 0C 01 31 05 E6 3D 77 00 50 2D 10 50 (58)
                              [N12:Z] MOTOR_I 0 21 (21)
                              [N12:Z] [undefined] 61 119 0 80 (1031209040)
                              [N12:Z] MOTOR_I 0 13 (13)
                              [N12:Z] [undefined] 61 119 0 80 (1031209040)
2026-04-23 12:36:16:803 [IN ] C8 24 0C 18 25 A5 0C 01 31 03 CF 00 0F 1F D7 25 A5 0C 01 31 05 E6 3D 77 00 50 2D 10 50 C8 24 0C 15 25 A5 0C 01 31 03 CF 00 1A 2A E2 25 A5 0C 01 31 05 E6 3D 77 00 50 (55)
                              [N12:Z] MOTOR_I 0 15 (15)
                              [N12:Z] [undefined] 61 119 0 80 (1031209040)
                              [N12:Z] MOTOR_I 0 26 (26)
2026-04-23 12:36:17:005 [IN ] C8 24 0C 1B 50 2D 10 25 A5 0C 01 31 03 CF 00 26 36 EE 25 A5 0C 01 31 05 E6 3D 77 00 50 2D 10 0C C8 24 0B 0A 25 A5 0B 01 31 02 DE 00 1D CD 00 C8 24 0C 18 25 A5 0C 01 31 03 CF 00 16 26 DE 25 A5 
0C 01 31 05 E6 3D 77 00 50 2D 10 50 (76)
                              [N12:Z] [undefined] 61 119 0 80 (1031209040)
                              [N12:Z] MOTOR_I 0 38 (38)
                              [N12:Z] [undefined] 61 119 0 80 (1031209040)
                              [N11:NG] NGSWSTATE 0 (0)
                              [N12:Z] MOTOR_I 0 22 (22)
                              [N12:Z] [undefined] 61 119 0 80 (1031209040)
2026-04-23 12:36:17:207 [IN ] C8 24 04 0E 25 A5 04 01 31 06 81 45 FF EE 85 A5 19 B7 01 C8 24 0C 18 25 A5 0C 01 31 03 CF 00 10 20 D8 25 A5 0C 01 31 05 E6 3D 77 00 50 2D 10 50 C8 24 0C 18 25 A5 0C 01 31 03 CF 00 1D 2D E5 25 
A5 0C 01 31 05 E6 3D 77 00 50 2D 10 50 (77)
                              [N4:Y] TPOS 'E' 255 238 133 165 (-1145435)
                              [N12:Z] MOTOR_I 0 16 (16)
                              [N12:Z] [undefined] 61 119 0 80 (1031209040)
                              [N12:Z] MOTOR_I 0 29 (29)
                              [N12:Z] [undefined] 61 119 0 80 (1031209040)
2026-04-23 12:36:17:409 [IN ] C8 24 0C 18 25 A5 0C 01 31 03 CF 00 19 29 E1 25 A5 0C 01 31 05 E6 3D 77 00 50 2D 10 50 C8 24 0C 18 25 A5 0C 01 31 03 CF 00 23 33 EB 25 A5 0C 01 31 05 E6 3D 77 00 50 2D 10 50 (58)
                              [N12:Z] MOTOR_I 0 25 (25)
                              [N12:Z] [undefined] 61 119 0 80 (1031209040)
                              [N12:Z] MOTOR_I 0 35 (35)
                              [N12:Z] [undefined] 61 119 0 80 (1031209040)
2026-04-23 12:36:17:431 [OUT] 25 A5 01 09 31 05 81 FF E6 EA AB 3B 78 (13)
                              [N9:P] TPOS 255 230 234 171 (-1643861)
2026-04-23 12:36:17:453 [OUT] 25 A5 01 04 31 05 81 FF FD 50 01 09 B7 (13)
                              [N4:Y] TPOS 255 253 80 1 (-176127)
2026-04-23 12:36:17:476 [OUT] 25 A5 01 07 31 05 81 FF AB 19 75 F7 DF (13)
                              [N7:N] TPOS 255 171 25 117 (-5564043)
2026-04-23 12:36:17:500 [OUT] 25 A5 01 03 31 05 81 FF EC 4A AB 9B 1A (13)
                              [N3:X] TPOS 255 236 74 171 (-1291605)
2026-04-23 12:36:17:522 [OUT] 25 A5 01 06 31 02 D8 3F 51 DD (10)
                              [N6:H] INTERRUPT '?'
2026-04-23 12:36:17:523 [IN ] C8 24 0C 18 25 A5 0C 01 31 03 CF 00 1C 2C E4 25 A5 0C 01 31 05 E6 3D 77 00 50 2D 10 50 (29)
                              [N12:Z] MOTOR_I 0 28 (28)
                              [N12:Z] [undefined] 61 119 0 80 (1031209040)
2026-04-23 12:36:17:825 [IN ] C8 24 0C 18 25 A5 0C 01 31 03 CF 00 1D 2D E5 25 A5 0C 01 31 05 E6 3D 77 00 50 2D 10 50 C8 24 09 0E 25 A5 09 01 31 06 81 53 FF FF FF F4 06 A5 01 C8 24 0C 18 25 A5 0C 01 31 03 CF 00 14 24 DC 25 
A5 0C 01 31 05 E6 3D 77 00 50 2D 10 50 C8 24 04 0E 25 A5 04 01 31 06 81 53 FF EE 85 A5 27 FD 01 C8 24 0C 18 25 A5 0C 01 31 03 CF 00 1E 2E E6 25 A5 0C 01 31 05 E6 3D 77 00 50 2D 10 50 (125)
                              [N12:Z] MOTOR_I 0 29 (29)
                              [N12:Z] [undefined] 61 119 0 80 (1031209040)
                              [N9:P] TPOS 'S' 255 255 255 244 (-12)
                              [N12:Z] MOTOR_I 0 20 (20)
                              [N12:Z] [undefined] 61 119 0 80 (1031209040)
                              [N4:Y] TPOS 'S' 255 238 133 165 (-1145435)
                              [N12:Z] MOTOR_I 0 30 (30)
                              [N12:Z] [undefined] 61 119 0 80 (1031209040)
2026-04-23 12:36:18:128 [IN ] C8 24 07 0E 25 A5 07 01 31 06 81 53 FF FF FF FE 0E 9B 01 C8 24 0C 0E 25 A5 0C 01 31 03 CF 00 22 32 EA 25 A5 0C 01 C8 24 0B 0A 25 A5 0B 01 31 02 DE 00 1D CD EA C8 24 0C 0A 01 31 05 E6 3D 77 00 
50 2D 10 EA C8 24 0C 18 25 A5 0C 01 31 03 CF 00 27 37 EF 25 A5 0C 01 31 05 E6 3D 77 00 50 2D 10 50 C8 24 03 0E 25 A5 03 01 31 06 81 53 00 00 00 00 0F 7E 01 C8 24 0C 0B 25 A5 0C 01 31 03 81 5A 
4C 68 DE 00 C8 24 0C 18 25 A5 0C 01 31 03 CF 00 00 10 C8 25 A5 0C 01 31 05 E6 3D 77 00 00 DD C0 50 C8 24 06 0C 25 A5 06 01 31 04 D8 3A 01 01 50 82 A5 C8 24 0C 0A 25 A5 0C 01 31 02 81 49 0A 62 
50 (193)
                              [N7:N] TPOS 'S' 255 255 255 254 (-2)
                              [N12:Z] MOTOR_I 0 34 (34)
                              [N12:Z] MOTOR_I 0 39 (39)
                              [N12:Z] [undefined] 61 119 0 80 (1031209040)
                              [N3:X] TPOS 'S' 0 0 0 0 (0)
                              [N12:Z] TPOS 'Z' 76 (76)
                              [N12:Z] MOTOR_I 0 0 (0)
                              [N12:Z] [undefined] 61 119 0 0 (1031208960)
                              [N6:H] INTERRUPT ':' 1 1 (257)
                              [N12:Z] TPOS 'I'
2026-04-23 12:36:18:149 [OUT] 25 A5 01 06 31 03 C9 3D 0B 4C 0C (11)
                              [N6:H] LFLAG '=' 11 (11)
2026-04-23 12:36:18:172 [OUT] 25 A5 01 0C 31 03 C9 3D 09 50 2E (11)
                              [N12:Z] LFLAG '=' 9 (9)
2026-04-23 12:36:18:216 [IN ] C8 24 0C 18 25 A5 0C 01 31 03 CF 00 00 10 C8 25 A5 0C 01 31 05 E6 3D 77 00 00 DD C0 50 (29)
                              [N12:Z] MOTOR_I 0 0 (0)
                              [N12:Z] [undefined] 61 119 0 0 (1031208960)
2026-04-23 12:36:18:301 [IN ] C8 24 0C 18 25 A5 0C 01 31 03 CF 00 00 10 C8 25 A5 0C 01 31 05 E6 3D 77 00 00 DD C0 50 (29)
                              [N12:Z] MOTOR_I 0 0 (0)
                              [N12:Z] [undefined] 61 119 0 0 (1031208960)
2026-04-23 12:36:18:323 [IN ] C8 24 06 0B 25 A5 06 01 31 03 C9 3A 0B 49 0B 25 (16)
                              [N6:H] LFLAG ':' 11 (11)
2026-04-23 12:36:18:345 [OUT] 25 A5 01 06 31 03 88 FF B0 72 72 (11)
                              [N6:H] RUN 255 176 (-80)
2026-04-23 12:36:18:390 [IN ] C8 24 0C 18 25 A5 0C 01 31 03 CF 00 (12)
2026-04-23 12:36:18:411 [IN ] 00 10 C8 25 A5 0C 01 31 05 E6 3D 77 00 00 DD C0 50 C8 (18)
                              [N12:Z] MOTOR_I 0 0 (0)
                              [N12:Z] [undefined] 61 119 0 0 (1031208960)
2026-04-23 12:36:18:432 [IN ] 24 0C 0B 25 A5 0C 01 31 03 C9 3A 09 4D 33 25 (15)
                              [N12:Z] LFLAG ':' 9 (9)
2026-04-23 12:36:18:453 [OUT] 25 A5 01 0C 31 05 81 FF BC D0 00 4F 33 (13)
                              [N12:Z] TPOS 255 188 208 0 (-4403200)
2026-04-23 12:36:18:516 [IN ] C8 24 0C 18 25 A5 0C 01 31 03 CF 00 00 10 C8 25 A5 0C 01 31 05 E6 3D 77 00 00 DD C0 50 (29)
                              [N12:Z] MOTOR_I 0 0 (0)
                              [N12:Z] [undefined] 61 119 0 0 (1031208960)
2026-04-23 12:36:18:538 [IN ] C8 24 06 0C 25 A5 06 01 31 04 88 53 FF B0 C6 38 A5 (17)
                              [N6:H] RUN 'S' 255 176 (-80)
2026-04-23 12:36:18:600 [IN ] C8 24 0C 18 25 A5 0C 01 31 03 CF 00 00 10 C8 25 A5 0C 01 31 05 E6 3D 77 00 00 DD C0 50 (29)
                              [N12:Z] MOTOR_I 0 0 (0)
                              [N12:Z] [undefined] 61 119 0 0 (1031208960)
2026-04-23 12:36:18:663 [IN ] C8 24 0C 0E 25 A5 0C 01 31 06 81 53 FF FF FF 83 98 52 01 (19)
                              [N12:Z] TPOS 'S' 255 255 255 131 (-125)
2026-04-23 12:36:18:864 [IN ] C8 24 0C 18 25 A5 0C 01 31 03 CF 00 1B 2B E3 25 A5 0C 01 31 05 E6 3D 77 FF B0 8C 6E 50 C8 24 0C 18 25 A5 0C 01 31 03 CF 00 29 39 F1 25 A5 0C 01 31 05 E6 3D 77 FF B0 8C 6E 50 (58)
                              [N12:Z] MOTOR_I 0 27 (27)
                              [N12:Z] [undefined] 61 119 255 176 (1031274416)
                              [N12:Z] MOTOR_I 0 41 (41)
                              [N12:Z] [undefined] 61 119 255 176 (1031274416)
2026-04-23 12:36:19:066 [IN ] C8 24 0C 18 25 A5 0C 01 31 03 CF 00 2B 3B F3 25 A5 0C 01 31 05 E6 3D 77 FF B0 8C 6E 50 C8 24 0B 0A 25 A5 0B 01 31 02 DE 00 1D CD F3 C8 24 0C 18 25 A5 0C 01 31 03 CF 00 15 25 DD 25 A5 0C 01 31 
05 E6 3D 77 FF B0 8C 6E 50 (73)
                              [N12:Z] MOTOR_I 0 43 (43)
                              [N12:Z] [undefined] 61 119 255 176 (1031274416)
                              [N11:NG] NGSWSTATE 0 (0)
                              [N12:Z] MOTOR_I 0 21 (21)
                              [N12:Z] [undefined] 61 119 255 176 (1031274416)
2026-04-23 12:36:19:267 [IN ] C8 24 0C 15 25 A5 0C 01 31 03 CF 00 0E 1E D6 25 A5 0C 01 31 05 E6 3D 77 FF B0 C8 24 0C 1B B0 8C 6E 25 A5 0C 01 31 03 CF 00 20 30 E8 25 A5 0C 01 31 05 E6 3D 77 FF B0 8C 6E 0C (58)
                              [N12:Z] MOTOR_I 0 14 (14)
                              [N12:Z] [undefined] 61 119 255 176 (1031274416)
                              [N12:Z] MOTOR_I 0 32 (32)
                              [N12:Z] [undefined] 61 119 255 176 (1031274416)
2026-04-23 12:36:19:469 [IN ] C8 24 0C 18 25 A5 0C 01 31 03 CF 00 22 32 EA 25 A5 0C 01 31 05 E6 3D 77 FF B0 8C 6E B0 C8 24 0C 18 25 A5 0C 01 31 03 CF 00 1D 2D E5 25 A5 0C 01 31 05 E6 3D 77 FF B0 8C 6E B0 (58)
                              [N12:Z] MOTOR_I 0 34 (34)
                              [N12:Z] [undefined] 61 119 255 176 (1031274416)
                              [N12:Z] MOTOR_I 0 29 (29)
                              [N12:Z] [undefined] 61 119 255 176 (1031274416)
2026-04-23 12:36:19:670 [IN ] C8 24 0C 18 25 A5 0C 01 31 03 CF 00 1C 2C E4 25 A5 0C 01 31 05 E6 3D 77 FF B0 8C 6E B0 C8 24 0C 18 25 A5 0C 01 31 03 CF 00 1A 2A E2 25 A5 0C 01 31 05 E6 3D 77 FF B0 8C 6E B0 (58)
                              [N12:Z] MOTOR_I 0 28 (28)
                              [N12:Z] [undefined] 61 119 255 176 (1031274416)
                              [N12:Z] MOTOR_I 0 26 (26)
                              [N12:Z] [undefined] 61 119 255 176 (1031274416)
2026-04-23 12:36:19:872 [IN ] C8 24 0C 18 25 A5 0C 01 31 03 CF 00 1D 2D E5 25 A5 0C 01 31 05 E6 3D 77 FF B0 8C 6E B0 C8 24 0C 18 25 A5 0C 01 31 03 CF 00 23 33 EB 25 A5 0C 01 31 05 E6 3D 77 FF B0 8C 6E B0 (58)
                              [N12:Z] MOTOR_I 0 29 (29)
                              [N12:Z] [undefined] 61 119 255 176 (1031274416)
                              [N12:Z] MOTOR_I 0 35 (35)
                              [N12:Z] [undefined] 61 119 255 176 (1031274416)
2026-04-23 12:36:20:073 [IN ] C8 24 0C 18 25 A5 0C 01 31 03 CF 00 29 39 F1 25 A5 0C 01 31 05 E6 3D 77 FF B0 8C 6E B0 C8 24 0B 0A 25 A5 0B 01 31 02 DE 00 1D CD F1 C8 24 0C 18 25 A5 0C 01 31 03 CF 00 20 30 E8 25 A5 0C 01 31 
05 E6 3D 77 FF B0 8C 6E B0 (73)
                              [N12:Z] MOTOR_I 0 41 (41)
                              [N12:Z] [undefined] 61 119 255 176 (1031274416)
                              [N11:NG] NGSWSTATE 0 (0)
                              [N12:Z] MOTOR_I 0 32 (32)
                              [N12:Z] [undefined] 61 119 255 176 (1031274416)
2026-04-23 12:36:20:275 [IN ] C8 24 0C 18 25 A5 0C 01 31 03 CF 00 20 30 E8 25 A5 0C 01 31 05 E6 3D 77 FF B0 8C 6E B0 C8 24 0C 0E 25 A5 0C 01 31 03 CF 00 12 22 DA 25 A5 0C 01 C8 24 0C 0A 01 31 05 E6 3D 77 FF B0 8C 6E DA (63)
                              [N12:Z] MOTOR_I 0 32 (32)
                              [N12:Z] [undefined] 61 119 255 176 (1031274416)
                              [N12:Z] MOTOR_I 0 18 (18)
                              [N12:Z] [undefined] 61 119 255 176 (1031274416)
2026-04-23 12:36:20:477 [IN ] C8 24 0C 18 25 A5 0C 01 31 03 CF 00 26 36 EE 25 A5 0C 01 31 05 E6 3D 77 FF B0 8C 6E B0 C8 24 0C 18 25 A5 0C 01 31 03 CF 00 26 36 EE 25 A5 0C 01 31 05 E6 3D 77 FF B0 8C 6E B0 (58)
                              [N12:Z] MOTOR_I 0 38 (38)
                              [N12:Z] [undefined] 61 119 255 176 (1031274416)
                              [N12:Z] MOTOR_I 0 38 (38)
                              [N12:Z] [undefined] 61 119 255 176 (1031274416)
2026-04-23 12:36:20:679 [IN ] C8 24 0C 18 25 A5 0C 01 31 03 CF 00 24 34 EC 25 A5 0C 01 31 05 E6 3D 77 FF B0 8C 6E B0 C8 24 0C 18 25 A5 0C 01 31 03 CF 00 28 38 F0 25 A5 0C 01 31 05 E6 3D 77 FF B0 8C 6E B0 (58)
                              [N12:Z] MOTOR_I 0 36 (36)
                              [N12:Z] [undefined] 61 119 255 176 (1031274416)
                              [N12:Z] MOTOR_I 0 40 (40)
                              [N12:Z] [undefined] 61 119 255 176 (1031274416)
2026-04-23 12:36:20:880 [IN ] C8 24 0C 18 25 A5 0C 01 31 03 CF 00 11 21 D9 25 A5 0C 01 31 05 E6 3D 77 FF B0 8C 6E B0 C8 24 0C 18 25 A5 0C 01 31 03 CF 00 21 31 E9 25 A5 0C 01 31 05 E6 3D 77 FF B0 8C 6E B0 (58)
                              [N12:Z] MOTOR_I 0 17 (17)
                              [N12:Z] [undefined] 61 119 255 176 (1031274416)
                              [N12:Z] MOTOR_I 0 33 (33)
                              [N12:Z] [undefined] 61 119 255 176 (1031274416)
2026-04-23 12:36:21:082 [IN ] C8 24 0C 18 25 A5 0C 01 31 03 CF 00 1B 2B E3 25 A5 0C 01 31 05 E6 3D 77 FF B0 8C 6E B0 C8 24 0B 0A 25 A5 0B 01 31 02 DE 00 1D CD E3 C8 24 0C 18 25 A5 0C 01 31 03 CF 00 1C 2C E4 25 A5 0C 01 31 
05 E6 3D 77 FF B0 8C 6E B0 (73)
                              [N12:Z] MOTOR_I 0 27 (27)
                              [N12:Z] [undefined] 61 119 255 176 (1031274416)
                              [N11:NG] NGSWSTATE 0 (0)
                              [N12:Z] MOTOR_I 0 28 (28)
                              [N12:Z] [undefined] 61 119 255 176 (1031274416)
2026-04-23 12:36:21:284 [IN ] C8 24 0C 18 25 A5 0C 01 31 03 CF 00 10 20 D8 25 A5 0C 01 31 05 E6 3D 77 FF B0 8C 6E B0 C8 24 0C 18 25 A5 0C 01 31 03 CF 00 11 21 D9 25 A5 0C 01 31 05 E6 3D 77 FF B0 8C 6E B0 (58)
                              [N12:Z] MOTOR_I 0 16 (16)
                              [N12:Z] [undefined] 61 119 255 176 (1031274416)
                              [N12:Z] MOTOR_I 0 17 (17)
                              [N12:Z] [undefined] 61 119 255 176 (1031274416)
2026-04-23 12:36:21:485 [IN ] C8 24 0C 18 25 A5 0C 01 31 03 CF 00 17 27 DF 25 A5 0C 01 31 05 E6 3D 77 FF B0 8C 6E B0 C8 24 0C 15 25 A5 0C 01 31 03 CF 00 22 32 EA 25 A5 0C 01 31 05 E6 3D 77 FF B0 (55)
                              [N12:Z] MOTOR_I 0 23 (23)
                              [N12:Z] [undefined] 61 119 255 176 (1031274416)
                              [N12:Z] MOTOR_I 0 34 (34)
2026-04-23 12:36:21:688 [IN ] C8 24 0C 1B B0 8C 6E 25 A5 0C 01 31 03 CF 00 27 37 EF 25 A5 0C 01 31 05 E6 3D 77 FF B0 8C 6E 0C C8 24 0C 18 25 A5 0C 01 31 03 CF 00 14 24 DC 25 A5 0C 01 31 05 E6 3D 77 FF B0 8C 6E B0 (61)
                              [N12:Z] [undefined] 61 119 255 176 (1031274416)
                              [N12:Z] MOTOR_I 0 39 (39)
                              [N12:Z] [undefined] 61 119 255 176 (1031274416)
                              [N12:Z] MOTOR_I 0 20 (20)
                              [N12:Z] [undefined] 61 119 255 176 (1031274416)
2026-04-23 12:36:21:891 [IN ] C8 24 0C 18 25 A5 0C 01 31 03 CF 00 1F 2F E7 25 A5 0C 01 31 05 E6 3D 77 FF B0 8C 6E B0 C8 24 0C 18 25 A5 0C 01 31 03 CF 00 17 27 DF 25 A5 0C 01 31 05 E6 3D 77 FF B0 8C 6E B0 (58)
                              [N12:Z] MOTOR_I 0 31 (31)
                              [N12:Z] [undefined] 61 119 255 176 (1031274416)
                              [N12:Z] MOTOR_I 0 23 (23)
                              [N12:Z] [undefined] 61 119 255 176 (1031274416)
2026-04-23 12:36:22:092 [IN ] C8 24 0C 18 25 A5 0C 01 31 03 CF 00 29 39 F1 25 A5 0C 01 31 05 E6 3D 77 FF B0 8C 6E B0 C8 24 0B 0A 25 A5 0B 01 31 02 DE 00 1D CD F1 C8 24 0C 18 25 A5 0C 01 31 03 CF 00 16 26 DE 25 A5 0C 01 31 
05 E6 3D 77 FF B0 8C 6E B0 (73)
                              [N12:Z] MOTOR_I 0 41 (41)
                              [N12:Z] [undefined] 61 119 255 176 (1031274416)
                              [N11:NG] NGSWSTATE 0 (0)
                              [N12:Z] MOTOR_I 0 22 (22)
                              [N12:Z] [undefined] 61 119 255 176 (1031274416)
2026-04-23 12:36:22:293 [IN ] C8 24 0C 18 25 A5 0C 01 31 03 CF 00 1D 2D E5 25 A5 0C 01 31 05 E6 3D 77 FF B0 8C 6E B0 C8 24 0C 18 25 A5 0C 01 31 03 CF 00 1B 2B E3 25 A5 0C 01 31 05 E6 3D 77 FF B0 8C 6E B0 (58)
                              [N12:Z] MOTOR_I 0 29 (29)
                              [N12:Z] [undefined] 61 119 255 176 (1031274416)
                              [N12:Z] MOTOR_I 0 27 (27)
                              [N12:Z] [undefined] 61 119 255 176 (1031274416)
2026-04-23 12:36:22:494 [IN ] C8 24 0C 18 25 A5 0C 01 31 03 CF 00 1C 2C E4 25 A5 0C 01 31 05 E6 3D 77 FF B0 8C 6E B0 C8 24 0C 18 25 A5 0C 01 31 03 CF 00 16 26 DE 25 A5 0C 01 31 05 E6 3D 77 FF B0 8C 6E B0 (58)
                              [N12:Z] MOTOR_I 0 28 (28)
                              [N12:Z] [undefined] 61 119 255 176 (1031274416)
                              [N12:Z] MOTOR_I 0 22 (22)
                              [N12:Z] [undefined] 61 119 255 176 (1031274416)
2026-04-23 12:36:22:696 [IN ] C8 24 06 0B 25 A5 06 01 31 03 81 5A 4C 62 B4 25 C8 24 0C 0E 25 A5 0C 01 31 03 CF 00 1C 2C E4 25 A5 0C 01 C8 24 0C 0A 01 31 05 E6 3D 77 FF B0 8C 6E E4 C8 24 06 0A 25 A5 06 01 31 02 81 49 04 3E 
E4 C8 24 0C 18 25 A5 0C 01 31 03 CF 00 29 39 F1 25 A5 0C 01 31 05 E6 3D 77 FF B0 8C 6E B0 (94)
                              [N6:H] TPOS 'Z' 76 (76)
                              [N12:Z] MOTOR_I 0 28 (28)
                              [N12:Z] [undefined] 61 119 255 176 (1031274416)
                              [N6:H] TPOS 'I'
                              [N12:Z] MOTOR_I 0 41 (41)
                              [N12:Z] [undefined] 61 119 255 176 (1031274416)
2026-04-23 12:36:22:899 [IN ] C8 24 0C 18 25 A5 0C 01 31 03 CF 00 1B 2B E3 25 A5 0C 01 31 05 E6 3D 77 FF B0 8C 6E B0 C8 24 0C 18 25 A5 0C 01 31 03 CF 00 20 30 E8 25 A5 0C 01 31 05 E6 3D 77 FF B0 8C 6E B0 (58)
                              [N12:Z] MOTOR_I 0 27 (27)
                              [N12:Z] [undefined] 61 119 255 176 (1031274416)
                              [N12:Z] MOTOR_I 0 32 (32)
                              [N12:Z] [undefined] 61 119 255 176 (1031274416)
2026-04-23 12:36:22:920 [OUT] 25 A5 01 06 31 03 C9 3D 09 4A 0A (11)
                              [N6:H] LFLAG '=' 9 (9)
2026-04-23 12:36:22:943 [IN ] C8 24 0C 18 25 A5 0C 01 31 03 CF 00 25 35 ED 25 A5 0C 01 31 05 E6 3D 77 FF B0 8C 6E B0 C8 24 0B 0A 25 A5 0B 01 31 02 DE 00 1D CD ED (44)
                              [N12:Z] MOTOR_I 0 37 (37)
                              [N12:Z] [undefined] 61 119 255 176 (1031274416)
                              [N11:NG] NGSWSTATE 0 (0)
2026-04-23 12:36:23:048 [IN ] C8 24 0C 18 25 A5 0C 01 31 03 CF 00 24 34 EC 25 A5 0C 01 31 05 E6 3D 77 FF B0 8C 6E B0 (29)
                              [N12:Z] MOTOR_I 0 36 (36)
                              [N12:Z] [undefined] 61 119 255 176 (1031274416)
2026-04-23 12:36:23:070 [IN ] C8 24 06 0B 25 A5 06 01 31 03 C9 3A 09 47 09 (15)
                              [N6:H] LFLAG ':' 9 (9)
2026-04-23 12:36:23:091 [OUT] 25 A5 01 06 31 03 84 00 50 0F 08 (11)
                              [N6:H] VEL 0 80 (80)
2026-04-23 12:36:23:092 [IN ] 25 (1)
2026-04-23 12:36:23:133 [IN ] C8 24 0C 18 25 A5 0C 01 31 03 CF 00 1A 2A E2 25 A5 0C 01 31 05 E6 3D 77 FF B0 8C 6E B0 (29)
                              [N12:Z] MOTOR_I 0 26 (26)
                              [N12:Z] [undefined] 61 119 255 176 (1031274416)
2026-04-23 12:36:23:239 [IN ] C8 24 0C 18 25 A5 0C 01 31 03 CF 00 14 24 DC 25 A5 0C 01 (19)
2026-04-23 12:36:23:260 [IN ] 31 05 E6 3D 77 FF B0 8C 6E B0 C8 24 06 0C 25 A5 06 01 31 04 84 53 00 50 63 CA A5 (27)
                              [N12:Z] MOTOR_I 0 20 (20)
                              [N12:Z] [undefined] 61 119 255 176 (1031274416)
                              [N6:H] VEL 'S' 0 80 (80)
2026-04-23 12:36:23:282 [OUT] 25 A5 01 06 31 05 81 00 19 82 3C 95 BE (13)
                              [N6:H] TPOS 0 25 130 60 (1671740)
2026-04-23 12:36:23:345 [IN ] C8 24 0C 18 25 A5 0C 01 31 03 CF 00 1E 2E E6 25 A5 0C 01 31 05 E6 3D 77 FF B0 8C 6E B0 (29)
                              [N12:Z] MOTOR_I 0 30 (30)
                              [N12:Z] [undefined] 61 119 255 176 (1031274416)
2026-04-23 12:36:23:449 [IN ] C8 24 0C 18 25 A5 0C 01 31 03 CF 00 24 34 EC 25 A5 0C 01 31 05 E6 3D 77 FF B0 8C 6E B0 (29)
                              [N12:Z] MOTOR_I 0 36 (36)
                              [N12:Z] [undefined] 61 119 255 176 (1031274416)
2026-04-23 12:36:23:471 [IN ] C8 24 06 0E 25 A5 06 01 31 06 81 53 FF FF FF FF 0E 92 01 (19)
                              [N6:H] TPOS 'S' 255 255 255 255 (-1)
2026-04-23 12:36:23:672 [IN ] C8 24 0C 18 25 A5 0C 01 31 03 CF 00 1E 2E E6 25 A5 0C 01 31 05 E6 3D 77 FF B0 8C 6E B0 C8 24 0C 18 25 A5 0C 01 31 03 CF 00 1C 2C E4 25 A5 0C 01 31 05 E6 3D 77 FF B0 8C 6E B0 (58)
                              [N12:Z] MOTOR_I 0 30 (30)
                              [N12:Z] [undefined] 61 119 255 176 (1031274416)
                              [N12:Z] MOTOR_I 0 28 (28)
                              [N12:Z] [undefined] 61 119 255 176 (1031274416)
2026-04-23 12:36:23:873 [IN ] C8 24 0C 15 25 A5 0C 01 31 03 CF 00 27 37 EF 25 A5 0C 01 31 05 E6 3D 77 FF B0 C8 24 0C 1B B0 8C 6E 25 A5 0C 01 31 03 CF 00 24 34 EC 25 A5 0C 01 31 05 E6 3D 77 FF B0 8C 6E 0C (58)
                              [N12:Z] MOTOR_I 0 39 (39)
                              [N12:Z] [undefined] 61 119 255 176 (1031274416)
                              [N12:Z] MOTOR_I 0 36 (36)
                              [N12:Z] [undefined] 61 119 255 176 (1031274416)
2026-04-23 12:36:24:075 [IN ] C8 24 0C 18 25 A5 0C 01 31 03 CF 00 13 23 DB 25 A5 0C 01 31 05 E6 3D 77 FF B0 8C 6E B0 C8 24 0B 0A 25 A5 0B 01 31 02 DE 00 1D CD DB C8 24 0C 18 25 A5 0C 01 31 03 CF 00 27 37 EF 25 A5 0C 01 31 
05 E6 3D 77 FF B0 8C 6E B0 (73)
                              [N12:Z] MOTOR_I 0 19 (19)
                              [N12:Z] [undefined] 61 119 255 176 (1031274416)
                              [N11:NG] NGSWSTATE 0 (0)
                              [N12:Z] MOTOR_I 0 39 (39)
                              [N12:Z] [undefined] 61 119 255 176 (1031274416)
2026-04-23 12:36:24:277 [IN ] C8 24 0C 18 25 A5 0C 01 31 03 CF 00 20 30 E8 25 A5 0C 01 31 05 E6 3D 77 FF B0 8C 6E B0 C8 24 0C 18 25 A5 0C 01 31 03 CF 00 27 37 EF 25 A5 0C 01 31 05 E6 3D 77 FF B0 8C 6E B0 (58)
                              [N12:Z] MOTOR_I 0 32 (32)
                              [N12:Z] [undefined] 61 119 255 176 (1031274416)
                              [N12:Z] MOTOR_I 0 39 (39)
                              [N12:Z] [undefined] 61 119 255 176 (1031274416)
2026-04-23 12:36:24:478 [IN ] C8 24 0C 18 25 A5 0C 01 31 03 CF 00 1C 2C E4 25 A5 0C 01 31 05 E6 3D 77 FF B0 8C 6E B0 C8 24 0C 18 25 A5 0C 01 31 03 CF 00 19 29 E1 25 A5 0C 01 31 05 E6 3D 77 FF B0 8C 6E B0 (58)
                              [N12:Z] MOTOR_I 0 28 (28)
                              [N12:Z] [undefined] 61 119 255 176 (1031274416)
                              [N12:Z] MOTOR_I 0 25 (25)
                              [N12:Z] [undefined] 61 119 255 176 (1031274416)
2026-04-23 12:36:24:680 [IN ] C8 24 0C 18 25 A5 0C 01 31 03 CF 00 0D 1D D5 25 A5 0C 01 31 05 E6 3D 77 FF B0 8C 6E B0 C8 24 0C 18 25 A5 0C 01 31 03 CF 00 29 39 F1 25 A5 0C 01 31 05 E6 3D 77 FF B0 8C 6E B0 (58)
                              [N12:Z] MOTOR_I 0 13 (13)
                              [N12:Z] [undefined] 61 119 255 176 (1031274416)
                              [N12:Z] MOTOR_I 0 41 (41)
                              [N12:Z] [undefined] 61 119 255 176 (1031274416)
2026-04-23 12:36:24:881 [IN ] C8 24 0C 18 25 A5 0C 01 31 03 CF 00 30 40 F8 25 A5 0C 01 31 05 E6 3D 77 FF B0 8C 6E B0 C8 24 0C 0E 25 A5 0C 01 31 03 CF 00 14 24 DC 25 A5 0C 01 C8 24 0C 0A 01 31 05 E6 3D 77 FF B0 8C 6E DC (63)
                              [N12:Z] MOTOR_I 0 48 (48)
                              [N12:Z] [undefined] 61 119 255 176 (1031274416)
                              [N12:Z] MOTOR_I 0 20 (20)
                              [N12:Z] [undefined] 61 119 255 176 (1031274416)
2026-04-23 12:36:25:083 [IN ] C8 24 0C 18 25 A5 0C 01 31 03 CF 00 18 28 E0 25 A5 0C 01 31 05 E6 3D 77 FF B0 8C 6E B0 C8 24 0B 0A 25 A5 0B 01 31 02 DE 00 1D CD E0 C8 24 03 0E 25 A5 03 01 31 06 81 45 FF EC 48 A3 D7 2B 01 C8 
24 0C 18 25 A5 0C 01 31 03 CF 00 27 37 EF 25 A5 0C 01 31 05 E6 3D 77 FF B0 8C 6E B0 (92)
                              [N12:Z] MOTOR_I 0 24 (24)
                              [N12:Z] [undefined] 61 119 255 176 (1031274416)
                              [N11:NG] NGSWSTATE 0 (0)
                              [N3:X] TPOS 'E' 255 236 72 163 (-1292125)
                              [N12:Z] MOTOR_I 0 39 (39)
                              [N12:Z] [undefined] 61 119 255 176 (1031274416)
2026-04-23 12:36:25:286 [IN ] C8 24 0C 18 25 A5 0C 01 31 03 CF 00 22 32 EA 25 A5 0C 01 31 05 E6 3D 77 FF B0 8C 6E B0 C8 24 0C 18 25 A5 0C 01 31 03 CF 00 1F 2F E7 25 A5 0C 01 31 05 E6 3D 77 FF B0 8C 6E B0 (58)
                              [N12:Z] MOTOR_I 0 34 (34)
                              [N12:Z] [undefined] 61 119 255 176 (1031274416)
                              [N12:Z] MOTOR_I 0 31 (31)
                              [N12:Z] [undefined] 61 119 255 176 (1031274416)
2026-04-23 12:36:25:487 [IN ] C8 24 0C 18 25 A5 0C 01 31 03 CF 00 24 34 EC 25 A5 0C 01 31 05 E6 3D 77 FF B0 8C 6E B0 C8 24 0C 18 25 A5 0C 01 31 03 CF 00 1E 2E E6 25 A5 0C 01 31 05 E6 3D 77 FF B0 8C 6E B0 (58)
                              [N12:Z] MOTOR_I 0 36 (36)
                              [N12:Z] [undefined] 61 119 255 176 (1031274416)
                              [N12:Z] MOTOR_I 0 30 (30)
                              [N12:Z] [undefined] 61 119 255 176 (1031274416)
2026-04-23 12:36:25:510 [OUT] 25 A5 01 03 31 05 81 FF FD 50 01 08 AF (13)
                              [N3:X] TPOS 255 253 80 1 (-176127)
2026-04-23 12:36:25:553 [IN ] C8 24 0C 18 25 A5 (6)
2026-04-23 12:36:25:573 [IN ] 0C 01 31 03 CF 00 25 35 ED 25 A5 0C 01 31 05 E6 3D 77 FF B0 8C 6E B0 (23)
                              [N12:Z] MOTOR_I 0 37 (37)
                              [N12:Z] [undefined] 61 119 255 176 (1031274416)
2026-04-23 12:36:25:677 [IN ] C8 24 0C 18 25 A5 0C 01 31 03 CF 00 11 21 D9 25 A5 0C 01 31 05 E6 3D 77 FF B0 8C 6E B0 C8 24 03 0E 25 A5 03 01 31 06 81 53 (41)
                              [N12:Z] MOTOR_I 0 17 (17)
                              [N12:Z] [undefined] 61 119 255 176 (1031274416)
2026-04-23 12:36:25:698 [IN ] FF EC 48 A3 E5 71 01 C8 24 04 0E 25 A5 04 01 31 06 81 45 FF FD 4F C5 12 98 01 (26)
                              [N3:X] TPOS 'S' 255 236 72 163 (-1292125)
                              [N4:Y] TPOS 'E' 255 253 79 197 (-176187)
2026-04-23 12:36:25:900 [IN ] C8 24 0C 18 25 A5 0C 01 31 03 CF 00 2E 3E F6 25 A5 0C 01 31 05 E6 3D 77 FF B0 8C 6E B0 C8 24 0C 18 25 A5 0C 01 31 03 CF 00 2D 3D F5 25 A5 0C 01 31 05 E6 3D 77 FF B0 8C 6E B0 (58)
                              [N12:Z] MOTOR_I 0 46 (46)
                              [N12:Z] [undefined] 61 119 255 176 (1031274416)
                              [N12:Z] MOTOR_I 0 45 (45)
                              [N12:Z] [undefined] 61 119 255 176 (1031274416)
2026-04-23 12:36:26:101 [IN ] C8 24 0C 18 25 A5 0C 01 31 03 CF 00 2E 3E F6 25 A5 0C 01 31 05 E6 3D 77 FF B0 8C 6E B0 C8 24 0B 0A 25 A5 0B 01 31 02 DE 00 1D CD F6 C8 24 0C 15 25 A5 0C 01 31 03 CF 00 1C 2C E4 25 A5 0C 01 31 
05 E6 3D 77 FF B0 (70)
                              [N12:Z] MOTOR_I 0 46 (46)
                              [N12:Z] [undefined] 61 119 255 176 (1031274416)
                              [N11:NG] NGSWSTATE 0 (0)
                              [N12:Z] MOTOR_I 0 28 (28)
2026-04-23 12:36:26:304 [IN ] C8 24 0C 1B B0 8C 6E 25 A5 0C 01 31 03 CF 00 13 23 DB 25 A5 0C 01 31 05 E6 3D 77 FF B0 8C 6E 0C C8 24 0C 18 25 A5 0C 01 31 03 CF 00 1F 2F E7 25 A5 0C 01 31 05 E6 3D 77 FF B0 8C 6E B0 (61)
                              [N12:Z] [undefined] 61 119 255 176 (1031274416)
                              [N12:Z] MOTOR_I 0 19 (19)
                              [N12:Z] [undefined] 61 119 255 176 (1031274416)
                              [N12:Z] MOTOR_I 0 31 (31)
                              [N12:Z] [undefined] 61 119 255 176 (1031274416)
2026-04-23 12:36:26:505 [IN ] C8 24 0C 18 25 A5 0C 01 31 03 CF 00 15 25 DD 25 A5 0C 01 31 05 E6 3D 77 FF B0 8C 6E B0 C8 24 0C 18 25 A5 0C 01 31 03 CF 00 1B 2B E3 25 A5 0C 01 31 05 E6 3D 77 FF B0 8C 6E B0 (58)
                              [N12:Z] MOTOR_I 0 21 (21)
                              [N12:Z] [undefined] 61 119 255 176 (1031274416)
                              [N12:Z] MOTOR_I 0 27 (27)
                              [N12:Z] [undefined] 61 119 255 176 (1031274416)
2026-04-23 12:36:26:707 [IN ] C8 24 0C 18 25 A5 0C 01 31 03 CF 00 23 33 EB 25 A5 0C 01 31 05 E6 3D 77 FF B0 8C 6E B0 C8 24 0C 18 25 A5 0C 01 31 03 CF 00 1E 2E E6 25 A5 0C 01 31 05 E6 3D 77 FF B0 8C 6E B0 (58)
                              [N12:Z] MOTOR_I 0 35 (35)
                              [N12:Z] [undefined] 61 119 255 176 (1031274416)
                              [N12:Z] MOTOR_I 0 30 (30)
                              [N12:Z] [undefined] 61 119 255 176 (1031274416)
2026-04-23 12:36:26:908 [IN ] C8 24 0C 18 25 A5 0C 01 31 03 CF 00 23 33 EB 25 A5 0C 01 31 05 E6 3D 77 FF B0 8C 6E B0 C8 24 0C 18 25 A5 0C 01 31 03 CF 00 26 36 EE 25 A5 0C 01 31 05 E6 3D 77 FF B0 8C 6E B0 (58)
                              [N12:Z] MOTOR_I 0 35 (35)
                              [N12:Z] [undefined] 61 119 255 176 (1031274416)
                              [N12:Z] MOTOR_I 0 38 (38)
                              [N12:Z] [undefined] 61 119 255 176 (1031274416)
2026-04-23 12:36:27:110 [IN ] C8 24 0C 18 25 A5 0C 01 31 03 CF 00 23 33 EB 25 A5 0C 01 31 05 E6 3D 77 FF B0 8C 6E B0 C8 24 0B 0A 25 A5 0B 01 31 02 DE 00 1D CD EB C8 24 0C 18 25 A5 0C 01 31 03 CF 00 22 32 EA 25 A5 0C 01 31 
05 E6 3D 77 FF B0 8C 6E B0 (73)
                              [N12:Z] MOTOR_I 0 35 (35)
                              [N12:Z] [undefined] 61 119 255 176 (1031274416)
                              [N11:NG] NGSWSTATE 0 (0)
                              [N12:Z] MOTOR_I 0 34 (34)
                              [N12:Z] [undefined] 61 119 255 176 (1031274416)
2026-04-23 12:36:27:312 [IN ] C8 24 0C 0E 25 A5 0C 01 31 03 CF 00 1B 2B E3 25 A5 0C 01 C8 24 0C 0A 01 31 05 E6 3D 77 FF B0 8C 6E E3 C8 24 0C 15 25 A5 0C 01 31 03 CF 00 12 22 DA 25 A5 0C 01 31 05 E6 3D 77 FF B0 (60)
                              [N12:Z] MOTOR_I 0 27 (27)
                              [N12:Z] [undefined] 61 119 255 176 (1031274416)
                              [N12:Z] MOTOR_I 0 18 (18)
2026-04-23 12:36:27:513 [IN ] C8 24 0C 1B B0 8C 6E 25 A5 0C 01 31 03 CF 00 24 34 EC 25 A5 0C 01 31 05 E6 3D 77 FF B0 8C 6E 0C C8 24 09 0E 25 A5 09 01 31 06 81 45 FF E6 E8 65 39 57 25 C8 24 0C 18 25 A5 0C 01 31 03 CF 00 1D 
2D E5 25 A5 0C 01 31 05 E6 3D 77 FF B0 8C 6E B0 (80)
                              [N12:Z] [undefined] 61 119 255 176 (1031274416)
                              [N12:Z] MOTOR_I 0 36 (36)
                              [N12:Z] [undefined] 61 119 255 176 (1031274416)
                              [N9:P] TPOS 'E' 255 230 232 101 (-1644443)
                              [N12:Z] MOTOR_I 0 29 (29)
                              [N12:Z] [undefined] 61 119 255 176 (1031274416)
2026-04-23 12:36:27:715 [IN ] C8 24 0C 18 25 A5 0C 01 31 03 CF 00 15 25 DD 25 A5 0C 01 31 05 E6 3D 77 FF B0 8C 6E B0 C8 24 0C 18 25 A5 0C 01 31 03 CF 00 11 21 D9 25 A5 0C 01 31 05 E6 3D 77 FF B0 8C 6E B0 (58)
                              [N12:Z] MOTOR_I 0 21 (21)
                              [N12:Z] [undefined] 61 119 255 176 (1031274416)
                              [N12:Z] MOTOR_I 0 17 (17)
                              [N12:Z] [undefined] 61 119 255 176 (1031274416)
2026-04-23 12:36:27:917 [IN ] C8 24 0C 18 25 A5 0C 01 31 03 CF 00 1C 2C E4 25 A5 0C 01 31 05 E6 3D 77 FF B0 8C 6E B0 C8 24 0C 18 25 A5 0C 01 31 03 CF 00 1F 2F E7 25 A5 0C 01 31 05 E6 3D 77 FF B0 8C 6E B0 (58)
                              [N12:Z] MOTOR_I 0 28 (28)
                              [N12:Z] [undefined] 61 119 255 176 (1031274416)
                              [N12:Z] MOTOR_I 0 31 (31)
                              [N12:Z] [undefined] 61 119 255 176 (1031274416)
2026-04-23 12:36:27:939 [OUT] 25 A5 01 09 31 05 81 FF FF D9 C8 60 BE (13)
                              [N9:P] TPOS 255 255 217 200 (-9784)
2026-04-23 12:36:27:981 [IN ] C8 24 0C 18 25 A5 0C 01 31 03 CF 00 22 32 EA 25 A5 0C 01 31 05 E6 3D 77 FF B0 8C 6E B0 (29)
                              [N12:Z] MOTOR_I 0 34 (34)
                              [N12:Z] [undefined] 61 119 255 176 (1031274416)
2026-04-23 12:36:28:002 [IN ] C8 24 0B 0A 25 A5 0B 01 31 02 DE 00 1D CD EA (15)
                              [N11:NG] NGSWSTATE 0 (0)
2026-04-23 12:36:28:087 [IN ] C8 24 0C 18 25 A5 0C 01 31 03 CF 00 1C 2C E4 25 A5 0C 01 31 05 E6 3D 77 FF B0 8C 6E B0 (29)
                              [N12:Z] MOTOR_I 0 28 (28)
                              [N12:Z] [undefined] 61 119 255 176 (1031274416)
2026-04-23 12:36:28:111 [IN ] C8 24 09 0E 25 A5 09 01 31 06 81 53 FF E6 E8 6C 4E A4 01 (19)
                              [N9:P] TPOS 'S' 255 230 232 108 (-1644436)
2026-04-23 12:36:28:313 [IN ] C8 24 0C 18 25 A5 0C 01 31 03 CF 00 11 21 D9 25 A5 0C 01 31 05 E6 3D 77 FF B0 8C 6E B0 C8 24 0C 18 25 A5 0C 01 31 03 CF 00 25 35 ED 25 A5 0C 01 31 05 E6 3D 77 FF B0 8C 6E B0 (58)
                              [N12:Z] MOTOR_I 0 17 (17)
                              [N12:Z] [undefined] 61 119 255 176 (1031274416)
                              [N12:Z] MOTOR_I 0 37 (37)
                              [N12:Z] [undefined] 61 119 255 176 (1031274416)
2026-04-23 12:36:28:516 [IN ] C8 24 0C 15 25 A5 0C 01 31 03 CF 00 0F 1F D7 25 A5 0C 01 31 05 E6 3D 77 FF B0 C8 24 0C 1B B0 8C 6E 25 A5 0C 01 31 03 CF 00 16 26 DE 25 A5 0C 01 31 05 E6 3D 77 FF B0 8C 6E 0C (58)
                              [N12:Z] MOTOR_I 0 15 (15)
                              [N12:Z] [undefined] 61 119 255 176 (1031274416)
                              [N12:Z] MOTOR_I 0 22 (22)
                              [N12:Z] [undefined] 61 119 255 176 (1031274416)
2026-04-23 12:36:28:719 [IN ] C8 24 0C 18 25 A5 0C 01 31 03 CF 00 1E 2E E6 25 A5 0C 01 31 05 E6 3D 77 FF B0 8C 6E B0 C8 24 0C 18 25 A5 0C 01 31 03 CF 00 25 35 ED 25 A5 0C 01 31 05 E6 3D 77 FF B0 8C 6E B0 (58)
                              [N12:Z] MOTOR_I 0 30 (30)
                              [N12:Z] [undefined] 61 119 255 176 (1031274416)
                              [N12:Z] MOTOR_I 0 37 (37)
                              [N12:Z] [undefined] 61 119 255 176 (1031274416)
2026-04-23 12:36:28:920 [IN ] C8 24 0C 18 25 A5 0C 01 31 03 CF 00 16 26 DE 25 A5 0C 01 31 05 E6 3D 77 FF B0 8C 6E B0 C8 24 0C 18 25 A5 0C 01 31 03 CF 00 16 26 DE 25 A5 0C 01 31 05 E6 3D 77 FF B0 8C 6E B0 (58)
                              [N12:Z] MOTOR_I 0 22 (22)
                              [N12:Z] [undefined] 61 119 255 176 (1031274416)
                              [N12:Z] MOTOR_I 0 22 (22)
                              [N12:Z] [undefined] 61 119 255 176 (1031274416)
2026-04-23 12:36:29:122 [IN ] C8 24 0C 18 25 A5 0C 01 31 03 CF 00 19 29 E1 25 A5 0C 01 31 05 E6 3D 77 FF B0 8C 6E B0 C8 24 0B 0A 25 A5 0B 01 31 02 DE 00 1D CD E1 C8 24 0C 18 25 A5 0C 01 31 03 CF 00 19 29 E1 25 A5 0C 01 31 
05 E6 3D 77 FF B0 8C 6E B0 (73)
                              [N12:Z] MOTOR_I 0 25 (25)
                              [N12:Z] [undefined] 61 119 255 176 (1031274416)
                              [N11:NG] NGSWSTATE 0 (0)
                              [N12:Z] MOTOR_I 0 25 (25)
                              [N12:Z] [undefined] 61 119 255 176 (1031274416)
2026-04-23 12:36:29:323 [IN ] C8 24 0C 18 25 A5 0C 01 31 03 CF 00 1C 2C E4 25 A5 0C 01 31 05 E6 3D 77 FF B0 8C 6E B0 C8 24 0C 18 25 A5 0C 01 31 03 CF 00 20 30 E8 25 A5 0C 01 31 05 E6 3D 77 FF B0 8C 6E B0 (58)
                              [N12:Z] MOTOR_I 0 28 (28)
                              [N12:Z] [undefined] 61 119 255 176 (1031274416)
                              [N12:Z] MOTOR_I 0 32 (32)
                              [N12:Z] [undefined] 61 119 255 176 (1031274416)
2026-04-23 12:36:29:524 [IN ] C8 24 0C 18 25 A5 0C 01 31 03 CF 00 0D 1D D5 25 A5 0C 01 31 05 E6 3D 77 FF B0 8C 6E B0 C8 24 0C 0E 25 A5 0C 01 31 03 CF 00 1F 2F E7 25 A5 0C 01 C8 24 0C 0A 01 31 05 E6 3D 77 FF B0 8C 6E E7 (63)
                              [N12:Z] MOTOR_I 0 13 (13)
                              [N12:Z] [undefined] 61 119 255 176 (1031274416)
                              [N12:Z] MOTOR_I 0 31 (31)
                              [N12:Z] [undefined] 61 119 255 176 (1031274416)
2026-04-23 12:36:29:725 [IN ] C8 24 0C 15 25 A5 0C 01 31 03 CF 00 28 38 F0 25 A5 0C 01 31 05 E6 3D 77 FF B0 C8 24 0C 1B B0 8C 6E 25 A5 0C 01 31 03 CF 00 29 39 F1 25 A5 0C 01 31 05 E6 3D 77 FF B0 8C 6E 0C (58)
                              [N12:Z] MOTOR_I 0 40 (40)
                              [N12:Z] [undefined] 61 119 255 176 (1031274416)
                              [N12:Z] MOTOR_I 0 41 (41)
                              [N12:Z] [undefined] 61 119 255 176 (1031274416)
2026-04-23 12:36:29:926 [IN ] C8 24 0C 18 25 A5 0C 01 31 03 CF 00 0D 1D D5 25 A5 0C 01 31 05 E6 3D 77 FF B0 8C 6E B0 C8 24 0C 18 25 A5 0C 01 31 03 CF 00 1D 2D E5 25 A5 0C 01 31 05 E6 3D 77 FF B0 8C 6E B0 (58)
                              [N12:Z] MOTOR_I 0 13 (13)
                              [N12:Z] [undefined] 61 119 255 176 (1031274416)
                              [N12:Z] MOTOR_I 0 29 (29)
                              [N12:Z] [undefined] 61 119 255 176 (1031274416)
2026-04-23 12:36:30:127 [IN ] C8 24 0C 18 25 A5 0C 01 31 03 CF 00 19 29 E1 25 A5 0C 01 31 05 E6 3D 77 FF B0 8C 6E B0 C8 24 0B 0A 25 A5 0B 01 31 02 DE 00 1D CD E1 C8 24 0C 18 25 A5 0C 01 31 03 CF 00 26 36 EE 25 A5 0C 01 31 
05 E6 3D 77 FF B0 8C 6E B0 (73)
                              [N12:Z] MOTOR_I 0 25 (25)
                              [N12:Z] [undefined] 61 119 255 176 (1031274416)
                              [N11:NG] NGSWSTATE 0 (0)
                              [N12:Z] MOTOR_I 0 38 (38)
                              [N12:Z] [undefined] 61 119 255 176 (1031274416)
2026-04-23 12:36:30:329 [IN ] C8 24 0C 18 25 A5 0C 01 31 03 CF 00 1D 2D E5 25 A5 0C 01 31 05 E6 3D 77 FF B0 8C 6E B0 C8 24 0C 18 25 A5 0C 01 31 03 CF 00 14 24 DC 25 A5 0C 01 31 05 E6 3D 77 FF B0 8C 6E B0 (58)
                              [N12:Z] MOTOR_I 0 29 (29)
                              [N12:Z] [undefined] 61 119 255 176 (1031274416)
                              [N12:Z] MOTOR_I 0 20 (20)
                              [N12:Z] [undefined] 61 119 255 176 (1031274416)
2026-04-23 12:36:30:531 [IN ] C8 24 0C 18 25 A5 0C 01 31 03 CF 00 1E 2E E6 25 A5 0C 01 31 05 E6 3D 77 FF B0 8C 6E B0 C8 24 0C 18 25 A5 0C 01 31 03 CF 00 1F 2F E7 25 A5 0C 01 31 05 E6 3D 77 FF B0 8C 6E B0 (58)
                              [N12:Z] MOTOR_I 0 30 (30)
                              [N12:Z] [undefined] 61 119 255 176 (1031274416)
                              [N12:Z] MOTOR_I 0 31 (31)
                              [N12:Z] [undefined] 61 119 255 176 (1031274416)
2026-04-23 12:36:30:733 [IN ] C8 24 0C 18 25 A5 0C 01 31 03 CF 00 11 21 D9 25 A5 0C 01 31 05 E6 3D 77 FF B0 8C 6E B0 C8 24 0C 15 25 A5 0C 01 31 03 CF 00 23 33 EB 25 A5 0C 01 31 05 E6 3D 77 FF B0 (55)
                              [N12:Z] MOTOR_I 0 17 (17)
                              [N12:Z] [undefined] 61 119 255 176 (1031274416)
                              [N12:Z] MOTOR_I 0 35 (35)
2026-04-23 12:36:30:934 [IN ] C8 24 0C 1B B0 8C 6E 25 A5 0C 01 31 03 CF 00 27 37 EF 25 A5 0C 01 31 05 E6 3D 77 FF B0 8C 6E 0C C8 24 0C 18 25 A5 0C 01 31 03 CF 00 24 34 EC 25 A5 0C 01 31 05 E6 3D 77 FF B0 8C 6E B0 (61)
                              [N12:Z] [undefined] 61 119 255 176 (1031274416)
                              [N12:Z] MOTOR_I 0 39 (39)
                              [N12:Z] [undefined] 61 119 255 176 (1031274416)
                              [N12:Z] MOTOR_I 0 36 (36)
                              [N12:Z] [undefined] 61 119 255 176 (1031274416)
2026-04-23 12:36:31:136 [IN ] C8 24 0C 18 25 A5 0C 01 31 03 CF 00 1B 2B E3 25 A5 0C 01 31 05 E6 3D 77 FF B0 8C 6E B0 C8 24 0B 0A 25 A5 0B 01 31 02 DE 00 1D CD E3 C8 24 0C 18 25 A5 0C 01 31 03 CF 00 21 31 E9 25 A5 0C 01 31 
05 E6 3D 77 FF B0 8C 6E B0 (73)
                              [N12:Z] MOTOR_I 0 27 (27)
                              [N12:Z] [undefined] 61 119 255 176 (1031274416)
                              [N11:NG] NGSWSTATE 0 (0)
                              [N12:Z] MOTOR_I 0 33 (33)
                              [N12:Z] [undefined] 61 119 255 176 (1031274416)
2026-04-23 12:36:31:339 [IN ] C8 24 06 0E 25 A5 06 01 31 06 81 45 00 19 85 F1 93 9C 01 C8 24 0C 18 25 A5 0C 01 31 03 CF 00 19 29 E1 25 A5 0C 01 31 05 E6 3D 77 FF B0 8C 6E B0 C8 24 0C 18 25 A5 0C 01 31 03 CF 00 20 30 E8 25 
A5 0C 01 31 05 E6 3D 77 FF B0 8C 6E B0 (77)
                              [N6:H] TPOS 'E' 0 25 133 241 (1672689)
                              [N12:Z] MOTOR_I 0 25 (25)
                              [N12:Z] [undefined] 61 119 255 176 (1031274416)
                              [N12:Z] MOTOR_I 0 32 (32)
                              [N12:Z] [undefined] 61 119 255 176 (1031274416)
2026-04-23 12:36:31:541 [IN ] C8 24 0C 18 25 A5 0C 01 31 03 CF 00 1E 2E E6 25 A5 0C 01 31 05 E6 3D 77 FF B0 8C 6E B0 C8 24 0C 18 25 A5 0C 01 31 03 CF 00 1F 2F E7 25 A5 0C 01 31 05 E6 3D 77 FF B0 8C 6E B0 (58)
                              [N12:Z] MOTOR_I 0 30 (30)
                              [N12:Z] [undefined] 61 119 255 176 (1031274416)
                              [N12:Z] MOTOR_I 0 31 (31)
                              [N12:Z] [undefined] 61 119 255 176 (1031274416)
2026-04-23 12:36:31:742 [IN ] C8 24 0C 18 25 A5 0C 01 31 03 CF 00 14 24 DC 25 A5 0C 01 31 05 E6 3D 77 FF B0 8C 6E B0 C8 24 0C 18 25 A5 0C 01 31 03 CF 00 18 28 E0 25 A5 0C 01 31 05 E6 3D 77 FF B0 8C 6E B0 (58)
                              [N12:Z] MOTOR_I 0 20 (20)
                              [N12:Z] [undefined] 61 119 255 176 (1031274416)
                              [N12:Z] MOTOR_I 0 24 (24)
                              [N12:Z] [undefined] 61 119 255 176 (1031274416)
2026-04-23 12:36:31:764 [OUT] 25 A5 01 06 31 05 81 00 0D 19 9F 83 2B (13)
                              [N6:H] TPOS 0 13 25 159 (858527)
2026-04-23 12:36:31:807 [IN ] C8 24 0C 0E 25 A5 0C 01 31 03 CF 00 19 29 E1 25 A5 0C 01 (19)
                              [N12:Z] MOTOR_I 0 25 (25)
2026-04-23 12:36:31:827 [IN ] C8 24 0C 0A 01 31 05 E6 3D 77 FF B0 8C 6E E1 (15)
                              [N12:Z] [undefined] 61 119 255 176 (1031274416)
2026-04-23 12:36:31:911 [IN ] C8 24 0C 18 25 A5 0C 01 31 03 CF 00 0F 1F D7 25 A5 0C 01 31 05 E6 3D 77 FF B0 8C 6E B0 (29)
                              [N12:Z] MOTOR_I 0 15 (15)
                              [N12:Z] [undefined] 61 119 255 176 (1031274416)
2026-04-23 12:36:31:953 [IN ] C8 24 06 0E 25 A5 06 01 31 06 81 53 00 19 85 F1 A1 E2 01 (19)
                              [N6:H] TPOS 'S' 0 25 133 241 (1672689)
2026-04-23 12:36:32:154 [IN ] C8 24 0C 18 25 A5 0C 01 31 03 CF 00 19 29 E1 25 A5 0C 01 31 05 E6 3D 77 FF B0 8C 6E B0 C8 24 0B 0A 25 A5 0B 01 31 02 DE 00 1D CD E1 C8 24 0C 18 25 A5 0C 01 31 03 CF 00 1C 2C E4 25 A5 0C 01 31 
05 E6 3D 77 FF B0 8C 6E B0 (73)
                              [N12:Z] MOTOR_I 0 25 (25)
                              [N12:Z] [undefined] 61 119 255 176 (1031274416)
                              [N11:NG] NGSWSTATE 0 (0)
                              [N12:Z] MOTOR_I 0 28 (28)
                              [N12:Z] [undefined] 61 119 255 176 (1031274416)
2026-04-23 12:36:32:355 [IN ] C8 24 0C 18 25 A5 0C 01 31 03 CF 00 1D 2D E5 25 A5 0C 01 31 05 E6 3D 77 FF B0 8C 6E B0 C8 24 0C 18 25 A5 0C 01 31 03 CF 00 18 28 E0 25 A5 0C 01 31 05 E6 3D 77 FF B0 8C 6E B0 (58)
                              [N12:Z] MOTOR_I 0 29 (29)
                              [N12:Z] [undefined] 61 119 255 176 (1031274416)
                              [N12:Z] MOTOR_I 0 24 (24)
                              [N12:Z] [undefined] 61 119 255 176 (1031274416)
2026-04-23 12:36:32:557 [IN ] C8 24 0C 18 25 A5 0C 01 31 03 CF 00 19 29 E1 25 A5 0C 01 31 05 E6 3D 77 FF B0 8C 6E B0 C8 24 0C 18 25 A5 0C 01 31 03 CF 00 1D 2D E5 25 A5 0C 01 31 05 E6 3D 77 FF B0 8C 6E B0 (58)
                              [N12:Z] MOTOR_I 0 25 (25)
                              [N12:Z] [undefined] 61 119 255 176 (1031274416)
                              [N12:Z] MOTOR_I 0 29 (29)
                              [N12:Z] [undefined] 61 119 255 176 (1031274416)
2026-04-23 12:36:32:758 [IN ] C8 24 0C 18 25 A5 0C 01 31 03 CF 00 11 21 D9 25 A5 0C 01 31 05 E6 3D 77 FF B0 8C 6E B0 C8 24 0C 18 25 A5 0C 01 31 03 CF 00 27 37 EF 25 A5 0C 01 31 05 E6 3D 77 FF B0 8C 6E B0 (58)
                              [N12:Z] MOTOR_I 0 17 (17)
                              [N12:Z] [undefined] 61 119 255 176 (1031274416)
                              [N12:Z] MOTOR_I 0 39 (39)
                              [N12:Z] [undefined] 61 119 255 176 (1031274416)
2026-04-23 12:36:32:959 [IN ] C8 24 0C 18 25 A5 0C 01 31 03 CF 00 26 36 EE 25 A5 0C 01 31 05 E6 3D 77 FF B0 8C 6E B0 C8 24 0C 18 25 A5 0C 01 31 03 CF 00 1D 2D E5 25 A5 0C 01 31 05 E6 3D 77 FF B0 8C 6E B0 (58)
                              [N12:Z] MOTOR_I 0 38 (38)
                              [N12:Z] [undefined] 61 119 255 176 (1031274416)
                              [N12:Z] MOTOR_I 0 29 (29)
                              [N12:Z] [undefined] 61 119 255 176 (1031274416)
2026-04-23 12:36:33:162 [IN ] C8 24 0C 15 25 A5 0C 01 31 03 CF 00 18 28 E0 25 A5 0C 01 31 05 E6 3D 77 FF B0 C8 24 0B 0A 25 A5 0B 01 31 02 DE 00 1D CD E0 C8 24 0C 1B B0 8C 6E 25 A5 0C 01 31 03 CF 00 0F 1F D7 25 A5 0C 01 31 
05 E6 3D 77 FF B0 8C 6E 0C (73)
                              [N12:Z] MOTOR_I 0 24 (24)
                              [N11:NG] NGSWSTATE 0 (0)
                              [N12:Z] [undefined] 61 119 255 176 (1031274416)
                              [N12:Z] MOTOR_I 0 15 (15)
                              [N12:Z] [undefined] 61 119 255 176 (1031274416)
2026-04-23 12:36:33:364 [IN ] C8 24 0C 18 25 A5 0C 01 31 03 CF 00 21 31 E9 25 A5 0C 01 31 05 E6 3D 77 FF B0 8C 6E B0 C8 24 0C 18 25 A5 0C 01 31 03 CF 00 12 22 DA 25 A5 0C 01 31 05 E6 3D 77 FF B0 8C 6E B0 (58)
                              [N12:Z] MOTOR_I 0 33 (33)
                              [N12:Z] [undefined] 61 119 255 176 (1031274416)
                              [N12:Z] MOTOR_I 0 18 (18)
                              [N12:Z] [undefined] 61 119 255 176 (1031274416)
2026-04-23 12:36:33:565 [IN ] C8 24 0C 18 25 A5 0C 01 31 03 CF 00 1C 2C E4 25 A5 0C 01 31 05 E6 3D 77 FF B0 8C 6E B0 C8 24 0C 18 25 A5 0C 01 31 03 CF 00 1A 2A E2 25 A5 0C 01 31 05 E6 3D 77 FF B0 8C 6E B0 (58)
                              [N12:Z] MOTOR_I 0 28 (28)
                              [N12:Z] [undefined] 61 119 255 176 (1031274416)
                              [N12:Z] MOTOR_I 0 26 (26)
                              [N12:Z] [undefined] 61 119 255 176 (1031274416)
2026-04-23 12:36:33:766 [IN ] C8 24 0C 18 25 A5 0C 01 31 03 CF 00 25 35 ED 25 A5 0C 01 31 05 E6 3D 77 FF B0 8C 6E B0 C8 24 0C 18 25 A5 0C 01 31 03 CF 00 19 29 E1 25 A5 0C 01 31 05 E6 3D 77 FF B0 8C 6E B0 (58)
                              [N12:Z] MOTOR_I 0 37 (37)
                              [N12:Z] [undefined] 61 119 255 176 (1031274416)
                              [N12:Z] MOTOR_I 0 25 (25)
                              [N12:Z] [undefined] 61 119 255 176 (1031274416)
2026-04-23 12:36:33:967 [IN ] C8 24 0C 18 25 A5 0C 01 31 03 CF 00 28 38 F0 25 A5 0C 01 31 05 E6 3D 77 FF B0 8C 6E B0 C8 24 0C 18 25 A5 0C 01 31 03 CF 00 0C 1C D4 25 A5 0C 01 31 05 E6 3D 77 FF B0 8C 6E B0 (58)
                              [N12:Z] MOTOR_I 0 40 (40)
                              [N12:Z] [undefined] 61 119 255 176 (1031274416)
                              [N12:Z] MOTOR_I 0 12 (12)
                              [N12:Z] [undefined] 61 119 255 176 (1031274416)
2026-04-23 12:36:34:168 [IN ] C8 24 0C 18 25 A5 0C 01 31 03 CF 00 15 25 DD 25 A5 0C 01 31 05 E6 3D 77 FF B0 8C 6E B0 C8 24 0B 0A 25 A5 0B 01 31 02 DE 00 1D CD DD C8 24 0C 0E 25 A5 0C 01 31 03 CF 00 17 27 DF 25 A5 0C 01 C8 
24 0C 0A 01 31 05 E6 3D 77 FF B0 8C 6E DF (78)
                              [N12:Z] MOTOR_I 0 21 (21)
                              [N12:Z] [undefined] 61 119 255 176 (1031274416)
                              [N11:NG] NGSWSTATE 0 (0)
                              [N12:Z] MOTOR_I 0 23 (23)
                              [N12:Z] [undefined] 61 119 255 176 (1031274416)
2026-04-23 12:36:34:372 [IN ] C8 24 0C 18 25 A5 0C 01 31 03 CF 00 16 26 DE 25 A5 0C 01 31 05 E6 3D 77 FF B0 8C 6E B0 C8 24 0C 18 25 A5 0C 01 31 03 CF 00 21 31 E9 25 A5 0C 01 31 05 E6 3D 77 FF B0 8C 6E B0 (58)
                              [N12:Z] MOTOR_I 0 22 (22)
                              [N12:Z] [undefined] 61 119 255 176 (1031274416)
                              [N12:Z] MOTOR_I 0 33 (33)
                              [N12:Z] [undefined] 61 119 255 176 (1031274416)
2026-04-23 12:36:34:575 [IN ] C8 24 0C 18 25 A5 0C 01 31 03 CF 00 1C 2C E4 25 A5 0C 01 31 05 E6 3D 77 FF B0 8C 6E B0 C8 24 0C 18 25 A5 0C 01 31 03 CF 00 18 28 E0 25 A5 0C 01 31 05 E6 3D 77 FF B0 8C 6E B0 (58)
                              [N12:Z] MOTOR_I 0 28 (28)
                              [N12:Z] [undefined] 61 119 255 176 (1031274416)
                              [N12:Z] MOTOR_I 0 24 (24)
                              [N12:Z] [undefined] 61 119 255 176 (1031274416)
2026-04-23 12:36:34:777 [IN ] C8 24 0C 18 25 A5 0C 01 31 03 CF 00 2F 3F F7 25 A5 0C 01 31 05 E6 3D 77 FF B0 8C 6E B0 C8 24 0C 18 25 A5 0C 01 31 03 CF 00 19 29 E1 25 A5 0C 01 31 05 E6 3D 77 FF B0 8C 6E B0 (58)
                              [N12:Z] MOTOR_I 0 47 (47)
                              [N12:Z] [undefined] 61 119 255 176 (1031274416)
                              [N12:Z] MOTOR_I 0 25 (25)
                              [N12:Z] [undefined] 61 119 255 176 (1031274416)
2026-04-23 12:36:34:978 [IN ] C8 24 0C 18 25 A5 0C 01 31 03 CF 00 1F 2F E7 25 A5 0C 01 31 05 E6 3D 77 FF B0 8C 6E B0 C8 24 0C 18 25 A5 0C 01 31 03 CF 00 1B 2B E3 25 A5 0C 01 31 05 E6 3D 77 FF B0 8C 6E B0 (58)
                              [N12:Z] MOTOR_I 0 31 (31)
                              [N12:Z] [undefined] 61 119 255 176 (1031274416)
                              [N12:Z] MOTOR_I 0 27 (27)
                              [N12:Z] [undefined] 61 119 255 176 (1031274416)
2026-04-23 12:36:35:179 [IN ] C8 24 0C 18 25 A5 0C 01 31 03 CF 00 12 22 DA 25 A5 0C 01 31 05 E6 3D 77 FF B0 8C 6E B0 C8 24 0B 0A 25 A5 0B 01 31 02 DE 00 1D CD DA C8 24 03 0E 25 A5 03 01 31 06 81 45 FF FD 50 40 8D 0B 01 C8 
24 0C 18 25 A5 0C 01 31 03 CF 00 22 32 EA 25 A5 0C 01 31 05 E6 3D 77 FF B0 8C 6E B0 (92)
                              [N12:Z] MOTOR_I 0 18 (18)
                              [N12:Z] [undefined] 61 119 255 176 (1031274416)
                              [N11:NG] NGSWSTATE 0 (0)
                              [N3:X] TPOS 'E' 255 253 80 64 (-176064)
                              [N12:Z] MOTOR_I 0 34 (34)
                              [N12:Z] [undefined] 61 119 255 176 (1031274416)
2026-04-23 12:36:35:382 [IN ] C8 24 0C 0E 25 A5 0C 01 31 03 CF 00 24 34 EC 25 A5 0C 01 C8 24 0C 0A 01 31 05 E6 3D 77 FF B0 8C 6E EC C8 24 0C 15 25 A5 0C 01 31 03 CF 00 28 38 F0 25 A5 0C 01 31 05 E6 3D 77 FF B0 (60)
                              [N12:Z] MOTOR_I 0 36 (36)
                              [N12:Z] [undefined] 61 119 255 176 (1031274416)
                              [N12:Z] MOTOR_I 0 40 (40)
2026-04-23 12:36:35:584 [IN ] C8 24 0C 1B B0 8C 6E 25 A5 0C 01 31 03 CF 00 1D 2D E5 25 A5 0C 01 31 05 E6 3D 77 FF B0 8C 6E 0C C8 24 0C 18 25 A5 0C 01 31 03 CF 00 17 27 DF 25 A5 0C 01 31 05 E6 3D 77 FF B0 8C 6E B0 (61)
                              [N12:Z] [undefined] 61 119 255 176 (1031274416)
                              [N12:Z] MOTOR_I 0 29 (29)
                              [N12:Z] [undefined] 61 119 255 176 (1031274416)
                              [N12:Z] MOTOR_I 0 23 (23)
                              [N12:Z] [undefined] 61 119 255 176 (1031274416)
2026-04-23 12:36:35:785 [IN ] C8 24 06 0E 25 A5 06 01 31 06 81 45 00 0D 14 E2 07 87 01 C8 24 0C 18 25 A5 0C 01 31 03 CF 00 14 24 DC 25 A5 0C 01 31 05 E6 3D 77 FF B0 8C 6E B0 C8 24 0C 18 25 A5 0C 01 31 03 CF 00 15 25 DD 25 
A5 0C 01 31 05 E6 3D 77 FF B0 8C 6E B0 (77)
                              [N6:H] TPOS 'E' 0 13 20 226 (857314)
                              [N12:Z] MOTOR_I 0 20 (20)
                              [N12:Z] [undefined] 61 119 255 176 (1031274416)
                              [N12:Z] MOTOR_I 0 21 (21)
                              [N12:Z] [undefined] 61 119 255 176 (1031274416)
2026-04-23 12:36:36:008 [OUT] 25 A5 01 05 31 02 D8 3F 50 D8 (10)
                              [N5:V] INTERRUPT '?'
2026-04-23 12:36:36:009 [IN ] C8 24 0C 18 25 A5 0C 01 31 03 CF 00 1E 2E E6 25 A5 0C 01 31 05 E6 3D 77 FF B0 8C 6E B0 C8 24 0C 18 25 A5 0C 01 31 03 CF 00 1E 2E E6 25 A5 0C 01 31 05 E6 3D 77 FF B0 8C 6E B0 (58)
                              [N12:Z] MOTOR_I 0 30 (30)
                              [N12:Z] [undefined] 61 119 255 176 (1031274416)
                              [N12:Z] MOTOR_I 0 30 (30)
                              [N12:Z] [undefined] 61 119 255 176 (1031274416)
2026-04-23 12:36:36:310 [IN ] C8 24 0C 18 25 A5 0C 01 31 03 CF 00 1D 2D E5 25 A5 0C 01 31 05 E6 3D 77 FF B0 8C 6E B0 C8 24 0B 0A 25 A5 0B 01 31 02 DE 00 1D CD E5 C8 24 0C 18 25 A5 0C 01 31 03 CF 00 19 29 E1 25 A5 0C 01 31 
05 E6 3D 77 FF B0 8C 6E B0 C8 24 05 0C 25 A5 05 01 31 04 D8 3A 01 01 4F 7A A5 C8 24 0C 18 25 A5 0C 01 31 03 CF 00 1B 2B E3 25 A5 0C 01 31 05 E6 3D 77 FF B0 8C 6E B0 (119)
                              [N12:Z] MOTOR_I 0 29 (29)
                              [N12:Z] [undefined] 61 119 255 176 (1031274416)
                              [N11:NG] NGSWSTATE 0 (0)
                              [N12:Z] MOTOR_I 0 25 (25)
                              [N12:Z] [undefined] 61 119 255 176 (1031274416)
                              [N5:V] INTERRUPT ':' 1 1 (257)
                              [N12:Z] MOTOR_I 0 27 (27)
                              [N12:Z] [undefined] 61 119 255 176 (1031274416)
2026-04-23 12:36:36:331 [OUT] 25 A5 01 05 31 03 C9 3D 0B 4B 06 (11)
                              [N5:V] LFLAG '=' 11 (11)
2026-04-23 12:36:36:353 [IN ] C8 24 0C 18 25 A5 0C 01 31 03 CF 00 17 27 DF 25 A5 0C 01 31 05 E6 3D 77 FF B0 8C 6E B0 (29)
                              [N12:Z] MOTOR_I 0 23 (23)
                              [N12:Z] [undefined] 61 119 255 176 (1031274416)
2026-04-23 12:36:36:438 [IN ] C8 24 0C 0E 25 A5 0C 01 31 03 CF 00 1A 2A E2 25 A5 0C 01 (19)
                              [N12:Z] MOTOR_I 0 26 (26)
2026-04-23 12:36:36:460 [IN ] C8 24 0C 0A 01 31 05 E6 3D 77 FF B0 8C 6E E2 (15)
                              [N12:Z] [undefined] 61 119 255 176 (1031274416)
2026-04-23 12:36:36:504 [IN ] C8 24 05 0B 25 A5 05 01 31 03 C9 3A 0B 48 04 25 (16)
                              [N5:V] LFLAG ':' 11 (11)
2026-04-23 12:36:36:525 [OUT] 25 A5 01 05 31 03 88 FF B0 71 6C (11)
                              [N5:V] RUN 255 176 (-80)
2026-04-23 12:36:36:526 [IN ] C8 24 0C 18 25 (5)
2026-04-23 12:36:36:547 [IN ] A5 0C 01 31 03 CF 00 11 21 D9 25 A5 0C 01 31 05 E6 3D 77 FF B0 8C 6E B0 (24)
                              [N12:Z] MOTOR_I 0 17 (17)
                              [N12:Z] [undefined] 61 119 255 176 (1031274416)
2026-04-23 12:36:36:653 [IN ] C8 24 0C 18 25 A5 0C 01 31 03 CF 00 16 26 DE 25 A5 0C 01 31 05 E6 3D 77 FF B0 8C 6E B0 (29)
                              [N12:Z] MOTOR_I 0 22 (22)
                              [N12:Z] [undefined] 61 119 255 176 (1031274416)
2026-04-23 12:36:36:695 [IN ] C8 24 05 0C 25 A5 05 01 31 04 88 53 FF B0 C5 30 A5 (17)
                              [N5:V] RUN 'S' 255 176 (-80)
2026-04-23 12:36:36:897 [IN ] C8 24 0C 18 25 A5 0C 01 31 03 CF 00 24 34 EC 25 A5 0C 01 31 05 E6 3D 77 FF B0 8C 6E B0 C8 24 0C 18 25 A5 0C 01 31 03 CF 00 1C 2C E4 25 A5 0C 01 31 05 E6 3D 77 FF B0 8C 6E B0 (58)
                              [N12:Z] MOTOR_I 0 36 (36)
                              [N12:Z] [undefined] 61 119 255 176 (1031274416)
                              [N12:Z] MOTOR_I 0 28 (28)
                              [N12:Z] [undefined] 61 119 255 176 (1031274416)
2026-04-23 12:36:37:099 [IN ] C8 24 0C 18 25 A5 0C 01 31 03 CF 00 13 23 DB 25 A5 0C 01 31 05 E6 3D 77 FF B0 8C 6E B0 C8 24 0C 18 25 A5 0C 01 31 03 CF 00 0E 1E D6 25 A5 0C 01 31 05 E6 3D 77 FF B0 8C 6E B0 C8 24 0B 0A 25 A5 
0B 01 31 02 DE 00 1D CD D6 (73)
                              [N12:Z] MOTOR_I 0 19 (19)
                              [N12:Z] [undefined] 61 119 255 176 (1031274416)
                              [N12:Z] MOTOR_I 0 14 (14)
                              [N12:Z] [undefined] 61 119 255 176 (1031274416)
                              [N11:NG] NGSWSTATE 0 (0)
2026-04-23 12:36:37:300 [IN ] C8 24 0C 18 25 A5 0C 01 31 03 CF 00 1C 2C E4 25 A5 0C 01 31 05 E6 3D 77 FF B0 8C 6E B0 C8 24 0C 18 25 A5 0C 01 31 03 CF 00 11 21 D9 25 A5 0C 01 31 05 E6 3D 77 FF B0 8C 6E B0 (58)
                              [N12:Z] MOTOR_I 0 28 (28)
                              [N12:Z] [undefined] 61 119 255 176 (1031274416)
                              [N12:Z] MOTOR_I 0 17 (17)
                              [N12:Z] [undefined] 61 119 255 176 (1031274416)
2026-04-23 12:36:37:501 [IN ] C8 24 0C 18 25 A5 0C 01 31 03 CF 00 2D 3D F5 25 A5 0C 01 31 05 E6 3D 77 FF B0 8C 6E B0 C8 24 0C 18 25 A5 0C 01 31 03 CF 00 1F 2F E7 25 A5 0C 01 31 05 E6 3D 77 FF B0 8C 6E B0 (58)
                              [N12:Z] MOTOR_I 0 45 (45)
                              [N12:Z] [undefined] 61 119 255 176 (1031274416)
                              [N12:Z] MOTOR_I 0 31 (31)
                              [N12:Z] [undefined] 61 119 255 176 (1031274416)
2026-04-23 12:36:37:702 [IN ] C8 24 0C 0E 25 A5 0C 01 31 03 CF 00 1C 2C E4 25 A5 0C 01 C8 24 0C 0A 01 31 05 E6 3D 77 FF B0 8C 6E E4 C8 24 0C 15 25 A5 0C 01 31 03 CF 00 1F 2F E7 25 A5 0C 01 31 05 E6 3D 77 FF B0 (60)
                              [N12:Z] MOTOR_I 0 28 (28)
                              [N12:Z] [undefined] 61 119 255 176 (1031274416)
                              [N12:Z] MOTOR_I 0 31 (31)
2026-04-23 12:36:37:903 [IN ] C8 24 0C 1B B0 8C 6E 25 A5 0C 01 31 03 CF 00 10 20 D8 25 A5 0C 01 31 05 E6 3D 77 FF B0 8C 6E 0C C8 24 0C 18 25 A5 0C 01 31 03 CF 00 10 20 D8 25 A5 0C 01 31 05 E6 3D 77 FF B0 8C 6E B0 (61)
                              [N12:Z] [undefined] 61 119 255 176 (1031274416)
                              [N12:Z] MOTOR_I 0 16 (16)
                              [N12:Z] [undefined] 61 119 255 176 (1031274416)
                              [N12:Z] MOTOR_I 0 16 (16)
                              [N12:Z] [undefined] 61 119 255 176 (1031274416)
2026-04-23 12:36:38:105 [IN ] C8 24 0C 18 25 A5 0C 01 31 03 CF 00 13 23 DB 25 A5 0C 01 31 05 E6 3D 77 FF B0 8C 6E B0 C8 24 0C 18 25 A5 0C 01 31 03 CF 00 18 28 E0 25 A5 0C 01 31 05 E6 3D 77 FF B0 8C 6E B0 C8 24 0B 0A 25 A5 
0B 01 31 02 DE 00 1D CD E0 C8 24 09 0E 25 A5 09 01 31 06 81 45 FF FF DA (88)
                              [N12:Z] MOTOR_I 0 19 (19)
                              [N12:Z] [undefined] 61 119 255 176 (1031274416)
                              [N12:Z] MOTOR_I 0 24 (24)
                              [N12:Z] [undefined] 61 119 255 176 (1031274416)
                              [N11:NG] NGSWSTATE 0 (0)
2026-04-23 12:36:38:306 [IN ] C2 A1 E3 01 C8 24 0C 18 25 A5 0C 01 31 03 CF 00 1B 2B E3 25 A5 0C 01 31 05 E6 3D 77 FF B0 8C 6E B0 C8 24 0C 18 25 A5 0C 01 31 03 CF 00 1F 2F E7 25 A5 0C 01 31 05 E6 3D 77 FF B0 8C 6E B0 (62)
                              [N9:P] TPOS 'E' 255 255 218 194 (-9534)
                              [N12:Z] MOTOR_I 0 27 (27)
                              [N12:Z] [undefined] 61 119 255 176 (1031274416)
                              [N12:Z] MOTOR_I 0 31 (31)
                              [N12:Z] [undefined] 61 119 255 176 (1031274416)
2026-04-23 12:36:38:530 [OUT] 25 A5 01 08 31 02 D8 3F 53 E7 (10)
                              [N8:R] INTERRUPT '?'
2026-04-23 12:36:38:531 [IN ] C8 24 0C 18 25 A5 0C 01 31 03 CF 00 0F 1F D7 25 A5 0C 01 31 05 E6 3D 77 FF B0 8C 6E B0 C8 24 0C 18 25 A5 0C 01 31 03 CF 00 14 24 DC 25 A5 0C 01 31 05 E6 3D 77 FF B0 8C 6E B0 (58)
                              [N12:Z] MOTOR_I 0 15 (15)
                              [N12:Z] [undefined] 61 119 255 176 (1031274416)
                              [N12:Z] MOTOR_I 0 20 (20)
                              [N12:Z] [undefined] 61 119 255 176 (1031274416)
2026-04-23 12:36:38:832 [IN ] C8 24 0C 18 25 A5 0C 01 31 03 CF 00 21 31 E9 25 A5 0C 01 31 05 E6 3D 77 FF B0 8C 6E B0 C8 24 0C 18 25 A5 0C 01 31 03 CF 00 0B 1B D3 25 A5 0C 01 31 05 E6 3D 77 FF B0 8C 6E B0 C8 24 08 0C 25 A5 
08 01 31 04 D8 3A 01 01 52 92 A5 C8 24 0C 0E 25 A5 0C 01 31 03 CF 00 31 41 F9 25 A5 0C 01 C8 24 0C 0A 01 31 05 E6 3D 77 FF B0 8C 6E F9 (109)
                              [N12:Z] MOTOR_I 0 33 (33)
                              [N12:Z] [undefined] 61 119 255 176 (1031274416)
                              [N12:Z] MOTOR_I 0 11 (11)
                              [N12:Z] [undefined] 61 119 255 176 (1031274416)
                              [N8:R] INTERRUPT ':' 1 1 (257)
                              [N12:Z] MOTOR_I 0 49 (49)
                              [N12:Z] [undefined] 61 119 255 176 (1031274416)
2026-04-23 12:36:38:854 [OUT] 25 A5 01 08 31 03 CA 3D 0B 4F 1B (11)
                              [N8:R] RFLAG '=' 11 (11)
2026-04-23 12:36:38:876 [IN ] C8 24 0C 18 25 A5 0C 01 31 03 CF 00 1D 2D E5 25 A5 0C 01 31 05 E6 3D 77 FF B0 8C 6E B0 (29)
                              [N12:Z] MOTOR_I 0 29 (29)
                              [N12:Z] [undefined] 61 119 255 176 (1031274416)
2026-04-23 12:36:38:960 [IN ] C8 24 0C 18 25 A5 0C 01 31 03 CF 00 11 21 D9 25 A5 0C 01 31 05 E6 3D 77 FF B0 8C 6E B0 (29)
                              [N12:Z] MOTOR_I 0 17 (17)
                              [N12:Z] [undefined] 61 119 255 176 (1031274416)
2026-04-23 12:36:39:024 [IN ] C8 24 08 0B 25 A5 08 01 31 03 CA 3A 0B 4C 1C 25 (16)
                              [N8:R] RFLAG ':' 11 (11)
2026-04-23 12:36:39:046 [OUT] 25 A5 01 08 31 03 88 00 50 15 20 (11)
                              [N8:R] RUN 0 80 (80)
2026-04-23 12:36:39:068 [IN ] C8 24 0C 18 25 A5 0C 01 31 03 CF 00 0F 1F D7 25 A5 0C 01 31 05 E6 3D 77 FF B0 8C 6E B0 C8 24 0B 0A 25 A5 0B 01 31 02 DE 00 1D CD D7 (44)
                              [N12:Z] MOTOR_I 0 15 (15)
                              [N12:Z] [undefined] 61 119 255 176 (1031274416)
                              [N11:NG] NGSWSTATE 0 (0)
2026-04-23 12:36:39:174 [IN ] C8 24 0C 18 25 A5 0C 01 31 03 CF 00 10 20 D8 25 A5 0C 01 31 05 E6 3D 77 FF B0 8C 6E B0 (29)
                              [N12:Z] MOTOR_I 0 16 (16)
                              [N12:Z] [undefined] 61 119 255 176 (1031274416)
2026-04-23 12:36:39:216 [IN ] C8 24 08 0C 25 A5 08 01 31 04 88 53 00 50 69 EA A5 (17)
                              [N8:R] RUN 'S' 0 80 (80)
2026-04-23 12:36:39:418 [IN ] C8 24 0C 18 25 A5 0C 01 31 03 CF 00 1D 2D E5 25 A5 0C 01 31 05 E6 3D 77 FF B0 8C 6E B0 C8 24 0C 18 25 A5 0C 01 31 03 CF 00 14 24 DC 25 A5 0C 01 31 05 E6 3D 77 FF B0 8C 6E B0 (58)
                              [N12:Z] MOTOR_I 0 29 (29)
                              [N12:Z] [undefined] 61 119 255 176 (1031274416)
                              [N12:Z] MOTOR_I 0 20 (20)
                              [N12:Z] [undefined] 61 119 255 176 (1031274416)
2026-04-23 12:36:39:620 [IN ] C8 24 0C 18 25 A5 0C 01 31 03 CF 00 14 24 DC 25 A5 0C 01 31 05 E6 3D 77 FF B0 8C 6E B0 C8 24 0C 18 25 A5 0C 01 31 03 CF 00 07 17 CF 25 A5 0C 01 31 05 E6 3D 77 FF B0 8C 6E B0 (58)
                              [N12:Z] MOTOR_I 0 20 (20)
                              [N12:Z] [undefined] 61 119 255 176 (1031274416)
                              [N12:Z] MOTOR_I 0 7 (7)
                              [N12:Z] [undefined] 61 119 255 176 (1031274416)
2026-04-23 12:36:39:821 [IN ] C8 24 0C 18 25 A5 0C 01 31 03 CF 00 0E 1E D6 25 A5 0C 01 31 05 E6 3D 77 FF B0 8C 6E B0 C8 24 0C 18 25 A5 0C 01 31 03 CF 00 1D 2D E5 25 A5 0C 01 31 05 E6 3D 77 FF B0 8C 6E B0 (58)
                              [N12:Z] MOTOR_I 0 14 (14)
                              [N12:Z] [undefined] 61 119 255 176 (1031274416)
                              [N12:Z] MOTOR_I 0 29 (29)
                              [N12:Z] [undefined] 61 119 255 176 (1031274416)
2026-04-23 12:36:40:022 [IN ] C8 24 0C 18 25 A5 0C 01 31 03 CF 00 29 39 F1 25 A5 0C 01 31 05 E6 3D 77 FF B0 8C 6E B0 C8 24 0C 15 25 A5 0C 01 31 03 CF 00 0F 1F D7 25 A5 0C 01 31 05 E6 3D 77 FF B0 (55)
                              [N12:Z] MOTOR_I 0 41 (41)
                              [N12:Z] [undefined] 61 119 255 176 (1031274416)
                              [N12:Z] MOTOR_I 0 15 (15)
2026-04-23 12:36:40:224 [IN ] C8 24 0C 1B B0 8C 6E 25 A5 0C 01 31 03 CF 00 19 29 E1 25 A5 0C 01 31 05 E6 3D 77 FF B0 8C 6E 0C C8 24 0B 0A 25 A5 0B 01 31 02 DE 00 1D CD 00 C8 24 0C 18 25 A5 0C 01 31 03 CF 00 17 27 DF 25 A5 
0C 01 31 05 E6 3D 77 FF B0 8C 6E B0 (76)
                              [N12:Z] [undefined] 61 119 255 176 (1031274416)
                              [N12:Z] MOTOR_I 0 25 (25)
                              [N12:Z] [undefined] 61 119 255 176 (1031274416)
                              [N11:NG] NGSWSTATE 0 (0)
                              [N12:Z] MOTOR_I 0 23 (23)
                              [N12:Z] [undefined] 61 119 255 176 (1031274416)
2026-04-23 12:36:40:425 [IN ] C8 24 0C 18 25 A5 0C 01 31 03 CF 00 0E 1E D6 25 A5 0C 01 31 05 E6 3D 77 FF B0 8C 6E B0 C8 24 0C 18 25 A5 0C 01 31 03 CF 00 1E 2E E6 25 A5 0C 01 31 05 E6 3D 77 FF B0 8C 6E B0 (58)
                              [N12:Z] MOTOR_I 0 14 (14)
                              [N12:Z] [undefined] 61 119 255 176 (1031274416)
                              [N12:Z] MOTOR_I 0 30 (30)
                              [N12:Z] [undefined] 61 119 255 176 (1031274416)
2026-04-23 12:36:40:627 [IN ] C8 24 0C 18 25 A5 0C 01 31 03 CF 00 15 25 DD 25 A5 0C 01 31 05 E6 3D 77 FF B0 8C 6E B0 C8 24 0C 18 25 A5 0C 01 31 03 CF 00 0E 1E D6 25 A5 0C 01 31 05 E6 3D 77 FF B0 8C 6E B0 (58)
                              [N12:Z] MOTOR_I 0 21 (21)
                              [N12:Z] [undefined] 61 119 255 176 (1031274416)
                              [N12:Z] MOTOR_I 0 14 (14)
                              [N12:Z] [undefined] 61 119 255 176 (1031274416)
2026-04-23 12:36:40:828 [IN ] C8 24 0C 18 25 A5 0C 01 31 03 CF 00 20 30 E8 25 A5 0C 01 31 05 E6 3D 77 FF B0 8C 6E B0 C8 24 0C 18 25 A5 0C 01 31 03 CF 00 0F 1F D7 25 A5 0C 01 31 05 E6 3D 77 FF B0 8C 6E B0 (58)
                              [N12:Z] MOTOR_I 0 32 (32)
                              [N12:Z] [undefined] 61 119 255 176 (1031274416)
                              [N12:Z] MOTOR_I 0 15 (15)
                              [N12:Z] [undefined] 61 119 255 176 (1031274416)
2026-04-23 12:36:41:030 [IN ] C8 24 0C 18 25 A5 0C 01 31 03 CF 00 12 22 DA 25 A5 0C 01 31 05 E6 3D 77 FF B0 8C 6E B0 C8 24 0C 18 25 A5 0C 01 31 03 CF 00 1D 2D E5 25 A5 0C 01 31 05 E6 3D 77 FF B0 8C 6E B0 (58)
                              [N12:Z] MOTOR_I 0 18 (18)
                              [N12:Z] [undefined] 61 119 255 176 (1031274416)
                              [N12:Z] MOTOR_I 0 29 (29)
                              [N12:Z] [undefined] 61 119 255 176 (1031274416)
2026-04-23 12:36:41:232 [IN ] C8 24 0C 0E 25 A5 0C 01 31 03 CF 00 1C 2C E4 25 A5 0C 01 C8 24 0B 0A 25 A5 0B 01 31 02 DE 00 1D CD E4 C8 24 0C 0A 01 31 05 E6 3D 77 FF B0 8C 6E E4 C8 24 0C 18 25 A5 0C 01 31 03 CF 00 19 29 E1 
25 A5 0C 01 31 05 E6 3D 77 FF B0 8C 6E B0 (78)
                              [N12:Z] MOTOR_I 0 28 (28)
                              [N12:Z] MOTOR_I 0 25 (25)
                              [N12:Z] [undefined] 61 119 255 176 (1031274416)
2026-04-23 12:36:41:433 [IN ] C8 24 0C 18 25 A5 0C 01 31 03 CF 00 0F 1F D7 25 A5 0C 01 31 05 E6 3D 77 FF B0 8C 6E B0 C8 24 0C 18 25 A5 0C 01 31 03 CF 00 23 33 EB 25 A5 0C 01 31 05 E6 3D 77 FF B0 8C 6E B0 (58)
                              [N12:Z] MOTOR_I 0 15 (15)
                              [N12:Z] [undefined] 61 119 255 176 (1031274416)
                              [N12:Z] MOTOR_I 0 35 (35)
                              [N12:Z] [undefined] 61 119 255 176 (1031274416)
2026-04-23 12:36:41:635 [IN ] C8 24 0C 18 25 A5 0C 01 31 03 CF 00 1D 2D E5 25 A5 0C 01 31 05 E6 3D 77 FF B0 8C 6E B0 C8 24 0C 18 25 A5 0C 01 31 03 CF 00 19 29 E1 25 A5 0C 01 31 05 E6 3D 77 FF B0 8C 6E B0 (58)
                              [N12:Z] MOTOR_I 0 29 (29)
                              [N12:Z] [undefined] 61 119 255 176 (1031274416)
                              [N12:Z] MOTOR_I 0 25 (25)
                              [N12:Z] [undefined] 61 119 255 176 (1031274416)
2026-04-23 12:36:41:837 [IN ] C8 24 0C 18 25 A5 0C 01 31 03 CF 00 1D 2D E5 25 A5 0C 01 31 05 E6 3D 77 FF B0 8C 6E B0 C8 24 0C 18 25 A5 0C 01 31 03 CF 00 11 21 D9 25 A5 0C 01 31 05 E6 3D 77 FF B0 8C 6E B0 (58)
                              [N12:Z] MOTOR_I 0 29 (29)
                              [N12:Z] [undefined] 61 119 255 176 (1031274416)
                              [N12:Z] MOTOR_I 0 17 (17)
                              [N12:Z] [undefined] 61 119 255 176 (1031274416)
2026-04-23 12:36:42:039 [IN ] C8 24 05 0B 25 A5 05 01 31 03 81 5A 4C 61 AD 25 C8 24 0C 18 25 A5 0C 01 31 03 CF 00 1D 2D E5 25 A5 0C 01 31 05 E6 3D 77 FF B0 8C 6E B0 C8 24 05 0A 25 A5 05 01 31 02 81 49 03 38 E5 C8 24 0C 18 
25 A5 0C 01 31 03 CF 00 0E 1E D6 25 A5 0C 01 31 05 E6 3D 77 FF B0 8C 6E B0 (89)
                              [N5:V] TPOS 'Z' 76 (76)
                              [N12:Z] MOTOR_I 0 29 (29)
                              [N12:Z] [undefined] 61 119 255 176 (1031274416)
                              [N5:V] TPOS 'I'
                              [N12:Z] MOTOR_I 0 14 (14)
                              [N12:Z] [undefined] 61 119 255 176 (1031274416)
2026-04-23 12:36:42:241 [IN ] C8 24 0C 18 25 A5 0C 01 31 03 CF 00 18 28 E0 25 A5 0C 01 31 05 E6 3D 77 FF B0 8C 6E B0 C8 24 0B 0A 25 A5 0B 01 31 02 DE 00 1D CD E0 C8 24 0C 18 25 A5 0C 01 31 03 CF 00 18 28 E0 25 A5 0C 01 31 
05 E6 3D 77 FF B0 8C 6E B0 (73)
                              [N12:Z] MOTOR_I 0 24 (24)
                              [N12:Z] [undefined] 61 119 255 176 (1031274416)
                              [N11:NG] NGSWSTATE 0 (0)
                              [N12:Z] MOTOR_I 0 24 (24)
                              [N12:Z] [undefined] 61 119 255 176 (1031274416)
2026-04-23 12:36:42:262 [OUT] 25 A5 01 05 31 03 C9 3D 09 49 04 (11)
                              [N5:V] LFLAG '=' 9 (9)
2026-04-23 12:36:42:284 [IN ] C8 24 0C 15 25 A5 0C 01 31 03 CF 00 21 31 E9 25 A5 0C 01 31 05 E6 3D 77 FF B0 (26)
                              [N12:Z] MOTOR_I 0 33 (33)
2026-04-23 12:36:42:390 [IN ] C8 24 0C 1B B0 8C 6E 25 A5 0C 01 31 03 CF 00 10 20 D8 25 A5 0C 01 31 05 E6 3D 77 FF B0 8C 6E 0C (32)
                              [N12:Z] [undefined] 61 119 255 176 (1031274416)
                              [N12:Z] MOTOR_I 0 16 (16)
                              [N12:Z] [undefined] 61 119 255 176 (1031274416)
2026-04-23 12:36:42:433 [IN ] C8 24 05 0B 25 A5 05 01 31 03 C9 3A 09 46 02 10 (16)
                              [N5:V] LFLAG ':' 9 (9)
2026-04-23 12:36:42:453 [OUT] 25 A5 01 05 31 03 84 00 50 0E 02 (11)
                              [N5:V] VEL 0 80 (80)
2026-04-23 12:36:42:496 [IN ] C8 24 0C 18 25 A5 0C 01 31 03 CF 00 0D 1D D5 25 A5 0C 01 31 05 E6 3D 77 FF B0 8C 6E B0 (29)
                              [N12:Z] MOTOR_I 0 13 (13)
                              [N12:Z] [undefined] 61 119 255 176 (1031274416)
2026-04-23 12:36:42:582 [IN ] C8 24 0C 18 25 A5 0C 01 31 03 CF 00 1D 2D E5 25 A5 0C 01 31 05 E6 3D 77 FF B0 8C 6E B0 (29)
                              [N12:Z] MOTOR_I 0 29 (29)
                              [N12:Z] [undefined] 61 119 255 176 (1031274416)
2026-04-23 12:36:42:625 [IN ] C8 24 05 0C 25 A5 05 01 31 04 84 53 00 50 62 C2 A5 (17)
                              [N5:V] VEL 'S' 0 80 (80)
2026-04-23 12:36:42:646 [OUT] 25 A5 01 05 31 05 81 00 19 82 3C 94 B6 (13)
                              [N5:V] TPOS 0 25 130 60 (1671740)
2026-04-23 12:36:42:710 [IN ] C8 24 0C 18 25 A5 0C 01 31 03 CF 00 14 24 DC 25 A5 0C 01 31 05 E6 3D 77 FF B0 8C 6E B0 (29)
                              [N12:Z] MOTOR_I 0 20 (20)
                              [N12:Z] [undefined] 61 119 255 176 (1031274416)
2026-04-23 12:36:42:793 [IN ] C8 24 0C 18 25 A5 0C 01 31 03 CF 00 14 24 DC 25 A5 0C 01 31 05 E6 3D 77 FF B0 8C 6E B0 (29)
                              [N12:Z] MOTOR_I 0 20 (20)
                              [N12:Z] [undefined] 61 119 255 176 (1031274416)
2026-04-23 12:36:42:857 [IN ] C8 24 05 0E 25 A5 05 01 31 06 81 53 00 00 00 00 11 92 01 (19)
                              [N5:V] TPOS 'S' 0 0 0 0 (0)
2026-04-23 12:36:43:059 [IN ] C8 24 0C 18 25 A5 0C 01 31 03 CF 00 0F 1F D7 25 A5 0C 01 31 05 E6 3D 77 FF B0 8C 6E B0 C8 24 0C 18 25 A5 0C 01 31 03 CF 00 1D 2D E5 25 A5 0C 01 31 05 E6 3D 77 FF B0 8C 6E B0 (58)
                              [N12:Z] MOTOR_I 0 15 (15)
                              [N12:Z] [undefined] 61 119 255 176 (1031274416)
                              [N12:Z] MOTOR_I 0 29 (29)
                              [N12:Z] [undefined] 61 119 255 176 (1031274416)
2026-04-23 12:36:43:260 [IN ] C8 24 0C 18 25 A5 0C 01 31 03 CF 00 17 27 DF 25 A5 0C 01 31 05 E6 3D 77 FF B0 8C 6E B0 C8 24 0B 0A 25 A5 0B 01 31 02 DE 00 1D CD DF C8 24 07 0E 25 A5 07 01 31 06 81 45 FF AB 14 D3 96 58 01 C8 
24 0C 18 25 A5 0C 01 31 03 CF 00 16 26 DE 25 A5 0C 01 31 05 E6 3D 77 FF B0 8C 6E B0 (92)
                              [N12:Z] MOTOR_I 0 23 (23)
                              [N12:Z] [undefined] 61 119 255 176 (1031274416)
                              [N11:NG] NGSWSTATE 0 (0)
                              [N7:N] TPOS 'E' 255 171 20 211 (-5565229)
                              [N12:Z] MOTOR_I 0 22 (22)
                              [N12:Z] [undefined] 61 119 255 176 (1031274416)
2026-04-23 12:36:43:462 [IN ] C8 24 0C 18 25 A5 0C 01 31 03 CF 00 1F 2F E7 25 A5 0C 01 31 05 E6 3D 77 FF B0 8C 6E B0 C8 24 0C 0E 25 A5 0C 01 31 03 CF 00 1B 2B E3 25 A5 0C 01 C8 24 0C 0A 01 31 05 E6 3D 77 FF B0 8C 6E E3 (63)
                              [N12:Z] MOTOR_I 0 31 (31)
                              [N12:Z] [undefined] 61 119 255 176 (1031274416)
                              [N12:Z] MOTOR_I 0 27 (27)
                              [N12:Z] [undefined] 61 119 255 176 (1031274416)
2026-04-23 12:36:43:664 [IN ] C8 24 0C 18 25 A5 0C 01 31 03 CF 00 0E 1E D6 25 A5 0C 01 31 05 E6 3D 77 FF B0 8C 6E B0 C8 24 0C 18 25 A5 0C 01 31 03 CF 00 14 24 DC 25 A5 0C 01 31 05 E6 3D 77 FF B0 8C 6E B0 (58)
                              [N12:Z] MOTOR_I 0 14 (14)
                              [N12:Z] [undefined] 61 119 255 176 (1031274416)
                              [N12:Z] MOTOR_I 0 20 (20)
                              [N12:Z] [undefined] 61 119 255 176 (1031274416)
2026-04-23 12:36:43:686 [OUT] 25 A5 01 07 31 05 81 FF F0 47 34 29 C9 (13)
                              [N7:N] TPOS 255 240 71 52 (-1030348)
2026-04-23 12:36:43:686 [IN ] C8 24 (2)
2026-04-23 12:36:43:708 [IN ] 0C 18 25 A5 0C 01 31 03 CF 00 18 28 E0 25 A5 0C 01 31 05 E6 3D 77 FF B0 8C 6E B0 (27)
                              [N12:Z] MOTOR_I 0 24 (24)
                              [N12:Z] [undefined] 61 119 255 176 (1031274416)
2026-04-23 12:36:43:813 [IN ] C8 24 0C 18 25 A5 0C 01 31 03 CF 00 25 35 ED 25 A5 0C 01 31 05 E6 3D 77 FF B0 8C 6E B0 (29)
                              [N12:Z] MOTOR_I 0 37 (37)
                              [N12:Z] [undefined] 61 119 255 176 (1031274416)
2026-04-23 12:36:43:877 [IN ] C8 24 07 0E 25 A5 07 01 31 06 81 53 FF AB 14 D3 A4 9E 01 (19)
                              [N7:N] TPOS 'S' 255 171 20 211 (-5565229)
2026-04-23 12:36:44:080 [IN ] C8 24 0C 18 25 A5 0C 01 31 03 CF 00 0F 1F D7 25 A5 0C 01 31 05 E6 3D 77 FF B0 8C 6E B0 C8 24 0C 18 25 A5 0C 01 31 03 CF 00 11 21 D9 25 A5 0C 01 31 05 E6 3D 77 FF B0 8C 6E B0 (58)
                              [N12:Z] MOTOR_I 0 15 (15)
                              [N12:Z] [undefined] 61 119 255 176 (1031274416)
                              [N12:Z] MOTOR_I 0 17 (17)
                              [N12:Z] [undefined] 61 119 255 176 (1031274416)
2026-04-23 12:36:44:280 [IN ] C8 24 0C 18 25 A5 0C 01 31 03 CF 00 09 19 D1 25 A5 0C 01 31 05 E6 3D 77 FF B0 8C 6E B0 C8 24 0B 0A 25 A5 0B 01 31 02 DE 00 1D CD D1 C8 24 0C 18 25 A5 0C 01 31 03 CF 00 11 21 D9 25 A5 0C 01 31 
05 E6 3D 77 FF B0 8C 6E B0 (73)
                              [N12:Z] MOTOR_I 0 9 (9)
                              [N12:Z] [undefined] 61 119 255 176 (1031274416)
                              [N11:NG] NGSWSTATE 0 (0)
                              [N12:Z] MOTOR_I 0 17 (17)
                              [N12:Z] [undefined] 61 119 255 176 (1031274416)
2026-04-23 12:36:44:483 [IN ] C8 24 0C 18 25 A5 0C 01 31 03 CF 00 22 32 EA 25 A5 0C 01 31 05 E6 3D 77 FF B0 8C 6E B0 C8 24 0C 18 25 A5 0C 01 31 03 CF 00 25 35 ED 25 A5 0C 01 31 05 E6 3D 77 FF B0 8C 6E B0 (58)
                              [N12:Z] MOTOR_I 0 34 (34)
                              [N12:Z] [undefined] 61 119 255 176 (1031274416)
                              [N12:Z] MOTOR_I 0 37 (37)
                              [N12:Z] [undefined] 61 119 255 176 (1031274416)
2026-04-23 12:36:44:684 [IN ] C8 24 0C 18 25 A5 0C 01 31 03 CF 00 0D 1D D5 25 A5 0C 01 31 05 E6 3D 77 FF B0 8C 6E B0 C8 24 0C 15 25 A5 0C 01 31 03 CF 00 00 10 C8 25 A5 0C 01 31 05 E6 3D 77 00 B0 C8 24 0C 0A 00 DD C0 25 A5 
0C 01 31 06 81 C8 (70)
                              [N12:Z] MOTOR_I 0 13 (13)
                              [N12:Z] [undefined] 61 119 255 176 (1031274416)
                              [N12:Z] MOTOR_I 0 0 (0)
                              [N12:Z] [undefined] 61 119 0 0 (1031208960)
2026-04-23 12:36:44:886 [IN ] C8 24 0C 1F 45 FF BC CE 95 28 F3 25 A5 0C 01 31 03 CF 00 00 10 C8 25 A5 0C 01 31 05 E6 3D 77 00 00 DD C0 E6 C8 24 0C 18 25 A5 0C 01 31 03 CF 00 00 10 C8 25 A5 0C 01 31 05 E6 3D 77 00 00 DD C0 
E6 (65)
                              [N12:Z] TPOS 'E' 255 188 206 149 (-4403563)
                              [N12:Z] MOTOR_I 0 0 (0)
                              [N12:Z] [undefined] 61 119 0 0 (1031208960)
                              [N12:Z] MOTOR_I 0 0 (0)
                              [N12:Z] [undefined] 61 119 0 0 (1031208960)
2026-04-23 12:36:45:089 [IN ] C8 24 0C 18 25 A5 0C 01 31 03 CF 00 00 10 C8 25 A5 0C 01 31 05 E6 3D 77 00 00 DD C0 E6 C8 24 0C 18 25 A5 0C 01 31 03 CF 00 00 10 C8 25 A5 0C 01 31 05 E6 3D 77 00 00 DD C0 E6 (58)
                              [N12:Z] MOTOR_I 0 0 (0)
                              [N12:Z] [undefined] 61 119 0 0 (1031208960)
                              [N12:Z] MOTOR_I 0 0 (0)
                              [N12:Z] [undefined] 61 119 0 0 (1031208960)
2026-04-23 12:36:45:289 [IN ] C8 24 0C 18 25 A5 0C 01 31 03 CF 00 00 10 C8 25 A5 0C 01 31 05 E6 3D 77 00 00 DD C0 E6 C8 24 0B 0A 25 A5 0B 01 31 02 DE 00 1D CD C8 C8 24 0C 18 25 A5 0C 01 31 03 CF 00 00 10 C8 25 A5 0C 01 31 
05 E6 3D 77 00 00 DD C0 E6 (73)
                              [N12:Z] MOTOR_I 0 0 (0)
                              [N12:Z] [undefined] 61 119 0 0 (1031208960)
                              [N11:NG] NGSWSTATE 0 (0)
                              [N12:Z] MOTOR_I 0 0 (0)
                              [N12:Z] [undefined] 61 119 0 0 (1031208960)
2026-04-23 12:36:45:311 [OUT] 25 A5 01 0C 31 05 81 FF D7 8D 9A C1 98 (13)
                              [N12:Z] TPOS 255 215 141 154 (-2650726)
2026-04-23 12:36:45:333 [IN ] C8 24 0C 18 25 A5 0C 01 31 03 CF 00 00 10 C8 25 A5 0C 01 31 05 E6 3D 77 00 00 DD C0 E6 (29)
                              [N12:Z] MOTOR_I 0 0 (0)
                              [N12:Z] [undefined] 61 119 0 0 (1031208960)
2026-04-23 12:36:45:417 [IN ] C8 24 0C 18 25 A5 0C 01 31 03 CF 00 00 10 C8 25 A5 0C 01 31 05 E6 3D 77 00 00 DD C0 E6 (29)
                              [N12:Z] MOTOR_I 0 0 (0)
                              [N12:Z] [undefined] 61 119 0 0 (1031208960)
2026-04-23 12:36:45:522 [IN ] C8 24 0C 0E 25 A5 0C 01 31 06 81 53 FF BC CE AF 50 53 01 C8 24 0C 18 25 A5 0C 01 31 03 CF 00 24 34 EC 25 A5 0C 01 31 05 E6 3D 77 00 50 2D 10 E6 (48)
                              [N12:Z] TPOS 'S' 255 188 206 175 (-4403537)
                              [N12:Z] MOTOR_I 0 36 (36)
                              [N12:Z] [undefined] 61 119 0 80 (1031209040)
2026-04-23 12:36:45:725 [IN ] C8 24 0C 18 25 A5 0C 01 31 03 CF 00 17 27 DF 25 A5 0C 01 31 05 E6 3D 77 00 50 2D 10 E6 C8 24 0C 0E 25 A5 0C 01 31 03 CF 00 1A 2A E2 25 A5 0C 01 C8 24 0C 0A 01 31 05 E6 3D 77 00 50 2D 10 (62)
                              [N12:Z] MOTOR_I 0 23 (23)
                              [N12:Z] [undefined] 61 119 0 80 (1031209040)
                              [N12:Z] MOTOR_I 0 26 (26)
                              [N12:Z] [undefined] 61 119 0 80 (1031209040)
2026-04-23 12:36:45:926 [IN ] E2 C8 24 0C 18 25 A5 0C 01 31 03 CF 00 22 32 EA 25 A5 0C 01 31 05 E6 3D 77 00 50 2D 10 E6 C8 24 08 0B 25 A5 08 01 31 03 81 5A 52 6A C8 25 C8 24 0C 18 25 A5 0C 01 31 03 CF 00 10 20 D8 25 A5 0C 
01 31 05 E6 3D 77 00 50 2D 10 E6 (75)
                              [N12:Z] MOTOR_I 0 34 (34)
                              [N12:Z] [undefined] 61 119 0 80 (1031209040)
                              [N8:R] TPOS 'Z' 82 (82)
                              [N12:Z] MOTOR_I 0 16 (16)
                              [N12:Z] [undefined] 61 119 0 80 (1031209040)
2026-04-23 12:36:46:128 [IN ] C8 24 08 0A 25 A5 08 01 31 02 81 49 06 4A D8 C8 24 0C 18 25 A5 0C 01 31 03 CF 00 0D 1D D5 25 A5 0C 01 31 05 E6 3D 77 00 50 2D 10 E6 C8 24 0C 18 25 A5 0C 01 31 03 CF 00 0D 1D D5 25 A5 0C 01 31 
05 E6 3D 77 00 50 2D 10 E6 (73)
                              [N8:R] TPOS 'I'
                              [N12:Z] MOTOR_I 0 13 (13)
                              [N12:Z] [undefined] 61 119 0 80 (1031209040)
                              [N12:Z] MOTOR_I 0 13 (13)
                              [N12:Z] [undefined] 61 119 0 80 (1031209040)
2026-04-23 12:36:46:331 [IN ] C8 24 0B 0A 25 A5 0B 01 31 02 DE 00 1D CD D5 C8 24 0C 18 25 A5 0C 01 31 03 CF 00 12 22 DA 25 A5 0C 01 31 05 E6 3D 77 00 50 2D 10 E6 C8 24 0C 18 25 A5 0C 01 31 03 CF 00 1E 2E E6 25 A5 0C 01 31 
05 E6 3D 77 00 50 2D 10 E6 (73)
                              [N11:NG] NGSWSTATE 0 (0)
                              [N12:Z] MOTOR_I 0 18 (18)
                              [N12:Z] [undefined] 61 119 0 80 (1031209040)
                              [N12:Z] MOTOR_I 0 30 (30)
                              [N12:Z] [undefined] 61 119 0 80 (1031209040)
2026-04-23 12:36:46:352 [OUT] 25 A5 01 08 31 03 CA 3D 09 4D 19 (11)
                              [N8:R] RFLAG '=' 9 (9)
2026-04-23 12:36:46:436 [IN ] C8 24 0C 18 25 A5 0C 01 31 03 CF 00 0E 1E D6 25 A5 0C 01 31 05 E6 3D 77 00 50 2D 10 E6 (29)
                              [N12:Z] MOTOR_I 0 14 (14)
                              [N12:Z] [undefined] 61 119 0 80 (1031209040)
2026-04-23 12:36:46:499 [IN ] C8 24 08 0B 25 A5 08 01 31 03 CA 3A 09 4A 1A 25 (16)
                              [N8:R] RFLAG ':' 9 (9)
2026-04-23 12:36:46:521 [OUT] 25 A5 01 08 31 05 81 FF DC 77 1D 2F DE (13)
                              [N8:R] TPOS 255 220 119 29 (-2328803)
2026-04-23 12:36:46:542 [IN ] C8 24 0C 18 25 A5 0C 01 31 03 CF 00 0D 1D D5 25 A5 0C 01 31 05 E6 3D 77 00 50 2D 10 E6 (29)
                              [N12:Z] MOTOR_I 0 13 (13)
                              [N12:Z] [undefined] 61 119 0 80 (1031209040)
2026-04-23 12:36:46:626 [IN ] C8 24 0C 18 25 A5 0C 01 31 03 CF 00 1A 2A E2 25 A5 0C 01 31 05 E6 3D 77 00 50 2D 10 E6 (29)
                              [N12:Z] MOTOR_I 0 26 (26)
                              [N12:Z] [undefined] 61 119 0 80 (1031209040)
2026-04-23 12:36:46:689 [IN ] C8 24 08 0E 25 A5 08 01 31 06 81 53 FF FF FF E9 FA 90 01 (19)
                              [N8:R] TPOS 'S' 255 255 255 233 (-23)
2026-04-23 12:36:46:890 [IN ] C8 24 0C 18 25 A5 0C 01 31 03 CF 00 1E 2E E6 25 A5 0C 01 31 05 E6 3D 77 00 50 2D 10 E6 C8 24 0C 18 25 A5 0C 01 31 03 CF 00 0D 1D D5 25 A5 0C 01 31 05 E6 3D 77 00 50 2D 10 E6 (58)
                              [N12:Z] MOTOR_I 0 30 (30)
                              [N12:Z] [undefined] 61 119 0 80 (1031209040)
                              [N12:Z] MOTOR_I 0 13 (13)
                              [N12:Z] [undefined] 61 119 0 80 (1031209040)
2026-04-23 12:36:47:092 [IN ] C8 24 0C 15 25 A5 0C 01 31 03 CF 00 10 20 D8 25 A5 0C 01 31 05 E6 3D 77 00 50 C8 24 0C 1B 50 2D 10 25 A5 0C 01 31 03 CF 00 0C 1C D4 25 A5 0C 01 31 05 E6 3D 77 00 50 2D 10 00 (58)
                              [N12:Z] MOTOR_I 0 16 (16)
                              [N12:Z] [undefined] 61 119 0 80 (1031209040)
                              [N12:Z] MOTOR_I 0 12 (12)
                              [N12:Z] [undefined] 61 119 0 80 (1031209040)
2026-04-23 12:36:47:293 [IN ] C8 24 0C 18 25 A5 0C 01 31 03 CF 00 14 24 DC 25 A5 0C 01 31 05 E6 3D 77 00 50 2D 10 50 C8 24 0B 0A 25 A5 0B 01 31 02 DE 00 1D CD DC C8 24 0C 18 25 A5 0C 01 31 03 CF 00 1E 2E E6 25 A5 0C 01 31 
05 E6 3D 77 00 50 2D 10 50 (73)
                              [N12:Z] MOTOR_I 0 20 (20)
                              [N12:Z] [undefined] 61 119 0 80 (1031209040)
                              [N11:NG] NGSWSTATE 0 (0)
                              [N12:Z] MOTOR_I 0 30 (30)
                              [N12:Z] [undefined] 61 119 0 80 (1031209040)
2026-04-23 12:36:47:494 [IN ] C8 24 0C 18 25 A5 0C 01 31 03 CF 00 1E 2E E6 25 A5 0C 01 31 05 E6 3D 77 00 50 2D 10 50 C8 24 0C 18 25 A5 0C 01 31 03 CF 00 12 22 DA 25 A5 0C 01 31 05 E6 3D 77 00 50 2D 10 50 (58)
                              [N12:Z] MOTOR_I 0 30 (30)
                              [N12:Z] [undefined] 61 119 0 80 (1031209040)
                              [N12:Z] MOTOR_I 0 18 (18)
                              [N12:Z] [undefined] 61 119 0 80 (1031209040)
2026-04-23 12:36:47:695 [IN ] C8 24 0C 18 25 A5 0C 01 31 03 CF 00 08 18 D0 25 A5 0C 01 31 05 E6 3D 77 00 50 2D 10 50 C8 24 0C 18 25 A5 0C 01 31 03 CF 00 11 21 D9 25 A5 0C 01 31 05 E6 3D 77 00 50 2D 10 50 (58)
                              [N12:Z] MOTOR_I 0 8 (8)
                              [N12:Z] [undefined] 61 119 0 80 (1031209040)
                              [N12:Z] MOTOR_I 0 17 (17)
                              [N12:Z] [undefined] 61 119 0 80 (1031209040)
2026-04-23 12:36:47:898 [IN ] C8 24 0C 18 25 A5 0C 01 31 03 CF 00 17 27 DF 25 A5 0C 01 31 05 E6 3D 77 00 50 2D 10 50 C8 24 0C 18 25 A5 0C 01 31 03 CF 00 0F 1F D7 25 A5 0C 01 31 05 E6 3D 77 00 50 2D 10 50 (58)
                              [N12:Z] MOTOR_I 0 23 (23)
                              [N12:Z] [undefined] 61 119 0 80 (1031209040)
                              [N12:Z] MOTOR_I 0 15 (15)
                              [N12:Z] [undefined] 61 119 0 80 (1031209040)
2026-04-23 12:36:48:099 [IN ] C8 24 0C 18 25 A5 0C 01 31 03 CF 00 19 29 E1 25 A5 0C 01 31 05 E6 3D 77 00 50 2D 10 50 C8 24 0C 0E 25 A5 0C 01 31 03 CF 00 18 28 E0 25 A5 0C 01 C8 24 0C 0A 01 31 05 E6 3D 77 00 50 2D 10 E0 (63)
                              [N12:Z] MOTOR_I 0 25 (25)
                              [N12:Z] [undefined] 61 119 0 80 (1031209040)
                              [N12:Z] MOTOR_I 0 24 (24)
                              [N12:Z] [undefined] 61 119 0 80 (1031209040)
2026-04-23 12:36:48:300 [IN ] C8 24 0C 18 25 A5 0C 01 31 03 CF 00 11 21 D9 25 A5 0C 01 31 05 E6 3D 77 00 50 2D 10 50 C8 24 0B 0A 25 A5 0B 01 31 02 DE 00 1D CD D9 C8 24 0C 18 25 A5 0C 01 31 03 CF 00 18 28 E0 25 A5 0C 01 31 
05 E6 3D 77 00 50 2D 10 50 (73)
                              [N12:Z] MOTOR_I 0 17 (17)
                              [N12:Z] [undefined] 61 119 0 80 (1031209040)
                              [N11:NG] NGSWSTATE 0 (0)
                              [N12:Z] MOTOR_I 0 24 (24)
                              [N12:Z] [undefined] 61 119 0 80 (1031209040)
2026-04-23 12:36:48:501 [IN ] C8 24 0C 18 25 A5 0C 01 31 03 CF 00 19 29 E1 25 A5 0C 01 31 05 E6 3D 77 00 50 2D 10 50 C8 24 0C 18 25 A5 0C 01 31 03 CF 00 0A 1A D2 25 A5 0C 01 31 05 E6 3D 77 00 50 2D 10 50 (58)
                              [N12:Z] MOTOR_I 0 25 (25)
                              [N12:Z] [undefined] 61 119 0 80 (1031209040)
                              [N12:Z] MOTOR_I 0 10 (10)
                              [N12:Z] [undefined] 61 119 0 80 (1031209040)
2026-04-23 12:36:48:702 [IN ] C8 24 0C 18 25 A5 0C 01 31 03 CF 00 12 22 DA 25 A5 0C 01 31 05 E6 3D 77 00 50 2D 10 50 C8 24 0C 18 25 A5 0C 01 31 03 CF 00 0C 1C D4 25 A5 0C 01 31 05 E6 3D 77 00 50 2D 10 50 (58)
                              [N12:Z] MOTOR_I 0 18 (18)
                              [N12:Z] [undefined] 61 119 0 80 (1031209040)
                              [N12:Z] MOTOR_I 0 12 (12)
                              [N12:Z] [undefined] 61 119 0 80 (1031209040)
2026-04-23 12:36:48:903 [IN ] C8 24 0C 18 25 A5 0C 01 31 03 CF 00 0D 1D D5 25 A5 0C 01 31 05 E6 3D 77 00 50 2D 10 50 C8 24 0C 18 25 A5 0C 01 31 03 CF 00 0C 1C D4 25 A5 0C 01 31 05 E6 3D 77 00 50 2D 10 50 (58)
                              [N12:Z] MOTOR_I 0 13 (13)
                              [N12:Z] [undefined] 61 119 0 80 (1031209040)
                              [N12:Z] MOTOR_I 0 12 (12)
                              [N12:Z] [undefined] 61 119 0 80 (1031209040)
2026-04-23 12:36:49:105 [IN ] C8 24 0C 18 25 A5 0C 01 31 03 CF 00 12 22 DA 25 A5 0C 01 31 05 E6 3D 77 00 50 2D 10 50 C8 24 0C 18 25 A5 0C 01 31 03 CF 00 18 28 E0 25 A5 0C 01 31 05 E6 3D 77 00 50 2D 10 50 (58)
                              [N12:Z] MOTOR_I 0 18 (18)
                              [N12:Z] [undefined] 61 119 0 80 (1031209040)
                              [N12:Z] MOTOR_I 0 24 (24)
                              [N12:Z] [undefined] 61 119 0 80 (1031209040)
2026-04-23 12:36:49:306 [IN ] C8 24 0C 18 25 A5 0C 01 31 03 CF 00 17 27 DF 25 A5 0C 01 31 05 E6 3D 77 00 50 2D 10 50 C8 24 0B 0A 25 A5 0B 01 31 02 DE 00 1D CD DF C8 24 0C 15 25 A5 0C 01 31 03 CF 00 0B 1B D3 25 A5 0C 01 31 
05 E6 3D 77 00 50 (70)
                              [N12:Z] MOTOR_I 0 23 (23)
                              [N12:Z] [undefined] 61 119 0 80 (1031209040)
                              [N11:NG] NGSWSTATE 0 (0)
                              [N12:Z] MOTOR_I 0 11 (11)
2026-04-23 12:36:49:508 [IN ] C8 24 0C 1B 50 2D 10 25 A5 0C 01 31 03 CF 00 0E 1E D6 25 A5 0C 01 31 05 E6 3D 77 00 50 2D 10 00 C8 24 0C 18 25 A5 0C 01 31 03 CF 00 16 26 DE 25 A5 0C 01 31 05 E6 3D 77 00 50 2D 10 50 (61)
                              [N12:Z] [undefined] 61 119 0 80 (1031209040)
                              [N12:Z] MOTOR_I 0 14 (14)
                              [N12:Z] [undefined] 61 119 0 80 (1031209040)
                              [N12:Z] MOTOR_I 0 22 (22)
                              [N12:Z] [undefined] 61 119 0 80 (1031209040)
2026-04-23 12:36:49:710 [IN ] C8 24 0C 18 25 A5 0C 01 31 03 CF 00 13 23 DB 25 A5 0C 01 31 05 E6 3D 77 00 50 2D 10 50 C8 24 0C 18 25 A5 0C 01 31 03 CF 00 0F 1F D7 25 A5 0C 01 31 05 E6 3D 77 00 50 2D 10 50 (58)
                              [N12:Z] MOTOR_I 0 19 (19)
                              [N12:Z] [undefined] 61 119 0 80 (1031209040)
                              [N12:Z] MOTOR_I 0 15 (15)
                              [N12:Z] [undefined] 61 119 0 80 (1031209040)
2026-04-23 12:36:49:912 [IN ] C8 24 0C 18 25 A5 0C 01 31 03 CF 00 12 22 DA 25 A5 0C 01 31 05 E6 3D 77 00 50 2D 10 50 C8 24 0C 18 25 A5 0C 01 31 03 CF 00 0D 1D D5 25 A5 0C 01 31 05 E6 3D 77 00 50 2D 10 50 (58)
                              [N12:Z] MOTOR_I 0 18 (18)
                              [N12:Z] [undefined] 61 119 0 80 (1031209040)
                              [N12:Z] MOTOR_I 0 13 (13)
                              [N12:Z] [undefined] 61 119 0 80 (1031209040)
2026-04-23 12:36:50:113 [IN ] C8 24 0C 18 25 A5 0C 01 31 03 CF 00 14 24 DC 25 A5 0C 01 31 05 E6 3D 77 00 50 2D 10 50 C8 24 0C 18 25 A5 0C 01 31 03 CF 00 0C 1C D4 25 A5 0C 01 31 05 E6 3D 77 00 50 2D 10 50 (58)
                              [N12:Z] MOTOR_I 0 20 (20)
                              [N12:Z] [undefined] 61 119 0 80 (1031209040)
                              [N12:Z] MOTOR_I 0 12 (12)
                              [N12:Z] [undefined] 61 119 0 80 (1031209040)
2026-04-23 12:36:50:315 [IN ] C8 24 0C 18 25 A5 0C 01 31 03 CF 00 1D 2D E5 25 A5 0C 01 31 05 E6 3D 77 00 50 2D 10 50 C8 24 0B 0A 25 A5 0B 01 31 02 DE 00 1D CD E5 C8 24 0C 18 25 A5 0C 01 31 03 CF 00 0C 1C D4 25 A5 0C 01 31 
05 E6 3D 77 00 50 2D 10 50 (73)
                              [N12:Z] MOTOR_I 0 29 (29)
                              [N12:Z] [undefined] 61 119 0 80 (1031209040)
                              [N11:NG] NGSWSTATE 0 (0)
                              [N12:Z] MOTOR_I 0 12 (12)
                              [N12:Z] [undefined] 61 119 0 80 (1031209040)
2026-04-23 12:36:50:517 [IN ] C8 24 0C 0E 25 A5 0C 01 31 03 CF 00 19 29 E1 25 A5 0C 01 C8 24 0C 0A 01 31 05 E6 3D 77 00 50 2D 10 E1 C8 24 0C 18 25 A5 0C 01 31 03 CF 00 12 22 DA 25 A5 0C 01 31 05 E6 3D 77 00 50 2D 10 50 (63)
                              [N12:Z] MOTOR_I 0 25 (25)
                              [N12:Z] [undefined] 61 119 0 80 (1031209040)
                              [N12:Z] MOTOR_I 0 18 (18)
                              [N12:Z] [undefined] 61 119 0 80 (1031209040)
2026-04-23 12:36:50:718 [IN ] C8 24 0C 18 25 A5 0C 01 31 03 CF 00 1E 2E E6 25 A5 0C 01 31 05 E6 3D 77 00 50 2D 10 50 C8 24 0C 18 25 A5 0C 01 31 03 CF 00 21 31 E9 25 A5 0C 01 31 05 E6 3D 77 00 50 2D 10 50 (58)
                              [N12:Z] MOTOR_I 0 30 (30)
                              [N12:Z] [undefined] 61 119 0 80 (1031209040)
                              [N12:Z] MOTOR_I 0 33 (33)
                              [N12:Z] [undefined] 61 119 0 80 (1031209040)
2026-04-23 12:36:50:920 [IN ] C8 24 0C 18 25 A5 0C 01 31 03 CF 00 0B 1B D3 25 A5 0C 01 31 05 E6 3D 77 00 50 2D 10 50 C8 24 0C 18 25 A5 0C 01 31 03 CF 00 13 23 DB 25 A5 0C 01 31 05 E6 3D 77 00 50 2D 10 50 (58)
                              [N12:Z] MOTOR_I 0 11 (11)
                              [N12:Z] [undefined] 61 119 0 80 (1031209040)
                              [N12:Z] MOTOR_I 0 19 (19)
                              [N12:Z] [undefined] 61 119 0 80 (1031209040)
2026-04-23 12:36:51:121 [IN ] C8 24 0C 18 25 A5 0C 01 31 03 CF 00 1A 2A E2 25 A5 0C 01 31 05 E6 3D 77 00 50 2D 10 50 C8 24 05 0E 25 A5 05 01 31 06 81 45 00 19 85 C0 61 61 01 C8 24 0C 18 25 A5 0C 01 31 03 CF 00 0C 1C D4 25 
A5 0C 01 31 05 E6 3D 77 00 50 2D 10 50 (77)
                              [N12:Z] MOTOR_I 0 26 (26)
                              [N12:Z] [undefined] 61 119 0 80 (1031209040)
                              [N5:V] TPOS 'E' 0 25 133 192 (1672640)
                              [N12:Z] MOTOR_I 0 12 (12)
                              [N12:Z] [undefined] 61 119 0 80 (1031209040)
2026-04-23 12:36:51:324 [IN ] C8 24 0C 18 25 A5 0C 01 31 03 CF 00 23 33 EB 25 A5 0C 01 31 05 E6 3D 77 00 50 2D 10 50 C8 24 0B 0A 25 A5 0B 01 31 02 DE 00 1D CD EB C8 24 0C 18 25 A5 0C 01 31 03 CF 00 13 23 DB 25 A5 0C 01 31 
05 E6 3D 77 00 50 2D 10 50 (73)
                              [N12:Z] MOTOR_I 0 35 (35)
                              [N12:Z] [undefined] 61 119 0 80 (1031209040)
                              [N11:NG] NGSWSTATE 0 (0)
                              [N12:Z] MOTOR_I 0 19 (19)
                              [N12:Z] [undefined] 61 119 0 80 (1031209040)
2026-04-23 12:36:51:526 [IN ] C8 24 0C 18 25 A5 0C 01 31 03 CF 00 1E 2E E6 25 A5 0C 01 31 05 E6 3D 77 00 50 2D 10 50 C8 24 0C 0E 25 A5 0C 01 31 03 CF 00 0F 1F D7 25 A5 0C 01 C8 24 0C 0A 01 31 05 E6 3D 77 00 50 2D 10 D7 (63)
                              [N12:Z] MOTOR_I 0 30 (30)
                              [N12:Z] [undefined] 61 119 0 80 (1031209040)
                              [N12:Z] MOTOR_I 0 15 (15)
                              [N12:Z] [undefined] 61 119 0 80 (1031209040)
2026-04-23 12:36:51:547 [OUT] 25 A5 01 05 31 05 81 00 0C A2 C9 34 5C (13)
                              [N5:V] TPOS 0 12 162 201 (828105)
2026-04-23 12:36:51:548 [IN ] C8 24 0C 15 25 A5 0C 01 31 03 CF 00 1E 2E E6 25 A5 0C 01 31 05 E6 3D 77 00 50 (26)
                              [N12:Z] MOTOR_I 0 30 (30)
2026-04-23 12:36:51:673 [IN ] C8 24 0C 1B 50 2D 10 25 A5 0C 01 31 03 CF 00 1A 2A E2 25 A5 0C 01 31 05 E6 3D 77 00 50 2D 10 00 (32)
                              [N12:Z] [undefined] 61 119 0 80 (1031209040)
                              [N12:Z] MOTOR_I 0 26 (26)
                              [N12:Z] [undefined] 61 119 0 80 (1031209040)
2026-04-23 12:36:51:716 [IN ] C8 24 05 (3)
2026-04-23 12:36:51:738 [IN ] 0E 25 A5 05 01 31 06 81 53 00 19 85 C0 6F A7 25 (16)
                              [N5:V] TPOS 'S' 0 25 133 192 (1672640)
2026-04-23 12:36:51:940 [IN ] C8 24 0C 18 25 A5 0C 01 31 03 CF 00 1C 2C E4 25 A5 0C 01 31 05 E6 3D 77 00 50 2D 10 50 C8 24 0C 18 25 A5 0C 01 31 03 CF 00 12 22 DA 25 A5 0C 01 31 05 E6 3D 77 00 50 2D 10 50 (58)
                              [N12:Z] MOTOR_I 0 28 (28)
                              [N12:Z] [undefined] 61 119 0 80 (1031209040)
                              [N12:Z] MOTOR_I 0 18 (18)
                              [N12:Z] [undefined] 61 119 0 80 (1031209040)
2026-04-23 12:36:52:142 [IN ] C8 24 0C 18 25 A5 0C 01 31 03 CF 00 0C 1C D4 25 A5 0C 01 31 05 E6 3D 77 00 50 2D 10 50 C8 24 0C 18 25 A5 0C 01 31 03 CF 00 0D 1D D5 25 A5 0C 01 31 05 E6 3D 77 00 50 2D 10 50 (58)
                              [N12:Z] MOTOR_I 0 12 (12)
                              [N12:Z] [undefined] 61 119 0 80 (1031209040)
                              [N12:Z] MOTOR_I 0 13 (13)
                              [N12:Z] [undefined] 61 119 0 80 (1031209040)
2026-04-23 12:36:52:345 [IN ] C8 24 0C 18 25 A5 0C 01 31 03 CF 00 0E 1E D6 25 A5 0C 01 31 05 E6 3D 77 00 50 2D 10 50 C8 24 0B 0A 25 A5 0B 01 31 02 DE 00 1D CD D6 C8 24 0C 18 25 A5 0C 01 31 03 CF 00 0D 1D D5 25 A5 0C 01 31 
05 E6 3D 77 00 50 2D 10 50 (73)
                              [N12:Z] MOTOR_I 0 14 (14)
                              [N12:Z] [undefined] 61 119 0 80 (1031209040)
                              [N11:NG] NGSWSTATE 0 (0)
                              [N12:Z] MOTOR_I 0 13 (13)
                              [N12:Z] [undefined] 61 119 0 80 (1031209040)
2026-04-23 12:36:52:546 [IN ] C8 24 0C 18 25 A5 0C 01 31 03 CF 00 1C 2C E4 25 A5 0C 01 31 05 E6 3D 77 00 50 2D 10 50 C8 24 0C 18 25 A5 0C 01 31 03 CF 00 2C 3C F4 25 A5 0C 01 31 05 E6 3D 77 00 50 2D 10 50 (58)
                              [N12:Z] MOTOR_I 0 28 (28)
                              [N12:Z] [undefined] 61 119 0 80 (1031209040)
                              [N12:Z] MOTOR_I 0 44 (44)
                              [N12:Z] [undefined] 61 119 0 80 (1031209040)
2026-04-23 12:36:52:747 [IN ] C8 24 0C 18 25 A5 0C 01 31 03 CF 00 1C 2C E4 25 A5 0C 01 31 05 E6 3D 77 00 50 2D 10 50 C8 24 0C 0E 25 A5 0C 01 31 03 CF 00 16 26 DE 25 A5 0C 01 C8 24 0C 0A 01 31 05 E6 3D 77 00 50 2D 10 DE (63)
                              [N12:Z] MOTOR_I 0 28 (28)
                              [N12:Z] [undefined] 61 119 0 80 (1031209040)
                              [N12:Z] MOTOR_I 0 22 (22)
                              [N12:Z] [undefined] 61 119 0 80 (1031209040)
2026-04-23 12:36:52:948 [IN ] C8 24 0C 18 25 A5 0C 01 31 03 CF 00 18 28 E0 25 A5 0C 01 31 05 E6 3D 77 00 50 2D 10 50 C8 24 0C 18 25 A5 0C 01 31 03 CF 00 1B 2B E3 25 A5 0C 01 31 05 E6 3D 77 00 50 2D 10 50 (58)
                              [N12:Z] MOTOR_I 0 24 (24)
                              [N12:Z] [undefined] 61 119 0 80 (1031209040)
                              [N12:Z] MOTOR_I 0 27 (27)
                              [N12:Z] [undefined] 61 119 0 80 (1031209040)
2026-04-23 12:36:53:150 [IN ] C8 24 0C 18 25 A5 0C 01 31 03 CF 00 16 26 DE 25 A5 0C 01 31 05 E6 3D 77 00 50 2D 10 50 C8 24 0C 18 25 A5 0C 01 31 03 CF 00 12 22 DA 25 A5 0C 01 31 05 E6 3D 77 00 50 2D 10 50 (58)
                              [N12:Z] MOTOR_I 0 22 (22)
                              [N12:Z] [undefined] 61 119 0 80 (1031209040)
                              [N12:Z] MOTOR_I 0 18 (18)
                              [N12:Z] [undefined] 61 119 0 80 (1031209040)
2026-04-23 12:36:53:351 [IN ] C8 24 0C 18 25 A5 0C 01 31 03 CF 00 1E 2E E6 25 A5 0C 01 31 05 E6 3D 77 00 50 2D 10 50 C8 24 0B 0A 25 A5 0B 01 31 02 DE 00 1D CD E6 C8 24 0C 18 25 A5 0C 01 31 03 CF 00 1D 2D E5 25 A5 0C 01 31 
05 E6 3D 77 00 50 2D 10 50 (73)
                              [N12:Z] MOTOR_I 0 30 (30)
                              [N12:Z] [undefined] 61 119 0 80 (1031209040)
                              [N11:NG] NGSWSTATE 0 (0)
                              [N12:Z] MOTOR_I 0 29 (29)
                              [N12:Z] [undefined] 61 119 0 80 (1031209040)
2026-04-23 12:36:53:553 [IN ] C8 24 0C 18 25 A5 0C 01 31 03 CF 00 21 31 E9 25 A5 0C 01 31 05 E6 3D 77 00 50 2D 10 50 C8 24 0C 18 25 A5 0C 01 31 03 CF 00 0E 1E D6 25 A5 0C 01 31 05 E6 3D 77 00 50 2D 10 50 (58)
                              [N12:Z] MOTOR_I 0 33 (33)
                              [N12:Z] [undefined] 61 119 0 80 (1031209040)
                              [N12:Z] MOTOR_I 0 14 (14)
                              [N12:Z] [undefined] 61 119 0 80 (1031209040)
2026-04-23 12:36:53:753 [IN ] C8 24 0C 18 25 A5 0C 01 31 03 CF 00 19 29 E1 25 A5 0C 01 31 05 E6 3D 77 00 50 2D 10 50 C8 24 0C 18 25 A5 0C 01 31 03 CF 00 10 20 D8 25 A5 0C 01 31 05 E6 3D 77 00 50 2D 10 50 (58)
                              [N12:Z] MOTOR_I 0 25 (25)
                              [N12:Z] [undefined] 61 119 0 80 (1031209040)
                              [N12:Z] MOTOR_I 0 16 (16)
                              [N12:Z] [undefined] 61 119 0 80 (1031209040)
2026-04-23 12:36:53:955 [IN ] C8 24 0C 0E 25 A5 0C 01 31 03 CF 00 1A 2A E2 25 A5 0C 01 C8 24 0C 0A 01 31 05 E6 3D 77 00 50 2D 10 E2 C8 24 0C 15 25 A5 0C 01 31 03 CF 00 1A 2A E2 25 A5 0C 01 31 05 E6 3D 77 00 50 (60)
                              [N12:Z] MOTOR_I 0 26 (26)
                              [N12:Z] [undefined] 61 119 0 80 (1031209040)
                              [N12:Z] MOTOR_I 0 26 (26)
2026-04-23 12:36:54:156 [IN ] C8 24 0C 1B 50 2D 10 25 A5 0C 01 31 03 CF 00 18 28 E0 25 A5 0C 01 31 05 E6 3D 77 00 50 2D 10 00 C8 24 0C 18 25 A5 0C 01 31 03 CF 00 0C 1C D4 25 A5 0C 01 31 05 E6 3D 77 00 50 2D 10 50 (61)
                              [N12:Z] [undefined] 61 119 0 80 (1031209040)
                              [N12:Z] MOTOR_I 0 24 (24)
                              [N12:Z] [undefined] 61 119 0 80 (1031209040)
                              [N12:Z] MOTOR_I 0 12 (12)
                              [N12:Z] [undefined] 61 119 0 80 (1031209040)
2026-04-23 12:36:54:358 [IN ] C8 24 0C 18 25 A5 0C 01 31 03 CF 00 21 31 E9 25 A5 0C 01 31 05 E6 3D 77 00 50 2D 10 50 C8 24 0B 0A 25 A5 0B 01 31 02 DE 00 1D CD E9 C8 24 0C 18 25 A5 0C 01 31 03 CF 00 15 25 DD 25 A5 0C 01 31 
05 E6 3D 77 00 50 2D 10 50 (73)
                              [N12:Z] MOTOR_I 0 33 (33)
                              [N12:Z] [undefined] 61 119 0 80 (1031209040)
                              [N11:NG] NGSWSTATE 0 (0)
                              [N12:Z] MOTOR_I 0 21 (21)
                              [N12:Z] [undefined] 61 119 0 80 (1031209040)
2026-04-23 12:36:54:562 [IN ] C8 24 0C 18 25 A5 0C 01 31 03 CF 00 0E 1E D6 25 A5 0C 01 31 05 E6 3D 77 00 50 2D 10 50 C8 24 0C 18 25 A5 0C 01 31 03 CF 00 1D 2D E5 25 A5 0C 01 31 05 E6 3D 77 00 50 2D 10 50 (58)
                              [N12:Z] MOTOR_I 0 14 (14)
                              [N12:Z] [undefined] 61 119 0 80 (1031209040)
                              [N12:Z] MOTOR_I 0 29 (29)
                              [N12:Z] [undefined] 61 119 0 80 (1031209040)
2026-04-23 12:36:54:763 [IN ] C8 24 0C 18 25 A5 0C 01 31 03 CF 00 19 29 E1 25 A5 0C 01 31 05 E6 3D 77 00 50 2D 10 50 C8 24 0C 18 25 A5 0C 01 31 03 CF 00 23 33 EB 25 A5 0C 01 31 05 E6 3D 77 00 50 2D 10 50 (58)
                              [N12:Z] MOTOR_I 0 25 (25)
                              [N12:Z] [undefined] 61 119 0 80 (1031209040)
                              [N12:Z] MOTOR_I 0 35 (35)
                              [N12:Z] [undefined] 61 119 0 80 (1031209040)
2026-04-23 12:36:54:965 [IN ] C8 24 0C 18 25 A5 0C 01 31 03 CF 00 21 31 E9 25 A5 0C 01 31 05 E6 3D 77 00 50 2D 10 50 C8 24 0C 18 25 A5 0C 01 31 03 CF 00 1A 2A E2 25 A5 0C 01 31 05 E6 3D 77 00 50 2D 10 50 (58)
                              [N12:Z] MOTOR_I 0 33 (33)
                              [N12:Z] [undefined] 61 119 0 80 (1031209040)
                              [N12:Z] MOTOR_I 0 26 (26)
                              [N12:Z] [undefined] 61 119 0 80 (1031209040)
2026-04-23 12:36:55:167 [IN ] C8 24 0C 0E 25 A5 0C 01 31 03 CF 00 16 26 DE 25 A5 0C 01 C8 24 0C 0A 01 31 05 E6 3D 77 00 50 2D 10 DE C8 24 0C 18 25 A5 0C 01 31 03 CF 00 13 23 DB 25 A5 0C 01 31 05 E6 3D 77 00 50 2D 10 50 (63)
                              [N12:Z] MOTOR_I 0 22 (22)
                              [N12:Z] [undefined] 61 119 0 80 (1031209040)
                              [N12:Z] MOTOR_I 0 19 (19)
                              [N12:Z] [undefined] 61 119 0 80 (1031209040)
2026-04-23 12:36:55:368 [IN ] C8 24 0C 18 25 A5 0C 01 31 03 CF 00 00 10 C8 25 A5 0C 01 31 05 E6 3D 77 00 00 DD C0 50 C8 24 0B 0A 25 A5 0B 01 31 02 DE 00 1D CD C8 C8 24 0C 0E 25 A5 0C 01 31 06 81 45 FF D7 8E 9C 0A CB 01 C8 
24 0C 18 25 A5 0C 01 31 03 CF 00 00 10 C8 25 A5 0C 01 31 05 E6 3D 77 00 00 DD C0 50 (92)
                              [N12:Z] MOTOR_I 0 0 (0)
                              [N12:Z] [undefined] 61 119 0 0 (1031208960)
                              [N11:NG] NGSWSTATE 0 (0)
                              [N12:Z] TPOS 'E' 255 215 142 156 (-2650468)
                              [N12:Z] MOTOR_I 0 0 (0)
                              [N12:Z] [undefined] 61 119 0 0 (1031208960)
2026-04-23 12:36:55:571 [IN ] C8 24 0C 18 25 A5 0C 01 31 03 CF 00 00 10 C8 25 A5 0C 01 31 05 E6 3D 77 00 00 DD C0 50 C8 24 0C 18 25 A5 0C 01 31 03 CF 00 00 10 C8 25 A5 0C 01 31 05 E6 3D 77 00 00 DD C0 50 (58)
                              [N12:Z] MOTOR_I 0 0 (0)
                              [N12:Z] [undefined] 61 119 0 0 (1031208960)
                              [N12:Z] MOTOR_I 0 0 (0)
                              [N12:Z] [undefined] 61 119 0 0 (1031208960)
2026-04-23 12:36:55:773 [IN ] C8 24 0C 18 25 A5 0C 01 31 03 CF 00 00 10 C8 25 A5 0C 01 31 05 E6 3D 77 00 00 DD C0 50 C8 24 0C 18 25 A5 0C 01 31 03 CF 00 00 10 C8 25 A5 0C 01 31 05 E6 3D 77 00 00 DD C0 50 (58)
                              [N12:Z] MOTOR_I 0 0 (0)
                              [N12:Z] [undefined] 61 119 0 0 (1031208960)
                              [N12:Z] MOTOR_I 0 0 (0)
                              [N12:Z] [undefined] 61 119 0 0 (1031208960)
2026-04-23 12:36:55:974 [IN ] C8 24 0C 18 25 A5 0C 01 31 03 CF 00 00 10 C8 25 A5 0C 01 31 05 E6 3D 77 00 00 DD C0 50 C8 24 0C 18 25 A5 0C 01 31 03 CF 00 00 10 C8 25 A5 0C 01 31 05 E6 3D 77 00 00 DD C0 50 (58)
                              [N12:Z] MOTOR_I 0 0 (0)
                              [N12:Z] [undefined] 61 119 0 0 (1031208960)
                              [N12:Z] MOTOR_I 0 0 (0)
                              [N12:Z] [undefined] 61 119 0 0 (1031208960)
2026-04-23 12:36:56:175 [IN ] C8 24 0C 18 25 A5 0C 01 31 03 CF 00 00 10 C8 25 A5 0C 01 31 05 E6 3D 77 00 00 DD C0 50 C8 24 0C 0E 25 A5 0C 01 31 03 CF 00 00 10 C8 25 A5 0C 01 C8 24 0C 0A 01 31 05 E6 3D 77 00 00 DD C0 C8 (63)
                              [N12:Z] MOTOR_I 0 0 (0)
                              [N12:Z] [undefined] 61 119 0 0 (1031208960)
                              [N12:Z] MOTOR_I 0 0 (0)
                              [N12:Z] [undefined] 61 119 0 0 (1031208960)
2026-04-23 12:36:56:376 [IN ] C8 24 0C 18 25 A5 0C 01 31 03 CF 00 00 10 C8 25 A5 0C 01 31 05 E6 3D 77 00 00 DD C0 50 C8 24 0B 0A 25 A5 0B 01 31 02 DE 00 1D CD C8 C8 24 0C 18 25 A5 0C 01 31 03 CF 00 00 10 C8 25 A5 0C 01 31 
05 E6 3D 77 00 00 DD C0 50 (73)
                              [N12:Z] MOTOR_I 0 0 (0)
                              [N12:Z] [undefined] 61 119 0 0 (1031208960)
                              [N11:NG] NGSWSTATE 0 (0)
                              [N12:Z] MOTOR_I 0 0 (0)
                              [N12:Z] [undefined] 61 119 0 0 (1031208960)
2026-04-23 12:36:56:578 [IN ] C8 24 0C 18 25 A5 0C 01 31 03 CF 00 00 10 C8 25 A5 0C 01 31 05 E6 3D 77 00 00 DD C0 50 C8 24 0C 18 25 A5 0C 01 31 03 CF 00 00 10 C8 25 A5 0C 01 31 05 E6 3D 77 00 00 DD C0 50 (58)
                              [N12:Z] MOTOR_I 0 0 (0)
                              [N12:Z] [undefined] 61 119 0 0 (1031208960)
                              [N12:Z] MOTOR_I 0 0 (0)
                              [N12:Z] [undefined] 61 119 0 0 (1031208960)
2026-04-23 12:36:56:780 [IN ] C8 24 0C 18 25 A5 0C 01 31 03 CF 00 00 10 C8 25 A5 0C 01 31 05 E6 3D 77 00 00 DD C0 50 C8 24 0C 18 25 A5 0C 01 31 03 CF 00 00 10 C8 25 A5 0C 01 31 05 E6 3D 77 00 00 DD C0 50 (58)
                              [N12:Z] MOTOR_I 0 0 (0)
                              [N12:Z] [undefined] 61 119 0 0 (1031208960)
                              [N12:Z] MOTOR_I 0 0 (0)
                              [N12:Z] [undefined] 61 119 0 0 (1031208960)
2026-04-23 12:36:56:981 [IN ] C8 24 0C 18 25 A5 0C 01 31 03 CF 00 00 10 C8 25 A5 0C 01 31 05 E6 3D 77 00 00 DD C0 50 C8 24 0C 18 25 A5 0C 01 31 03 CF 00 00 10 C8 25 A5 0C 01 31 05 E6 3D 77 00 00 DD C0 50 (58)
                              [N12:Z] MOTOR_I 0 0 (0)
                              [N12:Z] [undefined] 61 119 0 0 (1031208960)
                              [N12:Z] MOTOR_I 0 0 (0)
                              [N12:Z] [undefined] 61 119 0 0 (1031208960)
2026-04-23 12:36:57:182 [IN ] C8 24 0C 18 25 A5 0C 01 31 03 CF 00 00 10 C8 25 A5 0C 01 31 05 E6 3D 77 00 00 DD C0 50 C8 24 0C 18 25 A5 0C 01 31 03 CF 00 00 10 C8 25 A5 0C 01 31 05 E6 3D 77 00 00 DD C0 50 (58)
                              [N12:Z] MOTOR_I 0 0 (0)
                              [N12:Z] [undefined] 61 119 0 0 (1031208960)
                              [N12:Z] MOTOR_I 0 0 (0)
                              [N12:Z] [undefined] 61 119 0 0 (1031208960)
2026-04-23 12:36:57:384 [IN ] C8 24 0C 18 25 A5 0C 01 31 03 CF 00 00 10 C8 25 A5 0C 01 31 05 E6 3D 77 00 00 DD C0 50 C8 24 0B 0A 25 A5 0B 01 31 02 DE 00 1D CD C8 C8 24 05 0E 25 A5 05 01 31 06 81 45 00 0C A1 B0 60 62 01 C8 
24 0C 15 25 A5 0C 01 31 03 CF 00 00 10 C8 25 A5 0C 01 31 05 E6 3D 77 00 00 (89)
                              [N12:Z] MOTOR_I 0 0 (0)
                              [N12:Z] [undefined] 61 119 0 0 (1031208960)
                              [N11:NG] NGSWSTATE 0 (0)
                              [N5:V] TPOS 'E' 0 12 161 176 (827824)
                              [N12:Z] MOTOR_I 0 0 (0)
2026-04-23 12:36:57:591 [IN ] C8 24 0C 1B 00 DD C0 25 A5 0C 01 31 03 CF 00 00 10 C8 25 A5 0C 01 31 05 E6 3D 77 00 00 DD C0 00 C8 24 0C 18 25 A5 0C 01 31 03 CF 00 00 10 C8 25 A5 0C 01 31 05 E6 3D 77 00 00 DD C0 00 (61)
                              [N12:Z] [undefined] 61 119 0 0 (1031208960)
                              [N12:Z] MOTOR_I 0 0 (0)
                              [N12:Z] [undefined] 61 119 0 0 (1031208960)
                              [N12:Z] MOTOR_I 0 0 (0)
                              [N12:Z] [undefined] 61 119 0 0 (1031208960)
2026-04-23 12:36:57:612 [OUT] 25 A5 01 03 31 05 81 FF EE E2 8B 15 30 (13)
                              [N3:X] TPOS 255 238 226 139 (-1121653)
2026-04-23 12:36:57:614 [IN ] C8 24 0C 18 25 A5 0C 01 31 03 CF 00 00 10 C8 25 A5 0C 01 31 05 E6 3D 77 00 00 DD C0 00 (29)
                              [N12:Z] MOTOR_I 0 0 (0)
                              [N12:Z] [undefined] 61 119 0 0 (1031208960)
2026-04-23 12:36:57:635 [OUT] 25 A5 01 04 31 05 81 FF F4 06 F0 A5 F7 (13)
                              [N4:Y] TPOS 255 244 6 240 (-784656)
2026-04-23 12:36:57:719 [IN ] C8 24 0C 18 25 A5 0C 01 31 03 CF 00 00 10 C8 25 A5 0C 01 31 05 E6 3D 77 00 00 DD C0 00 (29)
                              [N12:Z] MOTOR_I 0 0 (0)
                              [N12:Z] [undefined] 61 119 0 0 (1031208960)
2026-04-23 12:36:57:783 [IN ] C8 24 03 0E 25 A5 03 01 31 06 81 53 FF FD 50 40 9B 51 01 (19)
                              [N3:X] TPOS 'S' 255 253 80 64 (-176064)
2026-04-23 12:36:57:824 [IN ] C8 24 0C 18 25 A5 0C 01 31 03 CF 00 00 10 C8 25 A5 0C 01 31 05 E6 3D 77 00 00 DD C0 00 (29)
                              [N12:Z] MOTOR_I 0 0 (0)
                              [N12:Z] [undefined] 61 119 0 0 (1031208960)
2026-04-23 12:36:57:907 [IN ] C8 24 0C 18 25 A5 0C 01 31 03 CF 00 00 10 C8 25 A5 0C 01 31 05 E6 3D 77 00 00 DD C0 00 (29)
                              [N12:Z] MOTOR_I 0 0 (0)
                              [N12:Z] [undefined] 61 119 0 0 (1031208960)
2026-04-23 12:36:57:928 [IN ] C8 24 04 0E 25 A5 04 01 31 06 81 53 FF FD 4F C5 20 DE 01 (19)
                              [N4:Y] TPOS 'S' 255 253 79 197 (-176187)
2026-04-23 12:36:58:130 [IN ] C8 24 0C 18 25 A5 0C 01 31 03 CF 00 00 10 C8 25 A5 0C 01 31 05 E6 3D 77 00 00 DD C0 00 C8 24 0C 18 25 A5 0C 01 31 03 CF 00 00 10 C8 25 A5 0C 01 31 05 E6 3D 77 00 00 DD C0 00 (58)
                              [N12:Z] MOTOR_I 0 0 (0)
                              [N12:Z] [undefined] 61 119 0 0 (1031208960)
                              [N12:Z] MOTOR_I 0 0 (0)
                              [N12:Z] [undefined] 61 119 0 0 (1031208960)
2026-04-23 12:36:58:332 [IN ] C8 24 0C 18 25 A5 0C 01 31 03 CF 00 00 10 C8 25 A5 0C 01 31 05 E6 3D 77 00 00 DD C0 00 C8 24 0B 0A 25 A5 0B 01 31 02 DE 00 1D CD C8 C8 24 0C 18 25 A5 0C 01 31 03 CF 00 00 10 C8 25 A5 0C 01 31 
05 E6 3D 77 00 00 DD C0 00 (73)
                              [N12:Z] MOTOR_I 0 0 (0)
                              [N12:Z] [undefined] 61 119 0 0 (1031208960)
                              [N11:NG] NGSWSTATE 0 (0)
                              [N12:Z] MOTOR_I 0 0 (0)
                              [N12:Z] [undefined] 61 119 0 0 (1031208960)
2026-04-23 12:36:58:533 [IN ] C8 24 0C 0E 25 A5 0C 01 31 03 CF 00 00 10 C8 25 A5 0C 01 C8 24 0C 0A 01 31 05 E6 3D 77 00 00 DD C0 C8 C8 24 0C 18 25 A5 0C 01 31 03 CF 00 00 10 C8 25 A5 0C 01 31 05 E6 3D 77 00 00 DD C0 00 (63)
                              [N12:Z] MOTOR_I 0 0 (0)
                              [N12:Z] [undefined] 61 119 0 0 (1031208960)
                              [N12:Z] MOTOR_I 0 0 (0)
                              [N12:Z] [undefined] 61 119 0 0 (1031208960)
2026-04-23 12:36:58:734 [IN ] C8 24 0C 18 25 A5 0C 01 31 03 CF 00 00 10 C8 25 A5 0C 01 31 05 E6 3D 77 00 00 DD C0 00 C8 24 0C 18 25 A5 0C 01 31 03 CF 00 00 10 C8 25 A5 0C 01 31 05 E6 3D 77 00 00 DD C0 00 (58)
                              [N12:Z] MOTOR_I 0 0 (0)
                              [N12:Z] [undefined] 61 119 0 0 (1031208960)
                              [N12:Z] MOTOR_I 0 0 (0)
                              [N12:Z] [undefined] 61 119 0 0 (1031208960)
2026-04-23 12:36:58:935 [IN ] C8 24 0C 18 25 A5 0C 01 31 03 CF 00 00 10 C8 25 A5 0C 01 31 05 E6 3D 77 00 00 DD C0 00 C8 24 0C 18 25 A5 0C 01 31 03 CF 00 00 10 C8 25 A5 0C 01 31 05 E6 3D 77 00 00 DD C0 00 (58)
                              [N12:Z] MOTOR_I 0 0 (0)
                              [N12:Z] [undefined] 61 119 0 0 (1031208960)
                              [N12:Z] MOTOR_I 0 0 (0)
                              [N12:Z] [undefined] 61 119 0 0 (1031208960)
2026-04-23 12:36:59:136 [IN ] C8 24 0C 18 25 A5 0C 01 31 03 CF 00 00 10 C8 25 A5 0C 01 31 05 E6 3D 77 00 00 DD C0 00 C8 24 0C 18 25 A5 0C 01 31 03 CF 00 00 10 C8 25 A5 0C 01 31 05 E6 3D 77 00 00 DD C0 00 (58)
                              [N12:Z] MOTOR_I 0 0 (0)
                              [N12:Z] [undefined] 61 119 0 0 (1031208960)
                              [N12:Z] MOTOR_I 0 0 (0)
                              [N12:Z] [undefined] 61 119 0 0 (1031208960)
2026-04-23 12:36:59:337 [IN ] C8 24 0C 18 25 A5 0C 01 31 03 CF 00 00 10 C8 25 A5 0C 01 31 05 E6 3D 77 00 00 DD C0 00 C8 24 0B 0A 25 A5 0B 01 31 02 DE 00 1D CD C8 C8 24 0C 18 25 A5 0C 01 31 03 CF 00 00 10 C8 25 A5 0C 01 31 
05 E6 3D 77 00 00 DD C0 00 (73)
                              [N12:Z] MOTOR_I 0 0 (0)
                              [N12:Z] [undefined] 61 119 0 0 (1031208960)
                              [N11:NG] NGSWSTATE 0 (0)
                              [N12:Z] MOTOR_I 0 0 (0)
                              [N12:Z] [undefined] 61 119 0 0 (1031208960)
2026-04-23 12:36:59:538 [IN ] C8 24 08 0E 25 A5 08 01 31 06 81 45 FF DC 74 32 87 14 01 C8 24 0C 18 25 A5 0C 01 31 03 CF 00 00 10 C8 25 A5 0C 01 31 05 E6 3D 77 00 00 DD C0 00 C8 24 0C 18 25 A5 0C 01 31 03 CF 00 00 10 C8 25 
A5 0C 01 31 05 E6 3D 77 00 00 DD C0 00 (77)
                              [N8:R] TPOS 'E' 255 220 116 50 (-2329550)
                              [N12:Z] MOTOR_I 0 0 (0)
                              [N12:Z] [undefined] 61 119 0 0 (1031208960)
                              [N12:Z] MOTOR_I 0 0 (0)
                              [N12:Z] [undefined] 61 119 0 0 (1031208960)
2026-04-23 12:36:59:741 [IN ] C8 24 0C 15 25 A5 0C 01 31 03 CF 00 00 10 C8 25 A5 0C 01 31 05 E6 3D 77 00 00 C8 24 0C 1B 00 DD C0 25 A5 0C 01 31 03 CF 00 00 10 C8 25 A5 0C 01 31 05 E6 3D 77 00 00 DD C0 00 (58)
                              [N12:Z] MOTOR_I 0 0 (0)
                              [N12:Z] [undefined] 61 119 0 0 (1031208960)
                              [N12:Z] MOTOR_I 0 0 (0)
                              [N12:Z] [undefined] 61 119 0 0 (1031208960)
2026-04-23 12:36:59:943 [IN ] C8 24 0C 18 25 A5 0C 01 31 03 CF 00 00 10 C8 25 A5 0C 01 31 05 E6 3D 77 00 00 DD C0 00 C8 24 0C 18 25 A5 0C 01 31 03 CF 00 00 10 C8 25 A5 0C 01 31 05 E6 3D 77 00 00 DD C0 00 (58)
                              [N12:Z] MOTOR_I 0 0 (0)
                              [N12:Z] [undefined] 61 119 0 0 (1031208960)
                              [N12:Z] MOTOR_I 0 0 (0)
                              [N12:Z] [undefined] 61 119 0 0 (1031208960)
2026-04-23 12:36:59:964 [OUT] 25 A5 01 08 31 05 81 FF EE 15 56 18 89 (13)
                              [N8:R] TPOS 255 238 21 86 (-1174186)
2026-04-23 12:37:00:028 [IN ] C8 24 0C 18 25 A5 0C 01 31 03 CF 00 00 (13)
2026-04-23 12:37:00:048 [IN ] 10 C8 25 A5 0C 01 31 05 E6 3D 77 00 00 DD C0 00 (16)
                              [N12:Z] MOTOR_I 0 0 (0)
                              [N12:Z] [undefined] 61 119 0 0 (1031208960)
2026-04-23 12:37:00:133 [IN ] C8 24 0C 18 25 A5 0C 01 31 03 CF 00 00 10 C8 25 A5 0C 01 31 05 E6 3D 77 00 00 DD C0 00 (29)
                              [N12:Z] MOTOR_I 0 0 (0)
                              [N12:Z] [undefined] 61 119 0 0 (1031208960)
2026-04-23 12:37:00:154 [IN ] C8 24 08 0E 25 A5 08 01 31 06 81 53 FF DC 74 3C 9F 64 01 (19)
                              [N8:R] TPOS 'S' 255 220 116 60 (-2329540)
2026-04-23 12:37:00:355 [IN ] C8 24 0C 18 25 A5 0C 01 31 03 CF 00 00 10 C8 25 A5 0C 01 31 05 E6 3D 77 00 00 DD C0 00 C8 24 0B 0A 25 A5 0B 01 31 02 DE 00 1D CD C8 C8 24 0C 18 25 A5 0C 01 31 03 CF 00 00 10 C8 25 A5 0C 01 31 
05 E6 3D 77 00 00 DD C0 00 (73)
                              [N12:Z] MOTOR_I 0 0 (0)
                              [N12:Z] [undefined] 61 119 0 0 (1031208960)
                              [N11:NG] NGSWSTATE 0 (0)
                              [N12:Z] MOTOR_I 0 0 (0)
                              [N12:Z] [undefined] 61 119 0 0 (1031208960)
2026-04-23 12:37:00:557 [IN ] C8 24 0C 18 25 A5 0C 01 31 03 CF 00 00 10 C8 25 A5 0C 01 31 05 E6 3D 77 00 00 DD C0 00 C8 24 0C 18 25 A5 0C 01 31 03 CF 00 00 10 C8 25 A5 0C 01 31 05 E6 3D 77 00 00 DD C0 00 (58)
                              [N12:Z] MOTOR_I 0 0 (0)
                              [N12:Z] [undefined] 61 119 0 0 (1031208960)
                              [N12:Z] MOTOR_I 0 0 (0)
                              [N12:Z] [undefined] 61 119 0 0 (1031208960)
2026-04-23 12:37:00:758 [IN ] C8 24 0C 18 25 A5 0C 01 31 03 CF 00 00 10 C8 25 A5 0C 01 31 05 E6 3D 77 00 00 DD C0 00 C8 24 0C 0E 25 A5 0C 01 31 03 CF 00 00 10 C8 25 A5 0C 01 C8 24 0C 0A 01 31 05 E6 3D 77 00 00 DD C0 C8 (63)
                              [N12:Z] MOTOR_I 0 0 (0)
                              [N12:Z] [undefined] 61 119 0 0 (1031208960)
                              [N12:Z] MOTOR_I 0 0 (0)
                              [N12:Z] [undefined] 61 119 0 0 (1031208960)
2026-04-23 12:37:00:959 [IN ] C8 24 0C 18 25 A5 0C 01 31 03 CF 00 00 10 C8 25 A5 0C 01 31 05 E6 3D 77 00 00 DD C0 00 C8 24 0C 18 25 A5 0C 01 31 03 CF 00 00 10 C8 25 A5 0C 01 31 05 E6 3D 77 00 00 DD C0 00 (58)
                              [N12:Z] MOTOR_I 0 0 (0)
                              [N12:Z] [undefined] 61 119 0 0 (1031208960)
                              [N12:Z] MOTOR_I 0 0 (0)
                              [N12:Z] [undefined] 61 119 0 0 (1031208960)
2026-04-23 12:37:01:160 [IN ] C8 24 0C 18 25 A5 0C 01 31 03 CF 00 00 10 C8 25 A5 0C 01 31 05 E6 3D 77 00 00 DD C0 00 C8 24 04 0E 25 A5 04 01 31 06 81 45 FF F4 03 E7 DF 07 01 C8 24 0C 18 25 A5 0C 01 31 03 CF 00 00 10 C8 25 
A5 0C 01 31 05 E6 3D 77 00 00 DD C0 00 (77)
                              [N12:Z] MOTOR_I 0 0 (0)
                              [N12:Z] [undefined] 61 119 0 0 (1031208960)
                              [N4:Y] TPOS 'E' 255 244 3 231 (-785433)
                              [N12:Z] MOTOR_I 0 0 (0)
                              [N12:Z] [undefined] 61 119 0 0 (1031208960)
2026-04-23 12:37:01:363 [IN ] C8 24 0C 18 25 A5 0C 01 31 03 CF 00 00 10 C8 25 A5 0C 01 31 05 E6 3D 77 00 00 DD C0 00 C8 24 0B 0A 25 A5 0B 01 31 02 DE 00 1D CD C8 C8 24 0C 18 25 A5 0C 01 31 03 CF 00 00 10 C8 25 A5 0C 01 31 
05 E6 3D 77 00 00 DD C0 00 (73)
                              [N12:Z] MOTOR_I 0 0 (0)
                              [N12:Z] [undefined] 61 119 0 0 (1031208960)
                              [N11:NG] NGSWSTATE 0 (0)
                              [N12:Z] MOTOR_I 0 0 (0)
                              [N12:Z] [undefined] 61 119 0 0 (1031208960)
2026-04-23 12:37:01:565 [IN ] C8 24 0C 18 25 A5 0C 01 31 03 CF 00 00 10 C8 25 A5 0C 01 31 05 E6 3D 77 00 00 DD C0 00 C8 24 0C 18 25 A5 0C 01 31 03 CF 00 00 10 C8 25 A5 0C 01 31 05 E6 3D 77 00 00 DD C0 00 (58)
                              [N12:Z] MOTOR_I 0 0 (0)
                              [N12:Z] [undefined] 61 119 0 0 (1031208960)
                              [N12:Z] MOTOR_I 0 0 (0)
                              [N12:Z] [undefined] 61 119 0 0 (1031208960)
2026-04-23 12:37:01:767 [IN ] C8 24 0C 18 25 A5 0C 01 31 03 CF 00 00 10 C8 25 A5 0C 01 31 05 E6 3D 77 00 00 DD C0 00 C8 24 0C 18 25 A5 0C 01 31 03 CF 00 00 10 C8 25 A5 0C 01 31 05 E6 3D 77 00 00 DD C0 00 (58)
                              [N12:Z] MOTOR_I 0 0 (0)
                              [N12:Z] [undefined] 61 119 0 0 (1031208960)
                              [N12:Z] MOTOR_I 0 0 (0)
                              [N12:Z] [undefined] 61 119 0 0 (1031208960)
2026-04-23 12:37:01:969 [IN ] C8 24 0C 18 25 A5 0C 01 31 03 CF 00 00 10 C8 25 A5 0C 01 31 05 E6 3D 77 00 00 DD C0 00 C8 24 0C 15 25 A5 0C 01 31 03 CF 00 00 10 C8 25 A5 0C 01 31 05 E6 3D 77 00 00 (55)
                              [N12:Z] MOTOR_I 0 0 (0)
                              [N12:Z] [undefined] 61 119 0 0 (1031208960)
                              [N12:Z] MOTOR_I 0 0 (0)
2026-04-23 12:37:02:170 [IN ] C8 24 0C 1B 00 DD C0 25 A5 0C 01 31 03 CF 00 00 10 C8 25 A5 0C 01 31 05 E6 3D 77 00 00 DD C0 00 C8 24 0C 18 25 A5 0C 01 31 03 CF 00 00 10 C8 25 A5 0C 01 31 05 E6 3D 77 00 00 DD C0 00 (61)
                              [N12:Z] [undefined] 61 119 0 0 (1031208960)
                              [N12:Z] MOTOR_I 0 0 (0)
                              [N12:Z] [undefined] 61 119 0 0 (1031208960)
                              [N12:Z] MOTOR_I 0 0 (0)
                              [N12:Z] [undefined] 61 119 0 0 (1031208960)
2026-04-23 12:37:02:372 [IN ] C8 24 0C 18 25 A5 0C 01 31 03 CF 00 00 10 C8 25 A5 0C 01 31 05 E6 3D 77 00 00 DD C0 00 C8 24 0B 0A 25 A5 0B 01 31 02 DE 00 1D CD C8 C8 24 0C 18 25 A5 0C 01 31 03 CF 00 00 10 C8 25 A5 0C 01 31 
05 E6 3D 77 00 00 DD C0 00 (73)
                              [N12:Z] MOTOR_I 0 0 (0)
                              [N12:Z] [undefined] 61 119 0 0 (1031208960)
                              [N11:NG] NGSWSTATE 0 (0)
                              [N12:Z] MOTOR_I 0 0 (0)
                              [N12:Z] [undefined] 61 119 0 0 (1031208960)
2026-04-23 12:37:02:573 [IN ] C8 24 0C 18 25 A5 0C 01 31 03 CF 00 00 10 C8 25 A5 0C 01 31 05 E6 3D 77 00 00 DD C0 00 C8 24 0C 18 25 A5 0C 01 31 03 CF 00 00 10 C8 25 A5 0C 01 31 05 E6 3D 77 00 00 DD C0 00 (58)
                              [N12:Z] MOTOR_I 0 0 (0)
                              [N12:Z] [undefined] 61 119 0 0 (1031208960)
                              [N12:Z] MOTOR_I 0 0 (0)
                              [N12:Z] [undefined] 61 119 0 0 (1031208960)
2026-04-23 12:37:02:775 [IN ] C8 24 0C 18 25 A5 0C 01 31 03 CF 00 00 10 C8 25 A5 0C 01 31 05 E6 3D 77 00 00 DD C0 00 C8 24 0C 18 25 A5 0C 01 31 03 CF 00 00 10 C8 25 A5 0C 01 31 05 E6 3D 77 00 00 DD C0 00 (58)
                              [N12:Z] MOTOR_I 0 0 (0)
                              [N12:Z] [undefined] 61 119 0 0 (1031208960)
                              [N12:Z] MOTOR_I 0 0 (0)
                              [N12:Z] [undefined] 61 119 0 0 (1031208960)
2026-04-23 12:37:02:976 [IN ] C8 24 0C 18 25 A5 0C 01 31 03 CF 00 00 10 C8 25 A5 0C 01 31 05 E6 3D 77 00 00 DD C0 00 C8 24 03 0E 25 A5 03 01 31 06 81 45 FF EE E0 77 45 35 01 C8 24 0C 18 25 A5 0C 01 31 03 CF 00 00 10 C8 25 
A5 0C 01 31 05 E6 3D 77 00 00 DD C0 00 (77)
                              [N12:Z] MOTOR_I 0 0 (0)
                              [N12:Z] [undefined] 61 119 0 0 (1031208960)
                              [N3:X] TPOS 'E' 255 238 224 119 (-1122185)
                              [N12:Z] MOTOR_I 0 0 (0)
                              [N12:Z] [undefined] 61 119 0 0 (1031208960)
2026-04-23 12:37:03:179 [IN ] C8 24 0C 0E 25 A5 0C 01 31 03 CF 00 00 10 C8 25 A5 0C 01 C8 24 0C 0A 01 31 05 E6 3D 77 00 00 DD C0 C8 C8 24 0C 18 25 A5 0C 01 31 03 CF 00 00 10 C8 25 A5 0C 01 31 05 E6 3D 77 00 00 DD C0 00 (63)
                              [N12:Z] MOTOR_I 0 0 (0)
                              [N12:Z] [undefined] 61 119 0 0 (1031208960)
                              [N12:Z] MOTOR_I 0 0 (0)
                              [N12:Z] [undefined] 61 119 0 0 (1031208960)
2026-04-23 12:37:03:381 [IN ] C8 24 0C 18 25 A5 0C 01 31 03 CF 00 00 10 C8 25 A5 0C 01 31 05 E6 3D 77 00 00 DD C0 00 C8 24 0B 0A 25 A5 0B 01 31 02 DE 00 1D CD C8 C8 24 0C 18 25 A5 0C 01 31 03 CF 00 00 10 C8 25 A5 0C 01 31 
05 E6 3D 77 00 00 DD C0 00 (73)
                              [N12:Z] MOTOR_I 0 0 (0)
                              [N12:Z] [undefined] 61 119 0 0 (1031208960)
                              [N11:NG] NGSWSTATE 0 (0)
                              [N12:Z] MOTOR_I 0 0 (0)
                              [N12:Z] [undefined] 61 119 0 0 (1031208960)
2026-04-23 12:37:03:582 [IN ] C8 24 0C 18 25 A5 0C 01 31 03 CF 00 00 10 C8 25 A5 0C 01 31 05 E6 3D 77 00 00 DD C0 00 C8 24 0C 18 25 A5 0C 01 31 03 CF 00 00 10 C8 25 A5 0C 01 31 05 E6 3D 77 00 00 DD C0 00 (58)
                              [N12:Z] MOTOR_I 0 0 (0)
                              [N12:Z] [undefined] 61 119 0 0 (1031208960)
                              [N12:Z] MOTOR_I 0 0 (0)
                              [N12:Z] [undefined] 61 119 0 0 (1031208960)
2026-04-23 12:37:03:783 [IN ] C8 24 0C 18 25 A5 0C 01 31 03 CF 00 00 10 C8 25 A5 0C 01 31 05 E6 3D 77 00 00 DD C0 00 C8 24 0C 18 25 A5 0C 01 31 03 CF 00 00 10 C8 25 A5 0C 01 31 05 E6 3D 77 00 00 DD C0 00 (58)
                              [N12:Z] MOTOR_I 0 0 (0)
                              [N12:Z] [undefined] 61 119 0 0 (1031208960)
                              [N12:Z] MOTOR_I 0 0 (0)
                              [N12:Z] [undefined] 61 119 0 0 (1031208960)
2026-04-23 12:37:03:985 [IN ] C8 24 0C 18 25 A5 0C 01 31 03 CF 00 00 10 C8 25 A5 0C 01 31 05 E6 3D 77 00 00 DD C0 00 C8 24 0C 18 25 A5 0C 01 31 03 CF 00 00 10 C8 25 A5 0C 01 31 05 E6 3D 77 00 00 DD C0 00 (58)
                              [N12:Z] MOTOR_I 0 0 (0)
                              [N12:Z] [undefined] 61 119 0 0 (1031208960)
                              [N12:Z] MOTOR_I 0 0 (0)
                              [N12:Z] [undefined] 61 119 0 0 (1031208960)
2026-04-23 12:37:04:187 [IN ] C8 24 0C 18 25 A5 0C 01 31 03 CF 00 00 10 C8 25 A5 0C 01 31 05 E6 3D 77 00 00 DD C0 00 C8 24 0C 18 25 A5 0C 01 31 03 CF 00 00 10 C8 25 A5 0C 01 31 05 E6 3D 77 00 00 DD C0 00 (58)
                              [N12:Z] MOTOR_I 0 0 (0)
                              [N12:Z] [undefined] 61 119 0 0 (1031208960)
                              [N12:Z] MOTOR_I 0 0 (0)
                              [N12:Z] [undefined] 61 119 0 0 (1031208960)
2026-04-23 12:37:04:389 [IN ] C8 24 0C 15 25 A5 0C 01 31 03 CF 00 00 10 C8 25 A5 0C 01 31 05 E6 3D 77 00 00 C8 24 0B 0A 25 A5 0B 01 31 02 DE 00 1D CD C8 C8 24 0C 1B 00 DD C0 25 A5 0C 01 31 03 CF 00 00 10 C8 25 A5 0C 01 31 
05 E6 3D 77 00 00 DD C0 00 (73)
                              [N12:Z] MOTOR_I 0 0 (0)
                              [N11:NG] NGSWSTATE 0 (0)
                              [N12:Z] [undefined] 61 119 0 0 (1031208960)
                              [N12:Z] MOTOR_I 0 0 (0)
                              [N12:Z] [undefined] 61 119 0 0 (1031208960)
2026-04-23 12:37:04:590 [IN ] C8 24 0C 18 25 A5 0C 01 31 03 CF 00 00 10 C8 25 A5 0C 01 31 05 E6 3D 77 00 00 DD C0 00 C8 24 0C 18 25 A5 0C 01 31 03 CF 00 00 10 C8 25 A5 0C 01 31 05 E6 3D 77 00 00 DD C0 00 C8 24 07 0E 25 A5 
07 01 31 06 81 45 FF F0 4B DC 1B 9E 01 (77)
                              [N12:Z] MOTOR_I 0 0 (0)
                              [N12:Z] [undefined] 61 119 0 0 (1031208960)
                              [N12:Z] MOTOR_I 0 0 (0)
                              [N12:Z] [undefined] 61 119 0 0 (1031208960)
                              [N7:N] TPOS 'E' 255 240 75 220 (-1029156)
2026-04-23 12:37:04:792 [IN ] C8 24 0C 18 25 A5 0C 01 31 03 CF 00 00 10 C8 25 A5 0C 01 31 05 E6 3D 77 00 00 DD C0 00 C8 24 0C 18 25 A5 0C 01 31 03 CF 00 00 10 C8 25 A5 0C 01 31 05 E6 3D 77 00 00 DD C0 00 (58)
                              [N12:Z] MOTOR_I 0 0 (0)
                              [N12:Z] [undefined] 61 119 0 0 (1031208960)
                              [N12:Z] MOTOR_I 0 0 (0)
                              [N12:Z] [undefined] 61 119 0 0 (1031208960)
2026-04-23 12:37:04:994 [IN ] C8 24 0C 18 25 A5 0C 01 31 03 CF 00 00 10 C8 25 A5 0C 01 31 05 E6 3D 77 00 00 DD C0 00 C8 24 0C 18 25 A5 0C 01 31 03 CF 00 00 10 C8 25 A5 0C 01 31 05 E6 3D 77 00 00 DD C0 00 (58)
                              [N12:Z] MOTOR_I 0 0 (0)
                              [N12:Z] [undefined] 61 119 0 0 (1031208960)
                              [N12:Z] MOTOR_I 0 0 (0)
                              [N12:Z] [undefined] 61 119 0 0 (1031208960)
2026-04-23 12:37:05:195 [IN ] C8 24 0C 18 25 A5 0C 01 31 03 CF 00 00 10 C8 25 A5 0C 01 31 05 E6 3D 77 00 00 DD C0 00 C8 24 0C 18 25 A5 0C 01 31 03 CF 00 00 10 C8 25 A5 0C 01 31 05 E6 3D 77 00 00 DD C0 00 (58)
                              [N12:Z] MOTOR_I 0 0 (0)
                              [N12:Z] [undefined] 61 119 0 0 (1031208960)
                              [N12:Z] MOTOR_I 0 0 (0)
                              [N12:Z] [undefined] 61 119 0 0 (1031208960)
2026-04-23 12:37:05:396 [IN ] C8 24 0C 18 25 A5 0C 01 31 03 CF 00 00 10 C8 25 A5 0C 01 31 05 E6 3D 77 00 00 DD C0 00 C8 24 0B 0A 25 A5 0B 01 31 02 DE 00 1D CD C8 C8 24 0C 0E 25 A5 0C 01 31 03 CF 00 00 10 C8 25 A5 0C 01 C8 
24 0C 0A 01 31 05 E6 3D 77 00 00 DD C0 C8 (78)
                              [N12:Z] MOTOR_I 0 0 (0)
                              [N12:Z] [undefined] 61 119 0 0 (1031208960)
                              [N11:NG] NGSWSTATE 0 (0)
                              [N12:Z] MOTOR_I 0 0 (0)
                              [N12:Z] [undefined] 61 119 0 0 (1031208960)
2026-04-23 12:37:05:597 [IN ] C8 24 0C 18 25 A5 0C 01 31 03 CF 00 00 10 C8 25 A5 0C 01 31 05 E6 3D 77 00 00 DD C0 00 C8 24 0C 18 25 A5 0C 01 31 03 CF 00 00 10 C8 25 A5 0C 01 31 05 E6 3D 77 00 00 DD C0 00 (58)
                              [N12:Z] MOTOR_I 0 0 (0)
                              [N12:Z] [undefined] 61 119 0 0 (1031208960)
                              [N12:Z] MOTOR_I 0 0 (0)
                              [N12:Z] [undefined] 61 119 0 0 (1031208960)
2026-04-23 12:37:05:798 [IN ] C8 24 0C 18 25 A5 0C 01 31 03 CF 00 00 10 C8 25 A5 0C 01 31 05 E6 3D 77 00 00 DD C0 00 C8 24 0C 18 25 A5 0C 01 31 03 CF 00 00 10 C8 25 A5 0C 01 31 05 E6 3D 77 00 00 DD C0 00 (58)
                              [N12:Z] MOTOR_I 0 0 (0)
                              [N12:Z] [undefined] 61 119 0 0 (1031208960)
                              [N12:Z] MOTOR_I 0 0 (0)
                              [N12:Z] [undefined] 61 119 0 0 (1031208960)
2026-04-23 12:37:06:000 [IN ] C8 24 0C 18 25 A5 0C 01 31 03 CF 00 00 10 C8 25 A5 0C 01 31 05 E6 3D 77 00 00 DD C0 00 C8 24 0C 18 25 A5 0C 01 31 03 CF 00 00 10 C8 25 A5 0C 01 31 05 E6 3D 77 00 00 DD C0 00 (58)
                              [N12:Z] MOTOR_I 0 0 (0)
                              [N12:Z] [undefined] 61 119 0 0 (1031208960)
                              [N12:Z] MOTOR_I 0 0 (0)
                              [N12:Z] [undefined] 61 119 0 0 (1031208960)
2026-04-23 12:37:06:201 [IN ] C8 24 0C 18 25 A5 0C 01 31 03 CF 00 00 10 C8 25 A5 0C 01 31 05 E6 3D 77 00 00 DD C0 00 C8 24 0C 18 25 A5 0C 01 31 03 CF 00 00 10 C8 25 A5 0C 01 31 05 E6 3D 77 00 00 DD C0 00 (58)
                              [N12:Z] MOTOR_I 0 0 (0)
                              [N12:Z] [undefined] 61 119 0 0 (1031208960)
                              [N12:Z] MOTOR_I 0 0 (0)
                              [N12:Z] [undefined] 61 119 0 0 (1031208960)
2026-04-23 12:37:06:403 [IN ] C8 24 0C 18 25 A5 0C 01 31 03 CF 00 00 10 C8 25 A5 0C 01 31 05 E6 3D 77 00 00 DD C0 00 C8 24 0B 0A 25 A5 0B 01 31 02 DE 00 1D CD C8 C8 24 0C 18 25 A5 0C 01 31 03 CF 00 00 10 C8 25 A5 0C 01 31 
05 E6 3D 77 00 00 DD C0 00 (73)
                              [N12:Z] MOTOR_I 0 0 (0)
                              [N12:Z] [undefined] 61 119 0 0 (1031208960)
                              [N11:NG] NGSWSTATE 0 (0)
                              [N12:Z] MOTOR_I 0 0 (0)
                              [N12:Z] [undefined] 61 119 0 0 (1031208960)
2026-04-23 12:37:06:604 [IN ] C8 24 0C 0E 25 A5 0C 01 31 03 CF 00 00 10 C8 25 A5 0C 01 C8 24 0C 0A 01 31 05 E6 3D 77 00 00 DD C0 C8 C8 24 0C 15 25 A5 0C 01 31 03 CF 00 00 10 C8 25 A5 0C 01 31 05 E6 3D 77 00 00 C8 24 08 0E 
25 A5 08 01 31 06 81 45 FF EE 17 7B 85 D9 01 (79)
                              [N12:Z] MOTOR_I 0 0 (0)
                              [N12:Z] [undefined] 61 119 0 0 (1031208960)
                              [N12:Z] MOTOR_I 0 0 (0)
                              [N8:R] TPOS 'E' 255 238 23 123 (-1173637)
