2026-03-02 18:21:24:350 [IN ] C8 24 0C 18 25 A5 0C 01 31 03 CF 00 00 10 C8 25 A5 0C 01 31 05 E6 3D 77 00 00 DD C0 00 C8 24 0C 0E 25 A5 0C 01 31 03 CF 00 00 10 C8 25 A5 0C 01 C8 24 0C 0A 01 31 05 E6 3D 77 00 00 DD C0 C8 (63)
                              [N12:Z] MOTOR_I 0 0 (0)
                              [N12:Z] [undefined] 61 119 0 0 (1031208960)
                              [N12:Z] MOTOR_I 0 0 (0)
                              [N12:Z] [undefined] 61 119 0 0 (1031208960)
2026-03-02 18:21:24:373 [OUT] 25 A5 01 09 31 03 C9 3D 09 4D 1C (11)
                              [N9:P] LFLAG '=' 9 (9)
2026-03-02 18:21:24:395 [OUT] 25 A5 01 03 31 02 D8 3F 4E CE (10)
                              [N3:X] INTERRUPT '?'
2026-03-02 18:21:24:395 [IN ] C8 24 0C 18 25 A5 0C 01 31 03 CF 00 00 10 C8 25 A5 0C 01 31 05 E6 3D 77 00 00 DD C0 00 (29)
                              [N12:Z] MOTOR_I 0 0 (0)
                              [N12:Z] [undefined] 61 119 0 0 (1031208960)
2026-03-02 18:21:24:697 [IN ] C8 24 0C 18 25 A5 0C 01 31 03 CF 00 00 10 C8 25 A5 0C 01 31 05 E6 3D 77 00 00 DD C0 00 C8 24 09 0B 25 A5 09 01 31 03 C9 3A 09 4A 1E 25 C8 24 0C 18 25 A5 0C 01 31 03 CF 00 00 10 C8 25 A5 0C 01 
31 05 E6 3D 77 00 00 DD C0 00 C8 24 03 0C 25 A5 03 01 31 04 D8 3A 01 01 4D 6A A5 C8 24 0C 18 25 A5 0C 01 31 03 CF 00 00 10 C8 25 A5 0C 01 31 05 E6 3D 77 00 00 DD C0 00 (120)
                              [N12:Z] MOTOR_I 0 0 (0)
                              [N12:Z] [undefined] 61 119 0 0 (1031208960)
                              [N9:P] LFLAG ':' 9 (9)
                              [N12:Z] MOTOR_I 0 0 (0)
                              [N12:Z] [undefined] 61 119 0 0 (1031208960)
                              [N3:X] INTERRUPT ':' 1 1 (257)
                              [N12:Z] MOTOR_I 0 0 (0)
                              [N12:Z] [undefined] 61 119 0 0 (1031208960)
2026-03-02 18:21:24:719 [OUT] 25 A5 01 09 31 03 CA 3D 09 4E 1F (11)
                              [N9:P] RFLAG '=' 9 (9)
2026-03-02 18:21:24:741 [OUT] 25 A5 01 04 31 02 D8 3F 4F D3 (10)
                              [N4:Y] INTERRUPT '?'
2026-03-02 18:21:25:042 [IN ] C8 24 0C 18 25 A5 0C 01 31 03 CF 00 00 10 C8 25 A5 0C 01 31 05 E6 3D 77 00 00 DD C0 00 C8 24 0C 18 25 A5 0C 01 31 03 CF 00 00 10 C8 25 A5 0C 01 31 05 E6 3D 77 00 00 DD C0 00 C8 24 09 0B 25 A5 
09 01 31 03 CA 3A 09 4B 21 25 C8 24 0C 18 25 A5 0C 01 31 03 CF 00 00 10 C8 25 A5 0C 01 31 05 E6 3D 77 00 00 DD C0 00 C8 24 04 0C 25 A5 04 01 31 04 D8 3A 01 01 4E 72 A5 (120)
                              [N12:Z] MOTOR_I 0 0 (0)
                              [N12:Z] [undefined] 61 119 0 0 (1031208960)
                              [N12:Z] MOTOR_I 0 0 (0)
                              [N12:Z] [undefined] 61 119 0 0 (1031208960)
                              [N9:P] RFLAG ':' 9 (9)
                              [N12:Z] MOTOR_I 0 0 (0)
                              [N12:Z] [undefined] 61 119 0 0 (1031208960)
                              [N4:Y] INTERRUPT ':' 1 1 (257)
2026-03-02 18:21:25:064 [OUT] 25 A5 01 08 31 03 C9 3D 09 4C 16 (11)
                              [N8:R] LFLAG '=' 9 (9)
2026-03-02 18:21:25:087 [OUT] 25 A5 01 0C 31 02 D8 3F 57 FB (10)
                              [N12:Z] INTERRUPT '?'
2026-03-02 18:21:25:088 [IN ] C8 24 0B 0A 25 A5 0B 01 31 02 DE 00 1D CD 4E C8 24 0C 18 25 A5 0C 01 31 03 CF 00 00 10 C8 25 A5 0C 01 31 05 E6 3D 77 00 00 DD C0 00 (44)
                              [N11:NG] NGSWSTATE 0 (0)
                              [N12:Z] MOTOR_I 0 0 (0)
                              [N12:Z] [undefined] 61 119 0 0 (1031208960)
2026-03-02 18:21:25:389 [IN ] C8 24 0C 18 25 A5 0C 01 31 03 CF 00 00 10 C8 25 A5 0C 01 31 05 E6 3D 77 00 00 DD C0 00 C8 24 08 0B 25 A5 08 01 31 03 C9 3A 09 49 17 25 C8 24 0C 18 25 A5 0C 01 31 03 CF 00 00 10 C8 25 A5 0C 01 
31 05 E6 3D 77 00 00 DD C0 00 C8 24 0C 0C 25 A5 0C 01 31 04 D8 3A 01 01 56 B2 A5 C8 24 0C 0E 25 A5 0C 01 31 03 CF 00 00 10 C8 25 A5 0C 01 C8 24 0C 0A 01 31 05 E6 3D 77 00 00 DD C0 C8 (125)
                              [N12:Z] MOTOR_I 0 0 (0)
                              [N12:Z] [undefined] 61 119 0 0 (1031208960)
                              [N8:R] LFLAG ':' 9 (9)
                              [N12:Z] MOTOR_I 0 0 (0)
                              [N12:Z] [undefined] 61 119 0 0 (1031208960)
                              [N12:Z] INTERRUPT ':' 1 1 (257)
                              [N12:Z] MOTOR_I 0 0 (0)
                              [N12:Z] [undefined] 61 119 0 0 (1031208960)
2026-03-02 18:21:25:411 [OUT] 25 A5 01 08 31 03 CA 3D 09 4D 19 (11)
                              [N8:R] RFLAG '=' 9 (9)
2026-03-02 18:21:25:433 [OUT] 25 A5 01 03 31 03 C9 3D 0B 49 FA (11)
                              [N3:X] LFLAG '=' 11 (11)
2026-03-02 18:21:25:455 [OUT] 25 A5 01 04 31 03 C9 3D 0B 4A 00 (11)
                              [N4:Y] LFLAG '=' 11 (11)
2026-03-02 18:21:25:478 [OUT] 25 A5 01 0C 31 03 C9 3D 0B 52 30 (11)
                              [N12:Z] LFLAG '=' 11 (11)
2026-03-02 18:21:25:480 [IN ] C8 24 0C 15 25 A5 0C 01 31 03 CF 00 00 10 C8 25 A5 0C 01 31 05 E6 3D 77 00 00 (26)
                              [N12:Z] MOTOR_I 0 0 (0)
2026-03-02 18:21:25:586 [IN ] C8 24 08 0B 25 A5 08 01 31 03 CA 3A 09 4A 1A 25 C8 24 0C 1B 00 DD C0 25 A5 0C 01 31 03 CF 00 00 10 C8 25 A5 0C 01 31 05 E6 3D 77 00 00 DD C0 01 (48)
                              [N8:R] RFLAG ':' 9 (9)
                              [N12:Z] [undefined] 61 119 0 0 (1031208960)
                              [N12:Z] MOTOR_I 0 0 (0)
                              [N12:Z] [undefined] 61 119 0 0 (1031208960)
2026-03-02 18:21:25:670 [IN ] C8 24 0C 18 25 A5 0C 01 31 03 CF 00 00 10 C8 25 A5 0C 01 31 05 E6 3D 77 00 (25)
2026-03-02 18:21:25:691 [IN ] 00 DD C0 00 C8 24 03 0B 25 A5 03 01 31 03 C9 3A 0B 46 F6 25 (20)
                              [N12:Z] MOTOR_I 0 0 (0)
                              [N12:Z] [undefined] 61 119 0 0 (1031208960)
                              [N3:X] LFLAG ':' 11 (11)
2026-03-02 18:21:25:712 [OUT] 25 A5 01 03 31 03 88 00 50 10 02 (11)
                              [N3:X] RUN 0 80 (80)
2026-03-02 18:21:25:796 [IN ] C8 24 0C 18 25 A5 0C 01 31 03 CF 00 00 10 C8 25 A5 0C 01 31 05 E6 3D 77 00 00 DD C0 00 C8 24 04 0B 25 A5 04 01 31 03 C9 3A 0B 47 FD 25 (45)
                              [N12:Z] MOTOR_I 0 0 (0)
                              [N12:Z] [undefined] 61 119 0 0 (1031208960)
                              [N4:Y] LFLAG ':' 11 (11)
2026-03-02 18:21:25:818 [OUT] 25 A5 01 04 31 03 88 00 50 11 08 (11)
                              [N4:Y] RUN 0 80 (80)
2026-03-02 18:21:25:881 [IN ] C8 24 0C 18 25 A5 0C 01 31 03 CF 00 00 10 C8 25 A5 0C 01 31 05 E6 3D 77 00 00 DD C0 00 (29)
                              [N12:Z] MOTOR_I 0 0 (0)
                              [N12:Z] [undefined] 61 119 0 0 (1031208960)
2026-03-02 18:21:25:903 [IN ] C8 24 0C 0B 25 A5 0C 01 31 03 C9 3A 0B 4F 35 25 (16)
                              [N12:Z] LFLAG ':' 11 (11)
2026-03-02 18:21:25:924 [OUT] 25 A5 01 0C 31 03 88 00 50 19 38 (11)
                              [N12:Z] RUN 0 80 (80)
2026-03-02 18:21:25:988 [IN ] C8 24 0C 18 25 A5 0C 01 31 03 CF 00 00 10 C8 25 A5 0C 01 31 05 E6 3D 77 00 00 DD C0 00 (29)
                              [N12:Z] MOTOR_I 0 0 (0)
                              [N12:Z] [undefined] 61 119 0 0 (1031208960)
2026-03-02 18:21:26:009 [IN ] C8 24 03 0C 25 A5 03 01 31 04 88 53 00 50 64 C2 A5 (17)
                              [N3:X] RUN 'S' 0 80 (80)
2026-03-02 18:21:26:073 [IN ] C8 24 0B 0A 25 A5 0B 01 31 02 DE 00 1D CD 64 (15)
                              [N11:NG] NGSWSTATE 0 (0)
2026-03-02 18:21:26:095 [IN ] C8 24 0C 18 25 A5 0C 01 31 03 CF 00 00 10 C8 25 A5 0C 01 31 05 E6 3D 77 00 00 DD C0 00 (29)
                              [N12:Z] MOTOR_I 0 0 (0)
                              [N12:Z] [undefined] 61 119 0 0 (1031208960)
2026-03-02 18:21:26:139 [IN ] C8 24 04 0C 25 A5 04 01 31 04 88 53 00 50 65 CA A5 (17)
                              [N4:Y] RUN 'S' 0 80 (80)
2026-03-02 18:21:26:181 [IN ] C8 24 0C 18 25 A5 0C 01 31 03 CF 00 00 10 C8 25 A5 0C 01 31 05 E6 3D (23)
2026-03-02 18:21:26:203 [IN ] 77 00 00 DD C0 00 (6)
                              [N12:Z] MOTOR_I 0 0 (0)
                              [N12:Z] [undefined] 61 119 0 0 (1031208960)
2026-03-02 18:21:26:245 [IN ] C8 24 0C 0C 25 A5 0C 01 31 04 88 53 00 50 6D 0A A5 (17)
                              [N12:Z] RUN 'S' 0 80 (80)
2026-03-02 18:21:26:447 [IN ] C8 24 0C 18 25 A5 0C 01 31 03 CF 00 1D 2D E5 25 A5 0C 01 31 05 E6 3D 77 00 50 2D 10 00 C8 24 0C 18 25 A5 0C 01 31 03 CF 00 2D 3D F5 25 A5 0C 01 31 05 E6 3D 77 00 50 2D 10 00 (58)
                              [N12:Z] MOTOR_I 0 29 (29)
                              [N12:Z] [undefined] 61 119 0 80 (1031209040)
                              [N12:Z] MOTOR_I 0 45 (45)
                              [N12:Z] [undefined] 61 119 0 80 (1031209040)
2026-03-02 18:21:26:648 [IN ] C8 24 0C 18 25 A5 0C 01 31 03 CF 00 4A 5A 12 25 A5 0C 01 31 05 E6 3D 77 00 50 2D 10 00 C8 24 0C 15 25 A5 0C 01 31 03 CF 00 32 42 FA 25 A5 0C 01 31 05 E6 3D 77 00 50 (55)
                              [N12:Z] MOTOR_I 0 74 (74)
                              [N12:Z] [undefined] 61 119 0 80 (1031209040)
                              [N12:Z] MOTOR_I 0 50 (50)
2026-03-02 18:21:26:849 [IN ] C8 24 0C 1B 50 2D 10 25 A5 0C 01 31 03 CF 00 30 40 F8 25 A5 0C 01 31 05 E6 3D 77 00 50 2D 10 01 C8 24 0C 18 25 A5 0C 01 31 03 CF 00 36 46 FE 25 A5 0C 01 31 05 E6 3D 77 00 50 2D 10 50 (61)
                              [N12:Z] [undefined] 61 119 0 80 (1031209040)
                              [N12:Z] MOTOR_I 0 48 (48)
                              [N12:Z] [undefined] 61 119 0 80 (1031209040)
                              [N12:Z] MOTOR_I 0 54 (54)
                              [N12:Z] [undefined] 61 119 0 80 (1031209040)
2026-03-02 18:21:27:051 [IN ] C8 24 0C 18 25 A5 0C 01 31 03 CF 00 30 40 F8 25 A5 0C 01 31 05 E6 3D 77 00 50 2D 10 50 C8 24 0C 18 25 A5 0C 01 31 03 CF 00 49 59 11 25 A5 0C 01 31 05 E6 3D 77 00 50 2D 10 50 (58)
                              [N12:Z] MOTOR_I 0 48 (48)
                              [N12:Z] [undefined] 61 119 0 80 (1031209040)
                              [N12:Z] MOTOR_I 0 73 (73)
                              [N12:Z] [undefined] 61 119 0 80 (1031209040)
2026-03-02 18:21:27:252 [IN ] C8 24 0B 0A 25 A5 0B 01 31 02 DE 00 1D CD 11 C8 24 0C 18 25 A5 0C 01 31 03 CF 00 2C 3C F4 25 A5 0C 01 31 05 E6 3D 77 00 50 2D 10 50 C8 24 0C 18 25 A5 0C 01 31 03 CF 00 23 33 EB 25 A5 0C 01 31 
05 E6 3D 77 00 50 2D 10 50 (73)
                              [N11:NG] NGSWSTATE 0 (0)
                              [N12:Z] MOTOR_I 0 44 (44)
                              [N12:Z] [undefined] 61 119 0 80 (1031209040)
                              [N12:Z] MOTOR_I 0 35 (35)
                              [N12:Z] [undefined] 61 119 0 80 (1031209040)
2026-03-02 18:21:27:456 [IN ] C8 24 03 0B 25 A5 03 01 31 03 81 5A 4C 5F 9F 25 C8 24 0C 18 25 A5 0C 01 31 03 CF 00 27 37 EF 25 A5 0C 01 31 05 E6 3D 77 00 50 2D 10 50 C8 24 03 0A 25 A5 03 01 31 02 81 49 01 2C EF C8 24 0C 18 
25 A5 0C 01 31 03 CF 00 43 53 0B 25 A5 0C 01 31 05 E6 3D 77 00 50 2D 10 50 (89)
                              [N3:X] TPOS 'Z' 76 (76)
                              [N12:Z] MOTOR_I 0 39 (39)
                              [N12:Z] [undefined] 61 119 0 80 (1031209040)
                              [N3:X] TPOS 'I'
                              [N12:Z] MOTOR_I 0 67 (67)
                              [N12:Z] [undefined] 61 119 0 80 (1031209040)
2026-03-02 18:21:27:660 [IN ] C8 24 0C 18 25 A5 0C 01 31 03 CF 00 31 41 F9 25 A5 0C 01 31 05 E6 3D 77 00 50 2D 10 50 C8 24 0C 18 25 A5 0C 01 31 03 CF 00 22 32 EA 25 A5 0C 01 31 05 E6 3D 77 00 50 2D 10 50 C8 24 04 0B 25 A5 
04 01 31 03 81 5A 4C 60 A6 25 (74)
                              [N12:Z] MOTOR_I 0 49 (49)
                              [N12:Z] [undefined] 61 119 0 80 (1031209040)
                              [N12:Z] MOTOR_I 0 34 (34)
                              [N12:Z] [undefined] 61 119 0 80 (1031209040)
                              [N4:Y] TPOS 'Z' 76 (76)
2026-03-02 18:21:27:682 [OUT] 25 A5 01 03 31 03 C9 3D 09 47 F8 (11)
                              [N3:X] LFLAG '=' 9 (9)
2026-03-02 18:21:27:683 [IN ] C8 24 04 0A 25 A5 04 01 31 02 81 49 02 32 A6 C8 24 0C 0E 25 A5 0C 01 31 03 CF 00 3B 4B 03 25 A5 0C 01 (34)
                              [N4:Y] TPOS 'I'
                              [N12:Z] MOTOR_I 0 59 (59)
2026-03-02 18:21:27:727 [OUT] 25 A5 01 09 31 02 D8 3F 54 EC (10)
                              [N9:P] INTERRUPT '?'
2026-03-02 18:21:27:728 [IN ] C8 24 0C 0A 01 31 05 E6 3D 77 00 50 2D 10 03 (15)
                              [N12:Z] [undefined] 61 119 0 80 (1031209040)
2026-03-02 18:21:28:029 [IN ] C8 24 0C 18 25 A5 0C 01 31 03 CF 00 21 31 E9 25 A5 0C 01 31 05 E6 3D 77 00 50 2D 10 50 C8 24 03 0B 25 A5 03 01 31 03 C9 3A 09 44 F4 25 C8 24 0C 18 25 A5 0C 01 31 03 CF 00 47 57 0F 25 A5 0C 01 
31 05 E6 3D 77 00 50 2D 10 50 C8 24 09 0C 25 A5 09 01 31 04 D8 3A 01 01 53 9A A5 C8 24 0C 18 25 A5 0C 01 31 03 CF 00 2F 3F F7 25 A5 0C 01 31 05 E6 3D 77 00 50 2D 10 50 (120)
                              [N12:Z] MOTOR_I 0 33 (33)
                              [N12:Z] [undefined] 61 119 0 80 (1031209040)
                              [N3:X] LFLAG ':' 9 (9)
                              [N12:Z] MOTOR_I 0 71 (71)
                              [N12:Z] [undefined] 61 119 0 80 (1031209040)
                              [N9:P] INTERRUPT ':' 1 1 (257)
                              [N12:Z] MOTOR_I 0 47 (47)
                              [N12:Z] [undefined] 61 119 0 80 (1031209040)
2026-03-02 18:21:28:050 [OUT] 25 A5 01 04 31 03 C9 3D 09 48 FE (11)
                              [N4:Y] LFLAG '=' 9 (9)
2026-03-02 18:21:28:072 [OUT] 25 A5 01 07 31 02 D8 3F 52 E2 (10)
                              [N7:N] INTERRUPT '?'
2026-03-02 18:21:28:373 [IN ] C8 24 0B 0A 25 A5 0B 01 31 02 DE 00 1D CD F7 C8 24 0C 18 25 A5 0C 01 31 03 CF 00 31 41 F9 25 A5 0C 01 31 05 E6 3D 77 00 50 2D 10 50 C8 24 0C 18 25 A5 0C 01 31 03 CF 00 3C 4C 04 25 A5 0C 01 31 
05 E6 3D 77 00 50 2D 10 50 C8 24 04 0B 25 A5 04 01 31 03 C9 3A 09 45 FB 25 C8 24 0C 18 25 A5 0C 01 31 03 CF 00 27 37 EF 25 A5 0C 01 31 05 E6 3D 77 00 50 2D 10 50 C8 24 07 0C 25 A5 07 01 31 04 
D8 3A 01 01 51 8A A5 (135)
                              [N11:NG] NGSWSTATE 0 (0)
                              [N12:Z] MOTOR_I 0 49 (49)
                              [N12:Z] [undefined] 61 119 0 80 (1031209040)
                              [N12:Z] MOTOR_I 0 60 (60)
                              [N12:Z] [undefined] 61 119 0 80 (1031209040)
                              [N4:Y] LFLAG ':' 9 (9)
                              [N12:Z] MOTOR_I 0 39 (39)
                              [N12:Z] [undefined] 61 119 0 80 (1031209040)
                              [N7:N] INTERRUPT ':' 1 1 (257)
2026-03-02 18:21:28:395 [OUT] 25 A5 01 09 31 03 C9 3D 0B 4F 1E (11)
                              [N9:P] LFLAG '=' 11 (11)
2026-03-02 18:21:28:417 [OUT] 25 A5 01 07 31 03 C9 3D 0B 4D 12 (11)
                              [N7:N] LFLAG '=' 11 (11)
2026-03-02 18:21:28:418 [IN ] C8 24 0C 18 25 A5 0C 01 31 03 CF 00 35 45 FD 25 A5 0C 01 31 05 E6 3D 77 00 50 2D 10 50 (29)
                              [N12:Z] MOTOR_I 0 53 (53)
                              [N12:Z] [undefined] 61 119 0 80 (1031209040)
2026-03-02 18:21:28:524 [IN ] C8 24 0C 18 25 A5 0C 01 31 03 CF 00 35 45 FD 25 A5 0C 01 31 05 E6 3D 77 00 50 2D 10 50 (29)
                              [N12:Z] MOTOR_I 0 53 (53)
                              [N12:Z] [undefined] 61 119 0 80 (1031209040)
2026-03-02 18:21:28:566 [IN ] C8 24 09 0B 25 A5 09 01 31 03 C9 3A 0B 4C 20 25 (16)
                              [N9:P] LFLAG ':' 11 (11)
2026-03-02 18:21:28:587 [OUT] 25 A5 01 09 31 03 88 00 50 16 26 (11)
                              [N9:P] RUN 0 80 (80)
2026-03-02 18:21:28:609 [IN ] C8 24 0C 18 25 A5 0C 01 31 03 CF 00 41 51 09 25 A5 0C 01 31 05 E6 3D 77 00 50 2D 10 50 (29)
                              [N12:Z] MOTOR_I 0 65 (65)
                              [N12:Z] [undefined] 61 119 0 80 (1031209040)
2026-03-02 18:21:28:674 [IN ] C8 24 07 0B 25 A5 07 01 31 03 C9 3A 0B 4A 12 25 (16)
                              [N7:N] LFLAG ':' 11 (11)
2026-03-02 18:21:28:696 [OUT] 25 A5 01 07 31 03 88 00 50 14 1A (11)
                              [N7:N] RUN 0 80 (80)
2026-03-02 18:21:28:718 [IN ] C8 24 0C 18 25 A5 0C 01 31 03 CF 00 3C 4C 04 25 A5 0C 01 31 05 E6 3D 77 00 50 2D 10 50 (29)
                              [N12:Z] MOTOR_I 0 60 (60)
                              [N12:Z] [undefined] 61 119 0 80 (1031209040)
2026-03-02 18:21:28:780 [IN ] C8 24 09 0C 25 A5 09 01 31 04 88 53 00 50 6A F2 A5 (17)
                              [N9:P] RUN 'S' 0 80 (80)
2026-03-02 18:21:28:801 [IN ] C8 24 0C 0E 25 A5 0C 01 31 03 CF 00 2D 3D F5 25 A5 0C 01 (19)
                              [N12:Z] MOTOR_I 0 45 (45)
2026-03-02 18:21:28:822 [IN ] C8 24 0C 0A 01 31 05 E6 3D 77 00 50 2D 10 F5 (15)
                              [N12:Z] [undefined] 61 119 0 80 (1031209040)
2026-03-02 18:21:28:865 [IN ] C8 24 09 0B 25 A5 09 01 31 03 81 5A 4C 65 C9 25 (16)
                              [N9:P] TPOS 'Z' 76 (76)
2026-03-02 18:21:28:886 [IN ] C8 24 07 0C 25 A5 07 01 31 04 88 53 00 50 68 E2 A5 C8 24 09 0A 25 A5 09 01 31 02 81 49 07 50 68 (32)
                              [N7:N] RUN 'S' 0 80 (80)
                              [N9:P] TPOS 'I'
2026-03-02 18:21:29:089 [IN ] C8 24 0C 15 25 A5 0C 01 31 03 CF 00 28 38 F0 25 A5 0C 01 31 05 E6 3D 77 00 50 C8 24 0C 1B 50 2D 10 25 A5 0C 01 31 03 CF 00 2A 3A F2 25 A5 0C 01 31 05 E6 3D 77 00 50 2D 10 01 (58)
                              [N12:Z] MOTOR_I 0 40 (40)
                              [N12:Z] [undefined] 61 119 0 80 (1031209040)
                              [N12:Z] MOTOR_I 0 42 (42)
                              [N12:Z] [undefined] 61 119 0 80 (1031209040)
2026-03-02 18:21:29:111 [OUT] 25 A5 01 09 31 03 C9 3D 09 4D 1C (11)
                              [N9:P] LFLAG '=' 9 (9)
2026-03-02 18:21:29:111 [IN ] C8 24 0B 0A 25 A5 0B 01 31 02 DE 00 1D CD 00 C8 24 0C 18 25 A5 0C 01 31 03 CF 00 37 47 FF 25 A5 0C 01 31 05 E6 3D 77 00 50 2D 10 50 (44)
                              [N11:NG] NGSWSTATE 0 (0)
                              [N12:Z] MOTOR_I 0 55 (55)
                              [N12:Z] [undefined] 61 119 0 80 (1031209040)
2026-03-02 18:21:29:133 [OUT] 25 A5 01 04 31 05 81 FF EE 88 01 32 FA (13)
                              [N4:Y] TPOS 255 238 136 1 (-1144831)
2026-03-02 18:21:29:217 [IN ] C8 24 0C 18 25 A5 0C 01 31 03 CF 00 32 42 FA 25 A5 0C 01 31 05 E6 3D 77 00 50 2D 10 50 (29)
                              [N12:Z] MOTOR_I 0 50 (50)
                              [N12:Z] [undefined] 61 119 0 80 (1031209040)
2026-03-02 18:21:29:281 [IN ] C8 24 09 0B 25 A5 09 01 31 03 C9 3A 09 4A 1E 25 (16)
                              [N9:P] LFLAG ':' 9 (9)
2026-03-02 18:21:29:325 [IN ] C8 24 0C 18 25 A5 0C 01 31 03 CF 00 3A 4A 02 25 A5 0C 01 31 05 E6 3D 77 00 50 2D 10 50 (29)
                              [N12:Z] MOTOR_I 0 58 (58)
                              [N12:Z] [undefined] 61 119 0 80 (1031209040)
2026-03-02 18:21:29:409 [IN ] C8 24 04 0E 25 A5 04 01 31 06 81 53 00 00 00 00 10 88 01 C8 24 0C 18 25 A5 0C 01 31 03 CF 00 41 51 09 25 A5 0C 01 31 05 E6 3D 77 00 50 2D 10 50 (48)
                              [N4:Y] TPOS 'S' 0 0 0 0 (0)
                              [N12:Z] MOTOR_I 0 65 (65)
                              [N12:Z] [undefined] 61 119 0 80 (1031209040)
2026-03-02 18:21:29:611 [IN ] C8 24 0C 18 25 A5 0C 01 31 03 CF 00 28 38 F0 25 A5 0C 01 31 05 E6 3D 77 00 50 2D 10 50 (29)
                              [N12:Z] MOTOR_I 0 40 (40)
                              [N12:Z] [undefined] 61 119 0 80 (1031209040)
2026-03-02 18:21:29:812 [IN ] C8 24 0C 18 25 A5 0C 01 31 03 CF 00 35 45 FD 25 A5 0C 01 31 05 E6 3D 77 00 50 2D 10 50 C8 24 0C 18 25 A5 0C 01 31 03 CF 00 33 43 FB 25 A5 0C 01 31 05 E6 3D 77 00 50 2D 10 50 (58)
                              [N12:Z] MOTOR_I 0 53 (53)
                              [N12:Z] [undefined] 61 119 0 80 (1031209040)
                              [N12:Z] MOTOR_I 0 51 (51)
                              [N12:Z] [undefined] 61 119 0 80 (1031209040)
2026-03-02 18:21:30:014 [IN ] C8 24 0C 18 25 A5 0C 01 31 03 CF 00 2A 3A F2 25 A5 0C 01 31 05 E6 3D 77 00 50 2D 10 50 C8 24 0C 18 25 A5 0C 01 31 03 CF 00 37 47 FF 25 A5 0C 01 31 05 E6 3D 77 00 50 2D 10 50 C8 24 0C 15 25 A5 
0C 01 31 03 CF 00 23 33 EB 25 A5 0C 01 31 05 E6 3D 77 00 50 (84)
                              [N12:Z] MOTOR_I 0 42 (42)
                              [N12:Z] [undefined] 61 119 0 80 (1031209040)
                              [N12:Z] MOTOR_I 0 55 (55)
                              [N12:Z] [undefined] 61 119 0 80 (1031209040)
                              [N12:Z] MOTOR_I 0 35 (35)
2026-03-02 18:21:30:219 [IN ] C8 24 0B 0A 25 A5 0B 01 31 02 DE 00 1D CD EB C8 24 0C 1B 50 2D 10 25 A5 0C 01 31 03 CF 00 1F 2F E7 25 A5 0C 01 31 05 E6 3D 77 00 50 2D 10 01 C8 24 0C 18 25 A5 0C 01 31 03 CF 00 27 37 EF 25 A5 
0C 01 31 05 E6 3D 77 00 50 2D 10 50 (76)
                              [N11:NG] NGSWSTATE 0 (0)
                              [N12:Z] [undefined] 61 119 0 80 (1031209040)
                              [N12:Z] MOTOR_I 0 31 (31)
                              [N12:Z] [undefined] 61 119 0 80 (1031209040)
                              [N12:Z] MOTOR_I 0 39 (39)
                              [N12:Z] [undefined] 61 119 0 80 (1031209040)
2026-03-02 18:21:30:420 [IN ] C8 24 0C 18 25 A5 0C 01 31 03 CF 00 1D 2D E5 25 A5 0C 01 31 05 E6 3D 77 00 50 2D 10 50 C8 24 0C 18 25 A5 0C 01 31 03 CF 00 23 33 EB 25 A5 0C 01 31 05 E6 3D 77 00 50 2D 10 50 (58)
                              [N12:Z] MOTOR_I 0 29 (29)
                              [N12:Z] [undefined] 61 119 0 80 (1031209040)
                              [N12:Z] MOTOR_I 0 35 (35)
                              [N12:Z] [undefined] 61 119 0 80 (1031209040)
2026-03-02 18:21:30:622 [IN ] C8 24 0C 18 25 A5 0C 01 31 03 CF 00 1D 2D E5 25 A5 0C 01 31 05 E6 3D 77 00 50 2D 10 50 C8 24 0C 18 25 A5 0C 01 31 03 CF 00 2F 3F F7 25 A5 0C 01 31 05 E6 3D 77 00 50 2D 10 50 (58)
                              [N12:Z] MOTOR_I 0 29 (29)
                              [N12:Z] [undefined] 61 119 0 80 (1031209040)
                              [N12:Z] MOTOR_I 0 47 (47)
                              [N12:Z] [undefined] 61 119 0 80 (1031209040)
2026-03-02 18:21:30:823 [IN ] C8 24 0C 18 25 A5 0C 01 31 03 CF 00 35 45 FD 25 A5 0C 01 31 05 E6 3D 77 00 50 2D 10 50 (29)
                              [N12:Z] MOTOR_I 0 53 (53)
                              [N12:Z] [undefined] 61 119 0 80 (1031209040)
2026-03-02 18:21:31:024 [IN ] C8 24 0C 18 25 A5 0C 01 31 03 CF 00 48 58 10 25 A5 0C 01 31 05 E6 3D 77 00 50 2D 10 50 C8 24 0C 18 25 A5 0C 01 31 03 CF 00 34 44 FC 25 A5 0C 01 31 05 E6 3D 77 00 50 2D 10 50 C8 24 0C 18 25 A5 
0C 01 31 03 CF 00 (70)
                              [N12:Z] MOTOR_I 0 72 (72)
                              [N12:Z] [undefined] 61 119 0 80 (1031209040)
                              [N12:Z] MOTOR_I 0 52 (52)
                              [N12:Z] [undefined] 61 119 0 80 (1031209040)
2026-03-02 18:21:31:225 [IN ] 2A 3A F2 25 A5 0C 01 31 05 E6 3D 77 00 50 2D 10 50 C8 24 0B 0A 25 A5 0B 01 31 02 DE 00 1D CD F2 C8 24 0C 0E 25 A5 0C 01 31 03 CF 00 34 44 FC 25 A5 0C 01 C8 24 0C 0A 01 31 05 E6 3D 77 00 50 2D 
10 FC C8 24 0C 18 25 A5 0C 01 31 03 CF 00 2E 3E F6 25 A5 0C 01 31 05 E6 3D 77 00 50 2D 10 50 (95)
                              [N12:Z] MOTOR_I 0 42 (42)
                              [N12:Z] [undefined] 61 119 0 80 (1031209040)
                              [N11:NG] NGSWSTATE 0 (0)
                              [N12:Z] MOTOR_I 0 52 (52)
                              [N12:Z] [undefined] 61 119 0 80 (1031209040)
                              [N12:Z] MOTOR_I 0 46 (46)
                              [N12:Z] [undefined] 61 119 0 80 (1031209040)
2026-03-02 18:21:31:427 [IN ] C8 24 0C 18 25 A5 0C 01 31 03 CF 00 28 38 F0 25 A5 0C 01 31 05 E6 3D 77 00 50 2D 10 50 C8 24 0C 18 25 A5 0C 01 31 03 CF 00 33 43 FB 25 A5 0C 01 31 05 E6 3D 77 00 50 2D 10 50 (58)
                              [N12:Z] MOTOR_I 0 40 (40)
                              [N12:Z] [undefined] 61 119 0 80 (1031209040)
                              [N12:Z] MOTOR_I 0 51 (51)
                              [N12:Z] [undefined] 61 119 0 80 (1031209040)
2026-03-02 18:21:31:629 [IN ] C8 24 0C 18 25 A5 0C 01 31 03 CF 00 34 44 FC 25 A5 0C 01 31 05 E6 3D 77 00 50 2D 10 50 C8 24 0C 18 25 A5 0C 01 31 03 CF 00 20 30 E8 25 A5 0C 01 31 05 E6 3D 77 00 50 2D 10 50 (58)
                              [N12:Z] MOTOR_I 0 52 (52)
                              [N12:Z] [undefined] 61 119 0 80 (1031209040)
                              [N12:Z] MOTOR_I 0 32 (32)
                              [N12:Z] [undefined] 61 119 0 80 (1031209040)
2026-03-02 18:21:31:830 [IN ] C8 24 0C 18 25 A5 0C 01 31 03 CF 00 3E 4E 06 25 A5 0C 01 31 05 E6 3D 77 00 50 2D 10 50 (29)
                              [N12:Z] MOTOR_I 0 62 (62)
                              [N12:Z] [undefined] 61 119 0 80 (1031209040)
2026-03-02 18:21:32:031 [IN ] C8 24 0C 18 25 A5 0C 01 31 03 CF 00 38 48 00 25 A5 0C 01 31 05 E6 3D 77 00 50 2D 10 50 C8 24 0C 18 25 A5 0C 01 31 03 CF 00 2A 3A F2 25 A5 0C 01 31 05 E6 3D 77 00 50 2D 10 50 C8 24 0C 18 25 A5 
0C 01 31 03 CF 00 33 43 FB 25 A5 0C 01 (77)
                              [N12:Z] MOTOR_I 0 56 (56)
                              [N12:Z] [undefined] 61 119 0 80 (1031209040)
                              [N12:Z] MOTOR_I 0 42 (42)
                              [N12:Z] [undefined] 61 119 0 80 (1031209040)
2026-03-02 18:21:32:233 [IN ] 31 05 E6 3D 77 00 50 2D 10 50 C8 24 0B 0A 25 A5 0B 01 31 02 DE 00 1D CD FB C8 24 0C 18 25 A5 0C 01 31 03 CF 00 31 41 F9 25 A5 0C 01 31 05 E6 3D 77 00 50 2D 10 50 C8 24 0C 18 25 A5 0C 01 31 03 
CF 00 3F 4F 07 25 A5 0C 01 31 05 E6 3D 77 00 50 2D 10 50 (83)
                              [N12:Z] MOTOR_I 0 51 (51)
                              [N12:Z] [undefined] 61 119 0 80 (1031209040)
                              [N11:NG] NGSWSTATE 0 (0)
                              [N12:Z] MOTOR_I 0 49 (49)
                              [N12:Z] [undefined] 61 119 0 80 (1031209040)
                              [N12:Z] MOTOR_I 0 63 (63)
                              [N12:Z] [undefined] 61 119 0 80 (1031209040)
2026-03-02 18:21:32:436 [IN ] C8 24 0C 15 25 A5 0C 01 31 03 CF 00 36 46 FE 25 A5 0C 01 31 05 E6 3D 77 00 50 C8 24 0C 1B 50 2D 10 25 A5 0C 01 31 03 CF 00 2E 3E F6 25 A5 0C 01 31 05 E6 3D 77 00 50 2D 10 01 (58)
                              [N12:Z] MOTOR_I 0 54 (54)
                              [N12:Z] [undefined] 61 119 0 80 (1031209040)
                              [N12:Z] MOTOR_I 0 46 (46)
                              [N12:Z] [undefined] 61 119 0 80 (1031209040)
2026-03-02 18:21:32:637 [IN ] C8 24 0C 18 25 A5 0C 01 31 03 CF 00 35 45 FD 25 A5 0C 01 31 05 E6 3D 77 00 50 2D 10 50 C8 24 0C 18 25 A5 0C 01 31 03 CF 00 35 45 FD 25 A5 0C 01 31 05 E6 3D 77 00 50 2D 10 50 (58)
                              [N12:Z] MOTOR_I 0 53 (53)
                              [N12:Z] [undefined] 61 119 0 80 (1031209040)
                              [N12:Z] MOTOR_I 0 53 (53)
                              [N12:Z] [undefined] 61 119 0 80 (1031209040)
2026-03-02 18:21:32:838 [IN ] C8 24 0C 18 25 A5 0C 01 31 03 CF 00 34 44 FC 25 A5 0C 01 31 05 E6 3D 77 00 50 2D 10 50 (29)
                              [N12:Z] MOTOR_I 0 52 (52)
                              [N12:Z] [undefined] 61 119 0 80 (1031209040)
2026-03-02 18:21:33:039 [IN ] C8 24 0C 18 25 A5 0C 01 31 03 CF 00 24 34 EC 25 A5 0C 01 31 05 E6 3D 77 00 50 2D 10 50 C8 24 0C 18 25 A5 0C 01 31 03 CF 00 21 31 E9 25 A5 0C 01 31 05 E6 3D 77 00 50 2D 10 50 C8 24 0C 18 25 A5 
0C 01 31 03 CF 00 32 42 FA 25 A5 0C 01 31 05 E6 3D 77 00 50 2D (85)
                              [N12:Z] MOTOR_I 0 36 (36)
                              [N12:Z] [undefined] 61 119 0 80 (1031209040)
                              [N12:Z] MOTOR_I 0 33 (33)
                              [N12:Z] [undefined] 61 119 0 80 (1031209040)
2026-03-02 18:21:33:241 [IN ] 10 50 C8 24 0B 0A 25 A5 0B 01 31 02 DE 00 1D CD FA C8 24 0C 18 25 A5 0C 01 31 03 CF 00 1C 2C E4 25 A5 0C 01 31 05 E6 3D 77 00 50 2D 10 50 C8 24 0C 18 25 A5 0C 01 31 03 CF 00 23 33 EB 25 A5 0C 
01 31 05 E6 3D 77 00 50 2D 10 50 (75)
                              [N12:Z] MOTOR_I 0 50 (50)
                              [N12:Z] [undefined] 61 119 0 80 (1031209040)
                              [N11:NG] NGSWSTATE 0 (0)
                              [N12:Z] MOTOR_I 0 28 (28)
                              [N12:Z] [undefined] 61 119 0 80 (1031209040)
                              [N12:Z] MOTOR_I 0 35 (35)
                              [N12:Z] [undefined] 61 119 0 80 (1031209040)
2026-03-02 18:21:33:444 [IN ] C8 24 0C 18 25 A5 0C 01 31 03 CF 00 2B 3B F3 25 A5 0C 01 31 05 E6 3D 77 00 50 2D 10 50 C8 24 0C 0E 25 A5 0C 01 31 03 CF 00 35 45 FD 25 A5 0C 01 (48)
                              [N12:Z] MOTOR_I 0 43 (43)
                              [N12:Z] [undefined] 61 119 0 80 (1031209040)
                              [N12:Z] MOTOR_I 0 53 (53)
2026-03-02 18:21:33:645 [IN ] C8 24 0C 0A 01 31 05 E6 3D 77 00 50 2D 10 FD C8 24 0C 18 25 A5 0C 01 31 03 CF 00 3F 4F 07 25 A5 0C 01 31 05 E6 3D 77 00 50 2D 10 50 C8 24 0C 18 25 A5 0C 01 31 03 CF 00 37 47 FF 25 A5 0C 01 31 
05 E6 3D 77 00 50 2D 10 50 (73)
                              [N12:Z] [undefined] 61 119 0 80 (1031209040)
                              [N12:Z] MOTOR_I 0 63 (63)
                              [N12:Z] [undefined] 61 119 0 80 (1031209040)
                              [N12:Z] MOTOR_I 0 55 (55)
                              [N12:Z] [undefined] 61 119 0 80 (1031209040)
2026-03-02 18:21:33:847 [IN ] C8 24 0C 18 25 A5 0C 01 31 03 CF 00 24 34 EC 25 A5 0C 01 31 05 E6 3D 77 00 50 2D 10 50 C8 24 0C 18 25 A5 0C 01 31 03 CF 00 23 33 EB 25 A5 0C 01 31 05 E6 3D 77 00 50 2D 10 50 (58)
                              [N12:Z] MOTOR_I 0 36 (36)
                              [N12:Z] [undefined] 61 119 0 80 (1031209040)
                              [N12:Z] MOTOR_I 0 35 (35)
                              [N12:Z] [undefined] 61 119 0 80 (1031209040)
2026-03-02 18:21:34:049 [IN ] C8 24 0C 18 25 A5 0C 01 31 03 CF 00 35 45 FD 25 A5 0C 01 31 05 E6 3D 77 00 50 2D 10 50 C8 24 0C 18 25 A5 0C 01 31 03 CF 00 3A 4A 02 25 A5 0C 01 31 05 E6 3D 77 00 50 2D 10 50 (58)
                              [N12:Z] MOTOR_I 0 53 (53)
                              [N12:Z] [undefined] 61 119 0 80 (1031209040)
                              [N12:Z] MOTOR_I 0 58 (58)
                              [N12:Z] [undefined] 61 119 0 80 (1031209040)
2026-03-02 18:21:34:251 [IN ] C8 24 0B 0A 25 A5 0B 01 31 02 DE 00 1D CD 02 C8 24 0C 18 25 A5 0C 01 31 03 CF 00 27 37 EF 25 A5 0C 01 31 05 E6 3D 77 00 50 2D 10 50 C8 24 0C 18 25 A5 0C 01 31 03 CF 00 24 34 EC 25 A5 0C 01 31 
05 E6 3D 77 00 50 2D 10 50 (73)
                              [N11:NG] NGSWSTATE 0 (0)
                              [N12:Z] MOTOR_I 0 39 (39)
                              [N12:Z] [undefined] 61 119 0 80 (1031209040)
                              [N12:Z] MOTOR_I 0 36 (36)
                              [N12:Z] [undefined] 61 119 0 80 (1031209040)
2026-03-02 18:21:34:453 [IN ] C8 24 0C 18 25 A5 0C 01 31 03 CF 00 34 44 FC 25 A5 0C 01 31 05 E6 3D 77 00 50 2D 10 50 (29)
                              [N12:Z] MOTOR_I 0 52 (52)
                              [N12:Z] [undefined] 61 119 0 80 (1031209040)
2026-03-02 18:21:34:654 [IN ] C8 24 0C 18 25 A5 0C 01 31 03 CF 00 2A 3A F2 25 A5 0C 01 31 05 E6 3D 77 00 50 2D 10 50 C8 24 0C 0E 25 A5 0C 01 31 03 CF 00 2F 3F F7 25 A5 0C 01 C8 24 0C 0A 01 31 05 E6 3D 77 00 50 2D 10 F7 C8 
24 0C 15 25 A5 0C 01 31 03 CF 00 24 34 EC 25 A5 0C 01 31 05 E6 3D 77 00 50 (89)
                              [N12:Z] MOTOR_I 0 42 (42)
                              [N12:Z] [undefined] 61 119 0 80 (1031209040)
                              [N12:Z] MOTOR_I 0 47 (47)
                              [N12:Z] [undefined] 61 119 0 80 (1031209040)
                              [N12:Z] MOTOR_I 0 36 (36)
2026-03-02 18:21:34:856 [IN ] C8 24 0C 1B 50 2D 10 25 A5 0C 01 31 03 CF 00 41 51 09 25 A5 0C 01 31 05 E6 3D 77 00 50 2D 10 01 C8 24 0C 18 25 A5 0C 01 31 03 CF 00 21 31 E9 25 A5 0C 01 31 05 E6 3D 77 00 50 2D 10 50 (61)
                              [N12:Z] [undefined] 61 119 0 80 (1031209040)
                              [N12:Z] MOTOR_I 0 65 (65)
                              [N12:Z] [undefined] 61 119 0 80 (1031209040)
                              [N12:Z] MOTOR_I 0 33 (33)
                              [N12:Z] [undefined] 61 119 0 80 (1031209040)
2026-03-02 18:21:35:057 [IN ] C8 24 0C 18 25 A5 0C 01 31 03 CF 00 26 36 EE 25 A5 0C 01 31 05 E6 3D 77 00 50 2D 10 50 C8 24 0C 18 25 A5 0C 01 31 03 CF 00 31 41 F9 25 A5 0C 01 31 05 E6 3D 77 00 50 2D 10 50 (58)
                              [N12:Z] MOTOR_I 0 38 (38)
                              [N12:Z] [undefined] 61 119 0 80 (1031209040)
                              [N12:Z] MOTOR_I 0 49 (49)
                              [N12:Z] [undefined] 61 119 0 80 (1031209040)
2026-03-02 18:21:35:259 [IN ] C8 24 0B 0A 25 A5 0B 01 31 02 DE 00 1D CD F9 C8 24 0C 18 25 A5 0C 01 31 03 CF 00 34 44 FC 25 A5 0C 01 31 05 E6 3D 77 00 50 2D 10 50 C8 24 0C 18 25 A5 0C 01 31 03 CF 00 1E 2E E6 25 A5 0C 01 31 
05 E6 3D 77 00 50 2D 10 50 (73)
                              [N11:NG] NGSWSTATE 0 (0)
                              [N12:Z] MOTOR_I 0 52 (52)
                              [N12:Z] [undefined] 61 119 0 80 (1031209040)
                              [N12:Z] MOTOR_I 0 30 (30)
                              [N12:Z] [undefined] 61 119 0 80 (1031209040)
2026-03-02 18:21:35:461 [IN ] C8 24 0C 18 25 A5 0C 01 31 03 CF 00 32 42 FA 25 A5 0C 01 31 05 E6 3D 77 00 50 2D 10 50 C8 24 04 0E 25 A5 04 01 31 06 81 45 FF EE 85 37 AB 49 01 C8 24 0C 18 25 A5 0C 01 31 03 CF 00 26 36 EE 25 
A5 0C 01 31 05 E6 3D 77 00 50 2D 10 50 (77)
                              [N12:Z] MOTOR_I 0 50 (50)
                              [N12:Z] [undefined] 61 119 0 80 (1031209040)
                              [N4:Y] TPOS 'E' 255 238 133 55 (-1145545)
                              [N12:Z] MOTOR_I 0 38 (38)
                              [N12:Z] [undefined] 61 119 0 80 (1031209040)
2026-03-02 18:21:35:664 [IN ] C8 24 0C 18 25 A5 0C 01 31 03 CF 00 2B 3B F3 25 A5 0C 01 31 05 E6 3D 77 00 50 2D 10 50 (29)
                              [N12:Z] MOTOR_I 0 43 (43)
                              [N12:Z] [undefined] 61 119 0 80 (1031209040)
2026-03-02 18:21:35:686 [OUT] 25 A5 01 09 31 05 81 FF E7 5D 56 5A 0C (13)
                              [N9:P] TPOS 255 231 93 86 (-1614506)
2026-03-02 18:21:35:687 [IN ] C8 24 0C 18 25 A5 0C 01 31 03 CF 00 1D 2D E5 25 A5 0C 01 31 05 E6 3D 77 00 50 2D 10 50 (29)
                              [N12:Z] MOTOR_I 0 29 (29)
                              [N12:Z] [undefined] 61 119 0 80 (1031209040)
2026-03-02 18:21:35:709 [OUT] 25 A5 01 04 31 05 81 FF FD 50 01 09 B7 (13)
                              [N4:Y] TPOS 255 253 80 1 (-176127)
2026-03-02 18:21:35:731 [OUT] 25 A5 01 03 31 05 81 FF EC 4A AB 9B 1A (13)
                              [N3:X] TPOS 255 236 74 171 (-1291605)
2026-03-02 18:21:35:753 [OUT] 25 A5 01 06 31 02 D8 3F 51 DD (10)
                              [N6:H] INTERRUPT '?'
2026-03-02 18:21:35:753 [IN ] C8 24 0C 0E 25 A5 0C 01 31 03 CF 00 34 44 FC 25 A5 0C 01 (19)
                              [N12:Z] MOTOR_I 0 52 (52)
2026-03-02 18:21:36:054 [IN ] C8 24 0C 0A 01 31 05 E6 3D 77 00 50 2D 10 FC C8 24 0C 18 25 A5 0C 01 31 03 CF 00 29 39 F1 25 A5 0C 01 31 05 E6 3D 77 00 50 2D 10 50 C8 24 09 0E 25 A5 09 01 31 06 81 53 FF FF FF F3 05 A4 01 C8 
24 0C 18 25 A5 0C 01 31 03 CF 00 2C 3C F4 25 A5 0C 01 31 05 E6 3D 77 00 50 2D 10 50 C8 24 04 0E 25 A5 04 01 31 06 81 53 FF EE 85 38 BA 90 01 C8 24 0C 18 25 A5 0C 01 31 03 CF 00 1C 2C E4 25 A5 
0C 01 31 05 E6 3D 77 00 50 2D 10 50 (140)
                              [N12:Z] [undefined] 61 119 0 80 (1031209040)
                              [N12:Z] MOTOR_I 0 41 (41)
                              [N12:Z] [undefined] 61 119 0 80 (1031209040)
                              [N9:P] TPOS 'S' 255 255 255 243 (-13)
                              [N12:Z] MOTOR_I 0 44 (44)
                              [N12:Z] [undefined] 61 119 0 80 (1031209040)
                              [N4:Y] TPOS 'S' 255 238 133 56 (-1145544)
                              [N12:Z] MOTOR_I 0 28 (28)
                              [N12:Z] [undefined] 61 119 0 80 (1031209040)
2026-03-02 18:21:36:356 [IN ] C8 24 03 0E 25 A5 03 01 31 06 81 53 00 00 00 01 10 7F 01 C8 24 0B 0A 25 A5 0B 01 31 02 DE 00 1D CD 00 C8 24 0C 18 25 A5 0C 01 31 03 CF 00 3A 4A 02 25 A5 0C 01 31 05 E6 3D 77 00 50 2D 10 50 C8 
24 06 0C 25 A5 06 01 31 04 D8 3A 01 01 50 82 A5 C8 24 0C 18 25 A5 0C 01 31 03 CF 00 1C 2C E4 25 A5 0C 01 31 05 E6 3D 77 00 50 2D 10 50 C8 24 0C 18 25 A5 0C 01 31 03 CF (120)
                              [N3:X] TPOS 'S' 0 0 0 1 (1)
                              [N11:NG] NGSWSTATE 0 (0)
                              [N12:Z] MOTOR_I 0 58 (58)
                              [N12:Z] [undefined] 61 119 0 80 (1031209040)
                              [N6:H] INTERRUPT ':' 1 1 (257)
                              [N12:Z] MOTOR_I 0 28 (28)
                              [N12:Z] [undefined] 61 119 0 80 (1031209040)
2026-03-02 18:21:36:378 [OUT] 25 A5 01 06 31 03 C9 3D 0B 4C 0C (11)
                              [N6:H] LFLAG '=' 11 (11)
2026-03-02 18:21:36:378 [IN ] 00 2D 3D F5 25 A5 0C 01 31 05 E6 3D 77 00 50 2D 10 50 (18)
                              [N12:Z] MOTOR_I 0 45 (45)
                              [N12:Z] [undefined] 61 119 0 80 (1031209040)
2026-03-02 18:21:36:484 [IN ] C8 24 0C 18 25 A5 0C 01 31 03 CF 00 27 37 EF 25 A5 0C 01 31 05 E6 3D 77 00 50 2D 10 50 (29)
                              [N12:Z] MOTOR_I 0 39 (39)
                              [N12:Z] [undefined] 61 119 0 80 (1031209040)
2026-03-02 18:21:36:548 [IN ] C8 24 06 0B 25 A5 06 01 31 03 C9 3A 0B 49 0B 25 (16)
                              [N6:H] LFLAG ':' 11 (11)
2026-03-02 18:21:36:569 [OUT] 25 A5 01 06 31 03 88 FF B0 72 72 (11)
                              [N6:H] RUN 255 176 (-80)
2026-03-02 18:21:36:573 [IN ] C8 24 0C 18 25 A5 0C 01 31 03 CF 00 3A 4A 02 25 A5 0C 01 31 05 E6 3D 77 00 50 2D 10 50 (29)
                              [N12:Z] MOTOR_I 0 58 (58)
                              [N12:Z] [undefined] 61 119 0 80 (1031209040)
2026-03-02 18:21:36:680 [IN ] C8 24 0C 18 25 A5 0C 01 31 03 CF 00 37 47 FF 25 A5 0C 01 31 05 E6 3D 77 00 50 2D 10 50 (29)
                              [N12:Z] MOTOR_I 0 55 (55)
                              [N12:Z] [undefined] 61 119 0 80 (1031209040)
2026-03-02 18:21:36:743 [IN ] C8 24 06 0C 25 A5 06 01 31 04 88 53 FF B0 C6 38 A5 (17)
                              [N6:H] RUN 'S' 255 176 (-80)
2026-03-02 18:21:36:944 [IN ] C8 24 0C 18 25 A5 0C 01 31 03 CF 00 36 46 FE 25 A5 0C 01 31 05 E6 3D 77 00 50 2D 10 50 C8 24 0C 0E 25 A5 0C 01 31 03 CF 00 2D 3D F5 25 A5 0C 01 C8 24 0C 0A 01 31 05 E6 3D 77 00 50 2D 10 F5 (63)
                              [N12:Z] MOTOR_I 0 54 (54)
                              [N12:Z] [undefined] 61 119 0 80 (1031209040)
                              [N12:Z] MOTOR_I 0 45 (45)
                              [N12:Z] [undefined] 61 119 0 80 (1031209040)
2026-03-02 18:21:37:145 [IN ] C8 24 0C 18 25 A5 0C 01 31 03 CF 00 2D 3D F5 25 A5 0C 01 31 05 E6 3D 77 00 50 2D 10 50 C8 24 0C 18 25 A5 0C 01 31 03 CF 00 29 39 F1 25 A5 0C 01 31 05 E6 3D 77 00 50 2D 10 50 (58)
                              [N12:Z] MOTOR_I 0 45 (45)
                              [N12:Z] [undefined] 61 119 0 80 (1031209040)
                              [N12:Z] MOTOR_I 0 41 (41)
                              [N12:Z] [undefined] 61 119 0 80 (1031209040)
2026-03-02 18:21:37:346 [IN ] C8 24 0B 0A 25 A5 0B 01 31 02 DE 00 1D CD F1 C8 24 0C 18 25 A5 0C 01 31 03 CF 00 31 41 F9 25 A5 0C 01 31 05 E6 3D 77 00 50 2D 10 50 C8 24 0C 18 25 A5 0C 01 31 03 CF 00 2D 3D F5 25 A5 0C 01 31 
05 E6 3D 77 00 50 2D 10 50 (73)
                              [N11:NG] NGSWSTATE 0 (0)
                              [N12:Z] MOTOR_I 0 49 (49)
                              [N12:Z] [undefined] 61 119 0 80 (1031209040)
                              [N12:Z] MOTOR_I 0 45 (45)
                              [N12:Z] [undefined] 61 119 0 80 (1031209040)
2026-03-02 18:21:37:547 [IN ] C8 24 0C 18 25 A5 0C 01 31 03 CF 00 2F 3F F7 25 A5 0C 01 31 05 E6 3D 77 00 50 2D 10 50 C8 24 0C 18 25 A5 0C 01 31 03 CF 00 28 38 F0 25 A5 0C 01 31 05 E6 3D 77 00 50 2D 10 50 (58)
                              [N12:Z] MOTOR_I 0 47 (47)
                              [N12:Z] [undefined] 61 119 0 80 (1031209040)
                              [N12:Z] MOTOR_I 0 40 (40)
                              [N12:Z] [undefined] 61 119 0 80 (1031209040)
2026-03-02 18:21:37:748 [IN ] C8 24 0C 18 25 A5 0C 01 31 03 CF 00 1D 2D E5 25 A5 0C 01 31 05 E6 3D 77 00 50 2D 10 50 C8 24 0C 18 25 A5 0C 01 31 03 CF 00 21 31 E9 25 A5 0C 01 31 05 E6 3D 77 00 50 2D 10 50 (58)
                              [N12:Z] MOTOR_I 0 29 (29)
                              [N12:Z] [undefined] 61 119 0 80 (1031209040)
                              [N12:Z] MOTOR_I 0 33 (33)
                              [N12:Z] [undefined] 61 119 0 80 (1031209040)
2026-03-02 18:21:37:950 [IN ] C8 24 0C 18 25 A5 0C 01 31 03 CF 00 1D 2D E5 25 A5 0C 01 31 05 E6 3D 77 00 50 2D 10 50 C8 24 0C 18 25 A5 0C 01 31 03 CF 00 2C 3C F4 25 A5 0C 01 31 05 E6 3D 77 00 50 2D 10 50 (58)
                              [N12:Z] MOTOR_I 0 29 (29)
                              [N12:Z] [undefined] 61 119 0 80 (1031209040)
                              [N12:Z] MOTOR_I 0 44 (44)
                              [N12:Z] [undefined] 61 119 0 80 (1031209040)
2026-03-02 18:21:38:151 [IN ] C8 24 0C 18 25 A5 0C 01 31 03 CF 00 20 30 E8 25 A5 0C 01 31 05 E6 3D 77 00 50 2D 10 50 C8 24 0C 15 25 A5 0C 01 31 03 CF 00 2F 3F F7 25 A5 0C 01 31 05 E6 3D 77 00 50 (55)
                              [N12:Z] MOTOR_I 0 32 (32)
                              [N12:Z] [undefined] 61 119 0 80 (1031209040)
                              [N12:Z] MOTOR_I 0 47 (47)
2026-03-02 18:21:38:354 [IN ] C8 24 0B 0A 25 A5 0B 01 31 02 DE 00 1D CD F7 C8 24 0C 1B 50 2D 10 25 A5 0C 01 31 03 CF 00 1E 2E E6 25 A5 0C 01 31 05 E6 3D 77 00 50 2D 10 01 C8 24 0C 18 25 A5 0C 01 31 03 CF 00 1B 2B E3 25 A5 
0C 01 31 05 E6 3D 77 00 50 2D 10 50 (76)
                              [N11:NG] NGSWSTATE 0 (0)
                              [N12:Z] [undefined] 61 119 0 80 (1031209040)
                              [N12:Z] MOTOR_I 0 30 (30)
                              [N12:Z] [undefined] 61 119 0 80 (1031209040)
                              [N12:Z] MOTOR_I 0 27 (27)
                              [N12:Z] [undefined] 61 119 0 80 (1031209040)
2026-03-02 18:21:38:555 [IN ] C8 24 0C 18 25 A5 0C 01 31 03 CF 00 2B 3B F3 25 A5 0C 01 31 05 E6 3D 77 00 50 2D 10 50 C8 24 0C 18 25 A5 0C 01 31 03 CF 00 1D 2D E5 25 A5 0C 01 31 05 E6 3D 77 00 50 2D 10 50 (58)
                              [N12:Z] MOTOR_I 0 43 (43)
                              [N12:Z] [undefined] 61 119 0 80 (1031209040)
                              [N12:Z] MOTOR_I 0 29 (29)
                              [N12:Z] [undefined] 61 119 0 80 (1031209040)
2026-03-02 18:21:38:756 [IN ] C8 24 0C 18 25 A5 0C 01 31 03 CF 00 20 30 E8 25 A5 0C 01 31 05 E6 3D 77 00 50 2D 10 50 C8 24 0C 18 25 A5 0C 01 31 03 CF 00 14 24 DC 25 A5 0C 01 31 05 E6 3D 77 00 50 2D 10 50 (58)
                              [N12:Z] MOTOR_I 0 32 (32)
                              [N12:Z] [undefined] 61 119 0 80 (1031209040)
                              [N12:Z] MOTOR_I 0 20 (20)
                              [N12:Z] [undefined] 61 119 0 80 (1031209040)
2026-03-02 18:21:38:958 [IN ] C8 24 0C 18 25 A5 0C 01 31 03 CF 00 28 38 F0 25 A5 0C 01 31 05 E6 3D 77 00 50 2D 10 50 C8 24 0C 18 25 A5 0C 01 31 03 CF 00 2E 3E F6 25 A5 0C 01 31 05 E6 3D 77 00 50 2D 10 50 (58)
                              [N12:Z] MOTOR_I 0 40 (40)
                              [N12:Z] [undefined] 61 119 0 80 (1031209040)
                              [N12:Z] MOTOR_I 0 46 (46)
                              [N12:Z] [undefined] 61 119 0 80 (1031209040)
2026-03-02 18:21:39:159 [IN ] C8 24 0C 18 25 A5 0C 01 31 03 CF 00 2F 3F F7 25 A5 0C 01 31 05 E6 3D 77 00 50 2D 10 50 C8 24 0C 18 25 A5 0C 01 31 03 CF 00 31 41 F9 25 A5 0C 01 31 05 E6 3D 77 00 50 2D 10 50 (58)
                              [N12:Z] MOTOR_I 0 47 (47)
                              [N12:Z] [undefined] 61 119 0 80 (1031209040)
                              [N12:Z] MOTOR_I 0 49 (49)
                              [N12:Z] [undefined] 61 119 0 80 (1031209040)
2026-03-02 18:21:39:361 [IN ] C8 24 0B 0A 25 A5 0B 01 31 02 DE 00 1D CD F9 C8 24 0C 0E 25 A5 0C 01 31 03 CF 00 23 33 EB 25 A5 0C 01 C8 24 0C 0A 01 31 05 E6 3D 77 00 50 2D 10 EB C8 24 0C 18 25 A5 0C 01 31 03 CF 00 2E 3E F6 
25 A5 0C 01 31 05 E6 3D 77 00 50 2D 10 50 (78)
                              [N11:NG] NGSWSTATE 0 (0)
                              [N12:Z] MOTOR_I 0 35 (35)
                              [N12:Z] [undefined] 61 119 0 80 (1031209040)
                              [N12:Z] MOTOR_I 0 46 (46)
                              [N12:Z] [undefined] 61 119 0 80 (1031209040)
2026-03-02 18:21:39:563 [IN ] C8 24 0C 18 25 A5 0C 01 31 03 CF 00 2E 3E F6 25 A5 0C 01 31 05 E6 3D 77 00 50 2D 10 50 C8 24 0C 18 25 A5 0C 01 31 03 CF 00 29 39 F1 25 A5 0C 01 31 05 E6 3D 77 00 50 2D 10 50 (58)
                              [N12:Z] MOTOR_I 0 46 (46)
                              [N12:Z] [undefined] 61 119 0 80 (1031209040)
                              [N12:Z] MOTOR_I 0 41 (41)
                              [N12:Z] [undefined] 61 119 0 80 (1031209040)
2026-03-02 18:21:39:765 [IN ] C8 24 0C 18 25 A5 0C 01 31 03 CF 00 27 37 EF 25 A5 0C 01 31 05 E6 3D 77 00 50 2D 10 50 C8 24 0C 18 25 A5 0C 01 31 03 CF 00 23 33 EB 25 A5 0C 01 31 05 E6 3D 77 00 50 2D 10 50 (58)
                              [N12:Z] MOTOR_I 0 39 (39)
                              [N12:Z] [undefined] 61 119 0 80 (1031209040)
                              [N12:Z] MOTOR_I 0 35 (35)
                              [N12:Z] [undefined] 61 119 0 80 (1031209040)
2026-03-02 18:21:39:967 [IN ] C8 24 0C 18 25 A5 0C 01 31 03 CF 00 23 33 EB 25 A5 0C 01 31 05 E6 3D 77 00 50 2D 10 50 C8 24 0C 18 25 A5 0C 01 31 03 CF 00 26 36 EE 25 A5 0C 01 31 05 E6 3D 77 00 50 2D 10 50 (58)
                              [N12:Z] MOTOR_I 0 35 (35)
                              [N12:Z] [undefined] 61 119 0 80 (1031209040)
                              [N12:Z] MOTOR_I 0 38 (38)
                              [N12:Z] [undefined] 61 119 0 80 (1031209040)
2026-03-02 18:21:40:169 [IN ] C8 24 0C 18 25 A5 0C 01 31 03 CF 00 1C 2C E4 25 A5 0C 01 31 05 E6 3D 77 00 50 2D 10 50 C8 24 0C 18 25 A5 0C 01 31 03 CF 00 1C 2C E4 25 A5 0C 01 31 05 E6 3D 77 00 50 2D 10 50 (58)
                              [N12:Z] MOTOR_I 0 28 (28)
                              [N12:Z] [undefined] 61 119 0 80 (1031209040)
                              [N12:Z] MOTOR_I 0 28 (28)
                              [N12:Z] [undefined] 61 119 0 80 (1031209040)
2026-03-02 18:21:40:370 [IN ] C8 24 0B 0A 25 A5 0B 01 31 02 DE 00 1D CD E4 C8 24 0C 18 25 A5 0C 01 31 03 CF 00 32 42 FA 25 A5 0C 01 31 05 E6 3D 77 00 50 2D 10 50 C8 24 0C 0E 25 A5 0C 01 31 03 CF 00 16 26 DE 25 A5 0C 01 C8 
24 0C 0A 01 31 05 E6 3D 77 00 50 2D 10 DE (78)
                              [N11:NG] NGSWSTATE 0 (0)
                              [N12:Z] MOTOR_I 0 50 (50)
                              [N12:Z] [undefined] 61 119 0 80 (1031209040)
                              [N12:Z] MOTOR_I 0 22 (22)
                              [N12:Z] [undefined] 61 119 0 80 (1031209040)
2026-03-02 18:21:40:572 [IN ] C8 24 0C 15 25 A5 0C 01 31 03 CF 00 17 27 DF 25 A5 0C 01 31 05 E6 3D 77 00 50 C8 24 0C 1B 50 2D 10 25 A5 0C 01 31 03 CF 00 2F 3F F7 25 A5 0C 01 31 05 E6 3D 77 00 50 2D 10 01 (58)
                              [N12:Z] MOTOR_I 0 23 (23)
                              [N12:Z] [undefined] 61 119 0 80 (1031209040)
                              [N12:Z] MOTOR_I 0 47 (47)
                              [N12:Z] [undefined] 61 119 0 80 (1031209040)
2026-03-02 18:21:40:774 [IN ] C8 24 0C 18 25 A5 0C 01 31 03 CF 00 20 30 E8 25 A5 0C 01 31 05 E6 3D 77 00 50 2D 10 50 C8 24 0C 18 25 A5 0C 01 31 03 CF 00 17 27 DF 25 A5 0C 01 31 05 E6 3D 77 00 50 2D 10 50 (58)
                              [N12:Z] MOTOR_I 0 32 (32)
                              [N12:Z] [undefined] 61 119 0 80 (1031209040)
                              [N12:Z] MOTOR_I 0 23 (23)
                              [N12:Z] [undefined] 61 119 0 80 (1031209040)
2026-03-02 18:21:40:976 [IN ] C8 24 0C 18 25 A5 0C 01 31 03 CF 00 2C 3C F4 25 A5 0C 01 31 05 E6 3D 77 00 50 2D 10 50 C8 24 06 0B 25 A5 06 01 31 03 81 5A 4C 62 B4 25 C8 24 0C 18 25 A5 0C 01 31 03 CF 00 27 37 EF 25 A5 0C 01 
31 05 E6 3D 77 00 50 2D 10 50 C8 24 06 0A 25 A5 06 01 31 02 81 49 04 3E EF (89)
                              [N12:Z] MOTOR_I 0 44 (44)
                              [N12:Z] [undefined] 61 119 0 80 (1031209040)
                              [N6:H] TPOS 'Z' 76 (76)
                              [N12:Z] MOTOR_I 0 39 (39)
                              [N12:Z] [undefined] 61 119 0 80 (1031209040)
                              [N6:H] TPOS 'I'
2026-03-02 18:21:41:178 [IN ] C8 24 0C 18 25 A5 0C 01 31 03 CF 00 25 35 ED 25 A5 0C 01 31 05 E6 3D 77 00 50 2D 10 50 C8 24 0C 18 25 A5 0C 01 31 03 CF 00 29 39 F1 25 A5 0C 01 31 05 E6 3D 77 00 50 2D 10 50 (58)
                              [N12:Z] MOTOR_I 0 37 (37)
                              [N12:Z] [undefined] 61 119 0 80 (1031209040)
                              [N12:Z] MOTOR_I 0 41 (41)
                              [N12:Z] [undefined] 61 119 0 80 (1031209040)
2026-03-02 18:21:41:200 [OUT] 25 A5 01 06 31 03 C9 3D 09 4A 0A (11)
                              [N6:H] LFLAG '=' 9 (9)
2026-03-02 18:21:41:202 [IN ] C8 24 0B 0A 25 A5 0B 01 31 02 DE 00 1D CD F1 C8 24 (17)
                              [N11:NG] NGSWSTATE 0 (0)
2026-03-02 18:21:41:223 [IN ] 0C 18 25 A5 0C 01 31 03 CF 00 26 36 EE 25 A5 0C 01 31 05 E6 3D 77 00 50 2D 10 50 (27)
                              [N12:Z] MOTOR_I 0 38 (38)
                              [N12:Z] [undefined] 61 119 0 80 (1031209040)
2026-03-02 18:21:41:327 [IN ] C8 24 0C 18 25 A5 0C 01 31 03 CF 00 28 38 F0 25 A5 0C 01 31 05 E6 3D 77 00 50 2D 10 50 (29)
                              [N12:Z] MOTOR_I 0 40 (40)
                              [N12:Z] [undefined] 61 119 0 80 (1031209040)
2026-03-02 18:21:41:370 [IN ] C8 24 06 0B 25 A5 06 01 31 03 C9 3A 09 47 09 25 (16)
                              [N6:H] LFLAG ':' 9 (9)
2026-03-02 18:21:41:392 [OUT] 25 A5 01 06 31 03 84 00 50 0F 08 (11)
                              [N6:H] VEL 0 80 (80)
2026-03-02 18:21:41:413 [IN ] C8 24 0C 18 25 A5 0C 01 31 03 CF 00 1A 2A E2 25 A5 0C 01 31 05 E6 3D 77 00 50 2D 10 50 (29)
                              [N12:Z] MOTOR_I 0 26 (26)
                              [N12:Z] [undefined] 61 119 0 80 (1031209040)
2026-03-02 18:21:41:518 [IN ] C8 24 0C 15 25 A5 0C 01 31 03 CF 00 19 29 E1 25 A5 0C 01 31 05 E6 3D 77 00 50 (26)
                              [N12:Z] MOTOR_I 0 25 (25)
2026-03-02 18:21:41:539 [IN ] C8 24 06 0C 25 A5 06 01 (8)
2026-03-02 18:21:41:561 [IN ] 31 04 84 53 00 50 63 CA A5 (9)
                              [N6:H] VEL 'S' 0 80 (80)
2026-03-02 18:21:41:582 [OUT] 25 A5 01 06 31 05 81 00 19 82 3C 95 BE (13)
                              [N6:H] TPOS 0 25 130 60 (1671740)
2026-03-02 18:21:41:605 [IN ] C8 24 0C 1B 50 2D 10 25 A5 0C 01 31 03 CF 00 21 31 E9 25 A5 0C 01 31 05 E6 3D 77 00 50 2D 10 01 (32)
                              [N12:Z] [undefined] 61 119 0 80 (1031209040)
                              [N12:Z] MOTOR_I 0 33 (33)
                              [N12:Z] [undefined] 61 119 0 80 (1031209040)
2026-03-02 18:21:41:710 [IN ] C8 24 0C 18 25 A5 0C 01 31 03 CF 00 2C 3C F4 25 A5 0C 01 31 05 E6 3D 77 00 50 2D 10 50 (29)
                              [N12:Z] MOTOR_I 0 44 (44)
                              [N12:Z] [undefined] 61 119 0 80 (1031209040)
2026-03-02 18:21:41:773 [IN ] C8 24 06 0E 25 A5 06 01 31 06 81 53 FF FF FF FF 0E 92 01 (19)
                              [N6:H] TPOS 'S' 255 255 255 255 (-1)
2026-03-02 18:21:41:975 [IN ] C8 24 0C 18 25 A5 0C 01 31 03 CF 00 2B 3B F3 25 A5 0C 01 31 05 E6 3D 77 00 50 2D 10 50 C8 24 0C 18 25 A5 0C 01 31 03 CF 00 31 41 F9 25 A5 0C 01 31 05 E6 3D 77 00 50 2D 10 50 (58)
                              [N12:Z] MOTOR_I 0 43 (43)
                              [N12:Z] [undefined] 61 119 0 80 (1031209040)
                              [N12:Z] MOTOR_I 0 49 (49)
                              [N12:Z] [undefined] 61 119 0 80 (1031209040)
2026-03-02 18:21:42:176 [IN ] C8 24 0C 18 25 A5 0C 01 31 03 CF 00 16 26 DE 25 A5 0C 01 31 05 E6 3D 77 00 50 2D 10 50 C8 24 0C 18 25 A5 0C 01 31 03 CF 00 1E 2E E6 25 A5 0C 01 31 05 E6 3D 77 00 50 2D 10 50 (58)
                              [N12:Z] MOTOR_I 0 22 (22)
                              [N12:Z] [undefined] 61 119 0 80 (1031209040)
                              [N12:Z] MOTOR_I 0 30 (30)
                              [N12:Z] [undefined] 61 119 0 80 (1031209040)
2026-03-02 18:21:42:378 [IN ] C8 24 0B 0A 25 A5 0B 01 31 02 DE 00 1D CD E6 C8 24 0C 18 25 A5 0C 01 31 03 CF 00 1F 2F E7 25 A5 0C 01 31 05 E6 3D 77 00 50 2D 10 50 C8 24 0C 18 25 A5 0C 01 31 03 CF 00 1B 2B E3 25 A5 0C 01 31 
05 E6 3D 77 00 50 2D 10 50 (73)
                              [N11:NG] NGSWSTATE 0 (0)
                              [N12:Z] MOTOR_I 0 31 (31)
                              [N12:Z] [undefined] 61 119 0 80 (1031209040)
                              [N12:Z] MOTOR_I 0 27 (27)
                              [N12:Z] [undefined] 61 119 0 80 (1031209040)
2026-03-02 18:21:42:579 [IN ] C8 24 0C 18 25 A5 0C 01 31 03 CF 00 26 36 EE 25 A5 0C 01 31 05 E6 3D 77 00 50 2D 10 50 C8 24 0C 18 25 A5 0C 01 31 03 CF 00 22 32 EA 25 A5 0C 01 31 05 E6 3D 77 00 50 2D 10 50 (58)
                              [N12:Z] MOTOR_I 0 38 (38)
                              [N12:Z] [undefined] 61 119 0 80 (1031209040)
                              [N12:Z] MOTOR_I 0 34 (34)
                              [N12:Z] [undefined] 61 119 0 80 (1031209040)
2026-03-02 18:21:42:781 [IN ] C8 24 0C 0E 25 A5 0C 01 31 03 CF 00 14 24 DC 25 A5 0C 01 C8 24 0C 0A 01 31 05 E6 3D 77 00 50 2D 10 DC C8 24 0C 18 25 A5 0C 01 31 03 CF 00 2D 3D F5 25 A5 0C 01 31 05 E6 3D 77 00 50 2D 10 50 C8 
24 03 0E 25 A5 03 01 31 06 81 45 FF EC 47 A9 DC 2F 01 (82)
                              [N12:Z] MOTOR_I 0 20 (20)
                              [N12:Z] [undefined] 61 119 0 80 (1031209040)
                              [N12:Z] MOTOR_I 0 45 (45)
                              [N12:Z] [undefined] 61 119 0 80 (1031209040)
                              [N3:X] TPOS 'E' 255 236 71 169 (-1292375)
2026-03-02 18:21:42:984 [IN ] C8 24 0C 18 25 A5 0C 01 31 03 CF 00 19 29 E1 25 A5 0C 01 31 05 E6 3D 77 00 50 2D 10 50 C8 24 0C 18 25 A5 0C 01 31 03 CF 00 2C 3C F4 25 A5 0C 01 31 05 E6 3D 77 00 50 2D 10 50 (58)
                              [N12:Z] MOTOR_I 0 25 (25)
                              [N12:Z] [undefined] 61 119 0 80 (1031209040)
                              [N12:Z] MOTOR_I 0 44 (44)
                              [N12:Z] [undefined] 61 119 0 80 (1031209040)
2026-03-02 18:21:43:186 [IN ] C8 24 0C 18 25 A5 0C 01 31 03 CF 00 1C 2C E4 25 A5 0C 01 31 05 E6 3D 77 00 50 2D 10 50 C8 24 0C 18 25 A5 0C 01 31 03 CF 00 2C 3C F4 25 A5 0C 01 31 05 E6 3D 77 00 50 2D 10 50 (58)
                              [N12:Z] MOTOR_I 0 28 (28)
                              [N12:Z] [undefined] 61 119 0 80 (1031209040)
                              [N12:Z] MOTOR_I 0 44 (44)
                              [N12:Z] [undefined] 61 119 0 80 (1031209040)
2026-03-02 18:21:43:207 [OUT] 25 A5 01 03 31 05 81 FF FD 50 01 08 AF (13)
                              [N3:X] TPOS 255 253 80 1 (-176127)
2026-03-02 18:21:43:228 [IN ] C8 24 0B 0A 25 A5 0B 01 31 02 DE 00 1D CD F4 C8 24 0C 18 25 A5 0C 01 31 03 CF 00 23 33 EB 25 A5 0C 01 31 05 E6 3D 77 00 50 2D 10 50 (44)
                              [N11:NG] NGSWSTATE 0 (0)
                              [N12:Z] MOTOR_I 0 35 (35)
                              [N12:Z] [undefined] 61 119 0 80 (1031209040)
2026-03-02 18:21:43:333 [IN ] C8 24 0C 18 25 A5 0C 01 31 03 CF 00 2F 3F F7 25 A5 0C 01 31 05 E6 3D 77 00 50 2D 10 50 (29)
                              [N12:Z] MOTOR_I 0 47 (47)
                              [N12:Z] [undefined] 61 119 0 80 (1031209040)
2026-03-02 18:21:43:396 [IN ] C8 24 03 0E 25 A5 03 01 31 06 81 53 FF EC 47 A9 EA 75 01 (19)
                              [N3:X] TPOS 'S' 255 236 71 169 (-1292375)
2026-03-02 18:21:43:598 [IN ] C8 24 0C 18 25 A5 0C 01 31 03 CF 00 1B 2B E3 25 A5 0C 01 31 05 E6 3D 77 00 50 2D 10 50 C8 24 0C 18 25 A5 0C 01 31 03 CF 00 18 28 E0 25 A5 0C 01 31 05 E6 3D 77 00 50 2D 10 50 (58)
                              [N12:Z] MOTOR_I 0 27 (27)
                              [N12:Z] [undefined] 61 119 0 80 (1031209040)
                              [N12:Z] MOTOR_I 0 24 (24)
                              [N12:Z] [undefined] 61 119 0 80 (1031209040)
2026-03-02 18:21:43:800 [IN ] C8 24 0C 18 25 A5 0C 01 31 03 CF 00 1A 2A E2 25 A5 0C 01 31 05 E6 3D 77 00 50 2D 10 50 C8 24 0C 18 25 A5 0C 01 31 03 CF 00 25 35 ED 25 A5 0C 01 31 05 E6 3D 77 00 50 2D 10 50 (58)
                              [N12:Z] MOTOR_I 0 26 (26)
                              [N12:Z] [undefined] 61 119 0 80 (1031209040)
                              [N12:Z] MOTOR_I 0 37 (37)
                              [N12:Z] [undefined] 61 119 0 80 (1031209040)
2026-03-02 18:21:44:002 [IN ] C8 24 0C 15 25 A5 0C 01 31 03 CF 00 17 27 DF 25 A5 0C 01 31 05 E6 3D 77 00 50 C8 24 0C 1B 50 2D 10 25 A5 0C 01 31 03 CF 00 13 23 DB 25 A5 0C 01 31 05 E6 3D 77 00 50 2D 10 01 (58)
                              [N12:Z] MOTOR_I 0 23 (23)
                              [N12:Z] [undefined] 61 119 0 80 (1031209040)
                              [N12:Z] MOTOR_I 0 19 (19)
                              [N12:Z] [undefined] 61 119 0 80 (1031209040)
2026-03-02 18:21:44:203 [IN ] C8 24 0C 18 25 A5 0C 01 31 03 CF 00 3F 4F 07 25 A5 0C 01 31 05 E6 3D 77 00 50 2D 10 50 C8 24 0C 18 25 A5 0C 01 31 03 CF 00 23 33 EB 25 A5 0C 01 31 05 E6 3D 77 00 50 2D 10 50 (58)
                              [N12:Z] MOTOR_I 0 63 (63)
                              [N12:Z] [undefined] 61 119 0 80 (1031209040)
                              [N12:Z] MOTOR_I 0 35 (35)
                              [N12:Z] [undefined] 61 119 0 80 (1031209040)
2026-03-02 18:21:44:407 [IN ] C8 24 0B 0A 25 A5 0B 01 31 02 DE 00 1D CD EB C8 24 0C 18 25 A5 0C 01 31 03 CF 00 1E 2E E6 25 A5 0C 01 31 05 E6 3D 77 00 50 2D 10 50 C8 24 07 0B 25 A5 07 01 31 03 81 5A 4C 63 BB 25 C8 24 07 0A 
25 A5 07 01 31 02 81 49 05 44 BB C8 24 0C 18 25 A5 0C 01 31 03 CF 00 22 32 EA 25 A5 0C 01 31 05 E6 3D 77 00 50 2D 10 50 (104)
                              [N11:NG] NGSWSTATE 0 (0)
                              [N12:Z] MOTOR_I 0 30 (30)
                              [N12:Z] [undefined] 61 119 0 80 (1031209040)
                              [N7:N] TPOS 'Z' 76 (76)
                              [N7:N] TPOS 'I'
                              [N12:Z] MOTOR_I 0 34 (34)
                              [N12:Z] [undefined] 61 119 0 80 (1031209040)
2026-03-02 18:21:44:610 [IN ] C8 24 0C 18 25 A5 0C 01 31 03 CF 00 1C 2C E4 25 A5 0C 01 31 05 E6 3D 77 00 50 2D 10 50 C8 24 04 0E 25 A5 04 01 31 06 81 45 FF FD 4F 73 C0 46 01 C8 24 0C 18 25 A5 0C 01 31 03 CF 00 19 29 E1 25 
A5 0C 01 31 05 E6 3D 77 00 50 2D 10 50 (77)
                              [N12:Z] MOTOR_I 0 28 (28)
                              [N12:Z] [undefined] 61 119 0 80 (1031209040)
                              [N4:Y] TPOS 'E' 255 253 79 115 (-176269)
                              [N12:Z] MOTOR_I 0 25 (25)
                              [N12:Z] [undefined] 61 119 0 80 (1031209040)
2026-03-02 18:21:44:632 [OUT] 25 A5 01 07 31 03 C9 3D 09 4B 10 (11)
                              [N7:N] LFLAG '=' 9 (9)
2026-03-02 18:21:44:633 [IN ] C8 24 0C 18 25 A5 0C 01 31 03 CF 00 26 36 EE 25 A5 0C 01 31 05 E6 3D 77 00 50 2D 10 50 (29)
                              [N12:Z] MOTOR_I 0 38 (38)
                              [N12:Z] [undefined] 61 119 0 80 (1031209040)
2026-03-02 18:21:44:737 [IN ] C8 24 0C 18 25 A5 0C 01 31 03 CF 00 2D 3D F5 25 A5 0C 01 31 05 E6 (22)
2026-03-02 18:21:44:758 [IN ] 3D 77 00 50 2D 10 50 (7)
                              [N12:Z] MOTOR_I 0 45 (45)
                              [N12:Z] [undefined] 61 119 0 80 (1031209040)
2026-03-02 18:21:44:780 [IN ] C8 24 07 0B 25 A5 07 01 31 03 C9 3A 09 48 10 25 (16)
                              [N7:N] LFLAG ':' 9 (9)
2026-03-02 18:21:44:800 [OUT] 25 A5 01 07 31 05 81 FF AB 19 75 F7 DF (13)
                              [N7:N] TPOS 255 171 25 117 (-5564043)
2026-03-02 18:21:44:843 [IN ] C8 24 0C 18 25 A5 0C 01 31 03 CF 00 1A 2A E2 25 A5 0C 01 31 05 E6 3D 77 00 50 2D 10 50 (29)
                              [N12:Z] MOTOR_I 0 26 (26)
                              [N12:Z] [undefined] 61 119 0 80 (1031209040)
2026-03-02 18:21:44:927 [IN ] C8 24 0C 0E 25 A5 0C 01 31 03 CF 00 22 32 EA 25 A5 0C 01 (19)
                              [N12:Z] MOTOR_I 0 34 (34)
2026-03-02 18:21:44:949 [IN ] C8 24 0C 0A 01 31 05 E6 3D 77 00 50 2D 10 EA (15)
                              [N12:Z] [undefined] 61 119 0 80 (1031209040)
2026-03-02 18:21:44:971 [IN ] C8 24 07 0E 25 A5 07 01 31 06 81 53 FF FF FF FB 0B 98 01 (19)
                              [N7:N] TPOS 'S' 255 255 255 251 (-5)
2026-03-02 18:21:45:172 [IN ] C8 24 0C 18 25 A5 0C 01 31 03 CF 00 1F 2F E7 25 A5 0C 01 31 05 E6 3D 77 00 50 2D 10 50 C8 24 0C 18 25 A5 0C 01 31 03 CF 00 32 42 FA 25 A5 0C 01 31 05 E6 3D 77 00 50 2D 10 50 (58)
                              [N12:Z] MOTOR_I 0 31 (31)
                              [N12:Z] [undefined] 61 119 0 80 (1031209040)
                              [N12:Z] MOTOR_I 0 50 (50)
                              [N12:Z] [undefined] 61 119 0 80 (1031209040)
2026-03-02 18:21:45:374 [IN ] C8 24 0B 0A 25 A5 0B 01 31 02 DE 00 1D CD FA C8 24 0C 18 25 A5 0C 01 31 03 CF 00 14 24 DC 25 A5 0C 01 31 05 E6 3D 77 00 50 2D 10 50 C8 24 0C 18 25 A5 0C 01 31 03 CF 00 1B 2B E3 25 A5 0C 01 31 
05 E6 3D 77 00 50 2D 10 50 (73)
                              [N11:NG] NGSWSTATE 0 (0)
                              [N12:Z] MOTOR_I 0 20 (20)
                              [N12:Z] [undefined] 61 119 0 80 (1031209040)
                              [N12:Z] MOTOR_I 0 27 (27)
                              [N12:Z] [undefined] 61 119 0 80 (1031209040)
2026-03-02 18:21:45:575 [IN ] C8 24 0C 18 25 A5 0C 01 31 03 CF 00 14 24 DC 25 A5 0C 01 31 05 E6 3D 77 00 50 2D 10 50 C8 24 0C 18 25 A5 0C 01 31 03 CF 00 19 29 E1 25 A5 0C 01 31 05 E6 3D 77 00 50 2D 10 50 (58)
                              [N12:Z] MOTOR_I 0 20 (20)
                              [N12:Z] [undefined] 61 119 0 80 (1031209040)
                              [N12:Z] MOTOR_I 0 25 (25)
                              [N12:Z] [undefined] 61 119 0 80 (1031209040)
2026-03-02 18:21:45:777 [IN ] C8 24 0C 18 25 A5 0C 01 31 03 CF 00 23 33 EB 25 A5 0C 01 31 05 E6 3D 77 00 50 2D 10 50 C8 24 0C 18 25 A5 0C 01 31 03 CF 00 1B 2B E3 25 A5 0C 01 31 05 E6 3D 77 00 50 2D 10 50 (58)
                              [N12:Z] MOTOR_I 0 35 (35)
                              [N12:Z] [undefined] 61 119 0 80 (1031209040)
                              [N12:Z] MOTOR_I 0 27 (27)
                              [N12:Z] [undefined] 61 119 0 80 (1031209040)
2026-03-02 18:21:45:978 [IN ] C8 24 0C 18 25 A5 0C 01 31 03 CF 00 25 35 ED 25 A5 0C 01 31 05 E6 3D 77 00 50 2D 10 50 C8 24 09 0E 25 A5 09 01 31 06 81 45 FF E7 5C 37 80 14 01 C8 24 0C 18 25 A5 0C 01 31 03 CF 00 1B 2B E3 25 
A5 0C 01 31 05 E6 3D 77 00 50 2D 10 50 (77)
                              [N12:Z] MOTOR_I 0 37 (37)
                              [N12:Z] [undefined] 61 119 0 80 (1031209040)
                              [N9:P] TPOS 'E' 255 231 92 55 (-1614793)
                              [N12:Z] MOTOR_I 0 27 (27)
                              [N12:Z] [undefined] 61 119 0 80 (1031209040)
2026-03-02 18:21:46:180 [IN ] C8 24 0C 0E 25 A5 0C 01 31 03 CF 00 17 27 DF 25 A5 0C 01 C8 24 0C 0A 01 31 05 E6 3D 77 00 50 2D 10 DF C8 24 0C 15 25 A5 0C 01 31 03 CF 00 14 24 DC 25 A5 0C 01 31 05 E6 3D 77 00 50 (60)
                              [N12:Z] MOTOR_I 0 23 (23)
                              [N12:Z] [undefined] 61 119 0 80 (1031209040)
                              [N12:Z] MOTOR_I 0 20 (20)
2026-03-02 18:21:46:386 [IN ] C8 24 0B 0A 25 A5 0B 01 31 02 DE 00 1D CD DC C8 24 0C 1B 50 2D 10 25 A5 0C 01 31 03 CF 00 40 50 08 25 A5 0C 01 31 05 E6 3D 77 00 50 2D 10 01 C8 24 0C 18 25 A5 0C 01 31 03 CF 00 18 28 E0 25 A5 
0C 01 31 05 E6 3D 77 00 50 2D 10 50 (76)
                              [N11:NG] NGSWSTATE 0 (0)
                              [N12:Z] [undefined] 61 119 0 80 (1031209040)
                              [N12:Z] MOTOR_I 0 64 (64)
                              [N12:Z] [undefined] 61 119 0 80 (1031209040)
                              [N12:Z] MOTOR_I 0 24 (24)
                              [N12:Z] [undefined] 61 119 0 80 (1031209040)
2026-03-02 18:21:46:408 [OUT] 25 A5 01 09 31 05 81 FF FF D9 C8 60 BE (13)
                              [N9:P] TPOS 255 255 217 200 (-9784)
2026-03-02 18:21:46:451 [IN ] C8 24 0C 18 25 A5 0C 01 31 03 CF 00 15 25 DD 25 A5 0C 01 31 05 E6 3D 77 00 50 2D 10 50 (29)
                              [N12:Z] MOTOR_I 0 21 (21)
                              [N12:Z] [undefined] 61 119 0 80 (1031209040)
2026-03-02 18:21:46:535 [IN ] C8 24 (2)
2026-03-02 18:21:46:557 [IN ] 0C 18 25 A5 0C 01 31 03 CF 00 26 36 EE 25 A5 0C 01 31 05 E6 3D 77 00 50 2D 10 50 (27)
                              [N12:Z] MOTOR_I 0 38 (38)
                              [N12:Z] [undefined] 61 119 0 80 (1031209040)
2026-03-02 18:21:46:600 [IN ] C8 24 09 0E 25 A5 09 01 31 06 81 53 FF E7 5C 44 9B 67 01 (19)
                              [N9:P] TPOS 'S' 255 231 92 68 (-1614780)
2026-03-02 18:21:46:803 [IN ] C8 24 0C 18 25 A5 0C 01 31 03 CF 00 14 24 DC 25 A5 0C 01 31 05 E6 3D 77 00 50 2D 10 50 C8 24 0C 18 25 A5 0C 01 31 03 CF 00 26 36 EE 25 A5 0C 01 31 05 E6 3D 77 00 50 2D 10 50 (58)
                              [N12:Z] MOTOR_I 0 20 (20)
                              [N12:Z] [undefined] 61 119 0 80 (1031209040)
                              [N12:Z] MOTOR_I 0 38 (38)
                              [N12:Z] [undefined] 61 119 0 80 (1031209040)
2026-03-02 18:21:47:004 [IN ] C8 24 0C 18 25 A5 0C 01 31 03 CF 00 1C 2C E4 25 A5 0C 01 31 05 E6 3D 77 00 50 2D 10 50 C8 24 0C 18 25 A5 0C 01 31 03 CF 00 34 44 FC 25 A5 0C 01 31 05 E6 3D 77 00 50 2D 10 50 (58)
                              [N12:Z] MOTOR_I 0 28 (28)
                              [N12:Z] [undefined] 61 119 0 80 (1031209040)
                              [N12:Z] MOTOR_I 0 52 (52)
                              [N12:Z] [undefined] 61 119 0 80 (1031209040)
2026-03-02 18:21:47:205 [IN ] C8 24 0C 18 25 A5 0C 01 31 03 CF 00 16 26 DE 25 A5 0C 01 31 05 E6 3D 77 00 50 2D 10 50 C8 24 0C 18 25 A5 0C 01 31 03 CF 00 21 31 E9 25 A5 0C 01 31 05 E6 3D 77 00 50 2D 10 50 (58)
                              [N12:Z] MOTOR_I 0 22 (22)
                              [N12:Z] [undefined] 61 119 0 80 (1031209040)
                              [N12:Z] MOTOR_I 0 33 (33)
                              [N12:Z] [undefined] 61 119 0 80 (1031209040)
2026-03-02 18:21:47:406 [IN ] C8 24 0B 0A 25 A5 0B 01 31 02 DE 00 1D CD E9 C8 24 0C 0E 25 A5 0C 01 31 03 CF 00 17 27 DF 25 A5 0C 01 C8 24 0C 0A 01 31 05 E6 3D 77 00 50 2D 10 DF C8 24 0C 18 25 A5 0C 01 31 03 CF 00 1F 2F E7 
25 A5 0C 01 31 05 E6 3D 77 00 50 2D 10 50 (78)
                              [N11:NG] NGSWSTATE 0 (0)
                              [N12:Z] MOTOR_I 0 23 (23)
                              [N12:Z] [undefined] 61 119 0 80 (1031209040)
                              [N12:Z] MOTOR_I 0 31 (31)
                              [N12:Z] [undefined] 61 119 0 80 (1031209040)
2026-03-02 18:21:47:608 [IN ] C8 24 0C 18 25 A5 0C 01 31 03 CF 00 22 32 EA 25 A5 0C 01 31 05 E6 3D 77 00 50 2D 10 50 C8 24 0C 18 25 A5 0C 01 31 03 CF 00 23 33 EB 25 A5 0C 01 31 05 E6 3D 77 00 50 2D 10 50 (58)
                              [N12:Z] MOTOR_I 0 34 (34)
                              [N12:Z] [undefined] 61 119 0 80 (1031209040)
                              [N12:Z] MOTOR_I 0 35 (35)
                              [N12:Z] [undefined] 61 119 0 80 (1031209040)
2026-03-02 18:21:47:809 [IN ] C8 24 0C 18 25 A5 0C 01 31 03 CF 00 27 37 EF 25 A5 0C 01 31 05 E6 3D 77 00 50 2D 10 50 C8 24 0C 18 25 A5 0C 01 31 03 CF 00 1E 2E E6 25 A5 0C 01 31 05 E6 3D 77 00 50 2D 10 50 (58)
                              [N12:Z] MOTOR_I 0 39 (39)
                              [N12:Z] [undefined] 61 119 0 80 (1031209040)
                              [N12:Z] MOTOR_I 0 30 (30)
                              [N12:Z] [undefined] 61 119 0 80 (1031209040)
2026-03-02 18:21:48:010 [IN ] C8 24 0C 18 25 A5 0C 01 31 03 CF 00 2A 3A F2 25 A5 0C 01 31 05 E6 3D 77 00 50 2D 10 50 C8 24 0C 18 25 A5 0C 01 31 03 CF 00 34 44 FC 25 A5 0C 01 31 05 E6 3D 77 00 50 2D 10 50 (58)
                              [N12:Z] MOTOR_I 0 42 (42)
                              [N12:Z] [undefined] 61 119 0 80 (1031209040)
                              [N12:Z] MOTOR_I 0 52 (52)
                              [N12:Z] [undefined] 61 119 0 80 (1031209040)
2026-03-02 18:21:48:212 [IN ] C8 24 0C 18 25 A5 0C 01 31 03 CF 00 34 44 FC 25 A5 0C 01 31 05 E6 3D 77 00 50 2D 10 50 C8 24 0C 18 25 A5 0C 01 31 03 CF 00 1A 2A E2 25 A5 0C 01 31 05 E6 3D 77 00 50 2D 10 50 (58)
                              [N12:Z] MOTOR_I 0 52 (52)
                              [N12:Z] [undefined] 61 119 0 80 (1031209040)
                              [N12:Z] MOTOR_I 0 26 (26)
                              [N12:Z] [undefined] 61 119 0 80 (1031209040)
2026-03-02 18:21:48:413 [IN ] C8 24 0B 0A 25 A5 0B 01 31 02 DE 00 1D CD E2 C8 24 0C 18 25 A5 0C 01 31 03 CF 00 24 34 EC 25 A5 0C 01 31 05 E6 3D 77 00 50 2D 10 50 C8 24 0C 0E 25 A5 0C 01 31 03 CF 00 27 37 EF 25 A5 0C 01 C8 
24 0C 0A 01 31 05 E6 3D 77 00 50 2D 10 EF (78)
                              [N11:NG] NGSWSTATE 0 (0)
                              [N12:Z] MOTOR_I 0 36 (36)
                              [N12:Z] [undefined] 61 119 0 80 (1031209040)
                              [N12:Z] MOTOR_I 0 39 (39)
                              [N12:Z] [undefined] 61 119 0 80 (1031209040)
2026-03-02 18:21:48:614 [IN ] C8 24 0C 15 25 A5 0C 01 31 03 CF 00 30 40 F8 25 A5 0C 01 31 05 E6 3D 77 00 50 C8 24 0C 1B 50 2D 10 25 A5 0C 01 31 03 CF 00 21 31 E9 25 A5 0C 01 31 05 E6 3D 77 00 50 2D 10 01 (58)
                              [N12:Z] MOTOR_I 0 48 (48)
                              [N12:Z] [undefined] 61 119 0 80 (1031209040)
                              [N12:Z] MOTOR_I 0 33 (33)
                              [N12:Z] [undefined] 61 119 0 80 (1031209040)
2026-03-02 18:21:48:815 [IN ] C8 24 0C 18 25 A5 0C 01 31 03 CF 00 21 31 E9 25 A5 0C 01 31 05 E6 3D 77 00 50 2D 10 50 C8 24 0C 18 25 A5 0C 01 31 03 CF 00 26 36 EE 25 A5 0C 01 31 05 E6 3D 77 00 50 2D 10 50 (58)
                              [N12:Z] MOTOR_I 0 33 (33)
                              [N12:Z] [undefined] 61 119 0 80 (1031209040)
                              [N12:Z] MOTOR_I 0 38 (38)
                              [N12:Z] [undefined] 61 119 0 80 (1031209040)
2026-03-02 18:21:49:017 [IN ] C8 24 0C 18 25 A5 0C 01 31 03 CF 00 16 26 DE 25 A5 0C 01 31 05 E6 3D 77 00 50 2D 10 50 C8 24 0C 18 25 A5 0C 01 31 03 CF 00 1A 2A E2 25 A5 0C 01 31 05 E6 3D 77 00 50 2D 10 50 (58)
                              [N12:Z] MOTOR_I 0 22 (22)
                              [N12:Z] [undefined] 61 119 0 80 (1031209040)
                              [N12:Z] MOTOR_I 0 26 (26)
                              [N12:Z] [undefined] 61 119 0 80 (1031209040)
2026-03-02 18:21:49:219 [IN ] C8 24 0C 18 25 A5 0C 01 31 03 CF 00 2E 3E F6 25 A5 0C 01 31 05 E6 3D 77 00 50 2D 10 50 C8 24 0C 18 25 A5 0C 01 31 03 CF 00 2F 3F F7 25 A5 0C 01 31 05 E6 3D 77 00 50 2D 10 50 (58)
                              [N12:Z] MOTOR_I 0 46 (46)
                              [N12:Z] [undefined] 61 119 0 80 (1031209040)
                              [N12:Z] MOTOR_I 0 47 (47)
                              [N12:Z] [undefined] 61 119 0 80 (1031209040)
2026-03-02 18:21:49:420 [IN ] C8 24 0B 0A 25 A5 0B 01 31 02 DE 00 1D CD F7 C8 24 0C 18 25 A5 0C 01 31 03 CF 00 1A 2A E2 25 A5 0C 01 31 05 E6 3D 77 00 50 2D 10 50 C8 24 0C 18 25 A5 0C 01 31 03 CF 00 29 39 F1 25 A5 0C 01 31 
05 E6 3D 77 00 50 2D 10 50 (73)
                              [N11:NG] NGSWSTATE 0 (0)
                              [N12:Z] MOTOR_I 0 26 (26)
                              [N12:Z] [undefined] 61 119 0 80 (1031209040)
                              [N12:Z] MOTOR_I 0 41 (41)
                              [N12:Z] [undefined] 61 119 0 80 (1031209040)
2026-03-02 18:21:49:623 [IN ] C8 24 0C 18 25 A5 0C 01 31 03 CF 00 14 24 DC 25 A5 0C 01 31 05 E6 3D 77 00 50 2D 10 50 C8 24 0C 0E 25 A5 0C 01 31 03 CF 00 24 34 EC 25 A5 0C 01 C8 24 0C 0A 01 31 05 E6 3D 77 00 50 2D 10 EC (63)
                              [N12:Z] MOTOR_I 0 20 (20)
                              [N12:Z] [undefined] 61 119 0 80 (1031209040)
                              [N12:Z] MOTOR_I 0 36 (36)
                              [N12:Z] [undefined] 61 119 0 80 (1031209040)
2026-03-02 18:21:49:825 [IN ] C8 24 0C 18 25 A5 0C 01 31 03 CF 00 2E 3E F6 25 A5 0C 01 31 05 E6 3D 77 00 50 2D 10 50 C8 24 06 0E 25 A5 06 01 31 06 81 45 00 19 84 F9 9A A2 01 C8 24 0C 18 25 A5 0C 01 31 03 CF 00 1C 2C E4 25 
A5 0C 01 31 05 E6 3D 77 00 50 2D 10 50 (77)
                              [N12:Z] MOTOR_I 0 46 (46)
                              [N12:Z] [undefined] 61 119 0 80 (1031209040)
                              [N6:H] TPOS 'E' 0 25 132 249 (1672441)
                              [N12:Z] MOTOR_I 0 28 (28)
                              [N12:Z] [undefined] 61 119 0 80 (1031209040)
2026-03-02 18:21:50:027 [IN ] C8 24 0C 18 25 A5 0C 01 31 03 CF 00 31 41 F9 25 A5 0C 01 31 05 E6 3D 77 00 50 2D 10 50 C8 24 0C 18 25 A5 0C 01 31 03 CF 00 29 39 F1 25 A5 0C 01 31 05 E6 3D 77 00 50 2D 10 50 (58)
                              [N12:Z] MOTOR_I 0 49 (49)
                              [N12:Z] [undefined] 61 119 0 80 (1031209040)
                              [N12:Z] MOTOR_I 0 41 (41)
                              [N12:Z] [undefined] 61 119 0 80 (1031209040)
2026-03-02 18:21:50:228 [IN ] C8 24 0C 18 25 A5 0C 01 31 03 CF 00 1D 2D E5 25 A5 0C 01 31 05 E6 3D 77 00 50 2D 10 50 C8 24 0C 18 25 A5 0C 01 31 03 CF 00 16 26 DE 25 A5 0C 01 31 05 E6 3D 77 00 50 2D 10 50 (58)
                              [N12:Z] MOTOR_I 0 29 (29)
                              [N12:Z] [undefined] 61 119 0 80 (1031209040)
                              [N12:Z] MOTOR_I 0 22 (22)
                              [N12:Z] [undefined] 61 119 0 80 (1031209040)
2026-03-02 18:21:50:250 [OUT] 25 A5 01 06 31 05 81 00 0D 03 C1 8F 21 (13)
                              [N6:H] TPOS 0 13 3 193 (852929)
2026-03-02 18:21:50:271 [IN ] C8 24 0B 0A 25 A5 0B 01 31 02 DE 00 1D CD DE C8 24 0C 18 25 A5 0C 01 31 03 CF 00 1E 2E E6 25 A5 0C 01 31 05 E6 3D 77 00 50 2D 10 50 (44)
                              [N11:NG] NGSWSTATE 0 (0)
                              [N12:Z] MOTOR_I 0 30 (30)
                              [N12:Z] [undefined] 61 119 0 80 (1031209040)
2026-03-02 18:21:50:398 [IN ] C8 24 0C 18 25 A5 0C 01 31 03 CF 00 1E 2E E6 25 A5 0C 01 31 05 E6 3D 77 00 50 2D 10 50 (29)
                              [N12:Z] MOTOR_I 0 30 (30)
                              [N12:Z] [undefined] 61 119 0 80 (1031209040)
2026-03-02 18:21:50:439 [IN ] C8 24 06 0E 25 A5 06 01 31 06 (10)
2026-03-02 18:21:50:460 [IN ] 81 53 00 19 84 F9 A8 E8 01 (9)
                              [N6:H] TPOS 'S' 0 25 132 249 (1672441)
2026-03-02 18:21:50:662 [IN ] C8 24 0C 18 25 A5 0C 01 31 03 CF 00 14 24 DC 25 A5 0C 01 31 05 E6 3D 77 00 50 2D 10 50 C8 24 0C 18 25 A5 0C 01 31 03 CF 00 27 37 EF 25 A5 0C 01 31 05 E6 3D 77 00 50 2D 10 50 (58)
                              [N12:Z] MOTOR_I 0 20 (20)
                              [N12:Z] [undefined] 61 119 0 80 (1031209040)
                              [N12:Z] MOTOR_I 0 39 (39)
                              [N12:Z] [undefined] 61 119 0 80 (1031209040)
2026-03-02 18:21:50:863 [IN ] C8 24 0C 0E 25 A5 0C 01 31 03 CF 00 29 39 F1 25 A5 0C 01 C8 24 0C 0A 01 31 05 E6 3D 77 00 50 2D 10 F1 C8 24 0C 15 25 A5 0C 01 31 03 CF 00 15 25 DD 25 A5 0C 01 31 05 E6 3D 77 00 50 (60)
                              [N12:Z] MOTOR_I 0 41 (41)
                              [N12:Z] [undefined] 61 119 0 80 (1031209040)
                              [N12:Z] MOTOR_I 0 21 (21)
2026-03-02 18:21:51:065 [IN ] C8 24 0C 1B 50 2D 10 25 A5 0C 01 31 03 CF 00 19 29 E1 25 A5 0C 01 31 05 E6 3D 77 00 50 2D 10 01 C8 24 0C 18 25 A5 0C 01 31 03 CF 00 19 29 E1 25 A5 0C 01 31 05 E6 3D 77 00 50 2D 10 50 (61)
                              [N12:Z] [undefined] 61 119 0 80 (1031209040)
                              [N12:Z] MOTOR_I 0 25 (25)
                              [N12:Z] [undefined] 61 119 0 80 (1031209040)
                              [N12:Z] MOTOR_I 0 25 (25)
                              [N12:Z] [undefined] 61 119 0 80 (1031209040)
2026-03-02 18:21:51:267 [IN ] C8 24 0C 18 25 A5 0C 01 31 03 CF 00 0F 1F D7 25 A5 0C 01 31 05 E6 3D 77 00 50 2D 10 50 C8 24 0C 18 25 A5 0C 01 31 03 CF 00 2A 3A F2 25 A5 0C 01 31 05 E6 3D 77 00 50 2D 10 50 (58)
                              [N12:Z] MOTOR_I 0 15 (15)
                              [N12:Z] [undefined] 61 119 0 80 (1031209040)
                              [N12:Z] MOTOR_I 0 42 (42)
                              [N12:Z] [undefined] 61 119 0 80 (1031209040)
2026-03-02 18:21:51:469 [IN ] C8 24 0B 0A 25 A5 0B 01 31 02 DE 00 1D CD F2 C8 24 0C 18 25 A5 0C 01 31 03 CF 00 2B 3B F3 25 A5 0C 01 31 05 E6 3D 77 00 50 2D 10 50 C8 24 0C 18 25 A5 0C 01 31 03 CF 00 24 34 EC 25 A5 0C 01 31 
05 E6 3D 77 00 50 2D 10 50 (73)
                              [N11:NG] NGSWSTATE 0 (0)
                              [N12:Z] MOTOR_I 0 43 (43)
                              [N12:Z] [undefined] 61 119 0 80 (1031209040)
                              [N12:Z] MOTOR_I 0 36 (36)
                              [N12:Z] [undefined] 61 119 0 80 (1031209040)
2026-03-02 18:21:51:670 [IN ] C8 24 0C 18 25 A5 0C 01 31 03 CF 00 16 26 DE 25 A5 0C 01 31 05 E6 3D 77 00 50 2D 10 50 C8 24 0C 18 25 A5 0C 01 31 03 CF 00 28 38 F0 25 A5 0C 01 31 05 E6 3D 77 00 50 2D 10 50 (58)
                              [N12:Z] MOTOR_I 0 22 (22)
                              [N12:Z] [undefined] 61 119 0 80 (1031209040)
                              [N12:Z] MOTOR_I 0 40 (40)
                              [N12:Z] [undefined] 61 119 0 80 (1031209040)
2026-03-02 18:21:51:871 [IN ] C8 24 0C 18 25 A5 0C 01 31 03 CF 00 28 38 F0 25 A5 0C 01 31 05 E6 3D 77 00 50 2D 10 50 C8 24 0C 18 25 A5 0C 01 31 03 CF 00 1B 2B E3 25 A5 0C 01 31 05 E6 3D 77 00 50 2D 10 50 C8 24 0C 15 25 A5 
0C 01 31 (67)
                              [N12:Z] MOTOR_I 0 40 (40)
                              [N12:Z] [undefined] 61 119 0 80 (1031209040)
                              [N12:Z] MOTOR_I 0 27 (27)
                              [N12:Z] [undefined] 61 119 0 80 (1031209040)
2026-03-02 18:21:52:072 [IN ] 03 CF 00 12 22 DA 25 A5 0C 01 31 05 E6 3D 77 00 50 C8 24 0C 1B 50 2D 10 25 A5 0C 01 31 03 CF 00 13 23 DB 25 A5 0C 01 31 05 E6 3D 77 00 50 2D 10 01 (49)
                              [N12:Z] MOTOR_I 0 18 (18)
                              [N12:Z] [undefined] 61 119 0 80 (1031209040)
                              [N12:Z] MOTOR_I 0 19 (19)
                              [N12:Z] [undefined] 61 119 0 80 (1031209040)
2026-03-02 18:21:52:274 [IN ] C8 24 0C 18 25 A5 0C 01 31 03 CF 00 34 44 FC 25 A5 0C 01 31 05 E6 3D 77 00 50 2D 10 50 C8 24 0C 18 25 A5 0C 01 31 03 CF 00 26 36 EE 25 A5 0C 01 31 05 E6 3D 77 00 50 2D 10 50 (58)
                              [N12:Z] MOTOR_I 0 52 (52)
                              [N12:Z] [undefined] 61 119 0 80 (1031209040)
                              [N12:Z] MOTOR_I 0 38 (38)
                              [N12:Z] [undefined] 61 119 0 80 (1031209040)
2026-03-02 18:21:52:475 [IN ] C8 24 0B 0A 25 A5 0B 01 31 02 DE 00 1D CD EE C8 24 0C 18 25 A5 0C 01 31 03 CF 00 27 37 EF 25 A5 0C 01 31 05 E6 3D 77 00 50 2D 10 50 C8 24 0C 18 25 A5 0C 01 31 03 CF 00 28 38 F0 25 A5 0C 01 31 
05 E6 3D 77 00 50 2D 10 50 (73)
                              [N11:NG] NGSWSTATE 0 (0)
                              [N12:Z] MOTOR_I 0 39 (39)
                              [N12:Z] [undefined] 61 119 0 80 (1031209040)
                              [N12:Z] MOTOR_I 0 40 (40)
                              [N12:Z] [undefined] 61 119 0 80 (1031209040)
2026-03-02 18:21:52:676 [IN ] C8 24 0C 18 25 A5 0C 01 31 03 CF 00 22 32 EA 25 A5 0C 01 31 05 E6 3D 77 00 50 2D 10 50 C8 24 0C 18 25 A5 0C 01 31 03 CF 00 1B 2B E3 25 A5 0C 01 31 05 E6 3D 77 00 50 2D 10 50 (58)
                              [N12:Z] MOTOR_I 0 34 (34)
                              [N12:Z] [undefined] 61 119 0 80 (1031209040)
                              [N12:Z] MOTOR_I 0 27 (27)
                              [N12:Z] [undefined] 61 119 0 80 (1031209040)
2026-03-02 18:21:52:878 [IN ] C8 24 0C 18 25 A5 0C 01 31 03 CF 00 22 32 EA 25 A5 0C 01 31 05 E6 3D 77 00 50 2D 10 50 C8 24 0C 18 25 A5 0C 01 31 03 CF 00 24 34 EC 25 A5 0C 01 31 05 E6 3D 77 00 50 2D 10 50 (58)
                              [N12:Z] MOTOR_I 0 34 (34)
                              [N12:Z] [undefined] 61 119 0 80 (1031209040)
                              [N12:Z] MOTOR_I 0 36 (36)
                              [N12:Z] [undefined] 61 119 0 80 (1031209040)
2026-03-02 18:21:53:080 [IN ] C8 24 0C 18 25 A5 0C 01 31 03 CF 00 27 37 EF 25 A5 0C 01 31 05 E6 3D 77 00 50 2D 10 50 C8 24 0C 0E 25 A5 0C 01 31 03 CF 00 25 35 ED 25 A5 0C 01 C8 24 0C 0A 01 31 05 E6 3D 77 00 50 2D 10 ED (63)
                              [N12:Z] MOTOR_I 0 39 (39)
                              [N12:Z] [undefined] 61 119 0 80 (1031209040)
                              [N12:Z] MOTOR_I 0 37 (37)
                              [N12:Z] [undefined] 61 119 0 80 (1031209040)
2026-03-02 18:21:53:281 [IN ] C8 24 0C 15 25 A5 0C 01 31 03 CF 00 20 30 E8 25 A5 0C 01 31 05 E6 3D 77 00 50 C8 24 0C 1B 50 2D 10 25 A5 0C 01 31 03 CF 00 1A 2A E2 25 A5 0C 01 31 05 E6 3D 77 00 50 2D 10 01 (58)
                              [N12:Z] MOTOR_I 0 32 (32)
                              [N12:Z] [undefined] 61 119 0 80 (1031209040)
                              [N12:Z] MOTOR_I 0 26 (26)
                              [N12:Z] [undefined] 61 119 0 80 (1031209040)
2026-03-02 18:21:53:482 [IN ] C8 24 0B 0A 25 A5 0B 01 31 02 DE 00 1D CD 00 C8 24 0C 18 25 A5 0C 01 31 03 CF 00 26 36 EE 25 A5 0C 01 31 05 E6 3D 77 00 50 2D 10 50 C8 24 0C 18 25 A5 0C 01 31 03 CF 00 1A 2A E2 25 A5 0C 01 31 
05 E6 3D 77 00 50 2D 10 50 (73)
                              [N11:NG] NGSWSTATE 0 (0)
                              [N12:Z] MOTOR_I 0 38 (38)
                              [N12:Z] [undefined] 61 119 0 80 (1031209040)
                              [N12:Z] MOTOR_I 0 26 (26)
                              [N12:Z] [undefined] 61 119 0 80 (1031209040)
2026-03-02 18:21:53:684 [IN ] C8 24 0C 18 25 A5 0C 01 31 03 CF 00 13 23 DB 25 A5 0C 01 31 05 E6 3D 77 00 50 2D 10 50 C8 24 03 0E 25 A5 03 01 31 06 81 45 FF FD 50 99 E6 64 01 C8 24 0C 18 25 A5 0C 01 31 03 CF 00 1B 2B E3 25 
A5 0C 01 31 05 E6 3D 77 00 50 2D 10 50 (77)
                              [N12:Z] MOTOR_I 0 19 (19)
                              [N12:Z] [undefined] 61 119 0 80 (1031209040)
                              [N3:X] TPOS 'E' 255 253 80 153 (-175975)
                              [N12:Z] MOTOR_I 0 27 (27)
                              [N12:Z] [undefined] 61 119 0 80 (1031209040)
2026-03-02 18:21:53:887 [IN ] C8 24 0C 18 25 A5 0C 01 31 03 CF 00 1F 2F E7 25 A5 0C 01 31 05 E6 3D 77 00 50 2D 10 50 C8 24 0C 18 25 A5 0C 01 31 03 CF 00 17 27 DF 25 A5 0C 01 31 05 E6 3D 77 00 50 2D 10 50 (58)
                              [N12:Z] MOTOR_I 0 31 (31)
                              [N12:Z] [undefined] 61 119 0 80 (1031209040)
                              [N12:Z] MOTOR_I 0 23 (23)
                              [N12:Z] [undefined] 61 119 0 80 (1031209040)
2026-03-02 18:21:54:088 [IN ] C8 24 0C 18 25 A5 0C 01 31 03 CF 00 20 30 E8 25 A5 0C 01 31 05 E6 3D 77 00 50 2D 10 50 C8 24 0C 18 25 A5 0C 01 31 03 CF 00 1A 2A E2 25 A5 0C 01 31 05 E6 3D 77 00 50 2D 10 50 (58)
                              [N12:Z] MOTOR_I 0 32 (32)
                              [N12:Z] [undefined] 61 119 0 80 (1031209040)
                              [N12:Z] MOTOR_I 0 26 (26)
                              [N12:Z] [undefined] 61 119 0 80 (1031209040)
2026-03-02 18:21:54:289 [IN ] C8 24 0C 18 25 A5 0C 01 31 03 CF 00 1F 2F E7 25 A5 0C 01 31 05 E6 3D 77 00 50 2D 10 50 C8 24 0C 15 25 A5 0C 01 31 03 CF 00 26 36 EE 25 A5 0C 01 31 05 E6 3D 77 00 50 C8 24 06 0E 25 A5 06 01 31 
06 81 45 00 0C FF 81 90 F9 01 (74)
                              [N12:Z] MOTOR_I 0 31 (31)
                              [N12:Z] [undefined] 61 119 0 80 (1031209040)
                              [N12:Z] MOTOR_I 0 38 (38)
                              [N6:H] TPOS 'E' 0 12 255 129 (851841)
2026-03-02 18:21:54:512 [OUT] 25 A5 01 05 31 02 D8 3F 50 D8 (10)
                              [N5:V] INTERRUPT '?'
2026-03-02 18:21:54:514 [IN ] C8 24 0B 0A 25 A5 0B 01 31 02 DE 00 1D CD FF C8 24 0C 1B 50 2D 10 25 A5 0C 01 31 03 CF 00 1A 2A E2 25 A5 0C 01 31 05 E6 3D 77 00 50 2D 10 01 C8 24 0C 18 25 A5 0C 01 31 03 CF 00 20 30 E8 25 A5 
0C 01 31 05 E6 3D 77 00 50 2D 10 50 C8 24 0C 18 25 A5 0C 01 31 03 CF 00 17 27 DF 25 A5 0C 01 31 05 E6 3D 77 00 50 2D 10 50 (105)
                              [N11:NG] NGSWSTATE 0 (0)
                              [N12:Z] [undefined] 61 119 0 80 (1031209040)
                              [N12:Z] MOTOR_I 0 26 (26)
                              [N12:Z] [undefined] 61 119 0 80 (1031209040)
                              [N12:Z] MOTOR_I 0 32 (32)
                              [N12:Z] [undefined] 61 119 0 80 (1031209040)
                              [N12:Z] MOTOR_I 0 23 (23)
                              [N12:Z] [undefined] 61 119 0 80 (1031209040)
2026-03-02 18:21:54:816 [IN ] C8 24 0C 18 25 A5 0C 01 31 03 CF 00 13 23 DB 25 A5 0C 01 31 05 E6 3D 77 00 50 2D 10 50 C8 24 05 0C 25 A5 05 01 31 04 D8 3A 01 01 4F 7A A5 C8 24 0C 18 25 A5 0C 01 31 03 CF 00 1D 2D E5 25 A5 0C 
01 31 05 E6 3D 77 00 50 2D 10 50 C8 24 0C 18 25 A5 0C 01 31 03 CF 00 23 33 EB 25 A5 0C 01 31 05 E6 3D 77 00 50 2D 10 50 (104)
                              [N12:Z] MOTOR_I 0 19 (19)
                              [N12:Z] [undefined] 61 119 0 80 (1031209040)
                              [N5:V] INTERRUPT ':' 1 1 (257)
                              [N12:Z] MOTOR_I 0 29 (29)
                              [N12:Z] [undefined] 61 119 0 80 (1031209040)
                              [N12:Z] MOTOR_I 0 35 (35)
                              [N12:Z] [undefined] 61 119 0 80 (1031209040)
2026-03-02 18:21:54:838 [OUT] 25 A5 01 05 31 03 C9 3D 0B 4B 06 (11)
                              [N5:V] LFLAG '=' 11 (11)
2026-03-02 18:21:54:921 [IN ] C8 24 0C 18 25 A5 0C 01 31 03 CF 00 11 21 D9 25 A5 0C 01 31 05 E6 3D 77 00 50 2D 10 50 (29)
                              [N12:Z] MOTOR_I 0 17 (17)
                              [N12:Z] [undefined] 61 119 0 80 (1031209040)
2026-03-02 18:21:54:985 [IN ] C8 24 05 0B 25 A5 05 01 31 03 C9 3A 0B 48 04 25 (16)
                              [N5:V] LFLAG ':' 11 (11)
2026-03-02 18:21:55:007 [OUT] 25 A5 01 05 31 03 88 FF B0 71 6C (11)
                              [N5:V] RUN 255 176 (-80)
2026-03-02 18:21:55:029 [IN ] C8 24 0C 18 25 A5 0C 01 31 03 CF 00 24 34 EC 25 A5 0C 01 31 05 E6 3D 77 00 50 2D 10 50 (29)
                              [N12:Z] MOTOR_I 0 36 (36)
                              [N12:Z] [undefined] 61 119 0 80 (1031209040)
2026-03-02 18:21:55:112 [IN ] C8 24 0C 18 25 A5 0C 01 31 03 CF 00 16 26 DE 25 A5 0C 01 31 05 E6 3D 77 00 50 2D 10 50 (29)
                              [N12:Z] MOTOR_I 0 22 (22)
                              [N12:Z] [undefined] 61 119 0 80 (1031209040)
2026-03-02 18:21:55:176 [IN ] C8 24 05 0C 25 A5 05 01 31 04 88 53 FF B0 C5 30 A5 (17)
                              [N5:V] RUN 'S' 255 176 (-80)
2026-03-02 18:21:55:378 [IN ] C8 24 0C 18 25 A5 0C 01 31 03 CF 00 12 22 DA 25 A5 0C 01 31 05 E6 3D 77 00 50 2D 10 50 C8 24 0C 0B 25 A5 0C 01 31 03 81 5A 4C 68 DE 25 C8 24 0C 0A 25 A5 0C 01 31 02 81 49 0A 62 DE C8 24 0B 0A 
25 A5 0B 01 31 02 DE 00 1D CD DE C8 24 0C 0E 25 A5 0C 01 31 03 CF 00 00 10 C8 25 A5 0C 01 C8 24 0C 0A 01 31 05 E6 3D 77 00 00 DD C0 C8 (109)
                              [N12:Z] MOTOR_I 0 18 (18)
                              [N12:Z] [undefined] 61 119 0 80 (1031209040)
                              [N12:Z] TPOS 'Z' 76 (76)
                              [N12:Z] TPOS 'I'
                              [N11:NG] NGSWSTATE 0 (0)
                              [N12:Z] MOTOR_I 0 0 (0)
                              [N12:Z] [undefined] 61 119 0 0 (1031208960)
2026-03-02 18:21:55:580 [IN ] C8 24 0C 18 25 A5 0C 01 31 03 CF 00 00 10 C8 25 A5 0C 01 31 05 E6 3D 77 00 00 DD C0 50 C8 24 0C 18 25 A5 0C 01 31 03 CF 00 00 10 C8 25 A5 0C 01 31 05 E6 3D 77 00 00 DD C0 50 (58)
                              [N12:Z] MOTOR_I 0 0 (0)
                              [N12:Z] [undefined] 61 119 0 0 (1031208960)
                              [N12:Z] MOTOR_I 0 0 (0)
                              [N12:Z] [undefined] 61 119 0 0 (1031208960)
2026-03-02 18:21:55:602 [OUT] 25 A5 01 0C 31 03 C9 3D 09 50 2E (11)
                              [N12:Z] LFLAG '=' 9 (9)
2026-03-02 18:21:55:624 [IN ] C8 24 0C 18 25 A5 0C 01 31 03 CF 00 00 10 C8 25 A5 0C 01 31 05 E6 3D 77 00 00 DD C0 50 (29)
                              [N12:Z] MOTOR_I 0 0 (0)
                              [N12:Z] [undefined] 61 119 0 0 (1031208960)
2026-03-02 18:21:55:729 [IN ] C8 24 0C 18 25 A5 0C 01 31 03 CF 00 00 10 C8 25 A5 0C 01 31 05 E6 3D 77 00 00 DD C0 50 (29)
                              [N12:Z] MOTOR_I 0 0 (0)
                              [N12:Z] [undefined] 61 119 0 0 (1031208960)
2026-03-02 18:21:55:771 [IN ] C8 24 0C 0B 25 A5 0C 01 31 03 C9 3A 09 4D 33 25 (16)
                              [N12:Z] LFLAG ':' 9 (9)
2026-03-02 18:21:55:792 [OUT] 25 A5 01 0C 31 05 81 FF BC D0 00 4F 33 (13)
                              [N12:Z] TPOS 255 188 208 0 (-4403200)
2026-03-02 18:21:55:835 [IN ] C8 24 0C 18 25 A5 0C 01 31 03 CF 00 00 10 C8 25 A5 0C 01 31 05 E6 3D 77 00 00 DD C0 50 (29)
                              [N12:Z] MOTOR_I 0 0 (0)
                              [N12:Z] [undefined] 61 119 0 0 (1031208960)
2026-03-02 18:21:55:920 [IN ] C8 24 0C 18 25 A5 0C 01 31 03 CF 00 00 10 C8 25 A5 0C 01 31 05 E6 3D 77 00 00 DD C0 50 (29)
                              [N12:Z] MOTOR_I 0 0 (0)
                              [N12:Z] [undefined] 61 119 0 0 (1031208960)
2026-03-02 18:21:55:983 [IN ] C8 24 0C 0E 25 A5 0C 01 31 06 81 53 FF FF FF 70 85 3F 01 (19)
                              [N12:Z] TPOS 'S' 255 255 255 112 (-144)
2026-03-02 18:21:56:184 [IN ] C8 24 0C 18 25 A5 0C 01 31 03 CF 00 28 38 F0 25 A5 0C 01 31 05 E6 3D 77 FF B0 8C 6E 50 C8 24 0C 18 25 A5 0C 01 31 03 CF 00 2C 3C F4 25 A5 0C 01 31 05 E6 3D 77 FF B0 8C 6E 50 (58)
                              [N12:Z] MOTOR_I 0 40 (40)
                              [N12:Z] [undefined] 61 119 255 176 (1031274416)
                              [N12:Z] MOTOR_I 0 44 (44)
                              [N12:Z] [undefined] 61 119 255 176 (1031274416)
2026-03-02 18:21:56:385 [IN ] C8 24 0C 18 25 A5 0C 01 31 03 CF 00 1A 2A E2 25 A5 0C 01 31 05 E6 3D 77 FF B0 8C 6E 50 C8 24 0C 18 25 A5 0C 01 31 03 CF 00 20 30 E8 25 A5 0C 01 31 05 E6 3D 77 FF B0 8C 6E 50 (58)
                              [N12:Z] MOTOR_I 0 26 (26)
                              [N12:Z] [undefined] 61 119 255 176 (1031274416)
                              [N12:Z] MOTOR_I 0 32 (32)
                              [N12:Z] [undefined] 61 119 255 176 (1031274416)
2026-03-02 18:21:56:586 [IN ] C8 24 0C 18 25 A5 0C 01 31 03 CF 00 0E 1E D6 25 A5 0C 01 31 05 E6 3D 77 FF B0 8C 6E 50 C8 24 09 0E 25 A5 09 01 31 06 81 45 FF FF DA DE BD FF 01 C8 24 0C 0E 25 A5 0C 01 31 03 CF 00 1A 2A E2 25 
A5 0C 01 C8 24 0C 0A 01 31 05 E6 3D 77 FF B0 8C 6E E2 (82)
                              [N12:Z] MOTOR_I 0 14 (14)
                              [N12:Z] [undefined] 61 119 255 176 (1031274416)
                              [N9:P] TPOS 'E' 255 255 218 222 (-9506)
                              [N12:Z] MOTOR_I 0 26 (26)
                              [N12:Z] [undefined] 61 119 255 176 (1031274416)
2026-03-02 18:21:56:810 [OUT] 25 A5 01 08 31 02 D8 3F 53 E7 (10)
                              [N8:R] INTERRUPT '?'
2026-03-02 18:21:56:811 [IN ] C8 24 0C 18 25 A5 0C 01 31 03 CF 00 27 37 EF 25 A5 0C 01 31 05 E6 3D 77 FF B0 8C 6E 50 C8 24 0C 18 25 A5 0C 01 31 03 CF 00 39 49 01 25 A5 0C 01 31 05 E6 3D 77 FF B0 8C 6E 50 (58)
                              [N12:Z] MOTOR_I 0 39 (39)
                              [N12:Z] [undefined] 61 119 255 176 (1031274416)
                              [N12:Z] MOTOR_I 0 57 (57)
                              [N12:Z] [undefined] 61 119 255 176 (1031274416)
2026-03-02 18:21:57:112 [IN ] C8 24 0C 18 25 A5 0C 01 31 03 CF 00 1E 2E E6 25 A5 0C 01 31 05 E6 3D 77 FF B0 8C 6E 50 C8 24 0C 18 25 A5 0C 01 31 03 CF 00 1A 2A E2 25 A5 0C 01 31 05 E6 3D 77 FF B0 8C 6E 50 C8 24 08 0C 25 A5 
08 01 31 04 D8 3A 01 01 52 92 A5 C8 24 0C 18 25 A5 0C 01 31 03 CF 00 1F 2F E7 25 A5 0C 01 31 05 E6 3D 77 FF B0 8C 6E 50 (104)
                              [N12:Z] MOTOR_I 0 30 (30)
                              [N12:Z] [undefined] 61 119 255 176 (1031274416)
                              [N12:Z] MOTOR_I 0 26 (26)
                              [N12:Z] [undefined] 61 119 255 176 (1031274416)
                              [N8:R] INTERRUPT ':' 1 1 (257)
                              [N12:Z] MOTOR_I 0 31 (31)
                              [N12:Z] [undefined] 61 119 255 176 (1031274416)
2026-03-02 18:21:57:134 [OUT] 25 A5 01 08 31 03 CA 3D 0B 4F 1B (11)
                              [N8:R] RFLAG '=' 11 (11)
2026-03-02 18:21:57:135 [IN ] C8 24 0C 18 25 A5 0C 01 31 03 CF 00 1D 2D E5 25 A5 0C 01 31 05 E6 3D 77 FF B0 8C 6E 50 (29)
                              [N12:Z] MOTOR_I 0 29 (29)
                              [N12:Z] [undefined] 61 119 255 176 (1031274416)
2026-03-02 18:21:57:241 [IN ] C8 24 0C 18 25 A5 0C 01 31 03 CF 00 18 28 E0 25 A5 0C 01 31 05 E6 3D 77 FF B0 8C 6E 50 (29)
                              [N12:Z] MOTOR_I 0 24 (24)
                              [N12:Z] [undefined] 61 119 255 176 (1031274416)
2026-03-02 18:21:57:304 [IN ] C8 24 08 0B 25 A5 08 01 31 03 CA 3A 0B 4C 1C 25 (16)
                              [N8:R] RFLAG ':' 11 (11)
2026-03-02 18:21:57:325 [OUT] 25 A5 01 08 31 03 88 00 50 15 20 (11)
                              [N8:R] RUN 0 80 (80)
2026-03-02 18:21:57:346 [IN ] C8 24 0C 18 25 A5 0C 01 31 03 CF 00 19 29 E1 25 A5 0C 01 31 05 E6 3D 77 FF B0 8C 6E 50 (29)
                              [N12:Z] MOTOR_I 0 25 (25)
                              [N12:Z] [undefined] 61 119 255 176 (1031274416)
2026-03-02 18:21:57:430 [IN ] C8 24 0C 18 25 A5 0C 01 31 03 CF 00 24 34 EC 25 A5 0C 01 31 05 E6 3D 77 FF B0 8C 6E 50 (29)
                              [N12:Z] MOTOR_I 0 36 (36)
                              [N12:Z] [undefined] 61 119 255 176 (1031274416)
2026-03-02 18:21:57:494 [IN ] C8 24 08 0C 25 A5 08 01 31 04 88 53 00 50 69 EA A5 (17)
                              [N8:R] RUN 'S' 0 80 (80)
2026-03-02 18:21:57:695 [IN ] C8 24 0C 18 25 A5 0C 01 31 03 CF 00 17 27 DF 25 A5 0C 01 31 05 E6 3D 77 FF B0 8C 6E 50 C8 24 0C 0E 25 A5 0C 01 31 03 CF 00 22 32 EA 25 A5 0C 01 C8 24 0C 0A 01 31 05 E6 3D 77 FF B0 8C 6E EA (63)
                              [N12:Z] MOTOR_I 0 23 (23)
                              [N12:Z] [undefined] 61 119 255 176 (1031274416)
                              [N12:Z] MOTOR_I 0 34 (34)
                              [N12:Z] [undefined] 61 119 255 176 (1031274416)
2026-03-02 18:21:57:898 [IN ] C8 24 08 0B 25 A5 08 01 31 03 81 5A 52 6A C8 25 C8 24 0C 15 25 A5 0C 01 31 03 CF 00 13 23 DB 25 A5 0C 01 31 05 E6 3D 77 FF B0 C8 24 08 0A 25 A5 08 01 31 02 81 49 06 4A DB C8 24 0C 1B B0 8C 6E 
25 A5 0C 01 31 03 CF 00 22 32 EA 25 A5 0C 01 31 05 E6 3D 77 FF B0 8C 6E 01 (89)
                              [N8:R] TPOS 'Z' 82 (82)
                              [N12:Z] MOTOR_I 0 19 (19)
                              [N8:R] TPOS 'I'
                              [N12:Z] [undefined] 61 119 255 176 (1031274416)
                              [N12:Z] MOTOR_I 0 34 (34)
                              [N12:Z] [undefined] 61 119 255 176 (1031274416)
2026-03-02 18:21:58:100 [IN ] C8 24 0C 18 25 A5 0C 01 31 03 CF 00 19 29 E1 25 A5 0C 01 31 05 E6 3D 77 FF B0 8C 6E B0 C8 24 0C 18 25 A5 0C 01 31 03 CF 00 1E 2E E6 25 A5 0C 01 31 05 E6 3D 77 FF B0 8C 6E B0 (58)
                              [N12:Z] MOTOR_I 0 25 (25)
                              [N12:Z] [undefined] 61 119 255 176 (1031274416)
                              [N12:Z] MOTOR_I 0 30 (30)
                              [N12:Z] [undefined] 61 119 255 176 (1031274416)
2026-03-02 18:21:58:121 [OUT] 25 A5 01 08 31 03 CA 3D 09 4D 19 (11)
                              [N8:R] RFLAG '=' 9 (9)
2026-03-02 18:21:58:143 [IN ] C8 24 0C 18 25 A5 0C 01 31 03 CF 00 22 32 EA 25 A5 0C 01 31 05 E6 3D 77 FF B0 8C 6E B0 (29)
                              [N12:Z] MOTOR_I 0 34 (34)
                              [N12:Z] [undefined] 61 119 255 176 (1031274416)
2026-03-02 18:21:58:248 [IN ] C8 24 0C 18 25 A5 0C 01 31 03 CF 00 22 32 EA 25 A5 0C 01 31 05 E6 3D 77 FF B0 8C 6E B0 (29)
                              [N12:Z] MOTOR_I 0 34 (34)
                              [N12:Z] [undefined] 61 119 255 176 (1031274416)
2026-03-02 18:21:58:291 [IN ] C8 24 08 0B 25 A5 08 01 31 03 CA 3A 09 4A 1A 25 (16)
                              [N8:R] RFLAG ':' 9 (9)
2026-03-02 18:21:58:312 [OUT] 25 A5 01 08 31 05 81 FF DC 77 1D 2F DE (13)
                              [N8:R] TPOS 255 220 119 29 (-2328803)
2026-03-02 18:21:58:354 [IN ] C8 24 0C 18 25 A5 0C 01 31 03 CF 00 28 38 F0 25 A5 0C 01 31 05 E6 3D 77 FF B0 8C 6E B0 (29)
                              [N12:Z] MOTOR_I 0 40 (40)
                              [N12:Z] [undefined] 61 119 255 176 (1031274416)
2026-03-02 18:21:58:439 [IN ] C8 24 0C 18 25 A5 0C 01 31 03 CF 00 1F 2F E7 25 A5 0C 01 31 05 E6 3D 77 FF B0 8C 6E B0 (29)
                              [N12:Z] MOTOR_I 0 31 (31)
                              [N12:Z] [undefined] 61 119 255 176 (1031274416)
2026-03-02 18:21:58:502 [IN ] C8 24 08 0E 25 A5 08 01 31 06 81 53 FF FF FF EA FB 91 01 (19)
                              [N8:R] TPOS 'S' 255 255 255 234 (-22)
2026-03-02 18:21:58:704 [IN ] C8 24 0C 18 25 A5 0C 01 31 03 CF 00 0D 1D D5 25 A5 0C 01 31 05 E6 3D 77 FF B0 8C 6E B0 C8 24 0C 18 25 A5 0C 01 31 03 CF 00 1A 2A E2 25 A5 0C 01 31 05 E6 3D 77 FF B0 8C 6E B0 (58)
                              [N12:Z] MOTOR_I 0 13 (13)
                              [N12:Z] [undefined] 61 119 255 176 (1031274416)
                              [N12:Z] MOTOR_I 0 26 (26)
                              [N12:Z] [undefined] 61 119 255 176 (1031274416)
2026-03-02 18:21:58:905 [IN ] C8 24 0C 18 25 A5 0C 01 31 03 CF 00 11 21 D9 25 A5 0C 01 31 05 E6 3D 77 FF B0 8C 6E B0 C8 24 0C 15 25 A5 0C 01 31 03 CF 00 29 39 F1 25 A5 0C 01 31 05 E6 3D 77 FF B0 (55)
                              [N12:Z] MOTOR_I 0 17 (17)
                              [N12:Z] [undefined] 61 119 255 176 (1031274416)
                              [N12:Z] MOTOR_I 0 41 (41)
2026-03-02 18:21:59:106 [IN ] C8 24 0C 1B B0 8C 6E 25 A5 0C 01 31 03 CF 00 0E 1E D6 25 A5 0C 01 31 05 E6 3D 77 FF B0 8C 6E 01 C8 24 0C 18 25 A5 0C 01 31 03 CF 00 14 24 DC 25 A5 0C 01 31 05 E6 3D 77 FF B0 8C 6E B0 (61)
                              [N12:Z] [undefined] 61 119 255 176 (1031274416)
                              [N12:Z] MOTOR_I 0 14 (14)
                              [N12:Z] [undefined] 61 119 255 176 (1031274416)
                              [N12:Z] MOTOR_I 0 20 (20)
                              [N12:Z] [undefined] 61 119 255 176 (1031274416)
2026-03-02 18:21:59:308 [IN ] C8 24 0C 18 25 A5 0C 01 31 03 CF 00 0D 1D D5 25 A5 0C 01 31 05 E6 3D 77 FF B0 8C 6E B0 C8 24 0C 18 25 A5 0C 01 31 03 CF 00 1E 2E E6 25 A5 0C 01 31 05 E6 3D 77 FF B0 8C 6E B0 (58)
                              [N12:Z] MOTOR_I 0 13 (13)
                              [N12:Z] [undefined] 61 119 255 176 (1031274416)
                              [N12:Z] MOTOR_I 0 30 (30)
                              [N12:Z] [undefined] 61 119 255 176 (1031274416)
2026-03-02 18:21:59:510 [IN ] C8 24 0C 18 25 A5 0C 01 31 03 CF 00 22 32 EA 25 A5 0C 01 31 05 E6 3D 77 FF B0 8C 6E B0 C8 24 0C 18 25 A5 0C 01 31 03 CF 00 11 21 D9 25 A5 0C 01 31 05 E6 3D 77 FF B0 8C 6E B0 (58)
                              [N12:Z] MOTOR_I 0 34 (34)
                              [N12:Z] [undefined] 61 119 255 176 (1031274416)
                              [N12:Z] MOTOR_I 0 17 (17)
                              [N12:Z] [undefined] 61 119 255 176 (1031274416)
2026-03-02 18:21:59:711 [IN ] C8 24 0C 18 25 A5 0C 01 31 03 CF 00 19 29 E1 25 A5 0C 01 31 05 E6 3D 77 FF B0 8C 6E B0 C8 24 0C 18 25 A5 0C 01 31 03 CF 00 1D 2D E5 25 A5 0C 01 31 05 E6 3D 77 FF B0 8C 6E B0 (58)
                              [N12:Z] MOTOR_I 0 25 (25)
                              [N12:Z] [undefined] 61 119 255 176 (1031274416)
                              [N12:Z] MOTOR_I 0 29 (29)
                              [N12:Z] [undefined] 61 119 255 176 (1031274416)
2026-03-02 18:21:59:912 [IN ] C8 24 0C 18 25 A5 0C 01 31 03 CF 00 11 21 D9 25 A5 0C 01 31 05 E6 3D 77 FF B0 8C 6E B0 C8 24 0C 18 25 A5 0C 01 31 03 CF 00 26 36 EE 25 A5 0C 01 31 05 E6 3D 77 FF B0 8C 6E B0 (58)
                              [N12:Z] MOTOR_I 0 17 (17)
                              [N12:Z] [undefined] 61 119 255 176 (1031274416)
                              [N12:Z] MOTOR_I 0 38 (38)
                              [N12:Z] [undefined] 61 119 255 176 (1031274416)
2026-03-02 18:22:00:113 [IN ] C8 24 0C 0E 25 A5 0C 01 31 03 CF 00 1F 2F E7 25 A5 0C 01 C8 24 0C 0A 01 31 05 E6 3D 77 FF B0 8C 6E E7 C8 24 0C 15 25 A5 0C 01 31 03 CF 00 1E 2E E6 25 A5 0C 01 31 05 E6 3D 77 FF B0 (60)
                              [N12:Z] MOTOR_I 0 31 (31)
                              [N12:Z] [undefined] 61 119 255 176 (1031274416)
                              [N12:Z] MOTOR_I 0 30 (30)
2026-03-02 18:22:00:316 [IN ] C8 24 0C 1B B0 8C 6E 25 A5 0C 01 31 03 CF 00 1A 2A E2 25 A5 0C 01 31 05 E6 3D 77 FF B0 8C 6E 01 C8 24 0C 18 25 A5 0C 01 31 03 CF 00 11 21 D9 25 A5 0C 01 31 05 E6 3D 77 FF B0 8C 6E B0 (61)
                              [N12:Z] [undefined] 61 119 255 176 (1031274416)
                              [N12:Z] MOTOR_I 0 26 (26)
                              [N12:Z] [undefined] 61 119 255 176 (1031274416)
                              [N12:Z] MOTOR_I 0 17 (17)
                              [N12:Z] [undefined] 61 119 255 176 (1031274416)
2026-03-02 18:22:00:517 [IN ] C8 24 0C 18 25 A5 0C 01 31 03 CF 00 1B 2B E3 25 A5 0C 01 31 05 E6 3D 77 FF B0 8C 6E B0 C8 24 0C 18 25 A5 0C 01 31 03 CF 00 21 31 E9 25 A5 0C 01 31 05 E6 3D 77 FF B0 8C 6E B0 (58)
                              [N12:Z] MOTOR_I 0 27 (27)
                              [N12:Z] [undefined] 61 119 255 176 (1031274416)
                              [N12:Z] MOTOR_I 0 33 (33)
                              [N12:Z] [undefined] 61 119 255 176 (1031274416)
2026-03-02 18:22:00:718 [IN ] C8 24 0C 18 25 A5 0C 01 31 03 CF 00 24 34 EC 25 A5 0C 01 31 05 E6 3D 77 FF B0 8C 6E B0 C8 24 0C 18 25 A5 0C 01 31 03 CF 00 22 32 EA 25 A5 0C 01 31 05 E6 3D 77 FF B0 8C 6E B0 (58)
                              [N12:Z] MOTOR_I 0 36 (36)
                              [N12:Z] [undefined] 61 119 255 176 (1031274416)
                              [N12:Z] MOTOR_I 0 34 (34)
                              [N12:Z] [undefined] 61 119 255 176 (1031274416)
2026-03-02 18:22:00:919 [IN ] C8 24 0C 18 25 A5 0C 01 31 03 CF 00 19 29 E1 25 A5 0C 01 31 05 E6 3D 77 FF B0 8C 6E B0 C8 24 0C 18 25 A5 0C 01 31 03 CF 00 36 46 FE 25 A5 0C 01 31 05 E6 3D 77 FF B0 8C 6E B0 (58)
                              [N12:Z] MOTOR_I 0 25 (25)
                              [N12:Z] [undefined] 61 119 255 176 (1031274416)
                              [N12:Z] MOTOR_I 0 54 (54)
                              [N12:Z] [undefined] 61 119 255 176 (1031274416)
2026-03-02 18:22:01:121 [IN ] C8 24 0C 18 25 A5 0C 01 31 03 CF 00 1B 2B E3 25 A5 0C 01 31 05 E6 3D 77 FF B0 8C 6E B0 C8 24 0C 18 25 A5 0C 01 31 03 CF 00 1B 2B E3 25 A5 0C 01 31 05 E6 3D 77 FF B0 8C 6E B0 (58)
                              [N12:Z] MOTOR_I 0 27 (27)
                              [N12:Z] [undefined] 61 119 255 176 (1031274416)
                              [N12:Z] MOTOR_I 0 27 (27)
                              [N12:Z] [undefined] 61 119 255 176 (1031274416)
2026-03-02 18:22:01:322 [IN ] C8 24 0C 0E 25 A5 0C 01 31 03 CF 00 1A 2A E2 25 A5 0C 01 C8 24 0C 0A 01 31 05 E6 3D 77 FF B0 8C 6E E2 C8 24 0C 18 25 A5 0C 01 31 03 CF 00 28 38 F0 25 A5 0C 01 31 05 E6 3D 77 FF B0 8C 6E B0 (63)
                              [N12:Z] MOTOR_I 0 26 (26)
                              [N12:Z] [undefined] 61 119 255 176 (1031274416)
                              [N12:Z] MOTOR_I 0 40 (40)
                              [N12:Z] [undefined] 61 119 255 176 (1031274416)
2026-03-02 18:22:01:524 [IN ] C8 24 0C 18 25 A5 0C 01 31 03 CF 00 18 28 E0 25 A5 0C 01 31 05 E6 3D 77 FF B0 8C 6E B0 C8 24 0C 18 25 A5 0C 01 31 03 CF 00 23 33 EB 25 A5 0C 01 31 05 E6 3D 77 FF B0 8C 6E B0 (58)
                              [N12:Z] MOTOR_I 0 24 (24)
                              [N12:Z] [undefined] 61 119 255 176 (1031274416)
                              [N12:Z] MOTOR_I 0 35 (35)
                              [N12:Z] [undefined] 61 119 255 176 (1031274416)
2026-03-02 18:22:01:725 [IN ] C8 24 0C 18 25 A5 0C 01 31 03 CF 00 1F 2F E7 25 A5 0C 01 31 05 E6 3D 77 FF B0 8C 6E B0 C8 24 0C 18 25 A5 0C 01 31 03 CF 00 24 34 EC 25 A5 0C 01 31 05 E6 3D 77 FF B0 8C 6E B0 (58)
                              [N12:Z] MOTOR_I 0 31 (31)
                              [N12:Z] [undefined] 61 119 255 176 (1031274416)
                              [N12:Z] MOTOR_I 0 36 (36)
                              [N12:Z] [undefined] 61 119 255 176 (1031274416)
2026-03-02 18:22:01:928 [IN ] C8 24 0C 18 25 A5 0C 01 31 03 CF 00 1F 2F E7 25 A5 0C 01 31 05 E6 3D 77 FF B0 8C 6E B0 C8 24 0C 18 25 A5 0C 01 31 03 CF 00 11 21 D9 25 A5 0C 01 31 05 E6 3D 77 FF B0 8C 6E B0 (58)
                              [N12:Z] MOTOR_I 0 31 (31)
                              [N12:Z] [undefined] 61 119 255 176 (1031274416)
                              [N12:Z] MOTOR_I 0 17 (17)
                              [N12:Z] [undefined] 61 119 255 176 (1031274416)
2026-03-02 18:22:02:130 [IN ] C8 24 0C 18 25 A5 0C 01 31 03 CF 00 14 24 DC 25 A5 0C 01 31 05 E6 3D 77 FF B0 8C 6E B0 C8 24 0C 18 25 A5 0C 01 31 03 CF 00 13 23 DB 25 A5 0C 01 31 05 E6 3D 77 FF B0 8C 6E B0 (58)
                              [N12:Z] MOTOR_I 0 20 (20)
                              [N12:Z] [undefined] 61 119 255 176 (1031274416)
                              [N12:Z] MOTOR_I 0 19 (19)
                              [N12:Z] [undefined] 61 119 255 176 (1031274416)
2026-03-02 18:22:02:331 [IN ] C8 24 0C 18 25 A5 0C 01 31 03 CF 00 22 32 EA 25 A5 0C 01 31 05 E6 3D 77 FF B0 8C 6E B0 C8 24 0C 0E 25 A5 0C 01 31 03 CF 00 26 36 EE 25 A5 0C 01 C8 24 0C 0A 01 31 05 E6 3D 77 FF B0 8C 6E EE (63)
                              [N12:Z] MOTOR_I 0 34 (34)
                              [N12:Z] [undefined] 61 119 255 176 (1031274416)
                              [N12:Z] MOTOR_I 0 38 (38)
                              [N12:Z] [undefined] 61 119 255 176 (1031274416)
2026-03-02 18:22:02:532 [IN ] C8 24 0C 15 25 A5 0C 01 31 03 CF 00 29 39 F1 25 A5 0C 01 31 05 E6 3D 77 FF B0 C8 24 0C 1B B0 8C 6E 25 A5 0C 01 31 03 CF 00 28 38 F0 25 A5 0C 01 31 05 E6 3D 77 FF B0 8C 6E 01 (58)
                              [N12:Z] MOTOR_I 0 41 (41)
                              [N12:Z] [undefined] 61 119 255 176 (1031274416)
                              [N12:Z] MOTOR_I 0 40 (40)
                              [N12:Z] [undefined] 61 119 255 176 (1031274416)
2026-03-02 18:22:02:733 [IN ] C8 24 0C 18 25 A5 0C 01 31 03 CF 00 1D 2D E5 25 A5 0C 01 31 05 E6 3D 77 FF B0 8C 6E B0 C8 24 0C 18 25 A5 0C 01 31 03 CF 00 20 30 E8 25 A5 0C 01 31 05 E6 3D 77 FF B0 8C 6E B0 (58)
                              [N12:Z] MOTOR_I 0 29 (29)
                              [N12:Z] [undefined] 61 119 255 176 (1031274416)
                              [N12:Z] MOTOR_I 0 32 (32)
                              [N12:Z] [undefined] 61 119 255 176 (1031274416)
2026-03-02 18:22:02:935 [IN ] C8 24 0C 18 25 A5 0C 01 31 03 CF 00 1F 2F E7 25 A5 0C 01 31 05 E6 3D 77 FF B0 8C 6E B0 C8 24 0C 18 25 A5 0C 01 31 03 CF 00 3A 4A 02 25 A5 0C 01 31 05 E6 3D 77 FF B0 8C 6E B0 (58)
                              [N12:Z] MOTOR_I 0 31 (31)
                              [N12:Z] [undefined] 61 119 255 176 (1031274416)
                              [N12:Z] MOTOR_I 0 58 (58)
                              [N12:Z] [undefined] 61 119 255 176 (1031274416)
2026-03-02 18:22:03:136 [IN ] C8 24 0C 18 25 A5 0C 01 31 03 CF 00 1B 2B E3 25 A5 0C 01 31 05 E6 3D 77 FF B0 8C 6E B0 C8 24 0C 18 25 A5 0C 01 31 03 CF 00 26 36 EE 25 A5 0C 01 31 05 E6 3D 77 FF B0 8C 6E B0 (58)
                              [N12:Z] MOTOR_I 0 27 (27)
                              [N12:Z] [undefined] 61 119 255 176 (1031274416)
                              [N12:Z] MOTOR_I 0 38 (38)
                              [N12:Z] [undefined] 61 119 255 176 (1031274416)
2026-03-02 18:22:03:337 [IN ] C8 24 0C 18 25 A5 0C 01 31 03 CF 00 19 29 E1 25 A5 0C 01 31 05 E6 3D 77 FF B0 8C 6E B0 C8 24 0C 18 25 A5 0C 01 31 03 CF 00 17 27 DF 25 A5 0C 01 31 05 E6 3D 77 FF B0 8C 6E B0 (58)
                              [N12:Z] MOTOR_I 0 25 (25)
                              [N12:Z] [undefined] 61 119 255 176 (1031274416)
                              [N12:Z] MOTOR_I 0 23 (23)
                              [N12:Z] [undefined] 61 119 255 176 (1031274416)
2026-03-02 18:22:03:538 [IN ] C8 24 0C 18 25 A5 0C 01 31 03 CF 00 11 21 D9 25 A5 0C 01 31 05 E6 3D 77 FF B0 8C 6E B0 C8 24 0C 0E 25 A5 0C 01 31 03 CF 00 2F 3F F7 25 A5 0C 01 C8 24 0C 0A 01 31 05 E6 3D 77 FF B0 8C 6E F7 (63)
                              [N12:Z] MOTOR_I 0 17 (17)
                              [N12:Z] [undefined] 61 119 255 176 (1031274416)
                              [N12:Z] MOTOR_I 0 47 (47)
                              [N12:Z] [undefined] 61 119 255 176 (1031274416)
2026-03-02 18:22:03:741 [IN ] C8 24 0C 18 25 A5 0C 01 31 03 CF 00 27 37 EF 25 A5 0C 01 31 05 E6 3D 77 FF B0 8C 6E B0 C8 24 05 0B 25 A5 05 01 31 03 81 5A 4C 61 AD 25 C8 24 05 0A 25 A5 05 01 31 02 81 49 03 38 AD C8 24 0C 18 
25 A5 0C 01 31 03 CF 00 0F 1F D7 25 A5 0C 01 31 05 E6 3D 77 FF B0 8C 6E B0 (89)
                              [N12:Z] MOTOR_I 0 39 (39)
                              [N12:Z] [undefined] 61 119 255 176 (1031274416)
                              [N5:V] TPOS 'Z' 76 (76)
                              [N5:V] TPOS 'I'
                              [N12:Z] MOTOR_I 0 15 (15)
                              [N12:Z] [undefined] 61 119 255 176 (1031274416)
2026-03-02 18:22:03:945 [IN ] C8 24 0C 18 25 A5 0C 01 31 03 CF 00 18 28 E0 25 A5 0C 01 31 05 E6 3D 77 FF B0 8C 6E B0 C8 24 0C 18 25 A5 0C 01 31 03 CF 00 25 35 ED 25 A5 0C 01 31 05 E6 3D 77 FF B0 8C 6E B0 (58)
                              [N12:Z] MOTOR_I 0 24 (24)
                              [N12:Z] [undefined] 61 119 255 176 (1031274416)
                              [N12:Z] MOTOR_I 0 37 (37)
                              [N12:Z] [undefined] 61 119 255 176 (1031274416)
2026-03-02 18:22:03:966 [OUT] 25 A5 01 05 31 03 C9 3D 09 49 04 (11)
                              [N5:V] LFLAG '=' 9 (9)
2026-03-02 18:22:03:988 [IN ] C8 24 0C 18 25 A5 0C 01 31 03 CF 00 2C 3C F4 25 A5 0C 01 31 05 E6 3D 77 FF B0 8C 6E B0 (29)
                              [N12:Z] MOTOR_I 0 44 (44)
                              [N12:Z] [undefined] 61 119 255 176 (1031274416)
2026-03-02 18:22:04:093 [IN ] C8 24 0C 18 25 A5 0C 01 31 03 CF 00 12 22 DA 25 A5 0C 01 31 05 E6 3D 77 FF B0 8C 6E B0 (29)
                              [N12:Z] MOTOR_I 0 18 (18)
                              [N12:Z] [undefined] 61 119 255 176 (1031274416)
2026-03-02 18:22:04:135 [IN ] C8 24 05 0B 25 A5 05 01 31 03 C9 3A 09 46 02 25 (16)
                              [N5:V] LFLAG ':' 9 (9)
2026-03-02 18:22:04:157 [OUT] 25 A5 01 05 31 03 84 00 50 0E 02 (11)
                              [N5:V] VEL 0 80 (80)
2026-03-02 18:22:04:200 [IN ] C8 24 0C 18 25 A5 0C 01 31 03 CF 00 15 25 DD 25 A5 0C 01 31 05 E6 3D 77 FF B0 8C 6E B0 (29)
                              [N12:Z] MOTOR_I 0 21 (21)
                              [N12:Z] [undefined] 61 119 255 176 (1031274416)
2026-03-02 18:22:04:304 [IN ] C8 24 0C 18 25 A5 0C 01 31 03 CF 00 17 27 DF 25 A5 0C 01 31 05 E6 3D 77 FF B0 8C 6E B0 (29)
                              [N12:Z] MOTOR_I 0 23 (23)
                              [N12:Z] [undefined] 61 119 255 176 (1031274416)
2026-03-02 18:22:04:325 [IN ] C8 24 05 0C 25 A5 05 01 31 04 84 53 00 50 62 C2 A5 (17)
                              [N5:V] VEL 'S' 0 80 (80)
2026-03-02 18:22:04:346 [OUT] 25 A5 01 05 31 05 81 00 19 82 3C 94 B6 (13)
                              [N5:V] TPOS 0 25 130 60 (1671740)
2026-03-02 18:22:04:408 [IN ] C8 24 0C 18 25 A5 0C 01 31 03 CF 00 17 27 DF 25 A5 0C 01 31 05 E6 3D 77 FF B0 8C 6E B0 (29)
                              [N12:Z] MOTOR_I 0 23 (23)
                              [N12:Z] [undefined] 61 119 255 176 (1031274416)
2026-03-02 18:22:04:492 [IN ] C8 24 0C 18 25 A5 0C 01 31 03 CF 00 26 36 EE 25 A5 0C 01 31 05 E6 3D 77 FF B0 8C 6E B0 (29)
                              [N12:Z] MOTOR_I 0 38 (38)
                              [N12:Z] [undefined] 61 119 255 176 (1031274416)
2026-03-02 18:22:04:534 [IN ] C8 24 05 0E 25 A5 05 01 31 06 81 53 00 00 00 00 11 92 01 (19)
                              [N5:V] TPOS 'S' 0 0 0 0 (0)
2026-03-02 18:22:04:735 [IN ] C8 24 0C 18 25 A5 0C 01 31 03 CF 00 18 28 E0 25 A5 0C 01 31 05 E6 3D 77 FF B0 8C 6E B0 C8 24 0C 15 25 A5 0C 01 31 03 CF 00 2B 3B F3 25 A5 0C 01 31 05 E6 3D 77 FF B0 (55)
                              [N12:Z] MOTOR_I 0 24 (24)
                              [N12:Z] [undefined] 61 119 255 176 (1031274416)
                              [N12:Z] MOTOR_I 0 43 (43)
2026-03-02 18:22:04:937 [IN ] C8 24 0C 1B B0 8C 6E 25 A5 0C 01 31 03 CF 00 0F 1F D7 25 A5 0C 01 31 05 E6 3D 77 FF B0 8C 6E 01 C8 24 0C 18 25 A5 0C 01 31 03 CF 00 1C 2C E4 25 A5 0C 01 31 05 E6 3D 77 FF B0 8C 6E B0 (61)
                              [N12:Z] [undefined] 61 119 255 176 (1031274416)
                              [N12:Z] MOTOR_I 0 15 (15)
                              [N12:Z] [undefined] 61 119 255 176 (1031274416)
                              [N12:Z] MOTOR_I 0 28 (28)
                              [N12:Z] [undefined] 61 119 255 176 (1031274416)
2026-03-02 18:22:05:138 [IN ] C8 24 0C 18 25 A5 0C 01 31 03 CF 00 27 37 EF 25 A5 0C 01 31 05 E6 3D 77 FF B0 8C 6E B0 C8 24 0C 18 25 A5 0C 01 31 03 CF 00 26 36 EE 25 A5 0C 01 31 05 E6 3D 77 FF B0 8C 6E B0 (58)
                              [N12:Z] MOTOR_I 0 39 (39)
                              [N12:Z] [undefined] 61 119 255 176 (1031274416)
                              [N12:Z] MOTOR_I 0 38 (38)
                              [N12:Z] [undefined] 61 119 255 176 (1031274416)
2026-03-02 18:22:05:339 [IN ] C8 24 0C 18 25 A5 0C 01 31 03 CF 00 21 31 E9 25 A5 0C 01 31 05 E6 3D 77 FF B0 8C 6E B0 C8 24 0C 18 25 A5 0C 01 31 03 CF 00 10 20 D8 25 A5 0C 01 31 05 E6 3D 77 FF B0 8C 6E B0 (58)
                              [N12:Z] MOTOR_I 0 33 (33)
                              [N12:Z] [undefined] 61 119 255 176 (1031274416)
                              [N12:Z] MOTOR_I 0 16 (16)
                              [N12:Z] [undefined] 61 119 255 176 (1031274416)
2026-03-02 18:22:05:540 [IN ] C8 24 0C 18 25 A5 0C 01 31 03 CF 00 0D 1D D5 25 A5 0C 01 31 05 E6 3D 77 FF B0 8C 6E B0 C8 24 0C 18 25 A5 0C 01 31 03 CF 00 28 38 F0 25 A5 0C 01 31 05 E6 3D 77 FF B0 8C 6E B0 (58)
                              [N12:Z] MOTOR_I 0 13 (13)
                              [N12:Z] [undefined] 61 119 255 176 (1031274416)
                              [N12:Z] MOTOR_I 0 40 (40)
                              [N12:Z] [undefined] 61 119 255 176 (1031274416)
2026-03-02 18:22:05:742 [IN ] C8 24 0C 18 25 A5 0C 01 31 03 CF 00 13 23 DB 25 A5 0C 01 31 05 E6 3D 77 FF B0 8C 6E B0 C8 24 0C 18 25 A5 0C 01 31 03 CF 00 17 27 DF 25 A5 0C 01 31 05 E6 3D 77 FF B0 8C 6E B0 (58)
                              [N12:Z] MOTOR_I 0 19 (19)
                              [N12:Z] [undefined] 61 119 255 176 (1031274416)
                              [N12:Z] MOTOR_I 0 23 (23)
                              [N12:Z] [undefined] 61 119 255 176 (1031274416)
2026-03-02 18:22:05:944 [IN ] C8 24 0C 0E 25 A5 0C 01 31 03 CF 00 20 30 E8 25 A5 0C 01 C8 24 0C 0A 01 31 05 E6 3D 77 FF B0 8C 6E E8 C8 24 0C 18 25 A5 0C 01 31 03 CF 00 1B 2B E3 25 A5 0C 01 31 05 E6 3D 77 FF B0 8C 6E B0 (63)
                              [N12:Z] MOTOR_I 0 32 (32)
                              [N12:Z] [undefined] 61 119 255 176 (1031274416)
                              [N12:Z] MOTOR_I 0 27 (27)
                              [N12:Z] [undefined] 61 119 255 176 (1031274416)
2026-03-02 18:22:06:146 [IN ] C8 24 0C 18 25 A5 0C 01 31 03 CF 00 27 37 EF 25 A5 0C 01 31 05 E6 3D 77 FF B0 8C 6E B0 C8 24 0C 18 25 A5 0C 01 31 03 CF 00 2A 3A F2 25 A5 0C 01 31 05 E6 3D 77 FF B0 8C 6E B0 (58)
                              [N12:Z] MOTOR_I 0 39 (39)
                              [N12:Z] [undefined] 61 119 255 176 (1031274416)
                              [N12:Z] MOTOR_I 0 42 (42)
                              [N12:Z] [undefined] 61 119 255 176 (1031274416)
2026-03-02 18:22:06:347 [IN ] C8 24 0C 18 25 A5 0C 01 31 03 CF 00 14 24 DC 25 A5 0C 01 31 05 E6 3D 77 FF B0 8C 6E B0 C8 24 0C 18 25 A5 0C 01 31 03 CF 00 1D 2D E5 25 A5 0C 01 31 05 E6 3D 77 FF B0 8C 6E B0 (58)
                              [N12:Z] MOTOR_I 0 20 (20)
                              [N12:Z] [undefined] 61 119 255 176 (1031274416)
                              [N12:Z] MOTOR_I 0 29 (29)
                              [N12:Z] [undefined] 61 119 255 176 (1031274416)
2026-03-02 18:22:06:548 [IN ] C8 24 0C 18 25 A5 0C 01 31 03 CF 00 1E 2E E6 25 A5 0C 01 31 05 E6 3D 77 FF B0 8C 6E B0 C8 24 0C 18 25 A5 0C 01 31 03 CF 00 1F 2F E7 25 A5 0C 01 31 05 E6 3D 77 FF B0 8C 6E B0 (58)
                              [N12:Z] MOTOR_I 0 30 (30)
                              [N12:Z] [undefined] 61 119 255 176 (1031274416)
                              [N12:Z] MOTOR_I 0 31 (31)
                              [N12:Z] [undefined] 61 119 255 176 (1031274416)
2026-03-02 18:22:06:750 [IN ] C8 24 0C 18 25 A5 0C 01 31 03 CF 00 15 25 DD 25 A5 0C 01 31 05 E6 3D 77 FF B0 8C 6E B0 C8 24 0C 18 25 A5 0C 01 31 03 CF 00 28 38 F0 25 A5 0C 01 31 05 E6 3D 77 FF B0 8C 6E B0 (58)
                              [N12:Z] MOTOR_I 0 21 (21)
                              [N12:Z] [undefined] 61 119 255 176 (1031274416)
                              [N12:Z] MOTOR_I 0 40 (40)
                              [N12:Z] [undefined] 61 119 255 176 (1031274416)
2026-03-02 18:22:06:953 [IN ] C8 24 0C 18 25 A5 0C 01 31 03 CF 00 15 25 DD 25 A5 0C 01 31 05 E6 3D 77 FF B0 8C 6E B0 C8 24 0C 18 25 A5 0C 01 31 03 CF 00 26 36 EE 25 A5 0C 01 31 05 E6 3D 77 FF B0 8C 6E B0 (58)
                              [N12:Z] MOTOR_I 0 21 (21)
                              [N12:Z] [undefined] 61 119 255 176 (1031274416)
                              [N12:Z] MOTOR_I 0 38 (38)
                              [N12:Z] [undefined] 61 119 255 176 (1031274416)
2026-03-02 18:22:07:154 [IN ] C8 24 0C 15 25 A5 0C 01 31 03 CF 00 1B 2B E3 25 A5 0C 01 31 05 E6 3D 77 FF B0 C8 24 0C 1B B0 8C 6E 25 A5 0C 01 31 03 CF 00 2D 3D F5 25 A5 0C 01 31 05 E6 3D 77 FF B0 8C 6E 01 (58)
                              [N12:Z] MOTOR_I 0 27 (27)
                              [N12:Z] [undefined] 61 119 255 176 (1031274416)
                              [N12:Z] MOTOR_I 0 45 (45)
                              [N12:Z] [undefined] 61 119 255 176 (1031274416)
2026-03-02 18:22:07:355 [IN ] C8 24 0C 18 25 A5 0C 01 31 03 CF 00 23 33 EB 25 A5 0C 01 31 05 E6 3D 77 FF B0 8C 6E B0 C8 24 0C 18 25 A5 0C 01 31 03 CF 00 20 30 E8 25 A5 0C 01 31 05 E6 3D 77 FF B0 8C 6E B0 (58)
                              [N12:Z] MOTOR_I 0 35 (35)
                              [N12:Z] [undefined] 61 119 255 176 (1031274416)
                              [N12:Z] MOTOR_I 0 32 (32)
                              [N12:Z] [undefined] 61 119 255 176 (1031274416)
2026-03-02 18:22:07:557 [IN ] C8 24 0C 18 25 A5 0C 01 31 03 CF 00 0E 1E D6 25 A5 0C 01 31 05 E6 3D 77 FF B0 8C 6E B0 C8 24 0C 18 25 A5 0C 01 31 03 CF 00 2A 3A F2 25 A5 0C 01 31 05 E6 3D 77 FF B0 8C 6E B0 (58)
                              [N12:Z] MOTOR_I 0 14 (14)
                              [N12:Z] [undefined] 61 119 255 176 (1031274416)
                              [N12:Z] MOTOR_I 0 42 (42)
                              [N12:Z] [undefined] 61 119 255 176 (1031274416)
2026-03-02 18:22:07:758 [IN ] C8 24 0C 18 25 A5 0C 01 31 03 CF 00 1C 2C E4 25 A5 0C 01 31 05 E6 3D 77 FF B0 8C 6E B0 C8 24 0C 18 25 A5 0C 01 31 03 CF 00 1C 2C E4 25 A5 0C 01 31 05 E6 3D 77 FF B0 8C 6E B0 (58)
                              [N12:Z] MOTOR_I 0 28 (28)
                              [N12:Z] [undefined] 61 119 255 176 (1031274416)
                              [N12:Z] MOTOR_I 0 28 (28)
                              [N12:Z] [undefined] 61 119 255 176 (1031274416)
2026-03-02 18:22:07:959 [IN ] C8 24 0C 18 25 A5 0C 01 31 03 CF 00 18 28 E0 25 A5 0C 01 31 05 E6 3D 77 FF B0 8C 6E B0 C8 24 0C 18 25 A5 0C 01 31 03 CF 00 21 31 E9 25 A5 0C 01 31 05 E6 3D 77 FF B0 8C 6E B0 (58)
                              [N12:Z] MOTOR_I 0 24 (24)
                              [N12:Z] [undefined] 61 119 255 176 (1031274416)
                              [N12:Z] MOTOR_I 0 33 (33)
                              [N12:Z] [undefined] 61 119 255 176 (1031274416)
2026-03-02 18:22:08:160 [IN ] C8 24 0C 18 25 A5 0C 01 31 03 CF 00 24 34 EC 25 A5 0C 01 31 05 E6 3D 77 FF B0 8C 6E B0 C8 24 0C 0E 25 A5 0C 01 31 03 CF 00 28 38 F0 25 A5 0C 01 C8 24 0C 0A 01 31 05 E6 3D 77 FF B0 8C 6E F0 (63)
                              [N12:Z] MOTOR_I 0 36 (36)
                              [N12:Z] [undefined] 61 119 255 176 (1031274416)
                              [N12:Z] MOTOR_I 0 40 (40)
                              [N12:Z] [undefined] 61 119 255 176 (1031274416)
2026-03-02 18:22:08:362 [IN ] C8 24 0C 18 25 A5 0C 01 31 03 CF 00 24 34 EC 25 A5 0C 01 31 05 E6 3D 77 FF B0 8C 6E B0 C8 24 0C 18 25 A5 0C 01 31 03 CF 00 1B 2B E3 25 A5 0C 01 31 05 E6 3D 77 FF B0 8C 6E B0 (58)
                              [N12:Z] MOTOR_I 0 36 (36)
                              [N12:Z] [undefined] 61 119 255 176 (1031274416)
                              [N12:Z] MOTOR_I 0 27 (27)
                              [N12:Z] [undefined] 61 119 255 176 (1031274416)
2026-03-02 18:22:08:563 [IN ] C8 24 0C 18 25 A5 0C 01 31 03 CF 00 14 24 DC 25 A5 0C 01 31 05 E6 3D 77 FF B0 8C 6E B0 C8 24 0C 18 25 A5 0C 01 31 03 CF 00 26 36 EE 25 A5 0C 01 31 05 E6 3D 77 FF B0 8C 6E B0 (58)
                              [N12:Z] MOTOR_I 0 20 (20)
                              [N12:Z] [undefined] 61 119 255 176 (1031274416)
                              [N12:Z] MOTOR_I 0 38 (38)
                              [N12:Z] [undefined] 61 119 255 176 (1031274416)
2026-03-02 18:22:08:765 [IN ] C8 24 0C 18 25 A5 0C 01 31 03 CF 00 25 35 ED 25 A5 0C 01 31 05 E6 3D 77 FF B0 8C 6E B0 C8 24 0C 18 25 A5 0C 01 31 03 CF 00 28 38 F0 25 A5 0C 01 31 05 E6 3D 77 FF B0 8C 6E B0 (58)
                              [N12:Z] MOTOR_I 0 37 (37)
                              [N12:Z] [undefined] 61 119 255 176 (1031274416)
                              [N12:Z] MOTOR_I 0 40 (40)
                              [N12:Z] [undefined] 61 119 255 176 (1031274416)
2026-03-02 18:22:08:967 [IN ] C8 24 0C 18 25 A5 0C 01 31 03 CF 00 13 23 DB 25 A5 0C 01 31 05 E6 3D 77 FF B0 8C 6E B0 C8 24 0C 18 25 A5 0C 01 31 03 CF 00 16 26 DE 25 A5 0C 01 31 05 E6 3D 77 FF B0 8C 6E B0 (58)
                              [N12:Z] MOTOR_I 0 19 (19)
                              [N12:Z] [undefined] 61 119 255 176 (1031274416)
                              [N12:Z] MOTOR_I 0 22 (22)
                              [N12:Z] [undefined] 61 119 255 176 (1031274416)
2026-03-02 18:22:09:170 [IN ] C8 24 0C 18 25 A5 0C 01 31 03 CF 00 16 26 DE 25 A5 0C 01 31 05 E6 3D 77 FF B0 8C 6E B0 C8 24 0C 18 25 A5 0C 01 31 03 CF 00 18 28 E0 25 A5 0C 01 31 05 E6 3D 77 FF B0 8C 6E B0 (58)
                              [N12:Z] MOTOR_I 0 22 (22)
                              [N12:Z] [undefined] 61 119 255 176 (1031274416)
                              [N12:Z] MOTOR_I 0 24 (24)
                              [N12:Z] [undefined] 61 119 255 176 (1031274416)
2026-03-02 18:22:09:372 [IN ] C8 24 0C 18 25 A5 0C 01 31 03 CF 00 2D 3D F5 25 A5 0C 01 31 05 E6 3D 77 FF B0 8C 6E B0 C8 24 0C 15 25 A5 0C 01 31 03 CF 00 15 25 DD 25 A5 0C 01 31 05 E6 3D 77 FF B0 (55)
                              [N12:Z] MOTOR_I 0 45 (45)
                              [N12:Z] [undefined] 61 119 255 176 (1031274416)
                              [N12:Z] MOTOR_I 0 21 (21)
2026-03-02 18:22:09:574 [IN ] C8 24 0C 1B B0 8C 6E 25 A5 0C 01 31 03 CF 00 14 24 DC 25 A5 0C 01 31 05 E6 3D 77 FF B0 8C 6E 01 C8 24 0C 18 25 A5 0C 01 31 03 CF 00 16 26 DE 25 A5 0C 01 31 05 E6 3D 77 FF B0 8C 6E B0 (61)
                              [N12:Z] [undefined] 61 119 255 176 (1031274416)
                              [N12:Z] MOTOR_I 0 20 (20)
                              [N12:Z] [undefined] 61 119 255 176 (1031274416)
                              [N12:Z] MOTOR_I 0 22 (22)
                              [N12:Z] [undefined] 61 119 255 176 (1031274416)
2026-03-02 18:22:09:775 [IN ] C8 24 0C 18 25 A5 0C 01 31 03 CF 00 21 31 E9 25 A5 0C 01 31 05 E6 3D 77 FF B0 8C 6E B0 C8 24 0C 18 25 A5 0C 01 31 03 CF 00 28 38 F0 25 A5 0C 01 31 05 E6 3D 77 FF B0 8C 6E B0 (58)
                              [N12:Z] MOTOR_I 0 33 (33)
                              [N12:Z] [undefined] 61 119 255 176 (1031274416)
                              [N12:Z] MOTOR_I 0 40 (40)
                              [N12:Z] [undefined] 61 119 255 176 (1031274416)
2026-03-02 18:22:09:978 [IN ] C8 24 0C 18 25 A5 0C 01 31 03 CF 00 19 29 E1 25 A5 0C 01 31 05 E6 3D 77 FF B0 8C 6E B0 C8 24 0C 18 25 A5 0C 01 31 03 CF 00 14 24 DC 25 A5 0C 01 31 05 E6 3D 77 FF B0 8C 6E B0 (58)
                              [N12:Z] MOTOR_I 0 25 (25)
                              [N12:Z] [undefined] 61 119 255 176 (1031274416)
                              [N12:Z] MOTOR_I 0 20 (20)
                              [N12:Z] [undefined] 61 119 255 176 (1031274416)
2026-03-02 18:22:10:179 [IN ] C8 24 0C 18 25 A5 0C 01 31 03 CF 00 1E 2E E6 25 A5 0C 01 31 05 E6 3D 77 FF B0 8C 6E B0 C8 24 07 0E 25 A5 07 01 31 06 81 45 FF AB 14 CF 92 54 01 C8 24 0C 18 25 A5 0C 01 31 03 CF 00 1A 2A E2 25 
A5 0C 01 31 05 E6 3D 77 FF B0 8C 6E B0 (77)
                              [N12:Z] MOTOR_I 0 30 (30)
                              [N12:Z] [undefined] 61 119 255 176 (1031274416)
                              [N7:N] TPOS 'E' 255 171 20 207 (-5565233)
                              [N12:Z] MOTOR_I 0 26 (26)
                              [N12:Z] [undefined] 61 119 255 176 (1031274416)
2026-03-02 18:22:10:381 [IN ] C8 24 0C 18 25 A5 0C 01 31 03 CF 00 13 23 DB 25 A5 0C 01 31 05 E6 3D 77 FF B0 8C 6E B0 C8 24 0C 18 25 A5 0C 01 31 03 CF 00 1B 2B E3 25 A5 0C 01 31 05 E6 3D 77 FF B0 8C 6E B0 (58)
                              [N12:Z] MOTOR_I 0 19 (19)
                              [N12:Z] [undefined] 61 119 255 176 (1031274416)
                              [N12:Z] MOTOR_I 0 27 (27)
                              [N12:Z] [undefined] 61 119 255 176 (1031274416)
2026-03-02 18:22:10:582 [IN ] C8 24 0C 0E 25 A5 0C 01 31 03 CF 00 29 39 F1 25 A5 0C 01 C8 24 0C 0A 01 31 05 E6 3D 77 FF B0 8C 6E F1 C8 24 0C 18 25 A5 0C 01 31 03 CF 00 0D 1D D5 25 A5 0C 01 31 05 E6 3D 77 FF B0 8C 6E B0 (63)
                              [N12:Z] MOTOR_I 0 41 (41)
                              [N12:Z] [undefined] 61 119 255 176 (1031274416)
                              [N12:Z] MOTOR_I 0 13 (13)
                              [N12:Z] [undefined] 61 119 255 176 (1031274416)
2026-03-02 18:22:10:604 [OUT] 25 A5 01 07 31 05 81 FF F3 35 BF A5 39 (13)
                              [N7:N] TPOS 255 243 53 191 (-838209)
2026-03-02 18:22:10:647 [IN ] C8 24 0C 18 25 A5 0C 01 31 03 CF 00 20 30 E8 25 A5 0C 01 31 05 E6 3D 77 FF B0 8C 6E B0 (29)
                              [N12:Z] MOTOR_I 0 32 (32)
                              [N12:Z] [undefined] 61 119 255 176 (1031274416)
2026-03-02 18:22:10:730 [IN ] C8 24 0C 18 25 A5 (6)
2026-03-02 18:22:10:751 [IN ] 0C 01 31 03 CF 00 1E 2E E6 25 A5 0C 01 31 05 E6 3D 77 FF B0 8C 6E B0 (23)
                              [N12:Z] MOTOR_I 0 30 (30)
                              [N12:Z] [undefined] 61 119 255 176 (1031274416)
2026-03-02 18:22:10:793 [IN ] C8 24 07 0E 25 A5 07 01 31 06 81 53 FF AB 14 (15)
2026-03-02 18:22:10:814 [IN ] D0 A1 9B 01 (4)
                              [N7:N] TPOS 'S' 255 171 20 208 (-5565232)
2026-03-02 18:22:11:015 [IN ] C8 24 0C 18 25 A5 0C 01 31 03 CF 00 16 26 DE 25 A5 0C 01 31 05 E6 3D 77 FF B0 8C 6E B0 C8 24 0C 18 25 A5 0C 01 31 03 CF 00 26 36 EE 25 A5 0C 01 31 05 E6 3D 77 FF B0 8C 6E B0 (58)
                              [N12:Z] MOTOR_I 0 22 (22)
                              [N12:Z] [undefined] 61 119 255 176 (1031274416)
                              [N12:Z] MOTOR_I 0 38 (38)
                              [N12:Z] [undefined] 61 119 255 176 (1031274416)
2026-03-02 18:22:11:216 [IN ] C8 24 0C 18 25 A5 0C 01 31 03 CF 00 2F 3F F7 25 A5 0C 01 31 05 E6 3D 77 FF B0 8C 6E B0 C8 24 0C 18 25 A5 0C 01 31 03 CF 00 1C 2C E4 25 A5 0C 01 31 05 E6 3D 77 FF B0 8C 6E B0 (58)
                              [N12:Z] MOTOR_I 0 47 (47)
                              [N12:Z] [undefined] 61 119 255 176 (1031274416)
                              [N12:Z] MOTOR_I 0 28 (28)
                              [N12:Z] [undefined] 61 119 255 176 (1031274416)
2026-03-02 18:22:11:419 [IN ] C8 24 0C 18 25 A5 0C 01 31 03 CF 00 1E 2E E6 25 A5 0C 01 31 05 E6 3D 77 FF B0 8C 6E B0 C8 24 0C 18 25 A5 0C 01 31 03 CF 00 1F 2F E7 25 A5 0C 01 31 05 E6 3D 77 FF B0 8C 6E B0 (58)
                              [N12:Z] MOTOR_I 0 30 (30)
                              [N12:Z] [undefined] 61 119 255 176 (1031274416)
                              [N12:Z] MOTOR_I 0 31 (31)
                              [N12:Z] [undefined] 61 119 255 176 (1031274416)
2026-03-02 18:22:11:621 [IN ] C8 24 0C 18 25 A5 0C 01 31 03 CF 00 2B 3B F3 25 A5 0C 01 31 05 E6 3D 77 FF B0 8C 6E B0 C8 24 0C 18 25 A5 0C 01 31 03 CF 00 1A 2A E2 25 A5 0C 01 31 05 E6 3D 77 FF B0 8C 6E B0 (58)
                              [N12:Z] MOTOR_I 0 43 (43)
                              [N12:Z] [undefined] 61 119 255 176 (1031274416)
                              [N12:Z] MOTOR_I 0 26 (26)
                              [N12:Z] [undefined] 61 119 255 176 (1031274416)
2026-03-02 18:22:11:823 [IN ] C8 24 0C 15 25 A5 0C 01 31 03 CF 00 16 26 DE 25 A5 0C 01 31 05 E6 3D 77 FF B0 C8 24 0C 1B B0 8C 6E 25 A5 0C 01 31 03 CF 00 10 20 D8 25 A5 0C 01 31 05 E6 3D 77 FF B0 8C 6E 01 (58)
                              [N12:Z] MOTOR_I 0 22 (22)
                              [N12:Z] [undefined] 61 119 255 176 (1031274416)
                              [N12:Z] MOTOR_I 0 16 (16)
                              [N12:Z] [undefined] 61 119 255 176 (1031274416)
2026-03-02 18:22:12:024 [IN ] C8 24 0C 18 25 A5 0C 01 31 03 CF 00 24 34 EC 25 A5 0C 01 31 05 E6 3D 77 FF B0 8C 6E B0 C8 24 0C 18 25 A5 0C 01 31 03 CF 00 1E 2E E6 25 A5 0C 01 31 05 E6 3D 77 FF B0 8C 6E B0 (58)
                              [N12:Z] MOTOR_I 0 36 (36)
                              [N12:Z] [undefined] 61 119 255 176 (1031274416)
                              [N12:Z] MOTOR_I 0 30 (30)
                              [N12:Z] [undefined] 61 119 255 176 (1031274416)
2026-03-02 18:22:12:226 [IN ] C8 24 0C 18 25 A5 0C 01 31 03 CF 00 1D 2D E5 25 A5 0C 01 31 05 E6 3D 77 FF B0 8C 6E B0 C8 24 0C 18 25 A5 0C 01 31 03 CF 00 1C 2C E4 25 A5 0C 01 31 05 E6 3D 77 FF B0 8C 6E B0 (58)
                              [N12:Z] MOTOR_I 0 29 (29)
                              [N12:Z] [undefined] 61 119 255 176 (1031274416)
                              [N12:Z] MOTOR_I 0 28 (28)
                              [N12:Z] [undefined] 61 119 255 176 (1031274416)
2026-03-02 18:22:12:428 [IN ] C8 24 0C 18 25 A5 0C 01 31 03 CF 00 21 31 E9 25 A5 0C 01 31 05 E6 3D 77 FF B0 8C 6E B0 C8 24 0C 18 25 A5 0C 01 31 03 CF 00 16 26 DE 25 A5 0C 01 31 05 E6 3D 77 FF B0 8C 6E B0 (58)
                              [N12:Z] MOTOR_I 0 33 (33)
                              [N12:Z] [undefined] 61 119 255 176 (1031274416)
                              [N12:Z] MOTOR_I 0 22 (22)
                              [N12:Z] [undefined] 61 119 255 176 (1031274416)
2026-03-02 18:22:12:630 [IN ] C8 24 0C 18 25 A5 0C 01 31 03 CF 00 2B 3B F3 25 A5 0C 01 31 05 E6 3D 77 FF B0 8C 6E B0 C8 24 0C 18 25 A5 0C 01 31 03 CF 00 24 34 EC 25 A5 0C 01 31 05 E6 3D 77 FF B0 8C 6E B0 C8 24 05 0E 25 A5 
05 01 31 06 81 45 00 19 85 64 05 05 01 (77)
                              [N12:Z] MOTOR_I 0 43 (43)
                              [N12:Z] [undefined] 61 119 255 176 (1031274416)
                              [N12:Z] MOTOR_I 0 36 (36)
                              [N12:Z] [undefined] 61 119 255 176 (1031274416)
                              [N5:V] TPOS 'E' 0 25 133 100 (1672548)
2026-03-02 18:22:12:833 [IN ] C8 24 0C 18 25 A5 0C 01 31 03 CF 00 21 31 E9 25 A5 0C 01 31 05 E6 3D 77 FF B0 8C 6E B0 C8 24 0C 0E 25 A5 0C 01 31 03 CF 00 19 29 E1 25 A5 0C 01 C8 24 0C 0A 01 31 05 E6 3D 77 FF B0 8C 6E E1 (63)
                              [N12:Z] MOTOR_I 0 33 (33)
                              [N12:Z] [undefined] 61 119 255 176 (1031274416)
                              [N12:Z] MOTOR_I 0 25 (25)
                              [N12:Z] [undefined] 61 119 255 176 (1031274416)
2026-03-02 18:22:13:034 [IN ] C8 24 0C 18 25 A5 0C 01 31 03 CF 00 21 31 E9 25 A5 0C 01 31 05 E6 3D 77 FF B0 8C 6E B0 C8 24 0C 18 25 A5 0C 01 31 03 CF 00 24 34 EC 25 A5 0C 01 31 05 E6 3D 77 FF B0 8C 6E B0 (58)
                              [N12:Z] MOTOR_I 0 33 (33)
                              [N12:Z] [undefined] 61 119 255 176 (1031274416)
                              [N12:Z] MOTOR_I 0 36 (36)
                              [N12:Z] [undefined] 61 119 255 176 (1031274416)
2026-03-02 18:22:13:056 [OUT] 25 A5 01 05 31 05 81 00 0D 03 C1 8E 19 (13)
                              [N5:V] TPOS 0 13 3 193 (852929)
2026-03-02 18:22:13:057 [IN ] C8 24 0C 18 25 A5 0C 01 31 03 CF 00 14 24 DC 25 A5 0C 01 31 05 E6 3D 77 FF B0 8C 6E B0 (29)
                              [N12:Z] MOTOR_I 0 20 (20)
                              [N12:Z] [undefined] 61 119 255 176 (1031274416)
2026-03-02 18:22:13:161 [IN ] C8 24 0C 18 25 A5 0C 01 31 03 CF 00 1B 2B E3 25 A5 0C 01 31 05 E6 3D 77 FF B0 8C 6E B0 (29)
                              [N12:Z] MOTOR_I 0 27 (27)
                              [N12:Z] [undefined] 61 119 255 176 (1031274416)
2026-03-02 18:22:13:245 [IN ] C8 24 05 0E 25 A5 05 01 31 06 81 53 00 19 85 64 13 4B 01 (19)
                              [N5:V] TPOS 'S' 0 25 133 100 (1672548)
2026-03-02 18:22:13:446 [IN ] C8 24 0C 18 25 A5 0C 01 31 03 CF 00 17 27 DF 25 A5 0C 01 31 05 E6 3D 77 FF B0 8C 6E B0 C8 24 0C 18 25 A5 0C 01 31 03 CF 00 27 37 EF 25 A5 0C 01 31 05 E6 3D 77 FF B0 8C 6E B0 (58)
                              [N12:Z] MOTOR_I 0 23 (23)
                              [N12:Z] [undefined] 61 119 255 176 (1031274416)
                              [N12:Z] MOTOR_I 0 39 (39)
                              [N12:Z] [undefined] 61 119 255 176 (1031274416)
2026-03-02 18:22:13:647 [IN ] C8 24 0C 18 25 A5 0C 01 31 03 CF 00 31 41 F9 25 A5 0C 01 31 05 E6 3D 77 FF B0 8C 6E B0 C8 24 0C 18 25 A5 0C 01 31 03 CF 00 2C 3C F4 25 A5 0C 01 31 05 E6 3D 77 FF B0 8C 6E B0 (58)
                              [N12:Z] MOTOR_I 0 49 (49)
                              [N12:Z] [undefined] 61 119 255 176 (1031274416)
                              [N12:Z] MOTOR_I 0 44 (44)
                              [N12:Z] [undefined] 61 119 255 176 (1031274416)
2026-03-02 18:22:13:849 [IN ] C8 24 0C 18 25 A5 0C 01 31 03 CF 00 25 35 ED 25 A5 0C 01 31 05 E6 3D 77 FF B0 8C 6E B0 C8 24 08 0E 25 A5 08 01 31 06 81 45 FF DC 74 C7 1C A9 01 C8 24 0C 18 25 A5 0C 01 31 03 CF 00 23 33 EB 25 
A5 0C 01 31 05 E6 3D 77 FF B0 8C 6E B0 (77)
                              [N12:Z] MOTOR_I 0 37 (37)
                              [N12:Z] [undefined] 61 119 255 176 (1031274416)
                              [N8:R] TPOS 'E' 255 220 116 199 (-2329401)
                              [N12:Z] MOTOR_I 0 35 (35)
                              [N12:Z] [undefined] 61 119 255 176 (1031274416)
2026-03-02 18:22:14:052 [IN ] C8 24 0C 18 25 A5 0C 01 31 03 CF 00 1B 2B E3 25 A5 0C 01 31 05 E6 3D 77 FF B0 8C 6E B0 C8 24 0C 15 25 A5 0C 01 31 03 CF 00 1C 2C E4 25 A5 0C 01 31 05 E6 3D 77 FF B0 (55)
                              [N12:Z] MOTOR_I 0 27 (27)
                              [N12:Z] [undefined] 61 119 255 176 (1031274416)
                              [N12:Z] MOTOR_I 0 28 (28)
2026-03-02 18:22:14:253 [IN ] C8 24 0C 1B B0 8C 6E 25 A5 0C 01 31 03 CF 00 1B 2B E3 25 A5 0C 01 31 05 E6 3D 77 FF B0 8C 6E 01 C8 24 0C 18 25 A5 0C 01 31 03 CF 00 24 34 EC 25 A5 0C 01 31 05 E6 3D 77 FF B0 8C 6E B0 C8 24 0C 
18 25 A5 0C 01 31 03 CF 00 21 31 E9 25 A5 0C 01 31 05 E6 3D 77 FF B0 8C 6E B0 (90)
                              [N12:Z] [undefined] 61 119 255 176 (1031274416)
                              [N12:Z] MOTOR_I 0 27 (27)
                              [N12:Z] [undefined] 61 119 255 176 (1031274416)
                              [N12:Z] MOTOR_I 0 36 (36)
                              [N12:Z] [undefined] 61 119 255 176 (1031274416)
                              [N12:Z] MOTOR_I 0 33 (33)
                              [N12:Z] [undefined] 61 119 255 176 (1031274416)
2026-03-02 18:22:14:275 [OUT] 25 A5 01 08 31 05 81 FF EE 15 56 18 89 (13)
                              [N8:R] TPOS 255 238 21 86 (-1174186)
2026-03-02 18:22:14:379 [IN ] C8 24 0C 18 25 A5 0C 01 31 03 CF 00 25 35 ED 25 A5 0C 01 31 05 E6 3D 77 FF B0 8C 6E B0 (29)
                              [N12:Z] MOTOR_I 0 37 (37)
                              [N12:Z] [undefined] 61 119 255 176 (1031274416)
2026-03-02 18:22:14:464 [IN ] C8 24 08 0E 25 A5 08 01 31 06 81 53 FF DC 74 D3 36 FB 01 C8 24 0C 18 25 A5 0C 01 31 03 CF 00 2C 3C F4 25 A5 0C 01 31 05 E6 3D 77 FF B0 8C 6E B0 (48)
                              [N8:R] TPOS 'S' 255 220 116 211 (-2329389)
                              [N12:Z] MOTOR_I 0 44 (44)
                              [N12:Z] [undefined] 61 119 255 176 (1031274416)
2026-03-02 18:22:14:666 [IN ] C8 24 0C 18 25 A5 0C 01 31 03 CF 00 1B 2B E3 25 A5 0C 01 31 05 E6 3D 77 FF B0 8C 6E B0 (29)
                              [N12:Z] MOTOR_I 0 27 (27)
                              [N12:Z] [undefined] 61 119 255 176 (1031274416)
2026-03-02 18:22:14:867 [IN ] C8 24 0C 18 25 A5 0C 01 31 03 CF 00 1E 2E E6 25 A5 0C 01 31 05 E6 3D 77 FF B0 8C 6E B0 C8 24 0C 18 25 A5 0C 01 31 03 CF 00 21 31 E9 25 A5 0C 01 31 05 E6 3D 77 FF B0 8C 6E B0 (58)
                              [N12:Z] MOTOR_I 0 30 (30)
                              [N12:Z] [undefined] 61 119 255 176 (1031274416)
                              [N12:Z] MOTOR_I 0 33 (33)
                              [N12:Z] [undefined] 61 119 255 176 (1031274416)
2026-03-02 18:22:15:068 [IN ] C8 24 0C 18 25 A5 0C 01 31 03 CF 00 12 22 DA 25 A5 0C 01 31 05 E6 3D 77 FF B0 8C 6E B0 C8 24 0C 18 25 A5 0C 01 31 03 CF 00 26 36 EE 25 A5 0C 01 31 05 E6 3D 77 FF B0 8C 6E B0 C8 24 0C 0E 25 A5 
0C 01 31 03 CF 00 2D 3D F5 25 A5 0C 01 (77)
                              [N12:Z] MOTOR_I 0 18 (18)
                              [N12:Z] [undefined] 61 119 255 176 (1031274416)
                              [N12:Z] MOTOR_I 0 38 (38)
                              [N12:Z] [undefined] 61 119 255 176 (1031274416)
                              [N12:Z] MOTOR_I 0 45 (45)
2026-03-02 18:22:15:269 [IN ] C8 24 0C 0A 01 31 05 E6 3D 77 FF B0 8C 6E F5 C8 24 0C 18 25 A5 0C 01 31 03 CF 00 2A 3A F2 25 A5 0C 01 31 05 E6 3D 77 FF B0 8C 6E B0 C8 24 0C 18 25 A5 0C 01 31 03 CF 00 0F 1F D7 25 A5 0C 01 31 
05 E6 3D 77 FF B0 8C 6E B0 (73)
                              [N12:Z] [undefined] 61 119 255 176 (1031274416)
                              [N12:Z] MOTOR_I 0 42 (42)
                              [N12:Z] [undefined] 61 119 255 176 (1031274416)
                              [N12:Z] MOTOR_I 0 15 (15)
                              [N12:Z] [undefined] 61 119 255 176 (1031274416)
2026-03-02 18:22:15:471 [IN ] C8 24 0C 18 25 A5 0C 01 31 03 CF 00 1F 2F E7 25 A5 0C 01 31 05 E6 3D 77 FF B0 8C 6E B0 C8 24 0C 18 25 A5 0C 01 31 03 CF 00 23 33 EB 25 A5 0C 01 31 05 E6 3D 77 FF B0 8C 6E B0 (58)
                              [N12:Z] MOTOR_I 0 31 (31)
                              [N12:Z] [undefined] 61 119 255 176 (1031274416)
                              [N12:Z] MOTOR_I 0 35 (35)
                              [N12:Z] [undefined] 61 119 255 176 (1031274416)
2026-03-02 18:22:15:673 [IN ] C8 24 0C 18 25 A5 0C 01 31 03 CF 00 16 26 DE 25 A5 0C 01 31 05 E6 3D 77 FF B0 8C 6E B0 (29)
                              [N12:Z] MOTOR_I 0 22 (22)
                              [N12:Z] [undefined] 61 119 255 176 (1031274416)
2026-03-02 18:22:15:874 [IN ] C8 24 0C 18 25 A5 0C 01 31 03 CF 00 2A 3A F2 25 A5 0C 01 31 05 E6 3D 77 FF B0 8C 6E B0 C8 24 0C 18 25 A5 0C 01 31 03 CF 00 20 30 E8 25 A5 0C 01 31 05 E6 3D 77 FF B0 8C 6E B0 (58)
                              [N12:Z] MOTOR_I 0 42 (42)
                              [N12:Z] [undefined] 61 119 255 176 (1031274416)
                              [N12:Z] MOTOR_I 0 32 (32)
                              [N12:Z] [undefined] 61 119 255 176 (1031274416)
2026-03-02 18:22:16:076 [IN ] C8 24 0C 18 25 A5 0C 01 31 03 CF 00 1E 2E E6 25 A5 0C 01 31 05 E6 3D 77 FF B0 8C 6E B0 C8 24 0C 18 25 A5 0C 01 31 03 CF 00 1D 2D E5 25 A5 0C 01 31 05 E6 3D 77 FF B0 8C 6E B0 C8 (59)
                              [N12:Z] MOTOR_I 0 30 (30)
                              [N12:Z] [undefined] 61 119 255 176 (1031274416)
                              [N12:Z] MOTOR_I 0 29 (29)
                              [N12:Z] [undefined] 61 119 255 176 (1031274416)
2026-03-02 18:22:16:277 [IN ] 24 0C 18 25 A5 0C 01 31 03 CF 00 22 32 EA 25 A5 0C 01 31 05 E6 3D 77 FF B0 8C 6E B0 C8 24 0C 18 25 A5 0C 01 31 03 CF 00 1D 2D E5 25 A5 0C 01 31 05 E6 3D 77 FF B0 8C 6E B0 C8 24 0C 15 25 A5 0C 
01 31 03 CF 00 16 26 DE 25 A5 0C 01 31 05 E6 3D 77 FF B0 (83)
                              [N12:Z] MOTOR_I 0 34 (34)
                              [N12:Z] [undefined] 61 119 255 176 (1031274416)
                              [N12:Z] MOTOR_I 0 29 (29)
                              [N12:Z] [undefined] 61 119 255 176 (1031274416)
                              [N12:Z] MOTOR_I 0 22 (22)
2026-03-02 18:22:16:480 [IN ] C8 24 0C 1B B0 8C 6E 25 A5 0C 01 31 03 CF 00 20 30 E8 25 A5 0C 01 31 05 E6 3D 77 FF B0 8C 6E 01 C8 24 0C 18 25 A5 0C 01 31 03 CF 00 13 23 DB 25 A5 0C 01 31 05 E6 3D 77 FF B0 8C 6E B0 (61)
                              [N12:Z] [undefined] 61 119 255 176 (1031274416)
                              [N12:Z] MOTOR_I 0 32 (32)
                              [N12:Z] [undefined] 61 119 255 176 (1031274416)
                              [N12:Z] MOTOR_I 0 19 (19)
                              [N12:Z] [undefined] 61 119 255 176 (1031274416)
2026-03-02 18:22:16:681 [IN ] C8 24 0C 18 25 A5 0C 01 31 03 CF 00 15 25 DD 25 A5 0C 01 31 05 E6 3D 77 FF B0 8C 6E B0 (29)
                              [N12:Z] MOTOR_I 0 21 (21)
                              [N12:Z] [undefined] 61 119 255 176 (1031274416)
2026-03-02 18:22:16:883 [IN ] C8 24 0C 18 25 A5 0C 01 31 03 CF 00 28 38 F0 25 A5 0C 01 31 05 E6 3D 77 FF B0 8C 6E B0 C8 24 0C 18 25 A5 0C 01 31 03 CF 00 14 24 DC 25 A5 0C 01 31 05 E6 3D 77 FF B0 8C 6E B0 (58)
                              [N12:Z] MOTOR_I 0 40 (40)
                              [N12:Z] [undefined] 61 119 255 176 (1031274416)
                              [N12:Z] MOTOR_I 0 20 (20)
                              [N12:Z] [undefined] 61 119 255 176 (1031274416)
2026-03-02 18:22:17:084 [IN ] C8 24 0C 18 25 A5 0C 01 31 03 CF 00 25 35 ED 25 A5 0C 01 31 05 E6 3D 77 FF B0 8C 6E B0 C8 24 0C 18 25 A5 0C 01 31 03 CF 00 16 26 DE 25 A5 0C 01 31 05 E6 3D 77 FF B0 8C 6E B0 C8 24 0C 18 25 A5 
0C 01 31 03 CF (69)
                              [N12:Z] MOTOR_I 0 37 (37)
                              [N12:Z] [undefined] 61 119 255 176 (1031274416)
                              [N12:Z] MOTOR_I 0 22 (22)
                              [N12:Z] [undefined] 61 119 255 176 (1031274416)
2026-03-02 18:22:17:286 [IN ] 00 26 36 EE 25 A5 0C 01 31 05 E6 3D 77 FF B0 8C 6E B0 C8 24 0C 18 25 A5 0C 01 31 03 CF 00 22 32 EA 25 A5 0C 01 31 05 E6 3D 77 FF B0 8C 6E B0 (47)
                              [N12:Z] MOTOR_I 0 38 (38)
                              [N12:Z] [undefined] 61 119 255 176 (1031274416)
                              [N12:Z] MOTOR_I 0 34 (34)
                              [N12:Z] [undefined] 61 119 255 176 (1031274416)
2026-03-02 18:22:17:487 [IN ] C8 24 0C 18 25 A5 0C 01 31 03 CF 00 26 36 EE 25 A5 0C 01 31 05 E6 3D 77 FF B0 8C 6E B0 C8 24 0C 0E 25 A5 0C 01 31 03 CF 00 29 39 F1 25 A5 0C 01 C8 24 0C 0A 01 31 05 E6 3D 77 FF B0 8C 6E F1 C8 
24 0C 18 25 A5 0C 01 31 03 CF 00 0F 1F D7 25 A5 0C 01 31 05 E6 3D 77 FF B0 8C 6E B0 (92)
                              [N12:Z] MOTOR_I 0 38 (38)
                              [N12:Z] [undefined] 61 119 255 176 (1031274416)
                              [N12:Z] MOTOR_I 0 41 (41)
                              [N12:Z] [undefined] 61 119 255 176 (1031274416)
                              [N12:Z] MOTOR_I 0 15 (15)
                              [N12:Z] [undefined] 61 119 255 176 (1031274416)
2026-03-02 18:22:17:689 [IN ] C8 24 0C 18 25 A5 0C 01 31 03 CF 00 21 31 E9 25 A5 0C 01 31 05 E6 3D 77 FF B0 8C 6E B0 C8 24 0C 18 25 A5 0C 01 31 03 CF 00 2C 3C F4 25 A5 0C 01 31 05 E6 3D 77 FF B0 8C 6E B0 (58)
                              [N12:Z] MOTOR_I 0 33 (33)
                              [N12:Z] [undefined] 61 119 255 176 (1031274416)
                              [N12:Z] MOTOR_I 0 44 (44)
                              [N12:Z] [undefined] 61 119 255 176 (1031274416)
2026-03-02 18:22:17:891 [IN ] C8 24 0C 18 25 A5 0C 01 31 03 CF 00 25 35 ED 25 A5 0C 01 31 05 E6 3D 77 FF B0 8C 6E B0 (29)
                              [N12:Z] MOTOR_I 0 37 (37)
                              [N12:Z] [undefined] 61 119 255 176 (1031274416)
2026-03-02 18:22:18:092 [IN ] C8 24 0C 18 25 A5 0C 01 31 03 CF 00 29 39 F1 25 A5 0C 01 31 05 E6 3D 77 FF B0 8C 6E B0 C8 24 0C 18 25 A5 0C 01 31 03 CF 00 17 27 DF 25 A5 0C 01 31 05 E6 3D 77 FF B0 8C 6E B0 C8 24 0C 18 25 A5 
0C 01 31 03 CF 00 33 43 FB 25 A5 0C 01 31 (78)
                              [N12:Z] MOTOR_I 0 41 (41)
                              [N12:Z] [undefined] 61 119 255 176 (1031274416)
                              [N12:Z] MOTOR_I 0 23 (23)
                              [N12:Z] [undefined] 61 119 255 176 (1031274416)
2026-03-02 18:22:18:294 [IN ] 05 E6 3D 77 FF B0 8C 6E B0 C8 24 0C 18 25 A5 0C 01 31 03 CF 00 23 33 EB 25 A5 0C 01 31 05 E6 3D 77 FF B0 8C 6E B0 (38)
                              [N12:Z] MOTOR_I 0 51 (51)
                              [N12:Z] [undefined] 61 119 255 176 (1031274416)
                              [N12:Z] MOTOR_I 0 35 (35)
                              [N12:Z] [undefined] 61 119 255 176 (1031274416)
2026-03-02 18:22:18:496 [IN ] C8 24 0C 18 25 A5 0C 01 31 03 CF 00 15 25 DD 25 A5 0C 01 31 05 E6 3D 77 FF B0 8C 6E B0 C8 24 0C 18 25 A5 0C 01 31 03 CF 00 1C 2C E4 25 A5 0C 01 31 05 E6 3D 77 FF B0 8C 6E B0 (58)
                              [N12:Z] MOTOR_I 0 21 (21)
                              [N12:Z] [undefined] 61 119 255 176 (1031274416)
                              [N12:Z] MOTOR_I 0 28 (28)
                              [N12:Z] [undefined] 61 119 255 176 (1031274416)
2026-03-02 18:22:18:699 [IN ] C8 24 0C 18 25 A5 0C 01 31 03 CF 00 15 25 DD 25 A5 0C 01 31 05 E6 3D 77 FF B0 8C 6E B0 C8 24 0C 15 25 A5 0C 01 31 03 CF 00 18 28 E0 25 A5 0C 01 31 05 E6 3D 77 FF B0 C8 24 05 0E 25 A5 05 01 31 
06 81 45 00 0D 02 C1 D3 38 01 C8 24 0C 1B B0 8C 6E 25 A5 0C 01 31 03 CF 00 26 36 EE 25 A5 0C 01 31 05 E6 3D 77 FF B0 8C 6E 01 (106)
                              [N12:Z] MOTOR_I 0 21 (21)
                              [N12:Z] [undefined] 61 119 255 176 (1031274416)
                              [N12:Z] MOTOR_I 0 24 (24)
                              [N5:V] TPOS 'E' 0 13 2 193 (852673)
                              [N12:Z] [undefined] 61 119 255 176 (1031274416)
                              [N12:Z] MOTOR_I 0 38 (38)
                              [N12:Z] [undefined] 61 119 255 176 (1031274416)
2026-03-02 18:22:18:902 [IN ] C8 24 0C 18 25 A5 0C 01 31 03 CF 00 14 24 DC 25 A5 0C 01 31 05 E6 3D 77 FF B0 8C 6E B0 C8 24 0C 18 25 A5 0C 01 31 03 CF 00 26 36 EE 25 A5 0C 01 31 05 E6 3D 77 FF B0 8C 6E B0 (58)
                              [N12:Z] MOTOR_I 0 20 (20)
                              [N12:Z] [undefined] 61 119 255 176 (1031274416)
                              [N12:Z] MOTOR_I 0 38 (38)
                              [N12:Z] [undefined] 61 119 255 176 (1031274416)
2026-03-02 18:22:18:924 [OUT] 25 A5 01 03 31 05 81 FF ED B1 30 88 70 (13)
                              [N3:X] TPOS 255 237 177 48 (-1199824)
2026-03-02 18:22:18:946 [OUT] 25 A5 01 04 31 05 81 FF F3 BD 0C 77 7E (13)
                              [N4:Y] TPOS 255 243 189 12 (-803572)
2026-03-02 18:22:19:010 [IN ] C8 24 0C 18 25 A5 0C 01 31 03 CF 00 16 26 DE 25 A5 0C 01 31 05 E6 3D 77 FF B0 8C 6E B0 (29)
                              [N12:Z] MOTOR_I 0 22 (22)
                              [N12:Z] [undefined] 61 119 255 176 (1031274416)
2026-03-02 18:22:19:114 [IN ] C8 24 03 0E 25 A5 03 01 31 06 81 53 FF FD 50 99 F4 AA 01 C8 24 0C 18 25 A5 0C 01 31 03 CF 00 18 28 E0 25 A5 0C 01 31 05 E6 3D 77 FF B0 8C 6E B0 (48)
                              [N3:X] TPOS 'S' 255 253 80 153 (-175975)
                              [N12:Z] MOTOR_I 0 24 (24)
                              [N12:Z] [undefined] 61 119 255 176 (1031274416)
2026-03-02 18:22:19:218 [IN ] C8 24 0C 18 25 A5 0C 01 31 03 CF 00 20 30 E8 25 A5 0C 01 31 05 E6 3D 77 FF B0 8C 6E B0 (29)
                              [N12:Z] MOTOR_I 0 32 (32)
                              [N12:Z] [undefined] 61 119 255 176 (1031274416)
2026-03-02 18:22:19:240 [IN ] C8 24 04 0E 25 A5 04 01 31 06 81 53 FF FD 4F 73 CE 8C 01 (19)
                              [N4:Y] TPOS 'S' 255 253 79 115 (-176269)
2026-03-02 18:22:19:442 [IN ] C8 24 0C 18 25 A5 0C 01 31 03 CF 00 18 28 E0 25 A5 0C 01 31 05 E6 3D 77 FF B0 8C 6E B0 C8 24 0C 18 25 A5 0C 01 31 03 CF 00 1B 2B E3 25 A5 0C 01 31 05 E6 3D 77 FF B0 8C 6E B0 (58)
                              [N12:Z] MOTOR_I 0 24 (24)
                              [N12:Z] [undefined] 61 119 255 176 (1031274416)
                              [N12:Z] MOTOR_I 0 27 (27)
                              [N12:Z] [undefined] 61 119 255 176 (1031274416)
2026-03-02 18:22:19:644 [IN ] C8 24 0C 18 25 A5 0C 01 31 03 CF 00 17 27 DF 25 A5 0C 01 31 05 E6 3D 77 FF B0 8C 6E B0 C8 24 0C 18 25 A5 0C 01 31 03 CF 00 16 26 DE 25 A5 0C 01 31 05 E6 3D 77 FF B0 8C 6E B0 (58)
                              [N12:Z] MOTOR_I 0 23 (23)
                              [N12:Z] [undefined] 61 119 255 176 (1031274416)
                              [N12:Z] MOTOR_I 0 22 (22)
                              [N12:Z] [undefined] 61 119 255 176 (1031274416)
2026-03-02 18:22:19:845 [IN ] C8 24 0C 0E 25 A5 0C 01 31 03 CF 00 17 27 DF 25 A5 0C 01 C8 24 0C 0A 01 31 05 E6 3D 77 FF B0 8C 6E DF C8 24 0C 18 25 A5 0C 01 31 03 CF 00 2F 3F F7 25 A5 0C 01 31 05 E6 3D 77 FF B0 8C 6E B0 (63)
                              [N12:Z] MOTOR_I 0 23 (23)
                              [N12:Z] [undefined] 61 119 255 176 (1031274416)
                              [N12:Z] MOTOR_I 0 47 (47)
                              [N12:Z] [undefined] 61 119 255 176 (1031274416)
2026-03-02 18:22:20:047 [IN ] C8 24 0C 18 25 A5 0C 01 31 03 CF 00 2C 3C F4 25 A5 0C 01 31 05 E6 3D 77 FF B0 8C 6E B0 C8 24 0C 18 25 A5 0C 01 31 03 CF 00 1F 2F E7 25 A5 0C 01 31 05 E6 3D 77 FF B0 8C 6E B0 (58)
                              [N12:Z] MOTOR_I 0 44 (44)
                              [N12:Z] [undefined] 61 119 255 176 (1031274416)
                              [N12:Z] MOTOR_I 0 31 (31)
                              [N12:Z] [undefined] 61 119 255 176 (1031274416)
2026-03-02 18:22:20:248 [IN ] C8 24 0C 18 25 A5 0C 01 31 03 CF 00 13 23 DB 25 A5 0C 01 31 05 E6 3D 77 FF B0 8C 6E B0 C8 24 0C 18 25 A5 0C 01 31 03 CF 00 13 23 DB 25 A5 0C 01 31 05 E6 3D 77 FF B0 8C 6E B0 (58)
                              [N12:Z] MOTOR_I 0 19 (19)
                              [N12:Z] [undefined] 61 119 255 176 (1031274416)
                              [N12:Z] MOTOR_I 0 19 (19)
                              [N12:Z] [undefined] 61 119 255 176 (1031274416)
2026-03-02 18:22:20:450 [IN ] C8 24 0C 18 25 A5 0C 01 31 03 CF 00 15 25 DD 25 A5 0C 01 31 05 E6 3D 77 FF B0 8C 6E B0 C8 24 0C 18 25 A5 0C 01 31 03 CF 00 14 24 DC 25 A5 0C 01 31 05 E6 3D 77 FF B0 8C 6E B0 (58)
                              [N12:Z] MOTOR_I 0 21 (21)
                              [N12:Z] [undefined] 61 119 255 176 (1031274416)
                              [N12:Z] MOTOR_I 0 20 (20)
                              [N12:Z] [undefined] 61 119 255 176 (1031274416)
2026-03-02 18:22:20:651 [IN ] C8 24 0C 18 25 A5 0C 01 31 03 CF 00 2A 3A F2 25 A5 0C 01 31 05 E6 3D 77 FF B0 8C 6E B0 C8 24 0C 18 25 A5 0C 01 31 03 CF 00 18 28 E0 25 A5 0C 01 31 05 E6 3D 77 FF B0 8C 6E B0 (58)
                              [N12:Z] MOTOR_I 0 42 (42)
                              [N12:Z] [undefined] 61 119 255 176 (1031274416)
                              [N12:Z] MOTOR_I 0 24 (24)
                              [N12:Z] [undefined] 61 119 255 176 (1031274416)
2026-03-02 18:22:20:852 [IN ] C8 24 0C 18 25 A5 0C 01 31 03 CF 00 2A 3A F2 25 A5 0C 01 31 05 E6 3D 77 FF B0 8C 6E B0 C8 24 0C 18 25 A5 0C 01 31 03 CF 00 21 31 E9 25 A5 0C 01 31 05 E6 3D 77 FF B0 8C 6E B0 (58)
                              [N12:Z] MOTOR_I 0 42 (42)
                              [N12:Z] [undefined] 61 119 255 176 (1031274416)
                              [N12:Z] MOTOR_I 0 33 (33)
                              [N12:Z] [undefined] 61 119 255 176 (1031274416)
2026-03-02 18:22:21:053 [IN ] C8 24 0C 15 25 A5 0C 01 31 03 CF 00 15 25 DD 25 A5 0C 01 31 05 E6 3D 77 FF B0 C8 24 0C 1B B0 8C 6E 25 A5 0C 01 31 03 CF 00 2C 3C F4 25 A5 0C 01 31 05 E6 3D 77 FF B0 8C 6E 01 (58)
                              [N12:Z] MOTOR_I 0 21 (21)
                              [N12:Z] [undefined] 61 119 255 176 (1031274416)
                              [N12:Z] MOTOR_I 0 44 (44)
                              [N12:Z] [undefined] 61 119 255 176 (1031274416)
2026-03-02 18:22:21:255 [IN ] C8 24 0C 18 25 A5 0C 01 31 03 CF 00 19 29 E1 25 A5 0C 01 31 05 E6 3D 77 FF B0 8C 6E B0 C8 24 0C 18 25 A5 0C 01 31 03 CF 00 23 33 EB 25 A5 0C 01 31 05 E6 3D 77 FF B0 8C 6E B0 (58)
                              [N12:Z] MOTOR_I 0 25 (25)
                              [N12:Z] [undefined] 61 119 255 176 (1031274416)
                              [N12:Z] MOTOR_I 0 35 (35)
                              [N12:Z] [undefined] 61 119 255 176 (1031274416)
2026-03-02 18:22:21:457 [IN ] C8 24 0C 18 25 A5 0C 01 31 03 CF 00 22 32 EA 25 A5 0C 01 31 05 E6 3D 77 FF B0 8C 6E B0 C8 24 0C 18 25 A5 0C 01 31 03 CF 00 2B 3B F3 25 A5 0C 01 31 05 E6 3D 77 FF B0 8C 6E B0 (58)
                              [N12:Z] MOTOR_I 0 34 (34)
                              [N12:Z] [undefined] 61 119 255 176 (1031274416)
                              [N12:Z] MOTOR_I 0 43 (43)
                              [N12:Z] [undefined] 61 119 255 176 (1031274416)
2026-03-02 18:22:21:658 [IN ] C8 24 0C 18 25 A5 0C 01 31 03 CF 00 16 26 DE 25 A5 0C 01 31 05 E6 3D 77 FF B0 8C 6E B0 C8 24 0C 18 25 A5 0C 01 31 03 CF 00 21 31 E9 25 A5 0C 01 31 05 E6 3D 77 FF B0 8C 6E B0 (58)
                              [N12:Z] MOTOR_I 0 22 (22)
                              [N12:Z] [undefined] 61 119 255 176 (1031274416)
                              [N12:Z] MOTOR_I 0 33 (33)
                              [N12:Z] [undefined] 61 119 255 176 (1031274416)
2026-03-02 18:22:21:859 [IN ] C8 24 0C 18 25 A5 0C 01 31 03 CF 00 24 34 EC 25 A5 0C 01 31 05 E6 3D 77 FF B0 8C 6E B0 C8 24 0C 18 25 A5 0C 01 31 03 CF 00 0F 1F D7 25 A5 0C 01 31 05 E6 3D 77 FF B0 8C 6E B0 (58)
                              [N12:Z] MOTOR_I 0 36 (36)
                              [N12:Z] [undefined] 61 119 255 176 (1031274416)
                              [N12:Z] MOTOR_I 0 15 (15)
                              [N12:Z] [undefined] 61 119 255 176 (1031274416)
2026-03-02 18:22:22:060 [IN ] C8 24 0C 18 25 A5 0C 01 31 03 CF 00 22 32 EA 25 A5 0C 01 31 05 E6 3D 77 FF B0 8C 6E B0 C8 24 0C 0E 25 A5 0C 01 31 03 CF 00 16 26 DE 25 A5 0C 01 C8 24 0C 0A 01 31 05 E6 3D 77 FF B0 8C 6E DE (63)
                              [N12:Z] MOTOR_I 0 34 (34)
                              [N12:Z] [undefined] 61 119 255 176 (1031274416)
                              [N12:Z] MOTOR_I 0 22 (22)
                              [N12:Z] [undefined] 61 119 255 176 (1031274416)
2026-03-02 18:22:22:263 [IN ] C8 24 0C 18 25 A5 0C 01 31 03 CF 00 1C 2C E4 25 A5 0C 01 31 05 E6 3D 77 FF B0 8C 6E B0 C8 24 0C 18 25 A5 0C 01 31 03 CF 00 2B 3B F3 25 A5 0C 01 31 05 E6 3D 77 FF B0 8C 6E B0 (58)
                              [N12:Z] MOTOR_I 0 28 (28)
                              [N12:Z] [undefined] 61 119 255 176 (1031274416)
                              [N12:Z] MOTOR_I 0 43 (43)
                              [N12:Z] [undefined] 61 119 255 176 (1031274416)
2026-03-02 18:22:22:465 [IN ] C8 24 0C 18 25 A5 0C 01 31 03 CF 00 0D 1D D5 25 A5 0C 01 31 05 E6 3D 77 FF B0 8C 6E B0 C8 24 0C 18 25 A5 0C 01 31 03 CF 00 00 10 C8 25 A5 0C 01 31 05 E6 3D 77 00 00 DD C0 B0 (58)
                              [N12:Z] MOTOR_I 0 13 (13)
                              [N12:Z] [undefined] 61 119 255 176 (1031274416)
                              [N12:Z] MOTOR_I 0 0 (0)
                              [N12:Z] [undefined] 61 119 0 0 (1031208960)
2026-03-02 18:22:22:667 [IN ] C8 24 0C 0E 25 A5 0C 01 31 06 81 45 FF BC CF 3F D3 9F 01 C8 24 04 0E 25 A5 04 01 31 06 81 45 FF F3 B9 B1 5E 3A 01 C8 24 0C 18 25 A5 0C 01 31 03 CF 00 00 10 C8 25 A5 0C 01 31 05 E6 3D 77 00 00 
DD C0 B0 C8 24 0C 18 25 A5 0C 01 31 03 CF 00 00 10 C8 25 A5 0C 01 31 05 E6 3D 77 00 00 DD C0 B0 (96)
                              [N12:Z] TPOS 'E' 255 188 207 63 (-4403393)
                              [N4:Y] TPOS 'E' 255 243 185 177 (-804431)
                              [N12:Z] MOTOR_I 0 0 (0)
                              [N12:Z] [undefined] 61 119 0 0 (1031208960)
                              [N12:Z] MOTOR_I 0 0 (0)
                              [N12:Z] [undefined] 61 119 0 0 (1031208960)
2026-03-02 18:22:22:869 [IN ] C8 24 0C 18 25 A5 0C 01 31 03 CF 00 00 10 C8 25 A5 0C 01 31 05 E6 3D 77 00 00 DD C0 B0 C8 24 0C 18 25 A5 0C 01 31 03 CF 00 00 10 C8 25 A5 0C 01 31 05 E6 3D 77 00 00 DD C0 B0 (58)
                              [N12:Z] MOTOR_I 0 0 (0)
                              [N12:Z] [undefined] 61 119 0 0 (1031208960)
                              [N12:Z] MOTOR_I 0 0 (0)
                              [N12:Z] [undefined] 61 119 0 0 (1031208960)
2026-03-02 18:22:23:072 [IN ] C8 24 0C 18 25 A5 0C 01 31 03 CF 00 00 10 C8 25 A5 0C 01 31 05 E6 3D 77 00 00 DD C0 B0 C8 24 08 0E 25 A5 08 01 31 06 81 45 FF EE 16 DE E7 3A 01 C8 24 0C 18 25 A5 0C 01 31 03 CF 00 00 10 C8 25 
A5 0C 01 31 05 E6 3D 77 00 00 DD C0 B0 (77)
                              [N12:Z] MOTOR_I 0 0 (0)
                              [N12:Z] [undefined] 61 119 0 0 (1031208960)
                              [N8:R] TPOS 'E' 255 238 22 222 (-1173794)
                              [N12:Z] MOTOR_I 0 0 (0)
                              [N12:Z] [undefined] 61 119 0 0 (1031208960)
2026-03-02 18:22:23:094 [OUT] 25 A5 01 0C 31 05 81 FF D1 1A 67 15 6D (13)
                              [N12:Z] TPOS 255 209 26 103 (-3073433)
2026-03-02 18:22:23:137 [IN ] C8 24 0C 0E 25 A5 0C 01 31 03 CF 00 00 10 C8 25 A5 0C 01 C8 24 0C 0A 01 31 05 E6 3D 77 00 00 DD C0 C8 (34)
                              [N12:Z] MOTOR_I 0 0 (0)
                              [N12:Z] [undefined] 61 119 0 0 (1031208960)
2026-03-02 18:22:23:242 [IN ] C8 24 0C 15 25 A5 0C 01 31 03 CF 00 00 10 C8 25 A5 0C 01 31 05 E6 3D 77 00 00 (26)
                              [N12:Z] MOTOR_I 0 0 (0)
2026-03-02 18:22:23:284 [IN ] C8 24 0C 11 00 DD C0 25 A5 0C 01 31 06 81 53 FF BC CF 41 E3 E7 E6 (22)
                              [N12:Z] [undefined] 61 119 0 0 (1031208960)
                              [N12:Z] TPOS 'S' 255 188 207 65 (-4403391)
2026-03-02 18:22:23:485 [IN ] C8 24 0C 18 25 A5 0C 01 31 03 CF 00 1E 2E E6 25 A5 0C 01 31 05 E6 3D 77 00 50 2D 10 B0 C8 24 0C 18 25 A5 0C 01 31 03 CF 00 11 21 D9 25 A5 0C 01 31 05 E6 3D 77 00 50 2D 10 B0 (58)
                              [N12:Z] MOTOR_I 0 30 (30)
                              [N12:Z] [undefined] 61 119 0 80 (1031209040)
                              [N12:Z] MOTOR_I 0 17 (17)
                              [N12:Z] [undefined] 61 119 0 80 (1031209040)
2026-03-02 18:22:23:688 [IN ] C8 24 0C 18 25 A5 0C 01 31 03 CF 00 19 29 E1 25 A5 0C 01 31 05 E6 3D 77 00 50 2D 10 B0 C8 24 0C 18 25 A5 0C 01 31 03 CF 00 27 37 EF 25 A5 0C 01 31 05 E6 3D 77 00 50 2D 10 B0 (58)
                              [N12:Z] MOTOR_I 0 25 (25)
                              [N12:Z] [undefined] 61 119 0 80 (1031209040)
                              [N12:Z] MOTOR_I 0 39 (39)
                              [N12:Z] [undefined] 61 119 0 80 (1031209040)
2026-03-02 18:22:23:890 [IN ] C8 24 0C 18 25 A5 0C 01 31 03 CF 00 15 25 DD 25 A5 0C 01 31 05 E6 3D 77 00 50 2D 10 B0 C8 24 0C 18 25 A5 0C 01 31 03 CF 00 24 34 EC 25 A5 0C 01 31 05 E6 3D 77 00 50 2D 10 B0 (58)
                              [N12:Z] MOTOR_I 0 21 (21)
                              [N12:Z] [undefined] 61 119 0 80 (1031209040)
                              [N12:Z] MOTOR_I 0 36 (36)
                              [N12:Z] [undefined] 61 119 0 80 (1031209040)
2026-03-02 18:22:24:091 [IN ] C8 24 0C 18 25 A5 0C 01 31 03 CF 00 0C 1C D4 25 A5 0C 01 31 05 E6 3D 77 00 50 2D 10 B0 C8 24 0C 18 25 A5 0C 01 31 03 CF 00 18 28 E0 25 A5 0C 01 31 05 E6 3D 77 00 50 2D 10 B0 (58)
                              [N12:Z] MOTOR_I 0 12 (12)
                              [N12:Z] [undefined] 61 119 0 80 (1031209040)
                              [N12:Z] MOTOR_I 0 24 (24)
                              [N12:Z] [undefined] 61 119 0 80 (1031209040)
2026-03-02 18:22:24:293 [IN ] C8 24 0C 18 25 A5 0C 01 31 03 CF 00 23 33 EB 25 A5 0C 01 31 05 E6 3D 77 00 50 2D 10 B0 C8 24 0C 18 25 A5 0C 01 31 03 CF 00 1A 2A E2 25 A5 0C 01 31 05 E6 3D 77 00 50 2D 10 B0 (58)
                              [N12:Z] MOTOR_I 0 35 (35)
                              [N12:Z] [undefined] 61 119 0 80 (1031209040)
                              [N12:Z] MOTOR_I 0 26 (26)
                              [N12:Z] [undefined] 61 119 0 80 (1031209040)
2026-03-02 18:22:24:495 [IN ] C8 24 03 0E 25 A5 03 01 31 06 81 45 FF ED AD BC 56 11 01 C8 24 0C 0E 25 A5 0C 01 31 03 CF 00 1C 2C E4 25 A5 0C 01 C8 24 0C 0A 01 31 05 E6 3D 77 00 50 2D 10 E4 C8 24 0C 18 25 A5 0C 01 31 03 CF 
00 15 25 DD 25 A5 0C 01 31 05 E6 3D 77 00 50 2D 10 B0 (82)
                              [N3:X] TPOS 'E' 255 237 173 188 (-1200708)
                              [N12:Z] MOTOR_I 0 28 (28)
                              [N12:Z] [undefined] 61 119 0 80 (1031209040)
                              [N12:Z] MOTOR_I 0 21 (21)
                              [N12:Z] [undefined] 61 119 0 80 (1031209040)
2026-03-02 18:22:24:700 [IN ] C8 24 0C 18 25 A5 0C 01 31 03 CF 00 0F 1F D7 25 A5 0C 01 31 05 E6 3D 77 00 50 2D 10 B0 C8 24 0C 18 25 A5 0C 01 31 03 CF 00 25 35 ED 25 A5 0C 01 31 05 E6 3D 77 00 50 2D 10 B0 (58)
                              [N12:Z] MOTOR_I 0 15 (15)
                              [N12:Z] [undefined] 61 119 0 80 (1031209040)
                              [N12:Z] MOTOR_I 0 37 (37)
                              [N12:Z] [undefined] 61 119 0 80 (1031209040)
2026-03-02 18:22:24:902 [IN ] C8 24 0C 18 25 A5 0C 01 31 03 CF 00 22 32 EA 25 A5 0C 01 31 05 E6 3D 77 00 50 2D 10 B0 C8 24 0C 18 25 A5 0C 01 31 03 CF 00 23 33 EB 25 A5 0C 01 31 05 E6 3D 77 00 50 2D 10 B0 (58)
                              [N12:Z] MOTOR_I 0 34 (34)
                              [N12:Z] [undefined] 61 119 0 80 (1031209040)
                              [N12:Z] MOTOR_I 0 35 (35)
                              [N12:Z] [undefined] 61 119 0 80 (1031209040)
2026-03-02 18:22:25:103 [IN ] C8 24 0C 18 25 A5 0C 01 31 03 CF 00 14 24 DC 25 A5 0C 01 31 05 E6 3D 77 00 50 2D 10 B0 C8 24 0C 18 25 A5 0C 01 31 03 CF 00 15 25 DD 25 A5 0C 01 31 05 E6 3D 77 00 50 2D 10 B0 (58)
                              [N12:Z] MOTOR_I 0 20 (20)
                              [N12:Z] [undefined] 61 119 0 80 (1031209040)
                              [N12:Z] MOTOR_I 0 21 (21)
                              [N12:Z] [undefined] 61 119 0 80 (1031209040)
2026-03-02 18:22:25:304 [IN ] C8 24 0C 18 25 A5 0C 01 31 03 CF 00 12 22 DA 25 A5 0C 01 31 05 E6 3D 77 00 50 2D 10 B0 C8 24 0C 18 25 A5 0C 01 31 03 CF 00 27 37 EF 25 A5 0C 01 31 05 E6 3D 77 00 50 2D 10 B0 (58)
                              [N12:Z] MOTOR_I 0 18 (18)
                              [N12:Z] [undefined] 61 119 0 80 (1031209040)
                              [N12:Z] MOTOR_I 0 39 (39)
                              [N12:Z] [undefined] 61 119 0 80 (1031209040)
2026-03-02 18:22:25:506 [IN ] C8 24 0C 18 25 A5 0C 01 31 03 CF 00 2D 3D F5 25 A5 0C 01 31 05 E6 3D 77 00 50 2D 10 B0 C8 24 0C 0E 25 A5 0C 01 31 03 CF 00 20 30 E8 25 A5 0C 01 C8 24 0C 0A 01 31 05 E6 3D 77 00 50 2D 10 E8 (63)
                              [N12:Z] MOTOR_I 0 45 (45)
                              [N12:Z] [undefined] 61 119 0 80 (1031209040)
                              [N12:Z] MOTOR_I 0 32 (32)
                              [N12:Z] [undefined] 61 119 0 80 (1031209040)
2026-03-02 18:22:25:707 [IN ] C8 24 0C 15 25 A5 0C 01 31 03 CF 00 15 25 DD 25 A5 0C 01 31 05 E6 3D 77 00 50 C8 24 0C 1B 50 2D 10 25 A5 0C 01 31 03 CF 00 21 31 E9 25 A5 0C 01 31 05 E6 3D 77 00 50 2D 10 01 (58)
                              [N12:Z] MOTOR_I 0 21 (21)
                              [N12:Z] [undefined] 61 119 0 80 (1031209040)
                              [N12:Z] MOTOR_I 0 33 (33)
                              [N12:Z] [undefined] 61 119 0 80 (1031209040)
2026-03-02 18:22:25:908 [IN ] C8 24 0C 18 25 A5 0C 01 31 03 CF 00 24 34 EC 25 A5 0C 01 31 05 E6 3D 77 00 50 2D 10 50 C8 24 0C 18 25 A5 0C 01 31 03 CF 00 22 32 EA 25 A5 0C 01 31 05 E6 3D 77 00 50 2D 10 50 (58)
                              [N12:Z] MOTOR_I 0 36 (36)
                              [N12:Z] [undefined] 61 119 0 80 (1031209040)
                              [N12:Z] MOTOR_I 0 34 (34)
                              [N12:Z] [undefined] 61 119 0 80 (1031209040)
2026-03-02 18:22:26:109 [IN ] C8 24 0C 18 25 A5 0C 01 31 03 CF 00 25 35 ED 25 A5 0C 01 31 05 E6 3D 77 00 50 2D 10 50 C8 24 0C 18 25 A5 0C 01 31 03 CF 00 0E 1E D6 25 A5 0C 01 31 05 E6 3D 77 00 50 2D 10 50 (58)
                              [N12:Z] MOTOR_I 0 37 (37)
                              [N12:Z] [undefined] 61 119 0 80 (1031209040)
                              [N12:Z] MOTOR_I 0 14 (14)
                              [N12:Z] [undefined] 61 119 0 80 (1031209040)
2026-03-02 18:22:26:310 [IN ] C8 24 0C 18 25 A5 0C 01 31 03 CF 00 20 30 E8 25 A5 0C 01 31 05 E6 3D 77 00 50 2D 10 50 C8 24 0C 18 25 A5 0C 01 31 03 CF 00 1E 2E E6 25 A5 0C 01 31 05 E6 3D 77 00 50 2D 10 50 (58)
                              [N12:Z] MOTOR_I 0 32 (32)
                              [N12:Z] [undefined] 61 119 0 80 (1031209040)
                              [N12:Z] MOTOR_I 0 30 (30)
                              [N12:Z] [undefined] 61 119 0 80 (1031209040)
2026-03-02 18:22:26:512 [IN ] C8 24 0C 18 25 A5 0C 01 31 03 CF 00 17 27 DF 25 A5 0C 01 31 05 E6 3D 77 00 50 2D 10 50 C8 24 0C 18 25 A5 0C 01 31 03 CF 00 1E 2E E6 25 A5 0C 01 31 05 E6 3D 77 00 50 2D 10 50 (58)
                              [N12:Z] MOTOR_I 0 23 (23)
                              [N12:Z] [undefined] 61 119 0 80 (1031209040)
                              [N12:Z] MOTOR_I 0 30 (30)
                              [N12:Z] [undefined] 61 119 0 80 (1031209040)
2026-03-02 18:22:26:713 [IN ] C8 24 0C 18 25 A5 0C 01 31 03 CF 00 22 32 EA 25 A5 0C 01 31 05 E6 3D 77 00 50 2D 10 50 C8 24 0C 15 25 A5 0C 01 31 03 CF 00 20 30 E8 25 A5 0C 01 31 05 E6 3D 77 00 50 (55)
                              [N12:Z] MOTOR_I 0 34 (34)
                              [N12:Z] [undefined] 61 119 0 80 (1031209040)
                              [N12:Z] MOTOR_I 0 32 (32)
2026-03-02 18:22:26:914 [IN ] C8 24 0C 1B 50 2D 10 25 A5 0C 01 31 03 CF 00 25 35 ED 25 A5 0C 01 31 05 E6 3D 77 00 50 2D 10 01 C8 24 0C 18 25 A5 0C 01 31 03 CF 00 11 21 D9 25 A5 0C 01 31 05 E6 3D 77 00 50 2D 10 50 (61)
                              [N12:Z] [undefined] 61 119 0 80 (1031209040)
                              [N12:Z] MOTOR_I 0 37 (37)
                              [N12:Z] [undefined] 61 119 0 80 (1031209040)
                              [N12:Z] MOTOR_I 0 17 (17)
                              [N12:Z] [undefined] 61 119 0 80 (1031209040)
2026-03-02 18:22:27:115 [IN ] C8 24 0C 18 25 A5 0C 01 31 03 CF 00 1D 2D E5 25 A5 0C 01 31 05 E6 3D 77 00 50 2D 10 50 C8 24 0C 18 25 A5 0C 01 31 03 CF 00 10 20 D8 25 A5 0C 01 31 05 E6 3D 77 00 50 2D 10 50 (58)
                              [N12:Z] MOTOR_I 0 29 (29)
                              [N12:Z] [undefined] 61 119 0 80 (1031209040)
                              [N12:Z] MOTOR_I 0 16 (16)
                              [N12:Z] [undefined] 61 119 0 80 (1031209040)
2026-03-02 18:22:27:317 [IN ] C8 24 0C 18 25 A5 0C 01 31 03 CF 00 26 36 EE 25 A5 0C 01 31 05 E6 3D 77 00 50 2D 10 50 C8 24 0C 18 25 A5 0C 01 31 03 CF 00 28 38 F0 25 A5 0C 01 31 05 E6 3D 77 00 50 2D 10 50 (58)
                              [N12:Z] MOTOR_I 0 38 (38)
                              [N12:Z] [undefined] 61 119 0 80 (1031209040)
                              [N12:Z] MOTOR_I 0 40 (40)
                              [N12:Z] [undefined] 61 119 0 80 (1031209040)
2026-03-02 18:22:27:519 [IN ] C8 24 0C 18 25 A5 0C 01 31 03 CF 00 11 21 D9 25 A5 0C 01 31 05 E6 3D 77 00 50 2D 10 50 C8 24 0C 18 25 A5 0C 01 31 03 CF 00 2A 3A F2 25 A5 0C 01 31 05 E6 3D 77 00 50 2D 10 50 (58)
                              [N12:Z] MOTOR_I 0 17 (17)
                              [N12:Z] [undefined] 61 119 0 80 (1031209040)
                              [N12:Z] MOTOR_I 0 42 (42)
                              [N12:Z] [undefined] 61 119 0 80 (1031209040)
2026-03-02 18:22:27:721 [IN ] C8 24 0C 18 25 A5 0C 01 31 03 CF 00 19 29 E1 25 A5 0C 01 31 05 E6 3D 77 00 50 2D 10 50 C8 24 0C 18 25 A5 0C 01 31 03 CF 00 1F 2F E7 25 A5 0C 01 31 05 E6 3D 77 00 50 2D 10 50 (58)
                              [N12:Z] MOTOR_I 0 25 (25)
                              [N12:Z] [undefined] 61 119 0 80 (1031209040)
                              [N12:Z] MOTOR_I 0 31 (31)
                              [N12:Z] [undefined] 61 119 0 80 (1031209040)
2026-03-02 18:22:27:923 [IN ] C8 24 0C 0E 25 A5 0C 01 31 03 CF 00 1D 2D E5 25 A5 0C 01 C8 24 0C 0A 01 31 05 E6 3D 77 00 50 2D 10 E5 C8 24 0C 18 25 A5 0C 01 31 03 CF 00 22 32 EA 25 A5 0C 01 31 05 E6 3D 77 00 50 2D 10 50 (63)
                              [N12:Z] MOTOR_I 0 29 (29)
                              [N12:Z] [undefined] 61 119 0 80 (1031209040)
                              [N12:Z] MOTOR_I 0 34 (34)
                              [N12:Z] [undefined] 61 119 0 80 (1031209040)
2026-03-02 18:22:28:124 [IN ] C8 24 0C 18 25 A5 0C 01 31 03 CF 00 0F 1F D7 25 A5 0C 01 31 05 E6 3D 77 00 50 2D 10 50 C8 24 0C 18 25 A5 0C 01 31 03 CF 00 15 25 DD 25 A5 0C 01 31 05 E6 3D 77 00 50 2D 10 50 (58)
                              [N12:Z] MOTOR_I 0 15 (15)
                              [N12:Z] [undefined] 61 119 0 80 (1031209040)
                              [N12:Z] MOTOR_I 0 21 (21)
                              [N12:Z] [undefined] 61 119 0 80 (1031209040)
2026-03-02 18:22:28:325 [IN ] C8 24 0C 18 25 A5 0C 01 31 03 CF 00 21 31 E9 25 A5 0C 01 31 05 E6 3D 77 00 50 2D 10 50 C8 24 0C 18 25 A5 0C 01 31 03 CF 00 11 21 D9 25 A5 0C 01 31 05 E6 3D 77 00 50 2D 10 50 (58)
                              [N12:Z] MOTOR_I 0 33 (33)
                              [N12:Z] [undefined] 61 119 0 80 (1031209040)
                              [N12:Z] MOTOR_I 0 17 (17)
                              [N12:Z] [undefined] 61 119 0 80 (1031209040)
2026-03-02 18:22:28:526 [IN ] C8 24 0C 18 25 A5 0C 01 31 03 CF 00 1B 2B E3 25 A5 0C 01 31 05 E6 3D 77 00 50 2D 10 50 C8 24 0C 18 25 A5 0C 01 31 03 CF 00 1F 2F E7 25 A5 0C 01 31 05 E6 3D 77 00 50 2D 10 50 (58)
                              [N12:Z] MOTOR_I 0 27 (27)
                              [N12:Z] [undefined] 61 119 0 80 (1031209040)
                              [N12:Z] MOTOR_I 0 31 (31)
                              [N12:Z] [undefined] 61 119 0 80 (1031209040)
2026-03-02 18:22:28:727 [IN ] C8 24 0C 18 25 A5 0C 01 31 03 CF 00 10 20 D8 25 A5 0C 01 31 05 E6 3D 77 00 50 2D 10 50 C8 24 0C 18 25 A5 0C 01 31 03 CF 00 28 38 F0 25 A5 0C 01 31 05 E6 3D 77 00 50 2D 10 50 (58)
                              [N12:Z] MOTOR_I 0 16 (16)
                              [N12:Z] [undefined] 61 119 0 80 (1031209040)
                              [N12:Z] MOTOR_I 0 40 (40)
                              [N12:Z] [undefined] 61 119 0 80 (1031209040)
2026-03-02 18:22:28:929 [IN ] C8 24 0C 18 25 A5 0C 01 31 03 CF 00 13 23 DB 25 A5 0C 01 31 05 E6 3D 77 00 50 2D 10 50 C8 24 0C 18 25 A5 0C 01 31 03 CF 00 16 26 DE 25 A5 0C 01 31 05 E6 3D 77 00 50 2D 10 50 (58)
                              [N12:Z] MOTOR_I 0 19 (19)
                              [N12:Z] [undefined] 61 119 0 80 (1031209040)
                              [N12:Z] MOTOR_I 0 22 (22)
                              [N12:Z] [undefined] 61 119 0 80 (1031209040)
2026-03-02 18:22:29:130 [IN ] C8 24 0C 15 25 A5 0C 01 31 03 CF 00 23 33 EB 25 A5 0C 01 31 05 E6 3D 77 00 50 C8 24 0C 1B 50 2D 10 25 A5 0C 01 31 03 CF 00 1D 2D E5 25 A5 0C 01 31 05 E6 3D 77 00 50 2D 10 01 (58)
                              [N12:Z] MOTOR_I 0 35 (35)
                              [N12:Z] [undefined] 61 119 0 80 (1031209040)
                              [N12:Z] MOTOR_I 0 29 (29)
                              [N12:Z] [undefined] 61 119 0 80 (1031209040)
2026-03-02 18:22:29:331 [IN ] C8 24 0C 18 25 A5 0C 01 31 03 CF 00 25 35 ED 25 A5 0C 01 31 05 E6 3D 77 00 50 2D 10 50 C8 24 0C 18 25 A5 0C 01 31 03 CF 00 1E 2E E6 25 A5 0C 01 31 05 E6 3D 77 00 50 2D 10 50 (58)
                              [N12:Z] MOTOR_I 0 37 (37)
                              [N12:Z] [undefined] 61 119 0 80 (1031209040)
                              [N12:Z] MOTOR_I 0 30 (30)
                              [N12:Z] [undefined] 61 119 0 80 (1031209040)
2026-03-02 18:22:29:533 [IN ] C8 24 0C 18 25 A5 0C 01 31 03 CF 00 1C 2C E4 25 A5 0C 01 31 05 E6 3D 77 00 50 2D 10 50 C8 24 0C 18 25 A5 0C 01 31 03 CF 00 1A 2A E2 25 A5 0C 01 31 05 E6 3D 77 00 50 2D 10 50 (58)
                              [N12:Z] MOTOR_I 0 28 (28)
                              [N12:Z] [undefined] 61 119 0 80 (1031209040)
                              [N12:Z] MOTOR_I 0 26 (26)
                              [N12:Z] [undefined] 61 119 0 80 (1031209040)
2026-03-02 18:22:29:734 [IN ] C8 24 0C 18 25 A5 0C 01 31 03 CF 00 10 20 D8 25 A5 0C 01 31 05 E6 3D 77 00 50 2D 10 50 C8 24 0C 18 25 A5 0C 01 31 03 CF 00 27 37 EF 25 A5 0C 01 31 05 E6 3D 77 00 50 2D 10 50 (58)
                              [N12:Z] MOTOR_I 0 16 (16)
                              [N12:Z] [undefined] 61 119 0 80 (1031209040)
                              [N12:Z] MOTOR_I 0 39 (39)
                              [N12:Z] [undefined] 61 119 0 80 (1031209040)
2026-03-02 18:22:29:935 [IN ] C8 24 0C 18 25 A5 0C 01 31 03 CF 00 1D 2D E5 25 A5 0C 01 31 05 E6 3D 77 00 50 2D 10 50 C8 24 0C 18 25 A5 0C 01 31 03 CF 00 10 20 D8 25 A5 0C 01 31 05 E6 3D 77 00 50 2D 10 50 (58)
                              [N12:Z] MOTOR_I 0 29 (29)
                              [N12:Z] [undefined] 61 119 0 80 (1031209040)
                              [N12:Z] MOTOR_I 0 16 (16)
                              [N12:Z] [undefined] 61 119 0 80 (1031209040)
2026-03-02 18:22:30:136 [IN ] C8 24 0C 18 25 A5 0C 01 31 03 CF 00 1C 2C E4 25 A5 0C 01 31 05 E6 3D 77 00 50 2D 10 50 C8 24 0C 0E 25 A5 0C 01 31 03 CF 00 26 36 EE 25 A5 0C 01 C8 24 0C 0A 01 31 05 E6 3D 77 00 50 2D 10 EE (63)
                              [N12:Z] MOTOR_I 0 28 (28)
                              [N12:Z] [undefined] 61 119 0 80 (1031209040)
                              [N12:Z] MOTOR_I 0 38 (38)
                              [N12:Z] [undefined] 61 119 0 80 (1031209040)
2026-03-02 18:22:30:338 [IN ] C8 24 0C 18 25 A5 0C 01 31 03 CF 00 0F 1F D7 25 A5 0C 01 31 05 E6 3D 77 00 50 2D 10 50 C8 24 0C 18 25 A5 0C 01 31 03 CF 00 20 30 E8 25 A5 0C 01 31 05 E6 3D 77 00 50 2D 10 50 (58)
                              [N12:Z] MOTOR_I 0 15 (15)
                              [N12:Z] [undefined] 61 119 0 80 (1031209040)
                              [N12:Z] MOTOR_I 0 32 (32)
                              [N12:Z] [undefined] 61 119 0 80 (1031209040)
2026-03-02 18:22:30:539 [IN ] C8 24 0C 18 25 A5 0C 01 31 03 CF 00 20 30 E8 25 A5 0C 01 31 05 E6 3D 77 00 50 2D 10 50 C8 24 0C 18 25 A5 0C 01 31 03 CF 00 16 26 DE 25 A5 0C 01 31 05 E6 3D 77 00 50 2D 10 50 (58)
                              [N12:Z] MOTOR_I 0 32 (32)
                              [N12:Z] [undefined] 61 119 0 80 (1031209040)
                              [N12:Z] MOTOR_I 0 22 (22)
                              [N12:Z] [undefined] 61 119 0 80 (1031209040)
2026-03-02 18:22:30:741 [IN ] C8 24 0C 18 25 A5 0C 01 31 03 CF 00 14 24 DC 25 A5 0C 01 31 05 E6 3D 77 00 50 2D 10 50 C8 24 0C 18 25 A5 0C 01 31 03 CF 00 13 23 DB 25 A5 0C 01 31 05 E6 3D 77 00 50 2D 10 50 (58)
                              [N12:Z] MOTOR_I 0 20 (20)
                              [N12:Z] [undefined] 61 119 0 80 (1031209040)
                              [N12:Z] MOTOR_I 0 19 (19)
                              [N12:Z] [undefined] 61 119 0 80 (1031209040)
2026-03-02 18:22:30:943 [IN ] C8 24 0C 18 25 A5 0C 01 31 03 CF 00 2E 3E F6 25 A5 0C 01 31 05 E6 3D 77 00 50 2D 10 50 C8 24 0C 18 25 A5 0C 01 31 03 CF 00 36 46 FE 25 A5 0C 01 31 05 E6 3D 77 00 50 2D 10 50 (58)
                              [N12:Z] MOTOR_I 0 46 (46)
                              [N12:Z] [undefined] 61 119 0 80 (1031209040)
                              [N12:Z] MOTOR_I 0 54 (54)
                              [N12:Z] [undefined] 61 119 0 80 (1031209040)
2026-03-02 18:22:31:145 [IN ] C8 24 0C 18 25 A5 0C 01 31 03 CF 00 1F 2F E7 25 A5 0C 01 31 05 E6 3D 77 00 50 2D 10 50 C8 24 0C 18 25 A5 0C 01 31 03 CF 00 00 10 C8 25 A5 0C 01 31 05 E6 3D 77 00 00 DD C0 50 C8 24 0C 0E 25 A5 
0C 01 31 06 81 45 FF D1 1B 34 29 6B 01 (77)
                              [N12:Z] MOTOR_I 0 31 (31)
                              [N12:Z] [undefined] 61 119 0 80 (1031209040)
                              [N12:Z] MOTOR_I 0 0 (0)
                              [N12:Z] [undefined] 61 119 0 0 (1031208960)
                              [N12:Z] TPOS 'E' 255 209 27 52 (-3073228)
2026-03-02 18:22:31:349 [IN ] C8 24 0C 0E 25 A5 0C 01 31 03 CF 00 00 10 C8 25 A5 0C 01 C8 24 0C 0A 01 31 05 E6 3D 77 00 00 DD C0 C8 C8 24 0C 15 25 A5 0C 01 31 03 CF 00 00 10 C8 25 A5 0C 01 31 05 E6 3D 77 00 00 (60)
                              [N12:Z] MOTOR_I 0 0 (0)
                              [N12:Z] [undefined] 61 119 0 0 (1031208960)
                              [N12:Z] MOTOR_I 0 0 (0)
2026-03-02 18:22:31:550 [IN ] C8 24 0C 1B 00 DD C0 25 A5 0C 01 31 03 CF 00 00 10 C8 25 A5 0C 01 31 05 E6 3D 77 00 00 DD C0 01 C8 24 0C 18 25 A5 0C 01 31 03 CF 00 00 10 C8 25 A5 0C 01 31 05 E6 3D 77 00 00 DD C0 00 (61)
                              [N12:Z] [undefined] 61 119 0 0 (1031208960)
                              [N12:Z] MOTOR_I 0 0 (0)
                              [N12:Z] [undefined] 61 119 0 0 (1031208960)
                              [N12:Z] MOTOR_I 0 0 (0)
                              [N12:Z] [undefined] 61 119 0 0 (1031208960)
2026-03-02 18:22:31:752 [IN ] C8 24 0C 18 25 A5 0C 01 31 03 CF 00 00 10 C8 25 A5 0C 01 31 05 E6 3D 77 00 00 DD C0 00 C8 24 0C 18 25 A5 0C 01 31 03 CF 00 00 10 C8 25 A5 0C 01 31 05 E6 3D 77 00 00 DD C0 00 (58)
                              [N12:Z] MOTOR_I 0 0 (0)
                              [N12:Z] [undefined] 61 119 0 0 (1031208960)
                              [N12:Z] MOTOR_I 0 0 (0)
                              [N12:Z] [undefined] 61 119 0 0 (1031208960)
2026-03-02 18:22:31:953 [IN ] C8 24 0C 18 25 A5 0C 01 31 03 CF 00 00 10 C8 25 A5 0C 01 31 05 E6 3D 77 00 00 DD C0 00 C8 24 0C 18 25 A5 0C 01 31 03 CF 00 00 10 C8 25 A5 0C 01 31 05 E6 3D 77 00 00 DD C0 00 (58)
                              [N12:Z] MOTOR_I 0 0 (0)
                              [N12:Z] [undefined] 61 119 0 0 (1031208960)
                              [N12:Z] MOTOR_I 0 0 (0)
                              [N12:Z] [undefined] 61 119 0 0 (1031208960)
2026-03-02 18:22:32:154 [IN ] C8 24 0C 18 25 A5 0C 01 31 03 CF 00 00 10 C8 25 A5 0C 01 31 05 E6 3D 77 00 00 DD C0 00 C8 24 0C 18 25 A5 0C 01 31 03 CF 00 00 10 C8 25 A5 0C 01 31 05 E6 3D 77 00 00 DD C0 00 (58)
                              [N12:Z] MOTOR_I 0 0 (0)
                              [N12:Z] [undefined] 61 119 0 0 (1031208960)
                              [N12:Z] MOTOR_I 0 0 (0)
                              [N12:Z] [undefined] 61 119 0 0 (1031208960)
2026-03-02 18:22:32:355 [IN ] C8 24 07 0E 25 A5 07 01 31 06 81 45 FF F3 3A 65 96 0E 01 C8 24 0C 18 25 A5 0C 01 31 03 CF 00 00 10 C8 25 A5 0C 01 31 05 E6 3D 77 00 00 DD C0 00 C8 24 0C 18 25 A5 0C 01 31 03 CF 00 00 10 C8 25 
A5 0C 01 31 05 E6 3D 77 00 00 DD C0 00 (77)
                              [N7:N] TPOS 'E' 255 243 58 101 (-837019)
                              [N12:Z] MOTOR_I 0 0 (0)
                              [N12:Z] [undefined] 61 119 0 0 (1031208960)
                              [N12:Z] MOTOR_I 0 0 (0)
                              [N12:Z] [undefined] 61 119 0 0 (1031208960)
