DateTime,Axis,CurPosCount,CurPosUnit,CmdID,TgtPosCount,TgtPosUnit,DiffCount,DiffUnit
2026-01-22 11:49:32:253,Z,-3072837,-34.89,TPOS,-440320,-5.0000,2632517,29.8932
2026-01-22 11:49:32:275,X,-1200604,-20.45,TPOS,-293546,-5.0000,907058,15.4500
2026-01-22 11:49:32:546,Z,-3072837,-34.89,TPOS_S,-,-,-,-
2026-01-22 11:49:32:691,X,-1200604,-20.45,TPOS_S,-,-,-,-
2026-01-22 11:49:39:919,X,-293487,-5.00,TPOS_E,-293546,-5.0000,-59,-0.0010
2026-01-22 11:49:40:344,X,-293487,-5.00,TPOS,-910277,-15.5048,-616790,-10.5058
2026-01-22 11:49:40:551,X,-293487,-5.00,TPOS_S,-,-,-,-
2026-01-22 11:49:43:762,X,-910958,-15.52,TPOS_E,-910277,-15.5048,681,0.0116
2026-01-22 11:49:44:187,X,-910958,-15.52,TPOS,-293546,-5.0000,617412,10.5164
2026-01-22 11:49:44:373,X,-910958,-15.52,TPOS_S,-,-,-,-
2026-01-22 11:49:46:180,Z,-439993,-5.00,TPOS_E,-440320,-5.0000,-327,-0.0037
2026-01-22 11:49:46:604,Z,-439993,-5.00,TPOS,-3875502,-44.0078,-3435509,-39.0115
2026-01-22 11:49:46:792,Z,-439993,-5.00,TPOS_S,-,-,-,-
2026-01-22 11:49:49:198,X,-293492,-5.00,TPOS_E,-293546,-5.0000,-54,-0.0009
2026-01-22 11:49:49:622,X,-293492,-5.00,TPOS,-910277,-15.5048,-616785,-10.5057
2026-01-22 11:49:49:808,X,-293492,-5.00,TPOS_S,-,-,-,-
2026-01-22 11:49:53:019,X,-910948,-15.52,TPOS_E,-910277,-15.5048,671,0.0114
2026-01-22 11:49:53:446,X,-910948,-15.52,TPOS,-293546,-5.0000,617402,10.5163
2026-01-22 11:49:53:655,X,-910948,-15.52,TPOS_S,-,-,-,-
2026-01-22 11:49:58:268,X,-293462,-5.00,TPOS_E,-293546,-5.0000,-84,-0.0014
2026-01-22 11:49:58:694,X,-293462,-5.00,TPOS,-910277,-15.5048,-616815,-10.5063
2026-01-22 11:49:58:879,X,-293462,-5.00,TPOS_S,-,-,-,-
2026-01-22 11:50:02:089,X,-910956,-15.52,TPOS_E,-910277,-15.5048,679,0.0116
2026-01-22 11:50:02:513,X,-910956,-15.52,TPOS,-293546,-5.0000,617410,10.5164
2026-01-22 11:50:02:698,X,-910956,-15.52,TPOS_S,-,-,-,-
2026-01-22 11:50:04:304,Z,-3876248,-44.02,TPOS_E,-3875502,-44.0078,746,0.0085
2026-01-22 11:50:04:730,Z,-3876248,-44.02,TPOS,-440320,-5.0000,3435928,39.0163
2026-01-22 11:50:04:915,Z,-3876248,-44.02,TPOS_S,-,-,-,-
2026-01-22 11:50:07:322,X,-293472,-5.00,TPOS_E,-293546,-5.0000,-74,-0.0013
2026-01-22 11:50:07:747,X,-293472,-5.00,TPOS,-910277,-15.5048,-616805,-10.5061
2026-01-22 11:50:07:953,X,-293472,-5.00,TPOS_S,-,-,-,-
2026-01-22 11:50:11:165,X,-910953,-15.52,TPOS_E,-910277,-15.5048,676,0.0115
2026-01-22 11:50:11:592,X,-910953,-15.52,TPOS,-293546,-5.0000,617407,10.5163
2026-01-22 11:50:11:778,X,-910953,-15.52,TPOS_S,-,-,-,-
2026-01-22 11:50:16:393,X,-293471,-5.00,TPOS_E,-293546,-5.0000,-75,-0.0013
2026-01-22 11:50:16:818,X,-293471,-5.00,TPOS,-910277,-15.5048,-616806,-10.5061
2026-01-22 11:50:17:004,X,-293471,-5.00,TPOS_S,-,-,-,-
2026-01-22 11:50:20:214,X,-910966,-15.52,TPOS_E,-910277,-15.5048,689,0.0117
2026-01-22 11:50:20:639,X,-910966,-15.52,TPOS,-293546,-5.0000,617420,10.5166
2026-01-22 11:50:20:826,X,-910966,-15.52,TPOS_S,-,-,-,-
2026-01-22 11:50:22:434,Z,-440016,-5.00,TPOS_E,-440320,-5.0000,-304,-0.0035
2026-01-22 11:50:22:858,Z,-440016,-5.00,TPOS,-3875502,-44.0078,-3435486,-39.0112
2026-01-22 11:50:23:043,Z,-440016,-5.00,TPOS_S,-,-,-,-
2026-01-22 11:50:25:451,X,-293468,-5.00,TPOS_E,-293546,-5.0000,-78,-0.0013
2026-01-22 11:50:25:877,X,-293468,-5.00,TPOS,-910277,-15.5048,-616809,-10.5061
2026-01-22 11:50:26:061,X,-293468,-5.00,TPOS_S,-,-,-,-
2026-01-22 11:50:29:271,X,-910993,-15.52,TPOS_E,-910277,-15.5048,716,0.0122
2026-01-22 11:50:29:697,X,-910993,-15.52,TPOS,-293546,-5.0000,617447,10.5170
2026-01-22 11:50:29:904,X,-910993,-15.52,TPOS_S,-,-,-,-
2026-01-22 11:50:34:517,X,-293462,-5.00,TPOS_E,-293546,-5.0000,-84,-0.0014
2026-01-22 11:50:34:942,X,-293462,-5.00,TPOS,-910277,-15.5048,-616815,-10.5063
2026-01-22 11:50:35:148,X,-293462,-5.00,TPOS_S,-,-,-,-
2026-01-22 11:50:38:358,X,-910952,-15.52,TPOS_E,-910277,-15.5048,675,0.0115
2026-01-22 11:50:38:782,X,-910952,-15.52,TPOS,-293546,-5.0000,617406,10.5163
2026-01-22 11:50:38:988,X,-910952,-15.52,TPOS_S,-,-,-,-
2026-01-22 11:50:40:593,Z,-3876250,-44.02,TPOS_E,-3875502,-44.0078,748,0.0085
2026-01-22 11:50:41:018,Z,-3876250,-44.02,TPOS,-440320,-5.0000,3435930,39.0163
2026-01-22 11:50:41:203,Z,-3876250,-44.02,TPOS_S,-,-,-,-
2026-01-22 11:50:43:612,X,-293463,-5.00,TPOS_E,-293546,-5.0000,-83,-0.0014
2026-01-22 11:50:44:037,X,-293463,-5.00,TPOS,-910277,-15.5048,-616814,-10.5062
2026-01-22 11:50:44:225,X,-293463,-5.00,TPOS_S,-,-,-,-
2026-01-22 11:50:47:436,X,-910971,-15.52,TPOS_E,-910277,-15.5048,694,0.0118
2026-01-22 11:50:47:861,X,-910971,-15.52,TPOS,-293546,-5.0000,617425,10.5166
2026-01-22 11:50:48:049,X,-910971,-15.52,TPOS_S,-,-,-,-
2026-01-22 11:50:52:665,X,-293472,-5.00,TPOS_E,-293546,-5.0000,-74,-0.0013
2026-01-22 11:50:53:090,X,-293472,-5.00,TPOS,-910277,-15.5048,-616805,-10.5061
2026-01-22 11:50:53:277,X,-293472,-5.00,TPOS_S,-,-,-,-
2026-01-22 11:50:56:486,X,-910979,-15.52,TPOS_E,-910277,-15.5048,702,0.0120
2026-01-22 11:50:56:911,X,-910979,-15.52,TPOS,-293546,-5.0000,617433,10.5168
2026-01-22 11:50:57:097,X,-910979,-15.52,TPOS_S,-,-,-,-
2026-01-22 11:50:58:702,Z,-440033,-5.00,TPOS_E,-440320,-5.0000,-287,-0.0033
2026-01-22 11:50:59:129,Z,-440033,-5.00,TPOS,-3875502,-44.0078,-3435469,-39.0110
2026-01-22 11:50:59:335,Z,-440033,-5.00,TPOS_S,-,-,-,-
2026-01-22 11:51:01:742,X,-293472,-5.00,TPOS_E,-293546,-5.0000,-74,-0.0013
2026-01-22 11:51:02:167,X,-293472,-5.00,TPOS,-910277,-15.5048,-616805,-10.5061
2026-01-22 11:51:02:353,X,-293472,-5.00,TPOS_S,-,-,-,-
2026-01-22 11:51:05:563,X,-910957,-15.52,TPOS_E,-910277,-15.5048,680,0.0116
2026-01-22 11:51:05:988,X,-910957,-15.52,TPOS,-293546,-5.0000,617411,10.5164
2026-01-22 11:51:06:176,X,-910957,-15.52,TPOS_S,-,-,-,-
2026-01-22 11:51:10:792,X,-293459,-5.00,TPOS_E,-293546,-5.0000,-87,-0.0015
2026-01-22 11:51:11:217,X,-293459,-5.00,TPOS,-910277,-15.5048,-616818,-10.5063
2026-01-22 11:51:11:404,X,-293459,-5.00,TPOS_S,-,-,-,-
2026-01-22 11:51:14:616,X,-910964,-15.52,TPOS_E,-910277,-15.5048,687,0.0117
2026-01-22 11:51:15:043,X,-910964,-15.52,TPOS,-293546,-5.0000,617418,10.5165
2026-01-22 11:51:15:249,X,-910964,-15.52,TPOS_S,-,-,-,-
2026-01-22 11:51:16:855,Z,-3876250,-44.02,TPOS_E,-3875502,-44.0078,748,0.0085
2026-01-22 11:51:17:281,Z,-3876250,-44.02,TPOS,-440320,-5.0000,3435930,39.0163
2026-01-22 11:51:17:467,Z,-3876250,-44.02,TPOS_S,-,-,-,-
2026-01-22 11:51:19:874,X,-293464,-5.00,TPOS_E,-293546,-5.0000,-82,-0.0014
2026-01-22 11:51:20:302,X,-293464,-5.00,TPOS,-910277,-15.5048,-616813,-10.5062
2026-01-22 11:51:20:489,X,-293464,-5.00,TPOS_S,-,-,-,-
2026-01-22 11:51:23:701,X,-910960,-15.52,TPOS_E,-910277,-15.5048,683,0.0116
2026-01-22 11:51:24:127,X,-910960,-15.52,TPOS,-293546,-5.0000,617414,10.5165
2026-01-22 11:51:24:294,X,-910960,-15.52,TPOS_S,-,-,-,-
2026-01-22 11:51:28:905,X,-293451,-5.00,TPOS_E,-293546,-5.0000,-95,-0.0016
2026-01-22 11:51:29:330,X,-293451,-5.00,TPOS,-910277,-15.5048,-616826,-10.5064
2026-01-22 11:51:29:517,X,-293451,-5.00,TPOS_S,-,-,-,-
2026-01-22 11:51:32:728,X,-910954,-15.52,TPOS_E,-910277,-15.5048,677,0.0115
2026-01-22 11:51:33:154,X,-910954,-15.52,TPOS,-293546,-5.0000,617408,10.5164
2026-01-22 11:51:33:340,X,-910954,-15.52,TPOS_S,-,-,-,-
2026-01-22 11:51:34:946,Z,-440040,-5.00,TPOS_E,-440320,-5.0000,-280,-0.0032
2026-01-22 11:51:35:369,Z,-440040,-5.00,TPOS,-3875502,-44.0078,-3435462,-39.0110
2026-01-22 11:51:35:554,Z,-440040,-5.00,TPOS_S,-,-,-,-
2026-01-22 11:51:37:963,X,-293459,-5.00,TPOS_E,-293546,-5.0000,-87,-0.0015
2026-01-22 11:51:38:388,X,-293459,-5.00,TPOS,-910277,-15.5048,-616818,-10.5063
2026-01-22 11:51:38:573,X,-293459,-5.00,TPOS_S,-,-,-,-
2026-01-22 11:51:41:783,X,-910959,-15.52,TPOS_E,-910277,-15.5048,682,0.0116
2026-01-22 11:51:42:208,X,-910959,-15.52,TPOS,-293546,-5.0000,617413,10.5164
2026-01-22 11:51:42:394,X,-910959,-15.52,TPOS_S,-,-,-,-
2026-01-22 11:51:47:008,X,-293447,-5.00,TPOS_E,-293546,-5.0000,-99,-0.0017
2026-01-22 11:51:47:433,X,-293447,-5.00,TPOS,-910277,-15.5048,-616830,-10.5065
2026-01-22 11:51:47:620,X,-293447,-5.00,TPOS_S,-,-,-,-
2026-01-22 11:51:50:831,X,-910952,-15.52,TPOS_E,-910277,-15.5048,675,0.0115
2026-01-22 11:51:51:257,X,-910952,-15.52,TPOS,-293546,-5.0000,617406,10.5163
2026-01-22 11:51:51:443,X,-910952,-15.52,TPOS_S,-,-,-,-
2026-01-22 11:51:53:049,Z,-3876255,-44.02,TPOS_E,-3875502,-44.0078,753,0.0086
2026-01-22 11:51:53:473,Z,-3876255,-44.02,TPOS,-440320,-5.0000,3435935,39.0163
2026-01-22 11:51:53:660,Z,-3876255,-44.02,TPOS_S,-,-,-,-
2026-01-22 11:51:56:069,X,-293459,-5.00,TPOS_E,-293546,-5.0000,-87,-0.0015
2026-01-22 11:51:56:496,X,-293459,-5.00,TPOS,-910277,-15.5048,-616818,-10.5063
2026-01-22 11:51:56:683,X,-293459,-5.00,TPOS_S,-,-,-,-
2026-01-22 11:51:59:892,X,-910950,-15.52,TPOS_E,-910277,-15.5048,673,0.0115
2026-01-22 11:52:00:317,X,-910950,-15.52,TPOS,-293546,-5.0000,617404,10.5163
2026-01-22 11:52:00:503,X,-910950,-15.52,TPOS_S,-,-,-,-
2026-01-22 11:52:05:114,X,-293447,-5.00,TPOS_E,-293546,-5.0000,-99,-0.0017
2026-01-22 11:52:05:540,X,-293447,-5.00,TPOS,-910277,-15.5048,-616830,-10.5065
2026-01-22 11:52:05:704,X,-293447,-5.00,TPOS_S,-,-,-,-
2026-01-22 11:52:08:914,X,-910954,-15.52,TPOS_E,-910277,-15.5048,677,0.0115
2026-01-22 11:52:09:339,X,-910954,-15.52,TPOS,-293546,-5.0000,617408,10.5164
2026-01-22 11:52:09:525,X,-910954,-15.52,TPOS_S,-,-,-,-
2026-01-22 11:52:11:132,Z,-440081,-5.00,TPOS_E,-440320,-5.0000,-239,-0.0027
2026-01-22 11:52:11:559,Z,-440081,-5.00,TPOS,-3875502,-44.0078,-3435421,-39.0105
2026-01-22 11:52:11:745,Z,-440081,-5.00,TPOS_S,-,-,-,-
2026-01-22 11:52:14:154,X,-293472,-5.00,TPOS_E,-293546,-5.0000,-74,-0.0013
2026-01-22 11:52:14:578,X,-293472,-5.00,TPOS,-910277,-15.5048,-616805,-10.5061
2026-01-22 11:52:14:764,X,-293472,-5.00,TPOS_S,-,-,-,-
2026-01-22 11:52:17:973,X,-910942,-15.52,TPOS_E,-910277,-15.5048,665,0.0113
2026-01-22 11:52:18:399,X,-910942,-15.52,TPOS,-293546,-5.0000,617396,10.5161
2026-01-22 11:52:18:564,X,-910942,-15.52,TPOS_S,-,-,-,-
2026-01-22 11:52:23:176,X,-293452,-5.00,TPOS_E,-293546,-5.0000,-94,-0.0016
2026-01-22 11:52:23:601,X,-293452,-5.00,TPOS,-910277,-15.5048,-616825,-10.5064
2026-01-22 11:52:23:788,X,-293452,-5.00,TPOS_S,-,-,-,-
2026-01-22 11:52:27:000,X,-910950,-15.52,TPOS_E,-910277,-15.5048,673,0.0115
2026-01-22 11:52:27:425,X,-910950,-15.52,TPOS,-293546,-5.0000,617404,10.5163
2026-01-22 11:52:27:611,X,-910950,-15.52,TPOS_S,-,-,-,-
2026-01-22 11:52:29:418,Z,-3876249,-44.02,TPOS_E,-3875502,-44.0078,747,0.0085
2026-01-22 11:52:29:842,Z,-3876249,-44.02,TPOS,-440320,-5.0000,3435929,39.0163
2026-01-22 11:52:30:027,Z,-3876249,-44.02,TPOS_S,-,-,-,-
2026-01-22 11:52:32:233,X,-293452,-5.00,TPOS_E,-293546,-5.0000,-94,-0.0016
2026-01-22 11:52:32:658,X,-293452,-5.00,TPOS,-910277,-15.5048,-616825,-10.5064
2026-01-22 11:52:32:864,X,-293452,-5.00,TPOS_S,-,-,-,-
2026-01-22 11:52:36:072,X,-910958,-15.52,TPOS_E,-910277,-15.5048,681,0.0116
2026-01-22 11:52:36:498,X,-910958,-15.52,TPOS,-293546,-5.0000,617412,10.5164
2026-01-22 11:52:36:685,X,-910958,-15.52,TPOS_S,-,-,-,-
2026-01-22 11:52:41:301,X,-293446,-5.00,TPOS_E,-293546,-5.0000,-100,-0.0017
2026-01-22 11:52:41:725,X,-293446,-5.00,TPOS,-910277,-15.5048,-616831,-10.5065
2026-01-22 11:52:41:910,X,-293446,-5.00,TPOS_S,-,-,-,-
2026-01-22 11:52:45:121,X,-910964,-15.52,TPOS_E,-910277,-15.5048,687,0.0117
2026-01-22 11:52:45:546,X,-910964,-15.52,TPOS,-293546,-5.0000,617418,10.5165
2026-01-22 11:52:45:734,X,-910964,-15.52,TPOS_S,-,-,-,-
2026-01-22 11:52:47:539,Z,-440120,-5.00,TPOS_E,-440320,-5.0000,-200,-0.0023
2026-01-22 11:52:47:964,Z,-440120,-5.00,TPOS,-3875502,-44.0078,-3435382,-39.0101
2026-01-22 11:52:48:149,Z,-440120,-5.00,TPOS_S,-,-,-,-
2026-01-22 11:52:50:356,X,-293463,-5.00,TPOS_E,-293546,-5.0000,-83,-0.0014
2026-01-22 11:52:50:782,X,-293463,-5.00,TPOS,-910277,-15.5048,-616814,-10.5062
2026-01-22 11:52:50:968,X,-293463,-5.00,TPOS_S,-,-,-,-
2026-01-22 11:52:54:177,X,-910952,-15.52,TPOS_E,-910277,-15.5048,675,0.0115
2026-01-22 11:52:54:603,X,-910952,-15.52,TPOS,-293546,-5.0000,617406,10.5163
2026-01-22 11:52:54:789,X,-910952,-15.52,TPOS_S,-,-,-,-
2026-01-22 11:52:59:402,X,-293450,-5.00,TPOS_E,-293546,-5.0000,-96,-0.0016
2026-01-22 11:52:59:826,X,-293450,-5.00,TPOS,-910277,-15.5048,-616827,-10.5065
2026-01-22 11:53:00:012,X,-293450,-5.00,TPOS_S,-,-,-,-
2026-01-22 11:53:03:222,X,-910950,-15.52,TPOS_E,-910277,-15.5048,673,0.0115
2026-01-22 11:53:03:647,X,-910950,-15.52,TPOS,-293546,-5.0000,617404,10.5163
2026-01-22 11:53:03:832,X,-910950,-15.52,TPOS_S,-,-,-,-
2026-01-22 11:53:05:640,Z,-3876257,-44.02,TPOS_E,-3875502,-44.0078,755,0.0086
2026-01-22 11:53:06:065,Z,-3876257,-44.02,TPOS,-440320,-5.0000,3435937,39.0164
2026-01-22 11:53:06:249,Z,-3876257,-44.02,TPOS_S,-,-,-,-
2026-01-22 11:53:08:456,X,-293459,-5.00,TPOS_E,-293546,-5.0000,-87,-0.0015
2026-01-22 11:53:08:883,X,-293459,-5.00,TPOS,-910277,-15.5048,-616818,-10.5063
2026-01-22 11:53:09:070,X,-293459,-5.00,TPOS_S,-,-,-,-
2026-01-22 11:53:12:280,X,-910954,-15.52,TPOS_E,-910277,-15.5048,677,0.0115
2026-01-22 11:53:12:704,X,-910954,-15.52,TPOS,-293546,-5.0000,617408,10.5164
2026-01-22 11:53:12:889,X,-910954,-15.52,TPOS_S,-,-,-,-
2026-01-22 11:53:17:505,X,-293459,-5.00,TPOS_E,-293546,-5.0000,-87,-0.0015
2026-01-22 11:53:17:931,X,-293459,-5.00,TPOS,-910277,-15.5048,-616818,-10.5063
2026-01-22 11:53:18:115,X,-293459,-5.00,TPOS_S,-,-,-,-
2026-01-22 11:53:21:325,X,-910967,-15.52,TPOS_E,-910277,-15.5048,690,0.0118
2026-01-22 11:53:21:752,X,-910967,-15.52,TPOS,-293546,-5.0000,617421,10.5166
2026-01-22 11:53:21:939,X,-910967,-15.52,TPOS_S,-,-,-,-
2026-01-22 11:53:23:747,Z,-440125,-5.00,TPOS_E,-440320,-5.0000,-195,-0.0022
2026-01-22 11:53:24:172,Z,-440125,-5.00,TPOS,-3875502,-44.0078,-3435377,-39.0100
2026-01-22 11:53:24:358,Z,-440125,-5.00,TPOS_S,-,-,-,-
2026-01-22 11:53:26:564,X,-293460,-5.00,TPOS_E,-293546,-5.0000,-86,-0.0015
2026-01-22 11:53:26:990,X,-293460,-5.00,TPOS,-910277,-15.5048,-616817,-10.5063
2026-01-22 11:53:27:175,X,-293460,-5.00,TPOS_S,-,-,-,-
2026-01-22 11:53:30:386,X,-910993,-15.52,TPOS_E,-910277,-15.5048,716,0.0122
2026-01-22 11:53:30:813,X,-910993,-15.52,TPOS,-293546,-5.0000,617447,10.5170
2026-01-22 11:53:30:998,X,-910993,-15.52,TPOS_S,-,-,-,-
2026-01-22 11:53:35:613,X,-293465,-5.00,TPOS_E,-293546,-5.0000,-81,-0.0014
2026-01-22 11:53:36:039,X,-293465,-5.00,TPOS,-910277,-15.5048,-616812,-10.5062
2026-01-22 11:53:36:225,X,-293465,-5.00,TPOS_S,-,-,-,-
2026-01-22 11:53:39:437,X,-910992,-15.52,TPOS_E,-910277,-15.5048,715,0.0122
2026-01-22 11:53:39:863,X,-910992,-15.52,TPOS,-293546,-5.0000,617446,10.5170
2026-01-22 11:53:40:049,X,-910992,-15.52,TPOS_S,-,-,-,-
2026-01-22 11:53:41:856,Z,-3876271,-44.02,TPOS_E,-3875502,-44.0078,769,0.0087
2026-01-22 11:53:42:279,Z,-3876271,-44.02,TPOS,-440320,-5.0000,3435951,39.0165
2026-01-22 11:53:42:443,Z,-3876271,-44.02,TPOS_S,-,-,-,-
2026-01-22 11:53:44:651,X,-293450,-5.00,TPOS_E,-293546,-5.0000,-96,-0.0016
2026-01-22 11:53:45:077,X,-293450,-5.00,TPOS,-910277,-15.5048,-616827,-10.5065
2026-01-22 11:53:45:284,X,-293450,-5.00,TPOS_S,-,-,-,-
2026-01-22 11:53:48:494,X,-910988,-15.52,TPOS_E,-910277,-15.5048,711,0.0121
2026-01-22 11:53:48:918,X,-910988,-15.52,TPOS,-293546,-5.0000,617442,10.5169
2026-01-22 11:53:49:103,X,-910988,-15.52,TPOS_S,-,-,-,-
2026-01-22 11:53:53:717,X,-293461,-5.00,TPOS_E,-293546,-5.0000,-85,-0.0014
2026-01-22 11:53:54:143,X,-293461,-5.00,TPOS,-910277,-15.5048,-616816,-10.5063
2026-01-22 11:53:54:329,X,-293461,-5.00,TPOS_S,-,-,-,-
2026-01-22 11:53:57:539,X,-910966,-15.52,TPOS_E,-910277,-15.5048,689,0.0117
2026-01-22 11:53:57:964,X,-910966,-15.52,TPOS,-293546,-5.0000,617420,10.5166
2026-01-22 11:53:58:150,X,-910966,-15.52,TPOS_S,-,-,-,-
2026-01-22 11:53:59:956,Z,-440130,-5.00,TPOS_E,-440320,-5.0000,-190,-0.0022
2026-01-22 11:54:00:383,Z,-440130,-5.00,TPOS,-3875502,-44.0078,-3435372,-39.0099
2026-01-22 11:54:00:590,Z,-440130,-5.00,TPOS_S,-,-,-,-
2026-01-22 11:54:02:799,X,-293459,-5.00,TPOS_E,-293546,-5.0000,-87,-0.0015
2026-01-22 11:54:03:224,X,-293459,-5.00,TPOS,-910277,-15.5048,-616818,-10.5063
2026-01-22 11:54:03:409,X,-293459,-5.00,TPOS_S,-,-,-,-
2026-01-22 11:54:06:619,X,-910986,-15.52,TPOS_E,-910277,-15.5048,709,0.0121
2026-01-22 11:54:07:045,X,-910986,-15.52,TPOS,-293546,-5.0000,617440,10.5169
2026-01-22 11:54:07:230,X,-910986,-15.52,TPOS_S,-,-,-,-
2026-01-22 11:54:11:846,X,-293450,-5.00,TPOS_E,-293546,-5.0000,-96,-0.0016
2026-01-22 11:54:12:272,X,-293450,-5.00,TPOS,-910277,-15.5048,-616827,-10.5065
2026-01-22 11:54:12:457,X,-293450,-5.00,TPOS_S,-,-,-,-
2026-01-22 11:54:15:667,X,-910980,-15.52,TPOS_E,-910277,-15.5048,703,0.0120
2026-01-22 11:54:16:093,X,-910980,-15.52,TPOS,-293546,-5.0000,617434,10.5168
2026-01-22 11:54:16:300,X,-910980,-15.52,TPOS_S,-,-,-,-
2026-01-22 11:54:18:107,Z,-3876248,-44.02,TPOS_E,-3875502,-44.0078,746,0.0085
2026-01-22 11:54:18:533,Z,-3876248,-44.02,TPOS,-440320,-5.0000,3435928,39.0163
2026-01-22 11:54:18:737,Z,-3876248,-44.02,TPOS_S,-,-,-,-
2026-01-22 11:54:20:944,X,-293456,-5.00,TPOS_E,-293546,-5.0000,-90,-0.0015
2026-01-22 11:54:21:371,X,-293456,-5.00,TPOS,-910277,-15.5048,-616821,-10.5064
2026-01-22 11:54:21:556,X,-293456,-5.00,TPOS_S,-,-,-,-
2026-01-22 11:54:24:767,X,-910955,-15.52,TPOS_E,-910277,-15.5048,678,0.0115
2026-01-22 11:54:25:192,X,-910955,-15.52,TPOS,-293546,-5.0000,617409,10.5164
2026-01-22 11:54:25:377,X,-910955,-15.52,TPOS_S,-,-,-,-
2026-01-22 11:54:29:989,X,-293458,-5.00,TPOS_E,-293546,-5.0000,-88,-0.0015
2026-01-22 11:54:30:418,X,-293458,-5.00,TPOS,-910277,-15.5048,-616819,-10.5063
2026-01-22 11:54:30:583,X,-293458,-5.00,TPOS_S,-,-,-,-
2026-01-22 11:54:33:793,X,-910971,-15.52,TPOS_E,-910277,-15.5048,694,0.0118
2026-01-22 11:54:34:221,X,-910971,-15.52,TPOS,-293546,-5.0000,617425,10.5166
2026-01-22 11:54:34:407,X,-910971,-15.52,TPOS_S,-,-,-,-
2026-01-22 11:54:36:213,Z,-440121,-5.00,TPOS_E,-440320,-5.0000,-199,-0.0023
2026-01-22 11:54:36:640,Z,-440121,-5.00,TPOS,-3875502,-44.0078,-3435381,-39.0100
2026-01-22 11:54:36:845,Z,-440121,-5.00,TPOS_S,-,-,-,-
2026-01-22 11:54:39:052,X,-293459,-5.00,TPOS_E,-293546,-5.0000,-87,-0.0015
2026-01-22 11:54:39:476,X,-293459,-5.00,TPOS,-910277,-15.5048,-616818,-10.5063
2026-01-22 11:54:39:665,X,-293459,-5.00,TPOS_S,-,-,-,-
2026-01-22 11:54:42:877,X,-910955,-15.52,TPOS_E,-910277,-15.5048,678,0.0115
2026-01-22 11:54:43:302,X,-910955,-15.52,TPOS,-293546,-5.0000,617409,10.5164
2026-01-22 11:54:43:508,X,-910955,-15.52,TPOS_S,-,-,-,-
2026-01-22 11:54:48:121,X,-293449,-5.00,TPOS_E,-293546,-5.0000,-97,-0.0017
2026-01-22 11:54:48:546,X,-293449,-5.00,TPOS,-910277,-15.5048,-616828,-10.5065
2026-01-22 11:54:48:733,X,-293449,-5.00,TPOS_S,-,-,-,-
2026-01-22 11:54:51:945,X,-910975,-15.52,TPOS_E,-910277,-15.5048,698,0.0119
2026-01-22 11:54:52:375,X,-910975,-15.52,TPOS,-293546,-5.0000,617429,10.5167
2026-01-22 11:54:52:561,X,-910975,-15.52,TPOS_S,-,-,-,-
2026-01-22 11:54:54:367,Z,-3876278,-44.02,TPOS_E,-3875502,-44.0078,776,0.0088
2026-01-22 11:54:54:791,Z,-3876278,-44.02,TPOS,-440320,-5.0000,3435958,39.0166
2026-01-22 11:54:54:997,Z,-3876278,-44.02,TPOS_S,-,-,-,-
2026-01-22 11:54:57:204,X,-293450,-5.00,TPOS_E,-293546,-5.0000,-96,-0.0016
2026-01-22 11:54:57:629,X,-293450,-5.00,TPOS,-910277,-15.5048,-616827,-10.5065
2026-01-22 11:54:57:816,X,-293450,-5.00,TPOS_S,-,-,-,-
2026-01-22 11:55:01:028,X,-910989,-15.52,TPOS_E,-910277,-15.5048,712,0.0121
2026-01-22 11:55:01:452,X,-910989,-15.52,TPOS,-293546,-5.0000,617443,10.5169
2026-01-22 11:55:01:637,X,-910989,-15.52,TPOS_S,-,-,-,-
2026-01-22 11:55:06:251,X,-293458,-5.00,TPOS_E,-293546,-5.0000,-88,-0.0015
2026-01-22 11:55:06:677,X,-293458,-5.00,TPOS,-910277,-15.5048,-616819,-10.5063
2026-01-22 11:55:06:884,X,-293458,-5.00,TPOS_S,-,-,-,-
2026-01-22 11:55:10:094,X,-910972,-15.52,TPOS_E,-910277,-15.5048,695,0.0118
2026-01-22 11:55:10:520,X,-910972,-15.52,TPOS,-293546,-5.0000,617426,10.5167
2026-01-22 11:55:10:685,X,-910972,-15.52,TPOS_S,-,-,-,-
2026-01-22 11:55:12:492,Z,-440108,-5.00,TPOS_E,-440320,-5.0000,-212,-0.0024
2026-01-22 11:55:12:919,Z,-440108,-5.00,TPOS,-3875502,-44.0078,-3435394,-39.0102
2026-01-22 11:55:13:103,Z,-440108,-5.00,TPOS_S,-,-,-,-
2026-01-22 11:55:15:311,X,-293452,-5.00,TPOS_E,-293546,-5.0000,-94,-0.0016
2026-01-22 11:55:15:735,X,-293452,-5.00,TPOS,-910277,-15.5048,-616825,-10.5064
2026-01-22 11:55:15:921,X,-293452,-5.00,TPOS_S,-,-,-,-
2026-01-22 11:55:19:131,X,-910978,-15.52,TPOS_E,-910277,-15.5048,701,0.0119
2026-01-22 11:55:19:555,X,-910978,-15.52,TPOS,-293546,-5.0000,617432,10.5168
2026-01-22 11:55:19:760,X,-910978,-15.52,TPOS_S,-,-,-,-
2026-01-22 11:55:24:375,X,-293454,-5.00,TPOS_E,-293546,-5.0000,-92,-0.0016
2026-01-22 11:55:24:802,X,-293454,-5.00,TPOS,-910277,-15.5048,-616823,-10.5064
2026-01-22 11:55:24:987,X,-293454,-5.00,TPOS_S,-,-,-,-
2026-01-22 11:55:28:198,X,-910972,-15.52,TPOS_E,-910277,-15.5048,695,0.0118
2026-01-22 11:55:28:624,X,-910972,-15.52,TPOS,-293546,-5.0000,617426,10.5167
2026-01-22 11:55:28:809,X,-910972,-15.52,TPOS_S,-,-,-,-
2026-01-22 11:55:30:617,Z,-3876239,-44.02,TPOS_E,-3875502,-44.0078,737,0.0084
2026-01-22 11:55:31:042,Z,-3876239,-44.02,TPOS,-440320,-5.0000,3435919,39.0162
2026-01-22 11:55:31:228,Z,-3876239,-44.02,TPOS_S,-,-,-,-
2026-01-22 11:55:33:435,X,-293450,-5.00,TPOS_E,-293546,-5.0000,-96,-0.0016
2026-01-22 11:55:33:859,X,-293450,-5.00,TPOS,-910277,-15.5048,-616827,-10.5065
2026-01-22 11:55:34:043,X,-293450,-5.00,TPOS_S,-,-,-,-
2026-01-22 11:55:37:254,X,-910966,-15.52,TPOS_E,-910277,-15.5048,689,0.0117
2026-01-22 11:55:37:679,X,-910966,-15.52,TPOS,-293546,-5.0000,617420,10.5166
2026-01-22 11:55:37:864,X,-910966,-15.52,TPOS_S,-,-,-,-
2026-01-22 11:55:42:476,X,-293446,-5.00,TPOS_E,-293546,-5.0000,-100,-0.0017
2026-01-22 11:55:42:900,X,-293446,-5.00,TPOS,-910277,-15.5048,-616831,-10.5065
2026-01-22 11:55:43:086,X,-293446,-5.00,TPOS_S,-,-,-,-
2026-01-22 11:55:46:297,X,-910985,-15.52,TPOS_E,-910277,-15.5048,708,0.0121
2026-01-22 11:55:46:722,X,-910985,-15.52,TPOS,-293546,-5.0000,617439,10.5169
2026-01-22 11:55:46:908,X,-910985,-15.52,TPOS_S,-,-,-,-
2026-01-22 11:55:48:721,Z,-440134,-5.00,TPOS_E,-440320,-5.0000,-186,-0.0021
2026-01-22 11:55:49:147,Z,-440134,-5.00,TPOS,-3875502,-44.0078,-3435368,-39.0099
2026-01-22 11:55:49:332,Z,-440134,-5.00,TPOS_S,-,-,-,-
2026-01-22 11:55:51:538,X,-293450,-5.00,TPOS_E,-293546,-5.0000,-96,-0.0016
2026-01-22 11:55:51:962,X,-293450,-5.00,TPOS,-910277,-15.5048,-616827,-10.5065
2026-01-22 11:55:52:148,X,-293450,-5.00,TPOS_S,-,-,-,-
2026-01-22 11:55:55:358,X,-910976,-15.52,TPOS_E,-910277,-15.5048,699,0.0119
2026-01-22 11:55:55:782,X,-910976,-15.52,TPOS,-293546,-5.0000,617430,10.5167
2026-01-22 11:55:55:968,X,-910976,-15.52,TPOS_S,-,-,-,-
2026-01-22 11:56:00:581,X,-293452,-5.00,TPOS_E,-293546,-5.0000,-94,-0.0016
2026-01-22 11:56:01:005,X,-293452,-5.00,TPOS,-910277,-15.5048,-616825,-10.5064
2026-01-22 11:56:01:191,X,-293452,-5.00,TPOS_S,-,-,-,-
2026-01-22 11:56:04:401,X,-910987,-15.52,TPOS_E,-910277,-15.5048,710,0.0121
2026-01-22 11:56:04:829,X,-910987,-15.52,TPOS,-293546,-5.0000,617441,10.5169
2026-01-22 11:56:05:017,X,-910987,-15.52,TPOS_S,-,-,-,-
2026-01-22 11:56:06:822,Z,-3876279,-44.02,TPOS_E,-3875502,-44.0078,777,0.0088
2026-01-22 11:56:07:249,Z,-3876279,-44.02,TPOS,-440320,-5.0000,3435959,39.0166
2026-01-22 11:56:07:434,Z,-3876279,-44.02,TPOS_S,-,-,-,-
2026-01-22 11:56:09:640,X,-293455,-5.00,TPOS_E,-293546,-5.0000,-91,-0.0016
2026-01-22 11:56:10:067,X,-293455,-5.00,TPOS,-910277,-15.5048,-616822,-10.5064
2026-01-22 11:56:10:231,X,-293455,-5.00,TPOS_S,-,-,-,-
2026-01-22 11:56:13:442,X,-910958,-15.52,TPOS_E,-910277,-15.5048,681,0.0116
2026-01-22 11:56:13:867,X,-910958,-15.52,TPOS,-293546,-5.0000,617412,10.5164
2026-01-22 11:56:14:052,X,-910958,-15.52,TPOS_S,-,-,-,-
2026-01-22 11:56:18:667,X,-293450,-5.00,TPOS_E,-293546,-5.0000,-96,-0.0016
2026-01-22 11:56:19:094,X,-293450,-5.00,TPOS,-910277,-15.5048,-616827,-10.5065
2026-01-22 11:56:19:281,X,-293450,-5.00,TPOS_S,-,-,-,-
2026-01-22 11:56:22:490,X,-910983,-15.52,TPOS_E,-910277,-15.5048,706,0.0120
2026-01-22 11:56:22:914,X,-910983,-15.52,TPOS,-293546,-5.0000,617437,10.5168
2026-01-22 11:56:23:101,X,-910983,-15.52,TPOS_S,-,-,-,-
2026-01-22 11:56:24:907,Z,-440135,-5.00,TPOS_E,-440320,-5.0000,-185,-0.0021
2026-01-22 11:56:25:331,Z,-440135,-5.00,TPOS,-3875502,-44.0078,-3435367,-39.0099
2026-01-22 11:56:25:537,Z,-440135,-5.00,TPOS_S,-,-,-,-
2026-01-22 11:56:27:744,X,-293461,-5.00,TPOS_E,-293546,-5.0000,-85,-0.0014
2026-01-22 11:56:28:169,X,-293461,-5.00,TPOS,-910277,-15.5048,-616816,-10.5063
2026-01-22 11:56:28:355,X,-293461,-5.00,TPOS_S,-,-,-,-
2026-01-22 11:56:31:563,X,-910982,-15.52,TPOS_E,-910277,-15.5048,705,0.0120
2026-01-22 11:56:31:989,X,-910982,-15.52,TPOS,-293546,-5.0000,617436,10.5168
2026-01-22 11:56:32:174,X,-910982,-15.52,TPOS_S,-,-,-,-
2026-01-22 11:56:36:788,X,-293462,-5.00,TPOS_E,-293546,-5.0000,-84,-0.0014
2026-01-22 11:56:37:212,X,-293462,-5.00,TPOS,-910277,-15.5048,-616815,-10.5063
2026-01-22 11:56:37:397,X,-293462,-5.00,TPOS_S,-,-,-,-
2026-01-22 11:56:40:608,X,-910970,-15.52,TPOS_E,-910277,-15.5048,693,0.0118
2026-01-22 11:56:41:038,X,-910970,-15.52,TPOS,-293546,-5.0000,617424,10.5166
2026-01-22 11:56:41:223,X,-910970,-15.52,TPOS_S,-,-,-,-
2026-01-22 11:56:43:029,Z,-3876249,-44.02,TPOS_E,-3875502,-44.0078,747,0.0085
2026-01-22 11:56:43:456,Z,-3876249,-44.02,TPOS,-440320,-5.0000,3435929,39.0163
2026-01-22 11:56:43:641,Z,-3876249,-44.02,TPOS_S,-,-,-,-
2026-01-22 11:56:45:848,X,-293452,-5.00,TPOS_E,-293546,-5.0000,-94,-0.0016
2026-01-22 11:56:46:272,X,-293452,-5.00,TPOS,-910277,-15.5048,-616825,-10.5064
2026-01-22 11:56:46:459,X,-293452,-5.00,TPOS_S,-,-,-,-
2026-01-22 11:56:49:672,X,-910966,-15.52,TPOS_E,-910277,-15.5048,689,0.0117
2026-01-22 11:56:50:099,X,-910966,-15.52,TPOS,-293546,-5.0000,617420,10.5166
2026-01-22 11:56:50:304,X,-910966,-15.52,TPOS_S,-,-,-,-
2026-01-22 11:56:54:919,X,-293449,-5.00,TPOS_E,-293546,-5.0000,-97,-0.0017
2026-01-22 11:56:55:345,X,-293449,-5.00,TPOS,-910277,-15.5048,-616828,-10.5065
2026-01-22 11:56:55:533,X,-293449,-5.00,TPOS_S,-,-,-,-
2026-01-22 11:56:58:744,X,-910981,-15.52,TPOS_E,-910277,-15.5048,704,0.0120
2026-01-22 11:56:59:169,X,-910981,-15.52,TPOS,-293546,-5.0000,617435,10.5168
2026-01-22 11:56:59:355,X,-910981,-15.52,TPOS_S,-,-,-,-
2026-01-22 11:57:01:161,Z,-440140,-5.00,TPOS_E,-440320,-5.0000,-180,-0.0020
2026-01-22 11:57:01:586,Z,-440140,-5.00,TPOS,-3875502,-44.0078,-3435362,-39.0098
2026-01-22 11:57:01:771,Z,-440140,-5.00,TPOS_S,-,-,-,-
2026-01-22 11:57:03:980,X,-293461,-5.00,TPOS_E,-293546,-5.0000,-85,-0.0014
2026-01-22 11:57:04:407,X,-293461,-5.00,TPOS,-910277,-15.5048,-616816,-10.5063
2026-01-22 11:57:04:594,X,-293461,-5.00,TPOS_S,-,-,-,-
2026-01-22 11:57:07:805,X,-910981,-15.52,TPOS_E,-910277,-15.5048,704,0.0120
2026-01-22 11:57:08:230,X,-910981,-15.52,TPOS,-293546,-5.0000,617435,10.5168
2026-01-22 11:57:08:418,X,-910981,-15.52,TPOS_S,-,-,-,-
2026-01-22 11:57:13:036,X,-293453,-5.00,TPOS_E,-293546,-5.0000,-93,-0.0016
2026-01-22 11:57:13:460,X,-293453,-5.00,TPOS,-910277,-15.5048,-616824,-10.5064
2026-01-22 11:57:13:645,X,-293453,-5.00,TPOS_S,-,-,-,-
2026-01-22 11:57:16:856,X,-910951,-15.52,TPOS_E,-910277,-15.5048,674,0.0115
2026-01-22 11:57:17:281,X,-910951,-15.52,TPOS,-293546,-5.0000,617405,10.5163
2026-01-22 11:57:17:467,X,-910951,-15.52,TPOS_S,-,-,-,-
2026-01-22 11:57:19:274,Z,-3876271,-44.02,TPOS_E,-3875502,-44.0078,769,0.0087
2026-01-22 11:57:19:699,Z,-3876271,-44.02,TPOS,-440320,-5.0000,3435951,39.0165
2026-01-22 11:57:19:885,Z,-3876271,-44.02,TPOS_S,-,-,-,-
2026-01-22 11:57:22:095,X,-293453,-5.00,TPOS_E,-293546,-5.0000,-93,-0.0016
2026-01-22 11:57:22:521,X,-293453,-5.00,TPOS,-910277,-15.5048,-616824,-10.5064
2026-01-22 11:57:22:687,X,-293453,-5.00,TPOS_S,-,-,-,-
2026-01-22 11:57:25:898,X,-910973,-15.52,TPOS_E,-910277,-15.5048,696,0.0119
2026-01-22 11:57:26:323,X,-910973,-15.52,TPOS,-293546,-5.0000,617427,10.5167
2026-01-22 11:57:26:509,X,-910973,-15.52,TPOS_S,-,-,-,-
2026-01-22 11:57:31:126,X,-293461,-5.00,TPOS_E,-293546,-5.0000,-85,-0.0014
2026-01-22 11:57:31:551,X,-293461,-5.00,TPOS,-910277,-15.5048,-616816,-10.5063
2026-01-22 11:57:31:735,X,-293461,-5.00,TPOS_S,-,-,-,-
2026-01-22 11:57:34:946,X,-910972,-15.52,TPOS_E,-910277,-15.5048,695,0.0118
2026-01-22 11:57:35:372,X,-910972,-15.52,TPOS,-293546,-5.0000,617426,10.5167
2026-01-22 11:57:35:560,X,-910972,-15.52,TPOS_S,-,-,-,-
2026-01-22 11:57:37:366,Z,-440146,-5.00,TPOS_E,-440320,-5.0000,-174,-0.0020
2026-01-22 11:57:37:791,Z,-440146,-5.00,TPOS,-3875502,-44.0078,-3435356,-39.0098
2026-01-22 11:57:37:977,Z,-440146,-5.00,TPOS_S,-,-,-,-
2026-01-22 11:57:40:185,X,-293476,-5.00,TPOS_E,-293546,-5.0000,-70,-0.0012
2026-01-22 11:57:40:613,X,-293476,-5.00,TPOS,-910277,-15.5048,-616801,-10.5060
2026-01-22 11:57:40:799,X,-293476,-5.00,TPOS_S,-,-,-,-
2026-01-22 11:57:44:008,X,-910956,-15.52,TPOS_E,-910277,-15.5048,679,0.0116
2026-01-22 11:57:44:433,X,-910956,-15.52,TPOS,-293546,-5.0000,617410,10.5164
2026-01-22 11:57:44:621,X,-910956,-15.52,TPOS_S,-,-,-,-
2026-01-22 11:57:49:237,X,-293456,-5.00,TPOS_E,-293546,-5.0000,-90,-0.0015
2026-01-22 11:57:49:663,X,-293456,-5.00,TPOS,-910277,-15.5048,-616821,-10.5064
2026-01-22 11:57:49:851,X,-293456,-5.00,TPOS_S,-,-,-,-
2026-01-22 11:57:53:060,X,-910979,-15.52,TPOS_E,-910277,-15.5048,702,0.0120
2026-01-22 11:57:53:485,X,-910979,-15.52,TPOS,-293546,-5.0000,617433,10.5168
2026-01-22 11:57:53:671,X,-910979,-15.52,TPOS_S,-,-,-,-
2026-01-22 11:57:55:477,Z,-3876278,-44.02,TPOS_E,-3875502,-44.0078,776,0.0088
2026-01-22 11:57:55:903,Z,-3876278,-44.02,TPOS,-440320,-5.0000,3435958,39.0166
2026-01-22 11:57:56:089,Z,-3876278,-44.02,TPOS_S,-,-,-,-
2026-01-22 11:57:58:299,X,-293446,-5.00,TPOS_E,-293546,-5.0000,-100,-0.0017
2026-01-22 11:57:58:727,X,-293446,-5.00,TPOS,-910277,-15.5048,-616831,-10.5065
2026-01-22 11:57:58:915,X,-293446,-5.00,TPOS_S,-,-,-,-
2026-01-22 11:58:02:127,X,-910971,-15.52,TPOS_E,-910277,-15.5048,694,0.0118
2026-01-22 11:58:02:552,X,-910971,-15.52,TPOS,-293546,-5.0000,617425,10.5166
2026-01-22 11:58:02:736,X,-910971,-15.52,TPOS_S,-,-,-,-
2026-01-22 11:58:07:348,X,-293459,-5.00,TPOS_E,-293546,-5.0000,-87,-0.0015
2026-01-22 11:58:07:775,X,-293459,-5.00,TPOS,-910277,-15.5048,-616818,-10.5063
2026-01-22 11:58:07:962,X,-293459,-5.00,TPOS_S,-,-,-,-
2026-01-22 11:58:11:170,X,-910988,-15.52,TPOS_E,-910277,-15.5048,711,0.0121
2026-01-22 11:58:11:594,X,-910988,-15.52,TPOS,-293546,-5.0000,617442,10.5169
2026-01-22 11:58:11:799,X,-910988,-15.52,TPOS_S,-,-,-,-
2026-01-22 11:58:13:606,Z,-440143,-5.00,TPOS_E,-440320,-5.0000,-177,-0.0020
2026-01-22 11:58:14:032,Z,-440143,-5.00,TPOS,-3875502,-44.0078,-3435359,-39.0098
2026-01-22 11:58:14:196,Z,-440143,-5.00,TPOS_S,-,-,-,-
2026-01-22 11:58:16:403,X,-293468,-5.00,TPOS_E,-293546,-5.0000,-78,-0.0013
2026-01-22 11:58:16:830,X,-293468,-5.00,TPOS,-910277,-15.5048,-616809,-10.5061
2026-01-22 11:58:17:037,X,-293468,-5.00,TPOS_S,-,-,-,-
2026-01-22 11:58:20:247,X,-910953,-15.52,TPOS_E,-910277,-15.5048,676,0.0115
2026-01-22 11:58:20:671,X,-910953,-15.52,TPOS,-293546,-5.0000,617407,10.5163
2026-01-22 11:58:20:859,X,-910953,-15.52,TPOS_S,-,-,-,-
2026-01-22 11:58:25:475,X,-293459,-5.00,TPOS_E,-293546,-5.0000,-87,-0.0015
2026-01-22 11:58:25:900,X,-293459,-5.00,TPOS,-910277,-15.5048,-616818,-10.5063
2026-01-22 11:58:26:085,X,-293459,-5.00,TPOS_S,-,-,-,-
2026-01-22 11:58:29:295,X,-910953,-15.52,TPOS_E,-910277,-15.5048,676,0.0115
2026-01-22 11:58:29:719,X,-910953,-15.52,TPOS,-293546,-5.0000,617407,10.5163
2026-01-22 11:58:29:904,X,-910953,-15.52,TPOS_S,-,-,-,-
2026-01-22 11:58:31:711,Z,-3876265,-44.02,TPOS_E,-3875502,-44.0078,763,0.0087
2026-01-22 11:58:32:136,Z,-3876265,-44.02,TPOS,-440320,-5.0000,3435945,39.0165
2026-01-22 11:58:32:301,Z,-3876265,-44.02,TPOS_S,-,-,-,-
2026-01-22 11:58:34:507,X,-293462,-5.00,TPOS_E,-293546,-5.0000,-84,-0.0014
2026-01-22 11:58:34:931,X,-293462,-5.00,TPOS,-910277,-15.5048,-616815,-10.5063
2026-01-22 11:58:35:117,X,-293462,-5.00,TPOS_S,-,-,-,-
2026-01-22 11:58:38:326,X,-910959,-15.52,TPOS_E,-910277,-15.5048,682,0.0116
2026-01-22 11:58:38:755,X,-910959,-15.52,TPOS,-293546,-5.0000,617413,10.5164
2026-01-22 11:58:38:941,X,-910959,-15.52,TPOS_S,-,-,-,-
2026-01-22 11:58:43:554,X,-293455,-5.00,TPOS_E,-293546,-5.0000,-91,-0.0016
2026-01-22 11:58:43:980,X,-293455,-5.00,TPOS,-910277,-15.5048,-616822,-10.5064
2026-01-22 11:58:44:165,X,-293455,-5.00,TPOS_S,-,-,-,-
2026-01-22 11:58:47:374,X,-910961,-15.52,TPOS_E,-910277,-15.5048,684,0.0117
2026-01-22 11:58:47:798,X,-910961,-15.52,TPOS,-293546,-5.0000,617415,10.5165
2026-01-22 11:58:48:005,X,-910961,-15.52,TPOS_S,-,-,-,-
2026-01-22 11:58:49:810,Z,-440147,-5.00,TPOS_E,-440320,-5.0000,-173,-0.0020
2026-01-22 11:58:50:238,Z,-440147,-5.00,TPOS,-3875502,-44.0078,-3435355,-39.0098
2026-01-22 11:58:50:444,Z,-440147,-5.00,TPOS_S,-,-,-,-
2026-01-22 11:58:52:654,X,-293457,-5.00,TPOS_E,-293546,-5.0000,-89,-0.0015
2026-01-22 11:58:53:079,X,-293457,-5.00,TPOS,-910277,-15.5048,-616820,-10.5063
2026-01-22 11:58:53:264,X,-293457,-5.00,TPOS_S,-,-,-,-
2026-01-22 11:58:56:474,X,-910980,-15.52,TPOS_E,-910277,-15.5048,703,0.0120
2026-01-22 11:58:56:899,X,-910980,-15.52,TPOS,-293546,-5.0000,617434,10.5168
2026-01-22 11:58:57:064,X,-910980,-15.52,TPOS_S,-,-,-,-
2026-01-22 11:59:01:679,X,-293454,-5.00,TPOS_E,-293546,-5.0000,-92,-0.0016
2026-01-22 11:59:02:104,X,-293454,-5.00,TPOS,-910277,-15.5048,-616823,-10.5064
2026-01-22 11:59:02:290,X,-293454,-5.00,TPOS_S,-,-,-,-
2026-01-22 11:59:05:501,X,-910994,-15.52,TPOS_E,-910277,-15.5048,717,0.0122
2026-01-22 11:59:05:927,X,-910994,-15.52,TPOS,-293546,-5.0000,617448,10.5170
2026-01-22 11:59:06:112,X,-910994,-15.52,TPOS_S,-,-,-,-
2026-01-22 11:59:07:918,Z,-3876281,-44.02,TPOS_E,-3875502,-44.0078,779,0.0088
2026-01-22 11:59:08:344,Z,-3876281,-44.02,TPOS,-440320,-5.0000,3435961,39.0166
2026-01-22 11:59:08:551,Z,-3876281,-44.02,TPOS_S,-,-,-,-
2026-01-22 11:59:10:757,X,-293450,-5.00,TPOS_E,-293546,-5.0000,-96,-0.0016
2026-01-22 11:59:11:183,X,-293450,-5.00,TPOS,-910277,-15.5048,-616827,-10.5065
2026-01-22 11:59:11:369,X,-293450,-5.00,TPOS_S,-,-,-,-
2026-01-22 11:59:14:580,X,-910958,-15.52,TPOS_E,-910277,-15.5048,681,0.0116
2026-01-22 11:59:15:004,X,-910958,-15.52,TPOS,-293546,-5.0000,617412,10.5164
2026-01-22 11:59:15:189,X,-910958,-15.52,TPOS_S,-,-,-,-
2026-01-22 11:59:19:802,X,-293453,-5.00,TPOS_E,-293546,-5.0000,-93,-0.0016
2026-01-22 11:59:20:227,X,-293453,-5.00,TPOS,-910277,-15.5048,-616824,-10.5064
2026-01-22 11:59:20:394,X,-293453,-5.00,TPOS_S,-,-,-,-
2026-01-22 11:59:23:603,X,-910977,-15.52,TPOS_E,-910277,-15.5048,700,0.0119
2026-01-22 11:59:24:031,X,-910977,-15.52,TPOS,-293546,-5.0000,617431,10.5167
2026-01-22 11:59:24:216,X,-910977,-15.52,TPOS_S,-,-,-,-
2026-01-22 11:59:26:021,Z,-440153,-5.00,TPOS_E,-440320,-5.0000,-167,-0.0019
2026-01-22 11:59:26:447,Z,-440153,-5.00,TPOS,-3875502,-44.0078,-3435349,-39.0097
2026-01-22 11:59:26:654,Z,-440153,-5.00,TPOS_S,-,-,-,-
2026-01-22 11:59:28:862,X,-293453,-5.00,TPOS_E,-293546,-5.0000,-93,-0.0016
2026-01-22 11:59:29:286,X,-293453,-5.00,TPOS,-910277,-15.5048,-616824,-10.5064
2026-01-22 11:59:29:472,X,-293453,-5.00,TPOS_S,-,-,-,-
2026-01-22 11:59:32:683,X,-910962,-15.52,TPOS_E,-910277,-15.5048,685,0.0117
2026-01-22 11:59:33:110,X,-910962,-15.52,TPOS,-293546,-5.0000,617416,10.5165
2026-01-22 11:59:33:296,X,-910962,-15.52,TPOS_S,-,-,-,-
2026-01-22 11:59:37:909,X,-293448,-5.00,TPOS_E,-293546,-5.0000,-98,-0.0017
2026-01-22 11:59:38:333,X,-293448,-5.00,TPOS,-910277,-15.5048,-616829,-10.5065
2026-01-22 11:59:38:518,X,-293448,-5.00,TPOS_S,-,-,-,-
2026-01-22 11:59:41:728,X,-910972,-15.52,TPOS_E,-910277,-15.5048,695,0.0118
2026-01-22 11:59:42:153,X,-910972,-15.52,TPOS,-293546,-5.0000,617426,10.5167
2026-01-22 11:59:42:341,X,-910972,-15.52,TPOS_S,-,-,-,-
2026-01-22 11:59:44:151,Z,-3876287,-44.02,TPOS_E,-3875502,-44.0078,785,0.0089
2026-01-22 11:59:44:576,Z,-3876287,-44.02,TPOS,-440320,-5.0000,3435967,39.0167
2026-01-22 11:59:44:760,Z,-3876287,-44.02,TPOS_S,-,-,-,-
2026-01-22 11:59:46:970,X,-293449,-5.00,TPOS_E,-293546,-5.0000,-97,-0.0017
2026-01-22 11:59:47:395,X,-293449,-5.00,TPOS,-910277,-15.5048,-616828,-10.5065
2026-01-22 11:59:47:602,X,-293449,-5.00,TPOS_S,-,-,-,-
2026-01-22 11:59:50:811,X,-910971,-15.52,TPOS_E,-910277,-15.5048,694,0.0118
2026-01-22 11:59:51:236,X,-910971,-15.52,TPOS,-293546,-5.0000,617425,10.5166
2026-01-22 11:59:51:402,X,-910971,-15.52,TPOS_S,-,-,-,-
2026-01-22 11:59:56:016,X,-293451,-5.00,TPOS_E,-293546,-5.0000,-95,-0.0016
2026-01-22 11:59:56:442,X,-293451,-5.00,TPOS,-910277,-15.5048,-616826,-10.5064
2026-01-22 11:59:56:628,X,-293451,-5.00,TPOS_S,-,-,-,-
2026-01-22 11:59:59:840,X,-910968,-15.52,TPOS_E,-910277,-15.5048,691,0.0118
2026-01-22 12:00:00:268,X,-910968,-15.52,TPOS,-293546,-5.0000,617422,10.5166
2026-01-22 12:00:00:453,X,-910968,-15.52,TPOS_S,-,-,-,-
2026-01-22 12:00:02:258,Z,-440152,-5.00,TPOS_E,-440320,-5.0000,-168,-0.0019
2026-01-22 12:00:02:683,Z,-440152,-5.00,TPOS,-3875502,-44.0078,-3435350,-39.0097
2026-01-22 12:00:02:890,Z,-440152,-5.00,TPOS_S,-,-,-,-
2026-01-22 12:00:05:098,X,-293463,-5.00,TPOS_E,-293546,-5.0000,-83,-0.0014
2026-01-22 12:00:05:523,X,-293463,-5.00,TPOS,-910277,-15.5048,-616814,-10.5062
2026-01-22 12:00:05:710,X,-293463,-5.00,TPOS_S,-,-,-,-
2026-01-22 12:00:08:919,X,-910964,-15.52,TPOS_E,-910277,-15.5048,687,0.0117
2026-01-22 12:00:09:344,X,-910964,-15.52,TPOS,-293546,-5.0000,617418,10.5165
2026-01-22 12:00:09:551,X,-910964,-15.52,TPOS_S,-,-,-,-
2026-01-22 12:00:14:167,X,-293453,-5.00,TPOS_E,-293546,-5.0000,-93,-0.0016
2026-01-22 12:00:14:593,X,-293453,-5.00,TPOS,-910277,-15.5048,-616824,-10.5064
2026-01-22 12:00:14:778,X,-293453,-5.00,TPOS_S,-,-,-,-
2026-01-22 12:00:17:988,X,-910974,-15.52,TPOS_E,-910277,-15.5048,697,0.0119
2026-01-22 12:00:18:412,X,-910974,-15.52,TPOS,-293546,-5.0000,617428,10.5167
2026-01-22 12:00:18:597,X,-910974,-15.52,TPOS_S,-,-,-,-
2026-01-22 12:00:20:406,Z,-3876286,-44.02,TPOS_E,-3875502,-44.0078,784,0.0089
2026-01-22 12:00:20:831,Z,-3876286,-44.02,TPOS,-440320,-5.0000,3435966,39.0167
2026-01-22 12:00:21:017,Z,-3876286,-44.02,TPOS_S,-,-,-,-
2026-01-22 12:00:23:226,X,-293459,-5.00,TPOS_E,-293546,-5.0000,-87,-0.0015
2026-01-22 12:00:23:652,X,-293459,-5.00,TPOS,-910277,-15.5048,-616818,-10.5063
2026-01-22 12:00:23:837,X,-293459,-5.00,TPOS_S,-,-,-,-
2026-01-22 12:00:27:047,X,-910966,-15.52,TPOS_E,-910277,-15.5048,689,0.0117
2026-01-22 12:00:27:474,X,-910966,-15.52,TPOS,-293546,-5.0000,617420,10.5166
2026-01-22 12:00:27:661,X,-910966,-15.52,TPOS_S,-,-,-,-
2026-01-22 12:00:32:276,X,-293448,-5.00,TPOS_E,-293546,-5.0000,-98,-0.0017
2026-01-22 12:00:32:701,X,-293448,-5.00,TPOS,-910277,-15.5048,-616829,-10.5065
2026-01-22 12:00:32:886,X,-293448,-5.00,TPOS_S,-,-,-,-
2026-01-22 12:00:36:096,X,-910959,-15.52,TPOS_E,-910277,-15.5048,682,0.0116
2026-01-22 12:00:36:521,X,-910959,-15.52,TPOS,-293546,-5.0000,617413,10.5164
2026-01-22 12:00:36:706,X,-910959,-15.52,TPOS_S,-,-,-,-
2026-01-22 12:00:38:513,Z,-440164,-5.00,TPOS_E,-440320,-5.0000,-156,-0.0018
2026-01-22 12:00:38:937,Z,-440164,-5.00,TPOS,-3875502,-44.0078,-3435338,-39.0096
2026-01-22 12:00:39:122,Z,-440164,-5.00,TPOS_S,-,-,-,-
2026-01-22 12:00:41:332,X,-293448,-5.00,TPOS_E,-293546,-5.0000,-98,-0.0017
2026-01-22 12:00:41:757,X,-293448,-5.00,TPOS,-910277,-15.5048,-616829,-10.5065
2026-01-22 12:00:41:943,X,-293448,-5.00,TPOS_S,-,-,-,-
2026-01-22 12:00:45:152,X,-910982,-15.52,TPOS_E,-910277,-15.5048,705,0.0120
2026-01-22 12:00:45:577,X,-910982,-15.52,TPOS,-293546,-5.0000,617436,10.5168
2026-01-22 12:00:45:784,X,-910982,-15.52,TPOS_S,-,-,-,-
2026-01-22 12:00:50:401,X,-293447,-5.00,TPOS_E,-293546,-5.0000,-99,-0.0017
2026-01-22 12:00:50:827,X,-293447,-5.00,TPOS,-910277,-15.5048,-616830,-10.5065
2026-01-22 12:00:51:012,X,-293447,-5.00,TPOS_S,-,-,-,-
2026-01-22 12:00:54:223,X,-910975,-15.52,TPOS_E,-910277,-15.5048,698,0.0119
2026-01-22 12:00:54:648,X,-910975,-15.52,TPOS,-293546,-5.0000,617429,10.5167
2026-01-22 12:00:54:814,X,-910975,-15.52,TPOS_S,-,-,-,-
2026-01-22 12:00:56:620,Z,-3876301,-44.02,TPOS_E,-3875502,-44.0078,799,0.0091
2026-01-22 12:00:57:048,Z,-3876301,-44.02,TPOS,-440320,-5.0000,3435981,39.0169
2026-01-22 12:00:57:234,Z,-3876301,-44.02,TPOS_S,-,-,-,-
2026-01-22 12:00:59:440,X,-293447,-5.00,TPOS_E,-293546,-5.0000,-99,-0.0017
2026-01-22 12:00:59:864,X,-293447,-5.00,TPOS,-910277,-15.5048,-616830,-10.5065
2026-01-22 12:01:00:051,X,-293447,-5.00,TPOS_S,-,-,-,-
2026-01-22 12:01:03:262,X,-910967,-15.52,TPOS_E,-910277,-15.5048,690,0.0118
2026-01-22 12:01:03:685,X,-910967,-15.52,TPOS,-293546,-5.0000,617421,10.5166
2026-01-22 12:01:03:893,X,-910967,-15.52,TPOS_S,-,-,-,-
2026-01-22 12:01:08:504,X,-293453,-5.00,TPOS_E,-293546,-5.0000,-93,-0.0016
2026-01-22 12:01:08:929,X,-293453,-5.00,TPOS,-910277,-15.5048,-616824,-10.5064
2026-01-22 12:01:09:114,X,-293453,-5.00,TPOS_S,-,-,-,-
2026-01-22 12:01:12:325,X,-910965,-15.52,TPOS_E,-910277,-15.5048,688,0.0117
2026-01-22 12:01:12:751,X,-910965,-15.52,TPOS,-293546,-5.0000,617419,10.5165
2026-01-22 12:01:12:936,X,-910965,-15.52,TPOS_S,-,-,-,-
2026-01-22 12:01:14:743,Z,-440160,-5.00,TPOS_E,-440320,-5.0000,-160,-0.0018
2026-01-22 12:01:15:168,Z,-440160,-5.00,TPOS,-3875502,-44.0078,-3435342,-39.0096
2026-01-22 12:01:15:353,Z,-440160,-5.00,TPOS_S,-,-,-,-
2026-01-22 12:01:17:562,X,-293446,-5.00,TPOS_E,-293546,-5.0000,-100,-0.0017
2026-01-22 12:01:17:987,X,-293446,-5.00,TPOS,-910277,-15.5048,-616831,-10.5065
2026-01-22 12:01:18:171,X,-293446,-5.00,TPOS_S,-,-,-,-
2026-01-22 12:01:21:380,X,-910973,-15.52,TPOS_E,-910277,-15.5048,696,0.0119
2026-01-22 12:01:21:807,X,-910973,-15.52,TPOS,-293546,-5.0000,617427,10.5167
2026-01-22 12:01:22:010,X,-910973,-15.52,TPOS_S,-,-,-,-
2026-01-22 12:01:26:625,X,-293445,-5.00,TPOS_E,-293546,-5.0000,-101,-0.0017
2026-01-22 12:01:27:050,X,-293445,-5.00,TPOS,-910277,-15.5048,-616832,-10.5065
2026-01-22 12:01:27:236,X,-293445,-5.00,TPOS_S,-,-,-,-
2026-01-22 12:01:30:446,X,-910962,-15.52,TPOS_E,-910277,-15.5048,685,0.0117
2026-01-22 12:01:30:872,X,-910962,-15.52,TPOS,-293546,-5.0000,617416,10.5165
2026-01-22 12:01:31:058,X,-910962,-15.52,TPOS_S,-,-,-,-
2026-01-22 12:01:32:865,Z,-3876293,-44.02,TPOS_E,-3875502,-44.0078,791,0.0090
2026-01-22 12:01:33:294,Z,-3876293,-44.02,TPOS,-440320,-5.0000,3435973,39.0168
2026-01-22 12:01:33:480,Z,-3876293,-44.02,TPOS_S,-,-,-,-
2026-01-22 12:01:35:689,X,-293451,-5.00,TPOS_E,-293546,-5.0000,-95,-0.0016
2026-01-22 12:01:36:115,X,-293451,-5.00,TPOS,-910277,-15.5048,-616826,-10.5064
2026-01-22 12:01:36:301,X,-293451,-5.00,TPOS_S,-,-,-,-
2026-01-22 12:01:39:513,X,-910945,-15.52,TPOS_E,-910277,-15.5048,668,0.0114
2026-01-22 12:01:39:938,X,-910945,-15.52,TPOS,-293546,-5.0000,617399,10.5162
2026-01-22 12:01:40:144,X,-910945,-15.52,TPOS_S,-,-,-,-
2026-01-22 12:01:44:757,X,-293448,-5.00,TPOS_E,-293546,-5.0000,-98,-0.0017
2026-01-22 12:01:45:182,X,-293448,-5.00,TPOS,-910277,-15.5048,-616829,-10.5065
2026-01-22 12:01:45:349,X,-293448,-5.00,TPOS_S,-,-,-,-
2026-01-22 12:01:48:557,X,-910965,-15.52,TPOS_E,-910277,-15.5048,688,0.0117
2026-01-22 12:01:48:981,X,-910965,-15.52,TPOS,-293546,-5.0000,617419,10.5165
2026-01-22 12:01:49:168,X,-910965,-15.52,TPOS_S,-,-,-,-
2026-01-22 12:01:50:975,Z,-440159,-5.00,TPOS_E,-440320,-5.0000,-161,-0.0018
2026-01-22 12:01:51:401,Z,-440159,-5.00,TPOS,-3875502,-44.0078,-3435343,-39.0096
2026-01-22 12:01:51:586,Z,-440159,-5.00,TPOS_S,-,-,-,-
2026-01-22 12:01:53:794,X,-293449,-5.00,TPOS_E,-293546,-5.0000,-97,-0.0017
2026-01-22 12:01:54:221,X,-293449,-5.00,TPOS,-910277,-15.5048,-616828,-10.5065
2026-01-22 12:01:54:406,X,-293449,-5.00,TPOS_S,-,-,-,-
2026-01-22 12:01:57:617,X,-910989,-15.52,TPOS_E,-910277,-15.5048,712,0.0121
2026-01-22 12:01:58:042,X,-910989,-15.52,TPOS,-293546,-5.0000,617443,10.5169
2026-01-22 12:01:58:230,X,-910989,-15.52,TPOS_S,-,-,-,-
2026-01-22 12:02:02:844,X,-293447,-5.00,TPOS_E,-293546,-5.0000,-99,-0.0017
2026-01-22 12:02:03:270,X,-293447,-5.00,TPOS,-910277,-15.5048,-616830,-10.5065
2026-01-22 12:02:03:455,X,-293447,-5.00,TPOS_S,-,-,-,-
2026-01-22 12:02:06:665,X,-910977,-15.52,TPOS_E,-910277,-15.5048,700,0.0119
2026-01-22 12:02:07:091,X,-910977,-15.52,TPOS,-293546,-5.0000,617431,10.5167
2026-01-22 12:02:07:276,X,-910977,-15.52,TPOS_S,-,-,-,-
2026-01-22 12:02:09:082,Z,-3876284,-44.02,TPOS_E,-3875502,-44.0078,782,0.0089
2026-01-22 12:02:09:509,Z,-3876284,-44.02,TPOS,-440320,-5.0000,3435964,39.0167
2026-01-22 12:02:09:695,Z,-3876284,-44.02,TPOS_S,-,-,-,-
2026-01-22 12:02:11:903,X,-293450,-5.00,TPOS_E,-293546,-5.0000,-96,-0.0016
2026-01-22 12:02:12:328,X,-293450,-5.00,TPOS,-910277,-15.5048,-616827,-10.5065
2026-01-22 12:02:12:494,X,-293450,-5.00,TPOS_S,-,-,-,-
2026-01-22 12:02:15:707,X,-910945,-15.52,TPOS_E,-910277,-15.5048,668,0.0114
2026-01-22 12:02:16:132,X,-910945,-15.52,TPOS,-293546,-5.0000,617399,10.5162
2026-01-22 12:02:16:318,X,-910945,-15.52,TPOS_S,-,-,-,-
2026-01-22 12:02:20:930,X,-293454,-5.00,TPOS_E,-293546,-5.0000,-92,-0.0016
2026-01-22 12:02:21:355,X,-293454,-5.00,TPOS,-910277,-15.5048,-616823,-10.5064
2026-01-22 12:02:21:539,X,-293454,-5.00,TPOS_S,-,-,-,-
2026-01-22 12:02:24:752,X,-910972,-15.52,TPOS_E,-910277,-15.5048,695,0.0118
2026-01-22 12:02:25:175,X,-910972,-15.52,TPOS,-293546,-5.0000,617426,10.5167
2026-01-22 12:02:25:362,X,-910972,-15.52,TPOS_S,-,-,-,-
2026-01-22 12:02:27:170,Z,-440146,-5.00,TPOS_E,-440320,-5.0000,-174,-0.0020
2026-01-22 12:02:27:594,Z,-440146,-5.00,TPOS,-3875502,-44.0078,-3435356,-39.0098
2026-01-22 12:02:27:780,Z,-440146,-5.00,TPOS_S,-,-,-,-
2026-01-22 12:02:29:986,X,-293460,-5.00,TPOS_E,-293546,-5.0000,-86,-0.0015
2026-01-22 12:02:30:411,X,-293460,-5.00,TPOS,-910277,-15.5048,-616817,-10.5063
2026-01-22 12:02:30:596,X,-293460,-5.00,TPOS_S,-,-,-,-
2026-01-22 12:02:33:805,X,-910947,-15.52,TPOS_E,-910277,-15.5048,670,0.0114
2026-01-22 12:02:34:230,X,-910947,-15.52,TPOS,-293546,-5.0000,617401,10.5162
2026-01-22 12:02:34:414,X,-910947,-15.52,TPOS_S,-,-,-,-
2026-01-22 12:02:39:033,X,-293454,-5.00,TPOS_E,-293546,-5.0000,-92,-0.0016
2026-01-22 12:02:39:457,X,-293454,-5.00,TPOS,-910277,-15.5048,-616823,-10.5064
2026-01-22 12:02:39:643,X,-293454,-5.00,TPOS_S,-,-,-,-
2026-01-22 12:02:42:852,X,-910974,-15.52,TPOS_E,-910277,-15.5048,697,0.0119
2026-01-22 12:02:43:276,X,-910974,-15.52,TPOS,-293546,-5.0000,617428,10.5167
2026-01-22 12:02:43:462,X,-910974,-15.52,TPOS_S,-,-,-,-
2026-01-22 12:02:45:269,Z,-3876281,-44.02,TPOS_E,-3875502,-44.0078,779,0.0088
2026-01-22 12:02:45:694,Z,-3876281,-44.02,TPOS,-440320,-5.0000,3435961,39.0166
2026-01-22 12:02:45:881,Z,-3876281,-44.02,TPOS_S,-,-,-,-
2026-01-22 12:02:48:088,X,-293461,-5.00,TPOS_E,-293546,-5.0000,-85,-0.0014
2026-01-22 12:02:48:513,X,-293461,-5.00,TPOS,-910277,-15.5048,-616816,-10.5063
2026-01-22 12:02:48:699,X,-293461,-5.00,TPOS_S,-,-,-,-
2026-01-22 12:02:51:910,X,-910946,-15.52,TPOS_E,-910277,-15.5048,669,0.0114
2026-01-22 12:02:52:335,X,-910946,-15.52,TPOS,-293546,-5.0000,617400,10.5162
2026-01-22 12:02:52:520,X,-910946,-15.52,TPOS_S,-,-,-,-
2026-01-22 12:02:57:137,X,-293451,-5.00,TPOS_E,-293546,-5.0000,-95,-0.0016
2026-01-22 12:02:57:563,X,-293451,-5.00,TPOS,-910277,-15.5048,-616826,-10.5064
2026-01-22 12:02:57:751,X,-293451,-5.00,TPOS_S,-,-,-,-
2026-01-22 12:03:00:961,X,-910981,-15.52,TPOS_E,-910277,-15.5048,704,0.0120
2026-01-22 12:03:01:389,X,-910981,-15.52,TPOS,-293546,-5.0000,617435,10.5168
2026-01-22 12:03:01:574,X,-910981,-15.52,TPOS_S,-,-,-,-
2026-01-22 12:03:03:381,Z,-440154,-5.00,TPOS_E,-440320,-5.0000,-166,-0.0019
2026-01-22 12:03:03:807,Z,-440154,-5.00,TPOS,-3875502,-44.0078,-3435348,-39.0097
2026-01-22 12:03:03:991,Z,-440154,-5.00,TPOS_S,-,-,-,-
2026-01-22 12:03:06:203,X,-293463,-5.00,TPOS_E,-293546,-5.0000,-83,-0.0014
2026-01-22 12:03:06:629,X,-293463,-5.00,TPOS,-910277,-15.5048,-616814,-10.5062
2026-01-22 12:03:06:816,X,-293463,-5.00,TPOS_S,-,-,-,-
2026-01-22 12:03:10:026,X,-910969,-15.52,TPOS_E,-910277,-15.5048,692,0.0118
2026-01-22 12:03:10:451,X,-910969,-15.52,TPOS,-293546,-5.0000,617423,10.5166
2026-01-22 12:03:10:637,X,-910969,-15.52,TPOS_S,-,-,-,-
2026-01-22 12:03:15:252,X,-293447,-5.00,TPOS_E,-293546,-5.0000,-99,-0.0017
2026-01-22 12:03:15:678,X,-293447,-5.00,TPOS,-910277,-15.5048,-616830,-10.5065
2026-01-22 12:03:15:863,X,-293447,-5.00,TPOS_S,-,-,-,-
2026-01-22 12:03:19:077,X,-910973,-15.52,TPOS_E,-910277,-15.5048,696,0.0119
2026-01-22 12:03:19:504,X,-910973,-15.52,TPOS,-293546,-5.0000,617427,10.5167
2026-01-22 12:03:19:691,X,-910973,-15.52,TPOS_S,-,-,-,-
2026-01-22 12:03:21:500,Z,-3876284,-44.02,TPOS_E,-3875502,-44.0078,782,0.0089
2026-01-22 12:03:21:928,Z,-3876284,-44.02,TPOS,-440320,-5.0000,3435964,39.0167
2026-01-22 12:03:22:112,Z,-3876284,-44.02,TPOS_S,-,-,-,-
2026-01-22 12:03:24:319,X,-293446,-5.00,TPOS_E,-293546,-5.0000,-100,-0.0017
2026-01-22 12:03:24:744,X,-293446,-5.00,TPOS,-910277,-15.5048,-616831,-10.5065
2026-01-22 12:03:24:929,X,-293446,-5.00,TPOS_S,-,-,-,-
2026-01-22 12:03:28:138,X,-910984,-15.52,TPOS_E,-910277,-15.5048,707,0.0120
2026-01-22 12:03:28:562,X,-910984,-15.52,TPOS,-293546,-5.0000,617438,10.5169
2026-01-22 12:03:28:768,X,-910984,-15.52,TPOS_S,-,-,-,-
2026-01-22 12:03:33:384,X,-293442,-5.00,TPOS_E,-293546,-5.0000,-104,-0.0018
2026-01-22 12:03:33:808,X,-293442,-5.00,TPOS,-910277,-15.5048,-616835,-10.5066
2026-01-22 12:03:33:995,X,-293442,-5.00,TPOS_S,-,-,-,-
2026-01-22 12:03:37:207,X,-910979,-15.52,TPOS_E,-910277,-15.5048,702,0.0120
2026-01-22 12:03:37:632,X,-910979,-15.52,TPOS,-293546,-5.0000,617433,10.5168
2026-01-22 12:03:37:818,X,-910979,-15.52,TPOS_S,-,-,-,-
2026-01-22 12:03:39:625,Z,-440166,-5.00,TPOS_E,-440320,-5.0000,-154,-0.0017
2026-01-22 12:03:40:050,Z,-440166,-5.00,TPOS,-3875502,-44.0078,-3435336,-39.0095
2026-01-22 12:03:40:236,Z,-440166,-5.00,TPOS_S,-,-,-,-
2026-01-22 12:03:42:443,X,-293455,-5.00,TPOS_E,-293546,-5.0000,-91,-0.0016
2026-01-22 12:03:42:868,X,-293455,-5.00,TPOS,-910277,-15.5048,-616822,-10.5064
2026-01-22 12:03:43:053,X,-293455,-5.00,TPOS_S,-,-,-,-
2026-01-22 12:03:46:264,X,-910952,-15.52,TPOS_E,-910277,-15.5048,675,0.0115
2026-01-22 12:03:46:692,X,-910952,-15.52,TPOS,-293546,-5.0000,617406,10.5163
2026-01-22 12:03:46:877,X,-910952,-15.52,TPOS_S,-,-,-,-
2026-01-22 12:03:51:490,X,-293442,-5.00,TPOS_E,-293546,-5.0000,-104,-0.0018
2026-01-22 12:03:51:916,X,-293442,-5.00,TPOS,-910277,-15.5048,-616835,-10.5066
2026-01-22 12:03:52:102,X,-293442,-5.00,TPOS_S,-,-,-,-
2026-01-22 12:03:55:313,X,-910960,-15.52,TPOS_E,-910277,-15.5048,683,0.0116
2026-01-22 12:03:55:741,X,-910960,-15.52,TPOS,-293546,-5.0000,617414,10.5165
2026-01-22 12:03:55:947,X,-910960,-15.52,TPOS_S,-,-,-,-
2026-01-22 12:03:57:753,Z,-3876262,-44.02,TPOS_E,-3875502,-44.0078,760,0.0086
2026-01-22 12:03:58:178,Z,-3876262,-44.02,TPOS,-440320,-5.0000,3435942,39.0164
2026-01-22 12:03:58:363,Z,-3876262,-44.02,TPOS_S,-,-,-,-
2026-01-22 12:04:00:570,X,-293444,-5.00,TPOS_E,-293546,-5.0000,-102,-0.0017
2026-01-22 12:04:00:996,X,-293444,-5.00,TPOS,-910277,-15.5048,-616833,-10.5066
2026-01-22 12:04:01:206,X,-293444,-5.00,TPOS_S,-,-,-,-
2026-01-22 12:04:04:418,X,-910975,-15.52,TPOS_E,-910277,-15.5048,698,0.0119
2026-01-22 12:04:04:843,X,-910975,-15.52,TPOS,-293546,-5.0000,617429,10.5167
2026-01-22 12:04:05:029,X,-910975,-15.52,TPOS_S,-,-,-,-
2026-01-22 12:04:09:643,X,-293459,-5.00,TPOS_E,-293546,-5.0000,-87,-0.0015
2026-01-22 12:04:10:067,X,-293459,-5.00,TPOS,-910277,-15.5048,-616818,-10.5063
2026-01-22 12:04:10:252,X,-293459,-5.00,TPOS_S,-,-,-,-
2026-01-22 12:04:13:461,X,-910971,-15.52,TPOS_E,-910277,-15.5048,694,0.0118
2026-01-22 12:04:13:885,X,-910971,-15.52,TPOS,-293546,-5.0000,617425,10.5166
2026-01-22 12:04:14:092,X,-910971,-15.52,TPOS_S,-,-,-,-
2026-01-22 12:04:15:898,Z,-440162,-5.00,TPOS_E,-440320,-5.0000,-158,-0.0018
2026-01-22 12:04:16:325,Z,-440162,-5.00,TPOS,-3875502,-44.0078,-3435340,-39.0096
2026-01-22 12:04:16:510,Z,-440162,-5.00,TPOS_S,-,-,-,-
2026-01-22 12:04:18:718,X,-293454,-5.00,TPOS_E,-293546,-5.0000,-92,-0.0016
2026-01-22 12:04:19:143,X,-293454,-5.00,TPOS,-910277,-15.5048,-616823,-10.5064
2026-01-22 12:04:19:329,X,-293454,-5.00,TPOS_S,-,-,-,-
2026-01-22 12:04:22:541,X,-910958,-15.52,TPOS_E,-910277,-15.5048,681,0.0116
2026-01-22 12:04:22:966,X,-910958,-15.52,TPOS,-293546,-5.0000,617412,10.5164
2026-01-22 12:04:23:151,X,-910958,-15.52,TPOS_S,-,-,-,-
2026-01-22 12:04:27:763,X,-293447,-5.00,TPOS_E,-293546,-5.0000,-99,-0.0017
2026-01-22 12:04:28:188,X,-293447,-5.00,TPOS,-910277,-15.5048,-616830,-10.5065
2026-01-22 12:04:28:374,X,-293447,-5.00,TPOS_S,-,-,-,-
2026-01-22 12:04:31:586,X,-910988,-15.52,TPOS_E,-910277,-15.5048,711,0.0121
2026-01-22 12:04:32:011,X,-910988,-15.52,TPOS,-293546,-5.0000,617442,10.5169
2026-01-22 12:04:32:216,X,-910988,-15.52,TPOS_S,-,-,-,-
2026-01-22 12:04:34:022,Z,-3876275,-44.02,TPOS_E,-3875502,-44.0078,773,0.0088
2026-01-22 12:04:34:447,Z,-3876275,-44.02,TPOS,-440320,-5.0000,3435955,39.0166
2026-01-22 12:04:34:612,Z,-3876275,-44.02,TPOS_S,-,-,-,-
2026-01-22 12:04:36:820,X,-293450,-5.00,TPOS_E,-293546,-5.0000,-96,-0.0016
2026-01-22 12:04:37:247,X,-293450,-5.00,TPOS,-910277,-15.5048,-616827,-10.5065
2026-01-22 12:04:37:458,X,-293450,-5.00,TPOS_S,-,-,-,-
2026-01-22 12:04:40:670,X,-910956,-15.52,TPOS_E,-910277,-15.5048,679,0.0116
2026-01-22 12:04:41:096,X,-910956,-15.52,TPOS,-293546,-5.0000,617410,10.5164
2026-01-22 12:04:41:281,X,-910956,-15.52,TPOS_S,-,-,-,-
2026-01-22 12:04:46:097,X,-293443,-5.00,TPOS_E,-293546,-5.0000,-103,-0.0018
2026-01-22 12:04:46:522,X,-293443,-5.00,TPOS,-910277,-15.5048,-616834,-10.5066
2026-01-22 12:04:46:709,X,-293443,-5.00,TPOS_S,-,-,-,-
2026-01-22 12:04:49:918,X,-910964,-15.52,TPOS_E,-910277,-15.5048,687,0.0117
2026-01-22 12:04:50:345,X,-910964,-15.52,TPOS,-293546,-5.0000,617418,10.5165
2026-01-22 12:04:50:531,X,-910964,-15.52,TPOS_S,-,-,-,-
2026-01-22 12:04:52:136,Z,-440152,-5.00,TPOS_E,-440320,-5.0000,-168,-0.0019
2026-01-22 12:04:52:560,Z,-440152,-5.00,TPOS,-3875502,-44.0078,-3435350,-39.0097
2026-01-22 12:04:52:747,Z,-440152,-5.00,TPOS_S,-,-,-,-
2026-01-22 12:04:55:154,X,-293450,-5.00,TPOS_E,-293546,-5.0000,-96,-0.0016
2026-01-22 12:04:55:580,X,-293450,-5.00,TPOS,-910277,-15.5048,-616827,-10.5065
2026-01-22 12:04:55:766,X,-293450,-5.00,TPOS_S,-,-,-,-
2026-01-22 12:04:58:976,X,-910968,-15.52,TPOS_E,-910277,-15.5048,691,0.0118
2026-01-22 12:04:59:401,X,-910968,-15.52,TPOS,-293546,-5.0000,617422,10.5166
2026-01-22 12:04:59:587,X,-910968,-15.52,TPOS_S,-,-,-,-
2026-01-22 12:05:04:199,X,-293447,-5.00,TPOS_E,-293546,-5.0000,-99,-0.0017
2026-01-22 12:05:04:626,X,-293447,-5.00,TPOS,-910277,-15.5048,-616830,-10.5065
2026-01-22 12:05:04:811,X,-293447,-5.00,TPOS_S,-,-,-,-
2026-01-22 12:05:08:021,X,-910979,-15.52,TPOS_E,-910277,-15.5048,702,0.0120
2026-01-22 12:05:08:447,X,-910979,-15.52,TPOS,-293546,-5.0000,617433,10.5168
2026-01-22 12:05:08:631,X,-910979,-15.52,TPOS_S,-,-,-,-
2026-01-22 12:05:10:237,Z,-3876297,-44.02,TPOS_E,-3875502,-44.0078,795,0.0090
2026-01-22 12:05:10:664,Z,-3876297,-44.02,TPOS,-440320,-5.0000,3435977,39.0168
2026-01-22 12:05:10:830,Z,-3876297,-44.02,TPOS_S,-,-,-,-
2026-01-22 12:05:13:237,X,-293444,-5.00,TPOS_E,-293546,-5.0000,-102,-0.0017
2026-01-22 12:05:13:662,X,-293444,-5.00,TPOS,-910277,-15.5048,-616833,-10.5066
2026-01-22 12:05:13:848,X,-293444,-5.00,TPOS_S,-,-,-,-
2026-01-22 12:05:17:058,X,-910971,-15.52,TPOS_E,-910277,-15.5048,694,0.0118
2026-01-22 12:05:17:483,X,-910971,-15.52,TPOS,-293546,-5.0000,617425,10.5166
2026-01-22 12:05:17:671,X,-910971,-15.52,TPOS_S,-,-,-,-
2026-01-22 12:05:22:284,X,-293449,-5.00,TPOS_E,-293546,-5.0000,-97,-0.0017
2026-01-22 12:05:22:710,X,-293449,-5.00,TPOS,-910277,-15.5048,-616828,-10.5065
2026-01-22 12:05:22:895,X,-293449,-5.00,TPOS_S,-,-,-,-
2026-01-22 12:05:26:108,X,-910956,-15.52,TPOS_E,-910277,-15.5048,679,0.0116
2026-01-22 12:05:26:532,X,-910956,-15.52,TPOS,-293546,-5.0000,617410,10.5164
2026-01-22 12:05:26:717,X,-910956,-15.52,TPOS_S,-,-,-,-
2026-01-22 12:05:28:325,Z,-440140,-5.00,TPOS_E,-440320,-5.0000,-180,-0.0020
2026-01-22 12:05:28:750,Z,-440140,-5.00,TPOS,-3875502,-44.0078,-3435362,-39.0098
2026-01-22 12:05:28:936,Z,-440140,-5.00,TPOS_S,-,-,-,-
2026-01-22 12:05:31:343,X,-293448,-5.00,TPOS_E,-293546,-5.0000,-98,-0.0017
2026-01-22 12:05:31:768,X,-293448,-5.00,TPOS,-910277,-15.5048,-616829,-10.5065
2026-01-22 12:05:31:955,X,-293448,-5.00,TPOS_S,-,-,-,-
2026-01-22 12:05:35:163,X,-910970,-15.52,TPOS_E,-910277,-15.5048,693,0.0118
2026-01-22 12:05:35:589,X,-910970,-15.52,TPOS,-293546,-5.0000,617424,10.5166
2026-01-22 12:05:35:775,X,-910970,-15.52,TPOS_S,-,-,-,-
2026-01-22 12:05:40:391,X,-293447,-5.00,TPOS_E,-293546,-5.0000,-99,-0.0017
2026-01-22 12:05:40:815,X,-293447,-5.00,TPOS,-910277,-15.5048,-616830,-10.5065
2026-01-22 12:05:41:001,X,-293447,-5.00,TPOS_S,-,-,-,-
2026-01-22 12:05:44:211,X,-910957,-15.52,TPOS_E,-910277,-15.5048,680,0.0116
2026-01-22 12:05:44:636,X,-910957,-15.52,TPOS,-293546,-5.0000,617411,10.5164
2026-01-22 12:05:44:820,X,-910957,-15.52,TPOS_S,-,-,-,-
2026-01-22 12:05:46:429,Z,-3876290,-44.02,TPOS_E,-3875502,-44.0078,788,0.0089
2026-01-22 12:05:46:854,Z,-3876290,-44.02,TPOS,-440320,-5.0000,3435970,39.0167
2026-01-22 12:05:47:041,Z,-3876290,-44.02,TPOS_S,-,-,-,-
2026-01-22 12:05:49:448,X,-293455,-5.00,TPOS_E,-293546,-5.0000,-91,-0.0016
2026-01-22 12:05:49:874,X,-293455,-5.00,TPOS,-910277,-15.5048,-616822,-10.5064
2026-01-22 12:05:50:039,X,-293455,-5.00,TPOS_S,-,-,-,-
2026-01-22 12:05:53:252,X,-910951,-15.52,TPOS_E,-910277,-15.5048,674,0.0115
2026-01-22 12:05:53:677,X,-910951,-15.52,TPOS,-293546,-5.0000,617405,10.5163
2026-01-22 12:05:53:865,X,-910951,-15.52,TPOS_S,-,-,-,-
2026-01-22 12:05:58:480,X,-293442,-5.00,TPOS_E,-293546,-5.0000,-104,-0.0018
2026-01-22 12:05:58:905,X,-293442,-5.00,TPOS,-910277,-15.5048,-616835,-10.5066
2026-01-22 12:05:59:112,X,-293442,-5.00,TPOS_S,-,-,-,-
2026-01-22 12:06:02:321,X,-910956,-15.52,TPOS_E,-910277,-15.5048,679,0.0116
2026-01-22 12:06:02:747,X,-910956,-15.52,TPOS,-293546,-5.0000,617410,10.5164
2026-01-22 12:06:02:933,X,-910956,-15.52,TPOS_S,-,-,-,-
2026-01-22 12:06:04:542,Z,-440153,-5.00,TPOS_E,-440320,-5.0000,-167,-0.0019
2026-01-22 12:06:04:968,Z,-440153,-5.00,TPOS,-3875502,-44.0078,-3435349,-39.0097
2026-01-22 12:06:05:154,Z,-440153,-5.00,TPOS_S,-,-,-,-
2026-01-22 12:06:07:562,X,-293444,-5.00,TPOS_E,-293546,-5.0000,-102,-0.0017
2026-01-22 12:06:07:986,X,-293444,-5.00,TPOS,-910277,-15.5048,-616833,-10.5066
2026-01-22 12:06:08:174,X,-293444,-5.00,TPOS_S,-,-,-,-
2026-01-22 12:06:11:385,X,-910956,-15.52,TPOS_E,-910277,-15.5048,679,0.0116
2026-01-22 12:06:11:811,X,-910956,-15.52,TPOS,-293546,-5.0000,617410,10.5164
2026-01-22 12:06:11:996,X,-910956,-15.52,TPOS_S,-,-,-,-
2026-01-22 12:06:16:610,X,-293444,-5.00,TPOS_E,-293546,-5.0000,-102,-0.0017
2026-01-22 12:06:17:037,X,-293444,-5.00,TPOS,-910277,-15.5048,-616833,-10.5066
2026-01-22 12:06:17:223,X,-293444,-5.00,TPOS_S,-,-,-,-
2026-01-22 12:06:20:432,X,-910970,-15.52,TPOS_E,-910277,-15.5048,693,0.0118
2026-01-22 12:06:20:857,X,-910970,-15.52,TPOS,-293546,-5.0000,617424,10.5166
2026-01-22 12:06:21:044,X,-910970,-15.52,TPOS_S,-,-,-,-
2026-01-22 12:06:22:650,Z,-3876288,-44.02,TPOS_E,-3875502,-44.0078,786,0.0089
2026-01-22 12:06:23:074,Z,-3876288,-44.02,TPOS,-440320,-5.0000,3435968,39.0167
2026-01-22 12:06:23:261,Z,-3876288,-44.02,TPOS_S,-,-,-,-
2026-01-22 12:06:25:671,X,-293450,-5.00,TPOS_E,-293546,-5.0000,-96,-0.0016
2026-01-22 12:06:26:096,X,-293450,-5.00,TPOS,-910277,-15.5048,-616827,-10.5065
2026-01-22 12:06:26:282,X,-293450,-5.00,TPOS_S,-,-,-,-
2026-01-22 12:06:29:493,X,-910948,-15.52,TPOS_E,-910277,-15.5048,671,0.0114
2026-01-22 12:06:29:918,X,-910948,-15.52,TPOS,-293546,-5.0000,617402,10.5163
2026-01-22 12:06:30:124,X,-910948,-15.52,TPOS_S,-,-,-,-
2026-01-22 12:06:34:738,X,-293448,-5.00,TPOS_E,-293546,-5.0000,-98,-0.0017
2026-01-22 12:06:35:162,X,-293448,-5.00,TPOS,-910277,-15.5048,-616829,-10.5065
2026-01-22 12:06:35:348,X,-293448,-5.00,TPOS_S,-,-,-,-
2026-01-22 12:06:38:556,X,-910974,-15.52,TPOS_E,-910277,-15.5048,697,0.0119
2026-01-22 12:06:38:981,X,-910974,-15.52,TPOS,-293546,-5.0000,617428,10.5167
2026-01-22 12:06:39:168,X,-910974,-15.52,TPOS_S,-,-,-,-
2026-01-22 12:06:40:776,Z,-440160,-5.00,TPOS_E,-440320,-5.0000,-160,-0.0018
2026-01-22 12:06:41:202,Z,-440160,-5.00,TPOS,-3875502,-44.0078,-3435342,-39.0096
2026-01-22 12:06:41:388,Z,-440160,-5.00,TPOS_S,-,-,-,-
2026-01-22 12:06:43:795,X,-293452,-5.00,TPOS_E,-293546,-5.0000,-94,-0.0016
2026-01-22 12:06:44:221,X,-293452,-5.00,TPOS,-910277,-15.5048,-616825,-10.5064
2026-01-22 12:06:44:407,X,-293452,-5.00,TPOS_S,-,-,-,-
2026-01-22 12:06:47:616,X,-910955,-15.52,TPOS_E,-910277,-15.5048,678,0.0115
2026-01-22 12:06:48:041,X,-910955,-15.52,TPOS,-293546,-5.0000,617409,10.5164
2026-01-22 12:06:48:228,X,-910955,-15.52,TPOS_S,-,-,-,-
2026-01-22 12:06:52:842,X,-293448,-5.00,TPOS_E,-293546,-5.0000,-98,-0.0017
2026-01-22 12:06:53:266,X,-293448,-5.00,TPOS,-910277,-15.5048,-616829,-10.5065
2026-01-22 12:06:53:453,X,-293448,-5.00,TPOS_S,-,-,-,-
2026-01-22 12:06:56:665,X,-910966,-15.52,TPOS_E,-910277,-15.5048,689,0.0117
2026-01-22 12:06:57:091,X,-910966,-15.52,TPOS,-293546,-5.0000,617420,10.5166
2026-01-22 12:06:57:279,X,-910966,-15.52,TPOS_S,-,-,-,-
2026-01-22 12:06:58:884,Z,-3876303,-44.02,TPOS_E,-3875502,-44.0078,801,0.0091
2026-01-22 12:06:59:309,Z,-3876303,-44.02,TPOS,-440320,-5.0000,3435983,39.0169
2026-01-22 12:06:59:496,Z,-3876303,-44.02,TPOS_S,-,-,-,-
2026-01-22 12:07:01:905,X,-293446,-5.00,TPOS_E,-293546,-5.0000,-100,-0.0017
2026-01-22 12:07:02:330,X,-293446,-5.00,TPOS,-910277,-15.5048,-616831,-10.5065
2026-01-22 12:07:02:496,X,-293446,-5.00,TPOS_S,-,-,-,-
2026-01-22 12:07:05:707,X,-910965,-15.52,TPOS_E,-910277,-15.5048,688,0.0117
2026-01-22 12:07:06:136,X,-910965,-15.52,TPOS,-293546,-5.0000,617419,10.5165
2026-01-22 12:07:06:322,X,-910965,-15.52,TPOS_S,-,-,-,-
2026-01-22 12:07:10:935,X,-293449,-5.00,TPOS_E,-293546,-5.0000,-97,-0.0017
2026-01-22 12:07:11:358,X,-293449,-5.00,TPOS,-910277,-15.5048,-616828,-10.5065
2026-01-22 12:07:11:544,X,-293449,-5.00,TPOS_S,-,-,-,-
2026-01-22 12:07:14:754,X,-910962,-15.52,TPOS_E,-910277,-15.5048,685,0.0117
2026-01-22 12:07:15:179,X,-910962,-15.52,TPOS,-293546,-5.0000,617416,10.5165
2026-01-22 12:07:15:364,X,-910962,-15.52,TPOS_S,-,-,-,-
2026-01-22 12:07:16:969,Z,-440162,-5.00,TPOS_E,-440320,-5.0000,-158,-0.0018
2026-01-22 12:07:17:395,Z,-440162,-5.00,TPOS,-3875502,-44.0078,-3435340,-39.0096
2026-01-22 12:07:17:580,Z,-440162,-5.00,TPOS_S,-,-,-,-
2026-01-22 12:07:19:988,X,-293461,-5.00,TPOS_E,-293546,-5.0000,-85,-0.0014
2026-01-22 12:07:20:415,X,-293461,-5.00,TPOS,-910277,-15.5048,-616816,-10.5063
2026-01-22 12:07:20:580,X,-293461,-5.00,TPOS_S,-,-,-,-
2026-01-22 12:07:23:790,X,-910958,-15.52,TPOS_E,-910277,-15.5048,681,0.0116
2026-01-22 12:07:24:217,X,-910958,-15.52,TPOS,-293546,-5.0000,617412,10.5164
2026-01-22 12:07:24:401,X,-910958,-15.52,TPOS_S,-,-,-,-
2026-01-22 12:07:29:014,X,-293446,-5.00,TPOS_E,-293546,-5.0000,-100,-0.0017
2026-01-22 12:07:29:439,X,-293446,-5.00,TPOS,-910277,-15.5048,-616831,-10.5065
2026-01-22 12:07:29:624,X,-293446,-5.00,TPOS_S,-,-,-,-
2026-01-22 12:07:32:836,X,-910950,-15.52,TPOS_E,-910277,-15.5048,673,0.0115
2026-01-22 12:07:33:261,X,-910950,-15.52,TPOS,-293546,-5.0000,617404,10.5163
2026-01-22 12:07:33:427,X,-910950,-15.52,TPOS_S,-,-,-,-
2026-01-22 12:07:35:234,Z,-3876295,-44.02,TPOS_E,-3875502,-44.0078,793,0.0090
2026-01-22 12:07:35:658,Z,-3876295,-44.02,TPOS,-440320,-5.0000,3435975,39.0168
2026-01-22 12:07:35:843,Z,-3876295,-44.02,TPOS_S,-,-,-,-
2026-01-22 12:07:38:052,X,-293443,-5.00,TPOS_E,-293546,-5.0000,-103,-0.0018
2026-01-22 12:07:38:479,X,-293443,-5.00,TPOS,-910277,-15.5048,-616834,-10.5066
2026-01-22 12:07:38:666,X,-293443,-5.00,TPOS_S,-,-,-,-
2026-01-22 12:07:41:878,X,-910961,-15.52,TPOS_E,-910277,-15.5048,684,0.0117
2026-01-22 12:07:42:303,X,-910961,-15.52,TPOS,-293546,-5.0000,617415,10.5165
2026-01-22 12:07:42:489,X,-910961,-15.52,TPOS_S,-,-,-,-
2026-01-22 12:07:47:103,X,-293445,-5.00,TPOS_E,-293546,-5.0000,-101,-0.0017
2026-01-22 12:07:47:531,X,-293445,-5.00,TPOS,-910277,-15.5048,-616832,-10.5065
2026-01-22 12:07:47:717,X,-293445,-5.00,TPOS_S,-,-,-,-
2026-01-22 12:07:50:929,X,-910962,-15.52,TPOS_E,-910277,-15.5048,685,0.0117
2026-01-22 12:07:51:355,X,-910962,-15.52,TPOS,-293546,-5.0000,617416,10.5165
2026-01-22 12:07:51:540,X,-910962,-15.52,TPOS_S,-,-,-,-
2026-01-22 12:07:53:347,Z,-440173,-5.00,TPOS_E,-440320,-5.0000,-147,-0.0017
2026-01-22 12:07:53:772,Z,-440173,-5.00,TPOS,-3875502,-44.0078,-3435329,-39.0095
2026-01-22 12:07:53:957,Z,-440173,-5.00,TPOS_S,-,-,-,-
2026-01-22 12:07:56:165,X,-293461,-5.00,TPOS_E,-293546,-5.0000,-85,-0.0014
2026-01-22 12:07:56:589,X,-293461,-5.00,TPOS,-910277,-15.5048,-616816,-10.5063
2026-01-22 12:07:56:775,X,-293461,-5.00,TPOS_S,-,-,-,-
2026-01-22 12:07:59:987,X,-910958,-15.52,TPOS_E,-910277,-15.5048,681,0.0116
2026-01-22 12:08:00:416,X,-910958,-15.52,TPOS,-293546,-5.0000,617412,10.5164
2026-01-22 12:08:00:621,X,-910958,-15.52,TPOS_S,-,-,-,-
2026-01-22 12:08:05:237,X,-293448,-5.00,TPOS_E,-293546,-5.0000,-98,-0.0017
2026-01-22 12:08:05:664,X,-293448,-5.00,TPOS,-910277,-15.5048,-616829,-10.5065
2026-01-22 12:08:05:849,X,-293448,-5.00,TPOS_S,-,-,-,-
2026-01-22 12:08:09:060,X,-910952,-15.52,TPOS_E,-910277,-15.5048,675,0.0115
2026-01-22 12:08:09:484,X,-910952,-15.52,TPOS,-293546,-5.0000,617406,10.5163
2026-01-22 12:08:09:672,X,-910952,-15.52,TPOS_S,-,-,-,-
2026-01-22 12:08:11:479,Z,-3876295,-44.02,TPOS_E,-3875502,-44.0078,793,0.0090
2026-01-22 12:08:11:903,Z,-3876295,-44.02,TPOS,-440320,-5.0000,3435975,39.0168
2026-01-22 12:08:12:109,Z,-3876295,-44.02,TPOS_S,-,-,-,-
2026-01-22 12:08:14:316,X,-293434,-5.00,TPOS_E,-293546,-5.0000,-112,-0.0019
2026-01-22 12:08:14:743,X,-293434,-5.00,TPOS,-910277,-15.5048,-616843,-10.5067
2026-01-22 12:08:14:929,X,-293434,-5.00,TPOS_S,-,-,-,-
2026-01-22 12:08:18:139,X,-910969,-15.52,TPOS_E,-910277,-15.5048,692,0.0118
2026-01-22 12:08:18:564,X,-910969,-15.52,TPOS,-293546,-5.0000,617423,10.5166
2026-01-22 12:08:18:749,X,-910969,-15.52,TPOS_S,-,-,-,-
2026-01-22 12:08:23:362,X,-293447,-5.00,TPOS_E,-293546,-5.0000,-99,-0.0017
2026-01-22 12:08:23:787,X,-293447,-5.00,TPOS,-910277,-15.5048,-616830,-10.5065
2026-01-22 12:08:23:974,X,-293447,-5.00,TPOS_S,-,-,-,-
2026-01-22 12:08:27:182,X,-910953,-15.52,TPOS_E,-910277,-15.5048,676,0.0115
2026-01-22 12:08:27:610,X,-910953,-15.52,TPOS,-293546,-5.0000,617407,10.5163
2026-01-22 12:08:27:795,X,-910953,-15.52,TPOS_S,-,-,-,-
2026-01-22 12:08:29:601,Z,-440163,-5.00,TPOS_E,-440320,-5.0000,-157,-0.0018
2026-01-22 12:08:30:028,Z,-440163,-5.00,TPOS,-3875502,-44.0078,-3435339,-39.0096
2026-01-22 12:08:30:214,Z,-440163,-5.00,TPOS_S,-,-,-,-
2026-01-22 12:08:32:421,X,-293453,-5.00,TPOS_E,-293546,-5.0000,-93,-0.0016
2026-01-22 12:08:32:845,X,-293453,-5.00,TPOS,-910277,-15.5048,-616824,-10.5064
2026-01-22 12:08:33:030,X,-293453,-5.00,TPOS_S,-,-,-,-
2026-01-22 12:08:36:242,X,-910956,-15.52,TPOS_E,-910277,-15.5048,679,0.0116
2026-01-22 12:08:36:668,X,-910956,-15.52,TPOS,-293546,-5.0000,617410,10.5164
2026-01-22 12:08:36:854,X,-910956,-15.52,TPOS_S,-,-,-,-
2026-01-22 12:08:41:466,X,-293442,-5.00,TPOS_E,-293546,-5.0000,-104,-0.0018
2026-01-22 12:08:41:891,X,-293442,-5.00,TPOS,-910277,-15.5048,-616835,-10.5066
2026-01-22 12:08:42:098,X,-293442,-5.00,TPOS_S,-,-,-,-
2026-01-22 12:08:45:310,X,-910957,-15.52,TPOS_E,-910277,-15.5048,680,0.0116
2026-01-22 12:08:45:735,X,-910957,-15.52,TPOS,-293546,-5.0000,617411,10.5164
2026-01-22 12:08:45:901,X,-910957,-15.52,TPOS_S,-,-,-,-
2026-01-22 12:08:47:708,Z,-3876270,-44.02,TPOS_E,-3875502,-44.0078,768,0.0087
2026-01-22 12:08:48:134,Z,-3876270,-44.02,TPOS,-440320,-5.0000,3435950,39.0165
2026-01-22 12:08:48:320,Z,-3876270,-44.02,TPOS_S,-,-,-,-
2026-01-22 12:08:50:528,X,-293435,-5.00,TPOS_E,-293546,-5.0000,-111,-0.0019
2026-01-22 12:08:50:952,X,-293435,-5.00,TPOS,-910277,-15.5048,-616842,-10.5067
2026-01-22 12:08:51:157,X,-293435,-5.00,TPOS_S,-,-,-,-
2026-01-22 12:08:54:366,X,-910976,-15.52,TPOS_E,-910277,-15.5048,699,0.0119
2026-01-22 12:08:54:792,X,-910976,-15.52,TPOS,-293546,-5.0000,617430,10.5167
2026-01-22 12:08:54:976,X,-910976,-15.52,TPOS_S,-,-,-,-
2026-01-22 12:08:59:592,X,-293436,-5.00,TPOS_E,-293546,-5.0000,-110,-0.0019
2026-01-22 12:09:00:018,X,-293436,-5.00,TPOS,-910277,-15.5048,-616841,-10.5067
2026-01-22 12:09:00:204,X,-293436,-5.00,TPOS_S,-,-,-,-
2026-01-22 12:09:03:415,X,-910984,-15.52,TPOS_E,-910277,-15.5048,707,0.0120
2026-01-22 12:09:03:839,X,-910984,-15.52,TPOS,-293546,-5.0000,617438,10.5169
2026-01-22 12:09:04:025,X,-910984,-15.52,TPOS_S,-,-,-,-
2026-01-22 12:09:05:830,Z,-440155,-5.00,TPOS_E,-440320,-5.0000,-165,-0.0019
2026-01-22 12:09:06:257,Z,-440155,-5.00,TPOS,-3875502,-44.0078,-3435347,-39.0097
2026-01-22 12:09:06:444,Z,-440155,-5.00,TPOS_S,-,-,-,-
2026-01-22 12:09:08:651,X,-293448,-5.00,TPOS_E,-293546,-5.0000,-98,-0.0017
2026-01-22 12:09:09:075,X,-293448,-5.00,TPOS,-910277,-15.5048,-616829,-10.5065
2026-01-22 12:09:09:262,X,-293448,-5.00,TPOS_S,-,-,-,-
2026-01-22 12:09:12:472,X,-910957,-15.52,TPOS_E,-910277,-15.5048,680,0.0116
2026-01-22 12:09:12:897,X,-910957,-15.52,TPOS,-293546,-5.0000,617411,10.5164
2026-01-22 12:09:13:104,X,-910957,-15.52,TPOS_S,-,-,-,-
2026-01-22 12:09:17:717,X,-293453,-5.00,TPOS_E,-293546,-5.0000,-93,-0.0016
2026-01-22 12:09:18:142,X,-293453,-5.00,TPOS,-910277,-15.5048,-616824,-10.5064
2026-01-22 12:09:18:348,X,-293453,-5.00,TPOS_S,-,-,-,-
2026-01-22 12:09:21:558,X,-910975,-15.52,TPOS_E,-910277,-15.5048,698,0.0119
2026-01-22 12:09:21:981,X,-910975,-15.52,TPOS,-293546,-5.0000,617429,10.5167
2026-01-22 12:09:22:169,X,-910975,-15.52,TPOS_S,-,-,-,-
2026-01-22 12:09:23:975,Z,-3876277,-44.02,TPOS_E,-3875502,-44.0078,775,0.0088
2026-01-22 12:09:24:400,Z,-3876277,-44.02,TPOS,-440320,-5.0000,3435957,39.0166
2026-01-22 12:09:24:584,Z,-3876277,-44.02,TPOS_S,-,-,-,-
2026-01-22 12:09:26:790,X,-293440,-5.00,TPOS_E,-293546,-5.0000,-106,-0.0018
2026-01-22 12:09:27:216,X,-293440,-5.00,TPOS,-910277,-15.5048,-616837,-10.5066
2026-01-22 12:09:27:403,X,-293440,-5.00,TPOS_S,-,-,-,-
2026-01-22 12:09:30:615,X,-910956,-15.52,TPOS_E,-910277,-15.5048,679,0.0116
2026-01-22 12:09:31:041,X,-910956,-15.52,TPOS,-293546,-5.0000,617410,10.5164
2026-01-22 12:09:31:227,X,-910956,-15.52,TPOS_S,-,-,-,-
2026-01-22 12:09:35:841,X,-293443,-5.00,TPOS_E,-293546,-5.0000,-103,-0.0018
2026-01-22 12:09:36:266,X,-293443,-5.00,TPOS,-910277,-15.5048,-616834,-10.5066
2026-01-22 12:09:36:453,X,-293443,-5.00,TPOS_S,-,-,-,-
2026-01-22 12:09:39:664,X,-910961,-15.52,TPOS_E,-910277,-15.5048,684,0.0117
2026-01-22 12:09:40:091,X,-910961,-15.52,TPOS,-293546,-5.0000,617415,10.5165
2026-01-22 12:09:40:276,X,-910961,-15.52,TPOS_S,-,-,-,-
2026-01-22 12:09:42:083,Z,-440164,-5.00,TPOS_E,-440320,-5.0000,-156,-0.0018
2026-01-22 12:09:42:512,Z,-440164,-5.00,TPOS,-3875502,-44.0078,-3435338,-39.0096
2026-01-22 12:09:42:697,Z,-440164,-5.00,TPOS_S,-,-,-,-
2026-01-22 12:09:44:904,X,-293445,-5.00,TPOS_E,-293546,-5.0000,-101,-0.0017
2026-01-22 12:09:45:328,X,-293445,-5.00,TPOS,-910277,-15.5048,-616832,-10.5065
2026-01-22 12:09:45:514,X,-293445,-5.00,TPOS_S,-,-,-,-
2026-01-22 12:09:48:724,X,-910958,-15.52,TPOS_E,-910277,-15.5048,681,0.0116
2026-01-22 12:09:49:149,X,-910958,-15.52,TPOS,-293546,-5.0000,617412,10.5164
2026-01-22 12:09:49:334,X,-910958,-15.52,TPOS_S,-,-,-,-
2026-01-22 12:09:53:948,X,-293438,-5.00,TPOS_E,-293546,-5.0000,-108,-0.0018
2026-01-22 12:09:54:375,X,-293438,-5.00,TPOS,-910277,-15.5048,-616839,-10.5067
2026-01-22 12:09:54:581,X,-293438,-5.00,TPOS_S,-,-,-,-
2026-01-22 12:09:57:789,X,-910960,-15.52,TPOS_E,-910277,-15.5048,683,0.0116
2026-01-22 12:09:58:213,X,-910960,-15.52,TPOS,-293546,-5.0000,617414,10.5165
2026-01-22 12:09:58:398,X,-910960,-15.52,TPOS_S,-,-,-,-
2026-01-22 12:10:00:204,Z,-3876280,-44.02,TPOS_E,-3875502,-44.0078,778,0.0088
2026-01-22 12:10:00:629,Z,-3876280,-44.02,TPOS,-440320,-5.0000,3435960,39.0166
2026-01-22 12:10:00:814,Z,-3876280,-44.02,TPOS_S,-,-,-,-
2026-01-22 12:10:03:022,X,-293441,-5.00,TPOS_E,-293546,-5.0000,-105,-0.0018
2026-01-22 12:10:03:448,X,-293441,-5.00,TPOS,-910277,-15.5048,-616836,-10.5066
2026-01-22 12:10:03:634,X,-293441,-5.00,TPOS_S,-,-,-,-
2026-01-22 12:10:06:844,X,-910955,-15.52,TPOS_E,-910277,-15.5048,678,0.0115
2026-01-22 12:10:07:270,X,-910955,-15.52,TPOS,-293546,-5.0000,617409,10.5164
2026-01-22 12:10:07:454,X,-910955,-15.52,TPOS_S,-,-,-,-
2026-01-22 12:10:12:068,X,-293453,-5.00,TPOS_E,-293546,-5.0000,-93,-0.0016
2026-01-22 12:10:12:494,X,-293453,-5.00,TPOS,-910277,-15.5048,-616824,-10.5064
2026-01-22 12:10:12:660,X,-293453,-5.00,TPOS_S,-,-,-,-
2026-01-22 12:10:15:869,X,-910963,-15.52,TPOS_E,-910277,-15.5048,686,0.0117
2026-01-22 12:10:16:295,X,-910963,-15.52,TPOS,-293546,-5.0000,617417,10.5165
2026-01-22 12:10:16:480,X,-910963,-15.52,TPOS_S,-,-,-,-
2026-01-22 12:10:18:285,Z,-440153,-5.00,TPOS_E,-440320,-5.0000,-167,-0.0019
2026-01-22 12:10:18:709,Z,-440153,-5.00,TPOS,-3875502,-44.0078,-3435349,-39.0097
2026-01-22 12:10:18:916,Z,-440153,-5.00,TPOS_S,-,-,-,-
2026-01-22 12:10:21:123,X,-293448,-5.00,TPOS_E,-293546,-5.0000,-98,-0.0017
2026-01-22 12:10:21:551,X,-293448,-5.00,TPOS,-910277,-15.5048,-616829,-10.5065
2026-01-22 12:10:21:737,X,-293448,-5.00,TPOS_S,-,-,-,-
2026-01-22 12:10:24:946,X,-910959,-15.52,TPOS_E,-910277,-15.5048,682,0.0116
2026-01-22 12:10:25:371,X,-910959,-15.52,TPOS,-293546,-5.0000,617413,10.5164
2026-01-22 12:10:25:579,X,-910959,-15.52,TPOS_S,-,-,-,-
2026-01-22 12:10:30:193,X,-293444,-5.00,TPOS_E,-293546,-5.0000,-102,-0.0017
2026-01-22 12:10:30:619,X,-293444,-5.00,TPOS,-910277,-15.5048,-616833,-10.5066
2026-01-22 12:10:30:804,X,-293444,-5.00,TPOS_S,-,-,-,-
2026-01-22 12:10:34:017,X,-910941,-15.52,TPOS_E,-910277,-15.5048,664,0.0113
2026-01-22 12:10:34:443,X,-910941,-15.52,TPOS,-293546,-5.0000,617395,10.5161
2026-01-22 12:10:34:630,X,-910941,-15.52,TPOS_S,-,-,-,-
2026-01-22 12:10:36:438,Z,-3876279,-44.02,TPOS_E,-3875502,-44.0078,777,0.0088
2026-01-22 12:10:36:862,Z,-3876279,-44.02,TPOS,-440320,-5.0000,3435959,39.0166
2026-01-22 12:10:37:067,Z,-3876279,-44.02,TPOS_S,-,-,-,-
2026-01-22 12:10:39:273,X,-293441,-5.00,TPOS_E,-293546,-5.0000,-105,-0.0018
2026-01-22 12:10:39:698,X,-293441,-5.00,TPOS,-910277,-15.5048,-616836,-10.5066
2026-01-22 12:10:39:883,X,-293441,-5.00,TPOS_S,-,-,-,-
2026-01-22 12:10:43:095,X,-910972,-15.52,TPOS_E,-910277,-15.5048,695,0.0118
2026-01-22 12:10:43:520,X,-910972,-15.52,TPOS,-293546,-5.0000,617426,10.5167
2026-01-22 12:10:43:726,X,-910972,-15.52,TPOS_S,-,-,-,-
2026-01-22 12:10:48:338,X,-293445,-5.00,TPOS_E,-293546,-5.0000,-101,-0.0017
2026-01-22 12:10:48:763,X,-293445,-5.00,TPOS,-910277,-15.5048,-616832,-10.5065
2026-01-22 12:10:48:971,X,-293445,-5.00,TPOS_S,-,-,-,-
2026-01-22 12:10:52:184,X,-910958,-15.52,TPOS_E,-910277,-15.5048,681,0.0116
2026-01-22 12:10:52:611,X,-910958,-15.52,TPOS,-293546,-5.0000,617412,10.5164
2026-01-22 12:10:52:797,X,-910958,-15.52,TPOS_S,-,-,-,-
2026-01-22 12:10:54:604,Z,-440166,-5.00,TPOS_E,-440320,-5.0000,-154,-0.0017
2026-01-22 12:10:55:029,Z,-440166,-5.00,TPOS,-3875502,-44.0078,-3435336,-39.0095
2026-01-22 12:10:55:216,Z,-440166,-5.00,TPOS_S,-,-,-,-
2026-01-22 12:10:57:422,X,-293445,-5.00,TPOS_E,-293546,-5.0000,-101,-0.0017
2026-01-22 12:10:57:847,X,-293445,-5.00,TPOS,-910277,-15.5048,-616832,-10.5065
2026-01-22 12:10:58:033,X,-293445,-5.00,TPOS_S,-,-,-,-
2026-01-22 12:11:01:243,X,-910963,-15.52,TPOS_E,-910277,-15.5048,686,0.0117
2026-01-22 12:11:01:669,X,-910963,-15.52,TPOS,-293546,-5.0000,617417,10.5165
2026-01-22 12:11:01:876,X,-910963,-15.52,TPOS_S,-,-,-,-
2026-01-22 12:11:06:490,X,-293433,-5.00,TPOS_E,-293546,-5.0000,-113,-0.0019
2026-01-22 12:11:06:914,X,-293433,-5.00,TPOS,-910277,-15.5048,-616844,-10.5067
2026-01-22 12:11:07:120,X,-293433,-5.00,TPOS_S,-,-,-,-
2026-01-22 12:11:10:332,X,-910952,-15.52,TPOS_E,-910277,-15.5048,675,0.0115
2026-01-22 12:11:10:758,X,-910952,-15.52,TPOS,-293546,-5.0000,617406,10.5163
2026-01-22 12:11:10:942,X,-910952,-15.52,TPOS_S,-,-,-,-
2026-01-22 12:11:12:749,Z,-3876274,-44.02,TPOS_E,-3875502,-44.0078,772,0.0088
2026-01-22 12:11:13:173,Z,-3876274,-44.02,TPOS,-440320,-5.0000,3435954,39.0166
2026-01-22 12:11:13:359,Z,-3876274,-44.02,TPOS_S,-,-,-,-
2026-01-22 12:11:15:567,X,-293443,-5.00,TPOS_E,-293546,-5.0000,-103,-0.0018
2026-01-22 12:11:15:993,X,-293443,-5.00,TPOS,-910277,-15.5048,-616834,-10.5066
2026-01-22 12:11:16:179,X,-293443,-5.00,TPOS_S,-,-,-,-
2026-01-22 12:11:19:390,X,-910942,-15.52,TPOS_E,-910277,-15.5048,665,0.0113
2026-01-22 12:11:19:815,X,-910942,-15.52,TPOS,-293546,-5.0000,617396,10.5161
2026-01-22 12:11:20:002,X,-910942,-15.52,TPOS_S,-,-,-,-
2026-01-22 12:11:24:618,X,-293436,-5.00,TPOS_E,-293546,-5.0000,-110,-0.0019
2026-01-22 12:11:25:042,X,-293436,-5.00,TPOS,-910277,-15.5048,-616841,-10.5067
2026-01-22 12:11:25:232,X,-293436,-5.00,TPOS_S,-,-,-,-
2026-01-22 12:11:28:442,X,-910953,-15.52,TPOS_E,-910277,-15.5048,676,0.0115
2026-01-22 12:11:28:866,X,-910953,-15.52,TPOS,-293546,-5.0000,617407,10.5163
2026-01-22 12:11:29:053,X,-910953,-15.52,TPOS_S,-,-,-,-
2026-01-22 12:11:30:860,Z,-440182,-5.00,TPOS_E,-440320,-5.0000,-138,-0.0016
2026-01-22 12:11:31:287,Z,-440182,-5.00,TPOS,-3875502,-44.0078,-3435320,-39.0094
2026-01-22 12:11:31:474,Z,-440182,-5.00,TPOS_S,-,-,-,-
2026-01-22 12:11:33:680,X,-293437,-5.00,TPOS_E,-293546,-5.0000,-109,-0.0019
2026-01-22 12:11:34:105,X,-293437,-5.00,TPOS,-910277,-15.5048,-616840,-10.5067
2026-01-22 12:11:34:291,X,-293437,-5.00,TPOS_S,-,-,-,-
2026-01-22 12:11:37:500,X,-910964,-15.52,TPOS_E,-910277,-15.5048,687,0.0117
2026-01-22 12:11:37:925,X,-910964,-15.52,TPOS,-293546,-5.0000,617418,10.5165
2026-01-22 12:11:38:134,X,-910964,-15.52,TPOS_S,-,-,-,-
2026-01-22 12:11:42:750,X,-293438,-5.00,TPOS_E,-293546,-5.0000,-108,-0.0018
2026-01-22 12:11:43:177,X,-293438,-5.00,TPOS,-910277,-15.5048,-616839,-10.5067
2026-01-22 12:11:43:381,X,-293438,-5.00,TPOS_S,-,-,-,-
2026-01-22 12:11:46:593,X,-910964,-15.52,TPOS_E,-910277,-15.5048,687,0.0117
2026-01-22 12:11:47:019,X,-910964,-15.52,TPOS,-293546,-5.0000,617418,10.5165
2026-01-22 12:11:47:204,X,-910964,-15.52,TPOS_S,-,-,-,-
2026-01-22 12:11:49:011,Z,-3876235,-44.02,TPOS_E,-3875502,-44.0078,733,0.0083
2026-01-22 12:11:49:438,Z,-3876235,-44.02,TPOS,-440320,-5.0000,3435915,39.0161
2026-01-22 12:11:49:624,Z,-3876235,-44.02,TPOS_S,-,-,-,-
2026-01-22 12:11:51:832,X,-293446,-5.00,TPOS_E,-293546,-5.0000,-100,-0.0017
2026-01-22 12:11:52:257,X,-293446,-5.00,TPOS,-910277,-15.5048,-616831,-10.5065
2026-01-22 12:11:52:445,X,-293446,-5.00,TPOS_S,-,-,-,-
2026-01-22 12:11:55:656,X,-910956,-15.52,TPOS_E,-910277,-15.5048,679,0.0116
2026-01-22 12:11:56:081,X,-910956,-15.52,TPOS,-293546,-5.0000,617410,10.5164
2026-01-22 12:11:56:266,X,-910956,-15.52,TPOS_S,-,-,-,-
2026-01-22 12:12:00:881,X,-293434,-5.00,TPOS_E,-293546,-5.0000,-112,-0.0019
2026-01-22 12:12:01:305,X,-293434,-5.00,TPOS,-910277,-15.5048,-616843,-10.5067
2026-01-22 12:12:01:491,X,-293434,-5.00,TPOS_S,-,-,-,-
2026-01-22 12:12:04:700,X,-910948,-15.52,TPOS_E,-910277,-15.5048,671,0.0114
2026-01-22 12:12:05:125,X,-910948,-15.52,TPOS,-293546,-5.0000,617402,10.5163
2026-01-22 12:12:05:310,X,-910948,-15.52,TPOS_S,-,-,-,-
2026-01-22 12:12:07:118,Z,-440163,-5.00,TPOS_E,-440320,-5.0000,-157,-0.0018
2026-01-22 12:12:07:544,Z,-440163,-5.00,TPOS,-3875502,-44.0078,-3435339,-39.0096
2026-01-22 12:12:07:729,Z,-440163,-5.00,TPOS_S,-,-,-,-
2026-01-22 12:12:09:937,X,-293438,-5.00,TPOS_E,-293546,-5.0000,-108,-0.0018
2026-01-22 12:12:10:362,X,-293438,-5.00,TPOS,-910277,-15.5048,-616839,-10.5067
2026-01-22 12:12:10:547,X,-293438,-5.00,TPOS_S,-,-,-,-
2026-01-22 12:12:13:758,X,-910940,-15.52,TPOS_E,-910277,-15.5048,663,0.0113
2026-01-22 12:12:14:183,X,-910940,-15.52,TPOS,-293546,-5.0000,617394,10.5161
2026-01-22 12:12:14:369,X,-910940,-15.52,TPOS_S,-,-,-,-
2026-01-22 12:12:18:986,X,-293432,-5.00,TPOS_E,-293546,-5.0000,-114,-0.0019
2026-01-22 12:12:19:411,X,-293432,-5.00,TPOS,-910277,-15.5048,-616845,-10.5068
2026-01-22 12:12:19:598,X,-293432,-5.00,TPOS_S,-,-,-,-
2026-01-22 12:12:22:810,X,-910941,-15.52,TPOS_E,-910277,-15.5048,664,0.0113
2026-01-22 12:12:23:234,X,-910941,-15.52,TPOS,-293546,-5.0000,617395,10.5161
2026-01-22 12:12:23:419,X,-910941,-15.52,TPOS_S,-,-,-,-
2026-01-22 12:12:25:426,Z,-3876234,-44.02,TPOS_E,-3875502,-44.0078,732,0.0083
2026-01-22 12:12:25:850,Z,-3876234,-44.02,TPOS,-440320,-5.0000,3435914,39.0161
2026-01-22 12:12:26:034,Z,-3876234,-44.02,TPOS_S,-,-,-,-
2026-01-22 12:12:28:041,X,-293439,-5.00,TPOS_E,-293546,-5.0000,-107,-0.0018
2026-01-22 12:12:28:464,X,-293439,-5.00,TPOS,-910277,-15.5048,-616838,-10.5066
2026-01-22 12:12:28:650,X,-293439,-5.00,TPOS_S,-,-,-,-
2026-01-22 12:12:31:860,X,-910946,-15.52,TPOS_E,-910277,-15.5048,669,0.0114
2026-01-22 12:12:32:285,X,-910946,-15.52,TPOS,-293546,-5.0000,617400,10.5162
2026-01-22 12:12:32:472,X,-910946,-15.52,TPOS_S,-,-,-,-
2026-01-22 12:12:37:089,X,-293437,-5.00,TPOS_E,-293546,-5.0000,-109,-0.0019
2026-01-22 12:12:37:515,X,-293437,-5.00,TPOS,-910277,-15.5048,-616840,-10.5067
2026-01-22 12:12:37:701,X,-293437,-5.00,TPOS_S,-,-,-,-
2026-01-22 12:12:40:911,X,-910945,-15.52,TPOS_E,-910277,-15.5048,668,0.0114
2026-01-22 12:12:41:335,X,-910945,-15.52,TPOS,-293546,-5.0000,617399,10.5162
2026-01-22 12:12:41:521,X,-910945,-15.52,TPOS_S,-,-,-,-
2026-01-22 12:12:43:527,Z,-440163,-5.00,TPOS_E,-440320,-5.0000,-157,-0.0018
2026-01-22 12:12:43:953,Z,-440163,-5.00,TPOS,-3875502,-44.0078,-3435339,-39.0096
2026-01-22 12:12:44:136,Z,-440163,-5.00,TPOS_S,-,-,-,-
2026-01-22 12:12:46:344,X,-293445,-5.00,TPOS_E,-293546,-5.0000,-101,-0.0017
2026-01-22 12:12:46:768,X,-293445,-5.00,TPOS,-910277,-15.5048,-616832,-10.5065
2026-01-22 12:12:46:954,X,-293445,-5.00,TPOS_S,-,-,-,-
2026-01-22 12:12:50:164,X,-910954,-15.52,TPOS_E,-910277,-15.5048,677,0.0115
2026-01-22 12:12:50:590,X,-910954,-15.52,TPOS,-293546,-5.0000,617408,10.5164
2026-01-22 12:12:50:799,X,-910954,-15.52,TPOS_S,-,-,-,-
2026-01-22 12:12:55:412,X,-293435,-5.00,TPOS_E,-293546,-5.0000,-111,-0.0019
2026-01-22 12:12:55:836,X,-293435,-5.00,TPOS,-910277,-15.5048,-616842,-10.5067
2026-01-22 12:12:56:023,X,-293435,-5.00,TPOS_S,-,-,-,-
2026-01-22 12:12:59:236,X,-910952,-15.52,TPOS_E,-910277,-15.5048,675,0.0115
2026-01-22 12:12:59:660,X,-910952,-15.52,TPOS,-293546,-5.0000,617406,10.5163
2026-01-22 12:12:59:846,X,-910952,-15.52,TPOS_S,-,-,-,-
2026-01-22 12:13:01:651,Z,-3876289,-44.02,TPOS_E,-3875502,-44.0078,787,0.0089
2026-01-22 12:13:02:076,Z,-3876289,-44.02,TPOS,-440320,-5.0000,3435969,39.0167
2026-01-22 12:13:02:282,Z,-3876289,-44.02,TPOS_S,-,-,-,-
2026-01-22 12:13:04:491,X,-293438,-5.00,TPOS_E,-293546,-5.0000,-108,-0.0018
2026-01-22 12:13:04:915,X,-293438,-5.00,TPOS,-910277,-15.5048,-616839,-10.5067
2026-01-22 12:13:05:102,X,-293438,-5.00,TPOS_S,-,-,-,-
2026-01-22 12:13:08:312,X,-910949,-15.52,TPOS_E,-910277,-15.5048,672,0.0114
2026-01-22 12:13:08:740,X,-910949,-15.52,TPOS,-293546,-5.0000,617403,10.5163
2026-01-22 12:13:08:946,X,-910949,-15.52,TPOS_S,-,-,-,-
2026-01-22 12:13:13:561,X,-293434,-5.00,TPOS_E,-293546,-5.0000,-112,-0.0019
2026-01-22 12:13:13:988,X,-293434,-5.00,TPOS,-910277,-15.5048,-616843,-10.5067
2026-01-22 12:13:14:174,X,-293434,-5.00,TPOS_S,-,-,-,-
2026-01-22 12:13:17:386,X,-910957,-15.52,TPOS_E,-910277,-15.5048,680,0.0116
2026-01-22 12:13:17:810,X,-910957,-15.52,TPOS,-293546,-5.0000,617411,10.5164
2026-01-22 12:13:17:997,X,-910957,-15.52,TPOS_S,-,-,-,-
2026-01-22 12:13:19:804,Z,-440166,-5.00,TPOS_E,-440320,-5.0000,-154,-0.0017
2026-01-22 12:13:20:231,Z,-440166,-5.00,TPOS,-3875502,-44.0078,-3435336,-39.0095
2026-01-22 12:13:20:416,Z,-440166,-5.00,TPOS_S,-,-,-,-
2026-01-22 12:13:22:624,X,-293440,-5.00,TPOS_E,-293546,-5.0000,-106,-0.0018
2026-01-22 12:13:23:051,X,-293440,-5.00,TPOS,-910277,-15.5048,-616837,-10.5066
2026-01-22 12:13:23:237,X,-293440,-5.00,TPOS_S,-,-,-,-
2026-01-22 12:13:26:447,X,-910949,-15.52,TPOS_E,-910277,-15.5048,672,0.0114
2026-01-22 12:13:26:872,X,-910949,-15.52,TPOS,-293546,-5.0000,617403,10.5163
2026-01-22 12:13:27:058,X,-910949,-15.52,TPOS_S,-,-,-,-
2026-01-22 12:13:31:672,X,-293435,-5.00,TPOS_E,-293546,-5.0000,-111,-0.0019
2026-01-22 12:13:32:098,X,-293435,-5.00,TPOS,-910277,-15.5048,-616842,-10.5067
2026-01-22 12:13:32:304,X,-293435,-5.00,TPOS_S,-,-,-,-
2026-01-22 12:13:35:513,X,-910957,-15.52,TPOS_E,-910277,-15.5048,680,0.0116
2026-01-22 12:13:35:942,X,-910957,-15.52,TPOS,-293546,-5.0000,617411,10.5164
2026-01-22 12:13:36:126,X,-910957,-15.52,TPOS_S,-,-,-,-
2026-01-22 12:13:37:934,Z,-3876266,-44.02,TPOS_E,-3875502,-44.0078,764,0.0087
2026-01-22 12:13:38:359,Z,-3876266,-44.02,TPOS,-440320,-5.0000,3435946,39.0165
2026-01-22 12:13:38:545,Z,-3876266,-44.02,TPOS_S,-,-,-,-
2026-01-22 12:13:40:752,X,-293434,-5.00,TPOS_E,-293546,-5.0000,-112,-0.0019
2026-01-22 12:13:41:177,X,-293434,-5.00,TPOS,-910277,-15.5048,-616843,-10.5067
2026-01-22 12:13:41:362,X,-293434,-5.00,TPOS_S,-,-,-,-
2026-01-22 12:13:44:573,X,-910954,-15.52,TPOS_E,-910277,-15.5048,677,0.0115
2026-01-22 12:13:44:998,X,-910954,-15.52,TPOS,-293546,-5.0000,617408,10.5164
2026-01-22 12:13:45:182,X,-910954,-15.52,TPOS_S,-,-,-,-
2026-01-22 12:13:49:795,X,-293432,-5.00,TPOS_E,-293546,-5.0000,-114,-0.0019
2026-01-22 12:13:50:221,X,-293432,-5.00,TPOS,-910277,-15.5048,-616845,-10.5068
2026-01-22 12:13:50:406,X,-293432,-5.00,TPOS_S,-,-,-,-
2026-01-22 12:13:53:617,X,-910952,-15.52,TPOS_E,-910277,-15.5048,675,0.0115
2026-01-22 12:13:54:044,X,-910952,-15.52,TPOS,-293546,-5.0000,617406,10.5163
2026-01-22 12:13:54:231,X,-910952,-15.52,TPOS_S,-,-,-,-
2026-01-22 12:13:56:036,Z,-440173,-5.00,TPOS_E,-440320,-5.0000,-147,-0.0017
2026-01-22 12:13:56:462,Z,-440173,-5.00,TPOS,-3875502,-44.0078,-3435329,-39.0095
2026-01-22 12:13:56:649,Z,-440173,-5.00,TPOS_S,-,-,-,-
2026-01-22 12:13:58:856,X,-293445,-5.00,TPOS_E,-293546,-5.0000,-101,-0.0017
2026-01-22 12:13:59:280,X,-293445,-5.00,TPOS,-910277,-15.5048,-616832,-10.5065
2026-01-22 12:13:59:466,X,-293445,-5.00,TPOS_S,-,-,-,-
2026-01-22 12:14:02:677,X,-910949,-15.52,TPOS_E,-910277,-15.5048,672,0.0114
2026-01-22 12:14:03:103,X,-910949,-15.52,TPOS,-293546,-5.0000,617403,10.5163
2026-01-22 12:14:03:289,X,-910949,-15.52,TPOS_S,-,-,-,-
2026-01-22 12:14:07:902,X,-293433,-5.00,TPOS_E,-293546,-5.0000,-113,-0.0019
2026-01-22 12:14:08:328,X,-293433,-5.00,TPOS,-910277,-15.5048,-616844,-10.5067
2026-01-22 12:14:08:494,X,-293433,-5.00,TPOS_S,-,-,-,-
2026-01-22 12:14:11:705,X,-910950,-15.52,TPOS_E,-910277,-15.5048,673,0.0115
2026-01-22 12:14:12:129,X,-910950,-15.52,TPOS,-293546,-5.0000,617404,10.5163
2026-01-22 12:14:12:316,X,-910950,-15.52,TPOS_S,-,-,-,-
2026-01-22 12:14:14:122,Z,-3876287,-44.02,TPOS_E,-3875502,-44.0078,785,0.0089
2026-01-22 12:14:14:547,Z,-3876287,-44.02,TPOS,-440320,-5.0000,3435967,39.0167
2026-01-22 12:14:14:754,Z,-3876287,-44.02,TPOS_S,-,-,-,-
2026-01-22 12:14:16:964,X,-293432,-5.00,TPOS_E,-293546,-5.0000,-114,-0.0019
2026-01-22 12:14:17:389,X,-293432,-5.00,TPOS,-910277,-15.5048,-616845,-10.5068
2026-01-22 12:14:17:574,X,-293432,-5.00,TPOS_S,-,-,-,-
2026-01-22 12:14:20:785,X,-910965,-15.52,TPOS_E,-910277,-15.5048,688,0.0117
2026-01-22 12:14:21:210,X,-910965,-15.52,TPOS,-293546,-5.0000,617419,10.5165
2026-01-22 12:14:21:416,X,-910965,-15.52,TPOS_S,-,-,-,-
2026-01-22 12:14:26:031,X,-293431,-5.00,TPOS_E,-293546,-5.0000,-115,-0.0020
2026-01-22 12:14:26:455,X,-293431,-5.00,TPOS,-910277,-15.5048,-616846,-10.5068
2026-01-22 12:14:26:642,X,-293431,-5.00,TPOS_S,-,-,-,-
2026-01-22 12:14:29:851,X,-910938,-15.52,TPOS_E,-910277,-15.5048,661,0.0113
2026-01-22 12:14:30:281,X,-910938,-15.52,TPOS,-293546,-5.0000,617392,10.5161
2026-01-22 12:14:30:466,X,-910938,-15.52,TPOS_S,-,-,-,-
2026-01-22 12:14:32:271,Z,-440182,-5.00,TPOS_E,-440320,-5.0000,-138,-0.0016
2026-01-22 12:14:32:696,Z,-440182,-5.00,TPOS,-3875502,-44.0078,-3435320,-39.0094
2026-01-22 12:14:32:902,Z,-440182,-5.00,TPOS_S,-,-,-,-
2026-01-22 12:14:35:108,X,-293438,-5.00,TPOS_E,-293546,-5.0000,-108,-0.0018
2026-01-22 12:14:35:535,X,-293438,-5.00,TPOS,-910277,-15.5048,-616839,-10.5067
2026-01-22 12:14:35:720,X,-293438,-5.00,TPOS_S,-,-,-,-
2026-01-22 12:14:38:930,X,-910951,-15.52,TPOS_E,-910277,-15.5048,674,0.0115
2026-01-22 12:14:39:355,X,-910951,-15.52,TPOS,-293546,-5.0000,617405,10.5163
2026-01-22 12:14:39:540,X,-910951,-15.52,TPOS_S,-,-,-,-
2026-01-22 12:14:44:157,X,-293440,-5.00,TPOS_E,-293546,-5.0000,-106,-0.0018
2026-01-22 12:14:44:583,X,-293440,-5.00,TPOS,-910277,-15.5048,-616837,-10.5066
2026-01-22 12:14:44:767,X,-293440,-5.00,TPOS_S,-,-,-,-
2026-01-22 12:14:47:979,X,-910969,-15.52,TPOS_E,-910277,-15.5048,692,0.0118
2026-01-22 12:14:48:405,X,-910969,-15.52,TPOS,-293546,-5.0000,617423,10.5166
2026-01-22 12:14:48:610,X,-910969,-15.52,TPOS_S,-,-,-,-
2026-01-22 12:14:50:416,Z,-3876285,-44.02,TPOS_E,-3875502,-44.0078,783,0.0089
2026-01-22 12:14:50:840,Z,-3876285,-44.02,TPOS,-440320,-5.0000,3435965,39.0167
2026-01-22 12:14:51:027,Z,-3876285,-44.02,TPOS_S,-,-,-,-
2026-01-22 12:14:53:236,X,-293436,-5.00,TPOS_E,-293546,-5.0000,-110,-0.0019
2026-01-22 12:14:53:661,X,-293436,-5.00,TPOS,-910277,-15.5048,-616841,-10.5067
2026-01-22 12:14:53:867,X,-293436,-5.00,TPOS_S,-,-,-,-
2026-01-22 12:14:57:079,X,-910948,-15.52,TPOS_E,-910277,-15.5048,671,0.0114
2026-01-22 12:14:57:503,X,-910948,-15.52,TPOS,-293546,-5.0000,617402,10.5163
2026-01-22 12:14:57:690,X,-910948,-15.52,TPOS_S,-,-,-,-
2026-01-22 12:15:02:303,X,-293441,-5.00,TPOS_E,-293546,-5.0000,-105,-0.0018
2026-01-22 12:15:02:730,X,-293441,-5.00,TPOS,-910277,-15.5048,-616836,-10.5066
2026-01-22 12:15:02:916,X,-293441,-5.00,TPOS_S,-,-,-,-
2026-01-22 12:15:06:126,X,-910954,-15.52,TPOS_E,-910277,-15.5048,677,0.0115
2026-01-22 12:15:06:551,X,-910954,-15.52,TPOS,-293546,-5.0000,617408,10.5164
2026-01-22 12:15:06:736,X,-910954,-15.52,TPOS_S,-,-,-,-
2026-01-22 12:15:08:545,Z,-440186,-5.00,TPOS_E,-440320,-5.0000,-134,-0.0015
2026-01-22 12:15:08:972,Z,-440186,-5.00,TPOS,-3875502,-44.0078,-3435316,-39.0093
2026-01-22 12:15:09:158,Z,-440186,-5.00,TPOS_S,-,-,-,-
2026-01-22 12:15:11:366,X,-293440,-5.00,TPOS_E,-293546,-5.0000,-106,-0.0018
2026-01-22 12:15:11:790,X,-293440,-5.00,TPOS,-910277,-15.5048,-616837,-10.5066
2026-01-22 12:15:11:996,X,-293440,-5.00,TPOS_S,-,-,-,-
2026-01-22 12:15:15:205,X,-910965,-15.52,TPOS_E,-910277,-15.5048,688,0.0117
2026-01-22 12:15:15:629,X,-910965,-15.52,TPOS,-293546,-5.0000,617419,10.5165
2026-01-22 12:15:15:816,X,-910965,-15.52,TPOS_S,-,-,-,-
2026-01-22 12:15:20:431,X,-293451,-5.00,TPOS_E,-293546,-5.0000,-95,-0.0016
2026-01-22 12:15:20:855,X,-293451,-5.00,TPOS,-910277,-15.5048,-616826,-10.5064
2026-01-22 12:15:21:040,X,-293451,-5.00,TPOS_S,-,-,-,-
2026-01-22 12:15:24:249,X,-910944,-15.52,TPOS_E,-910277,-15.5048,667,0.0114
2026-01-22 12:15:24:674,X,-910944,-15.52,TPOS,-293546,-5.0000,617398,10.5162
2026-01-22 12:15:24:860,X,-910944,-15.52,TPOS_S,-,-,-,-
2026-01-22 12:15:26:665,Z,-3876239,-44.02,TPOS_E,-3875502,-44.0078,737,0.0084
2026-01-22 12:15:27:091,Z,-3876239,-44.02,TPOS,-440320,-5.0000,3435919,39.0162
2026-01-22 12:15:27:276,Z,-3876239,-44.02,TPOS_S,-,-,-,-
2026-01-22 12:15:29:485,X,-293439,-5.00,TPOS_E,-293546,-5.0000,-107,-0.0018
2026-01-22 12:15:29:913,X,-293439,-5.00,TPOS,-910277,-15.5048,-616838,-10.5066
2026-01-22 12:15:30:100,X,-293439,-5.00,TPOS_S,-,-,-,-
2026-01-22 12:15:33:310,X,-910956,-15.52,TPOS_E,-910277,-15.5048,679,0.0116
2026-01-22 12:15:33:736,X,-910956,-15.52,TPOS,-293546,-5.0000,617410,10.5164
2026-01-22 12:15:33:923,X,-910956,-15.52,TPOS_S,-,-,-,-
2026-01-22 12:15:38:539,X,-293449,-5.00,TPOS_E,-293546,-5.0000,-97,-0.0017
2026-01-22 12:15:38:967,X,-293449,-5.00,TPOS,-910277,-15.5048,-616828,-10.5065
2026-01-22 12:15:39:152,X,-293449,-5.00,TPOS_S,-,-,-,-
2026-01-22 12:15:42:364,X,-910948,-15.52,TPOS_E,-910277,-15.5048,671,0.0114
2026-01-22 12:15:42:788,X,-910948,-15.52,TPOS,-293546,-5.0000,617402,10.5163
2026-01-22 12:15:42:975,X,-910948,-15.52,TPOS_S,-,-,-,-
2026-01-22 12:15:44:782,Z,-440174,-5.00,TPOS_E,-440320,-5.0000,-146,-0.0017
2026-01-22 12:15:45:207,Z,-440174,-5.00,TPOS,-3875502,-44.0078,-3435328,-39.0094
2026-01-22 12:15:45:393,Z,-440174,-5.00,TPOS_S,-,-,-,-
2026-01-22 12:15:47:600,X,-293435,-5.00,TPOS_E,-293546,-5.0000,-111,-0.0019
2026-01-22 12:15:48:026,X,-293435,-5.00,TPOS,-910277,-15.5048,-616842,-10.5067
2026-01-22 12:15:48:233,X,-293435,-5.00,TPOS_S,-,-,-,-
2026-01-22 12:15:51:444,X,-910952,-15.52,TPOS_E,-910277,-15.5048,675,0.0115
2026-01-22 12:15:51:870,X,-910952,-15.52,TPOS,-293546,-5.0000,617406,10.5163
2026-01-22 12:15:52:056,X,-910952,-15.52,TPOS_S,-,-,-,-
2026-01-22 12:15:56:670,X,-293438,-5.00,TPOS_E,-293546,-5.0000,-108,-0.0018
2026-01-22 12:15:57:097,X,-293438,-5.00,TPOS,-910277,-15.5048,-616839,-10.5067
2026-01-22 12:15:57:282,X,-293438,-5.00,TPOS_S,-,-,-,-
2026-01-22 12:16:00:494,X,-910953,-15.52,TPOS_E,-910277,-15.5048,676,0.0115
2026-01-22 12:16:00:920,X,-910953,-15.52,TPOS,-293546,-5.0000,617407,10.5163
2026-01-22 12:16:01:104,X,-910953,-15.52,TPOS_S,-,-,-,-
2026-01-22 12:16:02:911,Z,-3876268,-44.02,TPOS_E,-3875502,-44.0078,766,0.0087
2026-01-22 12:16:03:335,Z,-3876268,-44.02,TPOS,-440320,-5.0000,3435948,39.0165
2026-01-22 12:16:03:542,Z,-3876268,-44.02,TPOS_S,-,-,-,-
2026-01-22 12:16:05:749,X,-293439,-5.00,TPOS_E,-293546,-5.0000,-107,-0.0018
2026-01-22 12:16:06:175,X,-293439,-5.00,TPOS,-910277,-15.5048,-616838,-10.5066
2026-01-22 12:16:06:361,X,-293439,-5.00,TPOS_S,-,-,-,-
2026-01-22 12:16:09:571,X,-910929,-15.52,TPOS_E,-910277,-15.5048,652,0.0111
2026-01-22 12:16:09:997,X,-910929,-15.52,TPOS,-293546,-5.0000,617383,10.5159
2026-01-22 12:16:10:181,X,-910929,-15.52,TPOS_S,-,-,-,-
2026-01-22 12:16:14:794,X,-293437,-5.00,TPOS_E,-293546,-5.0000,-109,-0.0019
2026-01-22 12:16:15:220,X,-293437,-5.00,TPOS,-910277,-15.5048,-616840,-10.5067
2026-01-22 12:16:15:405,X,-293437,-5.00,TPOS_S,-,-,-,-
2026-01-22 12:16:18:615,X,-910956,-15.52,TPOS_E,-910277,-15.5048,679,0.0116
2026-01-22 12:16:19:039,X,-910956,-15.52,TPOS,-293546,-5.0000,617410,10.5164
2026-01-22 12:16:19:247,X,-910956,-15.52,TPOS_S,-,-,-,-
2026-01-22 12:16:21:053,Z,-440161,-5.00,TPOS_E,-440320,-5.0000,-159,-0.0018
2026-01-22 12:16:21:478,Z,-440161,-5.00,TPOS,-3875502,-44.0078,-3435341,-39.0096
2026-01-22 12:16:21:686,Z,-440161,-5.00,TPOS_S,-,-,-,-
2026-01-22 12:16:23:897,X,-293444,-5.00,TPOS_E,-293546,-5.0000,-102,-0.0017
2026-01-22 12:16:24:321,X,-293444,-5.00,TPOS,-910277,-15.5048,-616833,-10.5066
2026-01-22 12:16:24:509,X,-293444,-5.00,TPOS_S,-,-,-,-
2026-01-22 12:16:27:720,X,-910955,-15.52,TPOS_E,-910277,-15.5048,678,0.0115
2026-01-22 12:16:28:145,X,-910955,-15.52,TPOS,-293546,-5.0000,617409,10.5164
2026-01-22 12:16:28:352,X,-910955,-15.52,TPOS_S,-,-,-,-
2026-01-22 12:16:32:965,X,-293436,-5.00,TPOS_E,-293546,-5.0000,-110,-0.0019
2026-01-22 12:16:33:391,X,-293436,-5.00,TPOS,-910277,-15.5048,-616841,-10.5067
2026-01-22 12:16:33:576,X,-293436,-5.00,TPOS_S,-,-,-,-
2026-01-22 12:16:36:787,X,-910950,-15.52,TPOS_E,-910277,-15.5048,673,0.0115
2026-01-22 12:16:37:212,X,-910950,-15.52,TPOS,-293546,-5.0000,617404,10.5163
2026-01-22 12:16:37:397,X,-910950,-15.52,TPOS_S,-,-,-,-
2026-01-22 12:16:39:205,Z,-3876268,-44.02,TPOS_E,-3875502,-44.0078,766,0.0087
2026-01-22 12:16:39:629,Z,-3876268,-44.02,TPOS,-440320,-5.0000,3435948,39.0165
2026-01-22 12:16:39:815,Z,-3876268,-44.02,TPOS_S,-,-,-,-
2026-01-22 12:16:42:023,X,-293444,-5.00,TPOS_E,-293546,-5.0000,-102,-0.0017
2026-01-22 12:16:42:448,X,-293444,-5.00,TPOS,-910277,-15.5048,-616833,-10.5066
2026-01-22 12:16:42:634,X,-293444,-5.00,TPOS_S,-,-,-,-
2026-01-22 12:16:45:846,X,-910958,-15.52,TPOS_E,-910277,-15.5048,681,0.0116
2026-01-22 12:16:46:270,X,-910958,-15.52,TPOS,-293546,-5.0000,617412,10.5164
2026-01-22 12:16:46:456,X,-910958,-15.52,TPOS_S,-,-,-,-
2026-01-22 12:16:51:072,X,-293438,-5.00,TPOS_E,-293546,-5.0000,-108,-0.0018
2026-01-22 12:16:51:496,X,-293438,-5.00,TPOS,-910277,-15.5048,-616839,-10.5067
2026-01-22 12:16:51:682,X,-293438,-5.00,TPOS_S,-,-,-,-
2026-01-22 12:16:54:892,X,-910947,-15.52,TPOS_E,-910277,-15.5048,670,0.0114
2026-01-22 12:16:55:317,X,-910947,-15.52,TPOS,-293546,-5.0000,617401,10.5162
2026-01-22 12:16:55:503,X,-910947,-15.52,TPOS_S,-,-,-,-
2026-01-22 12:16:57:311,Z,-440162,-5.00,TPOS_E,-440320,-5.0000,-158,-0.0018
2026-01-22 12:16:57:736,Z,-440162,-5.00,TPOS,-3875502,-44.0078,-3435340,-39.0096
2026-01-22 12:16:57:942,Z,-440162,-5.00,TPOS_S,-,-,-,-
2026-01-22 12:17:00:150,X,-293445,-5.00,TPOS_E,-293546,-5.0000,-101,-0.0017
2026-01-22 12:17:00:580,X,-293445,-5.00,TPOS,-910277,-15.5048,-616832,-10.5065
2026-01-22 12:17:00:766,X,-293445,-5.00,TPOS_S,-,-,-,-
2026-01-22 12:17:03:976,X,-910954,-15.52,TPOS_E,-910277,-15.5048,677,0.0115
2026-01-22 12:17:04:402,X,-910954,-15.52,TPOS,-293546,-5.0000,617408,10.5164
2026-01-22 12:17:04:609,X,-910954,-15.52,TPOS_S,-,-,-,-
2026-01-22 12:17:09:223,X,-293439,-5.00,TPOS_E,-293546,-5.0000,-107,-0.0018
2026-01-22 12:17:09:649,X,-293439,-5.00,TPOS,-910277,-15.5048,-616838,-10.5066
2026-01-22 12:17:09:836,X,-293439,-5.00,TPOS_S,-,-,-,-
2026-01-22 12:17:13:047,X,-910967,-15.52,TPOS_E,-910277,-15.5048,690,0.0118
2026-01-22 12:17:13:470,X,-910967,-15.52,TPOS,-293546,-5.0000,617421,10.5166
2026-01-22 12:17:13:656,X,-910967,-15.52,TPOS_S,-,-,-,-
2026-01-22 12:17:15:461,Z,-3876256,-44.02,TPOS_E,-3875502,-44.0078,754,0.0086
2026-01-22 12:17:15:886,Z,-3876256,-44.02,TPOS,-440320,-5.0000,3435936,39.0164
2026-01-22 12:17:16:073,Z,-3876256,-44.02,TPOS_S,-,-,-,-
2026-01-22 12:17:18:282,X,-293442,-5.00,TPOS_E,-293546,-5.0000,-104,-0.0018
2026-01-22 12:17:18:707,X,-293442,-5.00,TPOS,-910277,-15.5048,-616835,-10.5066
2026-01-22 12:17:18:893,X,-293442,-5.00,TPOS_S,-,-,-,-
2026-01-22 12:17:22:105,X,-910939,-15.52,TPOS_E,-910277,-15.5048,662,0.0113
2026-01-22 12:17:22:529,X,-910939,-15.52,TPOS,-293546,-5.0000,617393,10.5161
2026-01-22 12:17:22:716,X,-910939,-15.52,TPOS_S,-,-,-,-
2026-01-22 12:17:27:331,X,-293436,-5.00,TPOS_E,-293546,-5.0000,-110,-0.0019
2026-01-22 12:17:27:755,X,-293436,-5.00,TPOS,-910277,-15.5048,-616841,-10.5067
2026-01-22 12:17:27:941,X,-293436,-5.00,TPOS_S,-,-,-,-
2026-01-22 12:17:31:149,X,-910948,-15.52,TPOS_E,-910277,-15.5048,671,0.0114
2026-01-22 12:17:31:573,X,-910948,-15.52,TPOS,-293546,-5.0000,617402,10.5163
2026-01-22 12:17:31:760,X,-910948,-15.52,TPOS_S,-,-,-,-
2026-01-22 12:17:33:567,Z,-440162,-5.00,TPOS_E,-440320,-5.0000,-158,-0.0018
2026-01-22 12:17:33:993,Z,-440162,-5.00,TPOS,-3875502,-44.0078,-3435340,-39.0096
2026-01-22 12:17:34:178,Z,-440162,-5.00,TPOS_S,-,-,-,-
2026-01-22 12:17:36:383,X,-293444,-5.00,TPOS_E,-293546,-5.0000,-102,-0.0017
2026-01-22 12:17:36:810,X,-293444,-5.00,TPOS,-910277,-15.5048,-616833,-10.5066
2026-01-22 12:17:36:995,X,-293444,-5.00,TPOS_S,-,-,-,-
2026-01-22 12:17:40:206,X,-910957,-15.52,TPOS_E,-910277,-15.5048,680,0.0116
2026-01-22 12:17:40:634,X,-910957,-15.52,TPOS,-293546,-5.0000,617411,10.5164
2026-01-22 12:17:40:819,X,-910957,-15.52,TPOS_S,-,-,-,-
2026-01-22 12:17:45:432,X,-293434,-5.00,TPOS_E,-293546,-5.0000,-112,-0.0019
2026-01-22 12:17:45:856,X,-293434,-5.00,TPOS,-910277,-15.5048,-616843,-10.5067
2026-01-22 12:17:46:047,X,-293434,-5.00,TPOS_S,-,-,-,-
2026-01-22 12:17:49:260,X,-910952,-15.52,TPOS_E,-910277,-15.5048,675,0.0115
2026-01-22 12:17:49:685,X,-910952,-15.52,TPOS,-293546,-5.0000,617406,10.5163
2026-01-22 12:17:49:871,X,-910952,-15.52,TPOS_S,-,-,-,-
2026-01-22 12:17:51:678,Z,-3876257,-44.02,TPOS_E,-3875502,-44.0078,755,0.0086
2026-01-22 12:17:52:104,Z,-3876257,-44.02,TPOS,-440320,-5.0000,3435937,39.0164
2026-01-22 12:17:52:290,Z,-3876257,-44.02,TPOS_S,-,-,-,-
2026-01-22 12:17:54:496,X,-293431,-5.00,TPOS_E,-293546,-5.0000,-115,-0.0020
2026-01-22 12:17:54:921,X,-293431,-5.00,TPOS,-910277,-15.5048,-616846,-10.5068
2026-01-22 12:17:55:107,X,-293431,-5.00,TPOS_S,-,-,-,-
2026-01-22 12:17:58:317,X,-910955,-15.52,TPOS_E,-910277,-15.5048,678,0.0115
2026-01-22 12:17:58:742,X,-910955,-15.52,TPOS,-293546,-5.0000,617409,10.5164
2026-01-22 12:17:58:928,X,-910955,-15.52,TPOS_S,-,-,-,-
2026-01-22 12:18:03:544,X,-293432,-5.00,TPOS_E,-293546,-5.0000,-114,-0.0019
2026-01-22 12:18:03:969,X,-293432,-5.00,TPOS,-910277,-15.5048,-616845,-10.5068
2026-01-22 12:18:04:155,X,-293432,-5.00,TPOS_S,-,-,-,-
2026-01-22 12:18:07:367,X,-910949,-15.52,TPOS_E,-910277,-15.5048,672,0.0114
2026-01-22 12:18:07:793,X,-910949,-15.52,TPOS,-293546,-5.0000,617403,10.5163
2026-01-22 12:18:07:978,X,-910949,-15.52,TPOS_S,-,-,-,-
2026-01-22 12:18:09:786,Z,-440167,-5.00,TPOS_E,-440320,-5.0000,-153,-0.0017
2026-01-22 12:18:10:211,Z,-440167,-5.00,TPOS,-3875502,-44.0078,-3435335,-39.0095
2026-01-22 12:18:10:398,Z,-440167,-5.00,TPOS_S,-,-,-,-
2026-01-22 12:18:12:606,X,-293434,-5.00,TPOS_E,-293546,-5.0000,-112,-0.0019
2026-01-22 12:18:13:030,X,-293434,-5.00,TPOS,-910277,-15.5048,-616843,-10.5067
2026-01-22 12:18:13:216,X,-293434,-5.00,TPOS_S,-,-,-,-
2026-01-22 12:18:16:430,X,-910958,-15.52,TPOS_E,-910277,-15.5048,681,0.0116
2026-01-22 12:18:16:856,X,-910958,-15.52,TPOS,-293546,-5.0000,617412,10.5164
2026-01-22 12:18:17:064,X,-910958,-15.52,TPOS_S,-,-,-,-
2026-01-22 12:18:21:677,X,-293438,-5.00,TPOS_E,-293546,-5.0000,-108,-0.0018
2026-01-22 12:18:22:103,X,-293438,-5.00,TPOS,-910277,-15.5048,-616839,-10.5067
2026-01-22 12:18:22:288,X,-293438,-5.00,TPOS_S,-,-,-,-
2026-01-22 12:18:25:498,X,-910956,-15.52,TPOS_E,-910277,-15.5048,679,0.0116
2026-01-22 12:18:25:921,X,-910956,-15.52,TPOS,-293546,-5.0000,617410,10.5164
2026-01-22 12:18:26:107,X,-910956,-15.52,TPOS_S,-,-,-,-
2026-01-22 12:18:27:913,Z,-3876274,-44.02,TPOS_E,-3875502,-44.0078,772,0.0088
2026-01-22 12:18:28:340,Z,-3876274,-44.02,TPOS,-440320,-5.0000,3435954,39.0166
2026-01-22 12:18:28:527,Z,-3876274,-44.02,TPOS_S,-,-,-,-
2026-01-22 12:18:30:736,X,-293441,-5.00,TPOS_E,-293546,-5.0000,-105,-0.0018
2026-01-22 12:18:31:164,X,-293441,-5.00,TPOS,-910277,-15.5048,-616836,-10.5066
2026-01-22 12:18:31:348,X,-293441,-5.00,TPOS_S,-,-,-,-
2026-01-22 12:18:34:559,X,-910942,-15.52,TPOS_E,-910277,-15.5048,665,0.0113
2026-01-22 12:18:34:986,X,-910942,-15.52,TPOS,-293546,-5.0000,617396,10.5161
2026-01-22 12:18:35:192,X,-910942,-15.52,TPOS_S,-,-,-,-
2026-01-22 12:18:39:807,X,-293438,-5.00,TPOS_E,-293546,-5.0000,-108,-0.0018
2026-01-22 12:18:40:232,X,-293438,-5.00,TPOS,-910277,-15.5048,-616839,-10.5067
2026-01-22 12:18:40:438,X,-293438,-5.00,TPOS_S,-,-,-,-
2026-01-22 12:18:43:648,X,-910951,-15.52,TPOS_E,-910277,-15.5048,674,0.0115
2026-01-22 12:18:44:073,X,-910951,-15.52,TPOS,-293546,-5.0000,617405,10.5163
2026-01-22 12:18:44:258,X,-910951,-15.52,TPOS_S,-,-,-,-
2026-01-22 12:18:46:064,Z,-440168,-5.00,TPOS_E,-440320,-5.0000,-152,-0.0017
2026-01-22 12:18:46:489,Z,-440168,-5.00,TPOS,-3875502,-44.0078,-3435334,-39.0095
2026-01-22 12:18:46:675,Z,-440168,-5.00,TPOS_S,-,-,-,-
2026-01-22 12:18:48:883,X,-293448,-5.00,TPOS_E,-293546,-5.0000,-98,-0.0017
2026-01-22 12:18:49:308,X,-293448,-5.00,TPOS,-910277,-15.5048,-616829,-10.5065
2026-01-22 12:18:49:493,X,-293448,-5.00,TPOS_S,-,-,-,-
2026-01-22 12:18:52:704,X,-910946,-15.52,TPOS_E,-910277,-15.5048,669,0.0114
2026-01-22 12:18:53:130,X,-910946,-15.52,TPOS,-293546,-5.0000,617400,10.5162
2026-01-22 12:18:53:314,X,-910946,-15.52,TPOS_S,-,-,-,-
2026-01-22 12:18:57:930,X,-293438,-5.00,TPOS_E,-293546,-5.0000,-108,-0.0018
2026-01-22 12:18:58:354,X,-293438,-5.00,TPOS,-910277,-15.5048,-616839,-10.5067
2026-01-22 12:18:58:539,X,-293438,-5.00,TPOS_S,-,-,-,-
2026-01-22 12:19:01:748,X,-910949,-15.52,TPOS_E,-910277,-15.5048,672,0.0114
2026-01-22 12:19:02:173,X,-910949,-15.52,TPOS,-293546,-5.0000,617403,10.5163
2026-01-22 12:19:02:359,X,-910949,-15.52,TPOS_S,-,-,-,-
2026-01-22 12:19:04:165,Z,-3876258,-44.02,TPOS_E,-3875502,-44.0078,756,0.0086
2026-01-22 12:19:04:588,Z,-3876258,-44.02,TPOS,-440320,-5.0000,3435938,39.0164
2026-01-22 12:19:04:775,Z,-3876258,-44.02,TPOS_S,-,-,-,-
2026-01-22 12:19:06:982,X,-293445,-5.00,TPOS_E,-293546,-5.0000,-101,-0.0017
2026-01-22 12:19:07:406,X,-293445,-5.00,TPOS,-910277,-15.5048,-616832,-10.5065
2026-01-22 12:19:07:593,X,-293445,-5.00,TPOS_S,-,-,-,-
2026-01-22 12:19:10:802,X,-910938,-15.52,TPOS_E,-910277,-15.5048,661,0.0113
2026-01-22 12:19:11:226,X,-910938,-15.52,TPOS,-293546,-5.0000,617392,10.5161
2026-01-22 12:19:11:430,X,-910938,-15.52,TPOS_S,-,-,-,-
2026-01-22 12:19:16:046,X,-293436,-5.00,TPOS_E,-293546,-5.0000,-110,-0.0019
2026-01-22 12:19:16:471,X,-293436,-5.00,TPOS,-910277,-15.5048,-616841,-10.5067
2026-01-22 12:19:16:657,X,-293436,-5.00,TPOS_S,-,-,-,-
2026-01-22 12:19:19:865,X,-910950,-15.52,TPOS_E,-910277,-15.5048,673,0.0115
2026-01-22 12:19:20:291,X,-910950,-15.52,TPOS,-293546,-5.0000,617404,10.5163
2026-01-22 12:19:20:477,X,-910950,-15.52,TPOS_S,-,-,-,-
2026-01-22 12:19:22:282,Z,-440161,-5.00,TPOS_E,-440320,-5.0000,-159,-0.0018
2026-01-22 12:19:22:707,Z,-440161,-5.00,TPOS,-3875502,-44.0078,-3435341,-39.0096
2026-01-22 12:19:22:893,Z,-440161,-5.00,TPOS_S,-,-,-,-
2026-01-22 12:19:25:101,X,-293436,-5.00,TPOS_E,-293546,-5.0000,-110,-0.0019
2026-01-22 12:19:25:527,X,-293436,-5.00,TPOS,-910277,-15.5048,-616841,-10.5067
2026-01-22 12:19:25:713,X,-293436,-5.00,TPOS_S,-,-,-,-
2026-01-22 12:19:28:925,X,-910946,-15.52,TPOS_E,-910277,-15.5048,669,0.0114
2026-01-22 12:19:29:350,X,-910946,-15.52,TPOS,-293546,-5.0000,617400,10.5162
2026-01-22 12:19:29:536,X,-910946,-15.52,TPOS_S,-,-,-,-
2026-01-22 12:19:34:152,X,-293435,-5.00,TPOS_E,-293546,-5.0000,-111,-0.0019
2026-01-22 12:19:34:577,X,-293435,-5.00,TPOS,-910277,-15.5048,-616842,-10.5067
2026-01-22 12:19:34:765,X,-293435,-5.00,TPOS_S,-,-,-,-
2026-01-22 12:19:37:977,X,-910932,-15.52,TPOS_E,-910277,-15.5048,655,0.0112
2026-01-22 12:19:38:403,X,-910932,-15.52,TPOS,-293546,-5.0000,617386,10.5160
2026-01-22 12:19:38:588,X,-910932,-15.52,TPOS_S,-,-,-,-
2026-01-22 12:19:40:395,Z,-3876273,-44.02,TPOS_E,-3875502,-44.0078,771,0.0088
2026-01-22 12:19:40:822,Z,-3876273,-44.02,TPOS,-440320,-5.0000,3435953,39.0165
2026-01-22 12:19:41:006,Z,-3876273,-44.02,TPOS_S,-,-,-,-
2026-01-22 12:19:43:214,X,-293429,-5.00,TPOS_E,-293546,-5.0000,-117,-0.0020
2026-01-22 12:19:43:638,X,-293429,-5.00,TPOS,-910277,-15.5048,-616848,-10.5068
2026-01-22 12:19:43:824,X,-293429,-5.00,TPOS_S,-,-,-,-
2026-01-22 12:19:47:035,X,-910945,-15.52,TPOS_E,-910277,-15.5048,668,0.0114
2026-01-22 12:19:47:460,X,-910945,-15.52,TPOS,-293546,-5.0000,617399,10.5162
2026-01-22 12:19:47:669,X,-910945,-15.52,TPOS_S,-,-,-,-
2026-01-22 12:19:52:282,X,-293442,-5.00,TPOS_E,-293546,-5.0000,-104,-0.0018
2026-01-22 12:19:52:707,X,-293442,-5.00,TPOS,-910277,-15.5048,-616835,-10.5066
2026-01-22 12:19:52:895,X,-293442,-5.00,TPOS_S,-,-,-,-
2026-01-22 12:19:56:103,X,-910937,-15.52,TPOS_E,-910277,-15.5048,660,0.0112
2026-01-22 12:19:56:527,X,-910937,-15.52,TPOS,-293546,-5.0000,617391,10.5161
2026-01-22 12:19:56:714,X,-910937,-15.52,TPOS_S,-,-,-,-
2026-01-22 12:19:58:520,Z,-440160,-5.00,TPOS_E,-440320,-5.0000,-160,-0.0018
2026-01-22 12:19:58:947,Z,-440160,-5.00,TPOS,-3875502,-44.0078,-3435342,-39.0096
2026-01-22 12:19:59:132,Z,-440160,-5.00,TPOS_S,-,-,-,-
2026-01-22 12:20:01:341,X,-293441,-5.00,TPOS_E,-293546,-5.0000,-105,-0.0018
2026-01-22 12:20:01:767,X,-293441,-5.00,TPOS,-910277,-15.5048,-616836,-10.5066
2026-01-22 12:20:01:950,X,-293441,-5.00,TPOS_S,-,-,-,-
2026-01-22 12:20:05:160,X,-910952,-15.52,TPOS_E,-910277,-15.5048,675,0.0115
2026-01-22 12:20:05:586,X,-910952,-15.52,TPOS,-293546,-5.0000,617406,10.5163
2026-01-22 12:20:05:774,X,-910952,-15.52,TPOS_S,-,-,-,-
2026-01-22 12:20:10:389,X,-293438,-5.00,TPOS_E,-293546,-5.0000,-108,-0.0018
2026-01-22 12:20:10:812,X,-293438,-5.00,TPOS,-910277,-15.5048,-616839,-10.5067
2026-01-22 12:20:10:998,X,-293438,-5.00,TPOS_S,-,-,-,-
2026-01-22 12:20:14:212,X,-910941,-15.52,TPOS_E,-910277,-15.5048,664,0.0113
2026-01-22 12:20:14:640,X,-910941,-15.52,TPOS,-293546,-5.0000,617395,10.5161
2026-01-22 12:20:14:825,X,-910941,-15.52,TPOS_S,-,-,-,-
2026-01-22 12:20:16:631,Z,-3876251,-44.02,TPOS_E,-3875502,-44.0078,749,0.0085
2026-01-22 12:20:17:056,Z,-3876251,-44.02,TPOS,-440320,-5.0000,3435931,39.0163
2026-01-22 12:20:17:242,Z,-3876251,-44.02,TPOS_S,-,-,-,-
2026-01-22 12:20:19:451,X,-293445,-5.00,TPOS_E,-293546,-5.0000,-101,-0.0017
2026-01-22 12:20:19:877,X,-293445,-5.00,TPOS,-910277,-15.5048,-616832,-10.5065
2026-01-22 12:20:20:063,X,-293445,-5.00,TPOS_S,-,-,-,-
2026-01-22 12:20:23:277,X,-910933,-15.52,TPOS_E,-910277,-15.5048,656,0.0112
2026-01-22 12:20:23:702,X,-910933,-15.52,TPOS,-293546,-5.0000,617387,10.5160
2026-01-22 12:20:23:888,X,-910933,-15.52,TPOS_S,-,-,-,-
2026-01-22 12:20:28:502,X,-293430,-5.00,TPOS_E,-293546,-5.0000,-116,-0.0020
2026-01-22 12:20:28:926,X,-293430,-5.00,TPOS,-910277,-15.5048,-616847,-10.5068
2026-01-22 12:20:29:113,X,-293430,-5.00,TPOS_S,-,-,-,-
2026-01-22 12:20:32:323,X,-910942,-15.52,TPOS_E,-910277,-15.5048,665,0.0113
2026-01-22 12:20:32:748,X,-910942,-15.52,TPOS,-293546,-5.0000,617396,10.5161
2026-01-22 12:20:32:914,X,-910942,-15.52,TPOS_S,-,-,-,-
2026-01-22 12:20:34:720,Z,-440153,-5.00,TPOS_E,-440320,-5.0000,-167,-0.0019
2026-01-22 12:20:35:144,Z,-440153,-5.00,TPOS,-3875502,-44.0078,-3435349,-39.0097
2026-01-22 12:20:35:331,Z,-440153,-5.00,TPOS_S,-,-,-,-
2026-01-22 12:20:37:538,X,-293435,-5.00,TPOS_E,-293546,-5.0000,-111,-0.0019
2026-01-22 12:20:37:962,X,-293435,-5.00,TPOS,-910277,-15.5048,-616842,-10.5067
2026-01-22 12:20:38:149,X,-293435,-5.00,TPOS_S,-,-,-,-
2026-01-22 12:20:41:358,X,-910941,-15.52,TPOS_E,-910277,-15.5048,664,0.0113
2026-01-22 12:20:41:784,X,-910941,-15.52,TPOS,-293546,-5.0000,617395,10.5161
2026-01-22 12:20:41:992,X,-910941,-15.52,TPOS_S,-,-,-,-
2026-01-22 12:20:46:605,X,-293433,-5.00,TPOS_E,-293546,-5.0000,-113,-0.0019
2026-01-22 12:20:47:028,X,-293433,-5.00,TPOS,-910277,-15.5048,-616844,-10.5067
2026-01-22 12:20:47:215,X,-293433,-5.00,TPOS_S,-,-,-,-
2026-01-22 12:20:50:425,X,-910964,-15.52,TPOS_E,-910277,-15.5048,687,0.0117
2026-01-22 12:20:50:853,X,-910964,-15.52,TPOS,-293546,-5.0000,617418,10.5165
2026-01-22 12:20:51:038,X,-910964,-15.52,TPOS_S,-,-,-,-
2026-01-22 12:20:52:844,Z,-3876255,-44.02,TPOS_E,-3875502,-44.0078,753,0.0086
2026-01-22 12:20:53:272,Z,-3876255,-44.02,TPOS,-440320,-5.0000,3435935,39.0163
2026-01-22 12:20:53:457,Z,-3876255,-44.02,TPOS_S,-,-,-,-
2026-01-22 12:20:55:666,X,-293442,-5.00,TPOS_E,-293546,-5.0000,-104,-0.0018
2026-01-22 12:20:56:090,X,-293442,-5.00,TPOS,-910277,-15.5048,-616835,-10.5066
2026-01-22 12:20:56:278,X,-293442,-5.00,TPOS_S,-,-,-,-
2026-01-22 12:20:59:488,X,-910943,-15.52,TPOS_E,-910277,-15.5048,666,0.0113
2026-01-22 12:20:59:915,X,-910943,-15.52,TPOS,-293546,-5.0000,617397,10.5162
2026-01-22 12:21:00:121,X,-910943,-15.52,TPOS_S,-,-,-,-
2026-01-22 12:21:04:737,X,-293434,-5.00,TPOS_E,-293546,-5.0000,-112,-0.0019
2026-01-22 12:21:05:162,X,-293434,-5.00,TPOS,-910277,-15.5048,-616843,-10.5067
2026-01-22 12:21:05:346,X,-293434,-5.00,TPOS_S,-,-,-,-
2026-01-22 12:21:08:559,X,-910940,-15.52,TPOS_E,-910277,-15.5048,663,0.0113
2026-01-22 12:21:08:986,X,-910940,-15.52,TPOS,-293546,-5.0000,617394,10.5161
2026-01-22 12:21:09:174,X,-910940,-15.52,TPOS_S,-,-,-,-
2026-01-22 12:21:10:979,Z,-440173,-5.00,TPOS_E,-440320,-5.0000,-147,-0.0017
2026-01-22 12:21:11:404,Z,-440173,-5.00,TPOS,-3875502,-44.0078,-3435329,-39.0095
2026-01-22 12:21:11:589,Z,-440173,-5.00,TPOS_S,-,-,-,-
2026-01-22 12:21:13:796,X,-293435,-5.00,TPOS_E,-293546,-5.0000,-111,-0.0019
2026-01-22 12:21:14:220,X,-293435,-5.00,TPOS,-910277,-15.5048,-616842,-10.5067
2026-01-22 12:21:14:425,X,-293435,-5.00,TPOS_S,-,-,-,-
2026-01-22 12:21:17:634,X,-910960,-15.52,TPOS_E,-910277,-15.5048,683,0.0116
2026-01-22 12:21:18:059,X,-910960,-15.52,TPOS,-293546,-5.0000,617414,10.5165
2026-01-22 12:21:18:245,X,-910960,-15.52,TPOS_S,-,-,-,-
2026-01-22 12:21:22:859,X,-293444,-5.00,TPOS_E,-293546,-5.0000,-102,-0.0017
2026-01-22 12:21:23:286,X,-293444,-5.00,TPOS,-910277,-15.5048,-616833,-10.5066
2026-01-22 12:21:23:493,X,-293444,-5.00,TPOS_S,-,-,-,-
2026-01-22 12:21:26:701,X,-910924,-15.52,TPOS_E,-910277,-15.5048,647,0.0110
2026-01-22 12:21:27:125,X,-910924,-15.52,TPOS,-293546,-5.0000,617378,10.5158
2026-01-22 12:21:27:311,X,-910924,-15.52,TPOS_S,-,-,-,-
2026-01-22 12:21:29:117,Z,-3876262,-44.02,TPOS_E,-3875502,-44.0078,760,0.0086
2026-01-22 12:21:29:542,Z,-3876262,-44.02,TPOS,-440320,-5.0000,3435942,39.0164
2026-01-22 12:21:29:729,Z,-3876262,-44.02,TPOS_S,-,-,-,-
2026-01-22 12:21:31:934,X,-293436,-5.00,TPOS_E,-293546,-5.0000,-110,-0.0019
2026-01-22 12:21:32:364,X,-293436,-5.00,TPOS,-910277,-15.5048,-616841,-10.5067
2026-01-22 12:21:32:550,X,-293436,-5.00,TPOS_S,-,-,-,-
2026-01-22 12:21:35:759,X,-910937,-15.52,TPOS_E,-910277,-15.5048,660,0.0112
2026-01-22 12:21:36:184,X,-910937,-15.52,TPOS,-293546,-5.0000,617391,10.5161
2026-01-22 12:21:36:370,X,-910937,-15.52,TPOS_S,-,-,-,-
2026-01-22 12:21:40:984,X,-293440,-5.00,TPOS_E,-293546,-5.0000,-106,-0.0018
2026-01-22 12:21:41:414,X,-293440,-5.00,TPOS,-910277,-15.5048,-616837,-10.5066
2026-01-22 12:21:41:601,X,-293440,-5.00,TPOS_S,-,-,-,-
2026-01-22 12:21:44:811,X,-910950,-15.52,TPOS_E,-910277,-15.5048,673,0.0115
2026-01-22 12:21:45:235,X,-910950,-15.52,TPOS,-293546,-5.0000,617404,10.5163
2026-01-22 12:21:45:422,X,-910950,-15.52,TPOS_S,-,-,-,-
2026-01-22 12:21:47:229,Z,-440172,-5.00,TPOS_E,-440320,-5.0000,-148,-0.0017
2026-01-22 12:21:47:656,Z,-440172,-5.00,TPOS,-3875502,-44.0078,-3435330,-39.0095
2026-01-22 12:21:47:842,Z,-440172,-5.00,TPOS_S,-,-,-,-
2026-01-22 12:21:50:052,X,-293451,-5.00,TPOS_E,-293546,-5.0000,-95,-0.0016
2026-01-22 12:21:50:477,X,-293451,-5.00,TPOS,-910277,-15.5048,-616826,-10.5064
2026-01-22 12:21:50:663,X,-293451,-5.00,TPOS_S,-,-,-,-
2026-01-22 12:21:53:872,X,-910947,-15.52,TPOS_E,-910277,-15.5048,670,0.0114
2026-01-22 12:21:54:297,X,-910947,-15.52,TPOS,-293546,-5.0000,617401,10.5162
2026-01-22 12:21:54:484,X,-910947,-15.52,TPOS_S,-,-,-,-
2026-01-22 12:21:59:098,X,-293434,-5.00,TPOS_E,-293546,-5.0000,-112,-0.0019
2026-01-22 12:21:59:524,X,-293434,-5.00,TPOS,-910277,-15.5048,-616843,-10.5067
2026-01-22 12:21:59:731,X,-293434,-5.00,TPOS_S,-,-,-,-
2026-01-22 12:22:02:943,X,-910945,-15.52,TPOS_E,-910277,-15.5048,668,0.0114
2026-01-22 12:22:03:368,X,-910945,-15.52,TPOS,-293546,-5.0000,617399,10.5162
2026-01-22 12:22:03:553,X,-910945,-15.52,TPOS_S,-,-,-,-
2026-01-22 12:22:05:361,Z,-3876301,-44.02,TPOS_E,-3875502,-44.0078,799,0.0091
2026-01-22 12:22:05:788,Z,-3876301,-44.02,TPOS,-440320,-5.0000,3435981,39.0169
2026-01-22 12:22:05:973,Z,-3876301,-44.02,TPOS_S,-,-,-,-
2026-01-22 12:22:08:181,X,-293435,-5.00,TPOS_E,-293546,-5.0000,-111,-0.0019
2026-01-22 12:22:08:605,X,-293435,-5.00,TPOS,-910277,-15.5048,-616842,-10.5067
2026-01-22 12:22:08:791,X,-293435,-5.00,TPOS_S,-,-,-,-
2026-01-22 12:22:12:002,X,-910931,-15.52,TPOS_E,-910277,-15.5048,654,0.0111
2026-01-22 12:22:12:427,X,-910931,-15.52,TPOS,-293546,-5.0000,617385,10.5160
2026-01-22 12:22:12:613,X,-910931,-15.52,TPOS_S,-,-,-,-
2026-01-22 12:22:17:225,X,-293437,-5.00,TPOS_E,-293546,-5.0000,-109,-0.0019
2026-01-22 12:22:17:650,X,-293437,-5.00,TPOS,-910277,-15.5048,-616840,-10.5067
2026-01-22 12:22:17:837,X,-293437,-5.00,TPOS_S,-,-,-,-
2026-01-22 12:22:21:047,X,-910946,-15.52,TPOS_E,-910277,-15.5048,669,0.0114
2026-01-22 12:22:21:472,X,-910946,-15.52,TPOS,-293546,-5.0000,617400,10.5162
2026-01-22 12:22:21:657,X,-910946,-15.52,TPOS_S,-,-,-,-
2026-01-22 12:22:23:463,Z,-440167,-5.00,TPOS_E,-440320,-5.0000,-153,-0.0017
2026-01-22 12:22:23:888,Z,-440167,-5.00,TPOS,-3875502,-44.0078,-3435335,-39.0095
2026-01-22 12:22:24:073,Z,-440167,-5.00,TPOS_S,-,-,-,-
2026-01-22 12:22:26:283,X,-293444,-5.00,TPOS_E,-293546,-5.0000,-102,-0.0017
2026-01-22 12:22:26:708,X,-293444,-5.00,TPOS,-910277,-15.5048,-616833,-10.5066
2026-01-22 12:22:26:893,X,-293444,-5.00,TPOS_S,-,-,-,-
2026-01-22 12:22:30:103,X,-910936,-15.52,TPOS_E,-910277,-15.5048,659,0.0112
2026-01-22 12:22:30:530,X,-910936,-15.52,TPOS,-293546,-5.0000,617390,10.5160
2026-01-22 12:22:30:714,X,-910936,-15.52,TPOS_S,-,-,-,-
2026-01-22 12:22:35:328,X,-293437,-5.00,TPOS_E,-293546,-5.0000,-109,-0.0019
2026-01-22 12:22:35:757,X,-293437,-5.00,TPOS,-910277,-15.5048,-616840,-10.5067
2026-01-22 12:22:35:943,X,-293437,-5.00,TPOS_S,-,-,-,-
2026-01-22 12:22:39:154,X,-910938,-15.52,TPOS_E,-910277,-15.5048,661,0.0113
2026-01-22 12:22:39:579,X,-910938,-15.52,TPOS,-293546,-5.0000,617392,10.5161
2026-01-22 12:22:39:764,X,-910938,-15.52,TPOS_S,-,-,-,-
2026-01-22 12:22:41:572,Z,-3876267,-44.02,TPOS_E,-3875502,-44.0078,765,0.0087
2026-01-22 12:22:42:000,Z,-3876267,-44.02,TPOS,-440320,-5.0000,3435947,39.0165
2026-01-22 12:22:42:186,Z,-3876267,-44.02,TPOS_S,-,-,-,-
2026-01-22 12:22:44:394,X,-293433,-5.00,TPOS_E,-293546,-5.0000,-113,-0.0019
2026-01-22 12:22:44:818,X,-293433,-5.00,TPOS,-910277,-15.5048,-616844,-10.5067
2026-01-22 12:22:45:002,X,-293433,-5.00,TPOS_S,-,-,-,-
2026-01-22 12:22:48:212,X,-910935,-15.52,TPOS_E,-910277,-15.5048,658,0.0112
2026-01-22 12:22:48:639,X,-910935,-15.52,TPOS,-293546,-5.0000,617389,10.5160
2026-01-22 12:22:48:846,X,-910935,-15.52,TPOS_S,-,-,-,-
2026-01-22 12:22:53:459,X,-293443,-5.00,TPOS_E,-293546,-5.0000,-103,-0.0018
2026-01-22 12:22:53:885,X,-293443,-5.00,TPOS,-910277,-15.5048,-616834,-10.5066
2026-01-22 12:22:54:071,X,-293443,-5.00,TPOS_S,-,-,-,-
2026-01-22 12:22:57:281,X,-910930,-15.52,TPOS_E,-910277,-15.5048,653,0.0111
2026-01-22 12:22:57:707,X,-910930,-15.52,TPOS,-293546,-5.0000,617384,10.5159
2026-01-22 12:22:57:893,X,-910930,-15.52,TPOS_S,-,-,-,-
2026-01-22 12:22:59:698,Z,-440166,-5.00,TPOS_E,-440320,-5.0000,-154,-0.0017
2026-01-22 12:23:00:123,Z,-440166,-5.00,TPOS,-3875502,-44.0078,-3435336,-39.0095
2026-01-22 12:23:00:311,Z,-440166,-5.00,TPOS_S,-,-,-,-
2026-01-22 12:23:02:519,X,-293436,-5.00,TPOS_E,-293546,-5.0000,-110,-0.0019
2026-01-22 12:23:02:943,X,-293436,-5.00,TPOS,-910277,-15.5048,-616841,-10.5067
2026-01-22 12:23:03:131,X,-293436,-5.00,TPOS_S,-,-,-,-
2026-01-22 12:23:06:342,X,-910932,-15.52,TPOS_E,-910277,-15.5048,655,0.0112
2026-01-22 12:23:06:770,X,-910932,-15.52,TPOS,-293546,-5.0000,617386,10.5160
2026-01-22 12:23:06:955,X,-910932,-15.52,TPOS_S,-,-,-,-
2026-01-22 12:23:11:570,X,-293434,-5.00,TPOS_E,-293546,-5.0000,-112,-0.0019
2026-01-22 12:23:11:994,X,-293434,-5.00,TPOS,-910277,-15.5048,-616843,-10.5067
2026-01-22 12:23:12:182,X,-293434,-5.00,TPOS_S,-,-,-,-
2026-01-22 12:23:15:391,X,-910931,-15.52,TPOS_E,-910277,-15.5048,654,0.0111
2026-01-22 12:23:15:815,X,-910931,-15.52,TPOS,-293546,-5.0000,617385,10.5160
2026-01-22 12:23:16:002,X,-910931,-15.52,TPOS_S,-,-,-,-
2026-01-22 12:23:17:809,Z,-3876297,-44.02,TPOS_E,-3875502,-44.0078,795,0.0090
2026-01-22 12:23:18:235,Z,-3876297,-44.02,TPOS,-440320,-5.0000,3435977,39.0168
2026-01-22 12:23:18:420,Z,-3876297,-44.02,TPOS_S,-,-,-,-
2026-01-22 12:23:20:626,X,-293436,-5.00,TPOS_E,-293546,-5.0000,-110,-0.0019
2026-01-22 12:23:21:051,X,-293436,-5.00,TPOS,-910277,-15.5048,-616841,-10.5067
2026-01-22 12:23:21:216,X,-293436,-5.00,TPOS_S,-,-,-,-
2026-01-22 12:23:24:424,X,-910915,-15.52,TPOS_E,-910277,-15.5048,638,0.0109
2026-01-22 12:23:24:848,X,-910915,-15.52,TPOS,-293546,-5.0000,617369,10.5157
2026-01-22 12:23:25:037,X,-910915,-15.52,TPOS_S,-,-,-,-
2026-01-22 12:23:29:652,X,-293435,-5.00,TPOS_E,-293546,-5.0000,-111,-0.0019
2026-01-22 12:23:30:077,X,-293435,-5.00,TPOS,-910277,-15.5048,-616842,-10.5067
2026-01-22 12:23:30:262,X,-293435,-5.00,TPOS_S,-,-,-,-
2026-01-22 12:23:33:472,X,-910928,-15.52,TPOS_E,-910277,-15.5048,651,0.0111
2026-01-22 12:23:33:898,X,-910928,-15.52,TPOS,-293546,-5.0000,617382,10.5159
2026-01-22 12:23:34:083,X,-910928,-15.52,TPOS_S,-,-,-,-
2026-01-22 12:23:35:888,Z,-440165,-5.00,TPOS_E,-440320,-5.0000,-155,-0.0018
2026-01-22 12:23:36:311,Z,-440165,-5.00,TPOS,-3875502,-44.0078,-3435337,-39.0095
2026-01-22 12:23:36:497,Z,-440165,-5.00,TPOS_S,-,-,-,-
2026-01-22 12:23:38:703,X,-293442,-5.00,TPOS_E,-293546,-5.0000,-104,-0.0018
2026-01-22 12:23:39:128,X,-293442,-5.00,TPOS,-910277,-15.5048,-616835,-10.5066
2026-01-22 12:23:39:313,X,-293442,-5.00,TPOS_S,-,-,-,-
2026-01-22 12:23:42:522,X,-910934,-15.52,TPOS_E,-910277,-15.5048,657,0.0112
2026-01-22 12:23:42:947,X,-910934,-15.52,TPOS,-293546,-5.0000,617388,10.5160
2026-01-22 12:23:43:131,X,-910934,-15.52,TPOS_S,-,-,-,-
2026-01-22 12:23:47:742,X,-293439,-5.00,TPOS_E,-293546,-5.0000,-107,-0.0018
2026-01-22 12:23:48:167,X,-293439,-5.00,TPOS,-910277,-15.5048,-616838,-10.5066
2026-01-22 12:23:48:376,X,-293439,-5.00,TPOS_S,-,-,-,-
2026-01-22 12:23:51:585,X,-910935,-15.52,TPOS_E,-910277,-15.5048,658,0.0112
2026-01-22 12:23:52:013,X,-910935,-15.52,TPOS,-293546,-5.0000,617389,10.5160
2026-01-22 12:23:52:179,X,-910935,-15.52,TPOS_S,-,-,-,-
2026-01-22 12:23:53:984,Z,-3876286,-44.02,TPOS_E,-3875502,-44.0078,784,0.0089
2026-01-22 12:23:54:409,Z,-3876286,-44.02,TPOS,-440320,-5.0000,3435966,39.0167
2026-01-22 12:23:54:594,Z,-3876286,-44.02,TPOS_S,-,-,-,-
2026-01-22 12:23:56:802,X,-293442,-5.00,TPOS_E,-293546,-5.0000,-104,-0.0018
2026-01-22 12:23:57:226,X,-293442,-5.00,TPOS,-910277,-15.5048,-616835,-10.5066
2026-01-22 12:23:57:412,X,-293442,-5.00,TPOS_S,-,-,-,-
2026-01-22 12:24:00:623,X,-910925,-15.52,TPOS_E,-910277,-15.5048,648,0.0110
2026-01-22 12:24:01:050,X,-910925,-15.52,TPOS,-293546,-5.0000,617379,10.5159
2026-01-22 12:24:01:256,X,-910925,-15.52,TPOS_S,-,-,-,-
2026-01-22 12:24:05:870,X,-293442,-5.00,TPOS_E,-293546,-5.0000,-104,-0.0018
2026-01-22 12:24:06:295,X,-293442,-5.00,TPOS,-910277,-15.5048,-616835,-10.5066
2026-01-22 12:24:06:480,X,-293442,-5.00,TPOS_S,-,-,-,-
2026-01-22 12:24:09:692,X,-910928,-15.52,TPOS_E,-910277,-15.5048,651,0.0111
2026-01-22 12:24:10:117,X,-910928,-15.52,TPOS,-293546,-5.0000,617382,10.5159
2026-01-22 12:24:10:304,X,-910928,-15.52,TPOS_S,-,-,-,-
2026-01-22 12:24:12:109,Z,-440177,-5.00,TPOS_E,-440320,-5.0000,-143,-0.0016
2026-01-22 12:24:12:535,Z,-440177,-5.00,TPOS,-3875502,-44.0078,-3435325,-39.0094
2026-01-22 12:24:12:720,Z,-440177,-5.00,TPOS_S,-,-,-,-
2026-01-22 12:24:15:127,X,-293449,-5.00,TPOS_E,-293546,-5.0000,-97,-0.0017
2026-01-22 12:24:15:554,X,-293449,-5.00,TPOS,-910277,-15.5048,-616828,-10.5065
2026-01-22 12:24:15:760,X,-293449,-5.00,TPOS_S,-,-,-,-
2026-01-22 12:24:18:971,X,-910907,-15.52,TPOS_E,-910277,-15.5048,630,0.0107
2026-01-22 12:24:19:397,X,-910907,-15.52,TPOS,-293546,-5.0000,617361,10.5156
2026-01-22 12:24:19:564,X,-910907,-15.52,TPOS_S,-,-,-,-
2026-01-22 12:24:24:379,X,-293438,-5.00,TPOS_E,-293546,-5.0000,-108,-0.0018
2026-01-22 12:24:24:804,X,-293438,-5.00,TPOS,-910277,-15.5048,-616839,-10.5067
2026-01-22 12:24:24:990,X,-293438,-5.00,TPOS_S,-,-,-,-
2026-01-22 12:24:28:203,X,-910914,-15.52,TPOS_E,-910277,-15.5048,637,0.0109
2026-01-22 12:24:28:631,X,-910914,-15.52,TPOS,-293546,-5.0000,617368,10.5157
2026-01-22 12:24:28:817,X,-910914,-15.52,TPOS_S,-,-,-,-
2026-01-22 12:24:30:222,Z,-3876288,-44.02,TPOS_E,-3875502,-44.0078,786,0.0089
2026-01-22 12:24:30:645,Z,-3876288,-44.02,TPOS,-440320,-5.0000,3435968,39.0167
2026-01-22 12:24:30:831,Z,-3876288,-44.02,TPOS_S,-,-,-,-
2026-01-22 12:24:33:437,X,-293430,-5.00,TPOS_E,-293546,-5.0000,-116,-0.0020
2026-01-22 12:24:33:861,X,-293430,-5.00,TPOS,-910277,-15.5048,-616847,-10.5068
2026-01-22 12:24:34:027,X,-293430,-5.00,TPOS_S,-,-,-,-
2026-01-22 12:24:37:239,X,-910917,-15.52,TPOS_E,-910277,-15.5048,640,0.0109
2026-01-22 12:24:37:663,X,-910917,-15.52,TPOS,-293546,-5.0000,617371,10.5157
2026-01-22 12:24:37:850,X,-910917,-15.52,TPOS_S,-,-,-,-
2026-01-22 12:24:42:665,X,-293442,-5.00,TPOS_E,-293546,-5.0000,-104,-0.0018
2026-01-22 12:24:43:091,X,-293442,-5.00,TPOS,-910277,-15.5048,-616835,-10.5066
2026-01-22 12:24:43:277,X,-293442,-5.00,TPOS_S,-,-,-,-
2026-01-22 12:24:46:488,X,-910921,-15.52,TPOS_E,-910277,-15.5048,644,0.0110
2026-01-22 12:24:46:913,X,-910921,-15.52,TPOS,-293546,-5.0000,617375,10.5158
2026-01-22 12:24:47:077,X,-910921,-15.52,TPOS_S,-,-,-,-
2026-01-22 12:24:48:281,Z,-440176,-5.00,TPOS_E,-440320,-5.0000,-144,-0.0016
2026-01-22 12:24:48:706,Z,-440176,-5.00,TPOS,-3875502,-44.0078,-3435326,-39.0094
2026-01-22 12:24:48:913,Z,-440176,-5.00,TPOS_S,-,-,-,-
2026-01-22 12:24:51:722,X,-293439,-5.00,TPOS_E,-293546,-5.0000,-107,-0.0018
2026-01-22 12:24:52:147,X,-293439,-5.00,TPOS,-910277,-15.5048,-616838,-10.5066
2026-01-22 12:24:52:333,X,-293439,-5.00,TPOS_S,-,-,-,-
2026-01-22 12:24:55:542,X,-910920,-15.52,TPOS_E,-910277,-15.5048,643,0.0110
2026-01-22 12:24:55:967,X,-910920,-15.52,TPOS,-293546,-5.0000,617374,10.5158
2026-01-22 12:24:56:154,X,-910920,-15.52,TPOS_S,-,-,-,-
2026-01-22 12:25:00:968,X,-293434,-5.00,TPOS_E,-293546,-5.0000,-112,-0.0019
2026-01-22 12:25:01:393,X,-293434,-5.00,TPOS,-910277,-15.5048,-616843,-10.5067
2026-01-22 12:25:01:580,X,-293434,-5.00,TPOS_S,-,-,-,-
2026-01-22 12:25:04:793,X,-910922,-15.52,TPOS_E,-910277,-15.5048,645,0.0110
2026-01-22 12:25:05:218,X,-910922,-15.52,TPOS,-293546,-5.0000,617376,10.5158
2026-01-22 12:25:05:403,X,-910922,-15.52,TPOS_S,-,-,-,-
2026-01-22 12:25:06:407,Z,-3876310,-44.02,TPOS_E,-3875502,-44.0078,808,0.0092
2026-01-22 12:25:06:832,Z,-3876310,-44.02,TPOS,-440320,-5.0000,3435990,39.0170
2026-01-22 12:25:07:018,Z,-3876310,-44.02,TPOS_S,-,-,-,-
2026-01-22 12:25:10:230,X,-293439,-5.00,TPOS_E,-293546,-5.0000,-107,-0.0018
2026-01-22 12:25:10:655,X,-293439,-5.00,TPOS,-910277,-15.5048,-616838,-10.5066
2026-01-22 12:25:10:843,X,-293439,-5.00,TPOS_S,-,-,-,-
2026-01-22 12:25:14:053,X,-910910,-15.52,TPOS_E,-910277,-15.5048,633,0.0108
2026-01-22 12:25:14:478,X,-910910,-15.52,TPOS,-293546,-5.0000,617364,10.5156
2026-01-22 12:25:14:662,X,-910910,-15.52,TPOS_S,-,-,-,-
2026-01-22 12:25:19:477,X,-293431,-5.00,TPOS_E,-293546,-5.0000,-115,-0.0020
2026-01-22 12:25:19:902,X,-293431,-5.00,TPOS,-910277,-15.5048,-616846,-10.5068
2026-01-22 12:25:20:089,X,-293431,-5.00,TPOS_S,-,-,-,-
2026-01-22 12:25:23:298,X,-910918,-15.52,TPOS_E,-910277,-15.5048,641,0.0109
2026-01-22 12:25:23:726,X,-910918,-15.52,TPOS,-293546,-5.0000,617372,10.5157
2026-01-22 12:25:23:910,X,-910918,-15.52,TPOS_S,-,-,-,-
2026-01-22 12:25:24:514,Z,-440174,-5.00,TPOS_E,-440320,-5.0000,-146,-0.0017
2026-01-22 12:25:24:939,Z,-440174,-5.00,TPOS,-3875502,-44.0078,-3435328,-39.0094
2026-01-22 12:25:25:103,Z,-440174,-5.00,TPOS_S,-,-,-,-
2026-01-22 12:25:28:717,X,-293436,-5.00,TPOS_E,-293546,-5.0000,-110,-0.0019
2026-01-22 12:25:29:141,X,-293436,-5.00,TPOS,-910277,-15.5048,-616841,-10.5067
2026-01-22 12:25:29:327,X,-293436,-5.00,TPOS_S,-,-,-,-
2026-01-22 12:25:32:537,X,-910931,-15.52,TPOS_E,-910277,-15.5048,654,0.0111
2026-01-22 12:25:32:964,X,-910931,-15.52,TPOS,-293546,-5.0000,617385,10.5160
2026-01-22 12:25:33:150,X,-910931,-15.52,TPOS_S,-,-,-,-
2026-01-22 12:25:37:965,X,-293437,-5.00,TPOS_E,-293546,-5.0000,-109,-0.0019
2026-01-22 12:25:38:388,X,-293437,-5.00,TPOS,-910277,-15.5048,-616840,-10.5067
2026-01-22 12:25:38:574,X,-293437,-5.00,TPOS_S,-,-,-,-
2026-01-22 12:25:41:784,X,-910933,-15.52,TPOS_E,-910277,-15.5048,656,0.0112
2026-01-22 12:25:42:209,X,-910933,-15.52,TPOS,-293546,-5.0000,617387,10.5160
2026-01-22 12:25:42:394,X,-910933,-15.52,TPOS_S,-,-,-,-
2026-01-22 12:25:42:798,Z,-3876282,-44.02,TPOS_E,-3875502,-44.0078,780,0.0089
2026-01-22 12:25:43:223,Z,-3876282,-44.02,TPOS,-440320,-5.0000,3435962,39.0166
2026-01-22 12:25:43:430,Z,-3876282,-44.02,TPOS_S,-,-,-,-
2026-01-22 12:25:47:041,X,-293440,-5.00,TPOS_E,-293546,-5.0000,-106,-0.0018
2026-01-22 12:25:47:470,X,-293440,-5.00,TPOS,-910277,-15.5048,-616837,-10.5066
2026-01-22 12:25:47:655,X,-293440,-5.00,TPOS_S,-,-,-,-
2026-01-22 12:25:50:866,X,-910923,-15.52,TPOS_E,-910277,-15.5048,646,0.0110
2026-01-22 12:25:51:290,X,-910923,-15.52,TPOS,-293546,-5.0000,617377,10.5158
2026-01-22 12:25:51:476,X,-910923,-15.52,TPOS_S,-,-,-,-
2026-01-22 12:25:56:290,X,-293434,-5.00,TPOS_E,-293546,-5.0000,-112,-0.0019
2026-01-22 12:25:56:717,X,-293434,-5.00,TPOS,-910277,-15.5048,-616843,-10.5067
2026-01-22 12:25:56:902,X,-293434,-5.00,TPOS_S,-,-,-,-
2026-01-22 12:26:00:111,X,-910914,-15.52,TPOS_E,-910277,-15.5048,637,0.0109
2026-01-22 12:26:00:535,X,-910914,-15.52,TPOS,-293546,-5.0000,617368,10.5157
2026-01-22 12:26:00:720,X,-910914,-15.52,TPOS_S,-,-,-,-
2026-01-22 12:26:00:922,Z,-440182,-5.00,TPOS_E,-440320,-5.0000,-138,-0.0016
2026-01-22 12:26:01:348,Z,-440182,-5.00,TPOS,-3875502,-44.0078,-3435320,-39.0094
2026-01-22 12:26:01:534,Z,-440182,-5.00,TPOS_S,-,-,-,-
2026-01-22 12:26:05:544,X,-293431,-5.00,TPOS_E,-293546,-5.0000,-115,-0.0020
2026-01-22 12:26:05:971,X,-293431,-5.00,TPOS,-910277,-15.5048,-616846,-10.5068
2026-01-22 12:26:06:157,X,-293431,-5.00,TPOS_S,-,-,-,-
2026-01-22 12:26:09:367,X,-910910,-15.52,TPOS_E,-910277,-15.5048,633,0.0108
2026-01-22 12:26:09:792,X,-910910,-15.52,TPOS,-293546,-5.0000,617364,10.5156
2026-01-22 12:26:09:999,X,-910910,-15.52,TPOS_S,-,-,-,-
2026-01-22 12:26:14:609,X,-293443,-5.00,TPOS_E,-293546,-5.0000,-103,-0.0018
2026-01-22 12:26:15:033,X,-293443,-5.00,TPOS,-910277,-15.5048,-616834,-10.5066
2026-01-22 12:26:15:219,X,-293443,-5.00,TPOS_S,-,-,-,-
2026-01-22 12:26:18:429,X,-910908,-15.52,TPOS_E,-910277,-15.5048,631,0.0107
2026-01-22 12:26:18:853,X,-910908,-15.52,TPOS,-293546,-5.0000,617362,10.5156
2026-01-22 12:26:19:037,X,-910908,-15.52,TPOS_S,-,-,-,-
2026-01-22 12:26:19:240,Z,-3876301,-44.02,TPOS_E,-3875502,-44.0078,799,0.0091
2026-01-22 12:26:19:663,Z,-3876301,-44.02,TPOS,-440320,-5.0000,3435981,39.0169
2026-01-22 12:26:19:849,Z,-3876301,-44.02,TPOS_S,-,-,-,-
2026-01-22 12:26:23:662,X,-293434,-5.00,TPOS_E,-293546,-5.0000,-112,-0.0019
2026-01-22 12:26:24:086,X,-293434,-5.00,TPOS,-910277,-15.5048,-616843,-10.5067
2026-01-22 12:26:24:273,X,-293434,-5.00,TPOS_S,-,-,-,-
2026-01-22 12:26:27:482,X,-910927,-15.52,TPOS_E,-910277,-15.5048,650,0.0111
2026-01-22 12:26:27:908,X,-910927,-15.52,TPOS,-293546,-5.0000,617381,10.5159
2026-01-22 12:26:28:116,X,-910927,-15.52,TPOS_S,-,-,-,-
2026-01-22 12:26:32:733,X,-293437,-5.00,TPOS_E,-293546,-5.0000,-109,-0.0019
2026-01-22 12:26:33:158,X,-293437,-5.00,TPOS,-910277,-15.5048,-616840,-10.5067
2026-01-22 12:26:33:342,X,-293437,-5.00,TPOS_S,-,-,-,-
2026-01-22 12:26:36:552,X,-910924,-15.52,TPOS_E,-910277,-15.5048,647,0.0110
2026-01-22 12:26:36:978,X,-910924,-15.52,TPOS,-293546,-5.0000,617378,10.5158
2026-01-22 12:26:37:143,X,-910924,-15.52,TPOS_S,-,-,-,-
2026-01-22 12:26:37:345,Z,-440178,-5.00,TPOS_E,-440320,-5.0000,-142,-0.0016
2026-01-22 12:26:37:772,Z,-440178,-5.00,TPOS,-3875502,-44.0078,-3435324,-39.0094
2026-01-22 12:26:37:958,Z,-440178,-5.00,TPOS_S,-,-,-,-
2026-01-22 12:26:41:969,X,-293446,-5.00,TPOS_E,-293546,-5.0000,-100,-0.0017
2026-01-22 12:26:42:394,X,-293446,-5.00,TPOS,-910277,-15.5048,-616831,-10.5065
2026-01-22 12:26:42:579,X,-293446,-5.00,TPOS_S,-,-,-,-
2026-01-22 12:26:45:790,X,-910930,-15.52,TPOS_E,-910277,-15.5048,653,0.0111
2026-01-22 12:26:46:219,X,-910930,-15.52,TPOS,-293546,-5.0000,617384,10.5159
2026-01-22 12:26:46:404,X,-910930,-15.52,TPOS_S,-,-,-,-
2026-01-22 12:26:51:222,X,-293444,-5.00,TPOS_E,-293546,-5.0000,-102,-0.0017
2026-01-22 12:26:51:648,X,-293444,-5.00,TPOS,-910277,-15.5048,-616833,-10.5066
2026-01-22 12:26:51:835,X,-293444,-5.00,TPOS_S,-,-,-,-
2026-01-22 12:26:55:046,X,-910910,-15.52,TPOS_E,-910277,-15.5048,633,0.0108
2026-01-22 12:26:55:473,X,-910910,-15.52,TPOS,-293546,-5.0000,617364,10.5156
2026-01-22 12:26:55:474,Z,-3876323,-44.02,TPOS_E,-3875502,-44.0078,821,0.0093
2026-01-22 12:26:55:539,Z,-3876323,-44.02,TPOS,-440320,-5.0000,3436003,39.0171
2026-01-22 12:26:55:662,X,-910910,-15.52,TPOS_S,-,-,-,-
2026-01-22 12:26:55:807,Z,-3876323,-44.02,TPOS_S,-,-,-,-
2026-01-22 12:27:00:421,X,-293429,-5.00,TPOS_E,-293546,-5.0000,-117,-0.0020
2026-01-22 12:27:00:846,X,-293429,-5.00,TPOS,-910277,-15.5048,-616848,-10.5068
2026-01-22 12:27:01:031,X,-293429,-5.00,TPOS_S,-,-,-,-
2026-01-22 12:27:04:238,X,-910928,-15.52,TPOS_E,-910277,-15.5048,651,0.0111
2026-01-22 12:27:04:666,X,-910928,-15.52,TPOS,-293546,-5.0000,617382,10.5159
2026-01-22 12:27:04:852,X,-910928,-15.52,TPOS_S,-,-,-,-
2026-01-22 12:27:09:466,X,-293431,-5.00,TPOS_E,-293546,-5.0000,-115,-0.0020
2026-01-22 12:27:09:893,X,-293431,-5.00,TPOS,-910277,-15.5048,-616846,-10.5068
2026-01-22 12:27:10:059,X,-293431,-5.00,TPOS_S,-,-,-,-
2026-01-22 12:27:13:268,X,-910918,-15.52,TPOS_E,-910277,-15.5048,641,0.0109
2026-01-22 12:27:13:269,Z,-440160,-5.00,TPOS_E,-440320,-5.0000,-160,-0.0018
2026-01-22 12:27:13:695,Z,-440160,-5.00,TPOS,-3875502,-44.0078,-3435342,-39.0096
2026-01-22 12:27:13:717,X,-910918,-15.52,TPOS,-293546,-5.0000,617372,10.5157
2026-01-22 12:27:13:903,Z,-440160,-5.00,TPOS_S,-,-,-,-
2026-01-22 12:27:14:006,X,-910918,-15.52,TPOS_S,-,-,-,-
2026-01-22 12:27:18:826,X,-293461,-5.00,TPOS_E,-293546,-5.0000,-85,-0.0014
2026-01-22 12:27:19:251,X,-293461,-5.00,TPOS,-910277,-15.5048,-616816,-10.5063
2026-01-22 12:27:19:436,X,-293461,-5.00,TPOS_S,-,-,-,-
2026-01-22 12:27:22:646,X,-910910,-15.52,TPOS_E,-910277,-15.5048,633,0.0108
2026-01-22 12:27:23:071,X,-910910,-15.52,TPOS,-293546,-5.0000,617364,10.5156
2026-01-22 12:27:23:258,X,-910910,-15.52,TPOS_S,-,-,-,-
2026-01-22 12:27:28:071,X,-293438,-5.00,TPOS_E,-293546,-5.0000,-108,-0.0018
2026-01-22 12:27:28:496,X,-293438,-5.00,TPOS,-910277,-15.5048,-616839,-10.5067
2026-01-22 12:27:28:683,X,-293438,-5.00,TPOS_S,-,-,-,-
2026-01-22 12:27:31:491,Z,-3876306,-44.02,TPOS_E,-3875502,-44.0078,804,0.0091
2026-01-22 12:27:31:897,X,-910920,-15.52,TPOS_E,-910277,-15.5048,643,0.0110
2026-01-22 12:27:31:920,Z,-3876306,-44.02,TPOS,-440320,-5.0000,3435986,39.0169
2026-01-22 12:27:31:966,X,-910920,-15.52,TPOS,-293546,-5.0000,617374,10.5158
2026-01-22 12:27:32:111,Z,-3876306,-44.02,TPOS_S,-,-,-,-
2026-01-22 12:27:32:236,X,-910920,-15.52,TPOS_S,-,-,-,-
2026-01-22 12:27:37:051,X,-293428,-5.00,TPOS_E,-293546,-5.0000,-118,-0.0020
2026-01-22 12:27:37:479,X,-293428,-5.00,TPOS,-910277,-15.5048,-616849,-10.5068
2026-01-22 12:27:37:666,X,-293428,-5.00,TPOS_S,-,-,-,-
2026-01-22 12:27:40:875,X,-910919,-15.52,TPOS_E,-910277,-15.5048,642,0.0109
2026-01-22 12:27:41:301,X,-910919,-15.52,TPOS,-293546,-5.0000,617373,10.5158
2026-01-22 12:27:41:487,X,-910919,-15.52,TPOS_S,-,-,-,-
2026-01-22 12:27:46:301,X,-293439,-5.00,TPOS_E,-293546,-5.0000,-107,-0.0018
2026-01-22 12:27:46:726,X,-293439,-5.00,TPOS,-910277,-15.5048,-616838,-10.5066
2026-01-22 12:27:46:912,X,-293439,-5.00,TPOS_S,-,-,-,-
2026-01-22 12:27:49:519,Z,-440172,-5.00,TPOS_E,-440320,-5.0000,-148,-0.0017
2026-01-22 12:27:49:945,Z,-440172,-5.00,TPOS,-3875502,-44.0078,-3435330,-39.0095
2026-01-22 12:27:49:966,X,-910913,-15.52,TPOS_E,-910277,-15.5048,636,0.0108
2026-01-22 12:27:50:031,X,-910913,-15.52,TPOS,-293546,-5.0000,617367,10.5157
2026-01-22 12:27:50:136,Z,-440172,-5.00,TPOS_S,-,-,-,-
2026-01-22 12:27:50:284,X,-910913,-15.52,TPOS_S,-,-,-,-
2026-01-22 12:27:55:101,X,-293430,-5.00,TPOS_E,-293546,-5.0000,-116,-0.0020
2026-01-22 12:27:55:527,X,-293430,-5.00,TPOS,-910277,-15.5048,-616847,-10.5068
2026-01-22 12:27:55:713,X,-293430,-5.00,TPOS_S,-,-,-,-
2026-01-22 12:27:58:922,X,-910918,-15.52,TPOS_E,-910277,-15.5048,641,0.0109
2026-01-22 12:27:59:349,X,-910918,-15.52,TPOS,-293546,-5.0000,617372,10.5157
2026-01-22 12:27:59:554,X,-910918,-15.52,TPOS_S,-,-,-,-
2026-01-22 12:28:04:369,X,-293442,-5.00,TPOS_E,-293546,-5.0000,-104,-0.0018
2026-01-22 12:28:04:794,X,-293442,-5.00,TPOS,-910277,-15.5048,-616835,-10.5066
2026-01-22 12:28:05:001,X,-293442,-5.00,TPOS_S,-,-,-,-
2026-01-22 12:28:07:611,Z,-3876314,-44.02,TPOS_E,-3875502,-44.0078,812,0.0092
2026-01-22 12:28:08:036,Z,-3876314,-44.02,TPOS,-440320,-5.0000,3435994,39.0170
2026-01-22 12:28:08:057,X,-910922,-15.52,TPOS_E,-910277,-15.5048,645,0.0110
2026-01-22 12:28:08:123,X,-910922,-15.52,TPOS,-293546,-5.0000,617376,10.5158
2026-01-22 12:28:08:225,Z,-3876314,-44.02,TPOS_S,-,-,-,-
2026-01-22 12:28:08:349,X,-910922,-15.52,TPOS_S,-,-,-,-
2026-01-22 12:28:13:164,X,-293444,-5.00,TPOS_E,-293546,-5.0000,-102,-0.0017
2026-01-22 12:28:13:588,X,-293444,-5.00,TPOS,-910277,-15.5048,-616833,-10.5066
2026-01-22 12:28:13:774,X,-293444,-5.00,TPOS_S,-,-,-,-
2026-01-22 12:28:16:984,X,-910912,-15.52,TPOS_E,-910277,-15.5048,635,0.0108
2026-01-22 12:28:17:409,X,-910912,-15.52,TPOS,-293546,-5.0000,617366,10.5156
2026-01-22 12:28:17:596,X,-910912,-15.52,TPOS_S,-,-,-,-
2026-01-22 12:28:22:414,X,-293434,-5.00,TPOS_E,-293546,-5.0000,-112,-0.0019
2026-01-22 12:28:22:840,X,-293434,-5.00,TPOS,-910277,-15.5048,-616843,-10.5067
2026-01-22 12:28:23:026,X,-293434,-5.00,TPOS_S,-,-,-,-
2026-01-22 12:28:25:834,Z,-440181,-5.00,TPOS_E,-440320,-5.0000,-139,-0.0016
2026-01-22 12:28:26:237,X,-910922,-15.52,TPOS_E,-910277,-15.5048,645,0.0110
2026-01-22 12:28:26:259,Z,-440181,-5.00,TPOS,-3875502,-44.0078,-3435321,-39.0094
2026-01-22 12:28:26:304,X,-910922,-15.52,TPOS,-293546,-5.0000,617376,10.5158
2026-01-22 12:28:26:450,Z,-440181,-5.00,TPOS_S,-,-,-,-
2026-01-22 12:28:26:575,X,-910922,-15.52,TPOS_S,-,-,-,-
2026-01-22 12:28:31:388,X,-293445,-5.00,TPOS_E,-293546,-5.0000,-101,-0.0017
2026-01-22 12:28:31:813,X,-293445,-5.00,TPOS,-910277,-15.5048,-616832,-10.5065
2026-01-22 12:28:31:998,X,-293445,-5.00,TPOS_S,-,-,-,-
2026-01-22 12:28:35:208,X,-910907,-15.52,TPOS_E,-910277,-15.5048,630,0.0107
2026-01-22 12:28:35:631,X,-910907,-15.52,TPOS,-293546,-5.0000,617361,10.5156
2026-01-22 12:28:35:817,X,-910907,-15.52,TPOS_S,-,-,-,-
2026-01-22 12:28:40:634,X,-293436,-5.00,TPOS_E,-293546,-5.0000,-110,-0.0019
2026-01-22 12:28:41:060,X,-293436,-5.00,TPOS,-910277,-15.5048,-616841,-10.5067
2026-01-22 12:28:41:266,X,-293436,-5.00,TPOS_S,-,-,-,-
2026-01-22 12:28:44:073,Z,-3876314,-44.02,TPOS_E,-3875502,-44.0078,812,0.0092
2026-01-22 12:28:44:478,X,-910913,-15.52,TPOS_E,-910277,-15.5048,636,0.0108
2026-01-22 12:28:44:500,Z,-3876314,-44.02,TPOS,-440320,-5.0000,3435994,39.0170
2026-01-22 12:28:44:544,X,-910913,-15.52,TPOS,-293546,-5.0000,617367,10.5157
2026-01-22 12:28:44:687,Z,-3876314,-44.02,TPOS_S,-,-,-,-
2026-01-22 12:28:44:811,X,-910913,-15.52,TPOS_S,-,-,-,-
2026-01-22 12:28:49:623,X,-293433,-5.00,TPOS_E,-293546,-5.0000,-113,-0.0019
2026-01-22 12:28:50:049,X,-293433,-5.00,TPOS,-910277,-15.5048,-616844,-10.5067
2026-01-22 12:28:50:233,X,-293433,-5.00,TPOS_S,-,-,-,-
2026-01-22 12:28:53:442,X,-910913,-15.52,TPOS_E,-910277,-15.5048,636,0.0108
2026-01-22 12:28:53:869,X,-910913,-15.52,TPOS,-293546,-5.0000,617367,10.5157
2026-01-22 12:28:54:053,X,-910913,-15.52,TPOS_S,-,-,-,-
2026-01-22 12:28:58:865,X,-293438,-5.00,TPOS_E,-293546,-5.0000,-108,-0.0018
2026-01-22 12:28:59:290,X,-293438,-5.00,TPOS,-910277,-15.5048,-616839,-10.5067
2026-01-22 12:28:59:474,X,-293438,-5.00,TPOS_S,-,-,-,-
2026-01-22 12:29:02:082,Z,-440170,-5.00,TPOS_E,-440320,-5.0000,-150,-0.0017
2026-01-22 12:29:02:506,Z,-440170,-5.00,TPOS,-3875502,-44.0078,-3435332,-39.0095
2026-01-22 12:29:02:568,X,-910927,-15.52,TPOS_E,-910277,-15.5048,650,0.0111
2026-01-22 12:29:02:632,X,-910927,-15.52,TPOS,-293546,-5.0000,617381,10.5159
2026-01-22 12:29:02:694,Z,-440170,-5.00,TPOS_S,-,-,-,-
2026-01-22 12:29:02:838,X,-910927,-15.52,TPOS_S,-,-,-,-
2026-01-22 12:29:07:649,X,-293447,-5.00,TPOS_E,-293546,-5.0000,-99,-0.0017
2026-01-22 12:29:08:074,X,-293447,-5.00,TPOS,-910277,-15.5048,-616830,-10.5065
2026-01-22 12:29:08:238,X,-293447,-5.00,TPOS_S,-,-,-,-
2026-01-22 12:29:11:446,X,-910902,-15.52,TPOS_E,-910277,-15.5048,625,0.0106
2026-01-22 12:29:11:870,X,-910902,-15.52,TPOS,-293546,-5.0000,617356,10.5155
2026-01-22 12:29:12:075,X,-910902,-15.52,TPOS_S,-,-,-,-
2026-01-22 12:29:16:887,X,-293435,-5.00,TPOS_E,-293546,-5.0000,-111,-0.0019
2026-01-22 12:29:17:314,X,-293435,-5.00,TPOS,-910277,-15.5048,-616842,-10.5067
2026-01-22 12:29:17:521,X,-293435,-5.00,TPOS_S,-,-,-,-
2026-01-22 12:29:20:330,Z,-3876303,-44.02,TPOS_E,-3875502,-44.0078,801,0.0091
2026-01-22 12:29:20:735,X,-910904,-15.52,TPOS_E,-910277,-15.5048,627,0.0107
2026-01-22 12:29:20:757,Z,-3876303,-44.02,TPOS,-440320,-5.0000,3435983,39.0169
2026-01-22 12:29:20:800,X,-910904,-15.52,TPOS,-293546,-5.0000,617358,10.5155
2026-01-22 12:29:20:944,Z,-3876303,-44.02,TPOS_S,-,-,-,-
2026-01-22 12:29:21:068,X,-910904,-15.52,TPOS_S,-,-,-,-
2026-01-22 12:29:25:879,X,-293450,-5.00,TPOS_E,-293546,-5.0000,-96,-0.0016
2026-01-22 12:29:26:304,X,-293450,-5.00,TPOS,-910277,-15.5048,-616827,-10.5065
2026-01-22 12:29:26:488,X,-293450,-5.00,TPOS_S,-,-,-,-
2026-01-22 12:29:29:698,X,-910899,-15.52,TPOS_E,-910277,-15.5048,622,0.0106
2026-01-22 12:29:30:124,X,-910899,-15.52,TPOS,-293546,-5.0000,617353,10.5154
2026-01-22 12:29:30:309,X,-910899,-15.52,TPOS_S,-,-,-,-
2026-01-22 12:29:35:121,X,-293440,-5.00,TPOS_E,-293546,-5.0000,-106,-0.0018
2026-01-22 12:29:35:547,X,-293440,-5.00,TPOS,-910277,-15.5048,-616837,-10.5066
2026-01-22 12:29:35:751,X,-293440,-5.00,TPOS_S,-,-,-,-
2026-01-22 12:29:38:358,Z,-440151,-5.00,TPOS_E,-440320,-5.0000,-169,-0.0019
2026-01-22 12:29:38:782,Z,-440151,-5.00,TPOS,-3875502,-44.0078,-3435351,-39.0097
2026-01-22 12:29:38:825,X,-910904,-15.52,TPOS_E,-910277,-15.5048,627,0.0107
2026-01-22 12:29:38:891,X,-910904,-15.52,TPOS,-293546,-5.0000,617358,10.5155
2026-01-22 12:29:38:973,Z,-440151,-5.00,TPOS_S,-,-,-,-
2026-01-22 12:29:39:098,X,-910904,-15.52,TPOS_S,-,-,-,-
2026-01-22 12:29:43:911,X,-293435,-5.00,TPOS_E,-293546,-5.0000,-111,-0.0019
2026-01-22 12:29:44:337,X,-293435,-5.00,TPOS,-910277,-15.5048,-616842,-10.5067
2026-01-22 12:29:44:522,X,-293435,-5.00,TPOS_S,-,-,-,-
2026-01-22 12:29:47:730,X,-910892,-15.52,TPOS_E,-910277,-15.5048,615,0.0105
2026-01-22 12:29:48:155,X,-910892,-15.52,TPOS,-293546,-5.0000,617346,10.5153
2026-01-22 12:29:48:360,X,-910892,-15.52,TPOS_S,-,-,-,-
2026-01-22 12:29:53:171,X,-293435,-5.00,TPOS_E,-293546,-5.0000,-111,-0.0019
2026-01-22 12:29:53:596,X,-293435,-5.00,TPOS,-910277,-15.5048,-616842,-10.5067
2026-01-22 12:29:53:800,X,-293435,-5.00,TPOS_S,-,-,-,-
2026-01-22 12:29:56:408,Z,-3876297,-44.02,TPOS_E,-3875502,-44.0078,795,0.0090
2026-01-22 12:29:56:833,Z,-3876297,-44.02,TPOS,-440320,-5.0000,3435977,39.0168
2026-01-22 12:29:56:854,X,-910921,-15.52,TPOS_E,-910277,-15.5048,644,0.0110
2026-01-22 12:29:56:918,X,-910921,-15.52,TPOS,-293546,-5.0000,617375,10.5158
2026-01-22 12:29:57:022,Z,-3876297,-44.02,TPOS_S,-,-,-,-
2026-01-22 12:29:57:146,X,-910921,-15.52,TPOS_S,-,-,-,-
2026-01-22 12:30:01:957,X,-293442,-5.00,TPOS_E,-293546,-5.0000,-104,-0.0018
2026-01-22 12:30:02:386,X,-293442,-5.00,TPOS,-910277,-15.5048,-616835,-10.5066
2026-01-22 12:30:02:571,X,-293442,-5.00,TPOS_S,-,-,-,-
2026-01-22 12:30:05:782,X,-910903,-15.52,TPOS_E,-910277,-15.5048,626,0.0107
2026-01-22 12:30:06:207,X,-910903,-15.52,TPOS,-293546,-5.0000,617357,10.5155
2026-01-22 12:30:06:412,X,-910903,-15.52,TPOS_S,-,-,-,-
2026-01-22 12:30:11:224,X,-293447,-5.00,TPOS_E,-293546,-5.0000,-99,-0.0017
2026-01-22 12:30:11:650,X,-293447,-5.00,TPOS,-910277,-15.5048,-616830,-10.5065
2026-01-22 12:30:11:834,X,-293447,-5.00,TPOS_S,-,-,-,-
2026-01-22 12:30:14:443,Z,-440139,-5.00,TPOS_E,-440320,-5.0000,-181,-0.0021
2026-01-22 12:30:14:868,Z,-440139,-5.00,TPOS,-3875502,-44.0078,-3435363,-39.0098
2026-01-22 12:30:14:930,X,-910915,-15.52,TPOS_E,-910277,-15.5048,638,0.0109
2026-01-22 12:30:14:994,X,-910915,-15.52,TPOS,-293546,-5.0000,617369,10.5157
2026-01-22 12:30:15:059,Z,-440139,-5.00,TPOS_S,-,-,-,-
2026-01-22 12:30:15:183,X,-910915,-15.52,TPOS_S,-,-,-,-
2026-01-22 12:30:19:995,X,-293438,-5.00,TPOS_E,-293546,-5.0000,-108,-0.0018
2026-01-22 12:30:20:422,X,-293438,-5.00,TPOS,-910277,-15.5048,-616839,-10.5067
2026-01-22 12:30:20:607,X,-293438,-5.00,TPOS_S,-,-,-,-
2026-01-22 12:30:23:816,X,-910907,-15.52,TPOS_E,-910277,-15.5048,630,0.0107
2026-01-22 12:30:24:240,X,-910907,-15.52,TPOS,-293546,-5.0000,617361,10.5156
2026-01-22 12:30:24:426,X,-910907,-15.52,TPOS_S,-,-,-,-
2026-01-22 12:30:29:239,X,-293442,-5.00,TPOS_E,-293546,-5.0000,-104,-0.0018
2026-01-22 12:30:29:663,X,-293442,-5.00,TPOS,-910277,-15.5048,-616835,-10.5066
2026-01-22 12:30:29:868,X,-293442,-5.00,TPOS_S,-,-,-,-
2026-01-22 12:30:32:677,Z,-3876285,-44.02,TPOS_E,-3875502,-44.0078,783,0.0089
2026-01-22 12:30:33:080,X,-910909,-15.52,TPOS_E,-910277,-15.5048,632,0.0108
2026-01-22 12:30:33:102,Z,-3876285,-44.02,TPOS,-440320,-5.0000,3435965,39.0167
2026-01-22 12:30:33:145,X,-910909,-15.52,TPOS,-293546,-5.0000,617363,10.5156
2026-01-22 12:30:33:310,Z,-3876285,-44.02,TPOS_S,-,-,-,-
2026-01-22 12:30:33:435,X,-910909,-15.52,TPOS_S,-,-,-,-
2026-01-22 12:30:38:247,X,-293440,-5.00,TPOS_E,-293546,-5.0000,-106,-0.0018
2026-01-22 12:30:38:672,X,-293440,-5.00,TPOS,-910277,-15.5048,-616837,-10.5066
2026-01-22 12:30:38:856,X,-293440,-5.00,TPOS_S,-,-,-,-
2026-01-22 12:30:42:064,X,-910907,-15.52,TPOS_E,-910277,-15.5048,630,0.0107
2026-01-22 12:30:42:490,X,-910907,-15.52,TPOS,-293546,-5.0000,617361,10.5156
2026-01-22 12:30:42:695,X,-910907,-15.52,TPOS_S,-,-,-,-
2026-01-22 12:30:47:508,X,-293441,-5.00,TPOS_E,-293546,-5.0000,-105,-0.0018
2026-01-22 12:30:47:933,X,-293441,-5.00,TPOS,-910277,-15.5048,-616836,-10.5066
2026-01-22 12:30:48:120,X,-293441,-5.00,TPOS_S,-,-,-,-
2026-01-22 12:30:50:730,Z,-440143,-5.00,TPOS_E,-440320,-5.0000,-177,-0.0020
2026-01-22 12:30:51:154,Z,-440143,-5.00,TPOS,-3875502,-44.0078,-3435359,-39.0098
2026-01-22 12:30:51:197,X,-910915,-15.52,TPOS_E,-910277,-15.5048,638,0.0109
2026-01-22 12:30:51:261,X,-910915,-15.52,TPOS,-293546,-5.0000,617369,10.5157
2026-01-22 12:30:51:344,Z,-440143,-5.00,TPOS_S,-,-,-,-
2026-01-22 12:30:51:468,X,-910915,-15.52,TPOS_S,-,-,-,-
2026-01-22 12:30:56:281,X,-293454,-5.00,TPOS_E,-293546,-5.0000,-92,-0.0016
2026-01-22 12:30:56:705,X,-293454,-5.00,TPOS,-910277,-15.5048,-616823,-10.5064
2026-01-22 12:30:56:890,X,-293454,-5.00,TPOS_S,-,-,-,-
2026-01-22 12:31:00:098,X,-910912,-15.52,TPOS_E,-910277,-15.5048,635,0.0108
2026-01-22 12:31:00:522,X,-910912,-15.52,TPOS,-293546,-5.0000,617366,10.5156
2026-01-22 12:31:00:707,X,-910912,-15.52,TPOS_S,-,-,-,-
2026-01-22 12:31:05:519,X,-293438,-5.00,TPOS_E,-293546,-5.0000,-108,-0.0018
2026-01-22 12:31:05:943,X,-293438,-5.00,TPOS,-910277,-15.5048,-616839,-10.5067
2026-01-22 12:31:06:149,X,-293438,-5.00,TPOS_S,-,-,-,-
2026-01-22 12:31:08:957,Z,-3876312,-44.02,TPOS_E,-3875502,-44.0078,810,0.0092
2026-01-22 12:31:09:361,X,-910915,-15.52,TPOS_E,-910277,-15.5048,638,0.0109
2026-01-22 12:31:09:383,Z,-3876312,-44.02,TPOS,-440320,-5.0000,3435992,39.0170
2026-01-22 12:31:09:427,X,-910915,-15.52,TPOS,-293546,-5.0000,617369,10.5157
2026-01-22 12:31:09:571,Z,-3876312,-44.02,TPOS_S,-,-,-,-
2026-01-22 12:31:09:695,X,-910915,-15.52,TPOS_S,-,-,-,-
2026-01-22 12:31:14:507,X,-293463,-5.00,TPOS_E,-293546,-5.0000,-83,-0.0014
2026-01-22 12:31:14:933,X,-293463,-5.00,TPOS,-910277,-15.5048,-616814,-10.5062
2026-01-22 12:31:15:117,X,-293463,-5.00,TPOS_S,-,-,-,-
2026-01-22 12:31:18:326,X,-910909,-15.52,TPOS_E,-910277,-15.5048,632,0.0108
2026-01-22 12:31:18:750,X,-910909,-15.52,TPOS,-293546,-5.0000,617363,10.5156
2026-01-22 12:31:18:934,X,-910909,-15.52,TPOS_S,-,-,-,-
2026-01-22 12:31:23:744,X,-293432,-5.00,TPOS_E,-293546,-5.0000,-114,-0.0019
2026-01-22 12:31:24:168,X,-293432,-5.00,TPOS,-910277,-15.5048,-616845,-10.5068
2026-01-22 12:31:24:353,X,-293432,-5.00,TPOS_S,-,-,-,-
2026-01-22 12:31:26:961,Z,-440157,-5.00,TPOS_E,-440320,-5.0000,-163,-0.0019
2026-01-22 12:31:27:385,Z,-440157,-5.00,TPOS,-3875502,-44.0078,-3435345,-39.0096
2026-01-22 12:31:27:449,X,-910917,-15.52,TPOS_E,-910277,-15.5048,640,0.0109
2026-01-22 12:31:27:514,X,-910917,-15.52,TPOS,-293546,-5.0000,617371,10.5157
2026-01-22 12:31:27:576,Z,-440157,-5.00,TPOS_S,-,-,-,-
2026-01-22 12:31:27:720,X,-910917,-15.52,TPOS_S,-,-,-,-
2026-01-22 12:31:32:533,X,-293453,-5.00,TPOS_E,-293546,-5.0000,-93,-0.0016
2026-01-22 12:31:32:959,X,-293453,-5.00,TPOS,-910277,-15.5048,-616824,-10.5064
2026-01-22 12:31:33:143,X,-293453,-5.00,TPOS_S,-,-,-,-
2026-01-22 12:31:36:352,X,-910915,-15.52,TPOS_E,-910277,-15.5048,638,0.0109
2026-01-22 12:31:36:776,X,-910915,-15.52,TPOS,-293546,-5.0000,617369,10.5157
2026-01-22 12:31:36:959,X,-910915,-15.52,TPOS_S,-,-,-,-
2026-01-22 12:31:41:773,X,-293435,-5.00,TPOS_E,-293546,-5.0000,-111,-0.0019
2026-01-22 12:31:42:198,X,-293435,-5.00,TPOS,-910277,-15.5048,-616842,-10.5067
2026-01-22 12:31:42:405,X,-293435,-5.00,TPOS_S,-,-,-,-
2026-01-22 12:31:45:213,Z,-3876319,-44.02,TPOS_E,-3875502,-44.0078,817,0.0093
2026-01-22 12:31:45:617,X,-910916,-15.52,TPOS_E,-910277,-15.5048,639,0.0109
2026-01-22 12:31:45:639,Z,-3876319,-44.02,TPOS,-440320,-5.0000,3435999,39.0171
2026-01-22 12:31:45:684,X,-910916,-15.52,TPOS,-293546,-5.0000,617370,10.5157
2026-01-22 12:31:45:827,Z,-3876319,-44.02,TPOS_S,-,-,-,-
2026-01-22 12:31:45:951,X,-910916,-15.52,TPOS_S,-,-,-,-
2026-01-22 12:31:50:763,X,-293436,-5.00,TPOS_E,-293546,-5.0000,-110,-0.0019
2026-01-22 12:31:51:188,X,-293436,-5.00,TPOS,-910277,-15.5048,-616841,-10.5067
2026-01-22 12:31:51:393,X,-293436,-5.00,TPOS_S,-,-,-,-
2026-01-22 12:31:54:604,X,-910903,-15.52,TPOS_E,-910277,-15.5048,626,0.0107
2026-01-22 12:31:55:030,X,-910903,-15.52,TPOS,-293546,-5.0000,617357,10.5155
2026-01-22 12:31:55:214,X,-910903,-15.52,TPOS_S,-,-,-,-
2026-01-22 12:32:00:026,X,-293436,-5.00,TPOS_E,-293546,-5.0000,-110,-0.0019
2026-01-22 12:32:00:450,X,-293436,-5.00,TPOS,-910277,-15.5048,-616841,-10.5067
2026-01-22 12:32:00:637,X,-293436,-5.00,TPOS_S,-,-,-,-
2026-01-22 12:32:03:244,Z,-440165,-5.00,TPOS_E,-440320,-5.0000,-155,-0.0018
2026-01-22 12:32:03:670,Z,-440165,-5.00,TPOS,-3875502,-44.0078,-3435337,-39.0095
2026-01-22 12:32:03:732,X,-910906,-15.52,TPOS_E,-910277,-15.5048,629,0.0107
2026-01-22 12:32:03:796,X,-910906,-15.52,TPOS,-293546,-5.0000,617360,10.5155
2026-01-22 12:32:03:878,Z,-440165,-5.00,TPOS_S,-,-,-,-
2026-01-22 12:32:04:003,X,-910906,-15.52,TPOS_S,-,-,-,-
2026-01-22 12:32:08:816,X,-293434,-5.00,TPOS_E,-293546,-5.0000,-112,-0.0019
2026-01-22 12:32:09:240,X,-293434,-5.00,TPOS,-910277,-15.5048,-616843,-10.5067
2026-01-22 12:32:09:428,X,-293434,-5.00,TPOS_S,-,-,-,-
2026-01-22 12:32:12:636,X,-910904,-15.52,TPOS_E,-910277,-15.5048,627,0.0107
2026-01-22 12:32:13:061,X,-910904,-15.52,TPOS,-293546,-5.0000,617358,10.5155
2026-01-22 12:32:13:266,X,-910904,-15.52,TPOS_S,-,-,-,-
2026-01-22 12:32:18:076,X,-293433,-5.00,TPOS_E,-293546,-5.0000,-113,-0.0019
2026-01-22 12:32:18:504,X,-293433,-5.00,TPOS,-910277,-15.5048,-616844,-10.5067
2026-01-22 12:32:18:708,X,-293433,-5.00,TPOS_S,-,-,-,-
2026-01-22 12:32:21:315,Z,-3876347,-44.02,TPOS_E,-3875502,-44.0078,845,0.0096
2026-01-22 12:32:21:741,Z,-3876347,-44.02,TPOS,-440320,-5.0000,3436027,39.0174
2026-01-22 12:32:21:782,X,-910901,-15.52,TPOS_E,-910277,-15.5048,624,0.0106
2026-01-22 12:32:21:846,X,-910901,-15.52,TPOS,-293546,-5.0000,617355,10.5154
2026-01-22 12:32:21:929,Z,-3876347,-44.02,TPOS_S,-,-,-,-
2026-01-22 12:32:22:054,X,-910901,-15.52,TPOS_S,-,-,-,-
2026-01-22 12:32:26:869,X,-293471,-5.00,TPOS_E,-293546,-5.0000,-75,-0.0013
2026-01-22 12:32:27:296,X,-293471,-5.00,TPOS,-910277,-15.5048,-616806,-10.5061
2026-01-22 12:32:27:480,X,-293471,-5.00,TPOS_S,-,-,-,-
2026-01-22 12:32:30:690,X,-910906,-15.52,TPOS_E,-910277,-15.5048,629,0.0107
2026-01-22 12:32:31:117,X,-910906,-15.52,TPOS,-293546,-5.0000,617360,10.5155
2026-01-22 12:32:31:302,X,-910906,-15.52,TPOS_S,-,-,-,-
2026-01-22 12:32:36:110,X,-293431,-5.00,TPOS_E,-293546,-5.0000,-115,-0.0020
2026-01-22 12:32:36:535,X,-293431,-5.00,TPOS,-910277,-15.5048,-616846,-10.5068
2026-01-22 12:32:36:740,X,-293431,-5.00,TPOS_S,-,-,-,-
2026-01-22 12:32:39:347,Z,-440164,-5.00,TPOS_E,-440320,-5.0000,-156,-0.0018
2026-01-22 12:32:39:774,Z,-440164,-5.00,TPOS,-3875502,-44.0078,-3435338,-39.0096
2026-01-22 12:32:39:815,X,-910907,-15.52,TPOS_E,-910277,-15.5048,630,0.0107
2026-01-22 12:32:39:880,X,-910907,-15.52,TPOS,-293546,-5.0000,617361,10.5156
2026-01-22 12:32:39:963,Z,-440164,-5.00,TPOS_S,-,-,-,-
2026-01-22 12:32:40:087,X,-910907,-15.52,TPOS_S,-,-,-,-
2026-01-22 12:32:44:898,X,-293431,-5.00,TPOS_E,-293546,-5.0000,-115,-0.0020
2026-01-22 12:32:45:324,X,-293431,-5.00,TPOS,-910277,-15.5048,-616846,-10.5068
2026-01-22 12:32:45:508,X,-293431,-5.00,TPOS_S,-,-,-,-
2026-01-22 12:32:48:718,X,-910898,-15.52,TPOS_E,-910277,-15.5048,621,0.0106
2026-01-22 12:32:49:142,X,-910898,-15.52,TPOS,-293546,-5.0000,617352,10.5154
2026-01-22 12:32:49:348,X,-910898,-15.52,TPOS_S,-,-,-,-
2026-01-22 12:32:54:159,X,-293445,-5.00,TPOS_E,-293546,-5.0000,-101,-0.0017
2026-01-22 12:32:54:586,X,-293445,-5.00,TPOS,-910277,-15.5048,-616832,-10.5065
2026-01-22 12:32:54:771,X,-293445,-5.00,TPOS_S,-,-,-,-
2026-01-22 12:32:57:579,Z,-3876314,-44.02,TPOS_E,-3875502,-44.0078,812,0.0092
2026-01-22 12:32:57:982,X,-910897,-15.52,TPOS_E,-910277,-15.5048,620,0.0106
2026-01-22 12:32:58:005,Z,-3876314,-44.02,TPOS,-440320,-5.0000,3435994,39.0170
2026-01-22 12:32:58:048,X,-910897,-15.52,TPOS,-293546,-5.0000,617351,10.5154
2026-01-22 12:32:58:192,Z,-3876314,-44.02,TPOS_S,-,-,-,-
2026-01-22 12:32:58:337,X,-910897,-15.52,TPOS_S,-,-,-,-
2026-01-22 12:33:03:149,X,-293433,-5.00,TPOS_E,-293546,-5.0000,-113,-0.0019
2026-01-22 12:33:03:573,X,-293433,-5.00,TPOS,-910277,-15.5048,-616844,-10.5067
2026-01-22 12:33:03:757,X,-293433,-5.00,TPOS_S,-,-,-,-
2026-01-22 12:33:06:967,X,-910911,-15.52,TPOS_E,-910277,-15.5048,634,0.0108
2026-01-22 12:33:07:392,X,-910911,-15.52,TPOS,-293546,-5.0000,617365,10.5156
2026-01-22 12:33:07:577,X,-910911,-15.52,TPOS_S,-,-,-,-
2026-01-22 12:33:12:389,X,-293446,-5.00,TPOS_E,-293546,-5.0000,-100,-0.0017
2026-01-22 12:33:12:813,X,-293446,-5.00,TPOS,-910277,-15.5048,-616831,-10.5065
2026-01-22 12:33:12:999,X,-293446,-5.00,TPOS_S,-,-,-,-
2026-01-22 12:33:15:606,Z,-440158,-5.00,TPOS_E,-440320,-5.0000,-162,-0.0018
2026-01-22 12:33:16:030,Z,-440158,-5.00,TPOS,-3875502,-44.0078,-3435344,-39.0096
2026-01-22 12:33:16:093,X,-910904,-15.52,TPOS_E,-910277,-15.5048,627,0.0107
2026-01-22 12:33:16:159,X,-910904,-15.52,TPOS,-293546,-5.0000,617358,10.5155
2026-01-22 12:33:16:221,Z,-440158,-5.00,TPOS_S,-,-,-,-
2026-01-22 12:33:16:367,X,-910904,-15.52,TPOS_S,-,-,-,-
2026-01-22 12:33:21:180,X,-293435,-5.00,TPOS_E,-293546,-5.0000,-111,-0.0019
2026-01-22 12:33:21:605,X,-293435,-5.00,TPOS,-910277,-15.5048,-616842,-10.5067
2026-01-22 12:33:21:789,X,-293435,-5.00,TPOS_S,-,-,-,-
2026-01-22 12:33:24:999,X,-910898,-15.52,TPOS_E,-910277,-15.5048,621,0.0106
2026-01-22 12:33:25:424,X,-910898,-15.52,TPOS,-293546,-5.0000,617352,10.5154
2026-01-22 12:33:25:628,X,-910898,-15.52,TPOS_S,-,-,-,-
2026-01-22 12:33:30:439,X,-293427,-5.00,TPOS_E,-293546,-5.0000,-119,-0.0020
2026-01-22 12:33:30:864,X,-293427,-5.00,TPOS,-910277,-15.5048,-616850,-10.5068
2026-01-22 12:33:31:050,X,-293427,-5.00,TPOS_S,-,-,-,-
2026-01-22 12:33:33:857,Z,-3876303,-44.02,TPOS_E,-3875502,-44.0078,801,0.0091
2026-01-22 12:33:34:261,X,-910908,-15.52,TPOS_E,-910277,-15.5048,631,0.0107
2026-01-22 12:33:34:284,Z,-3876303,-44.02,TPOS,-440320,-5.0000,3435983,39.0169
2026-01-22 12:33:34:327,X,-910908,-15.52,TPOS,-293546,-5.0000,617362,10.5156
2026-01-22 12:33:34:471,Z,-3876303,-44.02,TPOS_S,-,-,-,-
2026-01-22 12:33:34:595,X,-910908,-15.52,TPOS_S,-,-,-,-
2026-01-22 12:33:39:406,X,-293446,-5.00,TPOS_E,-293546,-5.0000,-100,-0.0017
2026-01-22 12:33:39:833,X,-293446,-5.00,TPOS,-910277,-15.5048,-616831,-10.5065
2026-01-22 12:33:40:039,X,-293446,-5.00,TPOS_S,-,-,-,-
2026-01-22 12:33:43:248,X,-910889,-15.52,TPOS_E,-910277,-15.5048,612,0.0104
2026-01-22 12:33:43:675,X,-910889,-15.52,TPOS,-293546,-5.0000,617343,10.5152
2026-01-22 12:33:43:860,X,-910889,-15.52,TPOS_S,-,-,-,-
2026-01-22 12:33:48:670,X,-293445,-5.00,TPOS_E,-293546,-5.0000,-101,-0.0017
2026-01-22 12:33:49:094,X,-293445,-5.00,TPOS,-910277,-15.5048,-616832,-10.5065
2026-01-22 12:33:49:279,X,-293445,-5.00,TPOS_S,-,-,-,-
2026-01-22 12:33:51:887,Z,-440147,-5.00,TPOS_E,-440320,-5.0000,-173,-0.0020
2026-01-22 12:33:52:314,Z,-440147,-5.00,TPOS,-3875502,-44.0078,-3435355,-39.0098
2026-01-22 12:33:52:355,X,-910906,-15.52,TPOS_E,-910277,-15.5048,629,0.0107
2026-01-22 12:33:52:420,X,-910906,-15.52,TPOS,-293546,-5.0000,617360,10.5155
2026-01-22 12:33:52:503,Z,-440147,-5.00,TPOS_S,-,-,-,-
2026-01-22 12:33:52:626,X,-910906,-15.52,TPOS_S,-,-,-,-
2026-01-22 12:33:57:440,X,-293439,-5.00,TPOS_E,-293546,-5.0000,-107,-0.0018
2026-01-22 12:33:57:865,X,-293439,-5.00,TPOS,-910277,-15.5048,-616838,-10.5066
2026-01-22 12:33:58:050,X,-293439,-5.00,TPOS_S,-,-,-,-
2026-01-22 12:34:01:260,X,-910889,-15.52,TPOS_E,-910277,-15.5048,612,0.0104
2026-01-22 12:34:01:685,X,-910889,-15.52,TPOS,-293546,-5.0000,617343,10.5152
2026-01-22 12:34:01:869,X,-910889,-15.52,TPOS_S,-,-,-,-
2026-01-22 12:34:06:683,X,-293440,-5.00,TPOS_E,-293546,-5.0000,-106,-0.0018
2026-01-22 12:34:07:107,X,-293440,-5.00,TPOS,-910277,-15.5048,-616837,-10.5066
2026-01-22 12:34:07:293,X,-293440,-5.00,TPOS_S,-,-,-,-
2026-01-22 12:34:10:103,Z,-3876318,-44.02,TPOS_E,-3875502,-44.0078,816,0.0093
2026-01-22 12:34:10:509,X,-910906,-15.52,TPOS_E,-910277,-15.5048,629,0.0107
2026-01-22 12:34:10:533,Z,-3876318,-44.02,TPOS,-440320,-5.0000,3435998,39.0171
2026-01-22 12:34:10:578,X,-910906,-15.52,TPOS,-293546,-5.0000,617360,10.5155
2026-01-22 12:34:10:722,Z,-3876318,-44.02,TPOS_S,-,-,-,-
2026-01-22 12:34:10:845,X,-910906,-15.52,TPOS_S,-,-,-,-
2026-01-22 12:34:15:657,X,-293455,-5.00,TPOS_E,-293546,-5.0000,-91,-0.0016
2026-01-22 12:34:16:083,X,-293455,-5.00,TPOS,-910277,-15.5048,-616822,-10.5064
2026-01-22 12:34:16:268,X,-293455,-5.00,TPOS_S,-,-,-,-
2026-01-22 12:34:19:476,X,-910896,-15.52,TPOS_E,-910277,-15.5048,619,0.0105
2026-01-22 12:34:19:901,X,-910896,-15.52,TPOS,-293546,-5.0000,617350,10.5154
2026-01-22 12:34:20:084,X,-910896,-15.52,TPOS_S,-,-,-,-
2026-01-22 12:34:24:896,X,-293430,-5.00,TPOS_E,-293546,-5.0000,-116,-0.0020
2026-01-22 12:34:25:320,X,-293430,-5.00,TPOS,-910277,-15.5048,-616847,-10.5068
2026-01-22 12:34:25:507,X,-293430,-5.00,TPOS_S,-,-,-,-
2026-01-22 12:34:28:114,Z,-440139,-5.00,TPOS_E,-440320,-5.0000,-181,-0.0021
2026-01-22 12:34:28:543,Z,-440139,-5.00,TPOS,-3875502,-44.0078,-3435363,-39.0098
2026-01-22 12:34:28:584,X,-910900,-15.52,TPOS_E,-910277,-15.5048,623,0.0106
2026-01-22 12:34:28:649,X,-910900,-15.52,TPOS,-293546,-5.0000,617354,10.5154
2026-01-22 12:34:28:731,Z,-440139,-5.00,TPOS_S,-,-,-,-
2026-01-22 12:34:28:855,X,-910900,-15.52,TPOS_S,-,-,-,-
2026-01-22 12:34:33:668,X,-293433,-5.00,TPOS_E,-293546,-5.0000,-113,-0.0019
2026-01-22 12:34:34:095,X,-293433,-5.00,TPOS,-910277,-15.5048,-616844,-10.5067
2026-01-22 12:34:34:301,X,-293433,-5.00,TPOS_S,-,-,-,-
2026-01-22 12:34:37:509,X,-910891,-15.52,TPOS_E,-910277,-15.5048,614,0.0105
2026-01-22 12:34:37:934,X,-910891,-15.52,TPOS,-293546,-5.0000,617345,10.5153
2026-01-22 12:34:38:119,X,-910891,-15.52,TPOS_S,-,-,-,-
2026-01-22 12:34:42:933,X,-293433,-5.00,TPOS_E,-293546,-5.0000,-113,-0.0019
2026-01-22 12:34:43:358,X,-293433,-5.00,TPOS,-910277,-15.5048,-616844,-10.5067
2026-01-22 12:34:43:543,X,-293433,-5.00,TPOS_S,-,-,-,-
2026-01-22 12:34:46:351,Z,-3876306,-44.02,TPOS_E,-3875502,-44.0078,804,0.0091
2026-01-22 12:34:46:755,X,-910904,-15.52,TPOS_E,-910277,-15.5048,627,0.0107
2026-01-22 12:34:46:777,Z,-3876306,-44.02,TPOS,-440320,-5.0000,3435986,39.0169
2026-01-22 12:34:46:821,X,-910904,-15.52,TPOS,-293546,-5.0000,617358,10.5155
2026-01-22 12:34:46:944,Z,-3876306,-44.02,TPOS_S,-,-,-,-
2026-01-22 12:34:47:089,X,-910904,-15.52,TPOS_S,-,-,-,-
2026-01-22 12:34:51:902,X,-293444,-5.00,TPOS_E,-293546,-5.0000,-102,-0.0017
2026-01-22 12:34:52:326,X,-293444,-5.00,TPOS,-910277,-15.5048,-616833,-10.5066
2026-01-22 12:34:52:511,X,-293444,-5.00,TPOS_S,-,-,-,-
2026-01-22 12:34:55:720,X,-910897,-15.52,TPOS_E,-910277,-15.5048,620,0.0106
2026-01-22 12:34:56:145,X,-910897,-15.52,TPOS,-293546,-5.0000,617351,10.5154
2026-01-22 12:34:56:330,X,-910897,-15.52,TPOS_S,-,-,-,-
2026-01-22 12:35:01:141,X,-293430,-5.00,TPOS_E,-293546,-5.0000,-116,-0.0020
2026-01-22 12:35:01:566,X,-293430,-5.00,TPOS,-910277,-15.5048,-616847,-10.5068
2026-01-22 12:35:01:750,X,-293430,-5.00,TPOS_S,-,-,-,-
2026-01-22 12:35:04:357,Z,-440144,-5.00,TPOS_E,-440320,-5.0000,-176,-0.0020
2026-01-22 12:35:04:783,Z,-440144,-5.00,TPOS,-3875502,-44.0078,-3435358,-39.0098
2026-01-22 12:35:04:845,X,-910901,-15.52,TPOS_E,-910277,-15.5048,624,0.0106
2026-01-22 12:35:04:910,X,-910901,-15.52,TPOS,-293546,-5.0000,617355,10.5154
2026-01-22 12:35:04:972,Z,-440144,-5.00,TPOS_S,-,-,-,-
2026-01-22 12:35:05:099,X,-910901,-15.52,TPOS_S,-,-,-,-
2026-01-22 12:35:09:912,X,-293455,-5.00,TPOS_E,-293546,-5.0000,-91,-0.0016
2026-01-22 12:35:10:337,X,-293455,-5.00,TPOS,-910277,-15.5048,-616822,-10.5064
2026-01-22 12:35:10:523,X,-293455,-5.00,TPOS_S,-,-,-,-
2026-01-22 12:35:13:735,X,-910899,-15.52,TPOS_E,-910277,-15.5048,622,0.0106
2026-01-22 12:35:14:160,X,-910899,-15.52,TPOS,-293546,-5.0000,617353,10.5154
2026-01-22 12:35:14:344,X,-910899,-15.52,TPOS_S,-,-,-,-
2026-01-22 12:35:19:158,X,-293444,-5.00,TPOS_E,-293546,-5.0000,-102,-0.0017
2026-01-22 12:35:19:583,X,-293444,-5.00,TPOS,-910277,-15.5048,-616833,-10.5066
2026-01-22 12:35:19:769,X,-293444,-5.00,TPOS_S,-,-,-,-
2026-01-22 12:35:22:577,Z,-3876338,-44.02,TPOS_E,-3875502,-44.0078,836,0.0095
2026-01-22 12:35:22:980,X,-910899,-15.52,TPOS_E,-910277,-15.5048,622,0.0106
2026-01-22 12:35:23:003,Z,-3876338,-44.02,TPOS,-440320,-5.0000,3436018,39.0173
2026-01-22 12:35:23:046,X,-910899,-15.52,TPOS,-293546,-5.0000,617353,10.5154
2026-01-22 12:35:23:189,Z,-3876338,-44.02,TPOS_S,-,-,-,-
2026-01-22 12:35:23:334,X,-910899,-15.52,TPOS_S,-,-,-,-
2026-01-22 12:35:28:144,X,-293428,-5.00,TPOS_E,-293546,-5.0000,-118,-0.0020
2026-01-22 12:35:28:569,X,-293428,-5.00,TPOS,-910277,-15.5048,-616849,-10.5068
2026-01-22 12:35:28:753,X,-293428,-5.00,TPOS_S,-,-,-,-
2026-01-22 12:35:31:962,X,-910898,-15.52,TPOS_E,-910277,-15.5048,621,0.0106
2026-01-22 12:35:32:388,X,-910898,-15.52,TPOS,-293546,-5.0000,617352,10.5154
2026-01-22 12:35:32:573,X,-910898,-15.52,TPOS_S,-,-,-,-
2026-01-22 12:35:37:383,X,-293428,-5.00,TPOS_E,-293546,-5.0000,-118,-0.0020
2026-01-22 12:35:37:807,X,-293428,-5.00,TPOS,-910277,-15.5048,-616849,-10.5068
2026-01-22 12:35:38:011,X,-293428,-5.00,TPOS_S,-,-,-,-
2026-01-22 12:35:40:618,Z,-440145,-5.00,TPOS_E,-440320,-5.0000,-175,-0.0020
2026-01-22 12:35:41:044,Z,-440145,-5.00,TPOS,-3875502,-44.0078,-3435357,-39.0098
2026-01-22 12:35:41:085,X,-910907,-15.52,TPOS_E,-910277,-15.5048,630,0.0107
2026-01-22 12:35:41:150,X,-910907,-15.52,TPOS,-293546,-5.0000,617361,10.5156
2026-01-22 12:35:41:234,Z,-440145,-5.00,TPOS_S,-,-,-,-
2026-01-22 12:35:41:358,X,-910907,-15.52,TPOS_S,-,-,-,-
2026-01-22 12:35:46:169,X,-293448,-5.00,TPOS_E,-293546,-5.0000,-98,-0.0017
2026-01-22 12:35:46:593,X,-293448,-5.00,TPOS,-910277,-15.5048,-616829,-10.5065
2026-01-22 12:35:46:778,X,-293448,-5.00,TPOS_S,-,-,-,-
2026-01-22 12:35:49:987,X,-910904,-15.52,TPOS_E,-910277,-15.5048,627,0.0107
2026-01-22 12:35:50:412,X,-910904,-15.52,TPOS,-293546,-5.0000,617358,10.5155
2026-01-22 12:35:50:618,X,-910904,-15.52,TPOS_S,-,-,-,-
2026-01-22 12:35:55:429,X,-293459,-5.00,TPOS_E,-293546,-5.0000,-87,-0.0015
2026-01-22 12:35:55:854,X,-293459,-5.00,TPOS,-910277,-15.5048,-616818,-10.5063
2026-01-22 12:35:56:039,X,-293459,-5.00,TPOS_S,-,-,-,-
2026-01-22 12:35:58:847,Z,-3876331,-44.02,TPOS_E,-3875502,-44.0078,829,0.0094
2026-01-22 12:35:59:249,X,-910885,-15.52,TPOS_E,-910277,-15.5048,608,0.0104
2026-01-22 12:35:59:271,Z,-3876331,-44.02,TPOS,-440320,-5.0000,3436011,39.0172
2026-01-22 12:35:59:314,X,-910885,-15.52,TPOS,-293546,-5.0000,617339,10.5152
2026-01-22 12:35:59:458,Z,-3876331,-44.02,TPOS_S,-,-,-,-
2026-01-22 12:35:59:602,X,-910885,-15.52,TPOS_S,-,-,-,-
2026-01-22 12:36:04:414,X,-293442,-5.00,TPOS_E,-293546,-5.0000,-104,-0.0018
2026-01-22 12:36:04:839,X,-293442,-5.00,TPOS,-910277,-15.5048,-616835,-10.5066
2026-01-22 12:36:05:024,X,-293442,-5.00,TPOS_S,-,-,-,-
2026-01-22 12:36:08:234,X,-910892,-15.52,TPOS_E,-910277,-15.5048,615,0.0105
2026-01-22 12:36:08:661,X,-910892,-15.52,TPOS,-293546,-5.0000,617346,10.5153
2026-01-22 12:36:08:846,X,-910892,-15.52,TPOS_S,-,-,-,-
2026-01-22 12:36:13:657,X,-293455,-5.00,TPOS_E,-293546,-5.0000,-91,-0.0016
2026-01-22 12:36:14:084,X,-293455,-5.00,TPOS,-910277,-15.5048,-616822,-10.5064
2026-01-22 12:36:14:269,X,-293455,-5.00,TPOS_S,-,-,-,-
2026-01-22 12:36:16:877,Z,-440158,-5.00,TPOS_E,-440320,-5.0000,-162,-0.0018
2026-01-22 12:36:17:304,Z,-440158,-5.00,TPOS,-3875502,-44.0078,-3435344,-39.0096
2026-01-22 12:36:17:368,X,-910896,-15.52,TPOS_E,-910277,-15.5048,619,0.0105
2026-01-22 12:36:17:434,X,-910896,-15.52,TPOS,-293546,-5.0000,617350,10.5154
2026-01-22 12:36:17:496,Z,-440158,-5.00,TPOS_S,-,-,-,-
2026-01-22 12:36:17:620,X,-910896,-15.52,TPOS_S,-,-,-,-
2026-01-22 12:36:22:435,X,-293437,-5.00,TPOS_E,-293546,-5.0000,-109,-0.0019
2026-01-22 12:36:22:858,X,-293437,-5.00,TPOS,-910277,-15.5048,-616840,-10.5067
2026-01-22 12:36:23:044,X,-293437,-5.00,TPOS_S,-,-,-,-
2026-01-22 12:36:26:253,X,-910891,-15.52,TPOS_E,-910277,-15.5048,614,0.0105
2026-01-22 12:36:26:681,X,-910891,-15.52,TPOS,-293546,-5.0000,617345,10.5153
2026-01-22 12:36:26:865,X,-910891,-15.52,TPOS_S,-,-,-,-
2026-01-22 12:36:31:676,X,-293436,-5.00,TPOS_E,-293546,-5.0000,-110,-0.0019
2026-01-22 12:36:32:102,X,-293436,-5.00,TPOS,-910277,-15.5048,-616841,-10.5067
2026-01-22 12:36:32:287,X,-293436,-5.00,TPOS_S,-,-,-,-
2026-01-22 12:36:35:093,Z,-3876310,-44.02,TPOS_E,-3875502,-44.0078,808,0.0092
2026-01-22 12:36:35:497,X,-910887,-15.52,TPOS_E,-910277,-15.5048,610,0.0104
2026-01-22 12:36:35:519,Z,-3876310,-44.02,TPOS,-440320,-5.0000,3435990,39.0170
2026-01-22 12:36:35:562,X,-910887,-15.52,TPOS,-293546,-5.0000,617341,10.5152
2026-01-22 12:36:35:706,Z,-3876310,-44.02,TPOS_S,-,-,-,-
2026-01-22 12:36:35:830,X,-910887,-15.52,TPOS_S,-,-,-,-
2026-01-22 12:36:40:642,X,-293437,-5.00,TPOS_E,-293546,-5.0000,-109,-0.0019
2026-01-22 12:36:41:066,X,-293437,-5.00,TPOS,-910277,-15.5048,-616840,-10.5067
2026-01-22 12:36:41:251,X,-293437,-5.00,TPOS_S,-,-,-,-
2026-01-22 12:36:44:460,X,-910892,-15.52,TPOS_E,-910277,-15.5048,615,0.0105
2026-01-22 12:36:44:885,X,-910892,-15.52,TPOS,-293546,-5.0000,617346,10.5153
2026-01-22 12:36:45:070,X,-910892,-15.52,TPOS_S,-,-,-,-
2026-01-22 12:36:49:883,X,-293451,-5.00,TPOS_E,-293546,-5.0000,-95,-0.0016
2026-01-22 12:36:50:307,X,-293451,-5.00,TPOS,-910277,-15.5048,-616826,-10.5064
2026-01-22 12:36:50:492,X,-293451,-5.00,TPOS_S,-,-,-,-
2026-01-22 12:36:53:099,Z,-440157,-5.00,TPOS_E,-440320,-5.0000,-163,-0.0019
2026-01-22 12:36:53:523,Z,-440157,-5.00,TPOS,-3875502,-44.0078,-3435345,-39.0096
2026-01-22 12:36:53:587,X,-910893,-15.52,TPOS_E,-910277,-15.5048,616,0.0105
2026-01-22 12:36:53:652,X,-910893,-15.52,TPOS,-293546,-5.0000,617347,10.5153
2026-01-22 12:36:53:714,Z,-440157,-5.00,TPOS_S,-,-,-,-
2026-01-22 12:36:53:839,X,-910893,-15.52,TPOS_S,-,-,-,-
2026-01-22 12:36:58:651,X,-293439,-5.00,TPOS_E,-293546,-5.0000,-107,-0.0018
2026-01-22 12:36:59:075,X,-293439,-5.00,TPOS,-910277,-15.5048,-616838,-10.5066
2026-01-22 12:36:59:262,X,-293439,-5.00,TPOS_S,-,-,-,-
2026-01-22 12:37:02:471,X,-910891,-15.52,TPOS_E,-910277,-15.5048,614,0.0105
2026-01-22 12:37:02:896,X,-910891,-15.52,TPOS,-293546,-5.0000,617345,10.5153
2026-01-22 12:37:03:079,X,-910891,-15.52,TPOS_S,-,-,-,-
2026-01-22 12:37:07:891,X,-293449,-5.00,TPOS_E,-293546,-5.0000,-97,-0.0017
2026-01-22 12:37:08:316,X,-293449,-5.00,TPOS,-910277,-15.5048,-616828,-10.5065
2026-01-22 12:37:08:501,X,-293449,-5.00,TPOS_S,-,-,-,-
2026-01-22 12:37:11:308,Z,-3876282,-44.02,TPOS_E,-3875502,-44.0078,780,0.0089
2026-01-22 12:37:11:713,X,-910884,-15.52,TPOS_E,-910277,-15.5048,607,0.0103
2026-01-22 12:37:11:735,Z,-3876282,-44.02,TPOS,-440320,-5.0000,3435962,39.0166
2026-01-22 12:37:11:778,X,-910884,-15.52,TPOS,-293546,-5.0000,617338,10.5152
2026-01-22 12:37:11:922,Z,-3876282,-44.02,TPOS_S,-,-,-,-
2026-01-22 12:37:12:065,X,-910884,-15.52,TPOS_S,-,-,-,-
2026-01-22 12:37:16:877,X,-293437,-5.00,TPOS_E,-293546,-5.0000,-109,-0.0019
2026-01-22 12:37:17:301,X,-293437,-5.00,TPOS,-910277,-15.5048,-616840,-10.5067
2026-01-22 12:37:17:489,X,-293437,-5.00,TPOS_S,-,-,-,-
2026-01-22 12:37:20:700,X,-910894,-15.52,TPOS_E,-910277,-15.5048,617,0.0105
2026-01-22 12:37:21:125,X,-910894,-15.52,TPOS,-293546,-5.0000,617348,10.5153
2026-01-22 12:37:21:310,X,-910894,-15.52,TPOS_S,-,-,-,-
2026-01-22 12:37:26:121,X,-293440,-5.00,TPOS_E,-293546,-5.0000,-106,-0.0018
2026-01-22 12:37:26:545,X,-293440,-5.00,TPOS,-910277,-15.5048,-616837,-10.5066
2026-01-22 12:37:26:729,X,-293440,-5.00,TPOS_S,-,-,-,-
2026-01-22 12:37:29:339,Z,-440158,-5.00,TPOS_E,-440320,-5.0000,-162,-0.0018
2026-01-22 12:37:29:764,Z,-440158,-5.00,TPOS,-3875502,-44.0078,-3435344,-39.0096
2026-01-22 12:37:29:829,X,-910904,-15.52,TPOS_E,-910277,-15.5048,627,0.0107
2026-01-22 12:37:29:894,X,-910904,-15.52,TPOS,-293546,-5.0000,617358,10.5155
2026-01-22 12:37:29:935,Z,-440158,-5.00,TPOS_S,-,-,-,-
2026-01-22 12:37:30:099,X,-910904,-15.52,TPOS_S,-,-,-,-
2026-01-22 12:37:34:913,X,-293443,-5.00,TPOS_E,-293546,-5.0000,-103,-0.0018
2026-01-22 12:37:35:338,X,-293443,-5.00,TPOS,-910277,-15.5048,-616834,-10.5066
2026-01-22 12:37:35:543,X,-293443,-5.00,TPOS_S,-,-,-,-
2026-01-22 12:37:38:753,X,-910906,-15.52,TPOS_E,-910277,-15.5048,629,0.0107
2026-01-22 12:37:39:177,X,-910906,-15.52,TPOS,-293546,-5.0000,617360,10.5155
2026-01-22 12:37:39:362,X,-910906,-15.52,TPOS_S,-,-,-,-
2026-01-22 12:37:44:173,X,-293454,-5.00,TPOS_E,-293546,-5.0000,-92,-0.0016
2026-01-22 12:37:44:602,X,-293454,-5.00,TPOS,-910277,-15.5048,-616823,-10.5064
2026-01-22 12:37:44:786,X,-293454,-5.00,TPOS_S,-,-,-,-
2026-01-22 12:37:47:593,Z,-3876305,-44.02,TPOS_E,-3875502,-44.0078,803,0.0091
2026-01-22 12:37:47:997,X,-910900,-15.52,TPOS_E,-910277,-15.5048,623,0.0106
2026-01-22 12:37:48:019,Z,-3876305,-44.02,TPOS,-440320,-5.0000,3435985,39.0169
2026-01-22 12:37:48:061,X,-910900,-15.52,TPOS,-293546,-5.0000,617354,10.5154
2026-01-22 12:37:48:184,Z,-3876305,-44.02,TPOS_S,-,-,-,-
2026-01-22 12:37:48:329,X,-910900,-15.52,TPOS_S,-,-,-,-
2026-01-22 12:37:53:140,X,-293444,-5.00,TPOS_E,-293546,-5.0000,-102,-0.0017
2026-01-22 12:37:53:565,X,-293444,-5.00,TPOS,-910277,-15.5048,-616833,-10.5066
2026-01-22 12:37:53:748,X,-293444,-5.00,TPOS_S,-,-,-,-
2026-01-22 12:37:56:959,X,-910897,-15.52,TPOS_E,-910277,-15.5048,620,0.0106
2026-01-22 12:37:57:384,X,-910897,-15.52,TPOS,-293546,-5.0000,617351,10.5154
2026-01-22 12:37:57:549,X,-910897,-15.52,TPOS_S,-,-,-,-
2026-01-22 12:38:02:359,X,-293448,-5.00,TPOS_E,-293546,-5.0000,-98,-0.0017
2026-01-22 12:38:02:783,X,-293448,-5.00,TPOS,-910277,-15.5048,-616829,-10.5065
2026-01-22 12:38:02:968,X,-293448,-5.00,TPOS_S,-,-,-,-
2026-01-22 12:38:05:775,Z,-440156,-5.00,TPOS_E,-440320,-5.0000,-164,-0.0019
2026-01-22 12:38:06:178,X,-910892,-15.52,TPOS_E,-910277,-15.5048,615,0.0105
2026-01-22 12:38:06:200,Z,-440156,-5.00,TPOS,-3875502,-44.0078,-3435346,-39.0097
2026-01-22 12:38:06:243,X,-910892,-15.52,TPOS,-293546,-5.0000,617346,10.5153
2026-01-22 12:38:06:386,Z,-440156,-5.00,TPOS_S,-,-,-,-
2026-01-22 12:38:06:510,X,-910892,-15.52,TPOS_S,-,-,-,-
2026-01-22 12:38:11:323,X,-293439,-5.00,TPOS_E,-293546,-5.0000,-107,-0.0018
2026-01-22 12:38:11:750,X,-293439,-5.00,TPOS,-910277,-15.5048,-616838,-10.5066
2026-01-22 12:38:11:955,X,-293439,-5.00,TPOS_S,-,-,-,-
2026-01-22 12:38:15:165,X,-910898,-15.52,TPOS_E,-910277,-15.5048,621,0.0106
2026-01-22 12:38:15:589,X,-910898,-15.52,TPOS,-293546,-5.0000,617352,10.5154
2026-01-22 12:38:15:773,X,-910898,-15.52,TPOS_S,-,-,-,-
2026-01-22 12:38:20:585,X,-293441,-5.00,TPOS_E,-293546,-5.0000,-105,-0.0018
2026-01-22 12:38:21:011,X,-293441,-5.00,TPOS,-910277,-15.5048,-616836,-10.5066
2026-01-22 12:38:21:196,X,-293441,-5.00,TPOS_S,-,-,-,-
2026-01-22 12:38:24:005,Z,-3876322,-44.02,TPOS_E,-3875502,-44.0078,820,0.0093
2026-01-22 12:38:24:408,X,-910894,-15.52,TPOS_E,-910277,-15.5048,617,0.0105
2026-01-22 12:38:24:431,Z,-3876322,-44.02,TPOS,-440320,-5.0000,3436002,39.0171
2026-01-22 12:38:24:474,X,-910894,-15.52,TPOS,-293546,-5.0000,617348,10.5153
2026-01-22 12:38:24:618,Z,-3876322,-44.02,TPOS_S,-,-,-,-
2026-01-22 12:38:24:742,X,-910894,-15.52,TPOS_S,-,-,-,-
2026-01-22 12:38:29:556,X,-293453,-5.00,TPOS_E,-293546,-5.0000,-93,-0.0016
2026-01-22 12:38:29:983,X,-293453,-5.00,TPOS,-910277,-15.5048,-616824,-10.5064
2026-01-22 12:38:30:169,X,-293453,-5.00,TPOS_S,-,-,-,-
2026-01-22 12:38:33:377,X,-910883,-15.52,TPOS_E,-910277,-15.5048,606,0.0103
2026-01-22 12:38:33:804,X,-910883,-15.52,TPOS,-293546,-5.0000,617337,10.5151
2026-01-22 12:38:33:989,X,-910883,-15.52,TPOS_S,-,-,-,-
2026-01-22 12:38:38:800,X,-293448,-5.00,TPOS_E,-293546,-5.0000,-98,-0.0017
2026-01-22 12:38:39:227,X,-293448,-5.00,TPOS,-910277,-15.5048,-616829,-10.5065
2026-01-22 12:38:39:411,X,-293448,-5.00,TPOS_S,-,-,-,-
2026-01-22 12:38:42:022,Z,-440161,-5.00,TPOS_E,-440320,-5.0000,-159,-0.0018
2026-01-22 12:38:42:449,Z,-440161,-5.00,TPOS,-3875502,-44.0078,-3435341,-39.0096
2026-01-22 12:38:42:510,X,-910900,-15.52,TPOS_E,-910277,-15.5048,623,0.0106
2026-01-22 12:38:42:574,X,-910900,-15.52,TPOS,-293546,-5.0000,617354,10.5154
2026-01-22 12:38:42:636,Z,-440161,-5.00,TPOS_S,-,-,-,-
2026-01-22 12:38:42:761,X,-910900,-15.52,TPOS_S,-,-,-,-
2026-01-22 12:38:47:573,X,-293453,-5.00,TPOS_E,-293546,-5.0000,-93,-0.0016
2026-01-22 12:38:47:997,X,-293453,-5.00,TPOS,-910277,-15.5048,-616824,-10.5064
2026-01-22 12:38:48:182,X,-293453,-5.00,TPOS_S,-,-,-,-
2026-01-22 12:38:51:391,X,-910892,-15.52,TPOS_E,-910277,-15.5048,615,0.0105
2026-01-22 12:38:51:816,X,-910892,-15.52,TPOS,-293546,-5.0000,617346,10.5153
2026-01-22 12:38:52:021,X,-910892,-15.52,TPOS_S,-,-,-,-
2026-01-22 12:38:56:832,X,-293449,-5.00,TPOS_E,-293546,-5.0000,-97,-0.0017
2026-01-22 12:38:57:256,X,-293449,-5.00,TPOS,-910277,-15.5048,-616828,-10.5065
2026-01-22 12:38:57:442,X,-293449,-5.00,TPOS_S,-,-,-,-
2026-01-22 12:39:00:249,Z,-3876320,-44.02,TPOS_E,-3875502,-44.0078,818,0.0093
2026-01-22 12:39:00:653,X,-910904,-15.52,TPOS_E,-910277,-15.5048,627,0.0107
2026-01-22 12:39:00:675,Z,-3876320,-44.02,TPOS,-440320,-5.0000,3436000,39.0171
2026-01-22 12:39:00:719,X,-910904,-15.52,TPOS,-293546,-5.0000,617358,10.5155
2026-01-22 12:39:00:863,Z,-3876320,-44.02,TPOS_S,-,-,-,-
2026-01-22 12:39:01:007,X,-910904,-15.52,TPOS_S,-,-,-,-
2026-01-22 12:39:05:818,X,-293444,-5.00,TPOS_E,-293546,-5.0000,-102,-0.0017
2026-01-22 12:39:06:242,X,-293444,-5.00,TPOS,-910277,-15.5048,-616833,-10.5066
2026-01-22 12:39:06:406,X,-293444,-5.00,TPOS_S,-,-,-,-
2026-01-22 12:39:09:615,X,-910895,-15.52,TPOS_E,-910277,-15.5048,618,0.0105
2026-01-22 12:39:10:041,X,-910895,-15.52,TPOS,-293546,-5.0000,617349,10.5153
2026-01-22 12:39:10:226,X,-910895,-15.52,TPOS_S,-,-,-,-
2026-01-22 12:39:15:040,X,-293457,-5.00,TPOS_E,-293546,-5.0000,-89,-0.0015
2026-01-22 12:39:15:469,X,-293457,-5.00,TPOS,-910277,-15.5048,-616820,-10.5063
2026-01-22 12:39:15:653,X,-293457,-5.00,TPOS_S,-,-,-,-
2026-01-22 12:39:18:260,Z,-440166,-5.00,TPOS_E,-440320,-5.0000,-154,-0.0017
2026-01-22 12:39:18:686,Z,-440166,-5.00,TPOS,-3875502,-44.0078,-3435336,-39.0095
2026-01-22 12:39:18:749,X,-910892,-15.52,TPOS_E,-910277,-15.5048,615,0.0105
2026-01-22 12:39:18:814,X,-910892,-15.52,TPOS,-293546,-5.0000,617346,10.5153
2026-01-22 12:39:18:876,Z,-440166,-5.00,TPOS_S,-,-,-,-
2026-01-22 12:39:19:000,X,-910892,-15.52,TPOS_S,-,-,-,-
2026-01-22 12:39:23:812,X,-293447,-5.00,TPOS_E,-293546,-5.0000,-99,-0.0017
2026-01-22 12:39:24:237,X,-293447,-5.00,TPOS,-910277,-15.5048,-616830,-10.5065
2026-01-22 12:39:24:442,X,-293447,-5.00,TPOS_S,-,-,-,-
2026-01-22 12:39:27:650,X,-910890,-15.52,TPOS_E,-910277,-15.5048,613,0.0104
2026-01-22 12:39:28:075,X,-910890,-15.52,TPOS,-293546,-5.0000,617344,10.5153
2026-01-22 12:39:28:260,X,-910890,-15.52,TPOS_S,-,-,-,-
2026-01-22 12:39:33:075,X,-293451,-5.00,TPOS_E,-293546,-5.0000,-95,-0.0016
2026-01-22 12:39:33:500,X,-293451,-5.00,TPOS,-910277,-15.5048,-616826,-10.5064
2026-01-22 12:39:33:683,X,-293451,-5.00,TPOS_S,-,-,-,-
2026-01-22 12:39:36:491,Z,-3876338,-44.02,TPOS_E,-3875502,-44.0078,836,0.0095
2026-01-22 12:39:36:898,X,-910892,-15.52,TPOS_E,-910277,-15.5048,615,0.0105
2026-01-22 12:39:36:919,Z,-3876338,-44.02,TPOS,-440320,-5.0000,3436018,39.0173
2026-01-22 12:39:36:964,X,-910892,-15.52,TPOS,-293546,-5.0000,617346,10.5153
2026-01-22 12:39:37:109,Z,-3876338,-44.02,TPOS_S,-,-,-,-
2026-01-22 12:39:37:234,X,-910892,-15.52,TPOS_S,-,-,-,-
2026-01-22 12:39:42:047,X,-293437,-5.00,TPOS_E,-293546,-5.0000,-109,-0.0019
2026-01-22 12:39:42:473,X,-293437,-5.00,TPOS,-910277,-15.5048,-616840,-10.5067
2026-01-22 12:39:42:678,X,-293437,-5.00,TPOS_S,-,-,-,-
2026-01-22 12:39:45:887,X,-910885,-15.52,TPOS_E,-910277,-15.5048,608,0.0104
2026-01-22 12:39:46:312,X,-910885,-15.52,TPOS,-293546,-5.0000,617339,10.5152
2026-01-22 12:39:46:496,X,-910885,-15.52,TPOS_S,-,-,-,-
2026-01-22 12:39:51:309,X,-293448,-5.00,TPOS_E,-293546,-5.0000,-98,-0.0017
2026-01-22 12:39:51:734,X,-293448,-5.00,TPOS,-910277,-15.5048,-616829,-10.5065
2026-01-22 12:39:51:939,X,-293448,-5.00,TPOS_S,-,-,-,-
2026-01-22 12:39:54:546,Z,-440152,-5.00,TPOS_E,-440320,-5.0000,-168,-0.0019
2026-01-22 12:39:54:975,Z,-440152,-5.00,TPOS,-3875502,-44.0078,-3435350,-39.0097
2026-01-22 12:39:55:037,X,-910907,-15.52,TPOS_E,-910277,-15.5048,630,0.0107
2026-01-22 12:39:55:101,X,-910907,-15.52,TPOS,-293546,-5.0000,617361,10.5156
2026-01-22 12:39:55:184,Z,-440152,-5.00,TPOS_S,-,-,-,-
2026-01-22 12:39:55:309,X,-910907,-15.52,TPOS_S,-,-,-,-
2026-01-22 12:40:00:119,X,-293460,-5.00,TPOS_E,-293546,-5.0000,-86,-0.0015
2026-01-22 12:40:00:543,X,-293460,-5.00,TPOS,-910277,-15.5048,-616817,-10.5063
2026-01-22 12:40:00:727,X,-293460,-5.00,TPOS_S,-,-,-,-
2026-01-22 12:40:03:937,X,-910879,-15.52,TPOS_E,-910277,-15.5048,602,0.0103
2026-01-22 12:40:04:361,X,-910879,-15.52,TPOS,-293546,-5.0000,617333,10.5151
2026-01-22 12:40:04:546,X,-910879,-15.52,TPOS_S,-,-,-,-
2026-01-22 12:40:09:356,X,-293449,-5.00,TPOS_E,-293546,-5.0000,-97,-0.0017
2026-01-22 12:40:09:782,X,-293449,-5.00,TPOS,-910277,-15.5048,-616828,-10.5065
2026-01-22 12:40:09:946,X,-293449,-5.00,TPOS_S,-,-,-,-
2026-01-22 12:40:12:754,Z,-3876327,-44.02,TPOS_E,-3875502,-44.0078,825,0.0094
2026-01-22 12:40:13:160,X,-910883,-15.52,TPOS_E,-910277,-15.5048,606,0.0103
2026-01-22 12:40:13:182,Z,-3876327,-44.02,TPOS,-440320,-5.0000,3436007,39.0172
2026-01-22 12:40:13:226,X,-910883,-15.52,TPOS,-293546,-5.0000,617337,10.5151
2026-01-22 12:40:13:369,Z,-3876327,-44.02,TPOS_S,-,-,-,-
2026-01-22 12:40:13:492,X,-910883,-15.52,TPOS_S,-,-,-,-
2026-01-22 12:40:18:306,X,-293457,-5.00,TPOS_E,-293546,-5.0000,-89,-0.0015
2026-01-22 12:40:18:730,X,-293457,-5.00,TPOS,-910277,-15.5048,-616820,-10.5063
2026-01-22 12:40:18:914,X,-293457,-5.00,TPOS_S,-,-,-,-
2026-01-22 12:40:22:123,X,-910884,-15.52,TPOS_E,-910277,-15.5048,607,0.0103
2026-01-22 12:40:22:547,X,-910884,-15.52,TPOS,-293546,-5.0000,617338,10.5152
2026-01-22 12:40:22:733,X,-910884,-15.52,TPOS_S,-,-,-,-
2026-01-22 12:40:27:543,X,-293461,-5.00,TPOS_E,-293546,-5.0000,-85,-0.0014
2026-01-22 12:40:27:967,X,-293461,-5.00,TPOS,-910277,-15.5048,-616816,-10.5063
2026-01-22 12:40:28:153,X,-293461,-5.00,TPOS_S,-,-,-,-
2026-01-22 12:40:30:961,Z,-440162,-5.00,TPOS_E,-440320,-5.0000,-158,-0.0018
2026-01-22 12:40:31:365,X,-910887,-15.52,TPOS_E,-910277,-15.5048,610,0.0104
2026-01-22 12:40:31:388,Z,-440162,-5.00,TPOS,-3875502,-44.0078,-3435340,-39.0096
2026-01-22 12:40:31:431,X,-910887,-15.52,TPOS,-293546,-5.0000,617341,10.5152
2026-01-22 12:40:31:575,Z,-440162,-5.00,TPOS_S,-,-,-,-
2026-01-22 12:40:31:700,X,-910887,-15.52,TPOS_S,-,-,-,-
2026-01-22 12:40:36:512,X,-293453,-5.00,TPOS_E,-293546,-5.0000,-93,-0.0016
2026-01-22 12:40:36:937,X,-293453,-5.00,TPOS,-910277,-15.5048,-616824,-10.5064
2026-01-22 12:40:37:142,X,-293453,-5.00,TPOS_S,-,-,-,-
2026-01-22 12:40:40:352,X,-910880,-15.52,TPOS_E,-910277,-15.5048,603,0.0103
2026-01-22 12:40:40:780,X,-910880,-15.52,TPOS,-293546,-5.0000,617334,10.5151
2026-01-22 12:40:40:964,X,-910880,-15.52,TPOS_S,-,-,-,-
2026-01-22 12:40:45:777,X,-293450,-5.00,TPOS_E,-293546,-5.0000,-96,-0.0016
2026-01-22 12:40:46:202,X,-293450,-5.00,TPOS,-910277,-15.5048,-616827,-10.5065
2026-01-22 12:40:46:407,X,-293450,-5.00,TPOS_S,-,-,-,-
2026-01-22 12:40:49:214,Z,-3876305,-44.02,TPOS_E,-3875502,-44.0078,803,0.0091
2026-01-22 12:40:49:619,X,-910893,-15.52,TPOS_E,-910277,-15.5048,616,0.0105
2026-01-22 12:40:49:640,Z,-3876305,-44.02,TPOS,-440320,-5.0000,3435985,39.0169
2026-01-22 12:40:49:684,X,-910893,-15.52,TPOS,-293546,-5.0000,617347,10.5153
2026-01-22 12:40:49:828,Z,-3876305,-44.02,TPOS_S,-,-,-,-
2026-01-22 12:40:49:952,X,-910893,-15.52,TPOS_S,-,-,-,-
2026-01-22 12:40:54:765,X,-293450,-5.00,TPOS_E,-293546,-5.0000,-96,-0.0016
2026-01-22 12:40:55:190,X,-293450,-5.00,TPOS,-910277,-15.5048,-616827,-10.5065
2026-01-22 12:40:55:374,X,-293450,-5.00,TPOS_S,-,-,-,-
2026-01-22 12:40:58:581,X,-910893,-15.52,TPOS_E,-910277,-15.5048,616,0.0105
2026-01-22 12:40:59:006,X,-910893,-15.52,TPOS,-293546,-5.0000,617347,10.5153
2026-01-22 12:40:59:190,X,-910893,-15.52,TPOS_S,-,-,-,-
2026-01-22 12:41:04:002,X,-293475,-5.00,TPOS_E,-293546,-5.0000,-71,-0.0012
2026-01-22 12:41:04:429,X,-293475,-5.00,TPOS,-910277,-15.5048,-616802,-10.5060
2026-01-22 12:41:04:613,X,-293475,-5.00,TPOS_S,-,-,-,-
2026-01-22 12:41:07:220,Z,-440149,-5.00,TPOS_E,-440320,-5.0000,-171,-0.0019
2026-01-22 12:41:07:644,Z,-440149,-5.00,TPOS,-3875502,-44.0078,-3435353,-39.0097
2026-01-22 12:41:07:706,X,-910894,-15.52,TPOS_E,-910277,-15.5048,617,0.0105
2026-01-22 12:41:07:771,X,-910894,-15.52,TPOS,-293546,-5.0000,617348,10.5153
2026-01-22 12:41:07:832,Z,-440149,-5.00,TPOS_S,-,-,-,-
2026-01-22 12:41:07:976,X,-910894,-15.52,TPOS_S,-,-,-,-
2026-01-22 12:41:12:788,X,-293455,-5.00,TPOS_E,-293546,-5.0000,-91,-0.0016
2026-01-22 12:41:13:212,X,-293455,-5.00,TPOS,-910277,-15.5048,-616822,-10.5064
2026-01-22 12:41:13:397,X,-293455,-5.00,TPOS_S,-,-,-,-
2026-01-22 12:41:16:605,X,-910892,-15.52,TPOS_E,-910277,-15.5048,615,0.0105
2026-01-22 12:41:17:030,X,-910892,-15.52,TPOS,-293546,-5.0000,617346,10.5153
2026-01-22 12:41:17:215,X,-910892,-15.52,TPOS_S,-,-,-,-
2026-01-22 12:41:22:027,X,-293452,-5.00,TPOS_E,-293546,-5.0000,-94,-0.0016
2026-01-22 12:41:22:451,X,-293452,-5.00,TPOS,-910277,-15.5048,-616825,-10.5064
2026-01-22 12:41:22:658,X,-293452,-5.00,TPOS_S,-,-,-,-
2026-01-22 12:41:25:467,Z,-3876310,-44.02,TPOS_E,-3875502,-44.0078,808,0.0092
2026-01-22 12:41:25:871,X,-910894,-15.52,TPOS_E,-910277,-15.5048,617,0.0105
2026-01-22 12:41:25:892,Z,-3876310,-44.02,TPOS,-440320,-5.0000,3435990,39.0170
2026-01-22 12:41:25:936,X,-910894,-15.52,TPOS,-293546,-5.0000,617348,10.5153
2026-01-22 12:41:26:079,Z,-3876310,-44.02,TPOS_S,-,-,-,-
2026-01-22 12:41:26:223,X,-910894,-15.52,TPOS_S,-,-,-,-
2026-01-22 12:41:31:037,X,-293457,-5.00,TPOS_E,-293546,-5.0000,-89,-0.0015
2026-01-22 12:41:31:462,X,-293457,-5.00,TPOS,-910277,-15.5048,-616820,-10.5063
2026-01-22 12:41:31:668,X,-293457,-5.00,TPOS_S,-,-,-,-
2026-01-22 12:41:34:875,X,-910876,-15.52,TPOS_E,-910277,-15.5048,599,0.0102
2026-01-22 12:41:35:301,X,-910876,-15.52,TPOS,-293546,-5.0000,617330,10.5150
2026-01-22 12:41:35:486,X,-910876,-15.52,TPOS_S,-,-,-,-
2026-01-22 12:41:40:298,X,-293453,-5.00,TPOS_E,-293546,-5.0000,-93,-0.0016
2026-01-22 12:41:40:721,X,-293453,-5.00,TPOS,-910277,-15.5048,-616824,-10.5064
2026-01-22 12:41:40:908,X,-293453,-5.00,TPOS_S,-,-,-,-
2026-01-22 12:41:43:514,Z,-440151,-5.00,TPOS_E,-440320,-5.0000,-169,-0.0019
2026-01-22 12:41:43:938,Z,-440151,-5.00,TPOS,-3875502,-44.0078,-3435351,-39.0097
2026-01-22 12:41:44:021,X,-910897,-15.52,TPOS_E,-910277,-15.5048,620,0.0106
2026-01-22 12:41:44:086,X,-910897,-15.52,TPOS,-293546,-5.0000,617351,10.5154
2026-01-22 12:41:44:128,Z,-440151,-5.00,TPOS_S,-,-,-,-
2026-01-22 12:41:44:273,X,-910897,-15.52,TPOS_S,-,-,-,-
2026-01-22 12:41:49:087,X,-293457,-5.00,TPOS_E,-293546,-5.0000,-89,-0.0015
2026-01-22 12:41:49:514,X,-293457,-5.00,TPOS,-910277,-15.5048,-616820,-10.5063
2026-01-22 12:41:49:719,X,-293457,-5.00,TPOS_S,-,-,-,-
2026-01-22 12:41:52:928,X,-910891,-15.52,TPOS_E,-910277,-15.5048,614,0.0105
2026-01-22 12:41:53:354,X,-910891,-15.52,TPOS,-293546,-5.0000,617345,10.5153
2026-01-22 12:41:53:538,X,-910891,-15.52,TPOS_S,-,-,-,-
2026-01-22 12:41:58:353,X,-293463,-5.00,TPOS_E,-293546,-5.0000,-83,-0.0014
2026-01-22 12:41:58:777,X,-293463,-5.00,TPOS,-910277,-15.5048,-616814,-10.5062
2026-01-22 12:41:58:962,X,-293463,-5.00,TPOS_S,-,-,-,-
2026-01-22 12:42:01:769,Z,-3876325,-44.02,TPOS_E,-3875502,-44.0078,823,0.0093
2026-01-22 12:42:02:172,X,-910883,-15.52,TPOS_E,-910277,-15.5048,606,0.0103
2026-01-22 12:42:02:193,Z,-3876325,-44.02,TPOS,-440320,-5.0000,3436005,39.0171
2026-01-22 12:42:02:238,X,-910883,-15.52,TPOS,-293546,-5.0000,617337,10.5151
2026-01-22 12:42:02:361,Z,-3876325,-44.02,TPOS_S,-,-,-,-
2026-01-22 12:42:02:505,X,-910883,-15.52,TPOS_S,-,-,-,-
2026-01-22 12:42:07:315,X,-293454,-5.00,TPOS_E,-293546,-5.0000,-92,-0.0016
2026-01-22 12:42:07:743,X,-293454,-5.00,TPOS,-910277,-15.5048,-616823,-10.5064
2026-01-22 12:42:07:928,X,-293454,-5.00,TPOS_S,-,-,-,-
2026-01-22 12:42:11:136,X,-910884,-15.52,TPOS_E,-910277,-15.5048,607,0.0103
2026-01-22 12:42:11:562,X,-910884,-15.52,TPOS,-293546,-5.0000,617338,10.5152
2026-01-22 12:42:11:767,X,-910884,-15.52,TPOS_S,-,-,-,-
2026-01-22 12:42:16:580,X,-293469,-5.00,TPOS_E,-293546,-5.0000,-77,-0.0013
2026-01-22 12:42:17:006,X,-293469,-5.00,TPOS,-910277,-15.5048,-616808,-10.5061
2026-01-22 12:42:17:191,X,-293469,-5.00,TPOS_S,-,-,-,-
2026-01-22 12:42:19:798,Z,-440154,-5.00,TPOS_E,-440320,-5.0000,-166,-0.0019
2026-01-22 12:42:20:224,Z,-440154,-5.00,TPOS,-3875502,-44.0078,-3435348,-39.0097
2026-01-22 12:42:20:307,X,-910892,-15.52,TPOS_E,-910277,-15.5048,615,0.0105
2026-01-22 12:42:20:372,X,-910892,-15.52,TPOS,-293546,-5.0000,617346,10.5153
2026-01-22 12:42:20:414,Z,-440154,-5.00,TPOS_S,-,-,-,-
2026-01-22 12:42:20:559,X,-910892,-15.52,TPOS_S,-,-,-,-
2026-01-22 12:42:25:370,X,-293470,-5.00,TPOS_E,-293546,-5.0000,-76,-0.0013
2026-01-22 12:42:25:796,X,-293470,-5.00,TPOS,-910277,-15.5048,-616807,-10.5061
2026-01-22 12:42:25:982,X,-293470,-5.00,TPOS_S,-,-,-,-
2026-01-22 12:42:29:189,X,-910885,-15.52,TPOS_E,-910277,-15.5048,608,0.0104
2026-01-22 12:42:29:613,X,-910885,-15.52,TPOS,-293546,-5.0000,617339,10.5152
2026-01-22 12:42:29:798,X,-910885,-15.52,TPOS_S,-,-,-,-
2026-01-22 12:42:34:610,X,-293453,-5.00,TPOS_E,-293546,-5.0000,-93,-0.0016
2026-01-22 12:42:35:035,X,-293453,-5.00,TPOS,-910277,-15.5048,-616824,-10.5064
2026-01-22 12:42:35:241,X,-293453,-5.00,TPOS_S,-,-,-,-
2026-01-22 12:42:38:048,Z,-3876326,-44.02,TPOS_E,-3875502,-44.0078,824,0.0094
2026-01-22 12:42:38:451,X,-910892,-15.52,TPOS_E,-910277,-15.5048,615,0.0105
2026-01-22 12:42:38:473,Z,-3876326,-44.02,TPOS,-440320,-5.0000,3436006,39.0171
2026-01-22 12:42:38:517,X,-910892,-15.52,TPOS,-293546,-5.0000,617346,10.5153
2026-01-22 12:42:38:662,Z,-3876326,-44.02,TPOS_S,-,-,-,-
2026-01-22 12:42:38:789,X,-910892,-15.52,TPOS_S,-,-,-,-
2026-01-22 12:42:43:603,X,-293448,-5.00,TPOS_E,-293546,-5.0000,-98,-0.0017
2026-01-22 12:42:44:027,X,-293448,-5.00,TPOS,-910277,-15.5048,-616829,-10.5065
2026-01-22 12:42:44:211,X,-293448,-5.00,TPOS_S,-,-,-,-
2026-01-22 12:42:47:419,X,-910887,-15.52,TPOS_E,-910277,-15.5048,610,0.0104
2026-01-22 12:42:47:843,X,-910887,-15.52,TPOS,-293546,-5.0000,617341,10.5152
2026-01-22 12:42:48:048,X,-910887,-15.52,TPOS_S,-,-,-,-
2026-01-22 12:42:52:860,X,-293457,-5.00,TPOS_E,-293546,-5.0000,-89,-0.0015
2026-01-22 12:42:53:287,X,-293457,-5.00,TPOS,-910277,-15.5048,-616820,-10.5063
2026-01-22 12:42:53:471,X,-293457,-5.00,TPOS_S,-,-,-,-
2026-01-22 12:42:56:078,Z,-440170,-5.00,TPOS_E,-440320,-5.0000,-150,-0.0017
2026-01-22 12:42:56:503,Z,-440170,-5.00,TPOS,-3875502,-44.0078,-3435332,-39.0095
2026-01-22 12:42:56:585,X,-910886,-15.52,TPOS_E,-910277,-15.5048,609,0.0104
2026-01-22 12:42:56:650,X,-910886,-15.52,TPOS,-293546,-5.0000,617340,10.5152
2026-01-22 12:42:56:691,Z,-440170,-5.00,TPOS_S,-,-,-,-
2026-01-22 12:42:56:835,X,-910886,-15.52,TPOS_S,-,-,-,-
2026-01-22 12:43:01:647,X,-293459,-5.00,TPOS_E,-293546,-5.0000,-87,-0.0015
2026-01-22 12:43:02:075,X,-293459,-5.00,TPOS,-910277,-15.5048,-616818,-10.5063
2026-01-22 12:43:02:259,X,-293459,-5.00,TPOS_S,-,-,-,-
2026-01-22 12:43:05:469,X,-910884,-15.52,TPOS_E,-910277,-15.5048,607,0.0103
2026-01-22 12:43:05:893,X,-910884,-15.52,TPOS,-293546,-5.0000,617338,10.5152
2026-01-22 12:43:06:078,X,-910884,-15.52,TPOS_S,-,-,-,-
2026-01-22 12:43:10:891,X,-293449,-5.00,TPOS_E,-293546,-5.0000,-97,-0.0017
2026-01-22 12:43:11:315,X,-293449,-5.00,TPOS,-910277,-15.5048,-616828,-10.5065
2026-01-22 12:43:11:501,X,-293449,-5.00,TPOS_S,-,-,-,-
2026-01-22 12:43:14:307,Z,-3876351,-44.02,TPOS_E,-3875502,-44.0078,849,0.0096
2026-01-22 12:43:14:711,X,-910892,-15.52,TPOS_E,-910277,-15.5048,615,0.0105
2026-01-22 12:43:14:734,Z,-3876351,-44.02,TPOS,-440320,-5.0000,3436031,39.0174
2026-01-22 12:43:14:776,X,-910892,-15.52,TPOS,-293546,-5.0000,617346,10.5153
2026-01-22 12:43:14:940,Z,-3876351,-44.02,TPOS_S,-,-,-,-
2026-01-22 12:43:15:043,X,-910892,-15.52,TPOS_S,-,-,-,-
2026-01-22 12:43:19:855,X,-293448,-5.00,TPOS_E,-293546,-5.0000,-98,-0.0017
2026-01-22 12:43:20:282,X,-293448,-5.00,TPOS,-910277,-15.5048,-616829,-10.5065
2026-01-22 12:43:20:467,X,-293448,-5.00,TPOS_S,-,-,-,-
2026-01-22 12:43:23:675,X,-910879,-15.52,TPOS_E,-910277,-15.5048,602,0.0103
2026-01-22 12:43:24:099,X,-910879,-15.52,TPOS,-293546,-5.0000,617333,10.5151
2026-01-22 12:43:24:305,X,-910879,-15.52,TPOS_S,-,-,-,-
2026-01-22 12:43:29:117,X,-293462,-5.00,TPOS_E,-293546,-5.0000,-84,-0.0014
2026-01-22 12:43:29:544,X,-293462,-5.00,TPOS,-910277,-15.5048,-616815,-10.5063
2026-01-22 12:43:29:728,X,-293462,-5.00,TPOS_S,-,-,-,-
2026-01-22 12:43:32:335,Z,-440160,-5.00,TPOS_E,-440320,-5.0000,-160,-0.0018
2026-01-22 12:43:32:759,Z,-440160,-5.00,TPOS,-3875502,-44.0078,-3435342,-39.0096
2026-01-22 12:43:32:842,X,-910885,-15.52,TPOS_E,-910277,-15.5048,608,0.0104
2026-01-22 12:43:32:907,X,-910885,-15.52,TPOS,-293546,-5.0000,617339,10.5152
2026-01-22 12:43:32:948,Z,-440160,-5.00,TPOS_S,-,-,-,-
2026-01-22 12:43:33:092,X,-910885,-15.52,TPOS_S,-,-,-,-
2026-01-22 12:43:37:904,X,-293461,-5.00,TPOS_E,-293546,-5.0000,-85,-0.0014
2026-01-22 12:43:38:329,X,-293461,-5.00,TPOS,-910277,-15.5048,-616816,-10.5063
2026-01-22 12:43:38:514,X,-293461,-5.00,TPOS_S,-,-,-,-
2026-01-22 12:43:41:720,X,-910873,-15.51,TPOS_E,-910277,-15.5048,596,0.0102
2026-01-22 12:43:42:146,X,-910873,-15.51,TPOS,-293546,-5.0000,617327,10.5150
2026-01-22 12:43:42:330,X,-910873,-15.51,TPOS_S,-,-,-,-
2026-01-22 12:43:47:142,X,-293454,-5.00,TPOS_E,-293546,-5.0000,-92,-0.0016
2026-01-22 12:43:47:568,X,-293454,-5.00,TPOS,-910277,-15.5048,-616823,-10.5064
2026-01-22 12:43:47:753,X,-293454,-5.00,TPOS_S,-,-,-,-
2026-01-22 12:43:50:562,Z,-3876321,-44.02,TPOS_E,-3875502,-44.0078,819,0.0093
2026-01-22 12:43:50:966,X,-910887,-15.52,TPOS_E,-910277,-15.5048,610,0.0104
2026-01-22 12:43:50:987,Z,-3876321,-44.02,TPOS,-440320,-5.0000,3436001,39.0171
2026-01-22 12:43:51:033,X,-910887,-15.52,TPOS,-293546,-5.0000,617341,10.5152
2026-01-22 12:43:51:200,Z,-3876321,-44.02,TPOS_S,-,-,-,-
2026-01-22 12:43:51:303,X,-910887,-15.52,TPOS_S,-,-,-,-
2026-01-22 12:43:56:114,X,-293451,-5.00,TPOS_E,-293546,-5.0000,-95,-0.0016
2026-01-22 12:43:56:538,X,-293451,-5.00,TPOS,-910277,-15.5048,-616826,-10.5064
2026-01-22 12:43:56:723,X,-293451,-5.00,TPOS_S,-,-,-,-
2026-01-22 12:43:59:932,X,-910877,-15.52,TPOS_E,-910277,-15.5048,600,0.0102
2026-01-22 12:44:00:357,X,-910877,-15.52,TPOS,-293546,-5.0000,617331,10.5150
2026-01-22 12:44:00:562,X,-910877,-15.52,TPOS_S,-,-,-,-
2026-01-22 12:44:05:375,X,-293475,-5.00,TPOS_E,-293546,-5.0000,-71,-0.0012
2026-01-22 12:44:05:800,X,-293475,-5.00,TPOS,-910277,-15.5048,-616802,-10.5060
2026-01-22 12:44:05:985,X,-293475,-5.00,TPOS_S,-,-,-,-
2026-01-22 12:44:08:591,Z,-440145,-5.00,TPOS_E,-440320,-5.0000,-175,-0.0020
2026-01-22 12:44:09:016,Z,-440145,-5.00,TPOS,-3875502,-44.0078,-3435357,-39.0098
2026-01-22 12:44:09:099,X,-910872,-15.51,TPOS_E,-910277,-15.5048,595,0.0101
2026-01-22 12:44:09:166,X,-910872,-15.51,TPOS,-293546,-5.0000,617326,10.5150
2026-01-22 12:44:09:187,Z,-440145,-5.00,TPOS_S,-,-,-,-
2026-01-22 12:44:09:352,X,-910872,-15.51,TPOS_S,-,-,-,-
2026-01-22 12:44:14:167,X,-293471,-5.00,TPOS_E,-293546,-5.0000,-75,-0.0013
2026-01-22 12:44:14:592,X,-293471,-5.00,TPOS,-910277,-15.5048,-616806,-10.5061
2026-01-22 12:44:14:797,X,-293471,-5.00,TPOS_S,-,-,-,-
2026-01-22 12:44:18:005,X,-910878,-15.52,TPOS_E,-910277,-15.5048,601,0.0102
2026-01-22 12:44:18:429,X,-910878,-15.52,TPOS,-293546,-5.0000,617332,10.5151
2026-01-22 12:44:18:617,X,-910878,-15.52,TPOS_S,-,-,-,-
2026-01-22 12:44:23:432,X,-293477,-5.00,TPOS_E,-293546,-5.0000,-69,-0.0012
2026-01-22 12:44:23:856,X,-293477,-5.00,TPOS,-910277,-15.5048,-616800,-10.5060
2026-01-22 12:44:24:041,X,-293477,-5.00,TPOS_S,-,-,-,-
2026-01-22 12:44:26:850,Z,-3876310,-44.02,TPOS_E,-3875502,-44.0078,808,0.0092
2026-01-22 12:44:27:253,X,-910874,-15.51,TPOS_E,-910277,-15.5048,597,0.0102
2026-01-22 12:44:27:275,Z,-3876310,-44.02,TPOS,-440320,-5.0000,3435990,39.0170
2026-01-22 12:44:27:320,X,-910874,-15.51,TPOS,-293546,-5.0000,617328,10.5150
2026-01-22 12:44:27:484,Z,-3876310,-44.02,TPOS_S,-,-,-,-
2026-01-22 12:44:27:609,X,-910874,-15.51,TPOS_S,-,-,-,-
2026-01-22 12:44:32:422,X,-293459,-5.00,TPOS_E,-293546,-5.0000,-87,-0.0015
2026-01-22 12:44:32:848,X,-293459,-5.00,TPOS,-910277,-15.5048,-616818,-10.5063
2026-01-22 12:44:33:032,X,-293459,-5.00,TPOS_S,-,-,-,-
2026-01-22 12:44:36:241,X,-910884,-15.52,TPOS_E,-910277,-15.5048,607,0.0103
2026-01-22 12:44:36:665,X,-910884,-15.52,TPOS,-293546,-5.0000,617338,10.5152
2026-01-22 12:44:36:853,X,-910884,-15.52,TPOS_S,-,-,-,-
2026-01-22 12:44:41:664,X,-293468,-5.00,TPOS_E,-293546,-5.0000,-78,-0.0013
2026-01-22 12:44:42:089,X,-293468,-5.00,TPOS,-910277,-15.5048,-616809,-10.5061
2026-01-22 12:44:42:295,X,-293468,-5.00,TPOS_S,-,-,-,-
2026-01-22 12:44:44:902,Z,-440136,-5.00,TPOS_E,-440320,-5.0000,-184,-0.0021
2026-01-22 12:44:45:327,Z,-440136,-5.00,TPOS,-3875502,-44.0078,-3435366,-39.0099
2026-01-22 12:44:45:390,X,-910891,-15.52,TPOS_E,-910277,-15.5048,614,0.0105
2026-01-22 12:44:45:454,X,-910891,-15.52,TPOS,-293546,-5.0000,617345,10.5153
2026-01-22 12:44:45:517,Z,-440136,-5.00,TPOS_S,-,-,-,-
2026-01-22 12:44:45:641,X,-910891,-15.52,TPOS_S,-,-,-,-
2026-01-22 12:44:50:453,X,-293467,-5.00,TPOS_E,-293546,-5.0000,-79,-0.0013
2026-01-22 12:44:50:876,X,-293467,-5.00,TPOS,-910277,-15.5048,-616810,-10.5062
2026-01-22 12:44:51:061,X,-293467,-5.00,TPOS_S,-,-,-,-
2026-01-22 12:44:54:268,X,-910877,-15.52,TPOS_E,-910277,-15.5048,600,0.0102
2026-01-22 12:44:54:692,X,-910877,-15.52,TPOS,-293546,-5.0000,617331,10.5150
2026-01-22 12:44:54:897,X,-910877,-15.52,TPOS_S,-,-,-,-
2026-01-22 12:44:59:708,X,-293464,-5.00,TPOS_E,-293546,-5.0000,-82,-0.0014
2026-01-22 12:45:00:132,X,-293464,-5.00,TPOS,-910277,-15.5048,-616813,-10.5062
2026-01-22 12:45:00:315,X,-293464,-5.00,TPOS_S,-,-,-,-
2026-01-22 12:45:03:123,Z,-3876285,-44.02,TPOS_E,-3875502,-44.0078,783,0.0089
2026-01-22 12:45:03:526,X,-910892,-15.52,TPOS_E,-910277,-15.5048,615,0.0105
2026-01-22 12:45:03:548,Z,-3876285,-44.02,TPOS,-440320,-5.0000,3435965,39.0167
2026-01-22 12:45:03:593,X,-910892,-15.52,TPOS,-293546,-5.0000,617346,10.5153
2026-01-22 12:45:03:737,Z,-3876285,-44.02,TPOS_S,-,-,-,-
2026-01-22 12:45:03:880,X,-910892,-15.52,TPOS_S,-,-,-,-
2026-01-22 12:45:08:691,X,-293466,-5.00,TPOS_E,-293546,-5.0000,-80,-0.0014
2026-01-22 12:45:09:117,X,-293466,-5.00,TPOS,-910277,-15.5048,-616811,-10.5062
2026-01-22 12:45:09:323,X,-293466,-5.00,TPOS_S,-,-,-,-
2026-01-22 12:45:12:531,X,-910870,-15.51,TPOS_E,-910277,-15.5048,593,0.0101
2026-01-22 12:45:12:957,X,-910870,-15.51,TPOS,-293546,-5.0000,617324,10.5149
2026-01-22 12:45:13:161,X,-910870,-15.51,TPOS_S,-,-,-,-
2026-01-22 12:45:17:973,X,-293457,-5.00,TPOS_E,-293546,-5.0000,-89,-0.0015
2026-01-22 12:45:18:399,X,-293457,-5.00,TPOS,-910277,-15.5048,-616820,-10.5063
2026-01-22 12:45:18:583,X,-293457,-5.00,TPOS_S,-,-,-,-
2026-01-22 12:45:21:189,Z,-440142,-5.00,TPOS_E,-440320,-5.0000,-178,-0.0020
2026-01-22 12:45:21:614,Z,-440142,-5.00,TPOS,-3875502,-44.0078,-3435360,-39.0098
2026-01-22 12:45:21:697,X,-910877,-15.52,TPOS_E,-910277,-15.5048,600,0.0102
2026-01-22 12:45:21:761,X,-910877,-15.52,TPOS,-293546,-5.0000,617331,10.5150
2026-01-22 12:45:21:804,Z,-440142,-5.00,TPOS_S,-,-,-,-
2026-01-22 12:45:21:949,X,-910877,-15.52,TPOS_S,-,-,-,-
2026-01-22 12:45:26:763,X,-293459,-5.00,TPOS_E,-293546,-5.0000,-87,-0.0015
2026-01-22 12:45:27:188,X,-293459,-5.00,TPOS,-910277,-15.5048,-616818,-10.5063
2026-01-22 12:45:27:372,X,-293459,-5.00,TPOS_S,-,-,-,-
2026-01-22 12:45:30:581,X,-910872,-15.51,TPOS_E,-910277,-15.5048,595,0.0101
2026-01-22 12:45:31:005,X,-910872,-15.51,TPOS,-293546,-5.0000,617326,10.5150
2026-01-22 12:45:31:190,X,-910872,-15.51,TPOS_S,-,-,-,-
2026-01-22 12:45:36:003,X,-293456,-5.00,TPOS_E,-293546,-5.0000,-90,-0.0015
2026-01-22 12:45:36:427,X,-293456,-5.00,TPOS,-910277,-15.5048,-616821,-10.5064
2026-01-22 12:45:36:611,X,-293456,-5.00,TPOS_S,-,-,-,-
2026-01-22 12:45:39:419,Z,-3876307,-44.02,TPOS_E,-3875502,-44.0078,805,0.0091
2026-01-22 12:45:39:826,X,-910877,-15.52,TPOS_E,-910277,-15.5048,600,0.0102
2026-01-22 12:45:39:847,Z,-3876307,-44.02,TPOS,-440320,-5.0000,3435987,39.0169
2026-01-22 12:45:39:891,X,-910877,-15.52,TPOS,-293546,-5.0000,617331,10.5150
2026-01-22 12:45:40:036,Z,-3876307,-44.02,TPOS_S,-,-,-,-
2026-01-22 12:45:40:160,X,-910877,-15.52,TPOS_S,-,-,-,-
2026-01-22 12:45:44:972,X,-293469,-5.00,TPOS_E,-293546,-5.0000,-77,-0.0013
2026-01-22 12:45:45:396,X,-293469,-5.00,TPOS,-910277,-15.5048,-616808,-10.5061
2026-01-22 12:45:45:602,X,-293469,-5.00,TPOS_S,-,-,-,-
2026-01-22 12:45:48:811,X,-910862,-15.51,TPOS_E,-910277,-15.5048,585,0.0100
2026-01-22 12:45:49:235,X,-910862,-15.51,TPOS,-293546,-5.0000,617316,10.5148
2026-01-22 12:45:49:421,X,-910862,-15.51,TPOS_S,-,-,-,-
2026-01-22 12:45:54:232,X,-293468,-5.00,TPOS_E,-293546,-5.0000,-78,-0.0013
2026-01-22 12:45:54:657,X,-293468,-5.00,TPOS,-910277,-15.5048,-616809,-10.5061
2026-01-22 12:45:54:862,X,-293468,-5.00,TPOS_S,-,-,-,-
2026-01-22 12:45:57:470,Z,-440172,-5.00,TPOS_E,-440320,-5.0000,-148,-0.0017
2026-01-22 12:45:57:896,Z,-440172,-5.00,TPOS,-3875502,-44.0078,-3435330,-39.0095
2026-01-22 12:45:57:959,X,-910888,-15.52,TPOS_E,-910277,-15.5048,611,0.0104
2026-01-22 12:45:58:023,X,-910888,-15.52,TPOS,-293546,-5.0000,617342,10.5152
2026-01-22 12:45:58:085,Z,-440172,-5.00,TPOS_S,-,-,-,-
2026-01-22 12:45:58:209,X,-910888,-15.52,TPOS_S,-,-,-,-
2026-01-22 12:46:03:020,X,-293470,-5.00,TPOS_E,-293546,-5.0000,-76,-0.0013
2026-01-22 12:46:03:444,X,-293470,-5.00,TPOS,-910277,-15.5048,-616807,-10.5061
2026-01-22 12:46:03:650,X,-293470,-5.00,TPOS_S,-,-,-,-
2026-01-22 12:46:06:858,X,-910878,-15.52,TPOS_E,-910277,-15.5048,601,0.0102
2026-01-22 12:46:07:283,X,-910878,-15.52,TPOS,-293546,-5.0000,617332,10.5151
2026-01-22 12:46:07:467,X,-910878,-15.52,TPOS_S,-,-,-,-
2026-01-22 12:46:12:281,X,-293457,-5.00,TPOS_E,-293546,-5.0000,-89,-0.0015
2026-01-22 12:46:12:706,X,-293457,-5.00,TPOS,-910277,-15.5048,-616820,-10.5063
2026-01-22 12:46:12:891,X,-293457,-5.00,TPOS_S,-,-,-,-
2026-01-22 12:46:15:699,Z,-3876304,-44.02,TPOS_E,-3875502,-44.0078,802,0.0091
2026-01-22 12:46:16:107,X,-910883,-15.52,TPOS_E,-910277,-15.5048,606,0.0103
2026-01-22 12:46:16:128,Z,-3876304,-44.02,TPOS,-440320,-5.0000,3435984,39.0169
2026-01-22 12:46:16:172,X,-910883,-15.52,TPOS,-293546,-5.0000,617337,10.5151
2026-01-22 12:46:16:336,Z,-3876304,-44.02,TPOS_S,-,-,-,-
2026-01-22 12:46:16:460,X,-910883,-15.52,TPOS_S,-,-,-,-
2026-01-22 12:46:21:273,X,-293458,-5.00,TPOS_E,-293546,-5.0000,-88,-0.0015
2026-01-22 12:46:21:697,X,-293458,-5.00,TPOS,-910277,-15.5048,-616819,-10.5063
2026-01-22 12:46:21:882,X,-293458,-5.00,TPOS_S,-,-,-,-
2026-01-22 12:46:25:090,X,-910864,-15.51,TPOS_E,-910277,-15.5048,587,0.0100
2026-01-22 12:46:25:515,X,-910864,-15.51,TPOS,-293546,-5.0000,617318,10.5148
2026-01-22 12:46:25:699,X,-910864,-15.51,TPOS_S,-,-,-,-
2026-01-22 12:46:30:513,X,-293474,-5.00,TPOS_E,-293546,-5.0000,-72,-0.0012
2026-01-22 12:46:30:936,X,-293474,-5.00,TPOS,-910277,-15.5048,-616803,-10.5060
2026-01-22 12:46:31:122,X,-293474,-5.00,TPOS_S,-,-,-,-
2026-01-22 12:46:33:729,Z,-440162,-5.00,TPOS_E,-440320,-5.0000,-158,-0.0018
2026-01-22 12:46:34:154,Z,-440162,-5.00,TPOS,-3875502,-44.0078,-3435340,-39.0096
2026-01-22 12:46:34:236,X,-910886,-15.52,TPOS_E,-910277,-15.5048,609,0.0104
2026-01-22 12:46:34:301,X,-910886,-15.52,TPOS,-293546,-5.0000,617340,10.5152
2026-01-22 12:46:34:343,Z,-440162,-5.00,TPOS_S,-,-,-,-
2026-01-22 12:46:34:487,X,-910886,-15.52,TPOS_S,-,-,-,-
2026-01-22 12:46:39:300,X,-293479,-5.00,TPOS_E,-293546,-5.0000,-67,-0.0011
2026-01-22 12:46:39:726,X,-293479,-5.00,TPOS,-910277,-15.5048,-616798,-10.5060
2026-01-22 12:46:39:931,X,-293479,-5.00,TPOS_S,-,-,-,-
2026-01-22 12:46:43:140,X,-910867,-15.51,TPOS_E,-910277,-15.5048,590,0.0100
2026-01-22 12:46:43:567,X,-910867,-15.51,TPOS,-293546,-5.0000,617321,10.5149
2026-01-22 12:46:43:752,X,-910867,-15.51,TPOS_S,-,-,-,-
2026-01-22 12:46:48:565,X,-293469,-5.00,TPOS_E,-293546,-5.0000,-77,-0.0013
2026-01-22 12:46:48:991,X,-293469,-5.00,TPOS,-910277,-15.5048,-616808,-10.5061
2026-01-22 12:46:49:176,X,-293469,-5.00,TPOS_S,-,-,-,-
2026-01-22 12:46:51:982,Z,-3876313,-44.02,TPOS_E,-3875502,-44.0078,811,0.0092
2026-01-22 12:46:52:386,X,-910878,-15.52,TPOS_E,-910277,-15.5048,601,0.0102
2026-01-22 12:46:52:409,Z,-3876313,-44.02,TPOS,-440320,-5.0000,3435993,39.0170
2026-01-22 12:46:52:451,X,-910878,-15.52,TPOS,-293546,-5.0000,617332,10.5151
2026-01-22 12:46:52:595,Z,-3876313,-44.02,TPOS_S,-,-,-,-
2026-01-22 12:46:52:719,X,-910878,-15.52,TPOS_S,-,-,-,-
2026-01-22 12:46:57:530,X,-293458,-5.00,TPOS_E,-293546,-5.0000,-88,-0.0015
2026-01-22 12:46:57:955,X,-293458,-5.00,TPOS,-910277,-15.5048,-616819,-10.5063
2026-01-22 12:46:58:140,X,-293458,-5.00,TPOS_S,-,-,-,-
2026-01-22 12:47:01:349,X,-910871,-15.51,TPOS_E,-910277,-15.5048,594,0.0101
2026-01-22 12:47:01:774,X,-910871,-15.51,TPOS,-293546,-5.0000,617325,10.5149
2026-01-22 12:47:01:959,X,-910871,-15.51,TPOS_S,-,-,-,-
2026-01-22 12:47:06:770,X,-293466,-5.00,TPOS_E,-293546,-5.0000,-80,-0.0014
2026-01-22 12:47:07:195,X,-293466,-5.00,TPOS,-910277,-15.5048,-616811,-10.5062
2026-01-22 12:47:07:400,X,-293466,-5.00,TPOS_S,-,-,-,-
2026-01-22 12:47:10:006,Z,-440159,-5.00,TPOS_E,-440320,-5.0000,-161,-0.0018
2026-01-22 12:47:10:431,Z,-440159,-5.00,TPOS,-3875502,-44.0078,-3435343,-39.0096
2026-01-22 12:47:10:514,X,-910871,-15.51,TPOS_E,-910277,-15.5048,594,0.0101
2026-01-22 12:47:10:579,X,-910871,-15.51,TPOS,-293546,-5.0000,617325,10.5149
2026-01-22 12:47:10:620,Z,-440159,-5.00,TPOS_S,-,-,-,-
2026-01-22 12:47:10:786,X,-910871,-15.51,TPOS_S,-,-,-,-
2026-01-22 12:47:15:598,X,-293473,-5.00,TPOS_E,-293546,-5.0000,-73,-0.0012
2026-01-22 12:47:16:023,X,-293473,-5.00,TPOS,-910277,-15.5048,-616804,-10.5061
2026-01-22 12:47:16:208,X,-293473,-5.00,TPOS_S,-,-,-,-
2026-01-22 12:47:19:417,X,-910863,-15.51,TPOS_E,-910277,-15.5048,586,0.0100
2026-01-22 12:47:19:845,X,-910863,-15.51,TPOS,-293546,-5.0000,617317,10.5148
2026-01-22 12:47:20:049,X,-910863,-15.51,TPOS_S,-,-,-,-
2026-01-22 12:47:24:862,X,-293460,-5.00,TPOS_E,-293546,-5.0000,-86,-0.0015
2026-01-22 12:47:25:286,X,-293460,-5.00,TPOS,-910277,-15.5048,-616817,-10.5063
2026-01-22 12:47:25:491,X,-293460,-5.00,TPOS_S,-,-,-,-
2026-01-22 12:47:28:100,Z,-3876310,-44.02,TPOS_E,-3875502,-44.0078,808,0.0092
2026-01-22 12:47:28:526,Z,-3876310,-44.02,TPOS,-440320,-5.0000,3435990,39.0170
2026-01-22 12:47:28:610,X,-910875,-15.51,TPOS_E,-910277,-15.5048,598,0.0102
2026-01-22 12:47:28:674,X,-910875,-15.51,TPOS,-293546,-5.0000,617329,10.5150
2026-01-22 12:47:28:695,Z,-3876310,-44.02,TPOS_S,-,-,-,-
2026-01-22 12:47:28:841,X,-910875,-15.51,TPOS_S,-,-,-,-
2026-01-22 12:47:33:655,X,-293465,-5.00,TPOS_E,-293546,-5.0000,-81,-0.0014
2026-01-22 12:47:34:081,X,-293465,-5.00,TPOS,-910277,-15.5048,-616812,-10.5062
2026-01-22 12:47:34:286,X,-293465,-5.00,TPOS_S,-,-,-,-
2026-01-22 12:47:37:497,X,-910879,-15.52,TPOS_E,-910277,-15.5048,602,0.0103
2026-01-22 12:47:37:923,X,-910879,-15.52,TPOS,-293546,-5.0000,617333,10.5151
2026-01-22 12:47:38:108,X,-910879,-15.52,TPOS_S,-,-,-,-
2026-01-22 12:47:42:922,X,-293476,-5.00,TPOS_E,-293546,-5.0000,-70,-0.0012
2026-01-22 12:47:43:346,X,-293476,-5.00,TPOS,-910277,-15.5048,-616801,-10.5060
2026-01-22 12:47:43:531,X,-293476,-5.00,TPOS_S,-,-,-,-
2026-01-22 12:47:46:138,Z,-440147,-5.00,TPOS_E,-440320,-5.0000,-173,-0.0020
2026-01-22 12:47:46:562,Z,-440147,-5.00,TPOS,-3875502,-44.0078,-3435355,-39.0098
2026-01-22 12:47:46:664,X,-910875,-15.51,TPOS_E,-910277,-15.5048,598,0.0102
2026-01-22 12:47:46:729,X,-910875,-15.51,TPOS,-293546,-5.0000,617329,10.5150
2026-01-22 12:47:46:750,Z,-440147,-5.00,TPOS_S,-,-,-,-
2026-01-22 12:47:46:915,X,-910875,-15.51,TPOS_S,-,-,-,-
2026-01-22 12:47:51:727,X,-293474,-5.00,TPOS_E,-293546,-5.0000,-72,-0.0012
2026-01-22 12:47:52:152,X,-293474,-5.00,TPOS,-910277,-15.5048,-616803,-10.5060
2026-01-22 12:47:52:358,X,-293474,-5.00,TPOS_S,-,-,-,-
2026-01-22 12:47:55:567,X,-910869,-15.51,TPOS_E,-910277,-15.5048,592,0.0101
2026-01-22 12:47:55:993,X,-910869,-15.51,TPOS,-293546,-5.0000,617323,10.5149
2026-01-22 12:47:56:178,X,-910869,-15.51,TPOS_S,-,-,-,-
2026-01-22 12:48:00:991,X,-293473,-5.00,TPOS_E,-293546,-5.0000,-73,-0.0012
2026-01-22 12:48:01:417,X,-293473,-5.00,TPOS,-910277,-15.5048,-616804,-10.5061
2026-01-22 12:48:01:621,X,-293473,-5.00,TPOS_S,-,-,-,-
2026-01-22 12:48:04:429,Z,-3876315,-44.02,TPOS_E,-3875502,-44.0078,813,0.0092
2026-01-22 12:48:04:832,X,-910881,-15.52,TPOS_E,-910277,-15.5048,604,0.0103
2026-01-22 12:48:04:854,Z,-3876315,-44.02,TPOS,-440320,-5.0000,3435995,39.0170
2026-01-22 12:48:04:898,X,-910881,-15.52,TPOS,-293546,-5.0000,617335,10.5151
2026-01-22 12:48:05:040,Z,-3876315,-44.02,TPOS_S,-,-,-,-
2026-01-22 12:48:05:185,X,-910881,-15.52,TPOS_S,-,-,-,-
2026-01-22 12:48:09:997,X,-293471,-5.00,TPOS_E,-293546,-5.0000,-75,-0.0013
2026-01-22 12:48:10:421,X,-293471,-5.00,TPOS,-910277,-15.5048,-616806,-10.5061
2026-01-22 12:48:10:606,X,-293471,-5.00,TPOS_S,-,-,-,-
2026-01-22 12:48:13:815,X,-910863,-15.51,TPOS_E,-910277,-15.5048,586,0.0100
2026-01-22 12:48:14:240,X,-910863,-15.51,TPOS,-293546,-5.0000,617317,10.5148
2026-01-22 12:48:14:424,X,-910863,-15.51,TPOS_S,-,-,-,-
2026-01-22 12:48:19:237,X,-293483,-5.00,TPOS_E,-293546,-5.0000,-63,-0.0011
2026-01-22 12:48:19:663,X,-293483,-5.00,TPOS,-910277,-15.5048,-616794,-10.5059
2026-01-22 12:48:19:869,X,-293483,-5.00,TPOS_S,-,-,-,-
2026-01-22 12:48:22:476,Z,-440157,-5.00,TPOS_E,-440320,-5.0000,-163,-0.0019
2026-01-22 12:48:22:901,Z,-440157,-5.00,TPOS,-3875502,-44.0078,-3435345,-39.0096
2026-01-22 12:48:22:984,X,-910878,-15.52,TPOS_E,-910277,-15.5048,601,0.0102
2026-01-22 12:48:23:049,X,-910878,-15.52,TPOS,-293546,-5.0000,617332,10.5151
2026-01-22 12:48:23:091,Z,-440157,-5.00,TPOS_S,-,-,-,-
2026-01-22 12:48:23:236,X,-910878,-15.52,TPOS_S,-,-,-,-
2026-01-22 12:48:28:048,X,-293480,-5.00,TPOS_E,-293546,-5.0000,-66,-0.0011
2026-01-22 12:48:28:472,X,-293480,-5.00,TPOS,-910277,-15.5048,-616797,-10.5059
2026-01-22 12:48:28:657,X,-293480,-5.00,TPOS_S,-,-,-,-
2026-01-22 12:48:31:868,X,-910870,-15.51,TPOS_E,-910277,-15.5048,593,0.0101
2026-01-22 12:48:32:293,X,-910870,-15.51,TPOS,-293546,-5.0000,617324,10.5149
2026-01-22 12:48:32:478,X,-910870,-15.51,TPOS_S,-,-,-,-
2026-01-22 12:48:37:291,X,-293472,-5.00,TPOS_E,-293546,-5.0000,-74,-0.0013
2026-01-22 12:48:37:716,X,-293472,-5.00,TPOS,-910277,-15.5048,-616805,-10.5061
2026-01-22 12:48:37:924,X,-293472,-5.00,TPOS_S,-,-,-,-
2026-01-22 12:48:40:733,Z,-3876304,-44.02,TPOS_E,-3875502,-44.0078,802,0.0091
2026-01-22 12:48:41:137,X,-910877,-15.52,TPOS_E,-910277,-15.5048,600,0.0102
2026-01-22 12:48:41:158,Z,-3876304,-44.02,TPOS,-440320,-5.0000,3435984,39.0169
2026-01-22 12:48:41:202,X,-910877,-15.52,TPOS,-293546,-5.0000,617331,10.5150
2026-01-22 12:48:41:347,Z,-3876304,-44.02,TPOS_S,-,-,-,-
2026-01-22 12:48:41:470,X,-910877,-15.52,TPOS_S,-,-,-,-
2026-01-22 12:48:46:282,X,-293463,-5.00,TPOS_E,-293546,-5.0000,-83,-0.0014
2026-01-22 12:48:46:706,X,-293463,-5.00,TPOS,-910277,-15.5048,-616814,-10.5062
2026-01-22 12:48:46:911,X,-293463,-5.00,TPOS_S,-,-,-,-
2026-01-22 12:48:50:117,X,-910876,-15.52,TPOS_E,-910277,-15.5048,599,0.0102
2026-01-22 12:48:50:542,X,-910876,-15.52,TPOS,-293546,-5.0000,617330,10.5150
2026-01-22 12:48:50:726,X,-910876,-15.52,TPOS_S,-,-,-,-
2026-01-22 12:48:55:541,X,-293477,-5.00,TPOS_E,-293546,-5.0000,-69,-0.0012
2026-01-22 12:48:55:965,X,-293477,-5.00,TPOS,-910277,-15.5048,-616800,-10.5060
2026-01-22 12:48:56:170,X,-293477,-5.00,TPOS_S,-,-,-,-
2026-01-22 12:48:58:777,Z,-440161,-5.00,TPOS_E,-440320,-5.0000,-159,-0.0018
2026-01-22 12:48:59:202,Z,-440161,-5.00,TPOS,-3875502,-44.0078,-3435341,-39.0096
2026-01-22 12:48:59:285,X,-910895,-15.52,TPOS_E,-910277,-15.5048,618,0.0105
2026-01-22 12:48:59:349,X,-910895,-15.52,TPOS,-293546,-5.0000,617349,10.5153
2026-01-22 12:48:59:390,Z,-440161,-5.00,TPOS_S,-,-,-,-
2026-01-22 12:48:59:554,X,-910895,-15.52,TPOS_S,-,-,-,-
2026-01-22 12:49:04:366,X,-293492,-5.00,TPOS_E,-293546,-5.0000,-54,-0.0009
2026-01-22 12:49:04:790,X,-293492,-5.00,TPOS,-910277,-15.5048,-616785,-10.5057
2026-01-22 12:49:04:976,X,-293492,-5.00,TPOS_S,-,-,-,-
2026-01-22 12:49:08:183,X,-910868,-15.51,TPOS_E,-910277,-15.5048,591,0.0101
2026-01-22 12:49:08:607,X,-910868,-15.51,TPOS,-293546,-5.0000,617322,10.5149
2026-01-22 12:49:08:791,X,-910868,-15.51,TPOS_S,-,-,-,-
2026-01-22 12:49:13:602,X,-293470,-5.00,TPOS_E,-293546,-5.0000,-76,-0.0013
2026-01-22 12:49:14:027,X,-293470,-5.00,TPOS,-910277,-15.5048,-616807,-10.5061
2026-01-22 12:49:14:190,X,-293470,-5.00,TPOS_S,-,-,-,-
2026-01-22 12:49:17:000,Z,-3876302,-44.02,TPOS_E,-3875502,-44.0078,800,0.0091
2026-01-22 12:49:17:405,X,-910883,-15.52,TPOS_E,-910277,-15.5048,606,0.0103
2026-01-22 12:49:17:428,Z,-3876302,-44.02,TPOS,-440320,-5.0000,3435982,39.0169
2026-01-22 12:49:17:471,X,-910883,-15.52,TPOS,-293546,-5.0000,617337,10.5151
2026-01-22 12:49:17:615,Z,-3876302,-44.02,TPOS_S,-,-,-,-
2026-01-22 12:49:17:739,X,-910883,-15.52,TPOS_S,-,-,-,-
2026-01-22 12:49:22:550,X,-293473,-5.00,TPOS_E,-293546,-5.0000,-73,-0.0012
2026-01-22 12:49:22:975,X,-293473,-5.00,TPOS,-910277,-15.5048,-616804,-10.5061
2026-01-22 12:49:23:161,X,-293473,-5.00,TPOS_S,-,-,-,-
2026-01-22 12:49:26:370,X,-910869,-15.51,TPOS_E,-910277,-15.5048,592,0.0101
2026-01-22 12:49:26:796,X,-910869,-15.51,TPOS,-293546,-5.0000,617323,10.5149
2026-01-22 12:49:26:982,X,-910869,-15.51,TPOS_S,-,-,-,-
2026-01-22 12:49:31:797,X,-293475,-5.00,TPOS_E,-293546,-5.0000,-71,-0.0012
2026-01-22 12:49:32:221,X,-293475,-5.00,TPOS,-910277,-15.5048,-616802,-10.5060
2026-01-22 12:49:32:407,X,-293475,-5.00,TPOS_S,-,-,-,-
2026-01-22 12:49:35:215,Z,-440155,-5.00,TPOS_E,-440320,-5.0000,-165,-0.0019
2026-01-22 12:49:35:619,X,-910868,-15.51,TPOS_E,-910277,-15.5048,591,0.0101
2026-01-22 12:49:35:644,Z,-440155,-5.00,TPOS,-3875502,-44.0078,-3435347,-39.0097
2026-01-22 12:49:35:689,X,-910868,-15.51,TPOS,-293546,-5.0000,617322,10.5149
2026-01-22 12:49:35:834,Z,-440155,-5.00,TPOS_S,-,-,-,-
2026-01-22 12:49:35:959,X,-910868,-15.51,TPOS_S,-,-,-,-
2026-01-22 12:49:40:975,X,-293486,-5.00,TPOS_E,-293546,-5.0000,-60,-0.0010
2026-01-22 12:49:41:399,X,-293486,-5.00,TPOS,-910277,-15.5048,-616791,-10.5058
2026-01-22 12:49:41:585,X,-293486,-5.00,TPOS_S,-,-,-,-
2026-01-22 12:49:44:794,X,-910874,-15.51,TPOS_E,-910277,-15.5048,597,0.0102
2026-01-22 12:49:45:218,X,-910874,-15.51,TPOS,-293546,-5.0000,617328,10.5150
2026-01-22 12:49:45:403,X,-910874,-15.51,TPOS_S,-,-,-,-
2026-01-22 12:49:50:218,X,-293474,-5.00,TPOS_E,-293546,-5.0000,-72,-0.0012
2026-01-22 12:49:50:644,X,-293474,-5.00,TPOS,-910277,-15.5048,-616803,-10.5060
2026-01-22 12:49:50:830,X,-293474,-5.00,TPOS_S,-,-,-,-
2026-01-22 12:49:53:436,Z,-3876303,-44.02,TPOS_E,-3875502,-44.0078,801,0.0091
2026-01-22 12:49:53:862,Z,-3876303,-44.02,TPOS,-440320,-5.0000,3435983,39.0169
2026-01-22 12:49:53:964,X,-910881,-15.52,TPOS_E,-910277,-15.5048,604,0.0103
2026-01-22 12:49:54:030,X,-910881,-15.52,TPOS,-293546,-5.0000,617335,10.5151
2026-01-22 12:49:54:074,Z,-3876303,-44.02,TPOS_S,-,-,-,-
2026-01-22 12:49:54:220,X,-910881,-15.52,TPOS_S,-,-,-,-
2026-01-22 12:49:59:035,X,-293492,-5.00,TPOS_E,-293546,-5.0000,-54,-0.0009
2026-01-22 12:49:59:458,X,-293492,-5.00,TPOS,-910277,-15.5048,-616785,-10.5057
2026-01-22 12:49:59:642,X,-293492,-5.00,TPOS_S,-,-,-,-
2026-01-22 12:50:02:852,X,-910866,-15.51,TPOS_E,-910277,-15.5048,589,0.0100
2026-01-22 12:50:03:277,X,-910866,-15.51,TPOS,-293546,-5.0000,617320,10.5149
2026-01-22 12:50:03:464,X,-910866,-15.51,TPOS_S,-,-,-,-
2026-01-22 12:50:08:275,X,-293481,-5.00,TPOS_E,-293546,-5.0000,-65,-0.0011
2026-01-22 12:50:08:701,X,-293481,-5.00,TPOS,-910277,-15.5048,-616796,-10.5059
2026-01-22 12:50:08:906,X,-293481,-5.00,TPOS_S,-,-,-,-
2026-01-22 12:50:11:514,Z,-440169,-5.00,TPOS_E,-440320,-5.0000,-151,-0.0017
2026-01-22 12:50:11:938,Z,-440169,-5.00,TPOS,-3875502,-44.0078,-3435333,-39.0095
2026-01-22 12:50:12:021,X,-910868,-15.51,TPOS_E,-910277,-15.5048,591,0.0101
2026-01-22 12:50:12:088,X,-910868,-15.51,TPOS,-293546,-5.0000,617322,10.5149
2026-01-22 12:50:12:112,Z,-440169,-5.00,TPOS_S,-,-,-,-
2026-01-22 12:50:12:260,X,-910868,-15.51,TPOS_S,-,-,-,-
2026-01-22 12:50:17:072,X,-293486,-5.00,TPOS_E,-293546,-5.0000,-60,-0.0010
2026-01-22 12:50:17:499,X,-293486,-5.00,TPOS,-910277,-15.5048,-616791,-10.5058
2026-01-22 12:50:17:684,X,-293486,-5.00,TPOS_S,-,-,-,-
2026-01-22 12:50:20:894,X,-910855,-15.51,TPOS_E,-910277,-15.5048,578,0.0098
2026-01-22 12:50:21:319,X,-910855,-15.51,TPOS,-293546,-5.0000,617309,10.5147
2026-01-22 12:50:21:505,X,-910855,-15.51,TPOS_S,-,-,-,-
2026-01-22 12:50:26:318,X,-293475,-5.00,TPOS_E,-293546,-5.0000,-71,-0.0012
2026-01-22 12:50:26:743,X,-293475,-5.00,TPOS,-910277,-15.5048,-616802,-10.5060
2026-01-22 12:50:26:931,X,-293475,-5.00,TPOS_S,-,-,-,-
2026-01-22 12:50:29:740,Z,-3876318,-44.02,TPOS_E,-3875502,-44.0078,816,0.0093
2026-01-22 12:50:30:144,X,-910872,-15.51,TPOS_E,-910277,-15.5048,595,0.0101
2026-01-22 12:50:30:165,Z,-3876318,-44.02,TPOS,-440320,-5.0000,3435998,39.0171
2026-01-22 12:50:30:210,X,-910872,-15.51,TPOS,-293546,-5.0000,617326,10.5150
2026-01-22 12:50:30:355,Z,-3876318,-44.02,TPOS_S,-,-,-,-
2026-01-22 12:50:30:502,X,-910872,-15.51,TPOS_S,-,-,-,-
2026-01-22 12:50:35:316,X,-293482,-5.00,TPOS_E,-293546,-5.0000,-64,-0.0011
2026-01-22 12:50:35:741,X,-293482,-5.00,TPOS,-910277,-15.5048,-616795,-10.5059
2026-01-22 12:50:35:926,X,-293482,-5.00,TPOS_S,-,-,-,-
2026-01-22 12:50:39:135,X,-910868,-15.51,TPOS_E,-910277,-15.5048,591,0.0101
2026-01-22 12:50:39:560,X,-910868,-15.51,TPOS,-293546,-5.0000,617322,10.5149
2026-01-22 12:50:39:766,X,-910868,-15.51,TPOS_S,-,-,-,-
2026-01-22 12:50:44:578,X,-293486,-5.00,TPOS_E,-293546,-5.0000,-60,-0.0010
2026-01-22 12:50:45:002,X,-293486,-5.00,TPOS,-910277,-15.5048,-616791,-10.5058
2026-01-22 12:50:45:188,X,-293486,-5.00,TPOS_S,-,-,-,-
2026-01-22 12:50:47:996,Z,-440161,-5.00,TPOS_E,-440320,-5.0000,-159,-0.0018
2026-01-22 12:50:48:401,X,-910871,-15.51,TPOS_E,-910277,-15.5048,594,0.0101
2026-01-22 12:50:48:424,Z,-440161,-5.00,TPOS,-3875502,-44.0078,-3435341,-39.0096
2026-01-22 12:50:48:468,X,-910871,-15.51,TPOS,-293546,-5.0000,617325,10.5149
2026-01-22 12:50:48:614,Z,-440161,-5.00,TPOS_S,-,-,-,-
2026-01-22 12:50:48:760,X,-910871,-15.51,TPOS_S,-,-,-,-
2026-01-22 12:50:53:575,X,-293484,-5.00,TPOS_E,-293546,-5.0000,-62,-0.0011
2026-01-22 12:50:54:000,X,-293484,-5.00,TPOS,-910277,-15.5048,-616793,-10.5059
2026-01-22 12:50:54:208,X,-293484,-5.00,TPOS_S,-,-,-,-
2026-01-22 12:50:57:420,X,-910858,-15.51,TPOS_E,-910277,-15.5048,581,0.0099
2026-01-22 12:50:57:848,X,-910858,-15.51,TPOS,-293546,-5.0000,617312,10.5147
2026-01-22 12:50:58:033,X,-910858,-15.51,TPOS_S,-,-,-,-
2026-01-22 12:51:02:846,X,-293485,-5.00,TPOS_E,-293546,-5.0000,-61,-0.0010
2026-01-22 12:51:03:270,X,-293485,-5.00,TPOS,-910277,-15.5048,-616792,-10.5059
2026-01-22 12:51:03:475,X,-293485,-5.00,TPOS_S,-,-,-,-
2026-01-22 12:51:06:284,Z,-3876320,-44.02,TPOS_E,-3875502,-44.0078,818,0.0093
2026-01-22 12:51:06:687,X,-910872,-15.51,TPOS_E,-910277,-15.5048,595,0.0101
2026-01-22 12:51:06:709,Z,-3876320,-44.02,TPOS,-440320,-5.0000,3436000,39.0171
2026-01-22 12:51:06:752,X,-910872,-15.51,TPOS,-293546,-5.0000,617326,10.5150
2026-01-22 12:51:06:876,Z,-3876320,-44.02,TPOS_S,-,-,-,-
2026-01-22 12:51:07:021,X,-910872,-15.51,TPOS_S,-,-,-,-
2026-01-22 12:51:11:832,X,-293483,-5.00,TPOS_E,-293546,-5.0000,-63,-0.0011
2026-01-22 12:51:12:257,X,-293483,-5.00,TPOS,-910277,-15.5048,-616794,-10.5059
2026-01-22 12:51:12:443,X,-293483,-5.00,TPOS_S,-,-,-,-
2026-01-22 12:51:15:654,X,-910862,-15.51,TPOS_E,-910277,-15.5048,585,0.0100
2026-01-22 12:51:16:080,X,-910862,-15.51,TPOS,-293546,-5.0000,617316,10.5148
2026-01-22 12:51:16:265,X,-910862,-15.51,TPOS_S,-,-,-,-
2026-01-22 12:51:21:078,X,-293496,-5.00,TPOS_E,-293546,-5.0000,-50,-0.0009
2026-01-22 12:51:21:503,X,-293496,-5.00,TPOS,-910277,-15.5048,-616781,-10.5057
2026-01-22 12:51:21:688,X,-293496,-5.00,TPOS_S,-,-,-,-
2026-01-22 12:51:24:496,Z,-440159,-5.00,TPOS_E,-440320,-5.0000,-161,-0.0018
2026-01-22 12:51:24:899,X,-910865,-15.51,TPOS_E,-910277,-15.5048,588,0.0100
2026-01-22 12:51:24:920,Z,-440159,-5.00,TPOS,-3875502,-44.0078,-3435343,-39.0096
2026-01-22 12:51:24:966,X,-910865,-15.51,TPOS,-293546,-5.0000,617319,10.5148
2026-01-22 12:51:25:111,Z,-440159,-5.00,TPOS_S,-,-,-,-
2026-01-22 12:51:25:235,X,-910865,-15.51,TPOS_S,-,-,-,-
2026-01-22 12:51:30:248,X,-293486,-5.00,TPOS_E,-293546,-5.0000,-60,-0.0010
2026-01-22 12:51:30:672,X,-293486,-5.00,TPOS,-910277,-15.5048,-616791,-10.5058
2026-01-22 12:51:30:857,X,-293486,-5.00,TPOS_S,-,-,-,-
2026-01-22 12:51:34:063,X,-910858,-15.51,TPOS_E,-910277,-15.5048,581,0.0099
2026-01-22 12:51:34:490,X,-910858,-15.51,TPOS,-293546,-5.0000,617312,10.5147
2026-01-22 12:51:34:696,X,-910858,-15.51,TPOS_S,-,-,-,-
2026-01-22 12:51:39:509,X,-293483,-5.00,TPOS_E,-293546,-5.0000,-63,-0.0011
2026-01-22 12:51:39:934,X,-293483,-5.00,TPOS,-910277,-15.5048,-616794,-10.5059
2026-01-22 12:51:40:119,X,-293483,-5.00,TPOS_S,-,-,-,-
2026-01-22 12:51:42:726,Z,-3876302,-44.02,TPOS_E,-3875502,-44.0078,800,0.0091
2026-01-22 12:51:43:151,Z,-3876302,-44.02,TPOS,-440320,-5.0000,3435982,39.0169
2026-01-22 12:51:43:256,X,-910870,-15.51,TPOS_E,-910277,-15.5048,593,0.0101
2026-01-22 12:51:43:322,X,-910870,-15.51,TPOS,-293546,-5.0000,617324,10.5149
2026-01-22 12:51:43:322,Z,-3876302,-44.02,TPOS_S,-,-,-,-
2026-01-22 12:51:43:510,X,-910870,-15.51,TPOS_S,-,-,-,-
2026-01-22 12:51:48:322,X,-293495,-5.00,TPOS_E,-293546,-5.0000,-51,-0.0009
2026-01-22 12:51:48:749,X,-293495,-5.00,TPOS,-910277,-15.5048,-616782,-10.5057
2026-01-22 12:51:48:933,X,-293495,-5.00,TPOS_S,-,-,-,-
2026-01-22 12:51:52:141,X,-910867,-15.51,TPOS_E,-910277,-15.5048,590,0.0100
2026-01-22 12:51:52:565,X,-910867,-15.51,TPOS,-293546,-5.0000,617321,10.5149
2026-01-22 12:51:52:750,X,-910867,-15.51,TPOS_S,-,-,-,-
2026-01-22 12:51:57:762,X,-293489,-5.00,TPOS_E,-293546,-5.0000,-57,-0.0010
2026-01-22 12:51:58:188,X,-293489,-5.00,TPOS,-910277,-15.5048,-616788,-10.5058
2026-01-22 12:51:58:375,X,-293489,-5.00,TPOS_S,-,-,-,-
2026-01-22 12:52:00:780,Z,-440164,-5.00,TPOS_E,-440320,-5.0000,-156,-0.0018
2026-01-22 12:52:01:204,Z,-440164,-5.00,TPOS,-3875502,-44.0078,-3435338,-39.0096
2026-01-22 12:52:01:410,Z,-440164,-5.00,TPOS_S,-,-,-,-
2026-01-22 12:52:01:612,X,-910850,-15.51,TPOS_E,-910277,-15.5048,573,0.0098
2026-01-22 12:52:02:036,X,-910850,-15.51,TPOS,-293546,-5.0000,617304,10.5146
2026-01-22 12:52:02:223,X,-910850,-15.51,TPOS_S,-,-,-,-
2026-01-22 12:52:07:235,X,-293489,-5.00,TPOS_E,-293546,-5.0000,-57,-0.0010
2026-01-22 12:52:07:661,X,-293489,-5.00,TPOS,-910277,-15.5048,-616788,-10.5058
2026-01-22 12:52:07:847,X,-293489,-5.00,TPOS_S,-,-,-,-
2026-01-22 12:52:11:058,X,-910868,-15.51,TPOS_E,-910277,-15.5048,591,0.0101
2026-01-22 12:52:11:486,X,-910868,-15.51,TPOS,-293546,-5.0000,617322,10.5149
2026-01-22 12:52:11:671,X,-910868,-15.51,TPOS_S,-,-,-,-
2026-01-22 12:52:16:683,X,-293491,-5.00,TPOS_E,-293546,-5.0000,-55,-0.0009
2026-01-22 12:52:17:107,X,-293491,-5.00,TPOS,-910277,-15.5048,-616786,-10.5058
2026-01-22 12:52:17:271,X,-293491,-5.00,TPOS_S,-,-,-,-
2026-01-22 12:52:19:076,Z,-3876300,-44.02,TPOS_E,-3875502,-44.0078,798,0.0091
2026-01-22 12:52:19:502,Z,-3876300,-44.02,TPOS,-440320,-5.0000,3435980,39.0169
2026-01-22 12:52:19:688,Z,-3876300,-44.02,TPOS_S,-,-,-,-
2026-01-22 12:52:20:493,X,-910868,-15.51,TPOS_E,-910277,-15.5048,591,0.0101
2026-01-22 12:52:20:918,X,-910868,-15.51,TPOS,-293546,-5.0000,617322,10.5149
2026-01-22 12:52:21:124,X,-910868,-15.51,TPOS_S,-,-,-,-
2026-01-22 12:52:25:937,X,-293496,-5.00,TPOS_E,-293546,-5.0000,-50,-0.0009
2026-01-22 12:52:26:361,X,-293496,-5.00,TPOS,-910277,-15.5048,-616781,-10.5057
2026-01-22 12:52:26:568,X,-293496,-5.00,TPOS_S,-,-,-,-
2026-01-22 12:52:29:779,X,-910863,-15.51,TPOS_E,-910277,-15.5048,586,0.0100
2026-01-22 12:52:30:205,X,-910863,-15.51,TPOS,-293546,-5.0000,617317,10.5148
2026-01-22 12:52:30:390,X,-910863,-15.51,TPOS_S,-,-,-,-
2026-01-22 12:52:35:406,X,-293502,-5.00,TPOS_E,-293546,-5.0000,-44,-0.0007
2026-01-22 12:52:35:832,X,-293502,-5.00,TPOS,-910277,-15.5048,-616775,-10.5056
2026-01-22 12:52:36:018,X,-293502,-5.00,TPOS_S,-,-,-,-
2026-01-22 12:52:37:223,Z,-440145,-5.00,TPOS_E,-440320,-5.0000,-175,-0.0020
2026-01-22 12:52:37:647,Z,-440145,-5.00,TPOS,-3875502,-44.0078,-3435357,-39.0098
2026-01-22 12:52:37:853,Z,-440145,-5.00,TPOS_S,-,-,-,-
2026-01-22 12:52:39:258,X,-910857,-15.51,TPOS_E,-910277,-15.5048,580,0.0099
2026-01-22 12:52:39:684,X,-910857,-15.51,TPOS,-293546,-5.0000,617311,10.5147
2026-01-22 12:52:39:870,X,-910857,-15.51,TPOS_S,-,-,-,-
2026-01-22 12:52:44:888,X,-293487,-5.00,TPOS_E,-293546,-5.0000,-59,-0.0010
2026-01-22 12:52:45:313,X,-293487,-5.00,TPOS,-910277,-15.5048,-616790,-10.5058
2026-01-22 12:52:45:520,X,-293487,-5.00,TPOS_S,-,-,-,-
2026-01-22 12:52:48:730,X,-910859,-15.51,TPOS_E,-910277,-15.5048,582,0.0099
2026-01-22 12:52:49:155,X,-910859,-15.51,TPOS,-293546,-5.0000,617313,10.5147
2026-01-22 12:52:49:341,X,-910859,-15.51,TPOS_S,-,-,-,-
2026-01-22 12:52:54:357,X,-293496,-5.00,TPOS_E,-293546,-5.0000,-50,-0.0009
2026-01-22 12:52:54:781,X,-293496,-5.00,TPOS,-910277,-15.5048,-616781,-10.5057
2026-01-22 12:52:54:988,X,-293496,-5.00,TPOS_S,-,-,-,-
2026-01-22 12:52:55:590,Z,-3876285,-44.02,TPOS_E,-3875502,-44.0078,783,0.0089
2026-01-22 12:52:56:015,Z,-3876285,-44.02,TPOS,-440320,-5.0000,3435965,39.0167
2026-01-22 12:52:56:220,Z,-3876285,-44.02,TPOS_S,-,-,-,-
2026-01-22 12:52:58:226,X,-910855,-15.51,TPOS_E,-910277,-15.5048,578,0.0098
2026-01-22 12:52:58:652,X,-910855,-15.51,TPOS,-293546,-5.0000,617309,10.5147
2026-01-22 12:52:58:837,X,-910855,-15.51,TPOS_S,-,-,-,-
2026-01-22 12:53:03:851,X,-293490,-5.00,TPOS_E,-293546,-5.0000,-56,-0.0010
2026-01-22 12:53:04:275,X,-293490,-5.00,TPOS,-910277,-15.5048,-616787,-10.5058
2026-01-22 12:53:04:440,X,-293490,-5.00,TPOS_S,-,-,-,-
2026-01-22 12:53:07:648,X,-910852,-15.51,TPOS_E,-910277,-15.5048,575,0.0098
2026-01-22 12:53:08:072,X,-910852,-15.51,TPOS,-293546,-5.0000,617306,10.5146
2026-01-22 12:53:08:257,X,-910852,-15.51,TPOS_S,-,-,-,-
2026-01-22 12:53:13:275,X,-293509,-5.00,TPOS_E,-293546,-5.0000,-37,-0.0006
2026-01-22 12:53:13:677,Z,-440132,-5.00,TPOS_E,-440320,-5.0000,-188,-0.0021
2026-01-22 12:53:13:699,X,-293509,-5.00,TPOS,-910277,-15.5048,-616768,-10.5055
2026-01-22 12:53:13:744,Z,-440132,-5.00,TPOS,-3875502,-44.0078,-3435370,-39.0099
2026-01-22 12:53:13:868,X,-293509,-5.00,TPOS_S,-,-,-,-
2026-01-22 12:53:14:011,Z,-440132,-5.00,TPOS_S,-,-,-,-
2026-01-22 12:53:17:019,X,-910858,-15.51,TPOS_E,-910277,-15.5048,581,0.0099
2026-01-22 12:53:17:444,X,-910858,-15.51,TPOS,-293546,-5.0000,617312,10.5147
2026-01-22 12:53:17:631,X,-910858,-15.51,TPOS_S,-,-,-,-
2026-01-22 12:53:22:442,X,-293492,-5.00,TPOS_E,-293546,-5.0000,-54,-0.0009
2026-01-22 12:53:22:867,X,-293492,-5.00,TPOS,-910277,-15.5048,-616785,-10.5057
2026-01-22 12:53:23:052,X,-293492,-5.00,TPOS_S,-,-,-,-
2026-01-22 12:53:26:261,X,-910851,-15.51,TPOS_E,-910277,-15.5048,574,0.0098
2026-01-22 12:53:26:688,X,-910851,-15.51,TPOS,-293546,-5.0000,617305,10.5146
2026-01-22 12:53:26:874,X,-910851,-15.51,TPOS_S,-,-,-,-
2026-01-22 12:53:31:687,Z,-3876273,-44.02,TPOS_E,-3875502,-44.0078,771,0.0088
2026-01-22 12:53:31:890,X,-293500,-5.00,TPOS_E,-293546,-5.0000,-46,-0.0008
2026-01-22 12:53:32:114,Z,-3876273,-44.02,TPOS,-440320,-5.0000,3435953,39.0165
2026-01-22 12:53:32:136,X,-293500,-5.00,TPOS,-910277,-15.5048,-616777,-10.5056
2026-01-22 12:53:32:300,Z,-3876273,-44.02,TPOS_S,-,-,-,-
2026-01-22 12:53:32:446,X,-293500,-5.00,TPOS_S,-,-,-,-
2026-01-22 12:53:35:655,X,-910861,-15.51,TPOS_E,-910277,-15.5048,584,0.0099
2026-01-22 12:53:36:079,X,-910861,-15.51,TPOS,-293546,-5.0000,617315,10.5148
2026-01-22 12:53:36:264,X,-910861,-15.51,TPOS_S,-,-,-,-
2026-01-22 12:53:41:279,X,-293512,-5.00,TPOS_E,-293546,-5.0000,-34,-0.0006
2026-01-22 12:53:41:702,X,-293512,-5.00,TPOS,-910277,-15.5048,-616765,-10.5054
2026-01-22 12:53:41:890,X,-293512,-5.00,TPOS_S,-,-,-,-
2026-01-22 12:53:45:102,X,-910851,-15.51,TPOS_E,-910277,-15.5048,574,0.0098
2026-01-22 12:53:45:525,X,-910851,-15.51,TPOS,-293546,-5.0000,617305,10.5146
2026-01-22 12:53:45:710,X,-910851,-15.51,TPOS_S,-,-,-,-
2026-01-22 12:53:49:923,Z,-440156,-5.00,TPOS_E,-440320,-5.0000,-164,-0.0019
2026-01-22 12:53:50:349,Z,-440156,-5.00,TPOS,-3875502,-44.0078,-3435346,-39.0097
2026-01-22 12:53:50:535,Z,-440156,-5.00,TPOS_S,-,-,-,-
2026-01-22 12:53:50:738,X,-293501,-5.00,TPOS_E,-293546,-5.0000,-45,-0.0008
2026-01-22 12:53:51:163,X,-293501,-5.00,TPOS,-910277,-15.5048,-616776,-10.5056
2026-01-22 12:53:51:349,X,-293501,-5.00,TPOS_S,-,-,-,-
2026-01-22 12:53:54:560,X,-910847,-15.51,TPOS_E,-910277,-15.5048,570,0.0097
2026-01-22 12:53:54:986,X,-910847,-15.51,TPOS,-293546,-5.0000,617301,10.5145
2026-01-22 12:53:55:171,X,-910847,-15.51,TPOS_S,-,-,-,-
2026-01-22 12:54:00:183,X,-293508,-5.00,TPOS_E,-293546,-5.0000,-38,-0.0006
2026-01-22 12:54:00:608,X,-293508,-5.00,TPOS,-910277,-15.5048,-616769,-10.5055
2026-01-22 12:54:00:819,X,-293508,-5.00,TPOS_S,-,-,-,-
2026-01-22 12:54:04:032,X,-910855,-15.51,TPOS_E,-910277,-15.5048,578,0.0098
2026-01-22 12:54:04:459,X,-910855,-15.51,TPOS,-293546,-5.0000,617309,10.5147
2026-01-22 12:54:04:644,X,-910855,-15.51,TPOS_S,-,-,-,-
2026-01-22 12:54:08:256,Z,-3876282,-44.02,TPOS_E,-3875502,-44.0078,780,0.0089
2026-01-22 12:54:08:680,Z,-3876282,-44.02,TPOS,-440320,-5.0000,3435962,39.0166
2026-01-22 12:54:08:864,Z,-3876282,-44.02,TPOS_S,-,-,-,-
2026-01-22 12:54:09:666,X,-293514,-5.00,TPOS_E,-293546,-5.0000,-32,-0.0005
2026-01-22 12:54:10:091,X,-293514,-5.00,TPOS,-910277,-15.5048,-616763,-10.5054
2026-01-22 12:54:10:297,X,-293514,-5.00,TPOS_S,-,-,-,-
2026-01-22 12:54:13:504,X,-910845,-15.51,TPOS_E,-910277,-15.5048,568,0.0097
2026-01-22 12:54:13:930,X,-910845,-15.51,TPOS,-293546,-5.0000,617299,10.5145
2026-01-22 12:54:14:115,X,-910845,-15.51,TPOS_S,-,-,-,-
2026-01-22 12:54:19:128,X,-293498,-5.00,TPOS_E,-293546,-5.0000,-48,-0.0008
2026-01-22 12:54:19:552,X,-293498,-5.00,TPOS,-910277,-15.5048,-616779,-10.5056
2026-01-22 12:54:19:737,X,-293498,-5.00,TPOS_S,-,-,-,-
2026-01-22 12:54:22:948,X,-910852,-15.51,TPOS_E,-910277,-15.5048,575,0.0098
2026-01-22 12:54:23:375,X,-910852,-15.51,TPOS,-293546,-5.0000,617306,10.5146
2026-01-22 12:54:23:559,X,-910852,-15.51,TPOS_S,-,-,-,-
2026-01-22 12:54:26:367,Z,-440154,-5.00,TPOS_E,-440320,-5.0000,-166,-0.0019
2026-01-22 12:54:26:791,Z,-440154,-5.00,TPOS,-3875502,-44.0078,-3435348,-39.0097
2026-01-22 12:54:26:978,Z,-440154,-5.00,TPOS_S,-,-,-,-
2026-01-22 12:54:28:584,X,-293491,-5.00,TPOS_E,-293546,-5.0000,-55,-0.0009
2026-01-22 12:54:29:009,X,-293491,-5.00,TPOS,-910277,-15.5048,-616786,-10.5058
2026-01-22 12:54:29:196,X,-293491,-5.00,TPOS_S,-,-,-,-
2026-01-22 12:54:32:404,X,-910850,-15.51,TPOS_E,-910277,-15.5048,573,0.0098
2026-01-22 12:54:32:828,X,-910850,-15.51,TPOS,-293546,-5.0000,617304,10.5146
2026-01-22 12:54:33:013,X,-910850,-15.51,TPOS_S,-,-,-,-
2026-01-22 12:54:38:027,X,-293498,-5.00,TPOS_E,-293546,-5.0000,-48,-0.0008
2026-01-22 12:54:38:455,X,-293498,-5.00,TPOS,-910277,-15.5048,-616779,-10.5056
2026-01-22 12:54:38:640,X,-293498,-5.00,TPOS_S,-,-,-,-
2026-01-22 12:54:41:850,X,-910859,-15.51,TPOS_E,-910277,-15.5048,582,0.0099
2026-01-22 12:54:42:274,X,-910859,-15.51,TPOS,-293546,-5.0000,617313,10.5147
2026-01-22 12:54:42:461,X,-910859,-15.51,TPOS_S,-,-,-,-
2026-01-22 12:54:44:669,Z,-3876290,-44.02,TPOS_E,-3875502,-44.0078,788,0.0089
2026-01-22 12:54:45:094,Z,-3876290,-44.02,TPOS,-440320,-5.0000,3435970,39.0167
2026-01-22 12:54:45:278,Z,-3876290,-44.02,TPOS_S,-,-,-,-
2026-01-22 12:54:47:484,X,-293500,-5.00,TPOS_E,-293546,-5.0000,-46,-0.0008
2026-01-22 12:54:47:915,X,-293500,-5.00,TPOS,-910277,-15.5048,-616777,-10.5056
2026-01-22 12:54:48:099,X,-293500,-5.00,TPOS_S,-,-,-,-
2026-01-22 12:54:51:308,X,-910853,-15.51,TPOS_E,-910277,-15.5048,576,0.0098
2026-01-22 12:54:51:734,X,-910853,-15.51,TPOS,-293546,-5.0000,617307,10.5146
2026-01-22 12:54:51:941,X,-910853,-15.51,TPOS_S,-,-,-,-
2026-01-22 12:54:56:950,X,-293496,-5.00,TPOS_E,-293546,-5.0000,-50,-0.0009
2026-01-22 12:54:57:374,X,-293496,-5.00,TPOS,-910277,-15.5048,-616781,-10.5057
2026-01-22 12:54:57:562,X,-293496,-5.00,TPOS_S,-,-,-,-
2026-01-22 12:55:00:772,X,-910852,-15.51,TPOS_E,-910277,-15.5048,575,0.0098
2026-01-22 12:55:01:198,X,-910852,-15.51,TPOS,-293546,-5.0000,617306,10.5146
2026-01-22 12:55:01:362,X,-910852,-15.51,TPOS_S,-,-,-,-
2026-01-22 12:55:02:767,Z,-440150,-5.00,TPOS_E,-440320,-5.0000,-170,-0.0019
2026-01-22 12:55:03:194,Z,-440150,-5.00,TPOS,-3875502,-44.0078,-3435352,-39.0097
2026-01-22 12:55:03:400,Z,-440150,-5.00,TPOS_S,-,-,-,-
2026-01-22 12:55:06:409,X,-293496,-5.00,TPOS_E,-293546,-5.0000,-50,-0.0009
2026-01-22 12:55:06:833,X,-293496,-5.00,TPOS,-910277,-15.5048,-616781,-10.5057
2026-01-22 12:55:07:018,X,-293496,-5.00,TPOS_S,-,-,-,-
2026-01-22 12:55:10:228,X,-910868,-15.51,TPOS_E,-910277,-15.5048,591,0.0101
2026-01-22 12:55:10:653,X,-910868,-15.51,TPOS,-293546,-5.0000,617322,10.5149
2026-01-22 12:55:10:819,X,-910868,-15.51,TPOS_S,-,-,-,-
2026-01-22 12:55:15:834,X,-293500,-5.00,TPOS_E,-293546,-5.0000,-46,-0.0008
2026-01-22 12:55:16:258,X,-293500,-5.00,TPOS,-910277,-15.5048,-616777,-10.5056
2026-01-22 12:55:16:442,X,-293500,-5.00,TPOS_S,-,-,-,-
2026-01-22 12:55:19:651,X,-910856,-15.51,TPOS_E,-910277,-15.5048,579,0.0099
2026-01-22 12:55:20:074,X,-910856,-15.51,TPOS,-293546,-5.0000,617310,10.5147
2026-01-22 12:55:20:259,X,-910856,-15.51,TPOS_S,-,-,-,-
2026-01-22 12:55:21:062,Z,-3876298,-44.02,TPOS_E,-3875502,-44.0078,796,0.0090
2026-01-22 12:55:21:486,Z,-3876298,-44.02,TPOS,-440320,-5.0000,3435978,39.0168
2026-01-22 12:55:21:670,Z,-3876298,-44.02,TPOS_S,-,-,-,-
2026-01-22 12:55:25:280,X,-293498,-5.00,TPOS_E,-293546,-5.0000,-48,-0.0008
2026-01-22 12:55:25:704,X,-293498,-5.00,TPOS,-910277,-15.5048,-616779,-10.5056
2026-01-22 12:55:25:909,X,-293498,-5.00,TPOS_S,-,-,-,-
2026-01-22 12:55:29:116,X,-910855,-15.51,TPOS_E,-910277,-15.5048,578,0.0098
2026-01-22 12:55:29:543,X,-910855,-15.51,TPOS,-293546,-5.0000,617309,10.5147
2026-01-22 12:55:29:727,X,-910855,-15.51,TPOS_S,-,-,-,-
2026-01-22 12:55:34:739,X,-293507,-5.00,TPOS_E,-293546,-5.0000,-39,-0.0007
2026-01-22 12:55:35:164,X,-293507,-5.00,TPOS,-910277,-15.5048,-616770,-10.5055
2026-01-22 12:55:35:369,X,-293507,-5.00,TPOS_S,-,-,-,-
2026-01-22 12:55:38:576,X,-910867,-15.51,TPOS_E,-910277,-15.5048,590,0.0100
2026-01-22 12:55:39:003,X,-910867,-15.51,TPOS,-293546,-5.0000,617321,10.5149
2026-01-22 12:55:39:107,Z,-440146,-5.00,TPOS_E,-440320,-5.0000,-174,-0.0020
2026-01-22 12:55:39:171,Z,-440146,-5.00,TPOS,-3875502,-44.0078,-3435356,-39.0098
2026-01-22 12:55:39:193,X,-910867,-15.51,TPOS_S,-,-,-,-
2026-01-22 12:55:39:358,Z,-440146,-5.00,TPOS_S,-,-,-,-
2026-01-22 12:55:44:172,X,-293512,-5.00,TPOS_E,-293546,-5.0000,-34,-0.0006
2026-01-22 12:55:44:597,X,-293512,-5.00,TPOS,-910277,-15.5048,-616765,-10.5054
2026-01-22 12:55:44:781,X,-293512,-5.00,TPOS_S,-,-,-,-
2026-01-22 12:55:47:991,X,-910854,-15.51,TPOS_E,-910277,-15.5048,577,0.0098
2026-01-22 12:55:48:415,X,-910854,-15.51,TPOS,-293546,-5.0000,617308,10.5146
2026-01-22 12:55:48:600,X,-910854,-15.51,TPOS_S,-,-,-,-
2026-01-22 12:55:53:412,X,-293506,-5.00,TPOS_E,-293546,-5.0000,-40,-0.0007
2026-01-22 12:55:53:836,X,-293506,-5.00,TPOS,-910277,-15.5048,-616771,-10.5055
2026-01-22 12:55:54:022,X,-293506,-5.00,TPOS_S,-,-,-,-
2026-01-22 12:55:57:030,Z,-3876314,-44.02,TPOS_E,-3875502,-44.0078,812,0.0092
2026-01-22 12:55:57:232,X,-910866,-15.51,TPOS_E,-910277,-15.5048,589,0.0100
2026-01-22 12:55:57:456,Z,-3876314,-44.02,TPOS,-440320,-5.0000,3435994,39.0170
2026-01-22 12:55:57:478,X,-910866,-15.51,TPOS,-293546,-5.0000,617320,10.5149
2026-01-22 12:55:57:645,Z,-3876314,-44.02,TPOS_S,-,-,-,-
2026-01-22 12:55:57:790,X,-910866,-15.51,TPOS_S,-,-,-,-
2026-01-22 12:56:02:604,X,-293494,-5.00,TPOS_E,-293546,-5.0000,-52,-0.0009
2026-01-22 12:56:03:029,X,-293494,-5.00,TPOS,-910277,-15.5048,-616783,-10.5057
2026-01-22 12:56:03:237,X,-293494,-5.00,TPOS_S,-,-,-,-
2026-01-22 12:56:06:447,X,-910861,-15.51,TPOS_E,-910277,-15.5048,584,0.0099
2026-01-22 12:56:06:872,X,-910861,-15.51,TPOS,-293546,-5.0000,617315,10.5148
2026-01-22 12:56:07:057,X,-910861,-15.51,TPOS_S,-,-,-,-
2026-01-22 12:56:12:074,X,-293512,-5.00,TPOS_E,-293546,-5.0000,-34,-0.0006
2026-01-22 12:56:12:502,X,-293512,-5.00,TPOS,-910277,-15.5048,-616765,-10.5054
2026-01-22 12:56:12:688,X,-293512,-5.00,TPOS_S,-,-,-,-
2026-01-22 12:56:15:096,Z,-440165,-5.00,TPOS_E,-440320,-5.0000,-155,-0.0018
2026-01-22 12:56:15:522,Z,-440165,-5.00,TPOS,-3875502,-44.0078,-3435337,-39.0095
2026-01-22 12:56:15:706,Z,-440165,-5.00,TPOS_S,-,-,-,-
2026-01-22 12:56:15:907,X,-910848,-15.51,TPOS_E,-910277,-15.5048,571,0.0097
2026-01-22 12:56:16:333,X,-910848,-15.51,TPOS,-293546,-5.0000,617302,10.5145
2026-01-22 12:56:16:517,X,-910848,-15.51,TPOS_S,-,-,-,-
2026-01-22 12:56:21:531,X,-293518,-5.00,TPOS_E,-293546,-5.0000,-28,-0.0005
2026-01-22 12:56:21:955,X,-293518,-5.00,TPOS,-910277,-15.5048,-616759,-10.5053
2026-01-22 12:56:22:143,X,-293518,-5.00,TPOS_S,-,-,-,-
2026-01-22 12:56:25:356,X,-910853,-15.51,TPOS_E,-910277,-15.5048,576,0.0098
2026-01-22 12:56:25:780,X,-910853,-15.51,TPOS,-293546,-5.0000,617307,10.5146
2026-01-22 12:56:25:966,X,-910853,-15.51,TPOS_S,-,-,-,-
2026-01-22 12:56:30:978,X,-293510,-5.00,TPOS_E,-293546,-5.0000,-36,-0.0006
2026-01-22 12:56:31:403,X,-293510,-5.00,TPOS,-910277,-15.5048,-616767,-10.5054
2026-01-22 12:56:31:588,X,-293510,-5.00,TPOS_S,-,-,-,-
2026-01-22 12:56:33:395,Z,-3876281,-44.02,TPOS_E,-3875502,-44.0078,779,0.0088
2026-01-22 12:56:33:821,Z,-3876281,-44.02,TPOS,-440320,-5.0000,3435961,39.0166
2026-01-22 12:56:34:006,Z,-3876281,-44.02,TPOS_S,-,-,-,-
2026-01-22 12:56:34:812,X,-910851,-15.51,TPOS_E,-910277,-15.5048,574,0.0098
2026-01-22 12:56:35:236,X,-910851,-15.51,TPOS,-293546,-5.0000,617305,10.5146
2026-01-22 12:56:35:423,X,-910851,-15.51,TPOS_S,-,-,-,-
2026-01-22 12:56:40:438,X,-293528,-5.00,TPOS_E,-293546,-5.0000,-18,-0.0003
2026-01-22 12:56:40:862,X,-293528,-5.00,TPOS,-910277,-15.5048,-616749,-10.5051
2026-01-22 12:56:41:047,X,-293528,-5.00,TPOS_S,-,-,-,-
2026-01-22 12:56:44:257,X,-910853,-15.51,TPOS_E,-910277,-15.5048,576,0.0098
2026-01-22 12:56:44:682,X,-910853,-15.51,TPOS,-293546,-5.0000,617307,10.5146
2026-01-22 12:56:44:889,X,-910853,-15.51,TPOS_S,-,-,-,-
2026-01-22 12:56:49:903,X,-293509,-5.00,TPOS_E,-293546,-5.0000,-37,-0.0006
2026-01-22 12:56:50:327,X,-293509,-5.00,TPOS,-910277,-15.5048,-616768,-10.5055
2026-01-22 12:56:50:513,X,-293509,-5.00,TPOS_S,-,-,-,-
2026-01-22 12:56:51:519,Z,-440140,-5.00,TPOS_E,-440320,-5.0000,-180,-0.0020
2026-01-22 12:56:51:944,Z,-440140,-5.00,TPOS,-3875502,-44.0078,-3435362,-39.0098
2026-01-22 12:56:52:129,Z,-440140,-5.00,TPOS_S,-,-,-,-
2026-01-22 12:56:53:735,X,-910845,-15.51,TPOS_E,-910277,-15.5048,568,0.0097
2026-01-22 12:56:54:158,X,-910845,-15.51,TPOS,-293546,-5.0000,617299,10.5145
2026-01-22 12:56:54:365,X,-910845,-15.51,TPOS_S,-,-,-,-
2026-01-22 12:56:59:380,X,-293514,-5.00,TPOS_E,-293546,-5.0000,-32,-0.0005
2026-01-22 12:56:59:805,X,-293514,-5.00,TPOS,-910277,-15.5048,-616763,-10.5054
2026-01-22 12:56:59:989,X,-293514,-5.00,TPOS_S,-,-,-,-
2026-01-22 12:57:03:200,X,-910856,-15.51,TPOS_E,-910277,-15.5048,579,0.0099
2026-01-22 12:57:03:626,X,-910856,-15.51,TPOS,-293546,-5.0000,617310,10.5147
2026-01-22 12:57:03:832,X,-910856,-15.51,TPOS_S,-,-,-,-
2026-01-22 12:57:08:848,X,-293498,-5.00,TPOS_E,-293546,-5.0000,-48,-0.0008
2026-01-22 12:57:09:273,X,-293498,-5.00,TPOS,-910277,-15.5048,-616779,-10.5056
2026-01-22 12:57:09:458,X,-293498,-5.00,TPOS_S,-,-,-,-
2026-01-22 12:57:09:860,Z,-3876300,-44.02,TPOS_E,-3875502,-44.0078,798,0.0091
2026-01-22 12:57:10:284,Z,-3876300,-44.02,TPOS,-440320,-5.0000,3435980,39.0169
2026-01-22 12:57:10:470,Z,-3876300,-44.02,TPOS_S,-,-,-,-
2026-01-22 12:57:12:676,X,-910860,-15.51,TPOS_E,-910277,-15.5048,583,0.0099
2026-01-22 12:57:13:101,X,-910860,-15.51,TPOS,-293546,-5.0000,617314,10.5148
2026-01-22 12:57:13:306,X,-910860,-15.51,TPOS_S,-,-,-,-
2026-01-22 12:57:18:318,X,-293521,-5.00,TPOS_E,-293546,-5.0000,-25,-0.0004
2026-01-22 12:57:18:744,X,-293521,-5.00,TPOS,-910277,-15.5048,-616756,-10.5052
2026-01-22 12:57:18:927,X,-293521,-5.00,TPOS_S,-,-,-,-
2026-01-22 12:57:22:136,X,-910848,-15.51,TPOS_E,-910277,-15.5048,571,0.0097
2026-01-22 12:57:22:562,X,-910848,-15.51,TPOS,-293546,-5.0000,617302,10.5145
2026-01-22 12:57:22:768,X,-910848,-15.51,TPOS_S,-,-,-,-
2026-01-22 12:57:27:781,X,-293515,-5.00,TPOS_E,-293546,-5.0000,-31,-0.0005
2026-01-22 12:57:27:984,Z,-440145,-5.00,TPOS_E,-440320,-5.0000,-175,-0.0020
2026-01-22 12:57:28:208,X,-293515,-5.00,TPOS,-910277,-15.5048,-616762,-10.5053
2026-01-22 12:57:28:230,Z,-440145,-5.00,TPOS,-3875502,-44.0078,-3435357,-39.0098
2026-01-22 12:57:28:394,X,-293515,-5.00,TPOS_S,-,-,-,-
2026-01-22 12:57:28:537,Z,-440145,-5.00,TPOS_S,-,-,-,-
2026-01-22 12:57:31:547,X,-910849,-15.51,TPOS_E,-910277,-15.5048,572,0.0097
2026-01-22 12:57:31:970,X,-910849,-15.51,TPOS,-293546,-5.0000,617303,10.5146
2026-01-22 12:57:32:155,X,-910849,-15.51,TPOS_S,-,-,-,-
2026-01-22 12:57:37:170,X,-293506,-5.00,TPOS_E,-293546,-5.0000,-40,-0.0007
2026-01-22 12:57:37:595,X,-293506,-5.00,TPOS,-910277,-15.5048,-616771,-10.5055
2026-01-22 12:57:37:800,X,-293506,-5.00,TPOS_S,-,-,-,-
2026-01-22 12:57:41:011,X,-910849,-15.51,TPOS_E,-910277,-15.5048,572,0.0097
2026-01-22 12:57:41:435,X,-910849,-15.51,TPOS,-293546,-5.0000,617303,10.5146
2026-01-22 12:57:41:640,X,-910849,-15.51,TPOS_S,-,-,-,-
2026-01-22 12:57:46:252,Z,-3876287,-44.02,TPOS_E,-3875502,-44.0078,785,0.0089
2026-01-22 12:57:46:655,X,-293508,-5.00,TPOS_E,-293546,-5.0000,-38,-0.0006
2026-01-22 12:57:46:677,Z,-3876287,-44.02,TPOS,-440320,-5.0000,3435967,39.0167
2026-01-22 12:57:46:720,X,-293508,-5.00,TPOS,-910277,-15.5048,-616769,-10.5055
2026-01-22 12:57:46:864,Z,-3876287,-44.02,TPOS_S,-,-,-,-
2026-01-22 12:57:47:009,X,-293508,-5.00,TPOS_S,-,-,-,-
2026-01-22 12:57:50:217,X,-910853,-15.51,TPOS_E,-910277,-15.5048,576,0.0098
2026-01-22 12:57:50:643,X,-910853,-15.51,TPOS,-293546,-5.0000,617307,10.5146
2026-01-22 12:57:50:828,X,-910853,-15.51,TPOS_S,-,-,-,-
2026-01-22 12:57:55:842,X,-293509,-5.00,TPOS_E,-293546,-5.0000,-37,-0.0006
2026-01-22 12:57:56:266,X,-293509,-5.00,TPOS,-910277,-15.5048,-616768,-10.5055
2026-01-22 12:57:56:451,X,-293509,-5.00,TPOS_S,-,-,-,-
2026-01-22 12:57:59:658,X,-910850,-15.51,TPOS_E,-910277,-15.5048,573,0.0098
2026-01-22 12:58:00:085,X,-910850,-15.51,TPOS,-293546,-5.0000,617304,10.5146
2026-01-22 12:58:00:270,X,-910850,-15.51,TPOS_S,-,-,-,-
2026-01-22 12:58:04:481,Z,-440146,-5.00,TPOS_E,-440320,-5.0000,-174,-0.0020
2026-01-22 12:58:04:905,Z,-440146,-5.00,TPOS,-3875502,-44.0078,-3435356,-39.0098
2026-01-22 12:58:05:111,Z,-440146,-5.00,TPOS_S,-,-,-,-
2026-01-22 12:58:05:313,X,-293509,-5.00,TPOS_E,-293546,-5.0000,-37,-0.0006
2026-01-22 12:58:05:737,X,-293509,-5.00,TPOS,-910277,-15.5048,-616768,-10.5055
2026-01-22 12:58:05:923,X,-293509,-5.00,TPOS_S,-,-,-,-
2026-01-22 12:58:09:130,X,-910854,-15.51,TPOS_E,-910277,-15.5048,577,0.0098
2026-01-22 12:58:09:557,X,-910854,-15.51,TPOS,-293546,-5.0000,617308,10.5146
2026-01-22 12:58:09:741,X,-910854,-15.51,TPOS_S,-,-,-,-
2026-01-22 12:58:14:753,X,-293513,-5.00,TPOS_E,-293546,-5.0000,-33,-0.0006
2026-01-22 12:58:15:178,X,-293513,-5.00,TPOS,-910277,-15.5048,-616764,-10.5054
2026-01-22 12:58:15:363,X,-293513,-5.00,TPOS_S,-,-,-,-
2026-01-22 12:58:18:573,X,-910857,-15.51,TPOS_E,-910277,-15.5048,580,0.0099
2026-01-22 12:58:19:000,X,-910857,-15.51,TPOS,-293546,-5.0000,617311,10.5147
2026-01-22 12:58:19:185,X,-910857,-15.51,TPOS_S,-,-,-,-
2026-01-22 12:58:22:795,Z,-3876281,-44.02,TPOS_E,-3875502,-44.0078,779,0.0088
2026-01-22 12:58:23:219,Z,-3876281,-44.02,TPOS,-440320,-5.0000,3435961,39.0166
2026-01-22 12:58:23:405,Z,-3876281,-44.02,TPOS_S,-,-,-,-
2026-01-22 12:58:24:207,X,-293518,-5.00,TPOS_E,-293546,-5.0000,-28,-0.0005
2026-01-22 12:58:24:632,X,-293518,-5.00,TPOS,-910277,-15.5048,-616759,-10.5053
2026-01-22 12:58:24:818,X,-293518,-5.00,TPOS_S,-,-,-,-
2026-01-22 12:58:28:026,X,-910841,-15.51,TPOS_E,-910277,-15.5048,564,0.0096
2026-01-22 12:58:28:454,X,-910841,-15.51,TPOS,-293546,-5.0000,617295,10.5144
2026-01-22 12:58:28:659,X,-910841,-15.51,TPOS_S,-,-,-,-
2026-01-22 12:58:33:671,X,-293513,-5.00,TPOS_E,-293546,-5.0000,-33,-0.0006
2026-01-22 12:58:34:098,X,-293513,-5.00,TPOS,-910277,-15.5048,-616764,-10.5054
2026-01-22 12:58:34:284,X,-293513,-5.00,TPOS_S,-,-,-,-
2026-01-22 12:58:37:492,X,-910848,-15.51,TPOS_E,-910277,-15.5048,571,0.0097
2026-01-22 12:58:37:917,X,-910848,-15.51,TPOS,-293546,-5.0000,617302,10.5145
2026-01-22 12:58:38:101,X,-910848,-15.51,TPOS_S,-,-,-,-
2026-01-22 12:58:40:908,Z,-440153,-5.00,TPOS_E,-440320,-5.0000,-167,-0.0019
2026-01-22 12:58:41:331,Z,-440153,-5.00,TPOS,-3875502,-44.0078,-3435349,-39.0097
2026-01-22 12:58:41:515,Z,-440153,-5.00,TPOS_S,-,-,-,-
2026-01-22 12:58:43:119,X,-293523,-5.00,TPOS_E,-293546,-5.0000,-23,-0.0004
2026-01-22 12:58:43:544,X,-293523,-5.00,TPOS,-910277,-15.5048,-616754,-10.5052
2026-01-22 12:58:43:729,X,-293523,-5.00,TPOS_S,-,-,-,-
2026-01-22 12:58:46:937,X,-910848,-15.51,TPOS_E,-910277,-15.5048,571,0.0097
2026-01-22 12:58:47:362,X,-910848,-15.51,TPOS,-293546,-5.0000,617302,10.5145
2026-01-22 12:58:47:568,X,-910848,-15.51,TPOS_S,-,-,-,-
2026-01-22 12:58:52:578,X,-293519,-5.00,TPOS_E,-293546,-5.0000,-27,-0.0005
2026-01-22 12:58:53:004,X,-293519,-5.00,TPOS,-910277,-15.5048,-616758,-10.5053
2026-01-22 12:58:53:191,X,-293519,-5.00,TPOS_S,-,-,-,-
2026-01-22 12:58:56:400,X,-910847,-15.51,TPOS_E,-910277,-15.5048,570,0.0097
2026-01-22 12:58:56:824,X,-910847,-15.51,TPOS,-293546,-5.0000,617301,10.5145
2026-01-22 12:58:56:988,X,-910847,-15.51,TPOS_S,-,-,-,-
2026-01-22 12:58:59:194,Z,-3876289,-44.02,TPOS_E,-3875502,-44.0078,787,0.0089
2026-01-22 12:58:59:622,Z,-3876289,-44.02,TPOS,-440320,-5.0000,3435969,39.0167
2026-01-22 12:58:59:826,Z,-3876289,-44.02,TPOS_S,-,-,-,-
2026-01-22 12:59:02:033,X,-293527,-5.00,TPOS_E,-293546,-5.0000,-19,-0.0003
2026-01-22 12:59:02:458,X,-293527,-5.00,TPOS,-910277,-15.5048,-616750,-10.5051
2026-01-22 12:59:02:642,X,-293527,-5.00,TPOS_S,-,-,-,-
2026-01-22 12:59:05:849,X,-910858,-15.51,TPOS_E,-910277,-15.5048,581,0.0099
2026-01-22 12:59:06:275,X,-910858,-15.51,TPOS,-293546,-5.0000,617312,10.5147
2026-01-22 12:59:06:460,X,-910858,-15.51,TPOS_S,-,-,-,-
2026-01-22 12:59:11:470,X,-293523,-5.00,TPOS_E,-293546,-5.0000,-23,-0.0004
2026-01-22 12:59:11:894,X,-293523,-5.00,TPOS,-910277,-15.5048,-616754,-10.5052
2026-01-22 12:59:12:100,X,-293523,-5.00,TPOS_S,-,-,-,-
2026-01-22 12:59:15:310,X,-910854,-15.51,TPOS_E,-910277,-15.5048,577,0.0098
2026-01-22 12:59:15:734,X,-910854,-15.51,TPOS,-293546,-5.0000,617308,10.5146
2026-01-22 12:59:15:921,X,-910854,-15.51,TPOS_S,-,-,-,-
2026-01-22 12:59:17:326,Z,-440163,-5.00,TPOS_E,-440320,-5.0000,-157,-0.0018
2026-01-22 12:59:17:751,Z,-440163,-5.00,TPOS,-3875502,-44.0078,-3435339,-39.0096
2026-01-22 12:59:17:936,Z,-440163,-5.00,TPOS_S,-,-,-,-
2026-01-22 12:59:20:945,X,-293528,-5.00,TPOS_E,-293546,-5.0000,-18,-0.0003
2026-01-22 12:59:21:370,X,-293528,-5.00,TPOS,-910277,-15.5048,-616749,-10.5051
2026-01-22 12:59:21:576,X,-293528,-5.00,TPOS_S,-,-,-,-
2026-01-22 12:59:24:784,X,-910847,-15.51,TPOS_E,-910277,-15.5048,570,0.0097
2026-01-22 12:59:25:209,X,-910847,-15.51,TPOS,-293546,-5.0000,617301,10.5145
2026-01-22 12:59:25:395,X,-910847,-15.51,TPOS_S,-,-,-,-
2026-01-22 12:59:30:410,X,-293528,-5.00,TPOS_E,-293546,-5.0000,-18,-0.0003
2026-01-22 12:59:30:836,X,-293528,-5.00,TPOS,-910277,-15.5048,-616749,-10.5051
2026-01-22 12:59:31:025,X,-293528,-5.00,TPOS_S,-,-,-,-
2026-01-22 12:59:34:233,X,-910850,-15.51,TPOS_E,-910277,-15.5048,573,0.0098
2026-01-22 12:59:34:659,X,-910850,-15.51,TPOS,-293546,-5.0000,617304,10.5146
2026-01-22 12:59:34:842,X,-910850,-15.51,TPOS_S,-,-,-,-
2026-01-22 12:59:35:445,Z,-3876299,-44.02,TPOS_E,-3875502,-44.0078,797,0.0091
2026-01-22 12:59:35:871,Z,-3876299,-44.02,TPOS,-440320,-5.0000,3435979,39.0168
2026-01-22 12:59:36:055,Z,-3876299,-44.02,TPOS_S,-,-,-,-
2026-01-22 12:59:39:863,X,-293527,-5.00,TPOS_E,-293546,-5.0000,-19,-0.0003
2026-01-22 12:59:40:289,X,-293527,-5.00,TPOS,-910277,-15.5048,-616750,-10.5051
2026-01-22 12:59:40:494,X,-293527,-5.00,TPOS_S,-,-,-,-
2026-01-22 12:59:43:703,X,-910857,-15.51,TPOS_E,-910277,-15.5048,580,0.0099
2026-01-22 12:59:44:127,X,-910857,-15.51,TPOS,-293546,-5.0000,617311,10.5147
2026-01-22 12:59:44:312,X,-910857,-15.51,TPOS_S,-,-,-,-
2026-01-22 12:59:49:324,X,-293525,-5.00,TPOS_E,-293546,-5.0000,-21,-0.0004
2026-01-22 12:59:49:748,X,-293525,-5.00,TPOS,-910277,-15.5048,-616752,-10.5052
2026-01-22 12:59:49:934,X,-293525,-5.00,TPOS_S,-,-,-,-
2026-01-22 12:59:53:141,X,-910852,-15.51,TPOS_E,-910277,-15.5048,575,0.0098
2026-01-22 12:59:53:545,Z,-440176,-5.00,TPOS_E,-440320,-5.0000,-144,-0.0016
2026-01-22 12:59:53:566,X,-910852,-15.51,TPOS,-293546,-5.0000,617306,10.5146
2026-01-22 12:59:53:609,Z,-440176,-5.00,TPOS,-3875502,-44.0078,-3435326,-39.0094
2026-01-22 12:59:53:753,X,-910852,-15.51,TPOS_S,-,-,-,-
2026-01-22 12:59:53:897,Z,-440176,-5.00,TPOS_S,-,-,-,-
2026-01-22 12:59:58:710,X,-293523,-5.00,TPOS_E,-293546,-5.0000,-23,-0.0004
2026-01-22 12:59:59:137,X,-293523,-5.00,TPOS,-910277,-15.5048,-616754,-10.5052
2026-01-22 12:59:59:322,X,-293523,-5.00,TPOS_S,-,-,-,-
2026-01-22 13:00:02:532,X,-910849,-15.51,TPOS_E,-910277,-15.5048,572,0.0097
2026-01-22 13:00:02:956,X,-910849,-15.51,TPOS,-293546,-5.0000,617303,10.5146
2026-01-22 13:00:03:163,X,-910849,-15.51,TPOS_S,-,-,-,-
2026-01-22 13:00:08:175,X,-293521,-5.00,TPOS_E,-293546,-5.0000,-25,-0.0004
2026-01-22 13:00:08:600,X,-293521,-5.00,TPOS,-910277,-15.5048,-616756,-10.5052
2026-01-22 13:00:08:784,X,-293521,-5.00,TPOS_S,-,-,-,-
2026-01-22 13:00:11:592,Z,-3876304,-44.02,TPOS_E,-3875502,-44.0078,802,0.0091
2026-01-22 13:00:11:995,X,-910856,-15.51,TPOS_E,-910277,-15.5048,579,0.0099
2026-01-22 13:00:12:017,Z,-3876304,-44.02,TPOS,-440320,-5.0000,3435984,39.0169
2026-01-22 13:00:12:061,X,-910856,-15.51,TPOS,-293546,-5.0000,617310,10.5147
2026-01-22 13:00:12:205,Z,-3876304,-44.02,TPOS_S,-,-,-,-
2026-01-22 13:00:12:330,X,-910856,-15.51,TPOS_S,-,-,-,-
2026-01-22 13:00:17:343,X,-293523,-5.00,TPOS_E,-293546,-5.0000,-23,-0.0004
2026-01-22 13:00:17:769,X,-293523,-5.00,TPOS,-910277,-15.5048,-616754,-10.5052
2026-01-22 13:00:17:953,X,-293523,-5.00,TPOS_S,-,-,-,-
2026-01-22 13:00:21:160,X,-910851,-15.51,TPOS_E,-910277,-15.5048,574,0.0098
2026-01-22 13:00:21:585,X,-910851,-15.51,TPOS,-293546,-5.0000,617305,10.5146
2026-01-22 13:00:21:770,X,-910851,-15.51,TPOS_S,-,-,-,-
2026-01-22 13:00:26:782,X,-293519,-5.00,TPOS_E,-293546,-5.0000,-27,-0.0005
2026-01-22 13:00:27:208,X,-293519,-5.00,TPOS,-910277,-15.5048,-616758,-10.5053
2026-01-22 13:00:27:415,X,-293519,-5.00,TPOS_S,-,-,-,-
2026-01-22 13:00:29:824,Z,-440194,-5.00,TPOS_E,-440320,-5.0000,-126,-0.0014
2026-01-22 13:00:30:249,Z,-440194,-5.00,TPOS,-3875502,-44.0078,-3435308,-39.0092
2026-01-22 13:00:30:453,Z,-440194,-5.00,TPOS_S,-,-,-,-
2026-01-22 13:00:30:654,X,-910843,-15.51,TPOS_E,-910277,-15.5048,566,0.0096
2026-01-22 13:00:31:079,X,-910843,-15.51,TPOS,-293546,-5.0000,617297,10.5145
2026-01-22 13:00:31:264,X,-910843,-15.51,TPOS_S,-,-,-,-
2026-01-22 13:00:36:275,X,-293527,-5.00,TPOS_E,-293546,-5.0000,-19,-0.0003
2026-01-22 13:00:36:700,X,-293527,-5.00,TPOS,-910277,-15.5048,-616750,-10.5051
2026-01-22 13:00:36:906,X,-293527,-5.00,TPOS_S,-,-,-,-
2026-01-22 13:00:40:114,X,-910849,-15.51,TPOS_E,-910277,-15.5048,572,0.0097
2026-01-22 13:00:40:538,X,-910849,-15.51,TPOS,-293546,-5.0000,617303,10.5146
2026-01-22 13:00:40:722,X,-910849,-15.51,TPOS_S,-,-,-,-
2026-01-22 13:00:45:736,X,-293523,-5.00,TPOS_E,-293546,-5.0000,-23,-0.0004
2026-01-22 13:00:46:161,X,-293523,-5.00,TPOS,-910277,-15.5048,-616754,-10.5052
2026-01-22 13:00:46:367,X,-293523,-5.00,TPOS_S,-,-,-,-
2026-01-22 13:00:48:173,Z,-3876313,-44.02,TPOS_E,-3875502,-44.0078,811,0.0092
2026-01-22 13:00:48:598,Z,-3876313,-44.02,TPOS,-440320,-5.0000,3435993,39.0170
2026-01-22 13:00:48:782,Z,-3876313,-44.02,TPOS_S,-,-,-,-
2026-01-22 13:00:49:587,X,-910842,-15.51,TPOS_E,-910277,-15.5048,565,0.0096
2026-01-22 13:00:50:013,X,-910842,-15.51,TPOS,-293546,-5.0000,617296,10.5144
2026-01-22 13:00:50:200,X,-910842,-15.51,TPOS_S,-,-,-,-
2026-01-22 13:00:55:212,X,-293525,-5.00,TPOS_E,-293546,-5.0000,-21,-0.0004
2026-01-22 13:00:55:638,X,-293525,-5.00,TPOS,-910277,-15.5048,-616752,-10.5052
2026-01-22 13:00:55:824,X,-293525,-5.00,TPOS_S,-,-,-,-
2026-01-22 13:00:59:032,X,-910846,-15.51,TPOS_E,-910277,-15.5048,569,0.0097
2026-01-22 13:00:59:458,X,-910846,-15.51,TPOS,-293546,-5.0000,617300,10.5145
2026-01-22 13:00:59:646,X,-910846,-15.51,TPOS_S,-,-,-,-
2026-01-22 13:01:04:659,X,-293535,-5.00,TPOS_E,-293546,-5.0000,-11,-0.0002
2026-01-22 13:01:05:083,X,-293535,-5.00,TPOS,-910277,-15.5048,-616742,-10.5050
2026-01-22 13:01:05:269,X,-293535,-5.00,TPOS_S,-,-,-,-
2026-01-22 13:01:06:273,Z,-440162,-5.00,TPOS_E,-440320,-5.0000,-158,-0.0018
2026-01-22 13:01:06:696,Z,-440162,-5.00,TPOS,-3875502,-44.0078,-3435340,-39.0096
2026-01-22 13:01:06:881,Z,-440162,-5.00,TPOS_S,-,-,-,-
2026-01-22 13:01:08:485,X,-910829,-15.51,TPOS_E,-910277,-15.5048,552,0.0094
2026-01-22 13:01:08:909,X,-910829,-15.51,TPOS,-293546,-5.0000,617283,10.5142
2026-01-22 13:01:09:094,X,-910829,-15.51,TPOS_S,-,-,-,-
2026-01-22 13:01:14:106,X,-293525,-5.00,TPOS_E,-293546,-5.0000,-21,-0.0004
2026-01-22 13:01:14:532,X,-293525,-5.00,TPOS,-910277,-15.5048,-616752,-10.5052
2026-01-22 13:01:14:716,X,-293525,-5.00,TPOS_S,-,-,-,-
2026-01-22 13:01:17:924,X,-910842,-15.51,TPOS_E,-910277,-15.5048,565,0.0096
2026-01-22 13:01:18:349,X,-910842,-15.51,TPOS,-293546,-5.0000,617296,10.5144
2026-01-22 13:01:18:555,X,-910842,-15.51,TPOS_S,-,-,-,-
2026-01-22 13:01:23:569,X,-293524,-5.00,TPOS_E,-293546,-5.0000,-22,-0.0004
2026-01-22 13:01:23:994,X,-293524,-5.00,TPOS,-910277,-15.5048,-616753,-10.5052
2026-01-22 13:01:24:180,X,-293524,-5.00,TPOS_S,-,-,-,-
2026-01-22 13:01:24:583,Z,-3876289,-44.02,TPOS_E,-3875502,-44.0078,787,0.0089
2026-01-22 13:01:25:008,Z,-3876289,-44.02,TPOS,-440320,-5.0000,3435969,39.0167
2026-01-22 13:01:25:192,Z,-3876289,-44.02,TPOS_S,-,-,-,-
2026-01-22 13:01:27:397,X,-910829,-15.51,TPOS_E,-910277,-15.5048,552,0.0094
2026-01-22 13:01:27:823,X,-910829,-15.51,TPOS,-293546,-5.0000,617283,10.5142
2026-01-22 13:01:28:028,X,-910829,-15.51,TPOS_S,-,-,-,-
2026-01-22 13:01:33:042,X,-293518,-5.00,TPOS_E,-293546,-5.0000,-28,-0.0005
2026-01-22 13:01:33:467,X,-293518,-5.00,TPOS,-910277,-15.5048,-616759,-10.5053
2026-01-22 13:01:33:650,X,-293518,-5.00,TPOS_S,-,-,-,-
2026-01-22 13:01:36:860,X,-910840,-15.51,TPOS_E,-910277,-15.5048,563,0.0096
2026-01-22 13:01:37:284,X,-910840,-15.51,TPOS,-293546,-5.0000,617294,10.5144
2026-01-22 13:01:37:470,X,-910840,-15.51,TPOS_S,-,-,-,-
2026-01-22 13:01:42:481,X,-293527,-5.00,TPOS_E,-293546,-5.0000,-19,-0.0003
2026-01-22 13:01:42:683,Z,-440135,-5.00,TPOS_E,-440320,-5.0000,-185,-0.0021
2026-01-22 13:01:42:906,X,-293527,-5.00,TPOS,-910277,-15.5048,-616750,-10.5051
2026-01-22 13:01:42:928,Z,-440135,-5.00,TPOS,-3875502,-44.0078,-3435367,-39.0099
2026-01-22 13:01:43:094,X,-293527,-5.00,TPOS_S,-,-,-,-
2026-01-22 13:01:43:217,Z,-440135,-5.00,TPOS_S,-,-,-,-
2026-01-22 13:01:46:427,X,-910845,-15.51,TPOS_E,-910277,-15.5048,568,0.0097
2026-01-22 13:01:46:851,X,-910845,-15.51,TPOS,-293546,-5.0000,617299,10.5145
2026-01-22 13:01:47:035,X,-910845,-15.51,TPOS_S,-,-,-,-
2026-01-22 13:01:52:045,X,-293518,-5.00,TPOS_E,-293546,-5.0000,-28,-0.0005
2026-01-22 13:01:52:472,X,-293518,-5.00,TPOS,-910277,-15.5048,-616759,-10.5053
2026-01-22 13:01:52:656,X,-293518,-5.00,TPOS_S,-,-,-,-
2026-01-22 13:01:55:866,X,-910848,-15.51,TPOS_E,-910277,-15.5048,571,0.0097
2026-01-22 13:01:56:290,X,-910848,-15.51,TPOS,-293546,-5.0000,617302,10.5145
2026-01-22 13:01:56:475,X,-910848,-15.51,TPOS_S,-,-,-,-
2026-01-22 13:02:00:886,Z,-3876265,-44.02,TPOS_E,-3875502,-44.0078,763,0.0087
2026-01-22 13:02:01:313,Z,-3876265,-44.02,TPOS,-440320,-5.0000,3435945,39.0165
2026-01-22 13:02:01:376,X,-293520,-5.00,TPOS_E,-293546,-5.0000,-26,-0.0004
2026-01-22 13:02:01:441,X,-293520,-5.00,TPOS,-910277,-15.5048,-616757,-10.5053
2026-01-22 13:02:01:502,Z,-3876265,-44.02,TPOS_S,-,-,-,-
2026-01-22 13:02:01:626,X,-293520,-5.00,TPOS_S,-,-,-,-
2026-01-22 13:02:04:835,X,-910848,-15.51,TPOS_E,-910277,-15.5048,571,0.0097
2026-01-22 13:02:05:260,X,-910848,-15.51,TPOS,-293546,-5.0000,617302,10.5145
2026-01-22 13:02:05:465,X,-910848,-15.51,TPOS_S,-,-,-,-
2026-01-22 13:02:10:478,X,-293525,-5.00,TPOS_E,-293546,-5.0000,-21,-0.0004
2026-01-22 13:02:10:902,X,-293525,-5.00,TPOS,-910277,-15.5048,-616752,-10.5052
2026-01-22 13:02:11:107,X,-293525,-5.00,TPOS_S,-,-,-,-
2026-01-22 13:02:14:316,X,-910838,-15.51,TPOS_E,-910277,-15.5048,561,0.0096
2026-01-22 13:02:14:740,X,-910838,-15.51,TPOS,-293546,-5.0000,617292,10.5144
2026-01-22 13:02:14:945,X,-910838,-15.51,TPOS_S,-,-,-,-
2026-01-22 13:02:18:955,Z,-440141,-5.00,TPOS_E,-440320,-5.0000,-179,-0.0020
2026-01-22 13:02:19:381,Z,-440141,-5.00,TPOS,-3875502,-44.0078,-3435361,-39.0098
2026-01-22 13:02:19:568,Z,-440141,-5.00,TPOS_S,-,-,-,-
2026-01-22 13:02:19:971,X,-293531,-5.00,TPOS_E,-293546,-5.0000,-15,-0.0003
2026-01-22 13:02:20:395,X,-293531,-5.00,TPOS,-910277,-15.5048,-616746,-10.5051
2026-01-22 13:02:20:599,X,-293531,-5.00,TPOS_S,-,-,-,-
2026-01-22 13:02:23:809,X,-910845,-15.51,TPOS_E,-910277,-15.5048,568,0.0097
2026-01-22 13:02:24:235,X,-910845,-15.51,TPOS,-293546,-5.0000,617299,10.5145
2026-01-22 13:02:24:419,X,-910845,-15.51,TPOS_S,-,-,-,-
2026-01-22 13:02:29:430,X,-293536,-5.00,TPOS_E,-293546,-5.0000,-10,-0.0002
2026-01-22 13:02:29:854,X,-293536,-5.00,TPOS,-910277,-15.5048,-616741,-10.5050
2026-01-22 13:02:30:040,X,-293536,-5.00,TPOS_S,-,-,-,-
2026-01-22 13:02:33:249,X,-910838,-15.51,TPOS_E,-910277,-15.5048,561,0.0096
2026-01-22 13:02:33:673,X,-910838,-15.51,TPOS,-293546,-5.0000,617292,10.5144
2026-01-22 13:02:33:859,X,-910838,-15.51,TPOS_S,-,-,-,-
2026-01-22 13:02:37:267,Z,-3876257,-44.02,TPOS_E,-3875502,-44.0078,755,0.0086
2026-01-22 13:02:37:692,Z,-3876257,-44.02,TPOS,-440320,-5.0000,3435937,39.0164
2026-01-22 13:02:37:877,Z,-3876257,-44.02,TPOS_S,-,-,-,-
2026-01-22 13:02:38:881,X,-293528,-5.00,TPOS_E,-293546,-5.0000,-18,-0.0003
2026-01-22 13:02:39:306,X,-293528,-5.00,TPOS,-910277,-15.5048,-616749,-10.5051
2026-01-22 13:02:39:511,X,-293528,-5.00,TPOS_S,-,-,-,-
2026-01-22 13:02:42:720,X,-910849,-15.51,TPOS_E,-910277,-15.5048,572,0.0097
2026-01-22 13:02:43:145,X,-910849,-15.51,TPOS,-293546,-5.0000,617303,10.5146
2026-01-22 13:02:43:331,X,-910849,-15.51,TPOS_S,-,-,-,-
2026-01-22 13:02:48:345,X,-293520,-5.00,TPOS_E,-293546,-5.0000,-26,-0.0004
2026-01-22 13:02:48:769,X,-293520,-5.00,TPOS,-910277,-15.5048,-616757,-10.5053
2026-01-22 13:02:48:975,X,-293520,-5.00,TPOS_S,-,-,-,-
2026-01-22 13:02:52:183,X,-910843,-15.51,TPOS_E,-910277,-15.5048,566,0.0096
2026-01-22 13:02:52:608,X,-910843,-15.51,TPOS,-293546,-5.0000,617297,10.5145
2026-01-22 13:02:52:793,X,-910843,-15.51,TPOS_S,-,-,-,-
2026-01-22 13:02:55:400,Z,-440162,-5.00,TPOS_E,-440320,-5.0000,-158,-0.0018
2026-01-22 13:02:55:825,Z,-440162,-5.00,TPOS,-3875502,-44.0078,-3435340,-39.0096
2026-01-22 13:02:56:010,Z,-440162,-5.00,TPOS_S,-,-,-,-
2026-01-22 13:02:57:816,X,-293523,-5.00,TPOS_E,-293546,-5.0000,-23,-0.0004
2026-01-22 13:02:58:240,X,-293523,-5.00,TPOS,-910277,-15.5048,-616754,-10.5052
2026-01-22 13:02:58:446,X,-293523,-5.00,TPOS_S,-,-,-,-
2026-01-22 13:03:01:655,X,-910839,-15.51,TPOS_E,-910277,-15.5048,562,0.0096
2026-01-22 13:03:02:080,X,-910839,-15.51,TPOS,-293546,-5.0000,617293,10.5144
2026-01-22 13:03:02:265,X,-910839,-15.51,TPOS_S,-,-,-,-
2026-01-22 13:03:07:279,X,-293524,-5.00,TPOS_E,-293546,-5.0000,-22,-0.0004
2026-01-22 13:03:07:704,X,-293524,-5.00,TPOS,-910277,-15.5048,-616753,-10.5052
2026-01-22 13:03:07:888,X,-293524,-5.00,TPOS_S,-,-,-,-
2026-01-22 13:03:11:095,X,-910828,-15.51,TPOS_E,-910277,-15.5048,551,0.0094
2026-01-22 13:03:11:519,X,-910828,-15.51,TPOS,-293546,-5.0000,617282,10.5142
2026-01-22 13:03:11:724,X,-910828,-15.51,TPOS_S,-,-,-,-
2026-01-22 13:03:13:529,Z,-3876285,-44.02,TPOS_E,-3875502,-44.0078,783,0.0089
2026-01-22 13:03:13:955,Z,-3876285,-44.02,TPOS,-440320,-5.0000,3435965,39.0167
2026-01-22 13:03:14:139,Z,-3876285,-44.02,TPOS_S,-,-,-,-
2026-01-22 13:03:16:746,X,-293523,-5.00,TPOS_E,-293546,-5.0000,-23,-0.0004
2026-01-22 13:03:17:171,X,-293523,-5.00,TPOS,-910277,-15.5048,-616754,-10.5052
2026-01-22 13:03:17:335,X,-293523,-5.00,TPOS_S,-,-,-,-
2026-01-22 13:03:20:544,X,-910844,-15.51,TPOS_E,-910277,-15.5048,567,0.0097
2026-01-22 13:03:20:969,X,-910844,-15.51,TPOS,-293546,-5.0000,617298,10.5145
2026-01-22 13:03:21:153,X,-910844,-15.51,TPOS_S,-,-,-,-
2026-01-22 13:03:26:166,X,-293543,-5.00,TPOS_E,-293546,-5.0000,-3,-0.0001
2026-01-22 13:03:26:592,X,-293543,-5.00,TPOS,-910277,-15.5048,-616734,-10.5049
2026-01-22 13:03:26:777,X,-293543,-5.00,TPOS_S,-,-,-,-
2026-01-22 13:03:29:987,X,-910841,-15.51,TPOS_E,-910277,-15.5048,564,0.0096
2026-01-22 13:03:30:411,X,-910841,-15.51,TPOS,-293546,-5.0000,617295,10.5144
2026-01-22 13:03:30:597,X,-910841,-15.51,TPOS_S,-,-,-,-
2026-01-22 13:03:31:600,Z,-440175,-5.00,TPOS_E,-440320,-5.0000,-145,-0.0016
2026-01-22 13:03:32:024,Z,-440175,-5.00,TPOS,-3875502,-44.0078,-3435327,-39.0094
2026-01-22 13:03:32:210,Z,-440175,-5.00,TPOS_S,-,-,-,-
2026-01-22 13:03:35:619,X,-293535,-5.00,TPOS_E,-293546,-5.0000,-11,-0.0002
2026-01-22 13:03:36:042,X,-293535,-5.00,TPOS,-910277,-15.5048,-616742,-10.5050
2026-01-22 13:03:36:226,X,-293535,-5.00,TPOS_S,-,-,-,-
2026-01-22 13:03:39:436,X,-910835,-15.51,TPOS_E,-910277,-15.5048,558,0.0095
2026-01-22 13:03:39:862,X,-910835,-15.51,TPOS,-293546,-5.0000,617289,10.5143
2026-01-22 13:03:40:046,X,-910835,-15.51,TPOS_S,-,-,-,-
2026-01-22 13:03:45:061,X,-293538,-5.00,TPOS_E,-293546,-5.0000,-8,-0.0001
2026-01-22 13:03:45:484,X,-293538,-5.00,TPOS,-910277,-15.5048,-616739,-10.5050
2026-01-22 13:03:45:690,X,-293538,-5.00,TPOS_S,-,-,-,-
2026-01-22 13:03:48:899,X,-910845,-15.51,TPOS_E,-910277,-15.5048,568,0.0097
2026-01-22 13:03:49:323,X,-910845,-15.51,TPOS,-293546,-5.0000,617299,10.5145
2026-01-22 13:03:49:509,X,-910845,-15.51,TPOS_S,-,-,-,-
2026-01-22 13:03:49:712,Z,-3876287,-44.02,TPOS_E,-3875502,-44.0078,785,0.0089
2026-01-22 13:03:50:136,Z,-3876287,-44.02,TPOS,-440320,-5.0000,3435967,39.0167
2026-01-22 13:03:50:343,Z,-3876287,-44.02,TPOS_S,-,-,-,-
2026-01-22 13:03:54:552,X,-293539,-5.00,TPOS_E,-293546,-5.0000,-7,-0.0001
2026-01-22 13:03:54:977,X,-293539,-5.00,TPOS,-910277,-15.5048,-616738,-10.5049
2026-01-22 13:03:55:182,X,-293539,-5.00,TPOS_S,-,-,-,-
2026-01-22 13:03:58:393,X,-910844,-15.51,TPOS_E,-910277,-15.5048,567,0.0097
2026-01-22 13:03:58:818,X,-910844,-15.51,TPOS,-293546,-5.0000,617298,10.5145
2026-01-22 13:03:59:003,X,-910844,-15.51,TPOS_S,-,-,-,-
2026-01-22 13:04:04:015,X,-293537,-5.00,TPOS_E,-293546,-5.0000,-9,-0.0002
2026-01-22 13:04:04:439,X,-293537,-5.00,TPOS,-910277,-15.5048,-616740,-10.5050
2026-01-22 13:04:04:647,X,-293537,-5.00,TPOS_S,-,-,-,-
2026-01-22 13:04:07:855,Z,-440183,-5.00,TPOS_E,-440320,-5.0000,-137,-0.0016
2026-01-22 13:04:07:856,X,-910838,-15.51,TPOS_E,-910277,-15.5048,561,0.0096
2026-01-22 13:04:08:281,Z,-440183,-5.00,TPOS,-3875502,-44.0078,-3435319,-39.0093
2026-01-22 13:04:08:303,X,-910838,-15.51,TPOS,-293546,-5.0000,617292,10.5144
2026-01-22 13:04:08:470,Z,-440183,-5.00,TPOS_S,-,-,-,-
2026-01-22 13:04:08:594,X,-910838,-15.51,TPOS_S,-,-,-,-
2026-01-22 13:04:13:610,X,-293529,-5.00,TPOS_E,-293546,-5.0000,-17,-0.0003
2026-01-22 13:04:14:033,X,-293529,-5.00,TPOS,-910277,-15.5048,-616748,-10.5051
2026-01-22 13:04:14:219,X,-293529,-5.00,TPOS_S,-,-,-,-
2026-01-22 13:04:17:427,X,-910840,-15.51,TPOS_E,-910277,-15.5048,563,0.0096
2026-01-22 13:04:17:851,X,-910840,-15.51,TPOS,-293546,-5.0000,617294,10.5144
2026-01-22 13:04:18:038,X,-910840,-15.51,TPOS_S,-,-,-,-
2026-01-22 13:04:23:050,X,-293537,-5.00,TPOS_E,-293546,-5.0000,-9,-0.0002
2026-01-22 13:04:23:474,X,-293537,-5.00,TPOS,-910277,-15.5048,-616740,-10.5050
2026-01-22 13:04:23:658,X,-293537,-5.00,TPOS_S,-,-,-,-
2026-01-22 13:04:26:066,Z,-3876307,-44.02,TPOS_E,-3875502,-44.0078,805,0.0091
2026-01-22 13:04:26:491,Z,-3876307,-44.02,TPOS,-440320,-5.0000,3435987,39.0169
2026-01-22 13:04:26:675,Z,-3876307,-44.02,TPOS_S,-,-,-,-
2026-01-22 13:04:26:876,X,-910819,-15.51,TPOS_E,-910277,-15.5048,542,0.0092
2026-01-22 13:04:27:303,X,-910819,-15.51,TPOS,-293546,-5.0000,617273,10.5141
2026-01-22 13:04:27:511,X,-910819,-15.51,TPOS_S,-,-,-,-
2026-01-22 13:04:32:523,X,-293531,-5.00,TPOS_E,-293546,-5.0000,-15,-0.0003
2026-01-22 13:04:32:947,X,-293531,-5.00,TPOS,-910277,-15.5048,-616746,-10.5051
2026-01-22 13:04:33:132,X,-293531,-5.00,TPOS_S,-,-,-,-
2026-01-22 13:04:36:340,X,-910833,-15.51,TPOS_E,-910277,-15.5048,556,0.0095
2026-01-22 13:04:36:766,X,-910833,-15.51,TPOS,-293546,-5.0000,617287,10.5143
2026-01-22 13:04:36:951,X,-910833,-15.51,TPOS_S,-,-,-,-
2026-01-22 13:04:41:962,X,-293532,-5.00,TPOS_E,-293546,-5.0000,-14,-0.0002
2026-01-22 13:04:42:386,X,-293532,-5.00,TPOS,-910277,-15.5048,-616745,-10.5051
2026-01-22 13:04:42:571,X,-293532,-5.00,TPOS_S,-,-,-,-
2026-01-22 13:04:44:175,Z,-440160,-5.00,TPOS_E,-440320,-5.0000,-160,-0.0018
2026-01-22 13:04:44:599,Z,-440160,-5.00,TPOS,-3875502,-44.0078,-3435342,-39.0096
2026-01-22 13:04:44:784,Z,-440160,-5.00,TPOS_S,-,-,-,-
2026-01-22 13:04:45:791,X,-910829,-15.51,TPOS_E,-910277,-15.5048,552,0.0094
2026-01-22 13:04:46:216,X,-910829,-15.51,TPOS,-293546,-5.0000,617283,10.5142
2026-01-22 13:04:46:401,X,-910829,-15.51,TPOS_S,-,-,-,-
2026-01-22 13:04:51:414,X,-293534,-5.00,TPOS_E,-293546,-5.0000,-12,-0.0002
2026-01-22 13:04:51:838,X,-293534,-5.00,TPOS,-910277,-15.5048,-616743,-10.5050
2026-01-22 13:04:52:023,X,-293534,-5.00,TPOS_S,-,-,-,-
2026-01-22 13:04:55:232,X,-910840,-15.51,TPOS_E,-910277,-15.5048,563,0.0096
2026-01-22 13:04:55:656,X,-910840,-15.51,TPOS,-293546,-5.0000,617294,10.5144
2026-01-22 13:04:55:861,X,-910840,-15.51,TPOS_S,-,-,-,-
2026-01-22 13:05:00:873,X,-293540,-5.00,TPOS_E,-293546,-5.0000,-6,-0.0001
2026-01-22 13:05:01:299,X,-293540,-5.00,TPOS,-910277,-15.5048,-616737,-10.5049
2026-01-22 13:05:01:485,X,-293540,-5.00,TPOS_S,-,-,-,-
2026-01-22 13:05:02:489,Z,-3876267,-44.02,TPOS_E,-3875502,-44.0078,765,0.0087
2026-01-22 13:05:02:914,Z,-3876267,-44.02,TPOS,-440320,-5.0000,3435947,39.0165
2026-01-22 13:05:03:119,Z,-3876267,-44.02,TPOS_S,-,-,-,-
2026-01-22 13:05:04:726,X,-910830,-15.51,TPOS_E,-910277,-15.5048,553,0.0094
2026-01-22 13:05:05:152,X,-910830,-15.51,TPOS,-293546,-5.0000,617284,10.5142
2026-01-22 13:05:05:337,X,-910830,-15.51,TPOS_S,-,-,-,-
2026-01-22 13:05:10:348,X,-293529,-5.00,TPOS_E,-293546,-5.0000,-17,-0.0003
2026-01-22 13:05:10:773,X,-293529,-5.00,TPOS,-910277,-15.5048,-616748,-10.5051
2026-01-22 13:05:10:957,X,-293529,-5.00,TPOS_S,-,-,-,-
2026-01-22 13:05:14:164,X,-910833,-15.51,TPOS_E,-910277,-15.5048,556,0.0095
2026-01-22 13:05:14:589,X,-910833,-15.51,TPOS,-293546,-5.0000,617287,10.5143
2026-01-22 13:05:14:775,X,-910833,-15.51,TPOS_S,-,-,-,-
2026-01-22 13:05:19:790,X,-293542,-5.00,TPOS_E,-293546,-5.0000,-4,-0.0001
2026-01-22 13:05:20:214,X,-293542,-5.00,TPOS,-910277,-15.5048,-616735,-10.5049
2026-01-22 13:05:20:419,X,-293542,-5.00,TPOS_S,-,-,-,-
2026-01-22 13:05:20:620,Z,-440125,-5.00,TPOS_E,-440320,-5.0000,-195,-0.0022
2026-01-22 13:05:21:044,Z,-440125,-5.00,TPOS,-3875502,-44.0078,-3435377,-39.0100
2026-01-22 13:05:21:229,Z,-440125,-5.00,TPOS_S,-,-,-,-
2026-01-22 13:05:23:636,X,-910820,-15.51,TPOS_E,-910277,-15.5048,543,0.0092
2026-01-22 13:05:24:063,X,-910820,-15.51,TPOS,-293546,-5.0000,617274,10.5141
2026-01-22 13:05:24:248,X,-910820,-15.51,TPOS_S,-,-,-,-
2026-01-22 13:05:29:260,X,-293532,-5.00,TPOS_E,-293546,-5.0000,-14,-0.0002
2026-01-22 13:05:29:685,X,-293532,-5.00,TPOS,-910277,-15.5048,-616745,-10.5051
2026-01-22 13:05:29:891,X,-293532,-5.00,TPOS_S,-,-,-,-
2026-01-22 13:05:33:100,X,-910823,-15.51,TPOS_E,-910277,-15.5048,546,0.0093
2026-01-22 13:05:33:524,X,-910823,-15.51,TPOS,-293546,-5.0000,617277,10.5141
2026-01-22 13:05:33:709,X,-910823,-15.51,TPOS_S,-,-,-,-
2026-01-22 13:05:38:722,X,-293541,-5.00,TPOS_E,-293546,-5.0000,-5,-0.0001
2026-01-22 13:05:38:924,Z,-3876289,-44.02,TPOS_E,-3875502,-44.0078,787,0.0089
2026-01-22 13:05:39:152,X,-293541,-5.00,TPOS,-910277,-15.5048,-616736,-10.5049
2026-01-22 13:05:39:174,Z,-3876289,-44.02,TPOS,-440320,-5.0000,3435969,39.0167
2026-01-22 13:05:39:339,X,-293541,-5.00,TPOS_S,-,-,-,-
2026-01-22 13:05:39:462,Z,-3876289,-44.02,TPOS_S,-,-,-,-
2026-01-22 13:05:42:672,X,-910839,-15.51,TPOS_E,-910277,-15.5048,562,0.0096
2026-01-22 13:05:43:097,X,-910839,-15.51,TPOS,-293546,-5.0000,617293,10.5144
2026-01-22 13:05:43:281,X,-910839,-15.51,TPOS_S,-,-,-,-
2026-01-22 13:05:48:292,X,-293531,-5.00,TPOS_E,-293546,-5.0000,-15,-0.0003
2026-01-22 13:05:48:717,X,-293531,-5.00,TPOS,-910277,-15.5048,-616746,-10.5051
2026-01-22 13:05:48:922,X,-293531,-5.00,TPOS_S,-,-,-,-
2026-01-22 13:05:52:132,X,-910826,-15.51,TPOS_E,-910277,-15.5048,549,0.0094
2026-01-22 13:05:52:556,X,-910826,-15.51,TPOS,-293546,-5.0000,617280,10.5142
2026-01-22 13:05:52:761,X,-910826,-15.51,TPOS_S,-,-,-,-
2026-01-22 13:05:56:970,Z,-440154,-5.00,TPOS_E,-440320,-5.0000,-166,-0.0019
2026-01-22 13:05:57:398,Z,-440154,-5.00,TPOS,-3875502,-44.0078,-3435348,-39.0097
2026-01-22 13:05:57:583,Z,-440154,-5.00,TPOS_S,-,-,-,-
2026-01-22 13:05:57:785,X,-293532,-5.00,TPOS_E,-293546,-5.0000,-14,-0.0002
2026-01-22 13:05:58:209,X,-293532,-5.00,TPOS,-910277,-15.5048,-616745,-10.5051
2026-01-22 13:05:58:415,X,-293532,-5.00,TPOS_S,-,-,-,-
2026-01-22 13:06:01:623,X,-910825,-15.51,TPOS_E,-910277,-15.5048,548,0.0093
2026-01-22 13:06:02:050,X,-910825,-15.51,TPOS,-293546,-5.0000,617279,10.5142
2026-01-22 13:06:02:235,X,-910825,-15.51,TPOS_S,-,-,-,-
2026-01-22 13:06:07:250,X,-293545,-5.00,TPOS_E,-293546,-5.0000,-1,-0.0000
2026-01-22 13:06:07:675,X,-293545,-5.00,TPOS,-910277,-15.5048,-616732,-10.5048
2026-01-22 13:06:07:839,X,-293545,-5.00,TPOS_S,-,-,-,-
2026-01-22 13:06:11:248,X,-910816,-15.51,TPOS_E,-910277,-15.5048,539,0.0092
2026-01-22 13:06:11:673,X,-910816,-15.51,TPOS,-293546,-5.0000,617270,10.5140
2026-01-22 13:06:11:878,X,-910816,-15.51,TPOS_S,-,-,-,-
2026-01-22 13:06:15:288,Z,-3876280,-44.02,TPOS_E,-3875502,-44.0078,778,0.0088
2026-01-22 13:06:15:715,Z,-3876280,-44.02,TPOS,-440320,-5.0000,3435960,39.0166
2026-01-22 13:06:15:900,Z,-3876280,-44.02,TPOS_S,-,-,-,-
2026-01-22 13:06:16:905,X,-293539,-5.00,TPOS_E,-293546,-5.0000,-7,-0.0001
2026-01-22 13:06:17:331,X,-293539,-5.00,TPOS,-910277,-15.5048,-616738,-10.5049
2026-01-22 13:06:17:515,X,-293539,-5.00,TPOS_S,-,-,-,-
2026-01-22 13:06:20:723,X,-910826,-15.51,TPOS_E,-910277,-15.5048,549,0.0094
2026-01-22 13:06:21:148,X,-910826,-15.51,TPOS,-293546,-5.0000,617280,10.5142
2026-01-22 13:06:21:354,X,-910826,-15.51,TPOS_S,-,-,-,-
2026-01-22 13:06:26:366,X,-293542,-5.00,TPOS_E,-293546,-5.0000,-4,-0.0001
2026-01-22 13:06:26:790,X,-293542,-5.00,TPOS,-910277,-15.5048,-616735,-10.5049
2026-01-22 13:06:26:976,X,-293542,-5.00,TPOS_S,-,-,-,-
2026-01-22 13:06:30:186,X,-910814,-15.51,TPOS_E,-910277,-15.5048,537,0.0091
2026-01-22 13:06:30:614,X,-910814,-15.51,TPOS,-293546,-5.0000,617268,10.5140
2026-01-22 13:06:30:818,X,-910814,-15.51,TPOS_S,-,-,-,-
2026-01-22 13:06:33:425,Z,-440177,-5.00,TPOS_E,-440320,-5.0000,-143,-0.0016
2026-01-22 13:06:33:848,Z,-440177,-5.00,TPOS,-3875502,-44.0078,-3435325,-39.0094
2026-01-22 13:06:34:033,Z,-440177,-5.00,TPOS_S,-,-,-,-
2026-01-22 13:06:35:838,X,-293547,-5.00,TPOS_E,-293546,-5.0000,1,0.0000
2026-01-22 13:06:36:262,X,-293547,-5.00,TPOS,-910277,-15.5048,-616730,-10.5048
2026-01-22 13:06:36:446,X,-293547,-5.00,TPOS_S,-,-,-,-
2026-01-22 13:06:39:655,X,-910818,-15.51,TPOS_E,-910277,-15.5048,541,0.0092
2026-01-22 13:06:40:081,X,-910818,-15.51,TPOS,-293546,-5.0000,617272,10.5140
2026-01-22 13:06:40:286,X,-910818,-15.51,TPOS_S,-,-,-,-
2026-01-22 13:06:45:300,X,-293540,-5.00,TPOS_E,-293546,-5.0000,-6,-0.0001
2026-01-22 13:06:45:724,X,-293540,-5.00,TPOS,-910277,-15.5048,-616737,-10.5049
2026-01-22 13:06:45:912,X,-293540,-5.00,TPOS_S,-,-,-,-
2026-01-22 13:06:49:120,X,-910823,-15.51,TPOS_E,-910277,-15.5048,546,0.0093
2026-01-22 13:06:49:544,X,-910823,-15.51,TPOS,-293546,-5.0000,617277,10.5141
2026-01-22 13:06:49:750,X,-910823,-15.51,TPOS_S,-,-,-,-
2026-01-22 13:06:51:557,Z,-3876263,-44.02,TPOS_E,-3875502,-44.0078,761,0.0086
2026-01-22 13:06:51:983,Z,-3876263,-44.02,TPOS,-440320,-5.0000,3435943,39.0164
2026-01-22 13:06:52:168,Z,-3876263,-44.02,TPOS_S,-,-,-,-
2026-01-22 13:06:54:775,X,-293545,-5.00,TPOS_E,-293546,-5.0000,-1,-0.0000
2026-01-22 13:06:55:200,X,-293545,-5.00,TPOS,-910277,-15.5048,-616732,-10.5048
2026-01-22 13:06:55:384,X,-293545,-5.00,TPOS_S,-,-,-,-
2026-01-22 13:06:58:596,X,-910831,-15.51,TPOS_E,-910277,-15.5048,554,0.0094
2026-01-22 13:06:59:021,X,-910831,-15.51,TPOS,-293546,-5.0000,617285,10.5143
2026-01-22 13:06:59:206,X,-910831,-15.51,TPOS_S,-,-,-,-
2026-01-22 13:07:04:218,X,-293554,-5.00,TPOS_E,-293546,-5.0000,8,0.0001
2026-01-22 13:07:04:643,X,-293554,-5.00,TPOS,-910277,-15.5048,-616723,-10.5047
2026-01-22 13:07:04:848,X,-293554,-5.00,TPOS_S,-,-,-,-
2026-01-22 13:07:08:056,X,-910809,-15.51,TPOS_E,-910277,-15.5048,532,0.0091
2026-01-22 13:07:08:481,X,-910809,-15.51,TPOS,-293546,-5.0000,617263,10.5139
2026-01-22 13:07:08:667,X,-910809,-15.51,TPOS_S,-,-,-,-
2026-01-22 13:07:09:870,Z,-440196,-5.00,TPOS_E,-440320,-5.0000,-124,-0.0014
2026-01-22 13:07:10:296,Z,-440196,-5.00,TPOS,-3875502,-44.0078,-3435306,-39.0092
2026-01-22 13:07:10:503,Z,-440196,-5.00,TPOS_S,-,-,-,-
2026-01-22 13:07:13:710,X,-293553,-5.00,TPOS_E,-293546,-5.0000,7,0.0001
2026-01-22 13:07:14:135,X,-293553,-5.00,TPOS,-910277,-15.5048,-616724,-10.5047
2026-01-22 13:07:14:340,X,-293553,-5.00,TPOS_S,-,-,-,-
2026-01-22 13:07:17:549,X,-910827,-15.51,TPOS_E,-910277,-15.5048,550,0.0094
2026-01-22 13:07:17:973,X,-910827,-15.51,TPOS,-293546,-5.0000,617281,10.5142
2026-01-22 13:07:18:139,X,-910827,-15.51,TPOS_S,-,-,-,-
2026-01-22 13:07:23:151,X,-293542,-5.00,TPOS_E,-293546,-5.0000,-4,-0.0001
2026-01-22 13:07:23:576,X,-293542,-5.00,TPOS,-910277,-15.5048,-616735,-10.5049
2026-01-22 13:07:23:781,X,-293542,-5.00,TPOS_S,-,-,-,-
2026-01-22 13:07:26:989,X,-910819,-15.51,TPOS_E,-910277,-15.5048,542,0.0092
2026-01-22 13:07:27:413,X,-910819,-15.51,TPOS,-293546,-5.0000,617273,10.5141
2026-01-22 13:07:27:600,X,-910819,-15.51,TPOS_S,-,-,-,-
2026-01-22 13:07:28:204,Z,-3876280,-44.02,TPOS_E,-3875502,-44.0078,778,0.0088
2026-01-22 13:07:28:630,Z,-3876280,-44.02,TPOS,-440320,-5.0000,3435960,39.0166
2026-01-22 13:07:28:815,Z,-3876280,-44.02,TPOS_S,-,-,-,-
2026-01-22 13:07:32:625,X,-293547,-5.00,TPOS_E,-293546,-5.0000,1,0.0000
2026-01-22 13:07:33:049,X,-293547,-5.00,TPOS,-910277,-15.5048,-616730,-10.5048
2026-01-22 13:07:33:252,X,-293547,-5.00,TPOS_S,-,-,-,-
2026-01-22 13:07:36:461,X,-910825,-15.51,TPOS_E,-910277,-15.5048,548,0.0093
2026-01-22 13:07:36:885,X,-910825,-15.51,TPOS,-293546,-5.0000,617279,10.5142
2026-01-22 13:07:37:070,X,-910825,-15.51,TPOS_S,-,-,-,-
2026-01-22 13:07:42:081,X,-293552,-5.00,TPOS_E,-293546,-5.0000,6,0.0001
2026-01-22 13:07:42:506,X,-293552,-5.00,TPOS,-910277,-15.5048,-616725,-10.5047
2026-01-22 13:07:42:712,X,-293552,-5.00,TPOS_S,-,-,-,-
2026-01-22 13:07:45:922,X,-910816,-15.51,TPOS_E,-910277,-15.5048,539,0.0092
2026-01-22 13:07:46:326,Z,-440183,-5.00,TPOS_E,-440320,-5.0000,-137,-0.0016
2026-01-22 13:07:46:348,X,-910816,-15.51,TPOS,-293546,-5.0000,617270,10.5140
2026-01-22 13:07:46:391,Z,-440183,-5.00,TPOS,-3875502,-44.0078,-3435319,-39.0093
2026-01-22 13:07:46:534,X,-910816,-15.51,TPOS_S,-,-,-,-
2026-01-22 13:07:46:659,Z,-440183,-5.00,TPOS_S,-,-,-,-
2026-01-22 13:07:51:668,X,-293559,-5.00,TPOS_E,-293546,-5.0000,13,0.0002
2026-01-22 13:07:52:093,X,-293559,-5.00,TPOS,-910277,-15.5048,-616718,-10.5046
2026-01-22 13:07:52:277,X,-293559,-5.00,TPOS_S,-,-,-,-
2026-01-22 13:07:55:486,X,-910809,-15.51,TPOS_E,-910277,-15.5048,532,0.0091
2026-01-22 13:07:55:910,X,-910809,-15.51,TPOS,-293546,-5.0000,617263,10.5139
2026-01-22 13:07:56:116,X,-910809,-15.51,TPOS_S,-,-,-,-
2026-01-22 13:08:01:128,X,-293544,-5.00,TPOS_E,-293546,-5.0000,-2,-0.0000
2026-01-22 13:08:01:552,X,-293544,-5.00,TPOS,-910277,-15.5048,-616733,-10.5049
2026-01-22 13:08:01:756,X,-293544,-5.00,TPOS_S,-,-,-,-
2026-01-22 13:08:04:365,Z,-3876299,-44.02,TPOS_E,-3875502,-44.0078,797,0.0091
2026-01-22 13:08:04:791,Z,-3876299,-44.02,TPOS,-440320,-5.0000,3435979,39.0168
2026-01-22 13:08:04:955,X,-910821,-15.51,TPOS_E,-910277,-15.5048,544,0.0093
2026-01-22 13:08:04:977,Z,-3876299,-44.02,TPOS_S,-,-,-,-
2026-01-22 13:08:05:200,X,-910821,-15.51,TPOS,-293546,-5.0000,617275,10.5141
2026-01-22 13:08:05:386,X,-910821,-15.51,TPOS_S,-,-,-,-
2026-01-22 13:08:10:400,X,-293538,-5.00,TPOS_E,-293546,-5.0000,-8,-0.0001
2026-01-22 13:08:10:824,X,-293538,-5.00,TPOS,-910277,-15.5048,-616739,-10.5050
2026-01-22 13:08:11:009,X,-293538,-5.00,TPOS_S,-,-,-,-
2026-01-22 13:08:14:219,X,-910825,-15.51,TPOS_E,-910277,-15.5048,548,0.0093
2026-01-22 13:08:14:645,X,-910825,-15.51,TPOS,-293546,-5.0000,617279,10.5142
2026-01-22 13:08:14:829,X,-910825,-15.51,TPOS_S,-,-,-,-
2026-01-22 13:08:19:844,X,-293571,-5.00,TPOS_E,-293546,-5.0000,25,0.0004
2026-01-22 13:08:20:268,X,-293571,-5.00,TPOS,-910277,-15.5048,-616706,-10.5044
2026-01-22 13:08:20:452,X,-293571,-5.00,TPOS_S,-,-,-,-
2026-01-22 13:08:22:457,Z,-440174,-5.00,TPOS_E,-440320,-5.0000,-146,-0.0017
2026-01-22 13:08:22:882,Z,-440174,-5.00,TPOS,-3875502,-44.0078,-3435328,-39.0094
2026-01-22 13:08:23:087,Z,-440174,-5.00,TPOS_S,-,-,-,-
2026-01-22 13:08:23:690,X,-910810,-15.51,TPOS_E,-910277,-15.5048,533,0.0091
2026-01-22 13:08:24:114,X,-910810,-15.51,TPOS,-293546,-5.0000,617264,10.5139
2026-01-22 13:08:24:319,X,-910810,-15.51,TPOS_S,-,-,-,-
2026-01-22 13:08:29:331,X,-293549,-5.00,TPOS_E,-293546,-5.0000,3,0.0001
2026-01-22 13:08:29:756,X,-293549,-5.00,TPOS,-910277,-15.5048,-616728,-10.5048
2026-01-22 13:08:29:941,X,-293549,-5.00,TPOS_S,-,-,-,-
2026-01-22 13:08:33:150,X,-910812,-15.51,TPOS_E,-910277,-15.5048,535,0.0091
2026-01-22 13:08:33:575,X,-910812,-15.51,TPOS,-293546,-5.0000,617266,10.5139
2026-01-22 13:08:33:760,X,-910812,-15.51,TPOS_S,-,-,-,-
2026-01-22 13:08:38:770,X,-293555,-5.00,TPOS_E,-293546,-5.0000,9,0.0002
2026-01-22 13:08:39:193,X,-293555,-5.00,TPOS,-910277,-15.5048,-616722,-10.5047
2026-01-22 13:08:39:399,X,-293555,-5.00,TPOS_S,-,-,-,-
2026-01-22 13:08:40:805,Z,-3876280,-44.02,TPOS_E,-3875502,-44.0078,778,0.0088
2026-01-22 13:08:41:228,Z,-3876280,-44.02,TPOS,-440320,-5.0000,3435960,39.0166
2026-01-22 13:08:41:414,Z,-3876280,-44.02,TPOS_S,-,-,-,-
2026-01-22 13:08:42:619,X,-910823,-15.51,TPOS_E,-910277,-15.5048,546,0.0093
2026-01-22 13:08:43:044,X,-910823,-15.51,TPOS,-293546,-5.0000,617277,10.5141
2026-01-22 13:08:43:249,X,-910823,-15.51,TPOS_S,-,-,-,-
2026-01-22 13:08:48:262,X,-293554,-5.00,TPOS_E,-293546,-5.0000,8,0.0001
2026-01-22 13:08:48:686,X,-293554,-5.00,TPOS,-910277,-15.5048,-616723,-10.5047
2026-01-22 13:08:48:871,X,-293554,-5.00,TPOS_S,-,-,-,-
2026-01-22 13:08:52:079,X,-910814,-15.51,TPOS_E,-910277,-15.5048,537,0.0091
2026-01-22 13:08:52:504,X,-910814,-15.51,TPOS,-293546,-5.0000,617268,10.5140
2026-01-22 13:08:52:708,X,-910814,-15.51,TPOS_S,-,-,-,-
2026-01-22 13:08:57:720,X,-293558,-5.00,TPOS_E,-293546,-5.0000,12,0.0002
2026-01-22 13:08:58:144,X,-293558,-5.00,TPOS,-910277,-15.5048,-616719,-10.5046
2026-01-22 13:08:58:329,X,-293558,-5.00,TPOS_S,-,-,-,-
2026-01-22 13:08:58:931,Z,-440127,-5.00,TPOS_E,-440320,-5.0000,-193,-0.0022
2026-01-22 13:08:59:356,Z,-440127,-5.00,TPOS,-3875502,-44.0078,-3435375,-39.0100
2026-01-22 13:08:59:543,Z,-440127,-5.00,TPOS_S,-,-,-,-
2026-01-22 13:09:01:549,X,-910806,-15.51,TPOS_E,-910277,-15.5048,529,0.0090
2026-01-22 13:09:01:973,X,-910806,-15.51,TPOS,-293546,-5.0000,617260,10.5138
2026-01-22 13:09:02:160,X,-910806,-15.51,TPOS_S,-,-,-,-
2026-01-22 13:09:07:173,X,-293548,-5.00,TPOS_E,-293546,-5.0000,2,0.0000
2026-01-22 13:09:07:597,X,-293548,-5.00,TPOS,-910277,-15.5048,-616729,-10.5048
2026-01-22 13:09:07:783,X,-293548,-5.00,TPOS_S,-,-,-,-
2026-01-22 13:09:10:991,X,-910810,-15.51,TPOS_E,-910277,-15.5048,533,0.0091
2026-01-22 13:09:11:415,X,-910810,-15.51,TPOS,-293546,-5.0000,617264,10.5139
2026-01-22 13:09:11:600,X,-910810,-15.51,TPOS_S,-,-,-,-
2026-01-22 13:09:16:615,X,-293547,-5.00,TPOS_E,-293546,-5.0000,1,0.0000
2026-01-22 13:09:17:041,X,-293547,-5.00,TPOS,-910277,-15.5048,-616730,-10.5048
2026-01-22 13:09:17:124,Z,-3876273,-44.02,TPOS_E,-3875502,-44.0078,771,0.0088
2026-01-22 13:09:17:190,Z,-3876273,-44.02,TPOS,-440320,-5.0000,3435953,39.0165
2026-01-22 13:09:17:233,X,-293547,-5.00,TPOS_S,-,-,-,-
2026-01-22 13:09:17:376,Z,-3876273,-44.02,TPOS_S,-,-,-,-
2026-01-22 13:09:20:586,X,-910811,-15.51,TPOS_E,-910277,-15.5048,534,0.0091
2026-01-22 13:09:21:013,X,-910811,-15.51,TPOS,-293546,-5.0000,617265,10.5139
2026-01-22 13:09:21:200,X,-910811,-15.51,TPOS_S,-,-,-,-
2026-01-22 13:09:26:213,X,-293557,-5.00,TPOS_E,-293546,-5.0000,11,0.0002
2026-01-22 13:09:26:636,X,-293557,-5.00,TPOS,-910277,-15.5048,-616720,-10.5046
2026-01-22 13:09:26:823,X,-293557,-5.00,TPOS_S,-,-,-,-
2026-01-22 13:09:30:031,X,-910798,-15.51,TPOS_E,-910277,-15.5048,521,0.0089
2026-01-22 13:09:30:454,X,-910798,-15.51,TPOS,-293546,-5.0000,617252,10.5137
2026-01-22 13:09:30:638,X,-910798,-15.51,TPOS_S,-,-,-,-
2026-01-22 13:09:34:850,Z,-440140,-5.00,TPOS_E,-440320,-5.0000,-180,-0.0020
2026-01-22 13:09:35:274,Z,-440140,-5.00,TPOS,-3875502,-44.0078,-3435362,-39.0098
2026-01-22 13:09:35:480,Z,-440140,-5.00,TPOS_S,-,-,-,-
2026-01-22 13:09:35:682,X,-293557,-5.00,TPOS_E,-293546,-5.0000,11,0.0002
2026-01-22 13:09:36:109,X,-293557,-5.00,TPOS,-910277,-15.5048,-616720,-10.5046
2026-01-22 13:09:36:294,X,-293557,-5.00,TPOS_S,-,-,-,-
2026-01-22 13:09:39:702,X,-910817,-15.51,TPOS_E,-910277,-15.5048,540,0.0092
2026-01-22 13:09:40:127,X,-910817,-15.51,TPOS,-293546,-5.0000,617271,10.5140
2026-01-22 13:09:40:312,X,-910817,-15.51,TPOS_S,-,-,-,-
2026-01-22 13:09:45:325,X,-293561,-5.00,TPOS_E,-293546,-5.0000,15,0.0003
2026-01-22 13:09:45:750,X,-293561,-5.00,TPOS,-910277,-15.5048,-616716,-10.5046
2026-01-22 13:09:45:935,X,-293561,-5.00,TPOS_S,-,-,-,-
2026-01-22 13:09:49:143,X,-910811,-15.51,TPOS_E,-910277,-15.5048,534,0.0091
2026-01-22 13:09:49:567,X,-910811,-15.51,TPOS,-293546,-5.0000,617265,10.5139
2026-01-22 13:09:49:772,X,-910811,-15.51,TPOS_S,-,-,-,-
2026-01-22 13:09:53:179,Z,-3876252,-44.02,TPOS_E,-3875502,-44.0078,750,0.0085
2026-01-22 13:09:53:607,Z,-3876252,-44.02,TPOS,-440320,-5.0000,3435932,39.0163
2026-01-22 13:09:53:792,Z,-3876252,-44.02,TPOS_S,-,-,-,-
2026-01-22 13:09:54:795,X,-293558,-5.00,TPOS_E,-293546,-5.0000,12,0.0002
2026-01-22 13:09:55:221,X,-293558,-5.00,TPOS,-910277,-15.5048,-616719,-10.5046
2026-01-22 13:09:55:406,X,-293558,-5.00,TPOS_S,-,-,-,-
2026-01-22 13:09:58:614,X,-910817,-15.51,TPOS_E,-910277,-15.5048,540,0.0092
2026-01-22 13:09:59:040,X,-910817,-15.51,TPOS,-293546,-5.0000,617271,10.5140
2026-01-22 13:09:59:225,X,-910817,-15.51,TPOS_S,-,-,-,-
2026-01-22 13:10:04:238,X,-293548,-5.00,TPOS_E,-293546,-5.0000,2,0.0000
2026-01-22 13:10:04:663,X,-293548,-5.00,TPOS,-910277,-15.5048,-616729,-10.5048
2026-01-22 13:10:04:848,X,-293548,-5.00,TPOS_S,-,-,-,-
2026-01-22 13:10:08:058,X,-910804,-15.51,TPOS_E,-910277,-15.5048,527,0.0090
2026-01-22 13:10:08:484,X,-910804,-15.51,TPOS,-293546,-5.0000,617258,10.5138
2026-01-22 13:10:08:669,X,-910804,-15.51,TPOS_S,-,-,-,-
2026-01-22 13:10:11:277,Z,-440166,-5.00,TPOS_E,-440320,-5.0000,-154,-0.0017
2026-01-22 13:10:11:703,Z,-440166,-5.00,TPOS,-3875502,-44.0078,-3435336,-39.0095
2026-01-22 13:10:11:889,Z,-440166,-5.00,TPOS_S,-,-,-,-
2026-01-22 13:10:13:694,X,-293555,-5.00,TPOS_E,-293546,-5.0000,9,0.0002
2026-01-22 13:10:14:118,X,-293555,-5.00,TPOS,-910277,-15.5048,-616722,-10.5047
2026-01-22 13:10:14:303,X,-293555,-5.00,TPOS_S,-,-,-,-
2026-01-22 13:10:17:711,X,-910808,-15.51,TPOS_E,-910277,-15.5048,531,0.0090
2026-01-22 13:10:18:137,X,-910808,-15.51,TPOS,-293546,-5.0000,617262,10.5139
2026-01-22 13:10:18:322,X,-910808,-15.51,TPOS_S,-,-,-,-
2026-01-22 13:10:23:333,X,-293555,-5.00,TPOS_E,-293546,-5.0000,9,0.0002
2026-01-22 13:10:23:761,X,-293555,-5.00,TPOS,-910277,-15.5048,-616722,-10.5047
2026-01-22 13:10:23:967,X,-293555,-5.00,TPOS_S,-,-,-,-
2026-01-22 13:10:27:175,X,-910807,-15.51,TPOS_E,-910277,-15.5048,530,0.0090
2026-01-22 13:10:27:602,X,-910807,-15.51,TPOS,-293546,-5.0000,617261,10.5138
2026-01-22 13:10:27:788,X,-910807,-15.51,TPOS_S,-,-,-,-
2026-01-22 13:10:29:594,Z,-3876289,-44.02,TPOS_E,-3875502,-44.0078,787,0.0089
2026-01-22 13:10:30:017,Z,-3876289,-44.02,TPOS,-440320,-5.0000,3435969,39.0167
2026-01-22 13:10:30:202,Z,-3876289,-44.02,TPOS_S,-,-,-,-
2026-01-22 13:10:32:809,X,-293563,-5.00,TPOS_E,-293546,-5.0000,17,0.0003
2026-01-22 13:10:33:233,X,-293563,-5.00,TPOS,-910277,-15.5048,-616714,-10.5045
2026-01-22 13:10:33:418,X,-293563,-5.00,TPOS_S,-,-,-,-
2026-01-22 13:10:36:826,X,-910803,-15.51,TPOS_E,-910277,-15.5048,526,0.0090
2026-01-22 13:10:37:250,X,-910803,-15.51,TPOS,-293546,-5.0000,617257,10.5138
2026-01-22 13:10:37:456,X,-910803,-15.51,TPOS_S,-,-,-,-
2026-01-22 13:10:42:471,X,-293551,-5.00,TPOS_E,-293546,-5.0000,5,0.0001
2026-01-22 13:10:42:895,X,-293551,-5.00,TPOS,-910277,-15.5048,-616726,-10.5047
2026-01-22 13:10:43:080,X,-293551,-5.00,TPOS_S,-,-,-,-
2026-01-22 13:10:46:491,X,-910809,-15.51,TPOS_E,-910277,-15.5048,532,0.0091
2026-01-22 13:10:46:916,X,-910809,-15.51,TPOS,-293546,-5.0000,617263,10.5139
2026-01-22 13:10:47:122,X,-910809,-15.51,TPOS_S,-,-,-,-
2026-01-22 13:10:47:725,Z,-440184,-5.00,TPOS_E,-440320,-5.0000,-136,-0.0015
2026-01-22 13:10:48:150,Z,-440184,-5.00,TPOS,-3875502,-44.0078,-3435318,-39.0093
2026-01-22 13:10:48:335,Z,-440184,-5.00,TPOS_S,-,-,-,-
2026-01-22 13:10:52:145,X,-293564,-5.00,TPOS_E,-293546,-5.0000,18,0.0003
2026-01-22 13:10:52:569,X,-293564,-5.00,TPOS,-910277,-15.5048,-616713,-10.5045
2026-01-22 13:10:52:755,X,-293564,-5.00,TPOS_S,-,-,-,-
2026-01-22 13:10:55:964,X,-910790,-15.51,TPOS_E,-910277,-15.5048,513,0.0087
2026-01-22 13:10:56:388,X,-910790,-15.51,TPOS,-293546,-5.0000,617244,10.5136
2026-01-22 13:10:56:572,X,-910790,-15.51,TPOS_S,-,-,-,-
2026-01-22 13:11:01:586,X,-293564,-5.00,TPOS_E,-293546,-5.0000,18,0.0003
2026-01-22 13:11:02:011,X,-293564,-5.00,TPOS,-910277,-15.5048,-616713,-10.5045
2026-01-22 13:11:02:197,X,-293564,-5.00,TPOS_S,-,-,-,-
2026-01-22 13:11:05:605,X,-910794,-15.51,TPOS_E,-910277,-15.5048,517,0.0088
2026-01-22 13:11:06:010,Z,-3876327,-44.02,TPOS_E,-3875502,-44.0078,825,0.0094
2026-01-22 13:11:06:032,X,-910794,-15.51,TPOS,-293546,-5.0000,617248,10.5136
2026-01-22 13:11:06:075,Z,-3876327,-44.02,TPOS,-440320,-5.0000,3436007,39.0172
2026-01-22 13:11:06:198,X,-910794,-15.51,TPOS_S,-,-,-,-
2026-01-22 13:11:06:345,Z,-3876327,-44.02,TPOS_S,-,-,-,-
2026-01-22 13:11:11:357,X,-293563,-5.00,TPOS_E,-293546,-5.0000,17,0.0003
2026-01-22 13:11:11:782,X,-293563,-5.00,TPOS,-910277,-15.5048,-616714,-10.5045
2026-01-22 13:11:11:968,X,-293563,-5.00,TPOS_S,-,-,-,-
2026-01-22 13:11:15:377,X,-910800,-15.51,TPOS_E,-910277,-15.5048,523,0.0089
2026-01-22 13:11:15:804,X,-910800,-15.51,TPOS,-293546,-5.0000,617254,10.5137
2026-01-22 13:11:16:010,X,-910800,-15.51,TPOS_S,-,-,-,-
2026-01-22 13:11:21:022,X,-293557,-5.00,TPOS_E,-293546,-5.0000,11,0.0002
2026-01-22 13:11:21:446,X,-293557,-5.00,TPOS,-910277,-15.5048,-616720,-10.5046
2026-01-22 13:11:21:631,X,-293557,-5.00,TPOS_S,-,-,-,-
2026-01-22 13:11:23:836,Z,-440158,-5.00,TPOS_E,-440320,-5.0000,-162,-0.0018
2026-01-22 13:11:24:260,Z,-440158,-5.00,TPOS,-3875502,-44.0078,-3435344,-39.0096
2026-01-22 13:11:24:445,Z,-440158,-5.00,TPOS_S,-,-,-,-
2026-01-22 13:11:25:047,X,-910804,-15.51,TPOS_E,-910277,-15.5048,527,0.0090
2026-01-22 13:11:25:473,X,-910804,-15.51,TPOS,-293546,-5.0000,617258,10.5138
2026-01-22 13:11:25:658,X,-910804,-15.51,TPOS_S,-,-,-,-
2026-01-22 13:11:30:671,X,-293561,-5.00,TPOS_E,-293546,-5.0000,15,0.0003
2026-01-22 13:11:31:099,X,-293561,-5.00,TPOS,-910277,-15.5048,-616716,-10.5046
2026-01-22 13:11:31:283,X,-293561,-5.00,TPOS_S,-,-,-,-
2026-01-22 13:11:34:691,X,-910811,-15.51,TPOS_E,-910277,-15.5048,534,0.0091
2026-01-22 13:11:35:116,X,-910811,-15.51,TPOS,-293546,-5.0000,617265,10.5139
2026-01-22 13:11:35:300,X,-910811,-15.51,TPOS_S,-,-,-,-
2026-01-22 13:11:40:315,X,-293566,-5.00,TPOS_E,-293546,-5.0000,20,0.0003
2026-01-22 13:11:40:739,X,-293566,-5.00,TPOS,-910277,-15.5048,-616711,-10.5045
2026-01-22 13:11:40:922,X,-293566,-5.00,TPOS_S,-,-,-,-
2026-01-22 13:11:42:127,Z,-3876304,-44.02,TPOS_E,-3875502,-44.0078,802,0.0091
2026-01-22 13:11:42:551,Z,-3876304,-44.02,TPOS,-440320,-5.0000,3435984,39.0169
2026-01-22 13:11:42:736,Z,-3876304,-44.02,TPOS_S,-,-,-,-
2026-01-22 13:11:44:341,X,-910812,-15.51,TPOS_E,-910277,-15.5048,535,0.0091
2026-01-22 13:11:44:769,X,-910812,-15.51,TPOS,-293546,-5.0000,617266,10.5139
2026-01-22 13:11:44:955,X,-910812,-15.51,TPOS_S,-,-,-,-
2026-01-22 13:11:49:966,X,-293560,-5.00,TPOS_E,-293546,-5.0000,14,0.0002
2026-01-22 13:11:50:390,X,-293560,-5.00,TPOS,-910277,-15.5048,-616717,-10.5046
2026-01-22 13:11:50:577,X,-293560,-5.00,TPOS_S,-,-,-,-
2026-01-22 13:11:53:985,X,-910804,-15.51,TPOS_E,-910277,-15.5048,527,0.0090
2026-01-22 13:11:54:409,X,-910804,-15.51,TPOS,-293546,-5.0000,617258,10.5138
2026-01-22 13:11:54:594,X,-910804,-15.51,TPOS_S,-,-,-,-
2026-01-22 13:11:59:607,X,-293559,-5.00,TPOS_E,-293546,-5.0000,13,0.0002
2026-01-22 13:12:00:031,X,-293559,-5.00,TPOS,-910277,-15.5048,-616718,-10.5046
2026-01-22 13:12:00:217,X,-293559,-5.00,TPOS_S,-,-,-,-
2026-01-22 13:12:00:217,Z,-440140,-5.00,TPOS_E,-440320,-5.0000,-180,-0.0020
2026-01-22 13:12:00:644,Z,-440140,-5.00,TPOS,-3875502,-44.0078,-3435362,-39.0098
2026-01-22 13:12:00:830,Z,-440140,-5.00,TPOS_S,-,-,-,-
2026-01-22 13:12:03:639,X,-910797,-15.51,TPOS_E,-910277,-15.5048,520,0.0089
2026-01-22 13:12:04:063,X,-910797,-15.51,TPOS,-293546,-5.0000,617251,10.5137
2026-01-22 13:12:04:247,X,-910797,-15.51,TPOS_S,-,-,-,-
2026-01-22 13:12:09:260,X,-293562,-5.00,TPOS_E,-293546,-5.0000,16,0.0003
2026-01-22 13:12:09:688,X,-293562,-5.00,TPOS,-910277,-15.5048,-616715,-10.5045
2026-01-22 13:12:09:893,X,-293562,-5.00,TPOS_S,-,-,-,-
2026-01-22 13:12:13:304,X,-910796,-15.51,TPOS_E,-910277,-15.5048,519,0.0088
2026-01-22 13:12:13:729,X,-910796,-15.51,TPOS,-293546,-5.0000,617250,10.5137
2026-01-22 13:12:13:920,X,-910796,-15.51,TPOS_S,-,-,-,-
2026-01-22 13:12:18:532,Z,-3876260,-44.02,TPOS_E,-3875502,-44.0078,758,0.0086
2026-01-22 13:12:18:936,X,-293570,-5.00,TPOS_E,-293546,-5.0000,24,0.0004
2026-01-22 13:12:18:957,Z,-3876260,-44.02,TPOS,-440320,-5.0000,3435940,39.0164
2026-01-22 13:12:19:001,X,-293570,-5.00,TPOS,-910277,-15.5048,-616707,-10.5044
2026-01-22 13:12:19:144,Z,-3876260,-44.02,TPOS_S,-,-,-,-
2026-01-22 13:12:19:269,X,-293570,-5.00,TPOS_S,-,-,-,-
2026-01-22 13:12:22:678,X,-910797,-15.51,TPOS_E,-910277,-15.5048,520,0.0089
2026-01-22 13:12:23:103,X,-910797,-15.51,TPOS,-293546,-5.0000,617251,10.5137
2026-01-22 13:12:23:289,X,-910797,-15.51,TPOS_S,-,-,-,-
2026-01-22 13:12:28:301,X,-293563,-5.00,TPOS_E,-293546,-5.0000,17,0.0003
2026-01-22 13:12:28:726,X,-293563,-5.00,TPOS,-910277,-15.5048,-616714,-10.5045
2026-01-22 13:12:28:911,X,-293563,-5.00,TPOS_S,-,-,-,-
2026-01-22 13:12:32:324,X,-910813,-15.51,TPOS_E,-910277,-15.5048,536,0.0091
2026-01-22 13:12:32:751,X,-910813,-15.51,TPOS,-293546,-5.0000,617267,10.5140
2026-01-22 13:12:32:936,X,-910813,-15.51,TPOS_S,-,-,-,-
2026-01-22 13:12:36:747,Z,-440152,-5.00,TPOS_E,-440320,-5.0000,-168,-0.0019
2026-01-22 13:12:37:172,Z,-440152,-5.00,TPOS,-3875502,-44.0078,-3435350,-39.0097
2026-01-22 13:12:37:356,Z,-440152,-5.00,TPOS_S,-,-,-,-
2026-01-22 13:12:37:959,X,-293569,-5.00,TPOS_E,-293546,-5.0000,23,0.0004
2026-01-22 13:12:38:383,X,-293569,-5.00,TPOS,-910277,-15.5048,-616708,-10.5044
2026-01-22 13:12:38:568,X,-293569,-5.00,TPOS_S,-,-,-,-
2026-01-22 13:12:41:976,X,-910810,-15.51,TPOS_E,-910277,-15.5048,533,0.0091
2026-01-22 13:12:42:401,X,-910810,-15.51,TPOS,-293546,-5.0000,617264,10.5139
2026-01-22 13:12:42:586,X,-910810,-15.51,TPOS_S,-,-,-,-
2026-01-22 13:12:47:598,X,-293562,-5.00,TPOS_E,-293546,-5.0000,16,0.0003
2026-01-22 13:12:48:025,X,-293562,-5.00,TPOS,-910277,-15.5048,-616715,-10.5045
2026-01-22 13:12:48:211,X,-293562,-5.00,TPOS_S,-,-,-,-
2026-01-22 13:12:51:618,X,-910825,-15.51,TPOS_E,-910277,-15.5048,548,0.0093
2026-01-22 13:12:52:044,X,-910825,-15.51,TPOS,-293546,-5.0000,617279,10.5142
2026-01-22 13:12:52:229,X,-910825,-15.51,TPOS_S,-,-,-,-
2026-01-22 13:12:55:037,Z,-3876286,-44.02,TPOS_E,-3875502,-44.0078,784,0.0089
2026-01-22 13:12:55:462,Z,-3876286,-44.02,TPOS,-440320,-5.0000,3435966,39.0167
2026-01-22 13:12:55:646,Z,-3876286,-44.02,TPOS_S,-,-,-,-
2026-01-22 13:12:57:250,X,-293553,-5.00,TPOS_E,-293546,-5.0000,7,0.0001
2026-01-22 13:12:57:677,X,-293553,-5.00,TPOS,-910277,-15.5048,-616724,-10.5047
2026-01-22 13:12:57:861,X,-293553,-5.00,TPOS_S,-,-,-,-
2026-01-22 13:13:01:272,X,-910814,-15.51,TPOS_E,-910277,-15.5048,537,0.0091
2026-01-22 13:13:01:696,X,-910814,-15.51,TPOS,-293546,-5.0000,617268,10.5140
2026-01-22 13:13:01:880,X,-910814,-15.51,TPOS_S,-,-,-,-
2026-01-22 13:13:06:893,X,-293556,-5.00,TPOS_E,-293546,-5.0000,10,0.0002
2026-01-22 13:13:07:318,X,-293556,-5.00,TPOS,-910277,-15.5048,-616721,-10.5047
2026-01-22 13:13:07:502,X,-293556,-5.00,TPOS_S,-,-,-,-
2026-01-22 13:13:10:910,X,-910813,-15.51,TPOS_E,-910277,-15.5048,536,0.0091
2026-01-22 13:13:11:335,X,-910813,-15.51,TPOS,-293546,-5.0000,617267,10.5140
2026-01-22 13:13:11:520,X,-910813,-15.51,TPOS_S,-,-,-,-
2026-01-22 13:13:13:326,Z,-440177,-5.00,TPOS_E,-440320,-5.0000,-143,-0.0016
2026-01-22 13:13:13:750,Z,-440177,-5.00,TPOS,-3875502,-44.0078,-3435325,-39.0094
2026-01-22 13:13:13:936,Z,-440177,-5.00,TPOS_S,-,-,-,-
2026-01-22 13:13:16:543,X,-293563,-5.00,TPOS_E,-293546,-5.0000,17,0.0003
2026-01-22 13:13:16:968,X,-293563,-5.00,TPOS,-910277,-15.5048,-616714,-10.5045
2026-01-22 13:13:17:153,X,-293563,-5.00,TPOS_S,-,-,-,-
2026-01-22 13:13:20:561,X,-910797,-15.51,TPOS_E,-910277,-15.5048,520,0.0089
2026-01-22 13:13:20:986,X,-910797,-15.51,TPOS,-293546,-5.0000,617251,10.5137
2026-01-22 13:13:21:191,X,-910797,-15.51,TPOS_S,-,-,-,-
2026-01-22 13:13:26:203,X,-293556,-5.00,TPOS_E,-293546,-5.0000,10,0.0002
2026-01-22 13:13:26:630,X,-293556,-5.00,TPOS,-910277,-15.5048,-616721,-10.5047
2026-01-22 13:13:26:814,X,-293556,-5.00,TPOS_S,-,-,-,-
2026-01-22 13:13:30:223,X,-910798,-15.51,TPOS_E,-910277,-15.5048,521,0.0089
2026-01-22 13:13:30:648,X,-910798,-15.51,TPOS,-293546,-5.0000,617252,10.5137
2026-01-22 13:13:30:855,X,-910798,-15.51,TPOS_S,-,-,-,-
2026-01-22 13:13:31:658,Z,-3876280,-44.02,TPOS_E,-3875502,-44.0078,778,0.0088
2026-01-22 13:13:32:083,Z,-3876280,-44.02,TPOS,-440320,-5.0000,3435960,39.0166
2026-01-22 13:13:32:291,Z,-3876280,-44.02,TPOS_S,-,-,-,-
2026-01-22 13:13:35:903,X,-293558,-5.00,TPOS_E,-293546,-5.0000,12,0.0002
2026-01-22 13:13:36:327,X,-293558,-5.00,TPOS,-910277,-15.5048,-616719,-10.5046
2026-01-22 13:13:36:512,X,-293558,-5.00,TPOS_S,-,-,-,-
2026-01-22 13:13:39:923,X,-910796,-15.51,TPOS_E,-910277,-15.5048,519,0.0088
2026-01-22 13:13:40:348,X,-910796,-15.51,TPOS,-293546,-5.0000,617250,10.5137
2026-01-22 13:13:40:532,X,-910796,-15.51,TPOS_S,-,-,-,-
2026-01-22 13:13:45:545,X,-293569,-5.00,TPOS_E,-293546,-5.0000,23,0.0004
2026-01-22 13:13:45:969,X,-293569,-5.00,TPOS,-910277,-15.5048,-616708,-10.5044
2026-01-22 13:13:46:175,X,-293569,-5.00,TPOS_S,-,-,-,-
2026-01-22 13:13:49:582,X,-910789,-15.51,TPOS_E,-910277,-15.5048,512,0.0087
2026-01-22 13:13:49:784,Z,-440180,-5.00,TPOS_E,-440320,-5.0000,-140,-0.0016
2026-01-22 13:13:50:009,X,-910789,-15.51,TPOS,-293546,-5.0000,617243,10.5135
2026-01-22 13:13:50:030,Z,-440180,-5.00,TPOS,-3875502,-44.0078,-3435322,-39.0094
2026-01-22 13:13:50:195,X,-910789,-15.51,TPOS_S,-,-,-,-
2026-01-22 13:13:50:319,Z,-440180,-5.00,TPOS_S,-,-,-,-
2026-01-22 13:13:55:331,X,-293561,-5.00,TPOS_E,-293546,-5.0000,15,0.0003
2026-01-22 13:13:55:757,X,-293561,-5.00,TPOS,-910277,-15.5048,-616716,-10.5046
2026-01-22 13:13:55:940,X,-293561,-5.00,TPOS_S,-,-,-,-
2026-01-22 13:13:59:349,X,-910822,-15.51,TPOS_E,-910277,-15.5048,545,0.0093
2026-01-22 13:13:59:773,X,-910822,-15.51,TPOS,-293546,-5.0000,617276,10.5141
2026-01-22 13:13:59:960,X,-910822,-15.51,TPOS_S,-,-,-,-
2026-01-22 13:14:04:974,X,-293565,-5.00,TPOS_E,-293546,-5.0000,19,0.0003
2026-01-22 13:14:05:399,X,-293565,-5.00,TPOS,-910277,-15.5048,-616712,-10.5045
2026-01-22 13:14:05:584,X,-293565,-5.00,TPOS_S,-,-,-,-
2026-01-22 13:14:07:991,Z,-3876289,-44.02,TPOS_E,-3875502,-44.0078,787,0.0089
2026-01-22 13:14:08:415,Z,-3876289,-44.02,TPOS,-440320,-5.0000,3435969,39.0167
2026-01-22 13:14:08:621,Z,-3876289,-44.02,TPOS_S,-,-,-,-
2026-01-22 13:14:08:823,X,-910797,-15.51,TPOS_E,-910277,-15.5048,520,0.0089
2026-01-22 13:14:09:249,X,-910797,-15.51,TPOS,-293546,-5.0000,617251,10.5137
2026-01-22 13:14:09:434,X,-910797,-15.51,TPOS_S,-,-,-,-
2026-01-22 13:14:14:446,X,-293563,-5.00,TPOS_E,-293546,-5.0000,17,0.0003
2026-01-22 13:14:14:872,X,-293563,-5.00,TPOS,-910277,-15.5048,-616714,-10.5045
2026-01-22 13:14:15:076,X,-293563,-5.00,TPOS_S,-,-,-,-
2026-01-22 13:14:18:486,X,-910808,-15.51,TPOS_E,-910277,-15.5048,531,0.0090
2026-01-22 13:14:18:913,X,-910808,-15.51,TPOS,-293546,-5.0000,617262,10.5139
2026-01-22 13:14:19:097,X,-910808,-15.51,TPOS_S,-,-,-,-
2026-01-22 13:14:24:110,X,-293573,-5.00,TPOS_E,-293546,-5.0000,27,0.0005
2026-01-22 13:14:24:534,X,-293573,-5.00,TPOS,-910277,-15.5048,-616704,-10.5044
2026-01-22 13:14:24:740,X,-293573,-5.00,TPOS_S,-,-,-,-
2026-01-22 13:14:26:145,Z,-440172,-5.00,TPOS_E,-440320,-5.0000,-148,-0.0017
2026-01-22 13:14:26:569,Z,-440172,-5.00,TPOS,-3875502,-44.0078,-3435330,-39.0095
2026-01-22 13:14:26:775,Z,-440172,-5.00,TPOS_S,-,-,-,-
2026-01-22 13:14:27:979,X,-910799,-15.51,TPOS_E,-910277,-15.5048,522,0.0089
2026-01-22 13:14:28:404,X,-910799,-15.51,TPOS,-293546,-5.0000,617253,10.5137
2026-01-22 13:14:28:588,X,-910799,-15.51,TPOS_S,-,-,-,-
2026-01-22 13:14:33:600,X,-293563,-5.00,TPOS_E,-293546,-5.0000,17,0.0003
2026-01-22 13:14:34:024,X,-293563,-5.00,TPOS,-910277,-15.5048,-616714,-10.5045
2026-01-22 13:14:34:210,X,-293563,-5.00,TPOS_S,-,-,-,-
2026-01-22 13:14:37:621,X,-910807,-15.51,TPOS_E,-910277,-15.5048,530,0.0090
2026-01-22 13:14:38:045,X,-910807,-15.51,TPOS,-293546,-5.0000,617261,10.5138
2026-01-22 13:14:38:230,X,-910807,-15.51,TPOS_S,-,-,-,-
2026-01-22 13:14:43:244,X,-293561,-5.00,TPOS_E,-293546,-5.0000,15,0.0003
2026-01-22 13:14:43:669,X,-293561,-5.00,TPOS,-910277,-15.5048,-616716,-10.5046
2026-01-22 13:14:43:853,X,-293561,-5.00,TPOS_S,-,-,-,-
2026-01-22 13:14:44:456,Z,-3876290,-44.02,TPOS_E,-3875502,-44.0078,788,0.0089
2026-01-22 13:14:44:882,Z,-3876290,-44.02,TPOS,-440320,-5.0000,3435970,39.0167
2026-01-22 13:14:45:066,Z,-3876290,-44.02,TPOS_S,-,-,-,-
2026-01-22 13:14:47:272,X,-910806,-15.51,TPOS_E,-910277,-15.5048,529,0.0090
2026-01-22 13:14:47:697,X,-910806,-15.51,TPOS,-293546,-5.0000,617260,10.5138
2026-01-22 13:14:47:882,X,-910806,-15.51,TPOS_S,-,-,-,-
2026-01-22 13:14:52:895,X,-293559,-5.00,TPOS_E,-293546,-5.0000,13,0.0002
2026-01-22 13:14:53:320,X,-293559,-5.00,TPOS,-910277,-15.5048,-616718,-10.5046
2026-01-22 13:14:53:504,X,-293559,-5.00,TPOS_S,-,-,-,-
2026-01-22 13:14:56:913,X,-910814,-15.51,TPOS_E,-910277,-15.5048,537,0.0091
2026-01-22 13:14:57:338,X,-910814,-15.51,TPOS,-293546,-5.0000,617268,10.5140
2026-01-22 13:14:57:522,X,-910814,-15.51,TPOS_S,-,-,-,-
2026-01-22 13:15:02:536,X,-293577,-5.00,TPOS_E,-293546,-5.0000,31,0.0005
2026-01-22 13:15:02:741,Z,-440135,-5.00,TPOS_E,-440320,-5.0000,-185,-0.0021
2026-01-22 13:15:02:967,X,-293577,-5.00,TPOS,-910277,-15.5048,-616700,-10.5043
2026-01-22 13:15:02:989,Z,-440135,-5.00,TPOS,-3875502,-44.0078,-3435367,-39.0099
2026-01-22 13:15:03:154,X,-293577,-5.00,TPOS_S,-,-,-,-
2026-01-22 13:15:03:297,Z,-440135,-5.00,TPOS_S,-,-,-,-
2026-01-22 13:15:06:507,X,-910803,-15.51,TPOS_E,-910277,-15.5048,526,0.0090
2026-01-22 13:15:06:933,X,-910803,-15.51,TPOS,-293546,-5.0000,617257,10.5138
2026-01-22 13:15:07:117,X,-910803,-15.51,TPOS_S,-,-,-,-
2026-01-22 13:15:12:132,X,-293565,-5.00,TPOS_E,-293546,-5.0000,19,0.0003
2026-01-22 13:15:12:559,X,-293565,-5.00,TPOS,-910277,-15.5048,-616712,-10.5045
2026-01-22 13:15:12:743,X,-293565,-5.00,TPOS_S,-,-,-,-
2026-01-22 13:15:16:152,X,-910804,-15.51,TPOS_E,-910277,-15.5048,527,0.0090
2026-01-22 13:15:16:578,X,-910804,-15.51,TPOS,-293546,-5.0000,617258,10.5138
2026-01-22 13:15:16:762,X,-910804,-15.51,TPOS_S,-,-,-,-
2026-01-22 13:15:20:974,Z,-3876281,-44.02,TPOS_E,-3875502,-44.0078,779,0.0088
2026-01-22 13:15:21:400,Z,-3876281,-44.02,TPOS,-440320,-5.0000,3435961,39.0166
2026-01-22 13:15:21:585,Z,-3876281,-44.02,TPOS_S,-,-,-,-
2026-01-22 13:15:21:786,X,-293585,-5.00,TPOS_E,-293546,-5.0000,39,0.0007
2026-01-22 13:15:22:213,X,-293585,-5.00,TPOS,-910277,-15.5048,-616692,-10.5042
2026-01-22 13:15:22:399,X,-293585,-5.00,TPOS_S,-,-,-,-
2026-01-22 13:15:25:809,X,-910795,-15.51,TPOS_E,-910277,-15.5048,518,0.0088
2026-01-22 13:15:26:233,X,-910795,-15.51,TPOS,-293546,-5.0000,617249,10.5136
2026-01-22 13:15:26:417,X,-910795,-15.51,TPOS_S,-,-,-,-
2026-01-22 13:15:31:430,X,-293561,-5.00,TPOS_E,-293546,-5.0000,15,0.0003
2026-01-22 13:15:31:855,X,-293561,-5.00,TPOS,-910277,-15.5048,-616716,-10.5046
2026-01-22 13:15:32:040,X,-293561,-5.00,TPOS_S,-,-,-,-
2026-01-22 13:15:35:450,X,-910787,-15.51,TPOS_E,-910277,-15.5048,510,0.0087
2026-01-22 13:15:35:874,X,-910787,-15.51,TPOS,-293546,-5.0000,617241,10.5135
2026-01-22 13:15:36:058,X,-910787,-15.51,TPOS_S,-,-,-,-
2026-01-22 13:15:39:268,Z,-440151,-5.00,TPOS_E,-440320,-5.0000,-169,-0.0019
2026-01-22 13:15:39:693,Z,-440151,-5.00,TPOS,-3875502,-44.0078,-3435351,-39.0097
2026-01-22 13:15:39:878,Z,-440151,-5.00,TPOS_S,-,-,-,-
2026-01-22 13:15:41:083,X,-293581,-5.00,TPOS_E,-293546,-5.0000,35,0.0006
2026-01-22 13:15:41:507,X,-293581,-5.00,TPOS,-910277,-15.5048,-616696,-10.5042
2026-01-22 13:15:41:695,X,-293581,-5.00,TPOS_S,-,-,-,-
2026-01-22 13:15:45:105,X,-910789,-15.51,TPOS_E,-910277,-15.5048,512,0.0087
2026-01-22 13:15:45:529,X,-910789,-15.51,TPOS,-293546,-5.0000,617243,10.5135
2026-01-22 13:15:45:714,X,-910789,-15.51,TPOS_S,-,-,-,-
2026-01-22 13:15:50:727,X,-293560,-5.00,TPOS_E,-293546,-5.0000,14,0.0002
2026-01-22 13:15:51:153,X,-293560,-5.00,TPOS,-910277,-15.5048,-616717,-10.5046
2026-01-22 13:15:51:359,X,-293560,-5.00,TPOS_S,-,-,-,-
2026-01-22 13:15:54:769,X,-910793,-15.51,TPOS_E,-910277,-15.5048,516,0.0088
2026-01-22 13:15:55:195,X,-910793,-15.51,TPOS,-293546,-5.0000,617247,10.5136
2026-01-22 13:15:55:380,X,-910793,-15.51,TPOS_S,-,-,-,-
2026-01-22 13:15:57:587,Z,-3876271,-44.02,TPOS_E,-3875502,-44.0078,769,0.0087
2026-01-22 13:15:58:011,Z,-3876271,-44.02,TPOS,-440320,-5.0000,3435951,39.0165
2026-01-22 13:15:58:196,Z,-3876271,-44.02,TPOS_S,-,-,-,-
2026-01-22 13:16:00:402,X,-293562,-5.00,TPOS_E,-293546,-5.0000,16,0.0003
2026-01-22 13:16:00:826,X,-293562,-5.00,TPOS,-910277,-15.5048,-616715,-10.5045
2026-01-22 13:16:01:012,X,-293562,-5.00,TPOS_S,-,-,-,-
2026-01-22 13:16:04:421,X,-910809,-15.51,TPOS_E,-910277,-15.5048,532,0.0091
2026-01-22 13:16:04:846,X,-910809,-15.51,TPOS,-293546,-5.0000,617263,10.5139
2026-01-22 13:16:05:051,X,-910809,-15.51,TPOS_S,-,-,-,-
2026-01-22 13:16:10:065,X,-293564,-5.00,TPOS_E,-293546,-5.0000,18,0.0003
2026-01-22 13:16:10:490,X,-293564,-5.00,TPOS,-910277,-15.5048,-616713,-10.5045
2026-01-22 13:16:10:673,X,-293564,-5.00,TPOS_S,-,-,-,-
2026-01-22 13:16:14:081,X,-910786,-15.51,TPOS_E,-910277,-15.5048,509,0.0087
2026-01-22 13:16:14:506,X,-910786,-15.51,TPOS,-293546,-5.0000,617240,10.5135
2026-01-22 13:16:14:691,X,-910786,-15.51,TPOS_S,-,-,-,-
2026-01-22 13:16:15:694,Z,-440167,-5.00,TPOS_E,-440320,-5.0000,-153,-0.0017
2026-01-22 13:16:16:123,Z,-440167,-5.00,TPOS,-3875502,-44.0078,-3435335,-39.0095
2026-01-22 13:16:16:307,Z,-440167,-5.00,TPOS_S,-,-,-,-
2026-01-22 13:16:19:717,X,-293568,-5.00,TPOS_E,-293546,-5.0000,22,0.0004
2026-01-22 13:16:20:142,X,-293568,-5.00,TPOS,-910277,-15.5048,-616709,-10.5044
2026-01-22 13:16:20:326,X,-293568,-5.00,TPOS_S,-,-,-,-
2026-01-22 13:16:23:735,X,-910795,-15.51,TPOS_E,-910277,-15.5048,518,0.0088
2026-01-22 13:16:24:160,X,-910795,-15.51,TPOS,-293546,-5.0000,617249,10.5136
2026-01-22 13:16:24:345,X,-910795,-15.51,TPOS_S,-,-,-,-
2026-01-22 13:16:29:358,X,-293572,-5.00,TPOS_E,-293546,-5.0000,26,0.0004
2026-01-22 13:16:29:784,X,-293572,-5.00,TPOS,-910277,-15.5048,-616705,-10.5044
2026-01-22 13:16:29:990,X,-293572,-5.00,TPOS_S,-,-,-,-
2026-01-22 13:16:33:400,X,-910797,-15.51,TPOS_E,-910277,-15.5048,520,0.0089
2026-01-22 13:16:33:823,X,-910797,-15.51,TPOS,-293546,-5.0000,617251,10.5137
2026-01-22 13:16:33:845,Z,-3876295,-44.02,TPOS_E,-3875502,-44.0078,793,0.0090
2026-01-22 13:16:33:910,Z,-3876295,-44.02,TPOS,-440320,-5.0000,3435975,39.0168
2026-01-22 13:16:34:013,X,-910797,-15.51,TPOS_S,-,-,-,-
2026-01-22 13:16:34:139,Z,-3876295,-44.02,TPOS_S,-,-,-,-
2026-01-22 13:16:39:151,X,-293561,-5.00,TPOS_E,-293546,-5.0000,15,0.0003
2026-01-22 13:16:39:576,X,-293561,-5.00,TPOS,-910277,-15.5048,-616716,-10.5046
2026-01-22 13:16:39:782,X,-293561,-5.00,TPOS_S,-,-,-,-
2026-01-22 13:16:43:192,X,-910800,-15.51,TPOS_E,-910277,-15.5048,523,0.0089
2026-01-22 13:16:43:617,X,-910800,-15.51,TPOS,-293546,-5.0000,617254,10.5137
2026-01-22 13:16:43:801,X,-910800,-15.51,TPOS_S,-,-,-,-
2026-01-22 13:16:48:814,X,-293576,-5.00,TPOS_E,-293546,-5.0000,30,0.0005
2026-01-22 13:16:49:239,X,-293576,-5.00,TPOS,-910277,-15.5048,-616701,-10.5043
2026-01-22 13:16:49:424,X,-293576,-5.00,TPOS_S,-,-,-,-
2026-01-22 13:16:51:634,Z,-440161,-5.00,TPOS_E,-440320,-5.0000,-159,-0.0018
2026-01-22 13:16:52:061,Z,-440161,-5.00,TPOS,-3875502,-44.0078,-3435341,-39.0096
2026-01-22 13:16:52:246,Z,-440161,-5.00,TPOS_S,-,-,-,-
2026-01-22 13:16:52:849,X,-910783,-15.51,TPOS_E,-910277,-15.5048,506,0.0086
2026-01-22 13:16:53:275,X,-910783,-15.51,TPOS,-293546,-5.0000,617237,10.5134
2026-01-22 13:16:53:460,X,-910783,-15.51,TPOS_S,-,-,-,-
2026-01-22 13:16:58:472,X,-293563,-5.00,TPOS_E,-293546,-5.0000,17,0.0003
2026-01-22 13:16:58:897,X,-293563,-5.00,TPOS,-910277,-15.5048,-616714,-10.5045
2026-01-22 13:16:59:082,X,-293563,-5.00,TPOS_S,-,-,-,-
2026-01-22 13:17:02:491,X,-910804,-15.51,TPOS_E,-910277,-15.5048,527,0.0090
2026-01-22 13:17:02:917,X,-910804,-15.51,TPOS,-293546,-5.0000,617258,10.5138
2026-01-22 13:17:03:102,X,-910804,-15.51,TPOS_S,-,-,-,-
2026-01-22 13:17:08:117,X,-293568,-5.00,TPOS_E,-293546,-5.0000,22,0.0004
2026-01-22 13:17:08:542,X,-293568,-5.00,TPOS,-910277,-15.5048,-616709,-10.5044
2026-01-22 13:17:08:747,X,-293568,-5.00,TPOS_S,-,-,-,-
2026-01-22 13:17:09:951,Z,-3876283,-44.02,TPOS_E,-3875502,-44.0078,781,0.0089
2026-01-22 13:17:10:376,Z,-3876283,-44.02,TPOS,-440320,-5.0000,3435963,39.0167
2026-01-22 13:17:10:561,Z,-3876283,-44.02,TPOS_S,-,-,-,-
2026-01-22 13:17:12:168,X,-910804,-15.51,TPOS_E,-910277,-15.5048,527,0.0090
2026-01-22 13:17:12:594,X,-910804,-15.51,TPOS,-293546,-5.0000,617258,10.5138
2026-01-22 13:17:12:779,X,-910804,-15.51,TPOS_S,-,-,-,-
2026-01-22 13:17:17:793,X,-293553,-5.00,TPOS_E,-293546,-5.0000,7,0.0001
2026-01-22 13:17:18:218,X,-293553,-5.00,TPOS,-910277,-15.5048,-616724,-10.5047
2026-01-22 13:17:18:402,X,-293553,-5.00,TPOS_S,-,-,-,-
2026-01-22 13:17:21:811,X,-910806,-15.51,TPOS_E,-910277,-15.5048,529,0.0090
2026-01-22 13:17:22:235,X,-910806,-15.51,TPOS,-293546,-5.0000,617260,10.5138
2026-01-22 13:17:22:423,X,-910806,-15.51,TPOS_S,-,-,-,-
2026-01-22 13:17:27:437,X,-293564,-5.00,TPOS_E,-293546,-5.0000,18,0.0003
2026-01-22 13:17:27:862,X,-293564,-5.00,TPOS,-910277,-15.5048,-616713,-10.5045
2026-01-22 13:17:28:047,Z,-440131,-5.00,TPOS_E,-440320,-5.0000,-189,-0.0021
2026-01-22 13:17:28:048,X,-293564,-5.00,TPOS_S,-,-,-,-
2026-01-22 13:17:28:474,Z,-440131,-5.00,TPOS,-3875502,-44.0078,-3435371,-39.0099
2026-01-22 13:17:28:658,Z,-440131,-5.00,TPOS_S,-,-,-,-
2026-01-22 13:17:31:466,X,-910802,-15.51,TPOS_E,-910277,-15.5048,525,0.0089
2026-01-22 13:17:31:891,X,-910802,-15.51,TPOS,-293546,-5.0000,617256,10.5138
2026-01-22 13:17:32:076,X,-910802,-15.51,TPOS_S,-,-,-,-
2026-01-22 13:17:37:290,X,-293564,-5.00,TPOS_E,-293546,-5.0000,18,0.0003
2026-01-22 13:17:37:718,X,-293564,-5.00,TPOS,-910277,-15.5048,-616713,-10.5045
2026-01-22 13:17:37:901,X,-293564,-5.00,TPOS_S,-,-,-,-
2026-01-22 13:17:41:311,X,-910795,-15.51,TPOS_E,-910277,-15.5048,518,0.0088
2026-01-22 13:17:41:737,X,-910795,-15.51,TPOS,-293546,-5.0000,617249,10.5136
2026-01-22 13:17:41:921,X,-910795,-15.51,TPOS_S,-,-,-,-
2026-01-22 13:17:46:334,Z,-3876262,-44.02,TPOS_E,-3875502,-44.0078,760,0.0086
2026-01-22 13:17:46:760,Z,-3876262,-44.02,TPOS,-440320,-5.0000,3435942,39.0164
2026-01-22 13:17:46:945,Z,-3876262,-44.02,TPOS_S,-,-,-,-
2026-01-22 13:17:46:945,X,-293565,-5.00,TPOS_E,-293546,-5.0000,19,0.0003
2026-01-22 13:17:47:369,X,-293565,-5.00,TPOS,-910277,-15.5048,-616712,-10.5045
2026-01-22 13:17:47:575,X,-293565,-5.00,TPOS_S,-,-,-,-
2026-01-22 13:17:50:982,X,-910792,-15.51,TPOS_E,-910277,-15.5048,515,0.0088
2026-01-22 13:17:51:407,X,-910792,-15.51,TPOS,-293546,-5.0000,617246,10.5136
2026-01-22 13:17:51:611,X,-910792,-15.51,TPOS_S,-,-,-,-
2026-01-22 13:17:56:624,X,-293572,-5.00,TPOS_E,-293546,-5.0000,26,0.0004
2026-01-22 13:17:57:050,X,-293572,-5.00,TPOS,-910277,-15.5048,-616705,-10.5044
2026-01-22 13:17:57:234,X,-293572,-5.00,TPOS_S,-,-,-,-
2026-01-22 13:18:00:642,X,-910807,-15.51,TPOS_E,-910277,-15.5048,530,0.0090
2026-01-22 13:18:01:069,X,-910807,-15.51,TPOS,-293546,-5.0000,617261,10.5138
2026-01-22 13:18:01:233,X,-910807,-15.51,TPOS_S,-,-,-,-
2026-01-22 13:18:04:443,Z,-440161,-5.00,TPOS_E,-440320,-5.0000,-159,-0.0018
2026-01-22 13:18:04:870,Z,-440161,-5.00,TPOS,-3875502,-44.0078,-3435341,-39.0096
2026-01-22 13:18:05:055,Z,-440161,-5.00,TPOS_S,-,-,-,-
2026-01-22 13:18:06:459,X,-293571,-5.00,TPOS_E,-293546,-5.0000,25,0.0004
2026-01-22 13:18:06:884,X,-293571,-5.00,TPOS,-910277,-15.5048,-616706,-10.5044
2026-01-22 13:18:07:089,X,-293571,-5.00,TPOS_S,-,-,-,-
2026-01-22 13:18:10:496,X,-910803,-15.51,TPOS_E,-910277,-15.5048,526,0.0090
2026-01-22 13:18:10:921,X,-910803,-15.51,TPOS,-293546,-5.0000,617257,10.5138
2026-01-22 13:18:11:126,X,-910803,-15.51,TPOS_S,-,-,-,-
2026-01-22 13:18:16:140,X,-293566,-5.00,TPOS_E,-293546,-5.0000,20,0.0003
2026-01-22 13:18:16:567,X,-293566,-5.00,TPOS,-910277,-15.5048,-616711,-10.5045
2026-01-22 13:18:16:751,X,-293566,-5.00,TPOS_S,-,-,-,-
2026-01-22 13:18:20:160,X,-910804,-15.51,TPOS_E,-910277,-15.5048,527,0.0090
2026-01-22 13:18:20:584,X,-910804,-15.51,TPOS,-293546,-5.0000,617258,10.5138
2026-01-22 13:18:20:790,X,-910804,-15.51,TPOS_S,-,-,-,-
2026-01-22 13:18:22:596,Z,-3876268,-44.02,TPOS_E,-3875502,-44.0078,766,0.0087
2026-01-22 13:18:23:021,Z,-3876268,-44.02,TPOS,-440320,-5.0000,3435948,39.0165
2026-01-22 13:18:23:205,Z,-3876268,-44.02,TPOS_S,-,-,-,-
2026-01-22 13:18:25:812,X,-293566,-5.00,TPOS_E,-293546,-5.0000,20,0.0003
2026-01-22 13:18:26:238,X,-293566,-5.00,TPOS,-910277,-15.5048,-616711,-10.5045
2026-01-22 13:18:26:423,X,-293566,-5.00,TPOS_S,-,-,-,-
2026-01-22 13:18:29:832,X,-910803,-15.51,TPOS_E,-910277,-15.5048,526,0.0090
2026-01-22 13:18:30:259,X,-910803,-15.51,TPOS,-293546,-5.0000,617257,10.5138
2026-01-22 13:18:30:424,X,-910803,-15.51,TPOS_S,-,-,-,-
2026-01-22 13:18:35:437,X,-293570,-5.00,TPOS_E,-293546,-5.0000,24,0.0004
2026-01-22 13:18:35:861,X,-293570,-5.00,TPOS,-910277,-15.5048,-616707,-10.5044
2026-01-22 13:18:36:067,X,-293570,-5.00,TPOS_S,-,-,-,-
2026-01-22 13:18:39:478,X,-910803,-15.51,TPOS_E,-910277,-15.5048,526,0.0090
2026-01-22 13:18:39:903,X,-910803,-15.51,TPOS,-293546,-5.0000,617257,10.5138
2026-01-22 13:18:40:087,X,-910803,-15.51,TPOS_S,-,-,-,-
2026-01-22 13:18:40:690,Z,-440179,-5.00,TPOS_E,-440320,-5.0000,-141,-0.0016
2026-01-22 13:18:41:114,Z,-440179,-5.00,TPOS,-3875502,-44.0078,-3435323,-39.0094
2026-01-22 13:18:41:301,Z,-440179,-5.00,TPOS_S,-,-,-,-
2026-01-22 13:18:45:109,X,-293569,-5.00,TPOS_E,-293546,-5.0000,23,0.0004
2026-01-22 13:18:45:534,X,-293569,-5.00,TPOS,-910277,-15.5048,-616708,-10.5044
2026-01-22 13:18:45:698,X,-293569,-5.00,TPOS_S,-,-,-,-
2026-01-22 13:18:49:108,X,-910809,-15.51,TPOS_E,-910277,-15.5048,532,0.0091
2026-01-22 13:18:49:532,X,-910809,-15.51,TPOS,-293546,-5.0000,617263,10.5139
2026-01-22 13:18:49:737,X,-910809,-15.51,TPOS_S,-,-,-,-
2026-01-22 13:18:54:750,X,-293571,-5.00,TPOS_E,-293546,-5.0000,25,0.0004
2026-01-22 13:18:55:173,X,-293571,-5.00,TPOS,-910277,-15.5048,-616706,-10.5044
2026-01-22 13:18:55:359,X,-293571,-5.00,TPOS_S,-,-,-,-
2026-01-22 13:18:58:768,X,-910799,-15.51,TPOS_E,-910277,-15.5048,522,0.0089
2026-01-22 13:18:58:970,Z,-3876293,-44.02,TPOS_E,-3875502,-44.0078,791,0.0090
2026-01-22 13:18:59:193,X,-910799,-15.51,TPOS,-293546,-5.0000,617253,10.5137
2026-01-22 13:18:59:218,Z,-3876293,-44.02,TPOS,-440320,-5.0000,3435973,39.0168
2026-01-22 13:18:59:362,X,-910799,-15.51,TPOS_S,-,-,-,-
2026-01-22 13:18:59:487,Z,-3876293,-44.02,TPOS_S,-,-,-,-
2026-01-22 13:19:04:499,X,-293577,-5.00,TPOS_E,-293546,-5.0000,31,0.0005
2026-01-22 13:19:04:926,X,-293577,-5.00,TPOS,-910277,-15.5048,-616700,-10.5043
2026-01-22 13:19:05:111,X,-293577,-5.00,TPOS_S,-,-,-,-
2026-01-22 13:19:08:522,X,-910795,-15.51,TPOS_E,-910277,-15.5048,518,0.0088
2026-01-22 13:19:08:947,X,-910795,-15.51,TPOS,-293546,-5.0000,617249,10.5136
2026-01-22 13:19:09:153,X,-910795,-15.51,TPOS_S,-,-,-,-
2026-01-22 13:19:14:365,X,-293574,-5.00,TPOS_E,-293546,-5.0000,28,0.0005
2026-01-22 13:19:14:790,X,-293574,-5.00,TPOS,-910277,-15.5048,-616703,-10.5043
2026-01-22 13:19:14:975,X,-293574,-5.00,TPOS_S,-,-,-,-
2026-01-22 13:19:16:980,Z,-440156,-5.00,TPOS_E,-440320,-5.0000,-164,-0.0019
2026-01-22 13:19:17:405,Z,-440156,-5.00,TPOS,-3875502,-44.0078,-3435346,-39.0097
2026-01-22 13:19:17:592,Z,-440156,-5.00,TPOS_S,-,-,-,-
2026-01-22 13:19:18:396,X,-910798,-15.51,TPOS_E,-910277,-15.5048,521,0.0089
2026-01-22 13:19:18:821,X,-910798,-15.51,TPOS,-293546,-5.0000,617252,10.5137
2026-01-22 13:19:19:005,X,-910798,-15.51,TPOS_S,-,-,-,-
2026-01-22 13:19:24:020,X,-293578,-5.00,TPOS_E,-293546,-5.0000,32,0.0005
2026-01-22 13:19:24:447,X,-293578,-5.00,TPOS,-910277,-15.5048,-616699,-10.5043
2026-01-22 13:19:24:653,X,-293578,-5.00,TPOS_S,-,-,-,-
2026-01-22 13:19:28:063,X,-910806,-15.51,TPOS_E,-910277,-15.5048,529,0.0090
2026-01-22 13:19:28:488,X,-910806,-15.51,TPOS,-293546,-5.0000,617260,10.5138
2026-01-22 13:19:28:693,X,-910806,-15.51,TPOS_S,-,-,-,-
2026-01-22 13:19:33:905,X,-293573,-5.00,TPOS_E,-293546,-5.0000,27,0.0005
2026-01-22 13:19:34:329,X,-293573,-5.00,TPOS,-910277,-15.5048,-616704,-10.5044
2026-01-22 13:19:34:514,X,-293573,-5.00,TPOS_S,-,-,-,-
2026-01-22 13:19:35:317,Z,-3876286,-44.02,TPOS_E,-3875502,-44.0078,784,0.0089
2026-01-22 13:19:35:741,Z,-3876286,-44.02,TPOS,-440320,-5.0000,3435966,39.0167
2026-01-22 13:19:35:947,Z,-3876286,-44.02,TPOS_S,-,-,-,-
2026-01-22 13:19:37:953,X,-910803,-15.51,TPOS_E,-910277,-15.5048,526,0.0090
2026-01-22 13:19:38:378,X,-910803,-15.51,TPOS,-293546,-5.0000,617257,10.5138
2026-01-22 13:19:38:584,X,-910803,-15.51,TPOS_S,-,-,-,-
2026-01-22 13:19:43:598,X,-293582,-5.00,TPOS_E,-293546,-5.0000,36,0.0006
2026-01-22 13:19:44:023,X,-293582,-5.00,TPOS,-910277,-15.5048,-616695,-10.5042
2026-01-22 13:19:44:207,X,-293582,-5.00,TPOS_S,-,-,-,-
2026-01-22 13:19:47:617,X,-910800,-15.51,TPOS_E,-910277,-15.5048,523,0.0089
2026-01-22 13:19:48:041,X,-910800,-15.51,TPOS,-293546,-5.0000,617254,10.5137
2026-01-22 13:19:48:226,X,-910800,-15.51,TPOS_S,-,-,-,-
2026-01-22 13:19:53:439,X,-293578,-5.00,TPOS_E,-293546,-5.0000,32,0.0005
2026-01-22 13:19:53:440,Z,-440128,-5.00,TPOS_E,-440320,-5.0000,-192,-0.0022
2026-01-22 13:19:53:868,Z,-440128,-5.00,TPOS,-3875502,-44.0078,-3435374,-39.0100
2026-01-22 13:19:53:888,X,-293578,-5.00,TPOS,-910277,-15.5048,-616699,-10.5043
2026-01-22 13:19:54:052,Z,-440128,-5.00,TPOS_S,-,-,-,-
2026-01-22 13:19:54:176,X,-293578,-5.00,TPOS_S,-,-,-,-
2026-01-22 13:19:57:585,X,-910797,-15.51,TPOS_E,-910277,-15.5048,520,0.0089
2026-01-22 13:19:58:010,X,-910797,-15.51,TPOS,-293546,-5.0000,617251,10.5137
2026-01-22 13:19:58:195,X,-910797,-15.51,TPOS_S,-,-,-,-
2026-01-22 13:20:03:406,X,-293578,-5.00,TPOS_E,-293546,-5.0000,32,0.0005
2026-01-22 13:20:03:831,X,-293578,-5.00,TPOS,-910277,-15.5048,-616699,-10.5043
2026-01-22 13:20:04:015,X,-293578,-5.00,TPOS_S,-,-,-,-
2026-01-22 13:20:07:426,X,-910802,-15.51,TPOS_E,-910277,-15.5048,525,0.0089
2026-01-22 13:20:07:850,X,-910802,-15.51,TPOS,-293546,-5.0000,617256,10.5138
2026-01-22 13:20:08:034,X,-910802,-15.51,TPOS_S,-,-,-,-
2026-01-22 13:20:11:644,Z,-3876270,-44.02,TPOS_E,-3875502,-44.0078,768,0.0087
2026-01-22 13:20:12:069,Z,-3876270,-44.02,TPOS,-440320,-5.0000,3435950,39.0165
2026-01-22 13:20:12:254,Z,-3876270,-44.02,TPOS_S,-,-,-,-
2026-01-22 13:20:13:257,X,-293575,-5.00,TPOS_E,-293546,-5.0000,29,0.0005
2026-01-22 13:20:13:681,X,-293575,-5.00,TPOS,-910277,-15.5048,-616702,-10.5043
2026-01-22 13:20:13:887,X,-293575,-5.00,TPOS_S,-,-,-,-
2026-01-22 13:20:17:294,X,-910800,-15.51,TPOS_E,-910277,-15.5048,523,0.0089
2026-01-22 13:20:17:718,X,-910800,-15.51,TPOS,-293546,-5.0000,617254,10.5137
2026-01-22 13:20:17:903,X,-910800,-15.51,TPOS_S,-,-,-,-
2026-01-22 13:20:23:116,X,-293577,-5.00,TPOS_E,-293546,-5.0000,31,0.0005
2026-01-22 13:20:23:541,X,-293577,-5.00,TPOS,-910277,-15.5048,-616700,-10.5043
2026-01-22 13:20:23:726,X,-293577,-5.00,TPOS_S,-,-,-,-
2026-01-22 13:20:27:136,X,-910803,-15.51,TPOS_E,-910277,-15.5048,526,0.0090
2026-01-22 13:20:27:561,X,-910803,-15.51,TPOS,-293546,-5.0000,617257,10.5138
2026-01-22 13:20:27:746,X,-910803,-15.51,TPOS_S,-,-,-,-
2026-01-22 13:20:29:754,Z,-440179,-5.00,TPOS_E,-440320,-5.0000,-141,-0.0016
2026-01-22 13:20:30:179,Z,-440179,-5.00,TPOS,-3875502,-44.0078,-3435323,-39.0094
2026-01-22 13:20:30:384,Z,-440179,-5.00,TPOS_S,-,-,-,-
2026-01-22 13:20:32:992,X,-293592,-5.00,TPOS_E,-293546,-5.0000,46,0.0008
2026-01-22 13:20:33:419,X,-293592,-5.00,TPOS,-910277,-15.5048,-616685,-10.5040
2026-01-22 13:20:33:624,X,-293592,-5.00,TPOS_S,-,-,-,-
2026-01-22 13:20:37:033,X,-910807,-15.51,TPOS_E,-910277,-15.5048,530,0.0090
2026-01-22 13:20:37:458,X,-910807,-15.51,TPOS,-293546,-5.0000,617261,10.5138
2026-01-22 13:20:37:642,X,-910807,-15.51,TPOS_S,-,-,-,-
2026-01-22 13:20:42:857,X,-293580,-5.00,TPOS_E,-293546,-5.0000,34,0.0006
2026-01-22 13:20:43:281,X,-293580,-5.00,TPOS,-910277,-15.5048,-616697,-10.5042
2026-01-22 13:20:43:466,X,-293580,-5.00,TPOS_S,-,-,-,-
2026-01-22 13:20:46:876,X,-910803,-15.51,TPOS_E,-910277,-15.5048,526,0.0090
2026-01-22 13:20:47:300,X,-910803,-15.51,TPOS,-293546,-5.0000,617257,10.5138
2026-01-22 13:20:47:486,X,-910803,-15.51,TPOS_S,-,-,-,-
2026-01-22 13:20:48:091,Z,-3876268,-44.02,TPOS_E,-3875502,-44.0078,766,0.0087
2026-01-22 13:20:48:515,Z,-3876268,-44.02,TPOS,-440320,-5.0000,3435948,39.0165
2026-01-22 13:20:48:699,Z,-3876268,-44.02,TPOS_S,-,-,-,-
2026-01-22 13:20:52:512,X,-293590,-5.00,TPOS_E,-293546,-5.0000,44,0.0007
2026-01-22 13:20:52:940,X,-293590,-5.00,TPOS,-910277,-15.5048,-616687,-10.5041
2026-01-22 13:20:53:127,X,-293590,-5.00,TPOS_S,-,-,-,-
2026-01-22 13:20:56:537,X,-910790,-15.51,TPOS_E,-910277,-15.5048,513,0.0087
2026-01-22 13:20:56:964,X,-910790,-15.51,TPOS,-293546,-5.0000,617244,10.5136
2026-01-22 13:20:57:151,X,-910790,-15.51,TPOS_S,-,-,-,-
2026-01-22 13:21:02:369,X,-293581,-5.00,TPOS_E,-293546,-5.0000,35,0.0006
2026-01-22 13:21:02:793,X,-293581,-5.00,TPOS,-910277,-15.5048,-616696,-10.5042
2026-01-22 13:21:02:981,X,-293581,-5.00,TPOS_S,-,-,-,-
2026-01-22 13:21:06:194,Z,-440179,-5.00,TPOS_E,-440320,-5.0000,-141,-0.0016
2026-01-22 13:21:06:397,X,-910796,-15.51,TPOS_E,-910277,-15.5048,519,0.0088
2026-01-22 13:21:06:621,Z,-440179,-5.00,TPOS,-3875502,-44.0078,-3435323,-39.0094
2026-01-22 13:21:06:643,X,-910796,-15.51,TPOS,-293546,-5.0000,617250,10.5137
2026-01-22 13:21:06:809,Z,-440179,-5.00,TPOS_S,-,-,-,-
2026-01-22 13:21:06:955,X,-910796,-15.51,TPOS_S,-,-,-,-
2026-01-22 13:21:12:172,X,-293584,-5.00,TPOS_E,-293546,-5.0000,38,0.0006
2026-01-22 13:21:12:598,X,-293584,-5.00,TPOS,-910277,-15.5048,-616693,-10.5042
2026-01-22 13:21:12:784,X,-293584,-5.00,TPOS_S,-,-,-,-
2026-01-22 13:21:16:197,X,-910789,-15.51,TPOS_E,-910277,-15.5048,512,0.0087
2026-01-22 13:21:16:623,X,-910789,-15.51,TPOS,-293546,-5.0000,617243,10.5135
2026-01-22 13:21:16:830,X,-910789,-15.51,TPOS_S,-,-,-,-
2026-01-22 13:21:22:047,X,-293571,-5.00,TPOS_E,-293546,-5.0000,25,0.0004
2026-01-22 13:21:22:473,X,-293571,-5.00,TPOS,-910277,-15.5048,-616706,-10.5044
2026-01-22 13:21:22:659,X,-293571,-5.00,TPOS_S,-,-,-,-
2026-01-22 13:21:24:465,Z,-3876268,-44.02,TPOS_E,-3875502,-44.0078,766,0.0087
2026-01-22 13:21:24:890,Z,-3876268,-44.02,TPOS,-440320,-5.0000,3435948,39.0165
2026-01-22 13:21:25:099,Z,-3876268,-44.02,TPOS_S,-,-,-,-
2026-01-22 13:21:26:106,X,-910797,-15.51,TPOS_E,-910277,-15.5048,520,0.0089
2026-01-22 13:21:26:531,X,-910797,-15.51,TPOS,-293546,-5.0000,617251,10.5137
2026-01-22 13:21:26:717,X,-910797,-15.51,TPOS_S,-,-,-,-
2026-01-22 13:21:31:930,X,-293578,-5.00,TPOS_E,-293546,-5.0000,32,0.0005
2026-01-22 13:21:32:355,X,-293578,-5.00,TPOS,-910277,-15.5048,-616699,-10.5043
2026-01-22 13:21:32:542,X,-293578,-5.00,TPOS_S,-,-,-,-
2026-01-22 13:21:35:953,X,-910795,-15.51,TPOS_E,-910277,-15.5048,518,0.0088
2026-01-22 13:21:36:379,X,-910795,-15.51,TPOS,-293546,-5.0000,617249,10.5136
2026-01-22 13:21:36:565,X,-910795,-15.51,TPOS_S,-,-,-,-
2026-01-22 13:21:41:781,X,-293586,-5.00,TPOS_E,-293546,-5.0000,40,0.0007
2026-01-22 13:21:42:206,X,-293586,-5.00,TPOS,-910277,-15.5048,-616691,-10.5041
2026-01-22 13:21:42:391,X,-293586,-5.00,TPOS_S,-,-,-,-
2026-01-22 13:21:42:593,Z,-440140,-5.00,TPOS_E,-440320,-5.0000,-180,-0.0020
2026-01-22 13:21:43:019,Z,-440140,-5.00,TPOS,-3875502,-44.0078,-3435362,-39.0098
2026-01-22 13:21:43:204,Z,-440140,-5.00,TPOS_S,-,-,-,-
2026-01-22 13:21:45:812,X,-910788,-15.51,TPOS_E,-910277,-15.5048,511,0.0087
2026-01-22 13:21:46:238,X,-910788,-15.51,TPOS,-293546,-5.0000,617242,10.5135
2026-01-22 13:21:46:423,X,-910788,-15.51,TPOS_S,-,-,-,-
2026-01-22 13:21:51:640,X,-293578,-5.00,TPOS_E,-293546,-5.0000,32,0.0005
2026-01-22 13:21:52:068,X,-293578,-5.00,TPOS,-910277,-15.5048,-616699,-10.5043
2026-01-22 13:21:52:253,X,-293578,-5.00,TPOS_S,-,-,-,-
2026-01-22 13:21:55:664,X,-910786,-15.51,TPOS_E,-910277,-15.5048,509,0.0087
2026-01-22 13:21:56:092,X,-910786,-15.51,TPOS,-293546,-5.0000,617240,10.5135
2026-01-22 13:21:56:278,X,-910786,-15.51,TPOS_S,-,-,-,-
2026-01-22 13:22:00:893,Z,-3876272,-44.02,TPOS_E,-3875502,-44.0078,770,0.0087
2026-01-22 13:22:01:319,Z,-3876272,-44.02,TPOS,-440320,-5.0000,3435952,39.0165
2026-01-22 13:22:01:341,X,-293586,-5.00,TPOS_E,-293546,-5.0000,40,0.0007
2026-01-22 13:22:01:411,X,-293586,-5.00,TPOS,-910277,-15.5048,-616691,-10.5041
2026-01-22 13:22:01:514,Z,-3876272,-44.02,TPOS_S,-,-,-,-
2026-01-22 13:22:01:638,X,-293586,-5.00,TPOS_S,-,-,-,-
2026-01-22 13:22:05:048,X,-910781,-15.51,TPOS_E,-910277,-15.5048,504,0.0086
2026-01-22 13:22:05:477,X,-910781,-15.51,TPOS,-293546,-5.0000,617235,10.5134
2026-01-22 13:22:05:661,X,-910781,-15.51,TPOS_S,-,-,-,-
2026-01-22 13:22:10:878,X,-293584,-5.00,TPOS_E,-293546,-5.0000,38,0.0006
2026-01-22 13:22:11:303,X,-293584,-5.00,TPOS,-910277,-15.5048,-616693,-10.5042
2026-01-22 13:22:11:488,X,-293584,-5.00,TPOS_S,-,-,-,-
2026-01-22 13:22:14:901,X,-910792,-15.51,TPOS_E,-910277,-15.5048,515,0.0088
2026-01-22 13:22:15:328,X,-910792,-15.51,TPOS,-293546,-5.0000,617246,10.5136
2026-01-22 13:22:15:515,X,-910792,-15.51,TPOS_S,-,-,-,-
2026-01-22 13:22:19:126,Z,-440165,-5.00,TPOS_E,-440320,-5.0000,-155,-0.0018
2026-01-22 13:22:19:551,Z,-440165,-5.00,TPOS,-3875502,-44.0078,-3435337,-39.0095
2026-01-22 13:22:19:759,Z,-440165,-5.00,TPOS_S,-,-,-,-
2026-01-22 13:22:20:763,X,-293591,-5.00,TPOS_E,-293546,-5.0000,45,0.0008
2026-01-22 13:22:21:189,X,-293591,-5.00,TPOS,-910277,-15.5048,-616686,-10.5041
2026-01-22 13:22:21:375,X,-293591,-5.00,TPOS_S,-,-,-,-
2026-01-22 13:22:24:788,X,-910779,-15.51,TPOS_E,-910277,-15.5048,502,0.0086
2026-01-22 13:22:25:212,X,-910779,-15.51,TPOS,-293546,-5.0000,617233,10.5134
2026-01-22 13:22:25:419,X,-910779,-15.51,TPOS_S,-,-,-,-
2026-01-22 13:22:30:633,X,-293580,-5.00,TPOS_E,-293546,-5.0000,34,0.0006
2026-01-22 13:22:31:059,X,-293580,-5.00,TPOS,-910277,-15.5048,-616697,-10.5042
2026-01-22 13:22:31:266,X,-293580,-5.00,TPOS_S,-,-,-,-
2026-01-22 13:22:34:679,X,-910786,-15.51,TPOS_E,-910277,-15.5048,509,0.0087
2026-01-22 13:22:35:104,X,-910786,-15.51,TPOS,-293546,-5.0000,617240,10.5135
2026-01-22 13:22:35:288,X,-910786,-15.51,TPOS_S,-,-,-,-
2026-01-22 13:22:37:296,Z,-3876279,-44.02,TPOS_E,-3875502,-44.0078,777,0.0088
2026-01-22 13:22:37:723,Z,-3876279,-44.02,TPOS,-440320,-5.0000,3435959,39.0166
2026-01-22 13:22:37:929,Z,-3876279,-44.02,TPOS_S,-,-,-,-
2026-01-22 13:22:40:535,X,-293586,-5.00,TPOS_E,-293546,-5.0000,40,0.0007
2026-01-22 13:22:40:959,X,-293586,-5.00,TPOS,-910277,-15.5048,-616691,-10.5041
2026-01-22 13:22:41:146,X,-293586,-5.00,TPOS_S,-,-,-,-
2026-01-22 13:22:44:561,X,-910796,-15.51,TPOS_E,-910277,-15.5048,519,0.0088
2026-01-22 13:22:44:986,X,-910796,-15.51,TPOS,-293546,-5.0000,617250,10.5137
2026-01-22 13:22:45:171,X,-910796,-15.51,TPOS_S,-,-,-,-
2026-01-22 13:22:50:387,X,-293589,-5.00,TPOS_E,-293546,-5.0000,43,0.0007
2026-01-22 13:22:50:812,X,-293589,-5.00,TPOS,-910277,-15.5048,-616688,-10.5041
2026-01-22 13:22:50:997,X,-293589,-5.00,TPOS_S,-,-,-,-
2026-01-22 13:22:54:408,X,-910788,-15.51,TPOS_E,-910277,-15.5048,511,0.0087
2026-01-22 13:22:54:833,X,-910788,-15.51,TPOS,-293546,-5.0000,617242,10.5135
2026-01-22 13:22:55:017,X,-910788,-15.51,TPOS_S,-,-,-,-
2026-01-22 13:22:55:421,Z,-440173,-5.00,TPOS_E,-440320,-5.0000,-147,-0.0017
2026-01-22 13:22:55:848,Z,-440173,-5.00,TPOS,-3875502,-44.0078,-3435329,-39.0095
2026-01-22 13:22:56:033,Z,-440173,-5.00,TPOS_S,-,-,-,-
2026-01-22 13:23:00:247,X,-293589,-5.00,TPOS_E,-293546,-5.0000,43,0.0007
2026-01-22 13:23:00:673,X,-293589,-5.00,TPOS,-910277,-15.5048,-616688,-10.5041
2026-01-22 13:23:00:860,X,-293589,-5.00,TPOS_S,-,-,-,-
2026-01-22 13:23:04:269,X,-910793,-15.51,TPOS_E,-910277,-15.5048,516,0.0088
2026-01-22 13:23:04:694,X,-910793,-15.51,TPOS,-293546,-5.0000,617247,10.5136
2026-01-22 13:23:04:880,X,-910793,-15.51,TPOS_S,-,-,-,-
2026-01-22 13:23:10:094,X,-293586,-5.00,TPOS_E,-293546,-5.0000,40,0.0007
2026-01-22 13:23:10:519,X,-293586,-5.00,TPOS,-910277,-15.5048,-616691,-10.5041
2026-01-22 13:23:10:704,X,-293586,-5.00,TPOS_S,-,-,-,-
2026-01-22 13:23:13:713,Z,-3876296,-44.02,TPOS_E,-3875502,-44.0078,794,0.0090
2026-01-22 13:23:14:117,X,-910791,-15.51,TPOS_E,-910277,-15.5048,514,0.0088
2026-01-22 13:23:14:139,Z,-3876296,-44.02,TPOS,-440320,-5.0000,3435976,39.0168
2026-01-22 13:23:14:183,X,-910791,-15.51,TPOS,-293546,-5.0000,617245,10.5136
2026-01-22 13:23:14:328,Z,-3876296,-44.02,TPOS_S,-,-,-,-
2026-01-22 13:23:14:474,X,-910791,-15.51,TPOS_S,-,-,-,-
2026-01-22 13:23:19:688,X,-293585,-5.00,TPOS_E,-293546,-5.0000,39,0.0007
2026-01-22 13:23:20:113,X,-293585,-5.00,TPOS,-910277,-15.5048,-616692,-10.5042
2026-01-22 13:23:20:299,X,-293585,-5.00,TPOS_S,-,-,-,-
2026-01-22 13:23:23:711,X,-910784,-15.51,TPOS_E,-910277,-15.5048,507,0.0086
2026-01-22 13:23:24:135,X,-910784,-15.51,TPOS,-293546,-5.0000,617238,10.5135
2026-01-22 13:23:24:326,X,-910784,-15.51,TPOS_S,-,-,-,-
2026-01-22 13:23:29:543,X,-293585,-5.00,TPOS_E,-293546,-5.0000,39,0.0007
2026-01-22 13:23:29:969,X,-293585,-5.00,TPOS,-910277,-15.5048,-616692,-10.5042
2026-01-22 13:23:30:155,X,-293585,-5.00,TPOS_S,-,-,-,-
2026-01-22 13:23:31:960,Z,-440151,-5.00,TPOS_E,-440320,-5.0000,-169,-0.0019
2026-01-22 13:23:32:389,Z,-440151,-5.00,TPOS,-3875502,-44.0078,-3435351,-39.0097
2026-01-22 13:23:32:574,Z,-440151,-5.00,TPOS_S,-,-,-,-
2026-01-22 13:23:33:579,X,-910792,-15.51,TPOS_E,-910277,-15.5048,515,0.0088
2026-01-22 13:23:34:003,X,-910792,-15.51,TPOS,-293546,-5.0000,617246,10.5136
2026-01-22 13:23:34:210,X,-910792,-15.51,TPOS_S,-,-,-,-
2026-01-22 13:23:39:426,X,-293598,-5.00,TPOS_E,-293546,-5.0000,52,0.0009
2026-01-22 13:23:39:852,X,-293598,-5.00,TPOS,-910277,-15.5048,-616679,-10.5039
2026-01-22 13:23:40:037,X,-293598,-5.00,TPOS_S,-,-,-,-
2026-01-22 13:23:43:449,X,-910774,-15.51,TPOS_E,-910277,-15.5048,497,0.0085
2026-01-22 13:23:43:874,X,-910774,-15.51,TPOS,-293546,-5.0000,617228,10.5133
2026-01-22 13:23:44:060,X,-910774,-15.51,TPOS_S,-,-,-,-
2026-01-22 13:23:49:275,X,-293590,-5.00,TPOS_E,-293546,-5.0000,44,0.0007
2026-01-22 13:23:49:701,X,-293590,-5.00,TPOS,-910277,-15.5048,-616687,-10.5041
2026-01-22 13:23:49:907,X,-293590,-5.00,TPOS_S,-,-,-,-
2026-01-22 13:23:50:313,Z,-3876284,-44.02,TPOS_E,-3875502,-44.0078,782,0.0089
2026-01-22 13:23:50:740,Z,-3876284,-44.02,TPOS,-440320,-5.0000,3435964,39.0167
2026-01-22 13:23:50:927,Z,-3876284,-44.02,TPOS_S,-,-,-,-
2026-01-22 13:23:53:334,X,-910788,-15.51,TPOS_E,-910277,-15.5048,511,0.0087
2026-01-22 13:23:53:762,X,-910788,-15.51,TPOS,-293546,-5.0000,617242,10.5135
2026-01-22 13:23:53:949,X,-910788,-15.51,TPOS_S,-,-,-,-
2026-01-22 13:23:59:165,X,-293593,-5.00,TPOS_E,-293546,-5.0000,47,0.0008
2026-01-22 13:23:59:593,X,-293593,-5.00,TPOS,-910277,-15.5048,-616684,-10.5040
2026-01-22 13:23:59:778,X,-293593,-5.00,TPOS_S,-,-,-,-
2026-01-22 13:24:03:188,X,-910785,-15.51,TPOS_E,-910277,-15.5048,508,0.0087
2026-01-22 13:24:03:614,X,-910785,-15.51,TPOS,-293546,-5.0000,617239,10.5135
2026-01-22 13:24:03:822,X,-910785,-15.51,TPOS_S,-,-,-,-
2026-01-22 13:24:08:433,Z,-440131,-5.00,TPOS_E,-440320,-5.0000,-189,-0.0021
2026-01-22 13:24:08:858,Z,-440131,-5.00,TPOS,-3875502,-44.0078,-3435371,-39.0099
2026-01-22 13:24:08:900,X,-293592,-5.00,TPOS_E,-293546,-5.0000,46,0.0008
2026-01-22 13:24:08:966,X,-293592,-5.00,TPOS,-910277,-15.5048,-616685,-10.5040
2026-01-22 13:24:09:048,Z,-440131,-5.00,TPOS_S,-,-,-,-
2026-01-22 13:24:09:172,X,-293592,-5.00,TPOS_S,-,-,-,-
2026-01-22 13:24:12:583,X,-910773,-15.51,TPOS_E,-910277,-15.5048,496,0.0084
2026-01-22 13:24:13:006,X,-910773,-15.51,TPOS,-293546,-5.0000,617227,10.5133
2026-01-22 13:24:13:191,X,-910773,-15.51,TPOS_S,-,-,-,-
2026-01-22 13:24:18:407,X,-293590,-5.00,TPOS_E,-293546,-5.0000,44,0.0007
2026-01-22 13:24:18:832,X,-293590,-5.00,TPOS,-910277,-15.5048,-616687,-10.5041
2026-01-22 13:24:18:997,X,-293590,-5.00,TPOS_S,-,-,-,-
2026-01-22 13:24:22:406,X,-910776,-15.51,TPOS_E,-910277,-15.5048,499,0.0085
2026-01-22 13:24:22:830,X,-910776,-15.51,TPOS,-293546,-5.0000,617230,10.5133
2026-01-22 13:24:23:038,X,-910776,-15.51,TPOS_S,-,-,-,-
2026-01-22 13:24:26:650,Z,-3876266,-44.02,TPOS_E,-3875502,-44.0078,764,0.0087
2026-01-22 13:24:27:076,Z,-3876266,-44.02,TPOS,-440320,-5.0000,3435946,39.0165
2026-01-22 13:24:27:260,Z,-3876266,-44.02,TPOS_S,-,-,-,-
2026-01-22 13:24:28:265,X,-293591,-5.00,TPOS_E,-293546,-5.0000,45,0.0008
2026-01-22 13:24:28:692,X,-293591,-5.00,TPOS,-910277,-15.5048,-616686,-10.5041
2026-01-22 13:24:28:877,X,-293591,-5.00,TPOS_S,-,-,-,-
2026-01-22 13:24:32:285,X,-910783,-15.51,TPOS_E,-910277,-15.5048,506,0.0086
2026-01-22 13:24:32:713,X,-910783,-15.51,TPOS,-293546,-5.0000,617237,10.5134
2026-01-22 13:24:32:881,X,-910783,-15.51,TPOS_S,-,-,-,-
2026-01-22 13:24:38:096,X,-293601,-5.00,TPOS_E,-293546,-5.0000,55,0.0009
2026-01-22 13:24:38:523,X,-293601,-5.00,TPOS,-910277,-15.5048,-616676,-10.5039
2026-01-22 13:24:38:710,X,-293601,-5.00,TPOS_S,-,-,-,-
2026-01-22 13:24:42:121,X,-910765,-15.51,TPOS_E,-910277,-15.5048,488,0.0083
2026-01-22 13:24:42:546,X,-910765,-15.51,TPOS,-293546,-5.0000,617219,10.5131
2026-01-22 13:24:42:733,X,-910765,-15.51,TPOS_S,-,-,-,-
2026-01-22 13:24:44:741,Z,-440166,-5.00,TPOS_E,-440320,-5.0000,-154,-0.0017
2026-01-22 13:24:45:165,Z,-440166,-5.00,TPOS,-3875502,-44.0078,-3435336,-39.0095
2026-01-22 13:24:45:353,Z,-440166,-5.00,TPOS_S,-,-,-,-
2026-01-22 13:24:47:962,X,-293606,-5.00,TPOS_E,-293546,-5.0000,60,0.0010
2026-01-22 13:24:48:388,X,-293606,-5.00,TPOS,-910277,-15.5048,-616671,-10.5038
2026-01-22 13:24:48:574,X,-293606,-5.00,TPOS_S,-,-,-,-
2026-01-22 13:24:51:988,X,-910779,-15.51,TPOS_E,-910277,-15.5048,502,0.0086
2026-01-22 13:24:52:413,X,-910779,-15.51,TPOS,-293546,-5.0000,617233,10.5134
2026-01-22 13:24:52:599,X,-910779,-15.51,TPOS_S,-,-,-,-
2026-01-22 13:25:03:031,Z,-3876289,-44.02,TPOS_E,-3875502,-44.0078,787,0.0089
2026-01-22 13:25:03:458,Z,-3876289,-44.02,TPOS,-440320,-5.0000,3435969,39.0167
2026-01-22 13:25:03:643,Z,-3876289,-44.02,TPOS_S,-,-,-,-
2026-01-22 13:25:21:096,Z,-440131,-5.00,TPOS_E,-440320,-5.0000,-189,-0.0021
2026-01-22 13:25:21:524,Z,-440131,-5.00,TPOS,-3875502,-44.0078,-3435371,-39.0099
2026-01-22 13:25:21:713,Z,-440131,-5.00,TPOS_S,-,-,-,-
2026-01-22 13:25:39:165,Z,-3876262,-44.02,TPOS_E,-3875502,-44.0078,760,0.0086
2026-01-22 13:25:39:592,Z,-3876262,-44.02,TPOS,-440320,-5.0000,3435942,39.0164
2026-01-22 13:25:39:778,Z,-3876262,-44.02,TPOS_S,-,-,-,-
2026-01-22 13:25:42:815,X,-910779,-15.51,TPOS,-293546,-5.0000,617233,10.5134
2026-01-22 13:25:43:002,X,-910779,-15.51,TPOS_S,-,-,-,-
2026-01-22 13:25:43:208,X,-293575,-5.00,TPOS_E,-293546,-5.0000,29,0.0005
2026-01-22 13:25:43:634,X,-293575,-5.00,TPOS,-910277,-15.5048,-616702,-10.5043
2026-01-22 13:25:43:820,X,-293575,-5.00,TPOS_S,-,-,-,-
2026-01-22 13:25:47:231,X,-910769,-15.51,TPOS_E,-910277,-15.5048,492,0.0084
2026-01-22 13:25:47:656,X,-910769,-15.51,TPOS,-293546,-5.0000,617223,10.5132
2026-01-22 13:25:47:842,X,-910769,-15.51,TPOS_S,-,-,-,-
2026-01-22 13:25:53:060,X,-293594,-5.00,TPOS_E,-293546,-5.0000,48,0.0008
2026-01-22 13:25:53:484,X,-293594,-5.00,TPOS,-910277,-15.5048,-616683,-10.5040
2026-01-22 13:25:53:672,X,-293594,-5.00,TPOS_S,-,-,-,-
2026-01-22 13:25:57:086,X,-910782,-15.51,TPOS_E,-910277,-15.5048,505,0.0086
2026-01-22 13:25:57:289,Z,-440150,-5.00,TPOS_E,-440320,-5.0000,-170,-0.0019
2026-01-22 13:25:57:512,X,-910782,-15.51,TPOS,-293546,-5.0000,617236,10.5134
2026-01-22 13:25:57:534,Z,-440150,-5.00,TPOS,-3875502,-44.0078,-3435352,-39.0097
2026-01-22 13:25:57:701,X,-910782,-15.51,TPOS_S,-,-,-,-
2026-01-22 13:25:57:827,Z,-440150,-5.00,TPOS_S,-,-,-,-
2026-01-22 13:26:02:844,X,-293608,-5.00,TPOS_E,-293546,-5.0000,62,0.0011
2026-01-22 13:26:03:270,X,-293608,-5.00,TPOS,-910277,-15.5048,-616669,-10.5038
2026-01-22 13:26:03:457,X,-293608,-5.00,TPOS_S,-,-,-,-
2026-01-22 13:26:06:868,X,-910763,-15.51,TPOS_E,-910277,-15.5048,486,0.0083
2026-01-22 13:26:07:292,X,-910763,-15.51,TPOS,-293546,-5.0000,617217,10.5131
2026-01-22 13:26:07:501,X,-910763,-15.51,TPOS_S,-,-,-,-
2026-01-22 13:26:12:719,X,-293589,-5.00,TPOS_E,-293546,-5.0000,43,0.0007
2026-01-22 13:26:13:143,X,-293589,-5.00,TPOS,-910277,-15.5048,-616688,-10.5041
2026-01-22 13:26:13:330,X,-293589,-5.00,TPOS_S,-,-,-,-
2026-01-22 13:26:15:541,Z,-3876249,-44.02,TPOS_E,-3875502,-44.0078,747,0.0085
2026-01-22 13:26:15:967,Z,-3876249,-44.02,TPOS,-440320,-5.0000,3435929,39.0163
2026-01-22 13:26:16:154,Z,-3876249,-44.02,TPOS_S,-,-,-,-
2026-01-22 13:26:16:757,X,-910768,-15.51,TPOS_E,-910277,-15.5048,491,0.0084
2026-01-22 13:26:17:181,X,-910768,-15.51,TPOS,-293546,-5.0000,617222,10.5132
2026-01-22 13:26:17:367,X,-910768,-15.51,TPOS_S,-,-,-,-
2026-01-22 13:26:22:582,X,-293612,-5.00,TPOS_E,-293546,-5.0000,66,0.0011
2026-01-22 13:26:23:007,X,-293612,-5.00,TPOS,-910277,-15.5048,-616665,-10.5037
2026-01-22 13:26:23:194,X,-293612,-5.00,TPOS_S,-,-,-,-
2026-01-22 13:26:26:605,X,-910777,-15.51,TPOS_E,-910277,-15.5048,500,0.0085
2026-01-22 13:26:27:030,X,-910777,-15.51,TPOS,-293546,-5.0000,617231,10.5133
2026-01-22 13:26:27:217,X,-910777,-15.51,TPOS_S,-,-,-,-
2026-01-22 13:26:32:432,X,-293598,-5.00,TPOS_E,-293546,-5.0000,52,0.0009
2026-01-22 13:26:32:857,X,-293598,-5.00,TPOS,-910277,-15.5048,-616679,-10.5039
2026-01-22 13:26:33:043,X,-293598,-5.00,TPOS_S,-,-,-,-
2026-01-22 13:26:33:648,Z,-440134,-5.00,TPOS_E,-440320,-5.0000,-186,-0.0021
2026-01-22 13:26:34:073,Z,-440134,-5.00,TPOS,-3875502,-44.0078,-3435368,-39.0099
2026-01-22 13:26:34:260,Z,-440134,-5.00,TPOS_S,-,-,-,-
2026-01-22 13:26:36:467,X,-910759,-15.51,TPOS_E,-910277,-15.5048,482,0.0082
2026-01-22 13:26:36:892,X,-910759,-15.51,TPOS,-293546,-5.0000,617213,10.5130
2026-01-22 13:26:37:079,X,-910759,-15.51,TPOS_S,-,-,-,-
2026-01-22 13:26:42:295,X,-293602,-5.00,TPOS_E,-293546,-5.0000,56,0.0010
2026-01-22 13:26:42:725,X,-293602,-5.00,TPOS,-910277,-15.5048,-616675,-10.5039
2026-01-22 13:26:42:894,X,-293602,-5.00,TPOS_S,-,-,-,-
2026-01-22 13:26:46:307,X,-910749,-15.51,TPOS_E,-910277,-15.5048,472,0.0080
2026-01-22 13:26:46:730,X,-910749,-15.51,TPOS,-293546,-5.0000,617203,10.5129
2026-01-22 13:26:46:919,X,-910749,-15.51,TPOS_S,-,-,-,-
2026-01-22 13:26:51:935,Z,-3876244,-44.02,TPOS_E,-3875502,-44.0078,742,0.0084
2026-01-22 13:26:52:140,X,-293592,-5.00,TPOS_E,-293546,-5.0000,46,0.0008
2026-01-22 13:26:52:365,Z,-3876244,-44.02,TPOS,-440320,-5.0000,3435924,39.0162
2026-01-22 13:26:52:390,X,-293592,-5.00,TPOS,-910277,-15.5048,-616685,-10.5040
2026-01-22 13:26:52:557,Z,-3876244,-44.02,TPOS_S,-,-,-,-
2026-01-22 13:26:52:682,X,-293592,-5.00,TPOS_S,-,-,-,-
2026-01-22 13:26:56:093,X,-910761,-15.51,TPOS_E,-910277,-15.5048,484,0.0082
2026-01-22 13:26:56:517,X,-910761,-15.51,TPOS,-293546,-5.0000,617215,10.5131
2026-01-22 13:26:56:704,X,-910761,-15.51,TPOS_S,-,-,-,-
2026-01-22 13:27:09:946,Z,-440130,-5.00,TPOS_E,-440320,-5.0000,-190,-0.0022
2026-01-22 13:27:10:373,Z,-440130,-5.00,TPOS,-3875502,-44.0078,-3435372,-39.0099
2026-01-22 13:27:10:560,Z,-440130,-5.00,TPOS_S,-,-,-,-
2026-01-22 13:27:28:012,Z,-3876262,-44.02,TPOS_E,-3875502,-44.0078,760,0.0086
2026-01-22 13:27:28:437,Z,-3876262,-44.02,TPOS,-440320,-5.0000,3435942,39.0164
2026-01-22 13:27:28:623,Z,-3876262,-44.02,TPOS_S,-,-,-,-
2026-01-22 13:27:46:071,Z,-440135,-5.00,TPOS_E,-440320,-5.0000,-185,-0.0021
2026-01-22 13:27:46:499,Z,-440135,-5.00,TPOS,-3875502,-44.0078,-3435367,-39.0099
2026-01-22 13:27:46:564,X,-910761,-15.51,TPOS,-293546,-5.0000,617215,10.5131
2026-01-22 13:27:46:689,Z,-440135,-5.00,TPOS_S,-,-,-,-
2026-01-22 13:27:46:816,X,-910761,-15.51,TPOS_S,-,-,-,-
2026-01-22 13:27:47:019,X,-293576,-5.00,TPOS_E,-293546,-5.0000,30,0.0005
2026-01-22 13:27:47:444,X,-293576,-5.00,TPOS,-910277,-15.5048,-616701,-10.5043
2026-01-22 13:27:47:631,X,-293576,-5.00,TPOS_S,-,-,-,-
2026-01-22 13:27:51:048,X,-910756,-15.51,TPOS_E,-910277,-15.5048,479,0.0082
2026-01-22 13:27:51:473,X,-910756,-15.51,TPOS,-293546,-5.0000,617210,10.5130
2026-01-22 13:27:51:661,X,-910756,-15.51,TPOS_S,-,-,-,-
2026-01-22 13:27:56:878,X,-293596,-5.00,TPOS_E,-293546,-5.0000,50,0.0009
2026-01-22 13:27:57:302,X,-293596,-5.00,TPOS,-910277,-15.5048,-616681,-10.5040
2026-01-22 13:27:57:511,X,-293596,-5.00,TPOS_S,-,-,-,-
2026-01-22 13:28:00:925,X,-910739,-15.51,TPOS_E,-910277,-15.5048,462,0.0079
2026-01-22 13:28:01:350,X,-910739,-15.51,TPOS,-293546,-5.0000,617193,10.5127
2026-01-22 13:28:01:539,X,-910739,-15.51,TPOS_S,-,-,-,-
2026-01-22 13:28:04:348,Z,-3876278,-44.02,TPOS_E,-3875502,-44.0078,776,0.0088
2026-01-22 13:28:04:773,Z,-3876278,-44.02,TPOS,-440320,-5.0000,3435958,39.0166
2026-01-22 13:28:04:959,Z,-3876278,-44.02,TPOS_S,-,-,-,-
2026-01-22 13:28:06:764,X,-293596,-5.00,TPOS_E,-293546,-5.0000,50,0.0009
2026-01-22 13:28:07:189,X,-293596,-5.00,TPOS,-910277,-15.5048,-616681,-10.5040
2026-01-22 13:28:07:375,X,-293596,-5.00,TPOS_S,-,-,-,-
2026-01-22 13:28:10:784,X,-910748,-15.51,TPOS_E,-910277,-15.5048,471,0.0080
2026-01-22 13:28:11:210,X,-910748,-15.51,TPOS,-293546,-5.0000,617202,10.5128
2026-01-22 13:28:11:397,X,-910748,-15.51,TPOS_S,-,-,-,-
2026-01-22 13:28:16:614,X,-293605,-5.00,TPOS_E,-293546,-5.0000,59,0.0010
2026-01-22 13:28:17:041,X,-293605,-5.00,TPOS,-910277,-15.5048,-616672,-10.5038
2026-01-22 13:28:17:248,X,-293605,-5.00,TPOS_S,-,-,-,-
2026-01-22 13:28:20:658,X,-910742,-15.51,TPOS_E,-910277,-15.5048,465,0.0079
2026-01-22 13:28:21:082,X,-910742,-15.51,TPOS,-293546,-5.0000,617196,10.5127
2026-01-22 13:28:21:268,X,-910742,-15.51,TPOS_S,-,-,-,-
2026-01-22 13:28:22:473,Z,-440173,-5.00,TPOS_E,-440320,-5.0000,-147,-0.0017
2026-01-22 13:28:22:899,Z,-440173,-5.00,TPOS,-3875502,-44.0078,-3435329,-39.0095
2026-01-22 13:28:23:085,Z,-440173,-5.00,TPOS_S,-,-,-,-
2026-01-22 13:28:26:498,X,-293607,-5.00,TPOS_E,-293546,-5.0000,61,0.0010
2026-01-22 13:28:26:922,X,-293607,-5.00,TPOS,-910277,-15.5048,-616670,-10.5038
2026-01-22 13:28:27:110,X,-293607,-5.00,TPOS_S,-,-,-,-
2026-01-22 13:28:30:523,X,-910763,-15.51,TPOS_E,-910277,-15.5048,486,0.0083
2026-01-22 13:28:30:949,X,-910763,-15.51,TPOS,-293546,-5.0000,617217,10.5131
2026-01-22 13:28:31:139,X,-910763,-15.51,TPOS_S,-,-,-,-
2026-01-22 13:28:36:354,X,-293603,-5.00,TPOS_E,-293546,-5.0000,57,0.0010
2026-01-22 13:28:36:779,X,-293603,-5.00,TPOS,-910277,-15.5048,-616674,-10.5039
2026-01-22 13:28:36:967,X,-293603,-5.00,TPOS_S,-,-,-,-
2026-01-22 13:28:40:378,X,-910763,-15.51,TPOS_E,-910277,-15.5048,486,0.0083
2026-01-22 13:28:40:782,Z,-3876295,-44.02,TPOS_E,-3875502,-44.0078,793,0.0090
2026-01-22 13:28:40:803,X,-910763,-15.51,TPOS,-293546,-5.0000,617217,10.5131
2026-01-22 13:28:40:849,Z,-3876295,-44.02,TPOS,-440320,-5.0000,3435975,39.0168
2026-01-22 13:28:40:996,X,-910763,-15.51,TPOS_S,-,-,-,-
2026-01-22 13:28:41:124,Z,-3876295,-44.02,TPOS_S,-,-,-,-
2026-01-22 13:28:46:138,X,-293606,-5.00,TPOS_E,-293546,-5.0000,60,0.0010
2026-01-22 13:28:46:564,X,-293606,-5.00,TPOS,-910277,-15.5048,-616671,-10.5038
2026-01-22 13:28:46:750,X,-293606,-5.00,TPOS_S,-,-,-,-
2026-01-22 13:28:50:159,X,-910767,-15.51,TPOS_E,-910277,-15.5048,490,0.0083
2026-01-22 13:28:50:587,X,-910767,-15.51,TPOS,-293546,-5.0000,617221,10.5132
2026-01-22 13:28:50:773,X,-910767,-15.51,TPOS_S,-,-,-,-
2026-01-22 13:28:55:991,X,-293615,-5.00,TPOS_E,-293546,-5.0000,69,0.0012
2026-01-22 13:28:56:416,X,-293615,-5.00,TPOS,-910277,-15.5048,-616662,-10.5036
2026-01-22 13:28:56:602,X,-293615,-5.00,TPOS_S,-,-,-,-
2026-01-22 13:28:58:609,Z,-440161,-5.00,TPOS_E,-440320,-5.0000,-159,-0.0018
2026-01-22 13:28:59:034,Z,-440161,-5.00,TPOS,-3875502,-44.0078,-3435341,-39.0096
2026-01-22 13:28:59:227,Z,-440161,-5.00,TPOS_S,-,-,-,-
2026-01-22 13:29:00:033,X,-910760,-15.51,TPOS_E,-910277,-15.5048,483,0.0082
2026-01-22 13:29:00:460,X,-910760,-15.51,TPOS,-293546,-5.0000,617214,10.5130
2026-01-22 13:29:00:648,X,-910760,-15.51,TPOS_S,-,-,-,-
2026-01-22 13:29:05:866,X,-293596,-5.00,TPOS_E,-293546,-5.0000,50,0.0009
2026-01-22 13:29:06:291,X,-293596,-5.00,TPOS,-910277,-15.5048,-616681,-10.5040
2026-01-22 13:29:06:476,X,-293596,-5.00,TPOS_S,-,-,-,-
2026-01-22 13:29:09:886,X,-910771,-15.51,TPOS_E,-910277,-15.5048,494,0.0084
2026-01-22 13:29:10:311,X,-910771,-15.51,TPOS,-293546,-5.0000,617225,10.5132
2026-01-22 13:29:10:501,X,-910771,-15.51,TPOS_S,-,-,-,-
2026-01-22 13:29:15:717,X,-293599,-5.00,TPOS_E,-293546,-5.0000,53,0.0009
2026-01-22 13:29:16:142,X,-293599,-5.00,TPOS,-910277,-15.5048,-616678,-10.5039
2026-01-22 13:29:16:328,X,-293599,-5.00,TPOS_S,-,-,-,-
2026-01-22 13:29:16:932,Z,-3876264,-44.02,TPOS_E,-3875502,-44.0078,762,0.0087
2026-01-22 13:29:17:358,Z,-3876264,-44.02,TPOS,-440320,-5.0000,3435944,39.0164
2026-01-22 13:29:17:543,Z,-3876264,-44.02,TPOS_S,-,-,-,-
2026-01-22 13:29:19:752,X,-910761,-15.51,TPOS_E,-910277,-15.5048,484,0.0082
2026-01-22 13:29:20:177,X,-910761,-15.51,TPOS,-293546,-5.0000,617215,10.5131
2026-01-22 13:29:20:368,X,-910761,-15.51,TPOS_S,-,-,-,-
2026-01-22 13:29:25:582,X,-293596,-5.00,TPOS_E,-293546,-5.0000,50,0.0009
2026-01-22 13:29:26:007,X,-293596,-5.00,TPOS,-910277,-15.5048,-616681,-10.5040
2026-01-22 13:29:26:195,X,-293596,-5.00,TPOS_S,-,-,-,-
2026-01-22 13:29:29:605,X,-910769,-15.51,TPOS_E,-910277,-15.5048,492,0.0084
2026-01-22 13:29:30:030,X,-910769,-15.51,TPOS,-293546,-5.0000,617223,10.5132
2026-01-22 13:29:30:216,X,-910769,-15.51,TPOS_S,-,-,-,-
2026-01-22 13:29:35:030,Z,-440139,-5.00,TPOS_E,-440320,-5.0000,-181,-0.0021
2026-01-22 13:29:35:435,X,-293616,-5.00,TPOS_E,-293546,-5.0000,70,0.0012
2026-01-22 13:29:35:456,Z,-440139,-5.00,TPOS,-3875502,-44.0078,-3435363,-39.0098
2026-01-22 13:29:35:500,X,-293616,-5.00,TPOS,-910277,-15.5048,-616661,-10.5036
2026-01-22 13:29:35:646,Z,-440139,-5.00,TPOS_S,-,-,-,-
2026-01-22 13:29:35:774,X,-293616,-5.00,TPOS_S,-,-,-,-
2026-01-22 13:29:39:183,X,-910758,-15.51,TPOS_E,-910277,-15.5048,481,0.0082
2026-01-22 13:29:39:609,X,-910758,-15.51,TPOS,-293546,-5.0000,617212,10.5130
2026-01-22 13:29:39:818,X,-910758,-15.51,TPOS_S,-,-,-,-
2026-01-22 13:29:45:037,X,-293610,-5.00,TPOS_E,-293546,-5.0000,64,0.0011
2026-01-22 13:29:45:461,X,-293610,-5.00,TPOS,-910277,-15.5048,-616667,-10.5037
2026-01-22 13:29:45:668,X,-293610,-5.00,TPOS_S,-,-,-,-
2026-01-22 13:29:49:079,X,-910760,-15.51,TPOS_E,-910277,-15.5048,483,0.0082
2026-01-22 13:29:49:505,X,-910760,-15.51,TPOS,-293546,-5.0000,617214,10.5130
2026-01-22 13:29:49:692,X,-910760,-15.51,TPOS_S,-,-,-,-
2026-01-22 13:29:53:302,Z,-3876267,-44.02,TPOS_E,-3875502,-44.0078,765,0.0087
2026-01-22 13:29:53:727,Z,-3876267,-44.02,TPOS,-440320,-5.0000,3435947,39.0165
2026-01-22 13:29:53:913,Z,-3876267,-44.02,TPOS_S,-,-,-,-
2026-01-22 13:29:54:918,X,-293598,-5.00,TPOS_E,-293546,-5.0000,52,0.0009
2026-01-22 13:29:55:342,X,-293598,-5.00,TPOS,-910277,-15.5048,-616679,-10.5039
2026-01-22 13:29:55:507,X,-293598,-5.00,TPOS_S,-,-,-,-
2026-01-22 13:29:58:920,X,-910776,-15.51,TPOS_E,-910277,-15.5048,499,0.0085
2026-01-22 13:29:59:345,X,-910776,-15.51,TPOS,-293546,-5.0000,617230,10.5133
2026-01-22 13:29:59:552,X,-910776,-15.51,TPOS_S,-,-,-,-
2026-01-22 13:30:04:770,X,-293604,-5.00,TPOS_E,-293546,-5.0000,58,0.0010
2026-01-22 13:30:05:195,X,-293604,-5.00,TPOS,-910277,-15.5048,-616673,-10.5038
2026-01-22 13:30:05:383,X,-293604,-5.00,TPOS_S,-,-,-,-
2026-01-22 13:30:08:794,X,-910767,-15.51,TPOS_E,-910277,-15.5048,490,0.0083
2026-01-22 13:30:09:222,X,-910767,-15.51,TPOS,-293546,-5.0000,617221,10.5132
2026-01-22 13:30:09:408,X,-910767,-15.51,TPOS_S,-,-,-,-
2026-01-22 13:30:11:416,Z,-440150,-5.00,TPOS_E,-440320,-5.0000,-170,-0.0019
2026-01-22 13:30:11:840,Z,-440150,-5.00,TPOS,-3875502,-44.0078,-3435352,-39.0097
2026-01-22 13:30:12:047,Z,-440150,-5.00,TPOS_S,-,-,-,-
2026-01-22 13:30:14:657,X,-293619,-5.00,TPOS_E,-293546,-5.0000,73,0.0012
2026-01-22 13:30:15:081,X,-293619,-5.00,TPOS,-910277,-15.5048,-616658,-10.5036
2026-01-22 13:30:15:267,X,-293619,-5.00,TPOS_S,-,-,-,-
2026-01-22 13:30:18:680,X,-910762,-15.51,TPOS_E,-910277,-15.5048,485,0.0083
2026-01-22 13:30:19:105,X,-910762,-15.51,TPOS,-293546,-5.0000,617216,10.5131
2026-01-22 13:30:19:292,X,-910762,-15.51,TPOS_S,-,-,-,-
2026-01-22 13:30:24:510,X,-293618,-5.00,TPOS_E,-293546,-5.0000,72,0.0012
2026-01-22 13:30:24:935,X,-293618,-5.00,TPOS,-910277,-15.5048,-616659,-10.5036
2026-01-22 13:30:25:120,X,-293618,-5.00,TPOS_S,-,-,-,-
2026-01-22 13:30:28:531,X,-910761,-15.51,TPOS_E,-910277,-15.5048,484,0.0082
2026-01-22 13:30:28:956,X,-910761,-15.51,TPOS,-293546,-5.0000,617215,10.5131
2026-01-22 13:30:29:123,X,-910761,-15.51,TPOS_S,-,-,-,-
2026-01-22 13:30:29:732,Z,-3876275,-44.02,TPOS_E,-3875502,-44.0078,773,0.0088
2026-01-22 13:30:30:157,Z,-3876275,-44.02,TPOS,-440320,-5.0000,3435955,39.0166
2026-01-22 13:30:30:321,Z,-3876275,-44.02,TPOS_S,-,-,-,-
2026-01-22 13:30:34:334,X,-293612,-5.00,TPOS_E,-293546,-5.0000,66,0.0011
2026-01-22 13:30:34:759,X,-293612,-5.00,TPOS,-910277,-15.5048,-616665,-10.5037
2026-01-22 13:30:34:923,X,-293612,-5.00,TPOS_S,-,-,-,-
2026-01-22 13:30:38:336,X,-910768,-15.51,TPOS_E,-910277,-15.5048,491,0.0084
2026-01-22 13:30:38:761,X,-910768,-15.51,TPOS,-293546,-5.0000,617222,10.5132
2026-01-22 13:30:38:969,X,-910768,-15.51,TPOS_S,-,-,-,-
2026-01-22 13:30:44:186,X,-293616,-5.00,TPOS_E,-293546,-5.0000,70,0.0012
2026-01-22 13:30:44:610,X,-293616,-5.00,TPOS,-910277,-15.5048,-616661,-10.5036
2026-01-22 13:30:44:796,X,-293616,-5.00,TPOS_S,-,-,-,-
2026-01-22 13:30:47:806,Z,-440163,-5.00,TPOS_E,-440320,-5.0000,-157,-0.0018
2026-01-22 13:30:48:211,X,-910768,-15.51,TPOS_E,-910277,-15.5048,491,0.0084
2026-01-22 13:30:48:233,Z,-440163,-5.00,TPOS,-3875502,-44.0078,-3435339,-39.0096
2026-01-22 13:30:48:279,X,-910768,-15.51,TPOS,-293546,-5.0000,617222,10.5132
2026-01-22 13:30:48:428,Z,-440163,-5.00,TPOS_S,-,-,-,-
2026-01-22 13:30:48:554,X,-910768,-15.51,TPOS_S,-,-,-,-
2026-01-22 13:30:53:770,X,-293614,-5.00,TPOS_E,-293546,-5.0000,68,0.0012
2026-01-22 13:30:54:196,X,-293614,-5.00,TPOS,-910277,-15.5048,-616663,-10.5037
2026-01-22 13:30:54:382,X,-293614,-5.00,TPOS_S,-,-,-,-
2026-01-22 13:30:57:795,X,-910773,-15.51,TPOS_E,-910277,-15.5048,496,0.0084
2026-01-22 13:30:58:219,X,-910773,-15.51,TPOS,-293546,-5.0000,617227,10.5133
2026-01-22 13:30:58:405,X,-910773,-15.51,TPOS_S,-,-,-,-
2026-01-22 13:31:03:622,X,-293609,-5.00,TPOS_E,-293546,-5.0000,63,0.0011
2026-01-22 13:31:04:048,X,-293609,-5.00,TPOS,-910277,-15.5048,-616668,-10.5037
2026-01-22 13:31:04:255,X,-293609,-5.00,TPOS_S,-,-,-,-
2026-01-22 13:31:06:062,Z,-3876286,-44.02,TPOS_E,-3875502,-44.0078,784,0.0089
2026-01-22 13:31:06:488,Z,-3876286,-44.02,TPOS,-440320,-5.0000,3435966,39.0167
2026-01-22 13:31:06:653,Z,-3876286,-44.02,TPOS_S,-,-,-,-
2026-01-22 13:31:07:663,X,-910772,-15.51,TPOS_E,-910277,-15.5048,495,0.0084
2026-01-22 13:31:08:089,X,-910772,-15.51,TPOS,-293546,-5.0000,617226,10.5133
2026-01-22 13:31:08:277,X,-910772,-15.51,TPOS_S,-,-,-,-
2026-01-22 13:31:13:494,X,-293619,-5.00,TPOS_E,-293546,-5.0000,73,0.0012
2026-01-22 13:31:13:919,X,-293619,-5.00,TPOS,-910277,-15.5048,-616658,-10.5036
2026-01-22 13:31:14:108,X,-293619,-5.00,TPOS_S,-,-,-,-
2026-01-22 13:31:17:519,X,-910766,-15.51,TPOS_E,-910277,-15.5048,489,0.0083
2026-01-22 13:31:17:944,X,-910766,-15.51,TPOS,-293546,-5.0000,617220,10.5132
2026-01-22 13:31:18:110,X,-910766,-15.51,TPOS_S,-,-,-,-
2026-01-22 13:31:23:324,X,-293620,-5.00,TPOS_E,-293546,-5.0000,74,0.0013
2026-01-22 13:31:23:749,X,-293620,-5.00,TPOS,-910277,-15.5048,-616657,-10.5036
2026-01-22 13:31:23:935,X,-293620,-5.00,TPOS_S,-,-,-,-
2026-01-22 13:31:24:137,Z,-440126,-5.00,TPOS_E,-440320,-5.0000,-194,-0.0022
2026-01-22 13:31:24:564,Z,-440126,-5.00,TPOS,-3875502,-44.0078,-3435376,-39.0100
2026-01-22 13:31:24:750,Z,-440126,-5.00,TPOS_S,-,-,-,-
2026-01-22 13:31:27:361,X,-910773,-15.51,TPOS_E,-910277,-15.5048,496,0.0084
2026-01-22 13:31:27:786,X,-910773,-15.51,TPOS,-293546,-5.0000,617227,10.5133
2026-01-22 13:31:27:977,X,-910773,-15.51,TPOS_S,-,-,-,-
2026-01-22 13:31:33:192,X,-293611,-5.00,TPOS_E,-293546,-5.0000,65,0.0011
2026-01-22 13:31:33:617,X,-293611,-5.00,TPOS,-910277,-15.5048,-616666,-10.5037
2026-01-22 13:31:33:806,X,-293611,-5.00,TPOS_S,-,-,-,-
2026-01-22 13:31:37:215,X,-910755,-15.51,TPOS_E,-910277,-15.5048,478,0.0081
2026-01-22 13:31:37:643,X,-910755,-15.51,TPOS,-293546,-5.0000,617209,10.5130
2026-01-22 13:31:37:829,X,-910755,-15.51,TPOS_S,-,-,-,-
2026-01-22 13:31:42:448,Z,-3876267,-44.02,TPOS_E,-3875502,-44.0078,765,0.0087
2026-01-22 13:31:42:875,Z,-3876267,-44.02,TPOS,-440320,-5.0000,3435947,39.0165
2026-01-22 13:31:43:021,X,-293612,-5.00,TPOS_E,-293546,-5.0000,66,0.0011
2026-01-22 13:31:43:066,Z,-3876267,-44.02,TPOS_S,-,-,-,-
2026-01-22 13:31:43:091,X,-293612,-5.00,TPOS,-910277,-15.5048,-616665,-10.5037
2026-01-22 13:31:43:279,X,-293612,-5.00,TPOS_S,-,-,-,-
2026-01-22 13:31:46:691,X,-910771,-15.51,TPOS_E,-910277,-15.5048,494,0.0084
2026-01-22 13:31:47:115,X,-910771,-15.51,TPOS,-293546,-5.0000,617225,10.5132
2026-01-22 13:31:47:302,X,-910771,-15.51,TPOS_S,-,-,-,-
2026-01-22 13:31:52:516,X,-293627,-5.00,TPOS_E,-293546,-5.0000,81,0.0014
2026-01-22 13:31:52:941,X,-293627,-5.00,TPOS,-910277,-15.5048,-616650,-10.5034
2026-01-22 13:31:53:127,X,-293627,-5.00,TPOS_S,-,-,-,-
2026-01-22 13:31:56:539,X,-910766,-15.51,TPOS_E,-910277,-15.5048,489,0.0083
2026-01-22 13:31:56:964,X,-910766,-15.51,TPOS,-293546,-5.0000,617220,10.5132
2026-01-22 13:31:57:150,X,-910766,-15.51,TPOS_S,-,-,-,-
2026-01-22 13:32:00:564,Z,-440141,-5.00,TPOS_E,-440320,-5.0000,-179,-0.0020
2026-01-22 13:32:00:988,Z,-440141,-5.00,TPOS,-3875502,-44.0078,-3435361,-39.0098
2026-01-22 13:32:01:157,Z,-440141,-5.00,TPOS_S,-,-,-,-
2026-01-22 13:32:02:363,X,-293627,-5.00,TPOS_E,-293546,-5.0000,81,0.0014
2026-01-22 13:32:02:787,X,-293627,-5.00,TPOS,-910277,-15.5048,-616650,-10.5034
2026-01-22 13:32:02:973,X,-293627,-5.00,TPOS_S,-,-,-,-
2026-01-22 13:32:06:384,X,-910752,-15.51,TPOS_E,-910277,-15.5048,475,0.0081
2026-01-22 13:32:06:810,X,-910752,-15.51,TPOS,-293546,-5.0000,617206,10.5129
2026-01-22 13:32:06:996,X,-910752,-15.51,TPOS_S,-,-,-,-
2026-01-22 13:32:12:215,X,-293623,-5.00,TPOS_E,-293546,-5.0000,77,0.0013
2026-01-22 13:32:12:642,X,-293623,-5.00,TPOS,-910277,-15.5048,-616654,-10.5035
2026-01-22 13:32:12:828,X,-293623,-5.00,TPOS_S,-,-,-,-
2026-01-22 13:32:16:238,X,-910757,-15.51,TPOS_E,-910277,-15.5048,480,0.0082
2026-01-22 13:32:16:665,X,-910757,-15.51,TPOS,-293546,-5.0000,617211,10.5130
2026-01-22 13:32:16:872,X,-910757,-15.51,TPOS_S,-,-,-,-
2026-01-22 13:32:18:679,Z,-3876281,-44.02,TPOS_E,-3875502,-44.0078,779,0.0088
2026-01-22 13:32:19:102,Z,-3876281,-44.02,TPOS,-440320,-5.0000,3435961,39.0166
2026-01-22 13:32:19:290,Z,-3876281,-44.02,TPOS_S,-,-,-,-
2026-01-22 13:32:22:099,X,-293619,-5.00,TPOS_E,-293546,-5.0000,73,0.0012
2026-01-22 13:32:22:524,X,-293619,-5.00,TPOS,-910277,-15.5048,-616658,-10.5036
2026-01-22 13:32:22:711,X,-293619,-5.00,TPOS_S,-,-,-,-
2026-01-22 13:32:26:121,X,-910763,-15.51,TPOS_E,-910277,-15.5048,486,0.0083
2026-01-22 13:32:26:545,X,-910763,-15.51,TPOS,-293546,-5.0000,617217,10.5131
2026-01-22 13:32:26:732,X,-910763,-15.51,TPOS_S,-,-,-,-
2026-01-22 13:32:31:952,X,-293619,-5.00,TPOS_E,-293546,-5.0000,73,0.0012
2026-01-22 13:32:32:377,X,-293619,-5.00,TPOS,-910277,-15.5048,-616658,-10.5036
2026-01-22 13:32:32:563,X,-293619,-5.00,TPOS_S,-,-,-,-
2026-01-22 13:32:35:975,X,-910759,-15.51,TPOS_E,-910277,-15.5048,482,0.0082
2026-01-22 13:32:36:401,X,-910759,-15.51,TPOS,-293546,-5.0000,617213,10.5130
2026-01-22 13:32:36:588,X,-910759,-15.51,TPOS_S,-,-,-,-
2026-01-22 13:32:36:790,Z,-440175,-5.00,TPOS_E,-440320,-5.0000,-145,-0.0016
2026-01-22 13:32:37:215,Z,-440175,-5.00,TPOS,-3875502,-44.0078,-3435327,-39.0094
2026-01-22 13:32:37:402,Z,-440175,-5.00,TPOS_S,-,-,-,-
2026-01-22 13:32:41:819,X,-293609,-5.00,TPOS_E,-293546,-5.0000,63,0.0011
2026-01-22 13:32:42:244,X,-293609,-5.00,TPOS,-910277,-15.5048,-616668,-10.5037
2026-01-22 13:32:42:433,X,-293609,-5.00,TPOS_S,-,-,-,-
2026-01-22 13:32:45:842,X,-910774,-15.51,TPOS_E,-910277,-15.5048,497,0.0085
2026-01-22 13:32:46:268,X,-910774,-15.51,TPOS,-293546,-5.0000,617228,10.5133
2026-01-22 13:32:46:455,X,-910774,-15.51,TPOS_S,-,-,-,-
2026-01-22 13:32:51:674,X,-293614,-5.00,TPOS_E,-293546,-5.0000,68,0.0012
2026-01-22 13:32:52:099,X,-293614,-5.00,TPOS,-910277,-15.5048,-616663,-10.5037
2026-01-22 13:32:52:287,X,-293614,-5.00,TPOS_S,-,-,-,-
2026-01-22 13:32:55:098,Z,-3876297,-44.02,TPOS_E,-3875502,-44.0078,795,0.0090
2026-01-22 13:32:55:523,Z,-3876297,-44.02,TPOS,-440320,-5.0000,3435977,39.0168
2026-01-22 13:32:55:586,X,-910765,-15.51,TPOS_E,-910277,-15.5048,488,0.0083
2026-01-22 13:32:55:650,X,-910765,-15.51,TPOS,-293546,-5.0000,617219,10.5131
2026-01-22 13:32:55:714,Z,-3876297,-44.02,TPOS_S,-,-,-,-
2026-01-22 13:32:55:843,X,-910765,-15.51,TPOS_S,-,-,-,-
2026-01-22 13:33:01:061,X,-293618,-5.00,TPOS_E,-293546,-5.0000,72,0.0012
2026-01-22 13:33:01:486,X,-293618,-5.00,TPOS,-910277,-15.5048,-616659,-10.5036
2026-01-22 13:33:01:674,X,-293618,-5.00,TPOS_S,-,-,-,-
2026-01-22 13:33:05:085,X,-910772,-15.51,TPOS_E,-910277,-15.5048,495,0.0084
2026-01-22 13:33:05:510,X,-910772,-15.51,TPOS,-293546,-5.0000,617226,10.5133
2026-01-22 13:33:05:697,X,-910772,-15.51,TPOS_S,-,-,-,-
2026-01-22 13:33:10:914,X,-293612,-5.00,TPOS_E,-293546,-5.0000,66,0.0011
2026-01-22 13:33:11:339,X,-293612,-5.00,TPOS,-910277,-15.5048,-616665,-10.5037
2026-01-22 13:33:11:548,X,-293612,-5.00,TPOS_S,-,-,-,-
2026-01-22 13:33:13:155,Z,-440139,-5.00,TPOS_E,-440320,-5.0000,-181,-0.0021
2026-01-22 13:33:13:582,Z,-440139,-5.00,TPOS,-3875502,-44.0078,-3435363,-39.0098
2026-01-22 13:33:13:768,Z,-440139,-5.00,TPOS_S,-,-,-,-
2026-01-22 13:33:14:973,X,-910759,-15.51,TPOS_E,-910277,-15.5048,482,0.0082
2026-01-22 13:33:15:398,X,-910759,-15.51,TPOS,-293546,-5.0000,617213,10.5130
2026-01-22 13:33:15:605,X,-910759,-15.51,TPOS_S,-,-,-,-
2026-01-22 13:33:20:822,X,-293612,-5.00,TPOS_E,-293546,-5.0000,66,0.0011
2026-01-22 13:33:21:245,X,-293612,-5.00,TPOS,-910277,-15.5048,-616665,-10.5037
2026-01-22 13:33:21:432,X,-293612,-5.00,TPOS_S,-,-,-,-
2026-01-22 13:33:24:847,X,-910756,-15.51,TPOS_E,-910277,-15.5048,479,0.0082
2026-01-22 13:33:25:271,X,-910756,-15.51,TPOS,-293546,-5.0000,617210,10.5130
2026-01-22 13:33:25:478,X,-910756,-15.51,TPOS_S,-,-,-,-
2026-01-22 13:33:30:694,X,-293614,-5.00,TPOS_E,-293546,-5.0000,68,0.0012
2026-01-22 13:33:31:121,X,-293614,-5.00,TPOS,-910277,-15.5048,-616663,-10.5037
2026-01-22 13:33:31:329,X,-293614,-5.00,TPOS_S,-,-,-,-
2026-01-22 13:33:31:330,Z,-3876262,-44.02,TPOS_E,-3875502,-44.0078,760,0.0086
2026-01-22 13:33:31:754,Z,-3876262,-44.02,TPOS,-440320,-5.0000,3435942,39.0164
2026-01-22 13:33:31:941,Z,-3876262,-44.02,TPOS_S,-,-,-,-
2026-01-22 13:33:34:751,X,-910760,-15.51,TPOS_E,-910277,-15.5048,483,0.0082
2026-01-22 13:33:35:178,X,-910760,-15.51,TPOS,-293546,-5.0000,617214,10.5130
2026-01-22 13:33:35:364,X,-910760,-15.51,TPOS_S,-,-,-,-
2026-01-22 13:33:40:581,X,-293618,-5.00,TPOS_E,-293546,-5.0000,72,0.0012
2026-01-22 13:33:41:008,X,-293618,-5.00,TPOS,-910277,-15.5048,-616659,-10.5036
2026-01-22 13:33:41:195,X,-293618,-5.00,TPOS_S,-,-,-,-
2026-01-22 13:33:44:605,X,-910765,-15.51,TPOS_E,-910277,-15.5048,488,0.0083
2026-01-22 13:33:45:030,X,-910765,-15.51,TPOS,-293546,-5.0000,617219,10.5131
2026-01-22 13:33:45:217,X,-910765,-15.51,TPOS_S,-,-,-,-
2026-01-22 13:33:49:429,Z,-440139,-5.00,TPOS_E,-440320,-5.0000,-181,-0.0021
2026-01-22 13:33:49:854,Z,-440139,-5.00,TPOS,-3875502,-44.0078,-3435363,-39.0098
2026-01-22 13:33:50:020,Z,-440139,-5.00,TPOS_S,-,-,-,-
2026-01-22 13:33:50:428,X,-293620,-5.00,TPOS_E,-293546,-5.0000,74,0.0013
2026-01-22 13:33:50:855,X,-293620,-5.00,TPOS,-910277,-15.5048,-616657,-10.5036
2026-01-22 13:33:51:044,X,-293620,-5.00,TPOS_S,-,-,-,-
2026-01-22 13:33:54:460,X,-910761,-15.51,TPOS_E,-910277,-15.5048,484,0.0082
2026-01-22 13:33:54:887,X,-910761,-15.51,TPOS,-293546,-5.0000,617215,10.5131
2026-01-22 13:33:55:074,X,-910761,-15.51,TPOS_S,-,-,-,-
2026-01-22 13:34:00:291,X,-293625,-5.00,TPOS_E,-293546,-5.0000,79,0.0013
2026-01-22 13:34:00:717,X,-293625,-5.00,TPOS,-910277,-15.5048,-616652,-10.5035
2026-01-22 13:34:00:904,X,-293625,-5.00,TPOS_S,-,-,-,-
2026-01-22 13:34:04:315,X,-910764,-15.51,TPOS_E,-910277,-15.5048,487,0.0083
2026-01-22 13:34:04:740,X,-910764,-15.51,TPOS,-293546,-5.0000,617218,10.5131
2026-01-22 13:34:04:928,X,-910764,-15.51,TPOS_S,-,-,-,-
2026-01-22 13:34:07:738,Z,-3876249,-44.02,TPOS_E,-3875502,-44.0078,747,0.0085
2026-01-22 13:34:08:162,Z,-3876249,-44.02,TPOS,-440320,-5.0000,3435929,39.0163
2026-01-22 13:34:08:348,Z,-3876249,-44.02,TPOS_S,-,-,-,-
2026-01-22 13:34:10:154,X,-293627,-5.00,TPOS_E,-293546,-5.0000,81,0.0014
2026-01-22 13:34:10:579,X,-293627,-5.00,TPOS,-910277,-15.5048,-616650,-10.5034
2026-01-22 13:34:10:787,X,-293627,-5.00,TPOS_S,-,-,-,-
2026-01-22 13:34:14:199,X,-910765,-15.51,TPOS_E,-910277,-15.5048,488,0.0083
2026-01-22 13:34:14:627,X,-910765,-15.51,TPOS,-293546,-5.0000,617219,10.5131
2026-01-22 13:34:14:814,X,-910765,-15.51,TPOS_S,-,-,-,-
2026-01-22 13:34:20:030,X,-293626,-5.00,TPOS_E,-293546,-5.0000,80,0.0014
2026-01-22 13:34:20:455,X,-293626,-5.00,TPOS,-910277,-15.5048,-616651,-10.5035
2026-01-22 13:34:20:641,X,-293626,-5.00,TPOS_S,-,-,-,-
2026-01-22 13:34:24:053,X,-910755,-15.51,TPOS_E,-910277,-15.5048,478,0.0081
2026-01-22 13:34:24:478,X,-910755,-15.51,TPOS,-293546,-5.0000,617209,10.5130
2026-01-22 13:34:24:665,X,-910755,-15.51,TPOS_S,-,-,-,-
2026-01-22 13:34:25:871,Z,-440155,-5.00,TPOS_E,-440320,-5.0000,-165,-0.0019
2026-01-22 13:34:26:296,Z,-440155,-5.00,TPOS,-3875502,-44.0078,-3435347,-39.0097
2026-01-22 13:34:26:483,Z,-440155,-5.00,TPOS_S,-,-,-,-
2026-01-22 13:34:29:893,X,-293623,-5.00,TPOS_E,-293546,-5.0000,77,0.0013
2026-01-22 13:34:30:318,X,-293623,-5.00,TPOS,-910277,-15.5048,-616654,-10.5035
2026-01-22 13:34:30:505,X,-293623,-5.00,TPOS_S,-,-,-,-
2026-01-22 13:34:33:917,X,-910759,-15.51,TPOS_E,-910277,-15.5048,482,0.0082
2026-01-22 13:34:34:341,X,-910759,-15.51,TPOS,-293546,-5.0000,617213,10.5130
2026-01-22 13:34:34:548,X,-910759,-15.51,TPOS_S,-,-,-,-
2026-01-22 13:34:39:767,X,-293626,-5.00,TPOS_E,-293546,-5.0000,80,0.0014
2026-01-22 13:34:40:196,X,-293626,-5.00,TPOS,-910277,-15.5048,-616651,-10.5035
2026-01-22 13:34:40:381,X,-293626,-5.00,TPOS_S,-,-,-,-
2026-01-22 13:34:43:792,X,-910759,-15.51,TPOS_E,-910277,-15.5048,482,0.0082
2026-01-22 13:34:44:196,Z,-3876292,-44.02,TPOS_E,-3875502,-44.0078,790,0.0090
2026-01-22 13:34:44:219,X,-910759,-15.51,TPOS,-293546,-5.0000,617213,10.5130
2026-01-22 13:34:44:261,Z,-3876292,-44.02,TPOS,-440320,-5.0000,3435972,39.0168
2026-01-22 13:34:44:407,X,-910759,-15.51,TPOS_S,-,-,-,-
2026-01-22 13:34:44:534,Z,-3876292,-44.02,TPOS_S,-,-,-,-
2026-01-22 13:34:49:750,X,-293629,-5.00,TPOS_E,-293546,-5.0000,83,0.0014
2026-01-22 13:34:50:174,X,-293629,-5.00,TPOS,-910277,-15.5048,-616648,-10.5034
2026-01-22 13:34:50:362,X,-293629,-5.00,TPOS_S,-,-,-,-
2026-01-22 13:34:53:775,X,-910753,-15.51,TPOS_E,-910277,-15.5048,476,0.0081
2026-01-22 13:34:54:200,X,-910753,-15.51,TPOS,-293546,-5.0000,617207,10.5129
2026-01-22 13:34:54:387,X,-910753,-15.51,TPOS_S,-,-,-,-
2026-01-22 13:34:59:600,X,-293623,-5.00,TPOS_E,-293546,-5.0000,77,0.0013
2026-01-22 13:35:00:026,X,-293623,-5.00,TPOS,-910277,-15.5048,-616654,-10.5035
2026-01-22 13:35:00:210,X,-293623,-5.00,TPOS_S,-,-,-,-
2026-01-22 13:35:02:019,Z,-440138,-5.00,TPOS_E,-440320,-5.0000,-182,-0.0021
2026-01-22 13:35:02:443,Z,-440138,-5.00,TPOS,-3875502,-44.0078,-3435364,-39.0099
2026-01-22 13:35:02:629,Z,-440138,-5.00,TPOS_S,-,-,-,-
2026-01-22 13:35:03:638,X,-910757,-15.51,TPOS_E,-910277,-15.5048,480,0.0082
2026-01-22 13:35:04:064,X,-910757,-15.51,TPOS,-293546,-5.0000,617211,10.5130
2026-01-22 13:35:04:252,X,-910757,-15.51,TPOS_S,-,-,-,-
2026-01-22 13:35:09:468,X,-293619,-5.00,TPOS_E,-293546,-5.0000,73,0.0012
2026-01-22 13:35:09:895,X,-293619,-5.00,TPOS,-910277,-15.5048,-616658,-10.5036
2026-01-22 13:35:10:080,X,-293619,-5.00,TPOS_S,-,-,-,-
2026-01-22 13:35:13:490,X,-910749,-15.51,TPOS_E,-910277,-15.5048,472,0.0080
2026-01-22 13:35:13:914,X,-910749,-15.51,TPOS,-293546,-5.0000,617203,10.5129
2026-01-22 13:35:14:100,X,-910749,-15.51,TPOS_S,-,-,-,-
2026-01-22 13:35:19:316,X,-293623,-5.00,TPOS_E,-293546,-5.0000,77,0.0013
2026-01-22 13:35:19:741,X,-293623,-5.00,TPOS,-910277,-15.5048,-616654,-10.5035
2026-01-22 13:35:19:907,X,-293623,-5.00,TPOS_S,-,-,-,-
2026-01-22 13:35:20:312,Z,-3876282,-44.02,TPOS_E,-3875502,-44.0078,780,0.0089
2026-01-22 13:35:20:736,Z,-3876282,-44.02,TPOS,-440320,-5.0000,3435962,39.0166
2026-01-22 13:35:20:922,Z,-3876282,-44.02,TPOS_S,-,-,-,-
2026-01-22 13:35:23:329,X,-910750,-15.51,TPOS_E,-910277,-15.5048,473,0.0081
2026-01-22 13:35:23:754,X,-910750,-15.51,TPOS,-293546,-5.0000,617204,10.5129
2026-01-22 13:35:23:960,X,-910750,-15.51,TPOS_S,-,-,-,-
2026-01-22 13:35:29:175,X,-293623,-5.00,TPOS_E,-293546,-5.0000,77,0.0013
2026-01-22 13:35:29:603,X,-293623,-5.00,TPOS,-910277,-15.5048,-616654,-10.5035
2026-01-22 13:35:29:789,X,-293623,-5.00,TPOS_S,-,-,-,-
2026-01-22 13:35:33:200,X,-910749,-15.51,TPOS_E,-910277,-15.5048,472,0.0080
2026-01-22 13:35:33:624,X,-910749,-15.51,TPOS,-293546,-5.0000,617203,10.5129
2026-01-22 13:35:33:813,X,-910749,-15.51,TPOS_S,-,-,-,-
2026-01-22 13:35:38:427,Z,-440136,-5.00,TPOS_E,-440320,-5.0000,-184,-0.0021
2026-01-22 13:35:38:851,Z,-440136,-5.00,TPOS,-3875502,-44.0078,-3435366,-39.0099
2026-01-22 13:35:39:017,X,-293623,-5.00,TPOS_E,-293546,-5.0000,77,0.0013
2026-01-22 13:35:39:040,Z,-440136,-5.00,TPOS_S,-,-,-,-
2026-01-22 13:35:39:264,X,-293623,-5.00,TPOS,-910277,-15.5048,-616654,-10.5035
2026-01-22 13:35:39:457,X,-293623,-5.00,TPOS_S,-,-,-,-
2026-01-22 13:35:42:870,X,-910757,-15.51,TPOS_E,-910277,-15.5048,480,0.0082
2026-01-22 13:35:43:296,X,-910757,-15.51,TPOS,-293546,-5.0000,617211,10.5130
2026-01-22 13:35:43:482,X,-910757,-15.51,TPOS_S,-,-,-,-
2026-01-22 13:35:48:697,X,-293622,-5.00,TPOS_E,-293546,-5.0000,76,0.0013
2026-01-22 13:35:49:124,X,-293622,-5.00,TPOS,-910277,-15.5048,-616655,-10.5035
2026-01-22 13:35:49:310,X,-293622,-5.00,TPOS_S,-,-,-,-
2026-01-22 13:35:52:724,X,-910746,-15.51,TPOS_E,-910277,-15.5048,469,0.0080
2026-01-22 13:35:53:149,X,-910746,-15.51,TPOS,-293546,-5.0000,617200,10.5128
2026-01-22 13:35:53:316,X,-910746,-15.51,TPOS_S,-,-,-,-
2026-01-22 13:35:56:729,Z,-3876291,-44.02,TPOS_E,-3875502,-44.0078,789,0.0090
2026-01-22 13:35:57:153,Z,-3876291,-44.02,TPOS,-440320,-5.0000,3435971,39.0167
2026-01-22 13:35:57:360,Z,-3876291,-44.02,TPOS_S,-,-,-,-
2026-01-22 13:35:58:565,X,-293628,-5.00,TPOS_E,-293546,-5.0000,82,0.0014
2026-01-22 13:35:58:993,X,-293628,-5.00,TPOS,-910277,-15.5048,-616649,-10.5034
2026-01-22 13:35:59:179,X,-293628,-5.00,TPOS_S,-,-,-,-
2026-01-22 13:36:02:591,X,-910757,-15.51,TPOS_E,-910277,-15.5048,480,0.0082
2026-01-22 13:36:03:017,X,-910757,-15.51,TPOS,-293546,-5.0000,617211,10.5130
2026-01-22 13:36:03:225,X,-910757,-15.51,TPOS_S,-,-,-,-
2026-01-22 13:36:08:442,X,-293623,-5.00,TPOS_E,-293546,-5.0000,77,0.0013
2026-01-22 13:36:08:868,X,-293623,-5.00,TPOS,-910277,-15.5048,-616654,-10.5035
2026-01-22 13:36:09:053,X,-293623,-5.00,TPOS_S,-,-,-,-
2026-01-22 13:36:12:466,X,-910755,-15.51,TPOS_E,-910277,-15.5048,478,0.0081
2026-01-22 13:36:12:893,X,-910755,-15.51,TPOS,-293546,-5.0000,617209,10.5130
2026-01-22 13:36:13:078,X,-910755,-15.51,TPOS_S,-,-,-,-
2026-01-22 13:36:14:884,Z,-440140,-5.00,TPOS_E,-440320,-5.0000,-180,-0.0020
2026-01-22 13:36:15:309,Z,-440140,-5.00,TPOS,-3875502,-44.0078,-3435362,-39.0098
2026-01-22 13:36:15:497,Z,-440140,-5.00,TPOS_S,-,-,-,-
2026-01-22 13:36:18:307,X,-293635,-5.00,TPOS_E,-293546,-5.0000,89,0.0015
2026-01-22 13:36:18:732,X,-293635,-5.00,TPOS,-910277,-15.5048,-616642,-10.5033
2026-01-22 13:36:18:920,X,-293635,-5.00,TPOS_S,-,-,-,-
2026-01-22 13:36:22:332,X,-910742,-15.51,TPOS_E,-910277,-15.5048,465,0.0079
2026-01-22 13:36:22:756,X,-910742,-15.51,TPOS,-293546,-5.0000,617196,10.5127
2026-01-22 13:36:22:942,X,-910742,-15.51,TPOS_S,-,-,-,-
2026-01-22 13:36:28:358,X,-293628,-5.00,TPOS_E,-293546,-5.0000,82,0.0014
2026-01-22 13:36:28:783,X,-293628,-5.00,TPOS,-910277,-15.5048,-616649,-10.5034
2026-01-22 13:36:28:990,X,-293628,-5.00,TPOS_S,-,-,-,-
2026-01-22 13:36:32:399,X,-910744,-15.51,TPOS_E,-910277,-15.5048,467,0.0080
2026-01-22 13:36:32:825,X,-910744,-15.51,TPOS,-293546,-5.0000,617198,10.5128
2026-01-22 13:36:33:011,Z,-3876304,-44.02,TPOS_E,-3875502,-44.0078,802,0.0091
2026-01-22 13:36:33:012,X,-910744,-15.51,TPOS_S,-,-,-,-
2026-01-22 13:36:33:437,Z,-3876304,-44.02,TPOS,-440320,-5.0000,3435984,39.0169
2026-01-22 13:36:33:643,Z,-3876304,-44.02,TPOS_S,-,-,-,-
2026-01-22 13:36:38:257,X,-293629,-5.00,TPOS_E,-293546,-5.0000,83,0.0014
2026-01-22 13:36:38:682,X,-293629,-5.00,TPOS,-910277,-15.5048,-616648,-10.5034
2026-01-22 13:36:38:869,X,-293629,-5.00,TPOS_S,-,-,-,-
2026-01-22 13:36:42:278,X,-910747,-15.51,TPOS_E,-910277,-15.5048,470,0.0080
2026-01-22 13:36:42:706,X,-910747,-15.51,TPOS,-293546,-5.0000,617201,10.5128
2026-01-22 13:36:42:891,X,-910747,-15.51,TPOS_S,-,-,-,-
2026-01-22 13:36:48:309,X,-293622,-5.00,TPOS_E,-293546,-5.0000,76,0.0013
2026-01-22 13:36:48:735,X,-293622,-5.00,TPOS,-910277,-15.5048,-616655,-10.5035
2026-01-22 13:36:48:942,X,-293622,-5.00,TPOS_S,-,-,-,-
2026-01-22 13:36:51:150,Z,-440118,-5.00,TPOS_E,-440320,-5.0000,-202,-0.0023
2026-01-22 13:36:51:576,Z,-440118,-5.00,TPOS,-3875502,-44.0078,-3435384,-39.0101
2026-01-22 13:36:51:743,Z,-440118,-5.00,TPOS_S,-,-,-,-
2026-01-22 13:36:52:350,X,-910747,-15.51,TPOS_E,-910277,-15.5048,470,0.0080
2026-01-22 13:36:52:779,X,-910747,-15.51,TPOS,-293546,-5.0000,617201,10.5128
2026-01-22 13:36:52:966,X,-910747,-15.51,TPOS_S,-,-,-,-
2026-01-22 13:36:58:382,X,-293622,-5.00,TPOS_E,-293546,-5.0000,76,0.0013
2026-01-22 13:36:58:807,X,-293622,-5.00,TPOS,-910277,-15.5048,-616655,-10.5035
2026-01-22 13:36:58:993,X,-293622,-5.00,TPOS_S,-,-,-,-
2026-01-22 13:37:02:402,X,-910758,-15.51,TPOS_E,-910277,-15.5048,481,0.0082
2026-01-22 13:37:02:827,X,-910758,-15.51,TPOS,-293546,-5.0000,617212,10.5130
2026-01-22 13:37:03:013,X,-910758,-15.51,TPOS_S,-,-,-,-
2026-01-22 13:37:08:431,X,-293621,-5.00,TPOS_E,-293546,-5.0000,75,0.0013
2026-01-22 13:37:08:856,X,-293621,-5.00,TPOS,-910277,-15.5048,-616656,-10.5035
2026-01-22 13:37:09:041,X,-293621,-5.00,TPOS_S,-,-,-,-
2026-01-22 13:37:09:446,Z,-3876273,-44.02,TPOS_E,-3875502,-44.0078,771,0.0088
2026-01-22 13:37:09:874,Z,-3876273,-44.02,TPOS,-440320,-5.0000,3435953,39.0165
2026-01-22 13:37:10:061,Z,-3876273,-44.02,TPOS_S,-,-,-,-
2026-01-22 13:37:12:469,X,-910751,-15.51,TPOS_E,-910277,-15.5048,474,0.0081
2026-01-22 13:37:12:896,X,-910751,-15.51,TPOS,-293546,-5.0000,617205,10.5129
2026-01-22 13:37:13:103,X,-910751,-15.51,TPOS_S,-,-,-,-
2026-01-22 13:37:18:525,X,-293625,-5.00,TPOS_E,-293546,-5.0000,79,0.0013
2026-01-22 13:37:18:951,X,-293625,-5.00,TPOS,-910277,-15.5048,-616652,-10.5035
2026-01-22 13:37:19:137,X,-293625,-5.00,TPOS_S,-,-,-,-
2026-01-22 13:37:22:551,X,-910746,-15.51,TPOS_E,-910277,-15.5048,469,0.0080
2026-01-22 13:37:22:976,X,-910746,-15.51,TPOS,-293546,-5.0000,617200,10.5128
2026-01-22 13:37:23:162,X,-910746,-15.51,TPOS_S,-,-,-,-
2026-01-22 13:37:27:574,Z,-440126,-5.00,TPOS_E,-440320,-5.0000,-194,-0.0022
2026-01-22 13:37:27:998,Z,-440126,-5.00,TPOS,-3875502,-44.0078,-3435376,-39.0100
2026-01-22 13:37:28:203,Z,-440126,-5.00,TPOS_S,-,-,-,-
2026-01-22 13:37:28:406,X,-293644,-5.00,TPOS_E,-293546,-5.0000,98,0.0017
2026-01-22 13:37:28:830,X,-293644,-5.00,TPOS,-910277,-15.5048,-616633,-10.5032
2026-01-22 13:37:29:018,X,-293644,-5.00,TPOS_S,-,-,-,-
2026-01-22 13:37:32:429,X,-910756,-15.51,TPOS_E,-910277,-15.5048,479,0.0082
2026-01-22 13:37:32:854,X,-910756,-15.51,TPOS,-293546,-5.0000,617210,10.5130
2026-01-22 13:37:33:042,X,-910756,-15.51,TPOS_S,-,-,-,-
2026-01-22 13:37:38:261,X,-293666,-5.00,TPOS_E,-293546,-5.0000,120,0.0020
2026-01-22 13:37:38:685,X,-293666,-5.00,TPOS,-910277,-15.5048,-616611,-10.5028
2026-01-22 13:37:38:870,X,-293666,-5.00,TPOS_S,-,-,-,-
2026-01-22 13:37:42:282,X,-910760,-15.51,TPOS_E,-910277,-15.5048,483,0.0082
2026-01-22 13:37:42:711,X,-910760,-15.51,TPOS,-293546,-5.0000,617214,10.5130
2026-01-22 13:37:42:897,X,-910760,-15.51,TPOS_S,-,-,-,-
2026-01-22 13:37:45:908,Z,-3876281,-44.02,TPOS_E,-3875502,-44.0078,779,0.0088
2026-01-22 13:37:46:333,Z,-3876281,-44.02,TPOS,-440320,-5.0000,3435961,39.0166
2026-01-22 13:37:46:520,Z,-3876281,-44.02,TPOS_S,-,-,-,-
2026-01-22 13:37:48:127,X,-293638,-5.00,TPOS_E,-293546,-5.0000,92,0.0016
2026-01-22 13:37:48:553,X,-293638,-5.00,TPOS,-910277,-15.5048,-616639,-10.5033
2026-01-22 13:37:48:718,X,-293638,-5.00,TPOS_S,-,-,-,-
2026-01-22 13:37:52:130,X,-910757,-15.51,TPOS_E,-910277,-15.5048,480,0.0082
2026-01-22 13:37:52:556,X,-910757,-15.51,TPOS,-293546,-5.0000,617211,10.5130
2026-01-22 13:37:52:742,X,-910757,-15.51,TPOS_S,-,-,-,-
2026-01-22 13:37:58:160,X,-293637,-5.00,TPOS_E,-293546,-5.0000,91,0.0016
2026-01-22 13:37:58:585,X,-293637,-5.00,TPOS,-910277,-15.5048,-616640,-10.5033
2026-01-22 13:37:58:754,X,-293637,-5.00,TPOS_S,-,-,-,-
2026-01-22 13:38:02:165,X,-910746,-15.51,TPOS_E,-910277,-15.5048,469,0.0080
2026-01-22 13:38:02:590,X,-910746,-15.51,TPOS,-293546,-5.0000,617200,10.5128
2026-01-22 13:38:02:782,X,-910746,-15.51,TPOS_S,-,-,-,-
2026-01-22 13:38:04:188,Z,-440165,-5.00,TPOS_E,-440320,-5.0000,-155,-0.0018
2026-01-22 13:38:04:612,Z,-440165,-5.00,TPOS,-3875502,-44.0078,-3435337,-39.0095
2026-01-22 13:38:04:797,Z,-440165,-5.00,TPOS_S,-,-,-,-
2026-01-22 13:38:08:208,X,-293628,-5.00,TPOS_E,-293546,-5.0000,82,0.0014
2026-01-22 13:38:08:637,X,-293628,-5.00,TPOS,-910277,-15.5048,-616649,-10.5034
2026-01-22 13:38:08:845,X,-293628,-5.00,TPOS_S,-,-,-,-
2026-01-22 13:38:12:257,X,-910754,-15.51,TPOS_E,-910277,-15.5048,477,0.0081
2026-01-22 13:38:12:682,X,-910754,-15.51,TPOS,-293546,-5.0000,617208,10.5129
2026-01-22 13:38:12:869,X,-910754,-15.51,TPOS_S,-,-,-,-
2026-01-22 13:38:18:288,X,-293620,-5.00,TPOS_E,-293546,-5.0000,74,0.0013
2026-01-22 13:38:18:715,X,-293620,-5.00,TPOS,-910277,-15.5048,-616657,-10.5036
2026-01-22 13:38:18:901,X,-293620,-5.00,TPOS_S,-,-,-,-
2026-01-22 13:38:22:312,X,-910749,-15.51,TPOS_E,-910277,-15.5048,472,0.0080
2026-01-22 13:38:22:313,Z,-3876315,-44.02,TPOS_E,-3875502,-44.0078,813,0.0092
2026-01-22 13:38:22:739,Z,-3876315,-44.02,TPOS,-440320,-5.0000,3435995,39.0170
2026-01-22 13:38:22:761,X,-910749,-15.51,TPOS,-293546,-5.0000,617203,10.5129
2026-01-22 13:38:22:928,Z,-3876315,-44.02,TPOS_S,-,-,-,-
2026-01-22 13:38:23:054,X,-910749,-15.51,TPOS_S,-,-,-,-
2026-01-22 13:38:28:471,X,-293628,-5.00,TPOS_E,-293546,-5.0000,82,0.0014
2026-01-22 13:38:28:895,X,-293628,-5.00,TPOS,-910277,-15.5048,-616649,-10.5034
2026-01-22 13:38:29:082,X,-293628,-5.00,TPOS_S,-,-,-,-
2026-01-22 13:38:32:494,X,-910752,-15.51,TPOS_E,-910277,-15.5048,475,0.0081
2026-01-22 13:38:32:917,X,-910752,-15.51,TPOS,-293546,-5.0000,617206,10.5129
2026-01-22 13:38:33:103,X,-910752,-15.51,TPOS_S,-,-,-,-
2026-01-22 13:38:38:518,X,-293627,-5.00,TPOS_E,-293546,-5.0000,81,0.0014
2026-01-22 13:38:38:944,X,-293627,-5.00,TPOS,-910277,-15.5048,-616650,-10.5034
2026-01-22 13:38:39:130,X,-293627,-5.00,TPOS_S,-,-,-,-
2026-01-22 13:38:40:539,Z,-440135,-5.00,TPOS_E,-440320,-5.0000,-185,-0.0021
2026-01-22 13:38:40:964,Z,-440135,-5.00,TPOS,-3875502,-44.0078,-3435367,-39.0099
2026-01-22 13:38:41:149,Z,-440135,-5.00,TPOS_S,-,-,-,-
2026-01-22 13:38:42:555,X,-910753,-15.51,TPOS_E,-910277,-15.5048,476,0.0081
2026-01-22 13:38:42:979,X,-910753,-15.51,TPOS,-293546,-5.0000,617207,10.5129
2026-01-22 13:38:43:166,X,-910753,-15.51,TPOS_S,-,-,-,-
2026-01-22 13:38:48:583,X,-293626,-5.00,TPOS_E,-293546,-5.0000,80,0.0014
2026-01-22 13:38:49:007,X,-293626,-5.00,TPOS,-910277,-15.5048,-616651,-10.5035
2026-01-22 13:38:49:193,X,-293626,-5.00,TPOS_S,-,-,-,-
2026-01-22 13:38:52:606,X,-910748,-15.51,TPOS_E,-910277,-15.5048,471,0.0080
2026-01-22 13:38:53:034,X,-910748,-15.51,TPOS,-293546,-5.0000,617202,10.5128
2026-01-22 13:38:53:220,X,-910748,-15.51,TPOS_S,-,-,-,-
2026-01-22 13:38:58:638,X,-293628,-5.00,TPOS_E,-293546,-5.0000,82,0.0014
2026-01-22 13:38:58:841,Z,-3876283,-44.02,TPOS_E,-3875502,-44.0078,781,0.0089
2026-01-22 13:38:59:065,X,-293628,-5.00,TPOS,-910277,-15.5048,-616649,-10.5034
2026-01-22 13:38:59:089,Z,-3876283,-44.02,TPOS,-440320,-5.0000,3435963,39.0167
2026-01-22 13:38:59:256,X,-293628,-5.00,TPOS_S,-,-,-,-
2026-01-22 13:38:59:385,Z,-3876283,-44.02,TPOS_S,-,-,-,-
2026-01-22 13:39:02:597,X,-910750,-15.51,TPOS_E,-910277,-15.5048,473,0.0081
2026-01-22 13:39:03:025,X,-910750,-15.51,TPOS,-293546,-5.0000,617204,10.5129
2026-01-22 13:39:03:211,X,-910750,-15.51,TPOS_S,-,-,-,-
2026-01-22 13:39:08:627,X,-293631,-5.00,TPOS_E,-293546,-5.0000,85,0.0014
2026-01-22 13:39:09:052,X,-293631,-5.00,TPOS,-910277,-15.5048,-616646,-10.5034
2026-01-22 13:39:09:242,X,-293631,-5.00,TPOS_S,-,-,-,-
2026-01-22 13:39:12:659,X,-910755,-15.51,TPOS_E,-910277,-15.5048,478,0.0081
2026-01-22 13:39:13:085,X,-910755,-15.51,TPOS,-293546,-5.0000,617209,10.5130
2026-01-22 13:39:13:273,X,-910755,-15.51,TPOS_S,-,-,-,-
2026-01-22 13:39:16:884,Z,-440144,-5.00,TPOS_E,-440320,-5.0000,-176,-0.0020
2026-01-22 13:39:17:309,Z,-440144,-5.00,TPOS,-3875502,-44.0078,-3435358,-39.0098
2026-01-22 13:39:17:499,Z,-440144,-5.00,TPOS_S,-,-,-,-
2026-01-22 13:39:18:705,X,-293637,-5.00,TPOS_E,-293546,-5.0000,91,0.0016
2026-01-22 13:39:19:129,X,-293637,-5.00,TPOS,-910277,-15.5048,-616640,-10.5033
2026-01-22 13:39:19:335,X,-293637,-5.00,TPOS_S,-,-,-,-
2026-01-22 13:39:22:746,X,-910748,-15.51,TPOS_E,-910277,-15.5048,471,0.0080
2026-01-22 13:39:23:171,X,-910748,-15.51,TPOS,-293546,-5.0000,617202,10.5128
2026-01-22 13:39:23:359,X,-910748,-15.51,TPOS_S,-,-,-,-
2026-01-22 13:39:28:773,X,-293636,-5.00,TPOS_E,-293546,-5.0000,90,0.0015
2026-01-22 13:39:29:203,X,-293636,-5.00,TPOS,-910277,-15.5048,-616641,-10.5033
2026-01-22 13:39:29:389,X,-293636,-5.00,TPOS_S,-,-,-,-
2026-01-22 13:39:32:801,X,-910759,-15.51,TPOS_E,-910277,-15.5048,482,0.0082
2026-01-22 13:39:33:226,X,-910759,-15.51,TPOS,-293546,-5.0000,617213,10.5130
2026-01-22 13:39:33:414,X,-910759,-15.51,TPOS_S,-,-,-,-
2026-01-22 13:39:35:026,Z,-3876276,-44.02,TPOS_E,-3875502,-44.0078,774,0.0088
2026-01-22 13:39:35:452,Z,-3876276,-44.02,TPOS,-440320,-5.0000,3435956,39.0166
2026-01-22 13:39:35:640,Z,-3876276,-44.02,TPOS_S,-,-,-,-
2026-01-22 13:39:38:852,X,-293629,-5.00,TPOS_E,-293546,-5.0000,83,0.0014
2026-01-22 13:39:39:279,X,-293629,-5.00,TPOS,-910277,-15.5048,-616648,-10.5034
2026-01-22 13:39:39:467,X,-293629,-5.00,TPOS_S,-,-,-,-
2026-01-22 13:39:42:877,X,-910736,-15.51,TPOS_E,-910277,-15.5048,459,0.0078
2026-01-22 13:39:43:302,X,-910736,-15.51,TPOS,-293546,-5.0000,617190,10.5126
2026-01-22 13:39:43:492,X,-910736,-15.51,TPOS_S,-,-,-,-
2026-01-22 13:39:48:908,X,-293633,-5.00,TPOS_E,-293546,-5.0000,87,0.0015
2026-01-22 13:39:49:337,X,-293633,-5.00,TPOS,-910277,-15.5048,-616644,-10.5033
2026-01-22 13:39:49:522,X,-293633,-5.00,TPOS_S,-,-,-,-
2026-01-22 13:39:52:935,X,-910741,-15.51,TPOS_E,-910277,-15.5048,464,0.0079
2026-01-22 13:39:53:141,Z,-440130,-5.00,TPOS_E,-440320,-5.0000,-190,-0.0022
2026-01-22 13:39:53:365,X,-910741,-15.51,TPOS,-293546,-5.0000,617195,10.5127
2026-01-22 13:39:53:387,Z,-440130,-5.00,TPOS,-3875502,-44.0078,-3435372,-39.0099
2026-01-22 13:39:53:554,X,-910741,-15.51,TPOS_S,-,-,-,-
2026-01-22 13:39:53:679,Z,-440130,-5.00,TPOS_S,-,-,-,-
2026-01-22 13:39:58:900,X,-293640,-5.00,TPOS_E,-293546,-5.0000,94,0.0016
2026-01-22 13:39:59:325,X,-293640,-5.00,TPOS,-910277,-15.5048,-616637,-10.5032
2026-01-22 13:39:59:514,X,-293640,-5.00,TPOS_S,-,-,-,-
2026-01-22 13:40:02:928,X,-910745,-15.51,TPOS_E,-910277,-15.5048,468,0.0080
2026-01-22 13:40:03:353,X,-910745,-15.51,TPOS,-293546,-5.0000,617199,10.5128
2026-01-22 13:40:03:540,X,-910745,-15.51,TPOS_S,-,-,-,-
2026-01-22 13:40:08:958,X,-293643,-5.00,TPOS_E,-293546,-5.0000,97,0.0017
2026-01-22 13:40:09:383,X,-293643,-5.00,TPOS,-910277,-15.5048,-616634,-10.5032
2026-01-22 13:40:09:589,X,-293643,-5.00,TPOS_S,-,-,-,-
2026-01-22 13:40:11:395,Z,-3876278,-44.02,TPOS_E,-3875502,-44.0078,776,0.0088
2026-01-22 13:40:11:821,Z,-3876278,-44.02,TPOS,-440320,-5.0000,3435958,39.0166
2026-01-22 13:40:12:008,Z,-3876278,-44.02,TPOS_S,-,-,-,-
2026-01-22 13:40:13:015,X,-910744,-15.51,TPOS_E,-910277,-15.5048,467,0.0080
2026-01-22 13:40:13:439,X,-910744,-15.51,TPOS,-293546,-5.0000,617198,10.5128
2026-01-22 13:40:13:629,X,-910744,-15.51,TPOS_S,-,-,-,-
2026-01-22 13:40:19:046,X,-293636,-5.00,TPOS_E,-293546,-5.0000,90,0.0015
2026-01-22 13:40:19:470,X,-293636,-5.00,TPOS,-910277,-15.5048,-616641,-10.5033
2026-01-22 13:40:19:656,X,-293636,-5.00,TPOS_S,-,-,-,-
2026-01-22 13:40:23:067,X,-910738,-15.51,TPOS_E,-910277,-15.5048,461,0.0079
2026-01-22 13:40:23:493,X,-910738,-15.51,TPOS,-293546,-5.0000,617192,10.5127
2026-01-22 13:40:23:681,X,-910738,-15.51,TPOS_S,-,-,-,-
2026-01-22 13:40:29:097,X,-293635,-5.00,TPOS_E,-293546,-5.0000,89,0.0015
2026-01-22 13:40:29:501,Z,-440100,-5.00,TPOS_E,-440320,-5.0000,-220,-0.0025
2026-01-22 13:40:29:523,X,-293635,-5.00,TPOS,-910277,-15.5048,-616642,-10.5033
2026-01-22 13:40:29:568,Z,-440100,-5.00,TPOS,-3875502,-44.0078,-3435402,-39.0103
2026-01-22 13:40:29:714,X,-293635,-5.00,TPOS_S,-,-,-,-
2026-01-22 13:40:29:838,Z,-440100,-5.00,TPOS_S,-,-,-,-
2026-01-22 13:40:33:249,X,-910727,-15.51,TPOS_E,-910277,-15.5048,450,0.0077
2026-01-22 13:40:33:674,X,-910727,-15.51,TPOS,-293546,-5.0000,617181,10.5125
2026-01-22 13:40:33:860,X,-910727,-15.51,TPOS_S,-,-,-,-
2026-01-22 13:40:39:274,X,-293644,-5.00,TPOS_E,-293546,-5.0000,98,0.0017
2026-01-22 13:40:39:702,X,-293644,-5.00,TPOS,-910277,-15.5048,-616633,-10.5032
2026-01-22 13:40:39:890,X,-293644,-5.00,TPOS_S,-,-,-,-
2026-01-22 13:40:43:305,X,-910728,-15.51,TPOS_E,-910277,-15.5048,451,0.0077
2026-01-22 13:40:43:731,X,-910728,-15.51,TPOS,-293546,-5.0000,617182,10.5125
2026-01-22 13:40:43:920,X,-910728,-15.51,TPOS_S,-,-,-,-
2026-01-22 13:40:47:535,Z,-3876260,-44.02,TPOS_E,-3875502,-44.0078,758,0.0086
2026-01-22 13:40:47:962,Z,-3876260,-44.02,TPOS,-440320,-5.0000,3435940,39.0164
2026-01-22 13:40:48:148,Z,-3876260,-44.02,TPOS_S,-,-,-,-
2026-01-22 13:40:49:354,X,-293635,-5.00,TPOS_E,-293546,-5.0000,89,0.0015
2026-01-22 13:40:49:779,X,-293635,-5.00,TPOS,-910277,-15.5048,-616642,-10.5033
2026-01-22 13:40:49:965,X,-293635,-5.00,TPOS_S,-,-,-,-
2026-01-22 13:40:53:376,X,-910742,-15.51,TPOS_E,-910277,-15.5048,465,0.0079
2026-01-22 13:40:53:801,X,-910742,-15.51,TPOS,-293546,-5.0000,617196,10.5127
2026-01-22 13:40:54:007,X,-910742,-15.51,TPOS_S,-,-,-,-
2026-01-22 13:40:59:423,X,-293644,-5.00,TPOS_E,-293546,-5.0000,98,0.0017
2026-01-22 13:40:59:848,X,-293644,-5.00,TPOS,-910277,-15.5048,-616633,-10.5032
2026-01-22 13:41:00:037,X,-293644,-5.00,TPOS_S,-,-,-,-
2026-01-22 13:41:03:450,X,-910742,-15.51,TPOS_E,-910277,-15.5048,465,0.0079
2026-01-22 13:41:03:877,X,-910742,-15.51,TPOS,-293546,-5.0000,617196,10.5127
2026-01-22 13:41:04:063,X,-910742,-15.51,TPOS_S,-,-,-,-
2026-01-22 13:41:05:669,Z,-440153,-5.00,TPOS_E,-440320,-5.0000,-167,-0.0019
2026-01-22 13:41:06:093,Z,-440153,-5.00,TPOS,-3875502,-44.0078,-3435349,-39.0097
2026-01-22 13:41:06:281,Z,-440153,-5.00,TPOS_S,-,-,-,-
2026-01-22 13:41:09:491,X,-293649,-5.00,TPOS_E,-293546,-5.0000,103,0.0018
2026-01-22 13:41:09:916,X,-293649,-5.00,TPOS,-910277,-15.5048,-616628,-10.5031
2026-01-22 13:41:10:102,X,-293649,-5.00,TPOS_S,-,-,-,-
2026-01-22 13:41:13:514,X,-910747,-15.51,TPOS_E,-910277,-15.5048,470,0.0080
2026-01-22 13:41:13:939,X,-910747,-15.51,TPOS,-293546,-5.0000,617201,10.5128
2026-01-22 13:41:14:126,X,-910747,-15.51,TPOS_S,-,-,-,-
2026-01-22 13:41:19:544,X,-293644,-5.00,TPOS_E,-293546,-5.0000,98,0.0017
2026-01-22 13:41:19:968,X,-293644,-5.00,TPOS,-910277,-15.5048,-616633,-10.5032
2026-01-22 13:41:20:154,X,-293644,-5.00,TPOS_S,-,-,-,-
2026-01-22 13:41:23:565,X,-910731,-15.51,TPOS_E,-910277,-15.5048,454,0.0077
2026-01-22 13:41:23:768,Z,-3876302,-44.02,TPOS_E,-3875502,-44.0078,800,0.0091
2026-01-22 13:41:23:991,X,-910731,-15.51,TPOS,-293546,-5.0000,617185,10.5126
2026-01-22 13:41:24:012,Z,-3876302,-44.02,TPOS,-440320,-5.0000,3435982,39.0169
2026-01-22 13:41:24:178,X,-910731,-15.51,TPOS_S,-,-,-,-
2026-01-22 13:41:24:304,Z,-3876302,-44.02,TPOS_S,-,-,-,-
2026-01-22 13:41:29:526,X,-293639,-5.00,TPOS_E,-293546,-5.0000,93,0.0016
2026-01-22 13:41:29:953,X,-293639,-5.00,TPOS,-910277,-15.5048,-616638,-10.5032
2026-01-22 13:41:30:140,X,-293639,-5.00,TPOS_S,-,-,-,-
2026-01-22 13:41:33:551,X,-910747,-15.51,TPOS_E,-910277,-15.5048,470,0.0080
2026-01-22 13:41:33:975,X,-910747,-15.51,TPOS,-293546,-5.0000,617201,10.5128
2026-01-22 13:41:34:162,X,-910747,-15.51,TPOS_S,-,-,-,-
2026-01-22 13:41:39:581,X,-293645,-5.00,TPOS_E,-293546,-5.0000,99,0.0017
2026-01-22 13:41:40:006,X,-293645,-5.00,TPOS,-910277,-15.5048,-616632,-10.5031
2026-01-22 13:41:40:193,X,-293645,-5.00,TPOS_S,-,-,-,-
2026-01-22 13:41:41:804,Z,-440146,-5.00,TPOS_E,-440320,-5.0000,-174,-0.0020
2026-01-22 13:41:42:229,Z,-440146,-5.00,TPOS,-3875502,-44.0078,-3435356,-39.0098
2026-01-22 13:41:42:414,Z,-440146,-5.00,TPOS_S,-,-,-,-
2026-01-22 13:41:43:619,X,-910739,-15.51,TPOS_E,-910277,-15.5048,462,0.0079
2026-01-22 13:41:44:046,X,-910739,-15.51,TPOS,-293546,-5.0000,617193,10.5127
2026-01-22 13:41:44:231,X,-910739,-15.51,TPOS_S,-,-,-,-
2026-01-22 13:41:49:647,X,-293651,-5.00,TPOS_E,-293546,-5.0000,105,0.0018
2026-01-22 13:41:50:072,X,-293651,-5.00,TPOS,-910277,-15.5048,-616626,-10.5030
2026-01-22 13:41:50:258,X,-293651,-5.00,TPOS_S,-,-,-,-
2026-01-22 13:41:53:668,X,-910746,-15.51,TPOS_E,-910277,-15.5048,469,0.0080
2026-01-22 13:41:54:092,X,-910746,-15.51,TPOS,-293546,-5.0000,617200,10.5128
2026-01-22 13:41:54:301,X,-910746,-15.51,TPOS_S,-,-,-,-
2026-01-22 13:41:59:716,X,-293649,-5.00,TPOS_E,-293546,-5.0000,103,0.0018
2026-01-22 13:42:00:120,Z,-3876283,-44.02,TPOS_E,-3875502,-44.0078,781,0.0089
2026-01-22 13:42:00:142,X,-293649,-5.00,TPOS,-910277,-15.5048,-616628,-10.5031
2026-01-22 13:42:00:186,Z,-3876283,-44.02,TPOS,-440320,-5.0000,3435963,39.0167
2026-01-22 13:42:00:332,X,-293649,-5.00,TPOS_S,-,-,-,-
2026-01-22 13:42:00:457,Z,-3876283,-44.02,TPOS_S,-,-,-,-
2026-01-22 13:42:03:869,X,-910747,-15.51,TPOS_E,-910277,-15.5048,470,0.0080
2026-01-22 13:42:04:294,X,-910747,-15.51,TPOS,-293546,-5.0000,617201,10.5128
2026-01-22 13:42:04:484,X,-910747,-15.51,TPOS_S,-,-,-,-
2026-01-22 13:42:09:903,X,-293655,-5.00,TPOS_E,-293546,-5.0000,109,0.0019
2026-01-22 13:42:10:333,X,-293655,-5.00,TPOS,-910277,-15.5048,-616622,-10.5030
2026-01-22 13:42:10:520,X,-293655,-5.00,TPOS_S,-,-,-,-
2026-01-22 13:42:13:932,X,-910732,-15.51,TPOS_E,-910277,-15.5048,455,0.0078
2026-01-22 13:42:14:357,X,-910732,-15.51,TPOS,-293546,-5.0000,617186,10.5126
2026-01-22 13:42:14:544,X,-910732,-15.51,TPOS_S,-,-,-,-
2026-01-22 13:42:17:958,Z,-440160,-5.00,TPOS_E,-440320,-5.0000,-160,-0.0018
2026-01-22 13:42:18:383,Z,-440160,-5.00,TPOS,-3875502,-44.0078,-3435342,-39.0096
2026-01-22 13:42:18:572,Z,-440160,-5.00,TPOS_S,-,-,-,-
2026-01-22 13:42:19:977,X,-293657,-5.00,TPOS_E,-293546,-5.0000,111,0.0019
2026-01-22 13:42:20:403,X,-293657,-5.00,TPOS,-910277,-15.5048,-616620,-10.5029
2026-01-22 13:42:20:589,X,-293657,-5.00,TPOS_S,-,-,-,-
2026-01-22 13:42:24:005,X,-910736,-15.51,TPOS_E,-910277,-15.5048,459,0.0078
2026-01-22 13:42:24:429,X,-910736,-15.51,TPOS,-293546,-5.0000,617190,10.5126
2026-01-22 13:42:24:617,X,-910736,-15.51,TPOS_S,-,-,-,-
2026-01-22 13:42:30:034,X,-293648,-5.00,TPOS_E,-293546,-5.0000,102,0.0017
2026-01-22 13:42:30:461,X,-293648,-5.00,TPOS,-910277,-15.5048,-616629,-10.5031
2026-01-22 13:42:30:669,X,-293648,-5.00,TPOS_S,-,-,-,-
2026-01-22 13:42:34:079,X,-910725,-15.51,TPOS_E,-910277,-15.5048,448,0.0076
2026-01-22 13:42:34:503,X,-910725,-15.51,TPOS,-293546,-5.0000,617179,10.5125
2026-01-22 13:42:34:709,X,-910725,-15.51,TPOS_S,-,-,-,-
2026-01-22 13:42:36:115,Z,-3876284,-44.02,TPOS_E,-3875502,-44.0078,782,0.0089
2026-01-22 13:42:36:540,Z,-3876284,-44.02,TPOS,-440320,-5.0000,3435964,39.0167
2026-01-22 13:42:36:726,Z,-3876284,-44.02,TPOS_S,-,-,-,-
2026-01-22 13:42:40:138,X,-293646,-5.00,TPOS_E,-293546,-5.0000,100,0.0017
2026-01-22 13:42:40:564,X,-293646,-5.00,TPOS,-910277,-15.5048,-616631,-10.5031
2026-01-22 13:42:40:749,X,-293646,-5.00,TPOS_S,-,-,-,-
2026-01-22 13:42:44:161,X,-910723,-15.51,TPOS_E,-910277,-15.5048,446,0.0076
2026-01-22 13:42:44:586,X,-910723,-15.51,TPOS,-293546,-5.0000,617177,10.5124
2026-01-22 13:42:44:777,X,-910723,-15.51,TPOS_S,-,-,-,-
2026-01-22 13:42:50:194,X,-293658,-5.00,TPOS_E,-293546,-5.0000,112,0.0019
2026-01-22 13:42:50:618,X,-293658,-5.00,TPOS,-910277,-15.5048,-616619,-10.5029
2026-01-22 13:42:50:808,X,-293658,-5.00,TPOS_S,-,-,-,-
2026-01-22 13:42:54:220,X,-910713,-15.51,TPOS_E,-910277,-15.5048,436,0.0074
2026-01-22 13:42:54:221,Z,-440182,-5.00,TPOS_E,-440320,-5.0000,-138,-0.0016
2026-01-22 13:42:54:646,Z,-440182,-5.00,TPOS,-3875502,-44.0078,-3435320,-39.0094
2026-01-22 13:42:54:668,X,-910713,-15.51,TPOS,-293546,-5.0000,617167,10.5122
2026-01-22 13:42:54:835,Z,-440182,-5.00,TPOS_S,-,-,-,-
2026-01-22 13:42:54:960,X,-910713,-15.51,TPOS_S,-,-,-,-
2026-01-22 13:43:00:381,X,-293657,-5.00,TPOS_E,-293546,-5.0000,111,0.0019
2026-01-22 13:43:00:807,X,-293657,-5.00,TPOS,-910277,-15.5048,-616620,-10.5029
2026-01-22 13:43:00:993,X,-293657,-5.00,TPOS_S,-,-,-,-
2026-01-22 13:43:04:406,X,-910731,-15.51,TPOS_E,-910277,-15.5048,454,0.0077
2026-01-22 13:43:04:835,X,-910731,-15.51,TPOS,-293546,-5.0000,617185,10.5126
2026-01-22 13:43:05:021,X,-910731,-15.51,TPOS_S,-,-,-,-
2026-01-22 13:43:10:439,X,-293650,-5.00,TPOS_E,-293546,-5.0000,104,0.0018
2026-01-22 13:43:10:864,X,-293650,-5.00,TPOS,-910277,-15.5048,-616627,-10.5030
2026-01-22 13:43:11:050,X,-293650,-5.00,TPOS_S,-,-,-,-
2026-01-22 13:43:12:454,Z,-3876292,-44.02,TPOS_E,-3875502,-44.0078,790,0.0090
2026-01-22 13:43:12:879,Z,-3876292,-44.02,TPOS,-440320,-5.0000,3435972,39.0168
2026-01-22 13:43:13:066,Z,-3876292,-44.02,TPOS_S,-,-,-,-
2026-01-22 13:43:14:471,X,-910733,-15.51,TPOS_E,-910277,-15.5048,456,0.0078
2026-01-22 13:43:14:897,X,-910733,-15.51,TPOS,-293546,-5.0000,617187,10.5126
2026-01-22 13:43:15:086,X,-910733,-15.51,TPOS_S,-,-,-,-
2026-01-22 13:43:20:503,X,-293650,-5.00,TPOS_E,-293546,-5.0000,104,0.0018
2026-01-22 13:43:20:928,X,-293650,-5.00,TPOS,-910277,-15.5048,-616627,-10.5030
2026-01-22 13:43:21:116,X,-293650,-5.00,TPOS_S,-,-,-,-
2026-01-22 13:43:24:526,X,-910750,-15.51,TPOS_E,-910277,-15.5048,473,0.0081
2026-01-22 13:43:24:950,X,-910750,-15.51,TPOS,-293546,-5.0000,617204,10.5129
2026-01-22 13:43:25:138,X,-910750,-15.51,TPOS_S,-,-,-,-
2026-01-22 13:43:30:555,X,-293656,-5.00,TPOS_E,-293546,-5.0000,110,0.0019
2026-01-22 13:43:30:556,Z,-440114,-5.00,TPOS_E,-440320,-5.0000,-206,-0.0023
2026-01-22 13:43:30:982,Z,-440114,-5.00,TPOS,-3875502,-44.0078,-3435388,-39.0101
2026-01-22 13:43:31:003,X,-293656,-5.00,TPOS,-910277,-15.5048,-616621,-10.5029
2026-01-22 13:43:31:173,Z,-440114,-5.00,TPOS_S,-,-,-,-
2026-01-22 13:43:31:302,X,-293656,-5.00,TPOS_S,-,-,-,-
2026-01-22 13:43:34:715,X,-910739,-15.51,TPOS_E,-910277,-15.5048,462,0.0079
2026-01-22 13:43:35:141,X,-910739,-15.51,TPOS,-293546,-5.0000,617193,10.5127
2026-01-22 13:43:35:328,X,-910739,-15.51,TPOS_S,-,-,-,-
2026-01-22 13:43:40:748,X,-293660,-5.00,TPOS_E,-293546,-5.0000,114,0.0019
2026-01-22 13:43:41:175,X,-293660,-5.00,TPOS,-910277,-15.5048,-616617,-10.5029
2026-01-22 13:43:41:382,X,-293660,-5.00,TPOS_S,-,-,-,-
2026-01-22 13:43:44:793,X,-910735,-15.51,TPOS_E,-910277,-15.5048,458,0.0078
2026-01-22 13:43:45:219,X,-910735,-15.51,TPOS,-293546,-5.0000,617189,10.5126
2026-01-22 13:43:45:424,X,-910735,-15.51,TPOS_S,-,-,-,-
2026-01-22 13:43:48:837,Z,-3876273,-44.02,TPOS_E,-3875502,-44.0078,771,0.0088
2026-01-22 13:43:49:261,Z,-3876273,-44.02,TPOS,-440320,-5.0000,3435953,39.0165
2026-01-22 13:43:49:467,Z,-3876273,-44.02,TPOS_S,-,-,-,-
2026-01-22 13:43:50:873,X,-293668,-5.00,TPOS_E,-293546,-5.0000,122,0.0021
2026-01-22 13:43:51:298,X,-293668,-5.00,TPOS,-910277,-15.5048,-616609,-10.5027
2026-01-22 13:43:51:484,X,-293668,-5.00,TPOS_S,-,-,-,-
2026-01-22 13:43:54:898,X,-910740,-15.51,TPOS_E,-910277,-15.5048,463,0.0079
2026-01-22 13:43:55:323,X,-910740,-15.51,TPOS,-293546,-5.0000,617194,10.5127
2026-01-22 13:43:55:509,X,-910740,-15.51,TPOS_S,-,-,-,-
2026-01-22 13:44:00:926,X,-293659,-5.00,TPOS_E,-293546,-5.0000,113,0.0019
2026-01-22 13:44:01:350,X,-293659,-5.00,TPOS,-910277,-15.5048,-616618,-10.5029
2026-01-22 13:44:01:536,X,-293659,-5.00,TPOS_S,-,-,-,-
2026-01-22 13:44:04:948,X,-910740,-15.51,TPOS_E,-910277,-15.5048,463,0.0079
2026-01-22 13:44:05:374,X,-910740,-15.51,TPOS,-293546,-5.0000,617194,10.5127
2026-01-22 13:44:05:560,X,-910740,-15.51,TPOS_S,-,-,-,-
2026-01-22 13:44:06:967,Z,-440144,-5.00,TPOS_E,-440320,-5.0000,-176,-0.0020
2026-01-22 13:44:07:391,Z,-440144,-5.00,TPOS,-3875502,-44.0078,-3435358,-39.0098
2026-01-22 13:44:07:597,Z,-440144,-5.00,TPOS_S,-,-,-,-
2026-01-22 13:44:11:010,X,-293664,-5.00,TPOS_E,-293546,-5.0000,118,0.0020
2026-01-22 13:44:11:434,X,-293664,-5.00,TPOS,-910277,-15.5048,-616613,-10.5028
2026-01-22 13:44:11:646,X,-293664,-5.00,TPOS_S,-,-,-,-
2026-01-22 13:44:15:058,X,-910730,-15.51,TPOS_E,-910277,-15.5048,453,0.0077
2026-01-22 13:44:15:483,X,-910730,-15.51,TPOS,-293546,-5.0000,617184,10.5125
2026-01-22 13:44:15:670,X,-910730,-15.51,TPOS_S,-,-,-,-
2026-01-22 13:44:21:089,X,-293653,-5.00,TPOS_E,-293546,-5.0000,107,0.0018
2026-01-22 13:44:21:513,X,-293653,-5.00,TPOS,-910277,-15.5048,-616624,-10.5030
2026-01-22 13:44:21:704,X,-293653,-5.00,TPOS_S,-,-,-,-
2026-01-22 13:44:25:115,X,-910745,-15.51,TPOS_E,-910277,-15.5048,468,0.0080
2026-01-22 13:44:25:116,Z,-3876325,-44.02,TPOS_E,-3875502,-44.0078,823,0.0093
2026-01-22 13:44:25:543,Z,-3876325,-44.02,TPOS,-440320,-5.0000,3436005,39.0171
2026-01-22 13:44:25:563,X,-910745,-15.51,TPOS,-293546,-5.0000,617199,10.5128
2026-01-22 13:44:25:732,Z,-3876325,-44.02,TPOS_S,-,-,-,-
2026-01-22 13:44:25:859,X,-910745,-15.51,TPOS_S,-,-,-,-
2026-01-22 13:44:31:283,X,-293657,-5.00,TPOS_E,-293546,-5.0000,111,0.0019
2026-01-22 13:44:31:706,X,-293657,-5.00,TPOS,-910277,-15.5048,-616620,-10.5029
2026-01-22 13:44:31:892,X,-293657,-5.00,TPOS_S,-,-,-,-
2026-01-22 13:44:35:307,X,-910746,-15.51,TPOS_E,-910277,-15.5048,469,0.0080
2026-01-22 13:44:35:734,X,-910746,-15.51,TPOS,-293546,-5.0000,617200,10.5128
2026-01-22 13:44:35:918,X,-910746,-15.51,TPOS_S,-,-,-,-
2026-01-22 13:44:41:337,X,-293662,-5.00,TPOS_E,-293546,-5.0000,116,0.0020
2026-01-22 13:44:41:761,X,-293662,-5.00,TPOS,-910277,-15.5048,-616615,-10.5028
2026-01-22 13:44:41:948,X,-293662,-5.00,TPOS_S,-,-,-,-
2026-01-22 13:44:43:356,Z,-440135,-5.00,TPOS_E,-440320,-5.0000,-185,-0.0021
2026-01-22 13:44:43:781,Z,-440135,-5.00,TPOS,-3875502,-44.0078,-3435367,-39.0099
2026-01-22 13:44:43:948,Z,-440135,-5.00,TPOS_S,-,-,-,-
2026-01-22 13:44:45:355,X,-910715,-15.51,TPOS_E,-910277,-15.5048,438,0.0075
2026-01-22 13:44:45:779,X,-910715,-15.51,TPOS,-293546,-5.0000,617169,10.5123
2026-01-22 13:44:45:964,X,-910715,-15.51,TPOS_S,-,-,-,-
2026-01-22 13:44:51:380,X,-293656,-5.00,TPOS_E,-293546,-5.0000,110,0.0019
2026-01-22 13:44:51:805,X,-293656,-5.00,TPOS,-910277,-15.5048,-616621,-10.5029
2026-01-22 13:44:51:989,X,-293656,-5.00,TPOS_S,-,-,-,-
2026-01-22 13:44:55:403,X,-910729,-15.51,TPOS_E,-910277,-15.5048,452,0.0077
2026-01-22 13:44:55:831,X,-910729,-15.51,TPOS,-293546,-5.0000,617183,10.5125
2026-01-22 13:44:55:998,X,-910729,-15.51,TPOS_S,-,-,-,-
2026-01-22 13:45:01:414,X,-293655,-5.00,TPOS_E,-293546,-5.0000,109,0.0019
2026-01-22 13:45:01:618,Z,-3876301,-44.02,TPOS_E,-3875502,-44.0078,799,0.0091
2026-01-22 13:45:01:841,X,-293655,-5.00,TPOS,-910277,-15.5048,-616622,-10.5030
2026-01-22 13:45:01:863,Z,-3876301,-44.02,TPOS,-440320,-5.0000,3435981,39.0169
2026-01-22 13:45:02:034,X,-293655,-5.00,TPOS_S,-,-,-,-
2026-01-22 13:45:02:162,Z,-3876301,-44.02,TPOS_S,-,-,-,-
2026-01-22 13:45:05:573,X,-910722,-15.51,TPOS_E,-910277,-15.5048,445,0.0076
2026-01-22 13:45:05:999,X,-910722,-15.51,TPOS,-293546,-5.0000,617176,10.5124
2026-01-22 13:45:06:185,X,-910722,-15.51,TPOS_S,-,-,-,-
2026-01-22 13:45:11:604,X,-293670,-5.00,TPOS_E,-293546,-5.0000,124,0.0021
2026-01-22 13:45:12:030,X,-293670,-5.00,TPOS,-910277,-15.5048,-616607,-10.5027
2026-01-22 13:45:12:214,X,-293670,-5.00,TPOS_S,-,-,-,-
2026-01-22 13:45:15:624,X,-910729,-15.51,TPOS_E,-910277,-15.5048,452,0.0077
2026-01-22 13:45:16:051,X,-910729,-15.51,TPOS,-293546,-5.0000,617183,10.5125
2026-01-22 13:45:16:237,X,-910729,-15.51,TPOS_S,-,-,-,-
2026-01-22 13:45:19:651,Z,-440142,-5.00,TPOS_E,-440320,-5.0000,-178,-0.0020
2026-01-22 13:45:20:081,Z,-440142,-5.00,TPOS,-3875502,-44.0078,-3435360,-39.0098
2026-01-22 13:45:20:266,Z,-440142,-5.00,TPOS_S,-,-,-,-
2026-01-22 13:45:21:672,X,-293659,-5.00,TPOS_E,-293546,-5.0000,113,0.0019
2026-01-22 13:45:22:100,X,-293659,-5.00,TPOS,-910277,-15.5048,-616618,-10.5029
2026-01-22 13:45:22:286,X,-293659,-5.00,TPOS_S,-,-,-,-
2026-01-22 13:45:25:699,X,-910730,-15.51,TPOS_E,-910277,-15.5048,453,0.0077
2026-01-22 13:45:26:124,X,-910730,-15.51,TPOS,-293546,-5.0000,617184,10.5125
2026-01-22 13:45:26:313,X,-910730,-15.51,TPOS_S,-,-,-,-
2026-01-22 13:45:31:728,X,-293662,-5.00,TPOS_E,-293546,-5.0000,116,0.0020
2026-01-22 13:45:32:154,X,-293662,-5.00,TPOS,-910277,-15.5048,-616615,-10.5028
2026-01-22 13:45:32:364,X,-293662,-5.00,TPOS_S,-,-,-,-
2026-01-22 13:45:35:775,X,-910730,-15.51,TPOS_E,-910277,-15.5048,453,0.0077
2026-01-22 13:45:36:200,X,-910730,-15.51,TPOS,-293546,-5.0000,617184,10.5125
2026-01-22 13:45:36:387,X,-910730,-15.51,TPOS_S,-,-,-,-
2026-01-22 13:45:37:798,Z,-3876299,-44.02,TPOS_E,-3875502,-44.0078,797,0.0091
2026-01-22 13:45:38:227,Z,-3876299,-44.02,TPOS,-440320,-5.0000,3435979,39.0168
2026-01-22 13:45:38:413,Z,-3876299,-44.02,TPOS_S,-,-,-,-
2026-01-22 13:45:41:825,X,-293664,-5.00,TPOS_E,-293546,-5.0000,118,0.0020
2026-01-22 13:45:42:250,X,-293664,-5.00,TPOS,-910277,-15.5048,-616613,-10.5028
2026-01-22 13:45:42:456,X,-293664,-5.00,TPOS_S,-,-,-,-
2026-01-22 13:45:45:867,X,-910721,-15.51,TPOS_E,-910277,-15.5048,444,0.0076
2026-01-22 13:45:46:292,X,-910721,-15.51,TPOS,-293546,-5.0000,617175,10.5124
2026-01-22 13:45:46:478,X,-910721,-15.51,TPOS_S,-,-,-,-
2026-01-22 13:45:51:899,X,-293666,-5.00,TPOS_E,-293546,-5.0000,120,0.0020
2026-01-22 13:45:52:324,X,-293666,-5.00,TPOS,-910277,-15.5048,-616611,-10.5028
2026-01-22 13:45:52:492,X,-293666,-5.00,TPOS_S,-,-,-,-
2026-01-22 13:45:55:904,Z,-440155,-5.00,TPOS_E,-440320,-5.0000,-165,-0.0019
2026-01-22 13:45:55:905,X,-910742,-15.51,TPOS_E,-910277,-15.5048,465,0.0079
2026-01-22 13:45:56:335,Z,-440155,-5.00,TPOS,-3875502,-44.0078,-3435347,-39.0097
2026-01-22 13:45:56:356,X,-910742,-15.51,TPOS,-293546,-5.0000,617196,10.5127
2026-01-22 13:45:56:520,Z,-440155,-5.00,TPOS_S,-,-,-,-
2026-01-22 13:45:56:645,X,-910742,-15.51,TPOS_S,-,-,-,-
2026-01-22 13:46:02:062,X,-293684,-5.00,TPOS_E,-293546,-5.0000,138,0.0024
2026-01-22 13:46:02:488,X,-293684,-5.00,TPOS,-910277,-15.5048,-616593,-10.5025
2026-01-22 13:46:02:676,X,-293684,-5.00,TPOS_S,-,-,-,-
2026-01-22 13:46:06:091,X,-910731,-15.51,TPOS_E,-910277,-15.5048,454,0.0077
2026-01-22 13:46:06:515,X,-910731,-15.51,TPOS,-293546,-5.0000,617185,10.5126
2026-01-22 13:46:06:700,X,-910731,-15.51,TPOS_S,-,-,-,-
2026-01-22 13:46:12:117,X,-293659,-5.00,TPOS_E,-293546,-5.0000,113,0.0019
2026-01-22 13:46:12:542,X,-293659,-5.00,TPOS,-910277,-15.5048,-616618,-10.5029
2026-01-22 13:46:12:734,X,-293659,-5.00,TPOS_S,-,-,-,-
2026-01-22 13:46:14:140,Z,-3876310,-44.02,TPOS_E,-3875502,-44.0078,808,0.0092
2026-01-22 13:46:14:564,Z,-3876310,-44.02,TPOS,-440320,-5.0000,3435990,39.0170
2026-01-22 13:46:14:750,Z,-3876310,-44.02,TPOS_S,-,-,-,-
2026-01-22 13:46:16:157,X,-910740,-15.51,TPOS_E,-910277,-15.5048,463,0.0079
2026-01-22 13:46:16:584,X,-910740,-15.51,TPOS,-293546,-5.0000,617194,10.5127
2026-01-22 13:46:16:771,X,-910740,-15.51,TPOS_S,-,-,-,-
2026-01-22 13:46:22:190,X,-293663,-5.00,TPOS_E,-293546,-5.0000,117,0.0020
2026-01-22 13:46:22:616,X,-293663,-5.00,TPOS,-910277,-15.5048,-616614,-10.5028
2026-01-22 13:46:22:804,X,-293663,-5.00,TPOS_S,-,-,-,-
2026-01-22 13:46:26:214,X,-910729,-15.51,TPOS_E,-910277,-15.5048,452,0.0077
2026-01-22 13:46:26:640,X,-910729,-15.51,TPOS,-293546,-5.0000,617183,10.5125
2026-01-22 13:46:26:830,X,-910729,-15.51,TPOS_S,-,-,-,-
2026-01-22 13:46:32:249,X,-293676,-5.00,TPOS_E,-293546,-5.0000,130,0.0022
2026-01-22 13:46:32:250,Z,-440125,-5.00,TPOS_E,-440320,-5.0000,-195,-0.0022
2026-01-22 13:46:32:681,Z,-440125,-5.00,TPOS,-3875502,-44.0078,-3435377,-39.0100
2026-01-22 13:46:32:702,X,-293676,-5.00,TPOS,-910277,-15.5048,-616601,-10.5026
2026-01-22 13:46:32:868,Z,-440125,-5.00,TPOS_S,-,-,-,-
2026-01-22 13:46:32:994,X,-293676,-5.00,TPOS_S,-,-,-,-
2026-01-22 13:46:36:405,X,-910729,-15.51,TPOS_E,-910277,-15.5048,452,0.0077
2026-01-22 13:46:36:833,X,-910729,-15.51,TPOS,-293546,-5.0000,617183,10.5125
2026-01-22 13:46:37:019,X,-910729,-15.51,TPOS_S,-,-,-,-
2026-01-22 13:46:42:435,X,-293671,-5.00,TPOS_E,-293546,-5.0000,125,0.0021
2026-01-22 13:46:42:860,X,-293671,-5.00,TPOS,-910277,-15.5048,-616606,-10.5027
2026-01-22 13:46:43:045,X,-293671,-5.00,TPOS_S,-,-,-,-
2026-01-22 13:46:46:457,X,-910723,-15.51,TPOS_E,-910277,-15.5048,446,0.0076
2026-01-22 13:46:46:885,X,-910723,-15.51,TPOS,-293546,-5.0000,617177,10.5124
2026-01-22 13:46:47:071,X,-910723,-15.51,TPOS_S,-,-,-,-
2026-01-22 13:46:50:485,Z,-3876284,-44.02,TPOS_E,-3875502,-44.0078,782,0.0089
2026-01-22 13:46:50:909,Z,-3876284,-44.02,TPOS,-440320,-5.0000,3435964,39.0167
2026-01-22 13:46:51:095,Z,-3876284,-44.02,TPOS_S,-,-,-,-
2026-01-22 13:46:52:504,X,-293677,-5.00,TPOS_E,-293546,-5.0000,131,0.0022
2026-01-22 13:46:52:932,X,-293677,-5.00,TPOS,-910277,-15.5048,-616600,-10.5026
2026-01-22 13:46:53:119,X,-293677,-5.00,TPOS_S,-,-,-,-
2026-01-22 13:46:56:531,X,-910722,-15.51,TPOS_E,-910277,-15.5048,445,0.0076
2026-01-22 13:46:56:959,X,-910722,-15.51,TPOS,-293546,-5.0000,617176,10.5124
2026-01-22 13:46:57:147,X,-910722,-15.51,TPOS_S,-,-,-,-
2026-01-22 13:47:02:566,X,-293666,-5.00,TPOS_E,-293546,-5.0000,120,0.0020
2026-01-22 13:47:02:992,X,-293666,-5.00,TPOS,-910277,-15.5048,-616611,-10.5028
2026-01-22 13:47:03:180,X,-293666,-5.00,TPOS_S,-,-,-,-
2026-01-22 13:47:06:591,X,-910724,-15.51,TPOS_E,-910277,-15.5048,447,0.0076
2026-01-22 13:47:07:017,X,-910724,-15.51,TPOS,-293546,-5.0000,617178,10.5124
2026-01-22 13:47:07:203,X,-910724,-15.51,TPOS_S,-,-,-,-
2026-01-22 13:47:08:608,Z,-440148,-5.00,TPOS_E,-440320,-5.0000,-172,-0.0020
2026-01-22 13:47:09:032,Z,-440148,-5.00,TPOS,-3875502,-44.0078,-3435354,-39.0097
2026-01-22 13:47:09:221,Z,-440148,-5.00,TPOS_S,-,-,-,-
2026-01-22 13:47:12:630,X,-293669,-5.00,TPOS_E,-293546,-5.0000,123,0.0021
2026-01-22 13:47:13:055,X,-293669,-5.00,TPOS,-910277,-15.5048,-616608,-10.5027
2026-01-22 13:47:13:241,X,-293669,-5.00,TPOS_S,-,-,-,-
2026-01-22 13:47:16:653,X,-910717,-15.51,TPOS_E,-910277,-15.5048,440,0.0075
2026-01-22 13:47:17:077,X,-910717,-15.51,TPOS,-293546,-5.0000,617171,10.5123
2026-01-22 13:47:17:264,X,-910717,-15.51,TPOS_S,-,-,-,-
2026-01-22 13:47:22:683,X,-293657,-5.00,TPOS_E,-293546,-5.0000,111,0.0019
2026-01-22 13:47:23:108,X,-293657,-5.00,TPOS,-910277,-15.5048,-616620,-10.5029
2026-01-22 13:47:23:295,X,-293657,-5.00,TPOS_S,-,-,-,-
2026-01-22 13:47:26:707,Z,-3876298,-44.02,TPOS_E,-3875502,-44.0078,796,0.0090
2026-01-22 13:47:26:712,X,-910718,-15.51,TPOS_E,-910277,-15.5048,441,0.0075
2026-01-22 13:47:27:142,Z,-3876298,-44.02,TPOS,-440320,-5.0000,3435978,39.0168
2026-01-22 13:47:27:163,X,-910718,-15.51,TPOS,-293546,-5.0000,617172,10.5123
2026-01-22 13:47:27:328,Z,-3876298,-44.02,TPOS_S,-,-,-,-
2026-01-22 13:47:27:475,X,-910718,-15.51,TPOS_S,-,-,-,-
2026-01-22 13:47:32:894,X,-293673,-5.00,TPOS_E,-293546,-5.0000,127,0.0022
2026-01-22 13:47:33:318,X,-293673,-5.00,TPOS,-910277,-15.5048,-616604,-10.5027
2026-01-22 13:47:33:526,X,-293673,-5.00,TPOS_S,-,-,-,-
2026-01-22 13:47:36:938,X,-910702,-15.51,TPOS_E,-910277,-15.5048,425,0.0072
2026-01-22 13:47:37:362,X,-910702,-15.51,TPOS,-293546,-5.0000,617156,10.5121
2026-01-22 13:47:37:548,X,-910702,-15.51,TPOS_S,-,-,-,-
2026-01-22 13:47:42:965,X,-293669,-5.00,TPOS_E,-293546,-5.0000,123,0.0021
2026-01-22 13:47:43:390,X,-293669,-5.00,TPOS,-910277,-15.5048,-616608,-10.5027
2026-01-22 13:47:43:578,X,-293669,-5.00,TPOS_S,-,-,-,-
2026-01-22 13:47:44:785,Z,-440121,-5.00,TPOS_E,-440320,-5.0000,-199,-0.0023
2026-01-22 13:47:45:210,Z,-440121,-5.00,TPOS,-3875502,-44.0078,-3435381,-39.0100
2026-01-22 13:47:45:400,Z,-440121,-5.00,TPOS_S,-,-,-,-
2026-01-22 13:47:47:006,X,-910698,-15.51,TPOS_E,-910277,-15.5048,421,0.0072
2026-01-22 13:47:47:430,X,-910698,-15.51,TPOS,-293546,-5.0000,617152,10.5120
2026-01-22 13:47:47:621,X,-910698,-15.51,TPOS_S,-,-,-,-
2026-01-22 13:47:53:038,X,-293670,-5.00,TPOS_E,-293546,-5.0000,124,0.0021
2026-01-22 13:47:53:463,X,-293670,-5.00,TPOS,-910277,-15.5048,-616607,-10.5027
2026-01-22 13:47:53:651,X,-293670,-5.00,TPOS_S,-,-,-,-
2026-01-22 13:47:57:063,X,-910709,-15.51,TPOS_E,-910277,-15.5048,432,0.0074
2026-01-22 13:47:57:490,X,-910709,-15.51,TPOS,-293546,-5.0000,617163,10.5122
2026-01-22 13:47:57:676,X,-910709,-15.51,TPOS_S,-,-,-,-
2026-01-22 13:48:02:892,Z,-3876282,-44.02,TPOS_E,-3875502,-44.0078,780,0.0089
2026-01-22 13:48:03:096,X,-293659,-5.00,TPOS_E,-293546,-5.0000,113,0.0019
2026-01-22 13:48:03:319,Z,-3876282,-44.02,TPOS,-440320,-5.0000,3435962,39.0166
2026-01-22 13:48:03:342,X,-293659,-5.00,TPOS,-910277,-15.5048,-616618,-10.5029
2026-01-22 13:48:03:507,Z,-3876282,-44.02,TPOS_S,-,-,-,-
2026-01-22 13:48:03:633,X,-293659,-5.00,TPOS_S,-,-,-,-
2026-01-22 13:48:07:044,X,-910698,-15.51,TPOS_E,-910277,-15.5048,421,0.0072
2026-01-22 13:48:07:470,X,-910698,-15.51,TPOS,-293546,-5.0000,617152,10.5120
2026-01-22 13:48:07:656,X,-910698,-15.51,TPOS_S,-,-,-,-
2026-01-22 13:48:13:076,X,-293682,-5.00,TPOS_E,-293546,-5.0000,136,0.0023
2026-01-22 13:48:13:504,X,-293682,-5.00,TPOS,-910277,-15.5048,-616595,-10.5025
2026-01-22 13:48:13:689,X,-293682,-5.00,TPOS_S,-,-,-,-
2026-01-22 13:48:17:104,X,-910710,-15.51,TPOS_E,-910277,-15.5048,433,0.0074
2026-01-22 13:48:17:529,X,-910710,-15.51,TPOS,-293546,-5.0000,617164,10.5122
2026-01-22 13:48:17:696,X,-910710,-15.51,TPOS_S,-,-,-,-
2026-01-22 13:48:21:110,Z,-440128,-5.00,TPOS_E,-440320,-5.0000,-192,-0.0022
2026-01-22 13:48:21:540,Z,-440128,-5.00,TPOS,-3875502,-44.0078,-3435374,-39.0100
2026-01-22 13:48:21:726,Z,-440128,-5.00,TPOS_S,-,-,-,-
2026-01-22 13:48:23:132,X,-293683,-5.00,TPOS_E,-293546,-5.0000,137,0.0023
2026-01-22 13:48:23:557,X,-293683,-5.00,TPOS,-910277,-15.5048,-616594,-10.5025
2026-01-22 13:48:23:744,X,-293683,-5.00,TPOS_S,-,-,-,-
2026-01-22 13:48:27:157,X,-910701,-15.51,TPOS_E,-910277,-15.5048,424,0.0072
2026-01-22 13:48:27:583,X,-910701,-15.51,TPOS,-293546,-5.0000,617155,10.5120
2026-01-22 13:48:27:790,X,-910701,-15.51,TPOS_S,-,-,-,-
2026-01-22 13:48:33:207,X,-293672,-5.00,TPOS_E,-293546,-5.0000,126,0.0021
2026-01-22 13:48:33:632,X,-293672,-5.00,TPOS,-910277,-15.5048,-616605,-10.5027
2026-01-22 13:48:33:841,X,-293672,-5.00,TPOS_S,-,-,-,-
2026-01-22 13:48:37:254,X,-910699,-15.51,TPOS_E,-910277,-15.5048,422,0.0072
2026-01-22 13:48:37:678,X,-910699,-15.51,TPOS,-293546,-5.0000,617153,10.5120
2026-01-22 13:48:37:866,X,-910699,-15.51,TPOS_S,-,-,-,-
2026-01-22 13:48:39:271,Z,-3876290,-44.02,TPOS_E,-3875502,-44.0078,788,0.0089
2026-01-22 13:48:39:696,Z,-3876290,-44.02,TPOS,-440320,-5.0000,3435970,39.0167
2026-01-22 13:48:39:882,Z,-3876290,-44.02,TPOS_S,-,-,-,-
2026-01-22 13:48:43:293,X,-293683,-5.00,TPOS_E,-293546,-5.0000,137,0.0023
2026-01-22 13:48:43:718,X,-293683,-5.00,TPOS,-910277,-15.5048,-616594,-10.5025
2026-01-22 13:48:43:906,X,-293683,-5.00,TPOS_S,-,-,-,-
2026-01-22 13:48:47:317,X,-910719,-15.51,TPOS_E,-910277,-15.5048,442,0.0075
2026-01-22 13:48:47:743,X,-910719,-15.51,TPOS,-293546,-5.0000,617173,10.5123
2026-01-22 13:48:47:929,X,-910719,-15.51,TPOS_S,-,-,-,-
2026-01-22 13:48:53:347,X,-293684,-5.00,TPOS_E,-293546,-5.0000,138,0.0024
2026-01-22 13:48:53:771,X,-293684,-5.00,TPOS,-910277,-15.5048,-616593,-10.5025
2026-01-22 13:48:53:959,X,-293684,-5.00,TPOS_S,-,-,-,-
2026-01-22 13:48:57:371,Z,-440156,-5.00,TPOS_E,-440320,-5.0000,-164,-0.0019
2026-01-22 13:48:57:373,X,-910710,-15.51,TPOS_E,-910277,-15.5048,433,0.0074
2026-01-22 13:48:57:798,Z,-440156,-5.00,TPOS,-3875502,-44.0078,-3435346,-39.0097
2026-01-22 13:48:57:819,X,-910710,-15.51,TPOS,-293546,-5.0000,617164,10.5122
2026-01-22 13:48:57:985,Z,-440156,-5.00,TPOS_S,-,-,-,-
2026-01-22 13:48:58:111,X,-910710,-15.51,TPOS_S,-,-,-,-
2026-01-22 13:49:03:530,X,-293671,-5.00,TPOS_E,-293546,-5.0000,125,0.0021
2026-01-22 13:49:03:956,X,-293671,-5.00,TPOS,-910277,-15.5048,-616606,-10.5027
2026-01-22 13:49:04:142,X,-293671,-5.00,TPOS_S,-,-,-,-
2026-01-22 13:49:07:555,X,-910701,-15.51,TPOS_E,-910277,-15.5048,424,0.0072
2026-01-22 13:49:07:984,X,-910701,-15.51,TPOS,-293546,-5.0000,617155,10.5120
2026-01-22 13:49:08:170,X,-910701,-15.51,TPOS_S,-,-,-,-
2026-01-22 13:49:13:590,X,-293683,-5.00,TPOS_E,-293546,-5.0000,137,0.0023
2026-01-22 13:49:14:014,X,-293683,-5.00,TPOS,-910277,-15.5048,-616594,-10.5025
2026-01-22 13:49:14:201,X,-293683,-5.00,TPOS_S,-,-,-,-
2026-01-22 13:49:15:609,Z,-3876288,-44.02,TPOS_E,-3875502,-44.0078,786,0.0089
2026-01-22 13:49:16:033,Z,-3876288,-44.02,TPOS,-440320,-5.0000,3435968,39.0167
2026-01-22 13:49:16:200,Z,-3876288,-44.02,TPOS_S,-,-,-,-
2026-01-22 13:49:17:607,X,-910702,-15.51,TPOS_E,-910277,-15.5048,425,0.0072
2026-01-22 13:49:18:031,X,-910702,-15.51,TPOS,-293546,-5.0000,617156,10.5121
2026-01-22 13:49:18:217,X,-910702,-15.51,TPOS_S,-,-,-,-
2026-01-22 13:49:23:636,X,-293663,-5.00,TPOS_E,-293546,-5.0000,117,0.0020
2026-01-22 13:49:24:060,X,-293663,-5.00,TPOS,-910277,-15.5048,-616614,-10.5028
2026-01-22 13:49:24:246,X,-293663,-5.00,TPOS_S,-,-,-,-
2026-01-22 13:49:27:656,X,-910701,-15.51,TPOS_E,-910277,-15.5048,424,0.0072
2026-01-22 13:49:28:082,X,-910701,-15.51,TPOS,-293546,-5.0000,617155,10.5120
2026-01-22 13:49:28:268,X,-910701,-15.51,TPOS_S,-,-,-,-
