2025-08-15 18:27:38:089 [IN ] C8 24 0C 18 25 A5 0C 01 31 03 CF 00 00 10 C8 25 A5 0C 01 31 05 E6 3D 77 00 00 DD C0 00 (29)
                              [N12:Z] MOTOR_I 0 0 (0)
                              [N12:Z] [undefined] 61 119 0 0 (1031208960)
2025-08-15 18:27:38:111 [OUT] 25 A5 01 0A 31 05 D6 3D FF 00 00 53 ED (13)
                              [N10:HMI] HMILED '=' 255 0 0 (16711680)
2025-08-15 18:27:38:134 [OUT] 25 A5 01 03 31 02 D8 3F 4E CE (10)
                              [N3:X] INTERRUPT '?'
2025-08-15 18:27:38:136 [IN ] C8 24 09 18 25 A5 09 01 31 03 CF 00 00 0D B3 25 A5 09 01 31 05 E6 3D 77 00 00 DA A5 00 (29)
                              [N9:P] MOTOR_I 0 0 (0)
                              [N9:P] [undefined] 61 119 0 0 (1031208960)
2025-08-15 18:27:38:441 [IN ] C8 24 0C 18 25 A5 0C 01 31 03 CF 00 00 10 C8 25 A5 0C 01 31 05 E6 3D 77 00 00 DD C0 00 C8 24 09 18 25 A5 09 01 31 03 CF 00 00 0D B3 25 A5 09 01 31 05 E6 3D 77 00 00 DA A5 00 C8 24 0C 18 25 A5 
0C 01 31 03 CF 00 00 10 C8 25 A5 0C 01 31 05 E6 3D 77 00 00 DD C0 00 C8 24 0A 0D 25 A5 0A 01 31 05 D6 3A FF 00 00 50 EA 0C C8 24 09 18 25 A5 09 01 31 03 CF 00 00 0D B3 25 A5 09 01 31 05 E6 3D 
77 00 00 DA A5 00 C8 24 0C 0E 25 A5 0C 01 31 03 CF 00 00 10 C8 25 A5 0C 01 C8 24 0C 0A 01 31 05 E6 3D 77 00 00 DD C0 C8 C8 24 03 0C 25 A5 03 01 31 04 D8 3A 01 01 4D 6A A5 C8 24 09 18 25 A5 09 
01 31 03 CF 00 00 0D B3 25 A5 09 01 31 05 E6 3D 77 00 00 DA A5 00 (214)
                              [N12:Z] MOTOR_I 0 0 (0)
                              [N12:Z] [undefined] 61 119 0 0 (1031208960)
                              [N9:P] MOTOR_I 0 0 (0)
                              [N9:P] [undefined] 61 119 0 0 (1031208960)
                              [N12:Z] MOTOR_I 0 0 (0)
                              [N12:Z] [undefined] 61 119 0 0 (1031208960)
                              [N10:HMI] HMILED ':' 255 0 0 (16711680)
                              [N9:P] MOTOR_I 0 0 (0)
                              [N9:P] [undefined] 61 119 0 0 (1031208960)
                              [N12:Z] MOTOR_I 0 0 (0)
                              [N12:Z] [undefined] 61 119 0 0 (1031208960)
                              [N3:X] INTERRUPT ':' 1 1 (257)
                              [N9:P] MOTOR_I 0 0 (0)
                              [N9:P] [undefined] 61 119 0 0 (1031208960)
2025-08-15 18:27:38:463 [OUT] 25 A5 01 09 31 03 C9 3D 09 4D 1C (11)
                              [N9:P] LFLAG '=' 9 (9)
2025-08-15 18:27:38:485 [OUT] 25 A5 01 04 31 02 D8 3F 4F D3 (10)
                              [N4:Y] INTERRUPT '?'
2025-08-15 18:27:38:485 [IN ] C8 24 0C 15 25 A5 0C 01 31 03 CF 00 00 10 C8 25 A5 0C 01 31 05 E6 3D 77 00 00 (26)
                              [N12:Z] MOTOR_I 0 0 (0)
2025-08-15 18:27:38:788 [IN ] C8 24 09 18 25 A5 09 01 31 03 CF 00 00 0D B3 25 A5 09 01 31 05 E6 3D 77 00 00 DA A5 00 C8 24 0C 1B 00 DD C0 25 A5 0C 01 31 03 CF 00 00 10 C8 25 A5 0C 01 31 05 E6 3D 77 00 00 DD C0 0C C8 24 09 
23 25 A5 09 01 31 03 C9 3A 09 4A 1E 25 A5 09 01 31 03 CF 00 00 0D B3 25 A5 09 01 31 05 E6 3D 77 00 00 DA A5 B0 C8 24 0C 18 25 A5 0C 01 31 03 CF 00 00 10 C8 25 A5 0C 01 31 05 E6 3D 77 00 00 DD 
C0 09 C8 24 04 0C 25 A5 04 01 31 04 D8 3A 01 01 4E 72 A5 C8 24 09 18 25 A5 09 01 31 03 CF 00 00 0D B3 25 A5 09 01 31 05 E6 3D 77 00 00 DA A5 09 C8 24 0C 18 25 A5 0C 01 31 03 CF 00 00 10 C8 25 
A5 0C 01 31 05 E6 3D 77 00 00 DD C0 09 (205)
                              [N9:P] MOTOR_I 0 0 (0)
                              [N9:P] [undefined] 61 119 0 0 (1031208960)
                              [N12:Z] [undefined] 61 119 0 0 (1031208960)
                              [N12:Z] MOTOR_I 0 0 (0)
                              [N12:Z] [undefined] 61 119 0 0 (1031208960)
                              [N9:P] LFLAG ':' 9 (9)
                              [N9:P] MOTOR_I 0 0 (0)
                              [N9:P] [undefined] 61 119 0 0 (1031208960)
                              [N12:Z] MOTOR_I 0 0 (0)
                              [N12:Z] [undefined] 61 119 0 0 (1031208960)
                              [N4:Y] INTERRUPT ':' 1 1 (257)
                              [N9:P] MOTOR_I 0 0 (0)
                              [N9:P] [undefined] 61 119 0 0 (1031208960)
                              [N12:Z] MOTOR_I 0 0 (0)
                              [N12:Z] [undefined] 61 119 0 0 (1031208960)
2025-08-15 18:27:38:809 [OUT] 25 A5 01 09 31 03 CA 3D 09 4E 1F (11)
                              [N9:P] RFLAG '=' 9 (9)
2025-08-15 18:27:38:831 [OUT] 25 A5 01 0C 31 02 D8 3F 57 FB (10)
                              [N12:Z] INTERRUPT '?'
2025-08-15 18:27:38:831 [IN ] C8 24 09 18 25 A5 09 01 31 03 CF 00 00 0D B3 25 A5 09 01 31 05 E6 3D 77 00 00 DA A5 09 (29)
                              [N9:P] MOTOR_I 0 0 (0)
                              [N9:P] [undefined] 61 119 0 0 (1031208960)
2025-08-15 18:27:39:132 [IN ] C8 24 0C 18 25 A5 0C 01 31 03 CF 00 00 10 C8 25 A5 0C 01 31 05 E6 3D 77 00 00 DD C0 09 C8 24 09 18 25 A5 09 01 31 03 CF 00 00 0D B3 25 A5 09 01 31 05 E6 3D 77 00 00 DA A5 09 C8 24 09 0B 25 A5 
09 01 31 03 CA 3A 09 4B 21 25 C8 24 0C 18 25 A5 0C 01 31 03 CF 00 00 10 C8 25 A5 0C 01 31 05 E6 3D 77 00 00 DD C0 09 C8 24 09 18 25 A5 09 01 31 03 CF 00 00 0D B3 25 A5 09 01 31 05 E6 3D 77 00 
00 DA A5 09 C8 24 0C 0C 25 A5 0C 01 31 04 D8 3A 01 01 56 B2 A5 C8 24 0C 18 25 A5 0C 01 31 03 CF 00 00 10 C8 25 A5 0C 01 31 05 E6 3D 77 00 00 DD C0 09 C8 24 09 18 25 A5 09 01 31 03 CF 00 00 0D 
B3 25 A5 09 01 31 05 E6 3D 77 00 00 DA A5 09 (207)
                              [N12:Z] MOTOR_I 0 0 (0)
                              [N12:Z] [undefined] 61 119 0 0 (1031208960)
                              [N9:P] MOTOR_I 0 0 (0)
                              [N9:P] [undefined] 61 119 0 0 (1031208960)
                              [N9:P] RFLAG ':' 9 (9)
                              [N12:Z] MOTOR_I 0 0 (0)
                              [N12:Z] [undefined] 61 119 0 0 (1031208960)
                              [N9:P] MOTOR_I 0 0 (0)
                              [N9:P] [undefined] 61 119 0 0 (1031208960)
                              [N12:Z] INTERRUPT ':' 1 1 (257)
                              [N12:Z] MOTOR_I 0 0 (0)
                              [N12:Z] [undefined] 61 119 0 0 (1031208960)
                              [N9:P] MOTOR_I 0 0 (0)
                              [N9:P] [undefined] 61 119 0 0 (1031208960)
2025-08-15 18:27:39:154 [OUT] 25 A5 01 08 31 03 C9 3D 09 4C 16 (11)
                              [N8:R] LFLAG '=' 9 (9)
2025-08-15 18:27:39:176 [OUT] 25 A5 01 03 31 03 C9 3D 0B 49 FA (11)
                              [N3:X] LFLAG '=' 11 (11)
2025-08-15 18:27:39:178 [IN ] C8 24 0C 18 25 A5 0C 01 31 03 CF 00 00 10 C8 25 A5 0C 01 31 05 E6 3D 77 00 00 DD C0 09 (29)
                              [N12:Z] MOTOR_I 0 0 (0)
                              [N12:Z] [undefined] 61 119 0 0 (1031208960)
2025-08-15 18:27:39:200 [OUT] 25 A5 01 04 31 03 C9 3D 0B 4A 00 (11)
                              [N4:Y] LFLAG '=' 11 (11)
2025-08-15 18:27:39:222 [OUT] 25 A5 01 0C 31 03 C9 3D 0B 52 30 (11)
                              [N12:Z] LFLAG '=' 11 (11)
2025-08-15 18:27:39:222 [IN ] C8 24 09 18 25 A5 09 01 31 03 CF 00 00 0D B3 25 A5 09 01 31 05 E6 3D 77 00 00 DA A5 09 (29)
                              [N9:P] MOTOR_I 0 0 (0)
                              [N9:P] [undefined] 61 119 0 0 (1031208960)
2025-08-15 18:27:39:286 [IN ] C8 24 0C 18 25 A5 0C 01 31 03 CF 00 00 10 C8 25 A5 0C 01 31 05 E6 3D 77 00 00 DD C0 09 (29)
                              [N12:Z] MOTOR_I 0 0 (0)
                              [N12:Z] [undefined] 61 119 0 0 (1031208960)
2025-08-15 18:27:39:328 [IN ] C8 24 08 0B 25 A5 08 01 31 03 C9 3A 09 49 17 25 (16)
                              [N8:R] LFLAG ':' 9 (9)
2025-08-15 18:27:39:349 [OUT] 25 A5 01 08 31 03 CA 3D 09 4D 19 (11)
                              [N8:R] RFLAG '=' 9 (9)
2025-08-15 18:27:39:349 [IN ] C8 24 09 18 25 A5 09 01 31 03 CF 00 00 0D B3 25 A5 09 01 31 05 E6 3D 77 00 00 DA A5 09 (29)
                              [N9:P] MOTOR_I 0 0 (0)
                              [N9:P] [undefined] 61 119 0 0 (1031208960)
2025-08-15 18:27:39:391 [IN ] C8 24 0C 18 25 A5 0C 01 31 03 CF 00 00 10 C8 25 A5 0C 01 31 05 E6 3D 77 00 00 DD C0 09 (29)
                              [N12:Z] MOTOR_I 0 0 (0)
                              [N12:Z] [undefined] 61 119 0 0 (1031208960)
2025-08-15 18:27:39:433 [IN ] C8 24 03 0B 25 A5 03 01 31 03 C9 3A 0B 46 F6 25 C8 24 09 18 25 A5 09 01 31 03 CF 00 00 0D B3 25 A5 09 01 31 05 E6 3D 77 00 00 DA A5 09 (45)
                              [N3:X] LFLAG ':' 11 (11)
                              [N9:P] MOTOR_I 0 0 (0)
                              [N9:P] [undefined] 61 119 0 0 (1031208960)
2025-08-15 18:27:39:455 [OUT] 25 A5 01 03 31 03 88 00 50 10 02 (11)
                              [N3:X] RUN 0 80 (80)
2025-08-15 18:27:39:476 [IN ] C8 24 0C 18 25 A5 0C 01 31 (9)
2025-08-15 18:27:39:497 [IN ] 03 CF 00 00 10 C8 25 A5 0C 01 31 05 E6 3D 77 00 00 DD C0 09 (20)
                              [N12:Z] MOTOR_I 0 0 (0)
                              [N12:Z] [undefined] 61 119 0 0 (1031208960)
2025-08-15 18:27:39:539 [IN ] C8 24 09 18 25 A5 09 01 31 03 CF 00 00 0D B3 25 A5 09 01 31 05 E6 3D 77 00 00 DA A5 09 C8 24 04 0B 25 A5 04 01 31 03 C9 3A 0B 47 FD 25 (45)
                              [N9:P] MOTOR_I 0 0 (0)
                              [N9:P] [undefined] 61 119 0 0 (1031208960)
                              [N4:Y] LFLAG ':' 11 (11)
2025-08-15 18:27:39:561 [OUT] 25 A5 01 04 31 03 88 00 50 11 08 (11)
                              [N4:Y] RUN 0 80 (80)
2025-08-15 18:27:39:603 [IN ] C8 24 0C 18 25 A5 0C 01 31 03 CF 00 00 10 C8 25 A5 0C 01 31 05 E6 3D 77 00 00 DD C0 09 (29)
                              [N12:Z] MOTOR_I 0 0 (0)
                              [N12:Z] [undefined] 61 119 0 0 (1031208960)
2025-08-15 18:27:39:646 [IN ] C8 24 09 18 25 A5 09 01 31 03 CF 00 00 0D B3 25 A5 09 01 31 05 E6 3D 77 00 00 DA A5 09 (29)
                              [N9:P] MOTOR_I 0 0 (0)
                              [N9:P] [undefined] 61 119 0 0 (1031208960)
2025-08-15 18:27:39:666 [IN ] C8 24 0C 0B 25 A5 0C 01 31 03 C9 3A 0B 4F 35 25 (16)
                              [N12:Z] LFLAG ':' 11 (11)
2025-08-15 18:27:39:688 [OUT] 25 A5 01 0C 31 03 88 00 50 19 38 (11)
                              [N12:Z] RUN 0 80 (80)
2025-08-15 18:27:39:689 [IN ] C8 24 0C 18 25 A5 0C 01 31 03 CF 00 00 10 C8 25 A5 0C 01 31 05 E6 3D 77 00 00 DD C0 09 (29)
                              [N12:Z] MOTOR_I 0 0 (0)
                              [N12:Z] [undefined] 61 119 0 0 (1031208960)
2025-08-15 18:27:39:731 [IN ] C8 24 09 0E 25 A5 09 01 31 03 CF 00 00 0D B3 25 A5 09 01 C8 24 09 0A 01 31 05 E6 3D 77 00 00 DA A5 B3 (34)
                              [N9:P] MOTOR_I 0 0 (0)
                              [N9:P] [undefined] 61 119 0 0 (1031208960)
2025-08-15 18:27:39:752 [IN ] C8 24 08 0B 25 A5 08 01 31 03 CA 3A 09 4A 1A 25 (16)
                              [N8:R] RFLAG ':' 9 (9)
2025-08-15 18:27:39:815 [IN ] C8 24 0C 18 25 A5 0C 01 31 03 CF 00 00 10 C8 25 A5 0C 01 31 05 E6 3D 77 00 00 DD C0 09 C8 24 (31)
                              [N12:Z] MOTOR_I 0 0 (0)
                              [N12:Z] [undefined] 61 119 0 0 (1031208960)
2025-08-15 18:27:39:836 [IN ] 09 15 25 A5 09 01 31 03 CF 00 00 0D B3 25 A5 09 01 31 05 E6 3D 77 00 00 (24)
                              [N9:P] MOTOR_I 0 0 (0)
2025-08-15 18:27:39:878 [IN ] C8 24 03 0C 25 A5 03 01 31 04 88 53 00 50 64 C2 A5 (17)
                              [N3:X] RUN 'S' 0 80 (80)
2025-08-15 18:27:39:900 [IN ] C8 24 0C 18 25 A5 0C 01 31 03 CF 00 00 10 C8 25 A5 0C 01 31 05 E6 3D 77 00 00 DD C0 09 (29)
                              [N12:Z] MOTOR_I 0 0 (0)
                              [N12:Z] [undefined] 61 119 0 0 (1031208960)
2025-08-15 18:27:39:943 [IN ] C8 24 09 1B 00 DA A5 25 A5 09 01 31 03 CF 00 00 0D B3 25 A5 09 01 31 05 E6 3D 77 00 00 DA A5 05 (32)
                              [N9:P] [undefined] 61 119 0 0 (1031208960)
                              [N9:P] MOTOR_I 0 0 (0)
                              [N9:P] [undefined] 61 119 0 0 (1031208960)
2025-08-15 18:27:39:986 [IN ] C8 24 04 0C 25 A5 04 01 31 04 88 53 00 50 65 CA 0D (17)
                              [N4:Y] RUN 'S' 0 80 (80)
2025-08-15 18:27:40:007 [IN ] C8 24 0C 18 25 A5 0C 01 31 03 CF 00 00 10 C8 25 A5 0C 01 31 05 E6 3D 77 00 00 DD C0 00 (29)
                              [N12:Z] MOTOR_I 0 0 (0)
                              [N12:Z] [undefined] 61 119 0 0 (1031208960)
2025-08-15 18:27:40:027 [IN ] C8 24 09 18 25 A5 09 01 31 03 CF 00 00 0D B3 25 A5 09 01 31 05 E6 3D 77 00 00 DA A5 00 (29)
                              [N9:P] MOTOR_I 0 0 (0)
                              [N9:P] [undefined] 61 119 0 0 (1031208960)
2025-08-15 18:27:40:090 [IN ] C8 24 0C 13 25 A5 0C 01 31 04 88 53 00 50 6D 0A 25 A5 0C 01 31 03 CF 77 (24)
                              [N12:Z] RUN 'S' 0 80 (80)
2025-08-15 18:27:40:292 [IN ] C8 24 0C 11 00 3B 4B 03 25 A5 0C 01 31 05 E6 3D 77 00 50 2D 10 03 C8 24 09 18 25 A5 09 01 31 03 CF 00 00 0D B3 25 A5 09 01 31 05 E6 3D 77 00 00 DA A5 00 C8 24 0C 0E 25 A5 0C 01 31 03 CF 00 03 
13 CB 25 A5 0C 01 C8 24 0C 0A 01 31 05 E6 3D 77 00 50 2D 10 CB C8 24 09 18 25 A5 09 01 31 03 CF 00 00 0D B3 25 A5 09 01 31 05 E6 3D 77 00 00 DA A5 00 C8 24 0C 15 25 A5 0C 01 31 03 CF 00 04 14 
CC 25 A5 0C 01 31 05 E6 3D 77 00 00 (140)
                              [N12:Z] MOTOR_I 0 59 (59)
                              [N12:Z] [undefined] 61 119 0 80 (1031209040)
                              [N9:P] MOTOR_I 0 0 (0)
                              [N9:P] [undefined] 61 119 0 0 (1031208960)
                              [N12:Z] MOTOR_I 0 3 (3)
                              [N12:Z] [undefined] 61 119 0 80 (1031209040)
                              [N9:P] MOTOR_I 0 0 (0)
                              [N9:P] [undefined] 61 119 0 0 (1031208960)
                              [N12:Z] MOTOR_I 0 4 (4)
2025-08-15 18:27:40:494 [IN ] C8 24 09 18 25 A5 09 01 31 03 CF 00 00 0D B3 25 A5 09 01 31 05 E6 3D 77 00 00 DA A5 00 C8 24 0C 1B 50 2D 10 25 A5 0C 01 31 03 CF 00 03 13 CB 25 A5 0C 01 31 05 E6 3D 77 00 50 2D 10 05 C8 24 09 
18 25 A5 09 01 31 03 CF 00 00 0D B3 25 A5 09 01 31 05 E6 3D 77 00 00 DA A5 50 C8 24 0C 18 25 A5 0C 01 31 03 CF 00 04 14 CC 25 A5 0C 01 31 05 E6 3D 77 00 50 2D 10 50 (119)
                              [N9:P] MOTOR_I 0 0 (0)
                              [N9:P] [undefined] 61 119 0 0 (1031208960)
                              [N12:Z] [undefined] 61 119 0 80 (1031209040)
                              [N12:Z] MOTOR_I 0 3 (3)
                              [N12:Z] [undefined] 61 119 0 80 (1031209040)
                              [N9:P] MOTOR_I 0 0 (0)
                              [N9:P] [undefined] 61 119 0 0 (1031208960)
                              [N12:Z] MOTOR_I 0 4 (4)
                              [N12:Z] [undefined] 61 119 0 80 (1031209040)
2025-08-15 18:27:40:695 [IN ] C8 24 09 18 25 A5 09 01 31 03 CF 00 00 0D B3 25 A5 09 01 31 05 E6 3D 77 00 00 DA A5 50 C8 24 0C 18 25 A5 0C 01 31 03 CF 00 04 14 CC 25 A5 0C 01 31 05 E6 3D 77 00 50 2D 10 50 C8 24 09 18 25 A5 
09 01 31 03 CF 00 00 0D B3 25 A5 09 01 31 05 E6 3D 77 00 00 DA A5 50 C8 24 0C 18 25 A5 0C 01 31 03 CF 00 03 13 CB 25 A5 0C 01 31 05 E6 3D 77 00 50 2D 10 50 (116)
                              [N9:P] MOTOR_I 0 0 (0)
                              [N9:P] [undefined] 61 119 0 0 (1031208960)
                              [N12:Z] MOTOR_I 0 4 (4)
                              [N12:Z] [undefined] 61 119 0 80 (1031209040)
                              [N9:P] MOTOR_I 0 0 (0)
                              [N9:P] [undefined] 61 119 0 0 (1031208960)
                              [N12:Z] MOTOR_I 0 3 (3)
                              [N12:Z] [undefined] 61 119 0 80 (1031209040)
2025-08-15 18:27:40:897 [IN ] C8 24 09 18 25 A5 09 01 31 03 CF 00 00 0D B3 25 A5 09 01 31 05 E6 3D 77 00 00 DA A5 50 C8 24 0C 18 25 A5 0C 01 31 03 CF 00 08 18 D0 25 A5 0C 01 31 05 E6 3D 77 00 50 2D 10 50 C8 24 09 18 25 A5 
09 01 31 03 CF 00 00 0D B3 25 A5 09 01 31 05 E6 3D 77 00 00 DA A5 50 (87)
                              [N9:P] MOTOR_I 0 0 (0)
                              [N9:P] [undefined] 61 119 0 0 (1031208960)
                              [N12:Z] MOTOR_I 0 8 (8)
                              [N12:Z] [undefined] 61 119 0 80 (1031209040)
                              [N9:P] MOTOR_I 0 0 (0)
                              [N9:P] [undefined] 61 119 0 0 (1031208960)
2025-08-15 18:27:41:098 [IN ] C8 24 0C 18 25 A5 0C 01 31 03 CF 00 0B 1B D3 25 A5 0C 01 31 05 E6 3D 77 00 50 2D 10 50 C8 24 09 18 25 A5 09 01 31 03 CF 00 00 0D B3 25 A5 09 01 31 05 E6 3D 77 00 00 DA A5 50 C8 24 0C 18 25 A5 
0C 01 31 03 CF 00 04 14 CC 25 A5 0C 01 31 05 E6 3D 77 00 50 2D 10 50 C8 24 09 18 25 A5 09 01 31 03 CF 00 00 0D B3 25 A5 09 01 31 05 E6 3D 77 00 00 DA A5 50 C8 24 0C 18 25 A5 0C 01 31 03 CF 00 
02 12 CA 25 A5 0C 01 31 05 E6 3D 77 00 50 2D 10 50 (145)
                              [N12:Z] MOTOR_I 0 11 (11)
                              [N12:Z] [undefined] 61 119 0 80 (1031209040)
                              [N9:P] MOTOR_I 0 0 (0)
                              [N9:P] [undefined] 61 119 0 0 (1031208960)
                              [N12:Z] MOTOR_I 0 4 (4)
                              [N12:Z] [undefined] 61 119 0 80 (1031209040)
                              [N9:P] MOTOR_I 0 0 (0)
                              [N9:P] [undefined] 61 119 0 0 (1031208960)
                              [N12:Z] MOTOR_I 0 2 (2)
                              [N12:Z] [undefined] 61 119 0 80 (1031209040)
2025-08-15 18:27:41:300 [IN ] C8 24 09 18 25 A5 09 01 31 03 CF 00 00 0D B3 25 A5 09 01 31 05 E6 3D 77 00 00 DA A5 50 C8 24 0C 18 25 A5 0C 01 31 03 CF 00 05 15 CD 25 A5 0C 01 31 05 E6 3D 77 00 50 2D 10 50 C8 24 09 18 25 A5 
09 01 31 03 CF 00 00 0D B3 25 A5 09 01 31 05 E6 3D 77 00 00 DA A5 50 C8 24 0C 18 25 A5 0C 01 31 03 CF 00 0E 1E D6 25 A5 0C 01 31 05 E6 3D 77 00 50 2D 10 50 (116)
                              [N9:P] MOTOR_I 0 0 (0)
                              [N9:P] [undefined] 61 119 0 0 (1031208960)
                              [N12:Z] MOTOR_I 0 5 (5)
                              [N12:Z] [undefined] 61 119 0 80 (1031209040)
                              [N9:P] MOTOR_I 0 0 (0)
                              [N9:P] [undefined] 61 119 0 0 (1031208960)
                              [N12:Z] MOTOR_I 0 14 (14)
                              [N12:Z] [undefined] 61 119 0 80 (1031209040)
2025-08-15 18:27:41:501 [IN ] C8 24 09 18 25 A5 09 01 31 03 CF 00 00 0D B3 25 A5 09 01 31 05 E6 3D 77 00 00 DA A5 50 C8 24 0C 18 25 A5 0C 01 31 03 CF 00 08 18 D0 25 A5 0C 01 31 05 E6 3D 77 00 50 2D 10 50 C8 24 09 18 25 A5 
09 01 31 03 CF 00 00 0D B3 25 A5 09 01 31 05 E6 3D 77 00 00 DA A5 50 (87)
                              [N9:P] MOTOR_I 0 0 (0)
                              [N9:P] [undefined] 61 119 0 0 (1031208960)
                              [N12:Z] MOTOR_I 0 8 (8)
                              [N12:Z] [undefined] 61 119 0 80 (1031209040)
                              [N9:P] MOTOR_I 0 0 (0)
                              [N9:P] [undefined] 61 119 0 0 (1031208960)
2025-08-15 18:27:41:702 [IN ] C8 24 0C 18 25 A5 0C 01 31 03 CF 00 0C 1C D4 25 A5 0C 01 31 05 E6 3D 77 00 50 2D 10 50 C8 24 09 0E 25 A5 09 01 31 03 CF 00 00 0D B3 25 A5 09 01 C8 24 09 0A 01 31 05 E6 3D 77 00 00 DA A5 B3 C8 
24 0C 18 25 A5 0C 01 31 03 CF 00 01 11 C9 25 A5 0C 01 31 05 E6 3D 77 00 50 2D 10 50 C8 24 09 15 25 A5 09 01 31 03 CF 00 00 0D B3 25 A5 09 01 31 05 E6 3D 77 00 50 C8 24 0C 18 (122)
                              [N12:Z] MOTOR_I 0 12 (12)
                              [N12:Z] [undefined] 61 119 0 80 (1031209040)
                              [N9:P] MOTOR_I 0 0 (0)
                              [N9:P] [undefined] 61 119 0 0 (1031208960)
                              [N12:Z] MOTOR_I 0 1 (1)
                              [N12:Z] [undefined] 61 119 0 80 (1031209040)
                              [N9:P] MOTOR_I 0 0 (0)
2025-08-15 18:27:41:906 [IN ] 25 A5 0C 01 31 03 CF 00 0D 1D D5 25 A5 0C 01 31 05 E6 3D 77 00 50 2D 10 50 C8 24 09 1B 00 DA A5 25 A5 09 01 31 03 CF 00 00 0D B3 25 A5 09 01 31 05 E6 3D 77 00 00 DA A5 05 C8 24 0C 18 25 A5 0C 
01 31 03 CF 00 02 12 CA 25 A5 0C 01 31 05 E6 3D 77 00 50 2D 10 00 C8 24 09 18 25 A5 09 01 31 03 CF 00 00 0D B3 25 A5 09 01 31 05 E6 3D 77 00 00 DA A5 00 C8 24 0C 18 25 A5 0C 01 31 03 CF 00 07 
17 CF 25 A5 0C 01 31 05 E6 3D 77 00 50 2D 10 00 (144)
                              [N12:Z] MOTOR_I 0 13 (13)
                              [N12:Z] [undefined] 61 119 0 80 (1031209040)
                              [N9:P] [undefined] 61 119 0 0 (1031208960)
                              [N9:P] MOTOR_I 0 0 (0)
                              [N9:P] [undefined] 61 119 0 0 (1031208960)
                              [N12:Z] MOTOR_I 0 2 (2)
                              [N12:Z] [undefined] 61 119 0 80 (1031209040)
                              [N9:P] MOTOR_I 0 0 (0)
                              [N9:P] [undefined] 61 119 0 0 (1031208960)
                              [N12:Z] MOTOR_I 0 7 (7)
                              [N12:Z] [undefined] 61 119 0 80 (1031209040)
2025-08-15 18:27:42:107 [IN ] C8 24 09 18 25 A5 09 01 31 03 CF 00 00 0D B3 25 A5 09 01 31 05 E6 3D 77 00 00 DA A5 00 C8 24 0C 0E 25 A5 0C 01 31 03 CF 00 17 27 DF 25 A5 0C 01 C8 24 0C 0A 01 31 05 E6 3D 77 00 50 2D 10 DF C8 
24 09 18 25 A5 09 01 31 03 CF 00 00 0D B3 25 A5 09 01 31 05 E6 3D 77 00 00 DA A5 00 C8 24 0C 15 25 A5 0C 01 31 03 CF 00 00 10 C8 25 A5 0C 01 31 05 E6 3D 77 00 00 (118)
                              [N9:P] MOTOR_I 0 0 (0)
                              [N9:P] [undefined] 61 119 0 0 (1031208960)
                              [N12:Z] MOTOR_I 0 23 (23)
                              [N12:Z] [undefined] 61 119 0 80 (1031209040)
                              [N9:P] MOTOR_I 0 0 (0)
                              [N9:P] [undefined] 61 119 0 0 (1031208960)
                              [N12:Z] MOTOR_I 0 0 (0)
2025-08-15 18:27:42:311 [IN ] C8 24 09 18 25 A5 09 01 31 03 CF 00 00 0D B3 25 A5 09 01 31 05 E6 3D 77 00 00 DA A5 00 C8 24 0C 1B 50 2D 10 25 A5 0C 01 31 03 CF 00 02 12 CA 25 A5 0C 01 31 05 E6 3D 77 00 50 2D 10 05 C8 24 09 
18 25 A5 09 01 31 03 CF 00 00 0D B3 25 A5 09 01 31 05 E6 3D 77 00 00 DA A5 50 C8 24 0C 18 25 A5 0C 01 31 03 CF 00 09 19 D1 25 A5 0C 01 31 05 E6 3D 77 00 50 2D 10 50 (119)
                              [N9:P] MOTOR_I 0 0 (0)
                              [N9:P] [undefined] 61 119 0 0 (1031208960)
                              [N12:Z] [undefined] 61 119 0 80 (1031209040)
                              [N12:Z] MOTOR_I 0 2 (2)
                              [N12:Z] [undefined] 61 119 0 80 (1031209040)
                              [N9:P] MOTOR_I 0 0 (0)
                              [N9:P] [undefined] 61 119 0 0 (1031208960)
                              [N12:Z] MOTOR_I 0 9 (9)
                              [N12:Z] [undefined] 61 119 0 80 (1031209040)
2025-08-15 18:27:42:512 [IN ] C8 24 09 18 25 A5 09 01 31 03 CF 00 00 0D B3 25 A5 09 01 31 05 E6 3D 77 00 00 DA A5 50 C8 24 0C 18 25 A5 0C 01 31 03 CF 00 0F 1F D7 25 A5 0C 01 31 05 E6 3D 77 00 50 2D 10 50 C8 24 09 18 25 A5 
09 01 31 03 CF 00 00 0D B3 25 A5 09 01 31 05 E6 3D 77 00 00 DA A5 50 C8 24 0C 18 25 A5 0C 01 31 03 CF 00 04 14 CC 25 A5 0C 01 31 05 E6 3D 77 00 50 2D 10 50 (116)
                              [N9:P] MOTOR_I 0 0 (0)
                              [N9:P] [undefined] 61 119 0 0 (1031208960)
                              [N12:Z] MOTOR_I 0 15 (15)
                              [N12:Z] [undefined] 61 119 0 80 (1031209040)
                              [N9:P] MOTOR_I 0 0 (0)
                              [N9:P] [undefined] 61 119 0 0 (1031208960)
                              [N12:Z] MOTOR_I 0 4 (4)
                              [N12:Z] [undefined] 61 119 0 80 (1031209040)
2025-08-15 18:27:42:713 [IN ] C8 24 09 18 25 A5 09 01 31 03 CF 00 00 0D B3 25 A5 09 01 31 05 E6 3D 77 00 00 DA A5 50 C8 24 0C 18 25 A5 0C 01 31 03 CF 00 06 16 CE 25 A5 0C 01 31 05 E6 3D 77 00 50 2D 10 50 C8 24 09 18 25 A5 
09 01 31 03 CF 00 00 0D B3 25 A5 09 01 31 05 E6 3D 77 00 00 DA A5 50 C8 24 0C 18 25 A5 0C 01 31 03 CF 00 00 10 C8 25 A5 0C 01 31 05 E6 3D 77 00 50 2D 10 50 (116)
                              [N9:P] MOTOR_I 0 0 (0)
                              [N9:P] [undefined] 61 119 0 0 (1031208960)
                              [N12:Z] MOTOR_I 0 6 (6)
                              [N12:Z] [undefined] 61 119 0 80 (1031209040)
                              [N9:P] MOTOR_I 0 0 (0)
                              [N9:P] [undefined] 61 119 0 0 (1031208960)
                              [N12:Z] MOTOR_I 0 0 (0)
                              [N12:Z] [undefined] 61 119 0 80 (1031209040)
2025-08-15 18:27:42:915 [IN ] C8 24 09 18 25 A5 09 01 31 03 CF 00 00 0D B3 25 A5 09 01 31 05 E6 3D 77 00 00 DA A5 50 C8 24 0C 18 25 A5 0C 01 31 03 CF 00 04 14 CC 25 A5 0C 01 31 05 E6 3D 77 00 50 2D 10 50 C8 24 09 18 25 A5 
09 01 31 03 CF 00 00 0D B3 25 A5 09 01 31 05 E6 3D 77 00 00 DA A5 50 C8 24 0C 18 25 A5 0C 01 31 03 CF 00 0B 1B D3 25 A5 0C 01 31 05 E6 3D 77 00 50 2D 10 50 (116)
                              [N9:P] MOTOR_I 0 0 (0)
                              [N9:P] [undefined] 61 119 0 0 (1031208960)
                              [N12:Z] MOTOR_I 0 4 (4)
                              [N12:Z] [undefined] 61 119 0 80 (1031209040)
                              [N9:P] MOTOR_I 0 0 (0)
                              [N9:P] [undefined] 61 119 0 0 (1031208960)
                              [N12:Z] MOTOR_I 0 11 (11)
                              [N12:Z] [undefined] 61 119 0 80 (1031209040)
2025-08-15 18:27:43:116 [IN ] C8 24 09 18 25 A5 09 01 31 03 CF 00 00 0D B3 25 A5 09 01 31 05 E6 3D 77 00 00 DA A5 50 C8 24 0C 18 25 A5 0C 01 31 03 CF 00 08 18 D0 25 A5 0C 01 31 05 E6 3D 77 00 50 2D 10 50 C8 24 09 18 25 A5 
09 01 31 03 CF 00 00 0D B3 25 A5 09 01 31 05 E6 3D 77 00 00 DA A5 50 (87)
                              [N9:P] MOTOR_I 0 0 (0)
                              [N9:P] [undefined] 61 119 0 0 (1031208960)
                              [N12:Z] MOTOR_I 0 8 (8)
                              [N12:Z] [undefined] 61 119 0 80 (1031209040)
                              [N9:P] MOTOR_I 0 0 (0)
                              [N9:P] [undefined] 61 119 0 0 (1031208960)
2025-08-15 18:27:43:318 [IN ] C8 24 0C 18 25 A5 0C 01 31 03 CF 00 01 11 C9 25 A5 0C 01 31 05 E6 3D 77 00 50 2D 10 50 C8 24 09 18 25 A5 09 01 31 03 CF 00 00 0D B3 25 A5 09 01 31 05 E6 3D 77 00 00 DA A5 50 C8 24 0C 18 25 A5 
0C 01 31 03 CF 00 07 17 CF 25 A5 0C 01 31 05 E6 3D 77 00 50 2D 10 50 C8 24 09 18 25 A5 09 01 31 03 CF 00 00 0D B3 25 A5 09 01 31 05 E6 3D 77 00 00 DA A5 50 C8 24 0C 18 25 A5 0C 01 31 03 CF 00 
04 14 CC 25 A5 0C 01 31 05 E6 3D 77 00 50 2D 10 50 (145)
                              [N12:Z] MOTOR_I 0 1 (1)
                              [N12:Z] [undefined] 61 119 0 80 (1031209040)
                              [N9:P] MOTOR_I 0 0 (0)
                              [N9:P] [undefined] 61 119 0 0 (1031208960)
                              [N12:Z] MOTOR_I 0 7 (7)
                              [N12:Z] [undefined] 61 119 0 80 (1031209040)
                              [N9:P] MOTOR_I 0 0 (0)
                              [N9:P] [undefined] 61 119 0 0 (1031208960)
                              [N12:Z] MOTOR_I 0 4 (4)
                              [N12:Z] [undefined] 61 119 0 80 (1031209040)
2025-08-15 18:27:43:521 [IN ] C8 24 09 0E 25 A5 09 01 31 03 CF 00 00 0D B3 25 A5 09 01 C8 24 09 0A 01 31 05 E6 3D 77 00 00 DA A5 B3 C8 24 0C 18 25 A5 0C 01 31 03 CF 00 01 11 C9 25 A5 0C 01 31 05 E6 3D 77 00 50 2D 10 50 C8 
24 09 15 25 A5 09 01 31 03 CF 00 00 0D B3 25 A5 09 01 31 05 E6 3D 77 00 50 C8 24 0C 18 25 A5 0C 01 31 03 CF 00 02 12 CA 25 A5 0C 01 31 05 E6 3D 77 00 50 2D 10 50 (118)
                              [N9:P] MOTOR_I 0 0 (0)
                              [N9:P] [undefined] 61 119 0 0 (1031208960)
                              [N12:Z] MOTOR_I 0 1 (1)
                              [N12:Z] [undefined] 61 119 0 80 (1031209040)
                              [N9:P] MOTOR_I 0 0 (0)
                              [N12:Z] MOTOR_I 0 2 (2)
                              [N12:Z] [undefined] 61 119 0 80 (1031209040)
2025-08-15 18:27:43:722 [IN ] C8 24 09 1B 00 DA A5 25 A5 09 01 31 03 CF 00 00 0D B3 25 A5 09 01 31 05 E6 3D 77 00 00 DA A5 05 C8 24 0C 18 25 A5 0C 01 31 03 CF 00 0E 1E D6 25 A5 0C 01 31 05 E6 3D 77 00 50 2D 10 00 C8 24 09 
18 25 A5 09 01 31 03 CF 00 00 0D B3 25 A5 09 01 31 05 E6 3D 77 00 00 DA A5 00 (90)
                              [N9:P] [undefined] 61 119 0 0 (1031208960)
                              [N9:P] MOTOR_I 0 0 (0)
                              [N9:P] [undefined] 61 119 0 0 (1031208960)
                              [N12:Z] MOTOR_I 0 14 (14)
                              [N12:Z] [undefined] 61 119 0 80 (1031209040)
                              [N9:P] MOTOR_I 0 0 (0)
                              [N9:P] [undefined] 61 119 0 0 (1031208960)
2025-08-15 18:27:43:923 [IN ] C8 24 0C 18 25 A5 0C 01 31 03 CF 00 00 10 C8 25 A5 0C 01 31 05 E6 3D 77 00 50 2D 10 00 C8 24 09 18 25 A5 09 01 31 03 CF 00 00 0D B3 25 A5 09 01 31 05 E6 3D 77 00 00 DA A5 00 C8 24 0C 0E 25 A5 
0C 01 31 03 CF 00 01 11 C9 25 A5 0C 01 C8 24 0C 0A 01 31 05 E6 3D 77 00 50 2D 10 C9 C8 24 09 18 25 A5 09 01 31 03 CF 00 00 0D B3 25 A5 09 01 31 05 E6 3D 77 00 00 DA A5 00 C8 24 0C 15 25 A5 0C 
01 31 03 CF 00 01 11 C9 25 A5 0C 01 31 05 E6 3D 77 00 00 (147)
                              [N12:Z] MOTOR_I 0 0 (0)
                              [N12:Z] [undefined] 61 119 0 80 (1031209040)
                              [N9:P] MOTOR_I 0 0 (0)
                              [N9:P] [undefined] 61 119 0 0 (1031208960)
                              [N12:Z] MOTOR_I 0 1 (1)
                              [N12:Z] [undefined] 61 119 0 80 (1031209040)
                              [N9:P] MOTOR_I 0 0 (0)
                              [N9:P] [undefined] 61 119 0 0 (1031208960)
                              [N12:Z] MOTOR_I 0 1 (1)
2025-08-15 18:27:44:126 [IN ] C8 24 09 18 25 A5 09 01 31 03 CF 00 00 0D B3 25 A5 09 01 31 05 E6 3D 77 00 00 DA A5 00 C8 24 0C 1B 50 2D 10 25 A5 0C 01 31 03 CF 00 00 10 C8 25 A5 0C 01 31 05 E6 3D 77 00 50 2D 10 05 C8 24 09 
18 25 A5 09 01 31 03 CF 00 00 0D B3 25 A5 09 01 31 05 E6 3D 77 00 00 DA A5 50 C8 24 0C 18 25 A5 0C 01 31 03 CF 00 03 13 CB 25 A5 0C 01 31 05 E6 3D 77 00 50 2D 10 50 (119)
                              [N9:P] MOTOR_I 0 0 (0)
                              [N9:P] [undefined] 61 119 0 0 (1031208960)
                              [N12:Z] [undefined] 61 119 0 80 (1031209040)
                              [N12:Z] MOTOR_I 0 0 (0)
                              [N12:Z] [undefined] 61 119 0 80 (1031209040)
                              [N9:P] MOTOR_I 0 0 (0)
                              [N9:P] [undefined] 61 119 0 0 (1031208960)
                              [N12:Z] MOTOR_I 0 3 (3)
                              [N12:Z] [undefined] 61 119 0 80 (1031209040)
2025-08-15 18:27:44:327 [IN ] C8 24 09 18 25 A5 09 01 31 03 CF 00 00 0D B3 25 A5 09 01 31 05 E6 3D 77 00 00 DA A5 50 C8 24 0C 18 25 A5 0C 01 31 03 CF 00 06 16 CE 25 A5 0C 01 31 05 E6 3D 77 00 50 2D 10 50 C8 24 09 18 25 A5 
09 01 31 03 CF 00 00 0D B3 25 A5 09 01 31 05 E6 3D 77 00 00 DA A5 50 C8 24 0C 18 25 A5 0C 01 31 03 CF 00 0A 1A D2 25 A5 0C 01 31 05 E6 3D 77 00 50 2D 10 50 (116)
                              [N9:P] MOTOR_I 0 0 (0)
                              [N9:P] [undefined] 61 119 0 0 (1031208960)
                              [N12:Z] MOTOR_I 0 6 (6)
                              [N12:Z] [undefined] 61 119 0 80 (1031209040)
                              [N9:P] MOTOR_I 0 0 (0)
                              [N9:P] [undefined] 61 119 0 0 (1031208960)
                              [N12:Z] MOTOR_I 0 10 (10)
                              [N12:Z] [undefined] 61 119 0 80 (1031209040)
2025-08-15 18:27:44:528 [IN ] C8 24 09 18 25 A5 09 01 31 03 CF 00 00 0D B3 25 A5 09 01 31 05 E6 3D 77 00 00 DA A5 50 C8 24 0C 18 25 A5 0C 01 31 03 CF 00 00 10 C8 25 A5 0C 01 31 05 E6 3D 77 00 50 2D 10 50 C8 24 09 18 25 A5 
09 01 31 03 CF 00 00 0D B3 25 A5 09 01 31 05 E6 3D 77 00 00 DA A5 50 C8 24 0C 18 25 A5 0C 01 31 03 CF 00 04 14 CC 25 A5 0C 01 31 05 E6 3D 77 00 50 2D 10 50 (116)
                              [N9:P] MOTOR_I 0 0 (0)
                              [N9:P] [undefined] 61 119 0 0 (1031208960)
                              [N12:Z] MOTOR_I 0 0 (0)
                              [N12:Z] [undefined] 61 119 0 80 (1031209040)
                              [N9:P] MOTOR_I 0 0 (0)
                              [N9:P] [undefined] 61 119 0 0 (1031208960)
                              [N12:Z] MOTOR_I 0 4 (4)
                              [N12:Z] [undefined] 61 119 0 80 (1031209040)
2025-08-15 18:27:44:730 [IN ] C8 24 09 18 25 A5 09 01 31 03 CF 00 00 0D B3 25 A5 09 01 31 05 E6 3D 77 00 00 DA A5 50 C8 24 0C 18 25 A5 0C 01 31 03 CF 00 0A 1A D2 25 A5 0C 01 31 05 E6 3D 77 00 50 2D 10 50 C8 24 09 18 25 A5 
09 01 31 03 CF 00 00 0D B3 25 A5 09 01 31 05 E6 3D 77 00 00 DA A5 50 C8 24 0C 18 25 A5 0C 01 31 03 CF 00 0D 1D D5 25 A5 0C 01 31 05 E6 3D 77 (111)
                              [N9:P] MOTOR_I 0 0 (0)
                              [N9:P] [undefined] 61 119 0 0 (1031208960)
                              [N12:Z] MOTOR_I 0 10 (10)
                              [N12:Z] [undefined] 61 119 0 80 (1031209040)
                              [N9:P] MOTOR_I 0 0 (0)
                              [N9:P] [undefined] 61 119 0 0 (1031208960)
2025-08-15 18:27:44:932 [IN ] 00 50 2D 10 50 C8 24 09 18 25 A5 09 01 31 03 CF 00 00 0D B3 25 A5 09 01 31 05 E6 3D 77 00 00 DA A5 50 C8 24 0C 18 25 A5 0C 01 31 03 CF 00 10 20 D8 25 A5 0C 01 31 05 E6 3D 77 00 50 2D 10 50 C8 
24 09 18 25 A5 09 01 31 03 CF 00 00 0D B3 25 A5 09 01 31 05 E6 3D 77 00 00 DA A5 50 C8 24 0C 18 25 A5 0C 01 31 03 CF 00 07 17 CF 25 A5 0C 01 31 05 E6 3D 77 00 50 2D 10 50 (121)
                              [N12:Z] MOTOR_I 0 13 (13)
                              [N12:Z] [undefined] 61 119 0 80 (1031209040)
                              [N9:P] MOTOR_I 0 0 (0)
                              [N9:P] [undefined] 61 119 0 0 (1031208960)
                              [N12:Z] MOTOR_I 0 16 (16)
                              [N12:Z] [undefined] 61 119 0 80 (1031209040)
                              [N9:P] MOTOR_I 0 0 (0)
                              [N9:P] [undefined] 61 119 0 0 (1031208960)
                              [N12:Z] MOTOR_I 0 7 (7)
                              [N12:Z] [undefined] 61 119 0 80 (1031209040)
2025-08-15 18:27:45:133 [IN ] C8 24 09 18 25 A5 09 01 31 03 CF 00 00 0D B3 25 A5 09 01 31 05 E6 3D 77 00 00 DA A5 50 C8 24 0C 18 25 A5 0C 01 31 03 CF 00 02 12 CA 25 A5 0C 01 31 05 E6 3D 77 00 50 2D 10 50 C8 24 09 18 25 A5 
09 01 31 03 CF 00 00 0D B3 25 A5 09 01 31 05 E6 3D 77 00 00 DA A5 50 C8 24 0C 18 25 A5 0C 01 31 03 CF 00 06 16 CE 25 A5 0C 01 31 05 E6 3D 77 00 50 2D 10 50 (116)
                              [N9:P] MOTOR_I 0 0 (0)
                              [N9:P] [undefined] 61 119 0 0 (1031208960)
                              [N12:Z] MOTOR_I 0 2 (2)
                              [N12:Z] [undefined] 61 119 0 80 (1031209040)
                              [N9:P] MOTOR_I 0 0 (0)
                              [N9:P] [undefined] 61 119 0 0 (1031208960)
                              [N12:Z] MOTOR_I 0 6 (6)
                              [N12:Z] [undefined] 61 119 0 80 (1031209040)
2025-08-15 18:27:45:334 [IN ] C8 24 09 0E 25 A5 09 01 31 03 CF 00 00 0D B3 25 A5 09 01 C8 24 09 0A 01 31 05 E6 3D 77 00 00 DA A5 B3 C8 24 0C 18 25 A5 0C 01 31 03 CF 00 07 17 CF 25 A5 0C 01 31 05 E6 3D 77 00 50 2D 10 50 C8 
24 09 15 25 A5 09 01 31 03 CF 00 00 0D B3 25 A5 09 01 31 05 E6 3D 77 00 50 (89)
                              [N9:P] MOTOR_I 0 0 (0)
                              [N9:P] [undefined] 61 119 0 0 (1031208960)
                              [N12:Z] MOTOR_I 0 7 (7)
                              [N12:Z] [undefined] 61 119 0 80 (1031209040)
                              [N9:P] MOTOR_I 0 0 (0)
2025-08-15 18:27:45:537 [IN ] C8 24 0C 18 25 A5 0C 01 31 03 CF 00 03 13 CB 25 A5 0C 01 31 05 E6 3D 77 00 50 2D 10 50 C8 24 09 1B 00 DA A5 25 A5 09 01 31 03 CF 00 00 0D B3 25 A5 09 01 31 05 E6 3D 77 00 00 DA A5 05 C8 24 0C 
18 25 A5 0C 01 31 03 CF 00 0B 1B D3 25 A5 0C 01 31 05 E6 3D 77 00 50 2D 10 00 C8 24 09 18 25 A5 09 01 31 03 CF 00 00 0D B3 25 A5 09 01 31 05 E6 3D 77 00 00 DA A5 00 C8 24 0C 18 25 A5 0C 01 31 
03 CF 00 08 18 D0 25 A5 0C 01 31 05 E6 3D 77 00 50 2D 10 00 (148)
                              [N12:Z] MOTOR_I 0 3 (3)
                              [N12:Z] [undefined] 61 119 0 80 (1031209040)
                              [N9:P] [undefined] 61 119 0 0 (1031208960)
                              [N9:P] MOTOR_I 0 0 (0)
                              [N9:P] [undefined] 61 119 0 0 (1031208960)
                              [N12:Z] MOTOR_I 0 11 (11)
                              [N12:Z] [undefined] 61 119 0 80 (1031209040)
                              [N9:P] MOTOR_I 0 0 (0)
                              [N9:P] [undefined] 61 119 0 0 (1031208960)
                              [N12:Z] MOTOR_I 0 8 (8)
                              [N12:Z] [undefined] 61 119 0 80 (1031209040)
2025-08-15 18:27:45:738 [IN ] C8 24 09 18 25 A5 09 01 31 03 CF 00 00 0D B3 25 A5 09 01 31 05 E6 3D 77 00 00 DA A5 00 C8 24 0C 0E 25 A5 0C 01 31 03 CF 00 09 19 D1 25 A5 0C 01 C8 24 0C 0A 01 31 05 E6 3D 77 00 50 2D 10 D1 C8 
24 09 18 25 A5 09 01 31 03 CF 00 00 0D B3 25 A5 09 01 31 05 E6 3D 77 00 00 DA A5 00 C8 24 0C 15 25 A5 0C 01 31 03 CF 00 0E 1E D6 25 A5 0C 01 31 05 E6 3D 77 00 00 (118)
                              [N9:P] MOTOR_I 0 0 (0)
                              [N9:P] [undefined] 61 119 0 0 (1031208960)
                              [N12:Z] MOTOR_I 0 9 (9)
                              [N12:Z] [undefined] 61 119 0 80 (1031209040)
                              [N9:P] MOTOR_I 0 0 (0)
                              [N9:P] [undefined] 61 119 0 0 (1031208960)
                              [N12:Z] MOTOR_I 0 14 (14)
2025-08-15 18:27:45:941 [IN ] C8 24 09 18 25 A5 09 01 31 03 CF 00 00 0D B3 25 A5 09 01 31 05 E6 3D 77 00 00 DA A5 00 C8 24 0C 1B 50 2D 10 25 A5 0C 01 31 03 CF 00 04 14 CC 25 A5 0C 01 31 05 E6 3D 77 00 50 2D 10 05 C8 24 09 
18 25 A5 09 01 31 03 CF 00 00 0D B3 25 A5 09 01 31 05 E6 3D 77 00 00 DA A5 50 C8 24 0C 18 25 A5 0C 01 31 03 CF 00 01 11 C9 25 A5 0C 01 31 05 E6 3D 77 00 50 2D 10 50 (119)
                              [N9:P] MOTOR_I 0 0 (0)
                              [N9:P] [undefined] 61 119 0 0 (1031208960)
                              [N12:Z] [undefined] 61 119 0 80 (1031209040)
                              [N12:Z] MOTOR_I 0 4 (4)
                              [N12:Z] [undefined] 61 119 0 80 (1031209040)
                              [N9:P] MOTOR_I 0 0 (0)
                              [N9:P] [undefined] 61 119 0 0 (1031208960)
                              [N12:Z] MOTOR_I 0 1 (1)
                              [N12:Z] [undefined] 61 119 0 80 (1031209040)
2025-08-15 18:27:46:143 [IN ] C8 24 09 18 25 A5 09 01 31 03 CF 00 00 0D B3 25 A5 09 01 31 05 E6 3D 77 00 00 DA A5 50 C8 24 0C 18 25 A5 0C 01 31 03 CF 00 01 11 C9 25 A5 0C 01 31 05 E6 3D 77 00 50 2D 10 50 C8 24 09 18 25 A5 
09 01 31 03 CF 00 00 0D B3 25 A5 09 01 31 05 E6 3D 77 00 00 DA A5 50 C8 24 0C 18 25 A5 0C 01 31 03 CF 00 00 10 C8 25 A5 0C 01 31 05 E6 3D 77 00 50 2D 10 50 (116)
                              [N9:P] MOTOR_I 0 0 (0)
                              [N9:P] [undefined] 61 119 0 0 (1031208960)
                              [N12:Z] MOTOR_I 0 1 (1)
                              [N12:Z] [undefined] 61 119 0 80 (1031209040)
                              [N9:P] MOTOR_I 0 0 (0)
                              [N9:P] [undefined] 61 119 0 0 (1031208960)
                              [N12:Z] MOTOR_I 0 0 (0)
                              [N12:Z] [undefined] 61 119 0 80 (1031209040)
2025-08-15 18:27:46:344 [IN ] C8 24 09 18 25 A5 09 01 31 03 CF 00 00 0D B3 25 A5 09 01 31 05 E6 3D 77 00 00 DA A5 50 C8 24 0C 18 25 A5 0C 01 31 03 CF 00 03 13 CB 25 A5 0C 01 31 05 E6 3D 77 00 50 2D 10 50 C8 24 09 18 25 A5 
09 01 31 03 CF 00 00 0D B3 25 A5 09 01 31 05 E6 3D 77 00 00 DA A5 50 C8 24 0C 18 25 A5 0C 01 31 03 CF 00 09 19 D1 25 A5 0C 01 31 05 E6 3D 77 00 50 2D 10 50 (116)
                              [N9:P] MOTOR_I 0 0 (0)
                              [N9:P] [undefined] 61 119 0 0 (1031208960)
                              [N12:Z] MOTOR_I 0 3 (3)
                              [N12:Z] [undefined] 61 119 0 80 (1031209040)
                              [N9:P] MOTOR_I 0 0 (0)
                              [N9:P] [undefined] 61 119 0 0 (1031208960)
                              [N12:Z] MOTOR_I 0 9 (9)
                              [N12:Z] [undefined] 61 119 0 80 (1031209040)
2025-08-15 18:27:46:546 [IN ] C8 24 09 18 25 A5 09 01 31 03 CF 00 00 0D B3 25 A5 09 01 31 05 E6 3D 77 00 00 DA A5 50 C8 24 0C 18 25 A5 0C 01 31 03 CF 00 08 18 D0 25 A5 0C 01 31 05 E6 3D 77 00 50 2D 10 50 C8 24 09 18 25 A5 
09 01 31 03 CF 00 00 0D B3 25 A5 09 01 31 05 E6 3D 77 00 00 DA A5 50 C8 24 0C 18 25 A5 0C 01 31 03 CF 00 0A 1A D2 25 A5 0C 01 31 05 E6 3D 77 00 50 2D 10 50 (116)
                              [N9:P] MOTOR_I 0 0 (0)
                              [N9:P] [undefined] 61 119 0 0 (1031208960)
                              [N12:Z] MOTOR_I 0 8 (8)
                              [N12:Z] [undefined] 61 119 0 80 (1031209040)
                              [N9:P] MOTOR_I 0 0 (0)
                              [N9:P] [undefined] 61 119 0 0 (1031208960)
                              [N12:Z] MOTOR_I 0 10 (10)
                              [N12:Z] [undefined] 61 119 0 80 (1031209040)
2025-08-15 18:27:46:747 [IN ] C8 24 09 18 25 A5 09 01 31 03 CF 00 00 0D B3 25 A5 09 01 31 05 E6 3D 77 00 00 DA A5 50 C8 24 0C 18 25 A5 0C 01 31 03 CF 00 0C 1C D4 25 A5 0C 01 31 05 E6 3D 77 00 50 2D 10 50 C8 24 09 18 25 A5 
09 01 31 03 CF 00 00 0D B3 25 A5 09 01 31 05 E6 3D 77 00 00 DA A5 50 C8 24 0C 18 25 A5 0C 01 31 03 CF 00 0D 1D D5 25 A5 0C 01 31 05 E6 3D 77 00 50 2D 10 50 (116)
                              [N9:P] MOTOR_I 0 0 (0)
                              [N9:P] [undefined] 61 119 0 0 (1031208960)
                              [N12:Z] MOTOR_I 0 12 (12)
                              [N12:Z] [undefined] 61 119 0 80 (1031209040)
                              [N9:P] MOTOR_I 0 0 (0)
                              [N9:P] [undefined] 61 119 0 0 (1031208960)
                              [N12:Z] MOTOR_I 0 13 (13)
                              [N12:Z] [undefined] 61 119 0 80 (1031209040)
2025-08-15 18:27:46:948 [IN ] C8 24 09 18 25 A5 09 01 31 03 CF 00 00 0D B3 25 A5 09 01 31 05 E6 3D 77 00 00 DA A5 50 C8 24 0C 18 25 A5 0C 01 31 03 CF 00 07 17 CF 25 A5 0C 01 31 05 E6 3D 77 00 50 2D 10 50 C8 24 09 18 25 A5 
09 01 31 03 CF 00 00 0D B3 25 A5 09 01 31 05 E6 3D 77 00 00 DA A5 50 C8 24 0C 18 25 A5 0C 01 31 03 CF 00 08 18 D0 25 A5 0C 01 31 (107)
                              [N9:P] MOTOR_I 0 0 (0)
                              [N9:P] [undefined] 61 119 0 0 (1031208960)
                              [N12:Z] MOTOR_I 0 7 (7)
                              [N12:Z] [undefined] 61 119 0 80 (1031209040)
                              [N9:P] MOTOR_I 0 0 (0)
                              [N9:P] [undefined] 61 119 0 0 (1031208960)
2025-08-15 18:27:47:151 [IN ] 05 E6 3D 77 00 50 2D 10 50 C8 24 09 0E 25 A5 09 01 31 03 CF 00 00 0D B3 25 A5 09 01 C8 24 09 0A 01 31 05 E6 3D 77 00 00 DA A5 B3 C8 24 0C 18 25 A5 0C 01 31 03 CF 00 01 11 C9 25 A5 0C 01 31 05 
E6 3D 77 00 50 2D 10 50 C8 24 09 15 25 A5 09 01 31 03 CF 00 00 0D B3 25 A5 09 01 31 05 E6 3D 77 00 50 C8 24 0C 18 25 A5 0C 01 31 03 CF 00 04 14 CC 25 A5 0C 01 31 05 E6 3D 77 00 50 2D 10 50 (127)
                              [N12:Z] MOTOR_I 0 8 (8)
                              [N12:Z] [undefined] 61 119 0 80 (1031209040)
                              [N9:P] MOTOR_I 0 0 (0)
                              [N9:P] [undefined] 61 119 0 0 (1031208960)
                              [N12:Z] MOTOR_I 0 1 (1)
                              [N12:Z] [undefined] 61 119 0 80 (1031209040)
                              [N9:P] MOTOR_I 0 0 (0)
                              [N12:Z] MOTOR_I 0 4 (4)
                              [N12:Z] [undefined] 61 119 0 80 (1031209040)
2025-08-15 18:27:47:352 [IN ] C8 24 09 1B 00 DA A5 25 A5 09 01 31 03 CF 00 00 0D B3 25 A5 09 01 31 05 E6 3D 77 00 00 DA A5 05 C8 24 0C 18 25 A5 0C 01 31 03 CF 00 0B 1B D3 25 A5 0C 01 31 05 E6 3D 77 00 50 2D 10 00 C8 24 09 
18 25 A5 09 01 31 03 CF 00 00 0D B3 25 A5 09 01 31 05 E6 3D 77 00 00 DA A5 00 C8 24 0C 18 25 A5 0C 01 31 03 CF 00 05 15 CD 25 A5 0C 01 31 05 E6 3D 77 00 50 2D 10 00 (119)
                              [N9:P] [undefined] 61 119 0 0 (1031208960)
                              [N9:P] MOTOR_I 0 0 (0)
                              [N9:P] [undefined] 61 119 0 0 (1031208960)
                              [N12:Z] MOTOR_I 0 11 (11)
                              [N12:Z] [undefined] 61 119 0 80 (1031209040)
                              [N9:P] MOTOR_I 0 0 (0)
                              [N9:P] [undefined] 61 119 0 0 (1031208960)
                              [N12:Z] MOTOR_I 0 5 (5)
                              [N12:Z] [undefined] 61 119 0 80 (1031209040)
2025-08-15 18:27:47:555 [IN ] C8 24 09 18 25 A5 09 01 31 03 CF 00 00 0D B3 25 A5 09 01 31 05 E6 3D 77 00 00 DA A5 00 C8 24 0C 0E 25 A5 0C 01 31 03 CF 00 08 18 D0 25 A5 0C 01 C8 24 0C 0A 01 31 05 E6 3D 77 00 50 2D 10 D0 C8 
24 04 0B 25 A5 04 01 31 03 81 5A 4C 60 A6 25 C8 24 09 18 25 A5 09 01 31 03 CF 00 00 0D B3 25 A5 09 01 31 05 E6 3D 77 00 00 DA A5 00 C8 24 04 0A 25 A5 04 01 31 02 81 49 02 32 B3 C8 24 0C 15 25 
A5 0C 01 31 03 CF 00 03 13 CB 25 A5 0C 01 31 05 E6 3D 77 00 00 (149)
                              [N9:P] MOTOR_I 0 0 (0)
                              [N9:P] [undefined] 61 119 0 0 (1031208960)
                              [N12:Z] MOTOR_I 0 8 (8)
                              [N12:Z] [undefined] 61 119 0 80 (1031209040)
                              [N4:Y] TPOS 'Z' 76 (76)
                              [N9:P] MOTOR_I 0 0 (0)
                              [N9:P] [undefined] 61 119 0 0 (1031208960)
                              [N4:Y] TPOS 'I'
                              [N12:Z] MOTOR_I 0 3 (3)
2025-08-15 18:27:47:779 [OUT] 25 A5 01 09 31 02 D8 3F 54 EC (10)
                              [N9:P] INTERRUPT '?'
2025-08-15 18:27:47:781 [IN ] C8 24 09 18 25 A5 09 01 31 03 CF 00 00 0D B3 25 A5 09 01 31 05 E6 3D 77 00 00 DA A5 00 C8 24 0C 1B 50 2D 10 25 A5 0C 01 31 03 CF 00 09 19 D1 25 A5 0C 01 31 05 E6 3D 77 00 50 2D 10 05 C8 24 09 
18 25 A5 09 01 31 03 CF 00 00 0D B3 25 A5 09 01 31 05 E6 3D 77 00 00 DA A5 50 C8 24 0C 18 25 A5 0C 01 31 03 CF 00 0A 1A D2 25 A5 0C 01 31 05 E6 3D 77 00 50 2D 10 50 (119)
                              [N9:P] MOTOR_I 0 0 (0)
                              [N9:P] [undefined] 61 119 0 0 (1031208960)
                              [N12:Z] [undefined] 61 119 0 80 (1031209040)
                              [N12:Z] MOTOR_I 0 9 (9)
                              [N12:Z] [undefined] 61 119 0 80 (1031209040)
                              [N9:P] MOTOR_I 0 0 (0)
                              [N9:P] [undefined] 61 119 0 0 (1031208960)
                              [N12:Z] MOTOR_I 0 10 (10)
                              [N12:Z] [undefined] 61 119 0 80 (1031209040)
2025-08-15 18:27:48:081 [IN ] C8 24 09 18 25 A5 09 01 31 03 CF 00 00 0D B3 25 A5 09 01 31 05 E6 3D 77 00 00 DA A5 50 C8 24 0C 18 25 A5 0C 01 31 03 CF 00 11 21 D9 25 A5 0C 01 31 05 E6 3D 77 00 50 2D 10 50 C8 24 09 18 25 A5 
09 01 31 03 CF 00 00 0D B3 25 A5 09 01 31 05 E6 3D 77 00 00 DA A5 50 C8 24 09 0C 25 A5 09 01 31 04 D8 3A 01 01 53 9A A5 C8 24 0C 18 25 A5 0C 01 31 03 CF 00 03 13 CB 25 A5 0C 01 31 05 E6 3D 77 
00 50 2D 10 50 C8 24 09 18 25 A5 09 01 31 03 CF 00 00 0D B3 25 A5 09 01 31 05 E6 3D 77 00 00 DA A5 50 C8 24 0C 18 25 A5 0C 01 31 03 CF 00 05 15 CD 25 A5 0C 01 31 05 E6 3D 77 00 50 2D 10 50 (191)
                              [N9:P] MOTOR_I 0 0 (0)
                              [N9:P] [undefined] 61 119 0 0 (1031208960)
                              [N12:Z] MOTOR_I 0 17 (17)
                              [N12:Z] [undefined] 61 119 0 80 (1031209040)
                              [N9:P] MOTOR_I 0 0 (0)
                              [N9:P] [undefined] 61 119 0 0 (1031208960)
                              [N9:P] INTERRUPT ':' 1 1 (257)
                              [N12:Z] MOTOR_I 0 3 (3)
                              [N12:Z] [undefined] 61 119 0 80 (1031209040)
                              [N9:P] MOTOR_I 0 0 (0)
                              [N9:P] [undefined] 61 119 0 0 (1031208960)
                              [N12:Z] MOTOR_I 0 5 (5)
                              [N12:Z] [undefined] 61 119 0 80 (1031209040)
2025-08-15 18:27:48:103 [OUT] 25 A5 01 04 31 03 C9 3D 09 48 FE (11)
                              [N4:Y] LFLAG '=' 9 (9)
2025-08-15 18:27:48:126 [OUT] 25 A5 01 07 31 02 D8 3F 52 E2 (10)
                              [N7:N] INTERRUPT '?'
2025-08-15 18:27:48:126 [IN ] C8 24 09 18 25 A5 09 01 31 03 CF 00 00 0D B3 25 A5 09 01 31 05 E6 3D 77 00 00 DA A5 50 (29)
                              [N9:P] MOTOR_I 0 0 (0)
                              [N9:P] [undefined] 61 119 0 0 (1031208960)
2025-08-15 18:27:48:428 [IN ] C8 24 0C 18 25 A5 0C 01 31 03 CF 00 05 15 CD 25 A5 0C 01 31 05 E6 3D 77 00 50 2D 10 50 C8 24 09 18 25 A5 09 01 31 03 CF 00 00 0D B3 25 A5 09 01 31 05 E6 3D 77 00 00 DA A5 50 C8 24 0C 18 25 A5 
0C 01 31 03 CF 00 04 14 CC 25 A5 0C 01 31 05 E6 3D 77 00 50 2D 10 50 C8 24 04 0B 25 A5 04 01 31 03 C9 3A 09 45 FB 25 C8 24 09 18 25 A5 09 01 31 03 CF 00 00 0D B3 25 A5 09 01 31 05 E6 3D 77 00 
00 DA A5 50 C8 24 0C 18 25 A5 0C 01 31 03 CF 00 03 13 CB 25 A5 0C 01 31 05 E6 3D 77 00 50 2D 10 50 C8 24 07 0C 25 A5 07 01 31 04 D8 3A 01 01 51 8A A5 C8 24 09 18 25 A5 09 01 31 03 CF 00 00 0D 
B3 25 A5 09 01 31 05 E6 3D 77 00 00 DA A5 50 (207)
                              [N12:Z] MOTOR_I 0 5 (5)
                              [N12:Z] [undefined] 61 119 0 80 (1031209040)
                              [N9:P] MOTOR_I 0 0 (0)
                              [N9:P] [undefined] 61 119 0 0 (1031208960)
                              [N12:Z] MOTOR_I 0 4 (4)
                              [N12:Z] [undefined] 61 119 0 80 (1031209040)
                              [N4:Y] LFLAG ':' 9 (9)
                              [N9:P] MOTOR_I 0 0 (0)
                              [N9:P] [undefined] 61 119 0 0 (1031208960)
                              [N12:Z] MOTOR_I 0 3 (3)
                              [N12:Z] [undefined] 61 119 0 80 (1031209040)
                              [N7:N] INTERRUPT ':' 1 1 (257)
                              [N9:P] MOTOR_I 0 0 (0)
                              [N9:P] [undefined] 61 119 0 0 (1031208960)
2025-08-15 18:27:48:450 [OUT] 25 A5 01 09 31 03 C9 3D 0B 4F 1E (11)
                              [N9:P] LFLAG '=' 11 (11)
2025-08-15 18:27:48:471 [OUT] 25 A5 01 07 31 03 C9 3D 0B 4D 12 (11)
                              [N7:N] LFLAG '=' 11 (11)
2025-08-15 18:27:48:472 [IN ] C8 24 0C 18 25 A5 0C 01 31 03 CF 00 00 10 C8 25 A5 0C 01 31 05 E6 3D 77 00 50 2D 10 50 (29)
                              [N12:Z] MOTOR_I 0 0 (0)
                              [N12:Z] [undefined] 61 119 0 80 (1031209040)
2025-08-15 18:27:48:514 [IN ] C8 24 09 18 25 A5 09 01 31 03 CF 00 00 0D B3 25 A5 09 01 31 05 E6 3D 77 00 00 DA A5 50 (29)
                              [N9:P] MOTOR_I 0 0 (0)
                              [N9:P] [undefined] 61 119 0 0 (1031208960)
2025-08-15 18:27:48:556 [IN ] C8 24 0C 18 25 A5 0C 01 31 03 CF 00 09 19 D1 25 A5 0C 01 31 05 E6 3D 77 00 50 2D 10 50 (29)
                              [N12:Z] MOTOR_I 0 9 (9)
                              [N12:Z] [undefined] 61 119 0 80 (1031209040)
2025-08-15 18:27:48:618 [IN ] C8 24 09 23 25 A5 09 01 31 03 CF 00 00 0D B3 25 A5 09 01 31 05 E6 3D 77 00 00 DA A5 25 A5 09 01 31 03 C9 3A 0B 4C 20 B0 (40)
                              [N9:P] MOTOR_I 0 0 (0)
                              [N9:P] [undefined] 61 119 0 0 (1031208960)
                              [N9:P] LFLAG ':' 11 (11)
2025-08-15 18:27:48:639 [OUT] 25 A5 01 09 31 03 88 00 50 16 26 (11)
                              [N9:P] RUN 0 80 (80)
2025-08-15 18:27:48:681 [IN ] C8 24 0C 18 25 A5 0C 01 31 03 CF 00 05 15 CD 25 A5 0C 01 31 05 E6 3D 77 00 50 2D 10 25 (29)
                              [N12:Z] MOTOR_I 0 5 (5)
                              [N12:Z] [undefined] 61 119 0 80 (1031209040)
2025-08-15 18:27:48:723 [IN ] C8 24 09 18 25 A5 09 01 31 03 CF 00 00 0D B3 25 A5 09 01 31 05 E6 3D 77 00 00 DA A5 25 (29)
                              [N9:P] MOTOR_I 0 0 (0)
                              [N9:P] [undefined] 61 119 0 0 (1031208960)
2025-08-15 18:27:48:744 [IN ] C8 24 07 0B 25 A5 07 01 31 03 C9 3A 0B 4A 12 25 (16)
                              [N7:N] LFLAG ':' 11 (11)
2025-08-15 18:27:48:765 [OUT] 25 A5 01 07 31 03 88 00 50 14 1A (11)
                              [N7:N] RUN 0 80 (80)
2025-08-15 18:27:48:765 [IN ] C8 24 0C 18 25 A5 0C 01 31 03 CF 00 02 12 CA 25 A5 0C 01 31 05 E6 3D 77 00 50 2D 10 25 (29)
                              [N12:Z] MOTOR_I 0 2 (2)
                              [N12:Z] [undefined] 61 119 0 80 (1031209040)
2025-08-15 18:27:48:807 [IN ] C8 24 09 0E 25 A5 09 01 31 03 CF 00 00 0D B3 25 A5 09 01 C8 24 09 0A 01 31 05 E6 3D 77 00 00 DA A5 B3 (34)
                              [N9:P] MOTOR_I 0 0 (0)
                              [N9:P] [undefined] 61 119 0 0 (1031208960)
2025-08-15 18:27:48:829 [IN ] C8 24 09 0C 25 A5 09 01 31 04 88 53 00 50 6A F2 A5 (17)
                              [N9:P] RUN 'S' 0 80 (80)
2025-08-15 18:27:48:871 [IN ] C8 24 0C 18 25 A5 0C 01 31 03 CF 00 10 20 D8 25 A5 0C 01 31 05 E6 3D 77 00 50 2D 10 25 (29)
                              [N12:Z] MOTOR_I 0 16 (16)
                              [N12:Z] [undefined] 61 119 0 80 (1031209040)
2025-08-15 18:27:48:893 [IN ] C8 24 09 20 25 A5 09 01 31 03 81 5A 4C 65 C9 25 A5 09 01 31 03 CF 00 00 0D B3 25 A5 09 01 31 05 E6 3D 77 00 0B (37)
                              [N9:P] TPOS 'Z' 76 (76)
                              [N9:P] MOTOR_I 0 0 (0)
2025-08-15 18:27:48:936 [IN ] C8 24 07 0C 25 A5 07 01 31 04 88 53 00 50 68 E2 A5 C8 24 09 0D 00 DA A5 25 A5 09 01 31 (29)
                              [N7:N] RUN 'S' 0 80 (80)
2025-08-15 18:27:49:139 [IN ] 02 81 49 07 50 09 C8 24 0C 18 25 A5 0C 01 31 03 CF 00 0A 1A D2 25 A5 0C 01 31 05 E6 3D 77 00 50 2D 10 09 C8 24 09 18 25 A5 09 01 31 03 CF 00 00 0D B3 25 A5 09 01 31 05 E6 3D 77 00 00 DA A5 09 
C8 24 0C 18 25 A5 0C 01 31 03 CF 00 09 19 D1 25 A5 0C 01 31 05 E6 3D 77 00 50 2D 10 09 C8 24 09 18 25 A5 09 01 31 03 CF 00 00 0D B3 25 A5 09 01 31 05 E6 3D 77 00 00 DA A5 09 (122)
                              [N9:P] [undefined] 61 119 0 0 (1031208960)
                              [N9:P] TPOS 'I'
                              [N12:Z] MOTOR_I 0 10 (10)
                              [N12:Z] [undefined] 61 119 0 80 (1031209040)
                              [N9:P] MOTOR_I 0 0 (0)
                              [N9:P] [undefined] 61 119 0 0 (1031208960)
                              [N12:Z] MOTOR_I 0 9 (9)
                              [N12:Z] [undefined] 61 119 0 80 (1031209040)
                              [N9:P] MOTOR_I 0 0 (0)
                              [N9:P] [undefined] 61 119 0 0 (1031208960)
2025-08-15 18:27:49:342 [IN ] C8 24 0C 18 25 A5 0C 01 31 03 CF 00 18 28 E0 25 A5 0C 01 31 05 E6 3D 77 00 50 2D 10 09 C8 24 09 18 25 A5 09 01 31 03 CF 00 00 0D B3 25 A5 09 01 31 05 E6 3D 77 00 00 DA A5 09 C8 24 0C 0E 25 A5 
0C 01 31 03 CF 00 09 19 D1 25 A5 0C 01 C8 24 0C 0A 01 31 05 E6 3D 77 00 50 2D 10 D1 C8 24 09 18 25 A5 09 01 31 03 CF 00 00 0D B3 25 A5 09 01 31 05 E6 3D 77 00 00 DA A5 09 (121)
                              [N12:Z] MOTOR_I 0 24 (24)
                              [N12:Z] [undefined] 61 119 0 80 (1031209040)
                              [N9:P] MOTOR_I 0 0 (0)
                              [N9:P] [undefined] 61 119 0 0 (1031208960)
                              [N12:Z] MOTOR_I 0 9 (9)
                              [N12:Z] [undefined] 61 119 0 80 (1031209040)
                              [N9:P] MOTOR_I 0 0 (0)
                              [N9:P] [undefined] 61 119 0 0 (1031208960)
2025-08-15 18:27:49:363 [OUT] 25 A5 01 09 31 03 C9 3D 09 4D 1C (11)
                              [N9:P] LFLAG '=' 9 (9)
2025-08-15 18:27:49:364 [IN ] C8 24 0C 15 25 A5 0C 01 31 03 CF 00 04 14 CC 25 A5 0C 01 31 05 E6 3D 77 00 00 (26)
                              [N12:Z] MOTOR_I 0 4 (4)
2025-08-15 18:27:49:385 [OUT] 25 A5 01 04 31 05 81 FF EE 88 01 32 FA (13)
                              [N4:Y] TPOS 255 238 136 1 (-1144831)
2025-08-15 18:27:49:408 [IN ] C8 24 09 18 25 A5 09 01 31 03 CF 00 00 0D B3 25 A5 09 01 31 05 E6 3D 77 00 00 DA A5 09 (29)
                              [N9:P] MOTOR_I 0 0 (0)
                              [N9:P] [undefined] 61 119 0 0 (1031208960)
2025-08-15 18:27:49:449 [IN ] C8 24 0C 1B 50 2D 10 (7)
2025-08-15 18:27:49:471 [IN ] 25 A5 0C 01 31 03 CF 00 04 14 CC 25 A5 0C 01 31 05 E6 3D 77 00 50 2D 10 05 (25)
                              [N12:Z] [undefined] 61 119 0 80 (1031209040)
                              [N12:Z] MOTOR_I 0 4 (4)
                              [N12:Z] [undefined] 61 119 0 80 (1031209040)
2025-08-15 18:27:49:514 [IN ] C8 24 09 18 25 A5 09 01 31 03 CF 00 00 0D B3 25 A5 09 01 31 05 E6 3D 77 00 00 DA A5 50 (29)
                              [N9:P] MOTOR_I 0 0 (0)
                              [N9:P] [undefined] 61 119 0 0 (1031208960)
2025-08-15 18:27:49:535 [IN ] C8 24 09 0B 25 A5 09 01 31 03 C9 3A 09 4A 1E 25 (16)
                              [N9:P] LFLAG ':' 9 (9)
2025-08-15 18:27:49:577 [IN ] C8 24 0C 18 25 A5 0C 01 31 03 CF 00 07 17 CF 25 A5 0C 01 31 05 E6 3D 77 00 50 2D 10 50 (29)
                              [N12:Z] MOTOR_I 0 7 (7)
                              [N12:Z] [undefined] 61 119 0 80 (1031209040)
2025-08-15 18:27:49:620 [IN ] C8 24 09 18 25 A5 09 01 31 03 CF 00 00 0D B3 25 A5 09 01 31 05 E6 3D 77 00 00 DA A5 50 (29)
                              [N9:P] MOTOR_I 0 0 (0)
                              [N9:P] [undefined] 61 119 0 0 (1031208960)
2025-08-15 18:27:49:662 [IN ] C8 24 04 0E 25 A5 04 01 31 06 81 53 00 00 00 00 10 88 01 C8 24 0C 18 25 A5 0C 01 31 03 CF 00 07 17 CF 25 A5 0C 01 31 05 E6 3D 77 00 50 2D 10 50 (48)
                              [N4:Y] TPOS 'S' 0 0 0 0 (0)
                              [N12:Z] MOTOR_I 0 7 (7)
                              [N12:Z] [undefined] 61 119 0 80 (1031209040)
2025-08-15 18:27:49:863 [IN ] C8 24 09 18 25 A5 09 01 31 03 CF 00 00 0D B3 25 A5 09 01 31 05 E6 3D 77 00 00 DA A5 50 C8 24 0C 18 25 A5 0C 01 31 03 CF 00 06 16 CE 25 A5 0C 01 31 05 E6 3D 77 00 50 2D 10 50 C8 24 09 18 25 A5 
09 01 31 03 CF 00 00 0D B3 25 A5 09 01 31 05 E6 3D 77 00 00 DA A5 50 C8 24 0C 18 25 A5 0C 01 31 03 CF 00 00 10 C8 25 A5 0C 01 31 05 E6 3D 77 00 50 2D 10 50 (116)
                              [N9:P] MOTOR_I 0 0 (0)
                              [N9:P] [undefined] 61 119 0 0 (1031208960)
                              [N12:Z] MOTOR_I 0 6 (6)
                              [N12:Z] [undefined] 61 119 0 80 (1031209040)
                              [N9:P] MOTOR_I 0 0 (0)
                              [N9:P] [undefined] 61 119 0 0 (1031208960)
                              [N12:Z] MOTOR_I 0 0 (0)
                              [N12:Z] [undefined] 61 119 0 80 (1031209040)
2025-08-15 18:27:50:065 [IN ] C8 24 09 18 25 A5 09 01 31 03 CF 00 00 0D B3 25 A5 09 01 31 05 E6 3D 77 00 00 DA A5 50 C8 24 0C 18 25 A5 0C 01 31 03 CF 00 01 11 C9 25 A5 0C 01 31 05 E6 3D 77 00 50 2D 10 50 C8 24 09 18 25 A5 
09 01 31 03 CF 00 00 0D B3 25 A5 09 01 31 05 E6 3D 77 00 00 DA A5 50 (87)
                              [N9:P] MOTOR_I 0 0 (0)
                              [N9:P] [undefined] 61 119 0 0 (1031208960)
                              [N12:Z] MOTOR_I 0 1 (1)
                              [N12:Z] [undefined] 61 119 0 80 (1031209040)
                              [N9:P] MOTOR_I 0 0 (0)
                              [N9:P] [undefined] 61 119 0 0 (1031208960)
2025-08-15 18:27:50:266 [IN ] C8 24 0C 18 25 A5 0C 01 31 03 CF 00 06 16 CE 25 A5 0C 01 31 05 E6 3D 77 00 50 2D 10 50 C8 24 09 18 25 A5 09 01 31 03 CF 00 00 0D B3 25 A5 09 01 31 05 E6 3D 77 00 00 DA A5 50 C8 24 0C 18 25 A5 
0C 01 31 03 CF 00 06 16 CE 25 A5 0C 01 31 05 E6 3D 77 00 50 2D 10 50 C8 24 09 18 25 A5 09 01 31 03 CF 00 00 0D B3 25 A5 09 01 31 05 E6 3D 77 00 00 DA A5 50 C8 24 0C 18 25 A5 0C 01 31 03 CF 00 
05 15 CD 25 A5 0C (134)
                              [N12:Z] MOTOR_I 0 6 (6)
                              [N12:Z] [undefined] 61 119 0 80 (1031209040)
                              [N9:P] MOTOR_I 0 0 (0)
                              [N9:P] [undefined] 61 119 0 0 (1031208960)
                              [N12:Z] MOTOR_I 0 6 (6)
                              [N12:Z] [undefined] 61 119 0 80 (1031209040)
                              [N9:P] MOTOR_I 0 0 (0)
                              [N9:P] [undefined] 61 119 0 0 (1031208960)
2025-08-15 18:27:50:468 [IN ] 01 31 05 E6 3D 77 00 50 2D 10 50 C8 24 09 18 25 A5 09 01 31 03 CF 00 00 0D B3 25 A5 09 01 31 05 E6 3D 77 00 00 DA A5 50 C8 24 0C 18 25 A5 0C 01 31 03 CF 00 04 14 CC 25 A5 0C 01 31 05 E6 3D 77 
00 50 2D 10 50 C8 24 09 18 25 A5 09 01 31 03 CF 00 00 0D B3 25 A5 09 01 31 05 E6 3D 77 00 00 DA A5 50 (98)
                              [N12:Z] MOTOR_I 0 5 (5)
                              [N12:Z] [undefined] 61 119 0 80 (1031209040)
                              [N9:P] MOTOR_I 0 0 (0)
                              [N9:P] [undefined] 61 119 0 0 (1031208960)
                              [N12:Z] MOTOR_I 0 4 (4)
                              [N12:Z] [undefined] 61 119 0 80 (1031209040)
                              [N9:P] MOTOR_I 0 0 (0)
                              [N9:P] [undefined] 61 119 0 0 (1031208960)
2025-08-15 18:27:50:669 [IN ] C8 24 0C 18 25 A5 0C 01 31 03 CF 00 03 13 CB 25 A5 0C 01 31 05 E6 3D 77 00 50 2D 10 50 C8 24 09 18 25 A5 09 01 31 03 CF 00 00 0D B3 25 A5 09 01 31 05 E6 3D 77 00 00 DA A5 50 C8 24 0C 18 25 A5 
0C 01 31 03 CF 00 0F 1F D7 25 A5 0C 01 31 05 E6 3D 77 00 50 2D 10 50 C8 24 09 0E 25 A5 09 01 31 03 CF 00 00 0D B3 25 A5 09 01 C8 24 09 0A 01 31 05 E6 3D 77 00 00 DA A5 B3 (121)
                              [N12:Z] MOTOR_I 0 3 (3)
                              [N12:Z] [undefined] 61 119 0 80 (1031209040)
                              [N9:P] MOTOR_I 0 0 (0)
                              [N9:P] [undefined] 61 119 0 0 (1031208960)
                              [N12:Z] MOTOR_I 0 15 (15)
                              [N12:Z] [undefined] 61 119 0 80 (1031209040)
                              [N9:P] MOTOR_I 0 0 (0)
                              [N9:P] [undefined] 61 119 0 0 (1031208960)
2025-08-15 18:27:50:875 [IN ] C8 24 0C 18 25 A5 0C 01 31 03 CF 00 0A 1A D2 25 A5 0C 01 31 05 E6 3D 77 00 50 2D 10 50 C8 24 09 15 25 A5 09 01 31 03 CF 00 00 0D B3 25 A5 09 01 31 05 E6 3D 77 00 50 C8 24 0C 18 25 A5 0C 01 31 
03 CF 00 05 15 CD 25 A5 0C 01 31 05 E6 3D 77 00 50 2D 10 50 C8 24 09 1B 00 DA A5 25 A5 09 01 31 03 CF 00 00 0D B3 25 A5 09 01 31 05 E6 3D 77 00 00 DA A5 05 (116)
                              [N12:Z] MOTOR_I 0 10 (10)
                              [N12:Z] [undefined] 61 119 0 80 (1031209040)
                              [N9:P] MOTOR_I 0 0 (0)
                              [N12:Z] MOTOR_I 0 5 (5)
                              [N12:Z] [undefined] 61 119 0 80 (1031209040)
                              [N9:P] [undefined] 61 119 0 0 (1031208960)
                              [N9:P] MOTOR_I 0 0 (0)
                              [N9:P] [undefined] 61 119 0 0 (1031208960)
2025-08-15 18:27:51:077 [IN ] C8 24 0C 18 25 A5 0C 01 31 03 CF 00 10 20 D8 25 A5 0C 01 31 05 E6 3D 77 00 50 2D 10 00 C8 24 09 18 25 A5 09 01 31 03 CF 00 00 0D B3 25 A5 09 01 31 05 E6 3D 77 00 00 DA A5 00 C8 24 0C 0E 25 A5 
0C 01 31 03 CF 00 0D 1D D5 25 A5 0C 01 C8 24 0C 0A 01 31 05 E6 3D 77 00 50 2D 10 D5 C8 24 09 18 25 A5 09 01 31 03 CF 00 00 0D B3 25 A5 09 01 31 05 E6 3D 77 00 00 DA A5 00 C8 24 0C 0E 25 A5 0C 
01 31 03 CF 00 09 19 D1 25 A5 0C 01 C8 24 0C 0A 01 31 05 E6 3D 77 00 50 2D 10 D1 (155)
                              [N12:Z] MOTOR_I 0 16 (16)
                              [N12:Z] [undefined] 61 119 0 80 (1031209040)
                              [N9:P] MOTOR_I 0 0 (0)
                              [N9:P] [undefined] 61 119 0 0 (1031208960)
                              [N12:Z] MOTOR_I 0 13 (13)
                              [N12:Z] [undefined] 61 119 0 80 (1031209040)
                              [N9:P] MOTOR_I 0 0 (0)
                              [N9:P] [undefined] 61 119 0 0 (1031208960)
                              [N12:Z] MOTOR_I 0 9 (9)
                              [N12:Z] [undefined] 61 119 0 80 (1031209040)
2025-08-15 18:27:51:280 [IN ] C8 24 09 18 25 A5 09 01 31 03 CF 00 00 0D B3 25 A5 09 01 31 05 E6 3D 77 00 00 DA A5 00 C8 24 0C 18 25 A5 0C 01 31 03 CF 00 06 16 CE 25 A5 0C 01 31 05 E6 3D 77 00 50 2D 10 00 C8 24 09 18 25 A5 
09 01 31 03 CF 00 00 0D B3 25 A5 09 01 31 05 E6 3D 77 00 00 DA A5 00 C8 24 0C 18 25 A5 0C 01 31 03 CF 00 05 15 CD 25 A5 0C 01 31 05 E6 3D 77 00 50 2D 10 00 (116)
                              [N9:P] MOTOR_I 0 0 (0)
                              [N9:P] [undefined] 61 119 0 0 (1031208960)
                              [N12:Z] MOTOR_I 0 6 (6)
                              [N12:Z] [undefined] 61 119 0 80 (1031209040)
                              [N9:P] MOTOR_I 0 0 (0)
                              [N9:P] [undefined] 61 119 0 0 (1031208960)
                              [N12:Z] MOTOR_I 0 5 (5)
                              [N12:Z] [undefined] 61 119 0 80 (1031209040)
2025-08-15 18:27:51:483 [IN ] C8 24 09 18 25 A5 09 01 31 03 CF 00 00 0D B3 25 A5 09 01 31 05 E6 3D 77 00 00 DA A5 00 C8 24 0C 18 25 A5 0C 01 31 03 CF 00 08 18 D0 25 A5 0C 01 31 05 E6 3D 77 00 50 2D 10 00 C8 24 09 18 25 A5 
09 01 31 03 CF 00 00 0D B3 25 A5 09 01 31 05 E6 3D 77 00 00 DA A5 00 C8 24 0C 18 25 A5 0C 01 31 03 CF 00 05 15 CD 25 A5 0C 01 31 05 E6 3D 77 00 50 2D 10 00 (116)
                              [N9:P] MOTOR_I 0 0 (0)
                              [N9:P] [undefined] 61 119 0 0 (1031208960)
                              [N12:Z] MOTOR_I 0 8 (8)
                              [N12:Z] [undefined] 61 119 0 80 (1031209040)
                              [N9:P] MOTOR_I 0 0 (0)
                              [N9:P] [undefined] 61 119 0 0 (1031208960)
                              [N12:Z] MOTOR_I 0 5 (5)
                              [N12:Z] [undefined] 61 119 0 80 (1031209040)
2025-08-15 18:27:51:685 [IN ] C8 24 09 18 25 A5 09 01 31 03 CF 00 00 0D B3 25 A5 09 01 31 05 E6 3D 77 00 00 DA A5 00 C8 24 0C 18 25 A5 0C 01 31 03 CF 00 04 14 CC 25 A5 0C 01 31 05 E6 3D 77 00 50 2D 10 00 C8 24 09 18 25 A5 
09 01 31 03 CF 00 00 0D B3 25 A5 09 01 31 05 E6 3D 77 00 00 DA A5 00 C8 24 0C 18 25 A5 0C 01 31 03 CF 00 10 20 D8 25 A5 0C 01 31 05 E6 3D 77 00 50 2D 10 00 (116)
                              [N9:P] MOTOR_I 0 0 (0)
                              [N9:P] [undefined] 61 119 0 0 (1031208960)
                              [N12:Z] MOTOR_I 0 4 (4)
                              [N12:Z] [undefined] 61 119 0 80 (1031209040)
                              [N9:P] MOTOR_I 0 0 (0)
                              [N9:P] [undefined] 61 119 0 0 (1031208960)
                              [N12:Z] MOTOR_I 0 16 (16)
                              [N12:Z] [undefined] 61 119 0 80 (1031209040)
2025-08-15 18:27:51:887 [IN ] C8 24 09 18 25 A5 09 01 31 03 CF 00 00 0D B3 25 A5 09 01 31 05 E6 3D 77 00 00 DA A5 00 C8 24 0C 18 25 A5 0C 01 31 03 CF 00 02 12 CA 25 A5 0C 01 31 05 E6 3D 77 00 50 2D 10 00 C8 24 09 18 25 A5 
09 01 31 03 CF 00 00 0D B3 25 A5 09 01 31 05 E6 3D 77 00 00 DA A5 00 C8 24 0C 18 25 A5 0C 01 31 03 CF 00 05 15 CD 25 A5 0C 01 31 05 E6 3D 77 00 50 2D 10 00 (116)
                              [N9:P] MOTOR_I 0 0 (0)
                              [N9:P] [undefined] 61 119 0 0 (1031208960)
                              [N12:Z] MOTOR_I 0 2 (2)
                              [N12:Z] [undefined] 61 119 0 80 (1031209040)
                              [N9:P] MOTOR_I 0 0 (0)
                              [N9:P] [undefined] 61 119 0 0 (1031208960)
                              [N12:Z] MOTOR_I 0 5 (5)
                              [N12:Z] [undefined] 61 119 0 80 (1031209040)
2025-08-15 18:27:52:089 [IN ] C8 24 09 18 25 A5 09 01 31 03 CF 00 00 0D B3 25 A5 09 01 31 05 E6 3D 77 00 00 DA A5 00 C8 24 0C 18 25 A5 0C 01 31 03 CF 00 08 18 D0 25 A5 0C 01 31 05 E6 3D 77 00 50 2D 10 00 C8 24 09 18 25 A5 
09 01 31 03 CF 00 00 0D B3 25 A5 09 01 31 05 E6 3D 77 00 00 DA A5 00 C8 24 0C 18 25 A5 0C 01 31 03 CF 00 03 13 CB 25 A5 0C 01 31 05 E6 3D 77 00 50 2D 10 00 (116)
                              [N9:P] MOTOR_I 0 0 (0)
                              [N9:P] [undefined] 61 119 0 0 (1031208960)
                              [N12:Z] MOTOR_I 0 8 (8)
                              [N12:Z] [undefined] 61 119 0 80 (1031209040)
                              [N9:P] MOTOR_I 0 0 (0)
                              [N9:P] [undefined] 61 119 0 0 (1031208960)
                              [N12:Z] MOTOR_I 0 3 (3)
                              [N12:Z] [undefined] 61 119 0 80 (1031209040)
2025-08-15 18:27:52:290 [IN ] C8 24 09 18 25 A5 09 01 31 03 CF 00 00 0D B3 25 A5 09 01 31 05 E6 3D 77 00 00 DA A5 00 C8 24 0C 18 25 A5 0C 01 31 03 CF 00 03 13 CB 25 A5 0C 01 31 05 E6 3D 77 00 50 2D 10 00 C8 24 09 18 25 A5 
09 01 31 03 CF 00 00 0D B3 25 A5 09 01 31 05 E6 3D 77 00 00 DA A5 00 C8 24 0C 18 25 A5 0C 01 31 03 CF 00 07 17 CF 25 A5 0C 01 31 05 E6 3D 77 00 50 2D 10 00 (116)
                              [N9:P] MOTOR_I 0 0 (0)
                              [N9:P] [undefined] 61 119 0 0 (1031208960)
                              [N12:Z] MOTOR_I 0 3 (3)
                              [N12:Z] [undefined] 61 119 0 80 (1031209040)
                              [N9:P] MOTOR_I 0 0 (0)
                              [N9:P] [undefined] 61 119 0 0 (1031208960)
                              [N12:Z] MOTOR_I 0 7 (7)
                              [N12:Z] [undefined] 61 119 0 80 (1031209040)
2025-08-15 18:27:52:492 [IN ] C8 24 09 0E 25 A5 09 01 31 03 CF 00 00 0D B3 25 A5 09 01 C8 24 09 0A 01 31 05 E6 3D 77 00 00 DA A5 B3 C8 24 0C 18 25 A5 0C 01 31 03 CF 00 03 13 CB 25 A5 0C 01 31 05 E6 3D 77 00 50 2D 10 00 C8 
24 09 15 25 A5 09 01 31 03 CF 00 00 0D B3 25 A5 09 01 31 05 E6 3D 77 00 50 C8 24 0C 18 25 A5 0C 01 31 03 CF 00 (101)
                              [N9:P] MOTOR_I 0 0 (0)
                              [N9:P] [undefined] 61 119 0 0 (1031208960)
                              [N12:Z] MOTOR_I 0 3 (3)
                              [N12:Z] [undefined] 61 119 0 80 (1031209040)
                              [N9:P] MOTOR_I 0 0 (0)
2025-08-15 18:27:52:695 [IN ] 06 16 CE 25 A5 0C 01 31 05 E6 3D 77 00 50 2D 10 00 C8 24 09 1B 00 DA A5 25 A5 09 01 31 03 CF 00 00 0D B3 25 A5 09 01 31 05 E6 3D 77 00 00 DA A5 05 C8 24 0C 18 25 A5 0C 01 31 03 CF 00 0C 1C D4 
25 A5 0C 01 31 05 E6 3D 77 00 50 2D 10 00 C8 24 09 18 25 A5 09 01 31 03 CF 00 00 0D B3 25 A5 09 01 31 05 E6 3D 77 00 00 DA A5 00 C8 24 0C 18 25 A5 0C 01 31 03 CF 00 0C 1C D4 25 A5 0C 01 31 05 
E6 3D 77 00 50 2D 10 00 (136)
                              [N12:Z] MOTOR_I 0 6 (6)
                              [N12:Z] [undefined] 61 119 0 80 (1031209040)
                              [N9:P] [undefined] 61 119 0 0 (1031208960)
                              [N9:P] MOTOR_I 0 0 (0)
                              [N9:P] [undefined] 61 119 0 0 (1031208960)
                              [N12:Z] MOTOR_I 0 12 (12)
                              [N12:Z] [undefined] 61 119 0 80 (1031209040)
                              [N9:P] MOTOR_I 0 0 (0)
                              [N9:P] [undefined] 61 119 0 0 (1031208960)
                              [N12:Z] MOTOR_I 0 12 (12)
                              [N12:Z] [undefined] 61 119 0 80 (1031209040)
2025-08-15 18:27:52:896 [IN ] C8 24 09 18 25 A5 09 01 31 03 CF 00 00 0D B3 25 A5 09 01 31 05 E6 3D 77 00 00 DA A5 00 C8 24 0C 0E 25 A5 0C 01 31 03 CF 00 09 19 D1 25 A5 0C 01 C8 24 0C 0A 01 31 05 E6 3D 77 00 50 2D 10 D1 C8 
24 09 18 25 A5 09 01 31 03 CF 00 00 0D B3 25 A5 09 01 31 05 E6 3D 77 00 00 DA A5 00 C8 24 0C 15 25 A5 0C 01 31 03 CF 00 0A 1A D2 25 A5 0C 01 31 05 E6 3D 77 00 00 (118)
                              [N9:P] MOTOR_I 0 0 (0)
                              [N9:P] [undefined] 61 119 0 0 (1031208960)
                              [N12:Z] MOTOR_I 0 9 (9)
                              [N12:Z] [undefined] 61 119 0 80 (1031209040)
                              [N9:P] MOTOR_I 0 0 (0)
                              [N9:P] [undefined] 61 119 0 0 (1031208960)
                              [N12:Z] MOTOR_I 0 10 (10)
2025-08-15 18:27:53:100 [IN ] C8 24 09 18 25 A5 09 01 31 03 CF 00 00 0D B3 25 A5 09 01 31 05 E6 3D 77 00 00 DA A5 00 C8 24 07 0B 25 A5 07 01 31 03 81 5A 4C 63 BB 25 C8 24 07 0A 25 A5 07 01 31 02 81 49 05 44 BB C8 24 0C 1B 
50 2D 10 25 A5 0C 01 31 03 CF 00 00 10 C8 25 A5 0C 01 31 05 E6 3D 77 00 50 2D 10 05 C8 24 09 18 25 A5 09 01 31 03 CF 00 00 0D B3 25 A5 09 01 31 05 E6 3D 77 00 00 DA A5 50 C8 24 0C 18 25 A5 0C 
01 31 03 CF 00 02 12 CA 25 A5 0C 01 31 05 E6 3D 77 00 50 2D 10 50 (150)
                              [N9:P] MOTOR_I 0 0 (0)
                              [N9:P] [undefined] 61 119 0 0 (1031208960)
                              [N7:N] TPOS 'Z' 76 (76)
                              [N7:N] TPOS 'I'
                              [N12:Z] [undefined] 61 119 0 80 (1031209040)
                              [N12:Z] MOTOR_I 0 0 (0)
                              [N12:Z] [undefined] 61 119 0 80 (1031209040)
                              [N9:P] MOTOR_I 0 0 (0)
                              [N9:P] [undefined] 61 119 0 0 (1031208960)
                              [N12:Z] MOTOR_I 0 2 (2)
                              [N12:Z] [undefined] 61 119 0 80 (1031209040)
2025-08-15 18:27:53:303 [IN ] C8 24 09 18 25 A5 09 01 31 03 CF 00 00 0D B3 25 A5 09 01 31 05 E6 3D 77 00 00 DA A5 50 C8 24 0C 18 25 A5 0C 01 31 03 CF 00 08 18 D0 25 A5 0C 01 31 05 E6 3D 77 00 50 2D 10 50 C8 24 03 0B 25 A5 
03 01 31 03 81 5A 4C 5F 9F 25 C8 24 03 0A 25 A5 03 01 31 02 81 49 01 2C 9F C8 24 09 18 25 A5 09 01 31 03 CF 00 00 0D B3 25 A5 09 01 31 05 E6 3D 77 00 00 DA A5 50 C8 24 0C 18 25 A5 0C 01 31 03 
CF 00 05 15 CD 25 A5 0C 01 31 05 E6 3D 77 00 50 2D 10 50 (147)
                              [N9:P] MOTOR_I 0 0 (0)
                              [N9:P] [undefined] 61 119 0 0 (1031208960)
                              [N12:Z] MOTOR_I 0 8 (8)
                              [N12:Z] [undefined] 61 119 0 80 (1031209040)
                              [N3:X] TPOS 'Z' 76 (76)
                              [N3:X] TPOS 'I'
                              [N9:P] MOTOR_I 0 0 (0)
                              [N9:P] [undefined] 61 119 0 0 (1031208960)
                              [N12:Z] MOTOR_I 0 5 (5)
                              [N12:Z] [undefined] 61 119 0 80 (1031209040)
2025-08-15 18:27:53:325 [OUT] 25 A5 01 07 31 03 C9 3D 09 4B 10 (11)
                              [N7:N] LFLAG '=' 9 (9)
2025-08-15 18:27:53:347 [OUT] 25 A5 01 03 31 03 C9 3D 09 47 F8 (11)
                              [N3:X] LFLAG '=' 9 (9)
2025-08-15 18:27:53:348 [IN ] C8 24 09 18 25 A5 09 01 31 03 CF 00 00 0D B3 25 A5 09 01 31 05 E6 3D 77 00 00 DA A5 50 (29)
                              [N9:P] MOTOR_I 0 0 (0)
                              [N9:P] [undefined] 61 119 0 0 (1031208960)
2025-08-15 18:27:53:410 [IN ] C8 24 0C 18 25 A5 0C 01 31 03 CF 00 07 17 CF 25 A5 0C 01 31 05 E6 3D 77 00 50 2D 10 50 (29)
                              [N12:Z] MOTOR_I 0 7 (7)
                              [N12:Z] [undefined] 61 119 0 80 (1031209040)
2025-08-15 18:27:53:452 [IN ] C8 24 09 18 25 A5 09 01 31 03 CF 00 00 0D B3 25 A5 09 01 31 05 E6 3D 77 00 00 DA A5 50 (29)
                              [N9:P] MOTOR_I 0 0 (0)
                              [N9:P] [undefined] 61 119 0 0 (1031208960)
2025-08-15 18:27:53:494 [IN ] C8 24 07 0B 25 A5 07 01 31 03 C9 3A 09 48 10 25 C8 24 0C 18 25 A5 0C 01 31 03 CF 00 00 10 C8 25 A5 0C 01 31 05 E6 3D 77 00 50 2D 10 50 (45)
                              [N7:N] LFLAG ':' 9 (9)
                              [N12:Z] MOTOR_I 0 0 (0)
                              [N12:Z] [undefined] 61 119 0 80 (1031209040)
2025-08-15 18:27:53:537 [IN ] C8 24 09 18 25 A5 09 01 31 03 CF 00 00 0D B3 25 A5 09 01 31 05 E6 3D 77 00 00 DA A5 50 (29)
                              [N9:P] MOTOR_I 0 0 (0)
                              [N9:P] [undefined] 61 119 0 0 (1031208960)
2025-08-15 18:27:53:600 [IN ] C8 24 03 0B 25 A5 03 01 31 03 C9 3A 09 44 F4 25 C8 24 0C 18 25 A5 0C 01 31 03 CF 00 03 13 CB 25 A5 (33)
                              [N3:X] LFLAG ':' 9 (9)
2025-08-15 18:27:53:802 [IN ] 0C 01 31 05 E6 3D 77 00 50 2D 10 50 C8 24 09 18 25 A5 09 01 31 03 CF 00 00 0D B3 25 A5 09 01 31 05 E6 3D 77 00 00 DA A5 50 C8 24 0C 18 25 A5 0C 01 31 03 CF 00 06 16 CE 25 A5 0C 01 31 05 E6 3D 
77 00 50 2D 10 50 C8 24 09 18 25 A5 09 01 31 03 CF 00 00 0D B3 25 A5 09 01 31 05 E6 3D 77 00 00 DA A5 50 C8 24 0C 18 25 A5 0C 01 31 03 CF 00 0F 1F D7 25 A5 0C 01 31 05 E6 3D 77 00 50 2D 10 50 (128)
                              [N12:Z] MOTOR_I 0 3 (3)
                              [N12:Z] [undefined] 61 119 0 80 (1031209040)
                              [N9:P] MOTOR_I 0 0 (0)
                              [N9:P] [undefined] 61 119 0 0 (1031208960)
                              [N12:Z] MOTOR_I 0 6 (6)
                              [N12:Z] [undefined] 61 119 0 80 (1031209040)
                              [N9:P] MOTOR_I 0 0 (0)
                              [N9:P] [undefined] 61 119 0 0 (1031208960)
                              [N12:Z] MOTOR_I 0 15 (15)
                              [N12:Z] [undefined] 61 119 0 80 (1031209040)
2025-08-15 18:27:54:003 [IN ] C8 24 09 18 25 A5 09 01 31 03 CF 00 00 0D B3 25 A5 09 01 31 05 E6 3D 77 00 00 DA A5 50 C8 24 0C 18 25 A5 0C 01 31 03 CF 00 06 16 CE 25 A5 0C 01 31 05 E6 3D 77 00 50 2D 10 50 C8 24 09 18 25 A5 
09 01 31 03 CF 00 00 0D B3 25 A5 09 01 31 05 E6 3D 77 00 00 DA A5 50 C8 24 0C 18 25 A5 0C 01 31 03 CF 00 06 16 CE 25 A5 0C 01 31 05 E6 3D 77 00 50 2D 10 50 (116)
                              [N9:P] MOTOR_I 0 0 (0)
                              [N9:P] [undefined] 61 119 0 0 (1031208960)
                              [N12:Z] MOTOR_I 0 6 (6)
                              [N12:Z] [undefined] 61 119 0 80 (1031209040)
                              [N9:P] MOTOR_I 0 0 (0)
                              [N9:P] [undefined] 61 119 0 0 (1031208960)
                              [N12:Z] MOTOR_I 0 6 (6)
                              [N12:Z] [undefined] 61 119 0 80 (1031209040)
2025-08-15 18:27:54:205 [IN ] C8 24 09 18 25 A5 09 01 31 03 CF 00 00 0D B3 25 A5 09 01 31 05 E6 3D 77 00 00 DA A5 50 C8 24 0C 18 25 A5 0C 01 31 03 CF 00 0B 1B D3 25 A5 0C 01 31 05 E6 3D 77 00 50 2D 10 50 C8 24 09 0E 25 A5 
09 01 31 03 CF 00 00 0D B3 25 A5 09 01 C8 24 09 0A 01 31 05 E6 3D 77 00 00 DA A5 B3 (92)
                              [N9:P] MOTOR_I 0 0 (0)
                              [N9:P] [undefined] 61 119 0 0 (1031208960)
                              [N12:Z] MOTOR_I 0 11 (11)
                              [N12:Z] [undefined] 61 119 0 80 (1031209040)
                              [N9:P] MOTOR_I 0 0 (0)
                              [N9:P] [undefined] 61 119 0 0 (1031208960)
2025-08-15 18:27:54:409 [IN ] C8 24 0C 18 25 A5 0C 01 31 03 CF 00 0A 1A D2 25 A5 0C 01 31 05 E6 3D 77 00 50 2D 10 50 C8 24 09 15 25 A5 09 01 31 03 CF 00 00 0D B3 25 A5 09 01 31 05 E6 3D 77 00 50 C8 24 0C 18 25 A5 0C 01 31 
03 CF 00 0F 1F D7 25 A5 0C 01 31 05 E6 3D 77 00 50 2D 10 50 C8 24 09 1B 00 DA A5 25 A5 09 01 31 03 CF 00 00 0D B3 25 A5 09 01 31 05 E6 3D 77 00 00 DA A5 05 C8 24 0C 18 25 A5 0C 01 31 03 CF 00 
0D 1D D5 25 A5 0C 01 31 05 E6 3D 77 00 50 2D (143)
                              [N12:Z] MOTOR_I 0 10 (10)
                              [N12:Z] [undefined] 61 119 0 80 (1031209040)
                              [N9:P] MOTOR_I 0 0 (0)
                              [N12:Z] MOTOR_I 0 15 (15)
                              [N12:Z] [undefined] 61 119 0 80 (1031209040)
                              [N9:P] [undefined] 61 119 0 0 (1031208960)
                              [N9:P] MOTOR_I 0 0 (0)
                              [N9:P] [undefined] 61 119 0 0 (1031208960)
2025-08-15 18:27:54:609 [IN ] 10 00 C8 24 09 18 25 A5 09 01 31 03 CF 00 00 0D B3 25 A5 09 01 31 05 E6 3D 77 00 00 DA A5 00 C8 24 0C 18 25 A5 0C 01 31 03 CF 00 0E 1E D6 25 A5 0C 01 31 05 E6 3D 77 00 50 2D 10 00 C8 24 09 18 
25 A5 09 01 31 03 CF 00 00 0D B3 25 A5 09 01 31 05 E6 3D 77 00 00 DA A5 00 C8 24 0C 0E 25 A5 0C 01 31 03 CF 00 01 11 C9 25 A5 0C 01 C8 24 0C 0A 01 31 05 E6 3D 77 00 50 2D 10 C9 (123)
                              [N12:Z] MOTOR_I 0 13 (13)
                              [N12:Z] [undefined] 61 119 0 80 (1031209040)
                              [N9:P] MOTOR_I 0 0 (0)
                              [N9:P] [undefined] 61 119 0 0 (1031208960)
                              [N12:Z] MOTOR_I 0 14 (14)
                              [N12:Z] [undefined] 61 119 0 80 (1031209040)
                              [N9:P] MOTOR_I 0 0 (0)
                              [N9:P] [undefined] 61 119 0 0 (1031208960)
                              [N12:Z] MOTOR_I 0 1 (1)
                              [N12:Z] [undefined] 61 119 0 80 (1031209040)
2025-08-15 18:27:54:814 [IN ] C8 24 09 18 25 A5 09 01 31 03 CF 00 00 0D B3 25 A5 09 01 31 05 E6 3D 77 00 00 DA A5 00 C8 24 0C 15 25 A5 0C 01 31 03 CF 00 01 11 C9 25 A5 0C 01 31 05 E6 3D 77 00 00 C8 24 09 18 25 A5 09 01 31 
03 CF 00 00 0D B3 25 A5 09 01 31 05 E6 3D 77 00 00 DA A5 00 C8 24 0C 1B 50 2D 10 25 A5 0C 01 31 03 CF 00 03 13 CB 25 A5 0C 01 31 05 E6 3D 77 00 50 2D 10 05 (116)
                              [N9:P] MOTOR_I 0 0 (0)
                              [N9:P] [undefined] 61 119 0 0 (1031208960)
                              [N12:Z] MOTOR_I 0 1 (1)
                              [N9:P] MOTOR_I 0 0 (0)
                              [N9:P] [undefined] 61 119 0 0 (1031208960)
                              [N12:Z] [undefined] 61 119 0 80 (1031209040)
                              [N12:Z] MOTOR_I 0 3 (3)
                              [N12:Z] [undefined] 61 119 0 80 (1031209040)
2025-08-15 18:27:55:015 [IN ] C8 24 09 18 25 A5 09 01 31 03 CF 00 00 0D B3 25 A5 09 01 31 05 E6 3D 77 00 00 DA A5 50 C8 24 0C 18 25 A5 0C 01 31 03 CF 00 08 18 D0 25 A5 0C 01 31 05 E6 3D 77 00 50 2D 10 50 C8 24 09 18 25 A5 
09 01 31 03 CF 00 00 0D B3 25 A5 09 01 31 05 E6 3D 77 00 00 DA A5 50 C8 24 0C 18 25 A5 0C 01 31 03 CF 00 02 12 CA 25 A5 0C 01 31 05 E6 3D 77 00 50 2D 10 50 (116)
                              [N9:P] MOTOR_I 0 0 (0)
                              [N9:P] [undefined] 61 119 0 0 (1031208960)
                              [N12:Z] MOTOR_I 0 8 (8)
                              [N12:Z] [undefined] 61 119 0 80 (1031209040)
                              [N9:P] MOTOR_I 0 0 (0)
                              [N9:P] [undefined] 61 119 0 0 (1031208960)
                              [N12:Z] MOTOR_I 0 2 (2)
                              [N12:Z] [undefined] 61 119 0 80 (1031209040)
2025-08-15 18:27:55:217 [IN ] C8 24 09 18 25 A5 09 01 31 03 CF 00 00 0D B3 25 A5 09 01 31 05 E6 3D 77 00 00 DA A5 50 C8 24 0C 18 25 A5 0C 01 31 03 CF 00 03 13 CB 25 A5 0C 01 31 05 E6 3D 77 00 50 2D 10 50 C8 24 09 18 25 A5 
09 01 31 03 CF 00 00 0D B3 25 A5 09 01 31 05 E6 3D 77 00 00 DA A5 50 C8 24 0C 18 25 A5 0C 01 31 03 CF 00 07 17 CF 25 A5 0C 01 31 05 E6 3D 77 00 50 2D 10 50 (116)
                              [N9:P] MOTOR_I 0 0 (0)
                              [N9:P] [undefined] 61 119 0 0 (1031208960)
                              [N12:Z] MOTOR_I 0 3 (3)
                              [N12:Z] [undefined] 61 119 0 80 (1031209040)
                              [N9:P] MOTOR_I 0 0 (0)
                              [N9:P] [undefined] 61 119 0 0 (1031208960)
                              [N12:Z] MOTOR_I 0 7 (7)
                              [N12:Z] [undefined] 61 119 0 80 (1031209040)
2025-08-15 18:27:55:419 [IN ] C8 24 09 18 25 A5 09 01 31 03 CF 00 00 0D B3 25 A5 09 01 31 05 E6 3D 77 00 00 DA A5 50 C8 24 0C 18 25 A5 0C 01 31 03 CF 00 10 20 D8 25 A5 0C 01 31 05 E6 3D 77 00 50 2D 10 50 C8 24 09 18 25 A5 
09 01 31 03 CF 00 00 0D B3 25 A5 09 01 31 05 E6 3D 77 00 00 DA A5 50 C8 24 0C 18 25 A5 0C 01 31 03 CF 00 0A 1A D2 25 A5 0C 01 31 05 E6 3D 77 00 50 2D 10 50 (116)
                              [N9:P] MOTOR_I 0 0 (0)
                              [N9:P] [undefined] 61 119 0 0 (1031208960)
                              [N12:Z] MOTOR_I 0 16 (16)
                              [N12:Z] [undefined] 61 119 0 80 (1031209040)
                              [N9:P] MOTOR_I 0 0 (0)
                              [N9:P] [undefined] 61 119 0 0 (1031208960)
                              [N12:Z] MOTOR_I 0 10 (10)
                              [N12:Z] [undefined] 61 119 0 80 (1031209040)
2025-08-15 18:27:55:620 [IN ] C8 24 09 18 25 A5 09 01 31 03 CF 00 00 0D B3 25 A5 09 01 31 05 E6 3D 77 00 00 DA A5 50 C8 24 0C 18 25 A5 0C 01 31 03 CF 00 03 13 CB 25 A5 0C 01 31 05 E6 3D 77 00 50 2D 10 50 C8 24 09 18 25 A5 
09 01 31 03 CF 00 00 0D B3 25 A5 09 01 31 05 E6 3D 77 00 00 DA A5 50 C8 24 0C 18 25 A5 0C 01 31 03 CF 00 03 13 CB 25 A5 0C 01 31 05 E6 3D 77 00 50 2D 10 50 (116)
                              [N9:P] MOTOR_I 0 0 (0)
                              [N9:P] [undefined] 61 119 0 0 (1031208960)
                              [N12:Z] MOTOR_I 0 3 (3)
                              [N12:Z] [undefined] 61 119 0 80 (1031209040)
                              [N9:P] MOTOR_I 0 0 (0)
                              [N9:P] [undefined] 61 119 0 0 (1031208960)
                              [N12:Z] MOTOR_I 0 3 (3)
                              [N12:Z] [undefined] 61 119 0 80 (1031209040)
2025-08-15 18:27:55:821 [IN ] C8 24 09 18 25 A5 09 01 31 03 CF 00 00 0D B3 25 A5 09 01 31 05 E6 3D 77 00 00 DA A5 50 C8 24 0C 18 25 A5 0C 01 31 03 CF 00 03 13 CB 25 A5 0C 01 31 05 E6 3D 77 00 50 2D 10 50 C8 24 09 18 25 A5 
09 01 31 03 CF 00 00 0D B3 25 A5 09 01 31 05 E6 3D 77 00 00 DA A5 50 C8 24 0C 18 25 A5 0C 01 31 03 CF 00 04 14 CC 25 A5 0C 01 31 05 E6 3D 77 00 50 2D 10 50 (116)
                              [N9:P] MOTOR_I 0 0 (0)
                              [N9:P] [undefined] 61 119 0 0 (1031208960)
                              [N12:Z] MOTOR_I 0 3 (3)
                              [N12:Z] [undefined] 61 119 0 80 (1031209040)
                              [N9:P] MOTOR_I 0 0 (0)
                              [N9:P] [undefined] 61 119 0 0 (1031208960)
                              [N12:Z] MOTOR_I 0 4 (4)
                              [N12:Z] [undefined] 61 119 0 80 (1031209040)
2025-08-15 18:27:56:023 [IN ] C8 24 09 18 25 A5 09 01 31 03 CF 00 00 0D B3 25 A5 09 01 31 05 E6 3D 77 00 00 DA A5 50 C8 24 0C 18 25 A5 0C 01 31 03 CF 00 05 15 CD 25 A5 0C 01 31 05 E6 3D 77 00 50 2D 10 50 C8 24 09 0E 25 A5 
09 01 31 03 CF 00 00 0D B3 25 A5 09 01 C8 24 09 0A 01 31 05 E6 3D 77 00 00 DA A5 B3 C8 24 0C 18 25 A5 0C 01 31 03 CF 00 06 16 CE 25 A5 0C 01 31 05 E6 3D 77 00 50 2D 10 50 (121)
                              [N9:P] MOTOR_I 0 0 (0)
                              [N9:P] [undefined] 61 119 0 0 (1031208960)
                              [N12:Z] MOTOR_I 0 5 (5)
                              [N12:Z] [undefined] 61 119 0 80 (1031209040)
                              [N9:P] MOTOR_I 0 0 (0)
                              [N9:P] [undefined] 61 119 0 0 (1031208960)
                              [N12:Z] MOTOR_I 0 6 (6)
                              [N12:Z] [undefined] 61 119 0 80 (1031209040)
2025-08-15 18:27:56:225 [IN ] C8 24 09 15 25 A5 09 01 31 03 CF 00 00 0D B3 25 A5 09 01 31 05 E6 3D 77 00 50 C8 24 0C 18 25 A5 0C 01 31 03 CF 00 04 14 CC 25 A5 0C 01 31 05 E6 3D 77 00 50 2D 10 50 C8 24 09 1B 00 DA A5 25 A5 
09 01 31 03 CF 00 00 0D B3 25 A5 09 01 31 05 E6 3D 77 00 00 DA A5 05 C8 24 0C 18 25 A5 0C 01 31 03 CF 00 0D 1D D5 25 A5 0C 01 31 05 E6 3D 77 00 50 2D 10 00 (116)
                              [N9:P] MOTOR_I 0 0 (0)
                              [N12:Z] MOTOR_I 0 4 (4)
                              [N12:Z] [undefined] 61 119 0 80 (1031209040)
                              [N9:P] [undefined] 61 119 0 0 (1031208960)
                              [N9:P] MOTOR_I 0 0 (0)
                              [N9:P] [undefined] 61 119 0 0 (1031208960)
                              [N12:Z] MOTOR_I 0 13 (13)
                              [N12:Z] [undefined] 61 119 0 80 (1031209040)
2025-08-15 18:27:56:427 [IN ] C8 24 09 18 25 A5 09 01 31 03 CF 00 00 0D B3 25 A5 09 01 31 05 E6 3D 77 00 00 DA A5 00 C8 24 04 0E 25 A5 04 01 31 06 81 45 FF EE 86 0E 83 22 01 C8 24 0C 18 25 A5 0C 01 31 03 CF 00 06 16 CE 25 
A5 0C 01 31 05 E6 3D 77 00 50 2D 10 00 C8 24 09 18 25 A5 09 01 31 03 CF 00 00 0D B3 25 A5 09 01 31 05 E6 3D 77 00 00 DA A5 00 C8 24 0C 0E 25 A5 0C 01 31 03 CF 00 04 14 CC 25 A5 0C 01 (125)
                              [N9:P] MOTOR_I 0 0 (0)
                              [N9:P] [undefined] 61 119 0 0 (1031208960)
                              [N4:Y] TPOS 'E' 255 238 134 14 (-1145330)
                              [N12:Z] MOTOR_I 0 6 (6)
                              [N12:Z] [undefined] 61 119 0 80 (1031209040)
                              [N9:P] MOTOR_I 0 0 (0)
                              [N9:P] [undefined] 61 119 0 0 (1031208960)
                              [N12:Z] MOTOR_I 0 4 (4)
2025-08-15 18:27:56:630 [IN ] C8 24 0C 0A 01 31 05 E6 3D 77 00 50 2D 10 CC C8 24 09 18 25 A5 09 01 31 03 CF 00 00 0D B3 25 A5 09 01 31 05 E6 3D 77 00 00 DA A5 00 C8 24 0C 15 25 A5 0C 01 31 03 CF 00 01 11 C9 25 A5 0C 01 31 
05 E6 3D 77 00 00 C8 24 09 18 25 A5 09 01 31 03 CF 00 00 0D B3 25 A5 09 01 31 05 E6 3D 77 00 00 DA A5 00 C8 24 0C 1B 50 2D 10 25 A5 0C 01 31 03 CF 00 04 14 CC 25 A5 0C 01 31 05 E6 3D 77 00 50 
2D 10 05 (131)
                              [N12:Z] [undefined] 61 119 0 80 (1031209040)
                              [N9:P] MOTOR_I 0 0 (0)
                              [N9:P] [undefined] 61 119 0 0 (1031208960)
                              [N12:Z] MOTOR_I 0 1 (1)
                              [N9:P] MOTOR_I 0 0 (0)
                              [N9:P] [undefined] 61 119 0 0 (1031208960)
                              [N12:Z] [undefined] 61 119 0 80 (1031209040)
                              [N12:Z] MOTOR_I 0 4 (4)
                              [N12:Z] [undefined] 61 119 0 80 (1031209040)
2025-08-15 18:27:56:652 [OUT] 25 A5 01 09 31 05 81 FF E7 5D 56 5A 0C (13)
                              [N9:P] TPOS 255 231 93 86 (-1614506)
2025-08-15 18:27:56:653 [IN ] C8 24 09 18 25 A5 09 01 31 03 CF 00 00 0D B3 25 A5 09 01 31 05 E6 3D 77 00 00 DA A5 50 (29)
                              [N9:P] MOTOR_I 0 0 (0)
                              [N9:P] [undefined] 61 119 0 0 (1031208960)
2025-08-15 18:27:56:674 [OUT] 25 A5 01 04 31 05 81 FF FD 50 01 09 B7 (13)
                              [N4:Y] TPOS 255 253 80 1 (-176127)
2025-08-15 18:27:56:696 [OUT] 25 A5 01 07 31 05 81 FF AB 19 75 F7 DF (13)
                              [N7:N] TPOS 255 171 25 117 (-5564043)
2025-08-15 18:27:56:718 [OUT] 25 A5 01 03 31 05 81 FF EC 4A AB 9B 1A (13)
                              [N3:X] TPOS 255 236 74 171 (-1291605)
2025-08-15 18:27:56:740 [OUT] 25 A5 01 06 31 02 D8 3F 51 DD (10)
                              [N6:H] INTERRUPT '?'
2025-08-15 18:27:56:741 [IN ] C8 24 0C 0B 25 A5 0C 01 31 03 81 5A 4C 68 DE 25 C8 24 0C 18 25 A5 0C 01 31 03 CF 00 00 10 C8 25 A5 0C 01 31 05 E6 3D 77 00 00 DD C0 50 C8 24 0C 0A 25 A5 0C 01 31 02 81 49 0A 62 C8 (60)
                              [N12:Z] TPOS 'Z' 76 (76)
                              [N12:Z] MOTOR_I 0 0 (0)
                              [N12:Z] [undefined] 61 119 0 0 (1031208960)
                              [N12:Z] TPOS 'I'
2025-08-15 18:27:57:042 [IN ] C8 24 09 18 25 A5 09 01 31 03 CF 00 00 0D B3 25 A5 09 01 31 05 E6 3D 77 00 00 DA A5 50 C8 24 0C 18 25 A5 0C 01 31 03 CF 00 00 10 C8 25 A5 0C 01 31 05 E6 3D 77 00 00 DD C0 50 C8 24 09 0E 25 A5 
09 01 31 06 81 53 FF FF FF FE 10 AF 01 C8 24 09 18 25 A5 09 01 31 03 CF 00 12 1F C5 25 A5 09 01 31 05 E6 3D 77 FF B0 89 53 50 C8 24 0C 18 25 A5 0C 01 31 03 CF 00 00 10 C8 25 A5 0C 01 31 05 E6 
3D 77 00 00 DD C0 50 C8 24 04 0E 25 A5 04 01 31 06 81 53 FF EE 86 0E 91 68 01 C8 24 09 18 25 A5 09 01 31 03 CF 00 15 22 C8 25 A5 09 01 31 05 E6 3D 77 FF B0 89 53 50 C8 24 0C 18 25 A5 0C 01 31 
03 CF 00 00 10 C8 25 A5 0C 01 31 05 E6 3D 77 00 00 DD C0 50 (212)
                              [N9:P] MOTOR_I 0 0 (0)
                              [N9:P] [undefined] 61 119 0 0 (1031208960)
                              [N12:Z] MOTOR_I 0 0 (0)
                              [N12:Z] [undefined] 61 119 0 0 (1031208960)
                              [N9:P] TPOS 'S' 255 255 255 254 (-2)
                              [N9:P] MOTOR_I 0 18 (18)
                              [N9:P] [undefined] 61 119 255 176 (1031274416)
                              [N12:Z] MOTOR_I 0 0 (0)
                              [N12:Z] [undefined] 61 119 0 0 (1031208960)
                              [N4:Y] TPOS 'S' 255 238 134 14 (-1145330)
                              [N9:P] MOTOR_I 0 21 (21)
                              [N9:P] [undefined] 61 119 255 176 (1031274416)
                              [N12:Z] MOTOR_I 0 0 (0)
                              [N12:Z] [undefined] 61 119 0 0 (1031208960)
2025-08-15 18:27:57:344 [IN ] C8 24 09 18 25 A5 09 01 31 03 CF 00 32 3F E5 25 A5 09 01 31 05 E6 3D 77 FF B0 89 53 50 C8 24 07 0E 25 A5 07 01 31 06 81 53 FF FF FF FD 0D 9A 01 C8 24 0C 18 25 A5 0C 01 31 03 CF 00 00 10 C8 25 
A5 0C 01 31 05 E6 3D 77 00 00 DD C0 50 C8 24 09 18 25 A5 09 01 31 03 CF 00 18 25 CB 25 A5 09 01 31 05 E6 3D 77 FF B0 89 53 50 C8 24 0C 18 25 A5 0C 01 31 03 CF 00 00 10 C8 25 A5 0C 01 31 05 E6 
3D 77 00 00 DD C0 50 C8 24 03 0E 25 A5 03 01 31 06 81 53 00 00 00 00 0F 7E 01 C8 24 09 18 25 A5 09 01 31 03 CF 00 15 22 C8 25 A5 09 01 31 05 E6 3D 77 FF B0 89 53 50 C8 24 06 0C 25 A5 06 01 31 
04 D8 3A 01 01 50 82 A5 C8 24 0C 18 25 A5 0C 01 31 03 CF 00 00 10 C8 25 A5 0C 01 31 05 E6 3D 77 00 00 DD C0 50 (229)
                              [N9:P] MOTOR_I 0 50 (50)
                              [N9:P] [undefined] 61 119 255 176 (1031274416)
                              [N7:N] TPOS 'S' 255 255 255 253 (-3)
                              [N12:Z] MOTOR_I 0 0 (0)
                              [N12:Z] [undefined] 61 119 0 0 (1031208960)
                              [N9:P] MOTOR_I 0 24 (24)
                              [N9:P] [undefined] 61 119 255 176 (1031274416)
                              [N12:Z] MOTOR_I 0 0 (0)
                              [N12:Z] [undefined] 61 119 0 0 (1031208960)
                              [N3:X] TPOS 'S' 0 0 0 0 (0)
                              [N9:P] MOTOR_I 0 21 (21)
                              [N9:P] [undefined] 61 119 255 176 (1031274416)
                              [N6:H] INTERRUPT ':' 1 1 (257)
                              [N12:Z] MOTOR_I 0 0 (0)
                              [N12:Z] [undefined] 61 119 0 0 (1031208960)
2025-08-15 18:27:57:366 [OUT] 25 A5 01 06 31 03 C9 3D 0B 4C 0C (11)
                              [N6:H] LFLAG '=' 11 (11)
2025-08-15 18:27:57:389 [OUT] 25 A5 01 0C 31 03 C9 3D 09 50 2E (11)
                              [N12:Z] LFLAG '=' 9 (9)
2025-08-15 18:27:57:390 [IN ] C8 24 09 18 25 A5 09 01 31 03 CF 00 0A 17 BD 25 A5 09 01 31 05 E6 3D 77 FF B0 89 53 50 (29)
                              [N9:P] MOTOR_I 0 10 (10)
                              [N9:P] [undefined] 61 119 255 176 (1031274416)
2025-08-15 18:27:57:432 [IN ] C8 24 0C 18 25 A5 0C 01 31 03 CF 00 00 10 C8 25 A5 0C 01 31 05 E6 3D 77 00 00 DD C0 50 (29)
                              [N12:Z] MOTOR_I 0 0 (0)
                              [N12:Z] [undefined] 61 119 0 0 (1031208960)
2025-08-15 18:27:57:474 [IN ] C8 24 09 18 25 A5 09 01 31 03 CF 00 11 1E C4 25 A5 09 01 31 05 E6 3D 77 FF B0 89 53 50 (29)
                              [N9:P] MOTOR_I 0 17 (17)
                              [N9:P] [undefined] 61 119 255 176 (1031274416)
2025-08-15 18:27:57:515 [IN ] C8 24 06 0B 25 A5 06 01 31 03 C9 3A 0B 49 0B 25 (16)
                              [N6:H] LFLAG ':' 11 (11)
2025-08-15 18:27:57:536 [OUT] 25 A5 01 06 31 03 88 FF B0 72 72 (11)
                              [N6:H] RUN 255 176 (-80)
2025-08-15 18:27:57:537 [IN ] C8 24 0C 18 25 A5 0C 01 31 03 CF 00 00 10 C8 25 A5 0C 01 31 05 E6 3D 77 00 00 DD C0 50 (29)
                              [N12:Z] MOTOR_I 0 0 (0)
                              [N12:Z] [undefined] 61 119 0 0 (1031208960)
2025-08-15 18:27:57:579 [IN ] C8 24 09 18 25 A5 09 01 31 03 CF 00 24 31 D7 25 A5 09 01 31 05 E6 3D 77 FF B0 89 53 50 (29)
                              [N9:P] MOTOR_I 0 36 (36)
                              [N9:P] [undefined] 61 119 255 176 (1031274416)
2025-08-15 18:27:57:642 [IN ] C8 24 0C 23 25 A5 0C 01 31 03 C9 3A 09 4D 33 25 A5 0C 01 31 03 CF 00 00 10 C8 25 A5 0C 01 31 05 E6 3D 77 00 00 DD C0 B0 (40)
                              [N12:Z] LFLAG ':' 9 (9)
                              [N12:Z] MOTOR_I 0 0 (0)
                              [N12:Z] [undefined] 61 119 0 0 (1031208960)
2025-08-15 18:27:57:663 [OUT] 25 A5 01 0C 31 05 81 FF BC D0 00 4F 33 (13)
                              [N12:Z] TPOS 255 188 208 0 (-4403200)
2025-08-15 18:27:57:684 [IN ] C8 24 09 18 25 A5 09 01 31 03 CF 00 1B 28 CE 25 A5 09 01 31 05 E6 3D 77 FF B0 89 53 0C (29)
                              [N9:P] MOTOR_I 0 27 (27)
                              [N9:P] [undefined] 61 119 255 176 (1031274416)
2025-08-15 18:27:57:726 [IN ] C8 24 0C 18 25 A5 0C 01 31 03 CF 00 00 10 C8 25 A5 0C 01 31 05 E6 3D 77 (24)
2025-08-15 18:27:57:747 [IN ] 00 00 DD C0 0C C8 24 06 0C 25 A5 06 01 31 04 88 53 FF B0 C6 38 A5 (22)
                              [N12:Z] MOTOR_I 0 0 (0)
                              [N12:Z] [undefined] 61 119 0 0 (1031208960)
                              [N6:H] RUN 'S' 255 176 (-80)
2025-08-15 18:27:57:769 [IN ] C8 24 09 0E 25 A5 09 01 31 03 CF 00 0D 1A C0 25 A5 09 01 (19)
                              [N9:P] MOTOR_I 0 13 (13)
2025-08-15 18:27:57:791 [IN ] C8 24 09 0A 01 31 05 E6 3D 77 FF B0 89 53 C0 (15)
                              [N9:P] [undefined] 61 119 255 176 (1031274416)
2025-08-15 18:27:57:855 [IN ] C8 24 0C 18 25 A5 0C 01 31 03 CF 00 00 10 C8 25 A5 0C 01 31 05 E6 3D 77 00 00 DD C0 0C (29)
                              [N12:Z] MOTOR_I 0 0 (0)
                              [N12:Z] [undefined] 61 119 0 0 (1031208960)
2025-08-15 18:27:57:875 [IN ] C8 24 09 15 25 A5 09 01 31 03 CF 00 0E 1B C1 25 A5 09 01 31 05 E6 3D 77 FF 00 C8 24 0C 0E 25 A5 0C 01 31 06 81 53 FF FF FF FD 12 CC 01 (45)
                              [N9:P] MOTOR_I 0 14 (14)
                              [N12:Z] TPOS 'S' 255 255 255 253 (-3)
2025-08-15 18:27:58:079 [IN ] C8 24 0C 18 25 A5 0C 01 31 03 CF 00 07 17 CF 25 A5 0C 01 31 05 E6 3D 77 FF B0 8C 6E 0C C8 24 09 1B B0 89 53 25 A5 09 01 31 03 CF 00 15 22 C8 25 A5 09 01 31 05 E6 3D 77 FF B0 89 53 05 C8 24 0C 
18 25 A5 0C 01 31 03 CF 00 0C 1C D4 25 A5 0C 01 31 05 E6 3D 77 FF B0 8C 6E B0 C8 24 09 18 25 A5 09 01 31 03 CF 00 12 1F C5 25 A5 09 01 31 05 E6 3D 77 FF B0 89 53 B0 (119)
                              [N12:Z] MOTOR_I 0 7 (7)
                              [N12:Z] [undefined] 61 119 255 176 (1031274416)
                              [N9:P] [undefined] 61 119 255 176 (1031274416)
                              [N9:P] MOTOR_I 0 21 (21)
                              [N9:P] [undefined] 61 119 255 176 (1031274416)
                              [N12:Z] MOTOR_I 0 12 (12)
                              [N12:Z] [undefined] 61 119 255 176 (1031274416)
                              [N9:P] MOTOR_I 0 18 (18)
                              [N9:P] [undefined] 61 119 255 176 (1031274416)
2025-08-15 18:27:58:279 [IN ] C8 24 0C 18 25 A5 0C 01 31 03 CF 00 08 18 D0 25 A5 0C 01 31 05 E6 3D 77 FF B0 8C 6E B0 C8 24 09 18 25 A5 09 01 31 03 CF 00 06 13 B9 25 A5 09 01 31 05 E6 3D 77 FF B0 89 53 B0 C8 24 0C 0E 25 A5 
0C 01 31 03 CF 00 02 12 CA 25 A5 0C 01 C8 24 0C 0A 01 31 05 E6 3D 77 FF B0 8C 6E CA C8 24 09 18 25 A5 09 01 31 03 CF 00 16 23 C9 25 A5 09 01 31 05 E6 3D 77 FF B0 89 53 B0 (121)
                              [N12:Z] MOTOR_I 0 8 (8)
                              [N12:Z] [undefined] 61 119 255 176 (1031274416)
                              [N9:P] MOTOR_I 0 6 (6)
                              [N9:P] [undefined] 61 119 255 176 (1031274416)
                              [N12:Z] MOTOR_I 0 2 (2)
                              [N12:Z] [undefined] 61 119 255 176 (1031274416)
                              [N9:P] MOTOR_I 0 22 (22)
                              [N9:P] [undefined] 61 119 255 176 (1031274416)
2025-08-15 18:27:58:482 [IN ] C8 24 0C 15 25 A5 0C 01 31 03 CF 00 06 16 CE 25 A5 0C 01 31 05 E6 3D 77 FF B0 C8 24 09 18 25 A5 09 01 31 03 CF 00 1E 2B D1 25 A5 09 01 31 05 E6 3D 77 FF B0 89 53 B0 C8 24 0C 1B B0 8C 6E 25 A5 
0C 01 31 03 CF 00 07 17 CF 25 A5 0C 01 31 05 E6 3D 77 FF B0 8C 6E 05 C8 24 09 18 25 A5 09 01 31 03 CF 00 1D 2A D0 25 A5 09 01 31 05 E6 3D 77 FF B0 89 53 B0 (116)
                              [N12:Z] MOTOR_I 0 6 (6)
                              [N9:P] MOTOR_I 0 30 (30)
                              [N9:P] [undefined] 61 119 255 176 (1031274416)
                              [N12:Z] [undefined] 61 119 255 176 (1031274416)
                              [N12:Z] MOTOR_I 0 7 (7)
                              [N12:Z] [undefined] 61 119 255 176 (1031274416)
                              [N9:P] MOTOR_I 0 29 (29)
                              [N9:P] [undefined] 61 119 255 176 (1031274416)
2025-08-15 18:27:58:683 [IN ] C8 24 0C 18 25 A5 0C 01 31 03 CF 00 14 24 DC 25 A5 0C 01 31 05 E6 3D 77 FF B0 8C 6E B0 C8 24 09 18 25 A5 09 01 31 03 CF 00 16 23 C9 25 A5 09 01 31 05 E6 3D 77 FF B0 89 53 B0 C8 24 0C 18 25 A5 
0C 01 31 03 CF 00 0A 1A D2 25 A5 0C 01 31 05 E6 3D 77 FF B0 8C 6E B0 C8 24 09 18 25 A5 09 01 31 03 CF 00 0A 17 BD 25 A5 09 01 31 05 E6 3D 77 FF B0 89 53 B0 (116)
                              [N12:Z] MOTOR_I 0 20 (20)
                              [N12:Z] [undefined] 61 119 255 176 (1031274416)
                              [N9:P] MOTOR_I 0 22 (22)
                              [N9:P] [undefined] 61 119 255 176 (1031274416)
                              [N12:Z] MOTOR_I 0 10 (10)
                              [N12:Z] [undefined] 61 119 255 176 (1031274416)
                              [N9:P] MOTOR_I 0 10 (10)
                              [N9:P] [undefined] 61 119 255 176 (1031274416)
2025-08-15 18:27:58:885 [IN ] C8 24 0C 18 25 A5 0C 01 31 03 CF 00 11 21 D9 25 A5 0C 01 31 05 E6 3D 77 FF B0 8C 6E B0 C8 24 09 18 25 A5 09 01 31 03 CF 00 13 20 C6 25 A5 09 01 31 05 E6 3D 77 FF B0 89 53 B0 C8 24 0C 18 25 A5 
0C 01 31 03 CF 00 02 12 CA 25 A5 0C 01 31 05 E6 3D 77 FF B0 8C 6E B0 C8 24 09 18 25 A5 09 01 31 03 CF 00 12 1F C5 25 A5 09 01 31 05 E6 3D 77 FF B0 89 53 (115)
                              [N12:Z] MOTOR_I 0 17 (17)
                              [N12:Z] [undefined] 61 119 255 176 (1031274416)
                              [N9:P] MOTOR_I 0 19 (19)
                              [N9:P] [undefined] 61 119 255 176 (1031274416)
                              [N12:Z] MOTOR_I 0 2 (2)
                              [N12:Z] [undefined] 61 119 255 176 (1031274416)
                              [N9:P] MOTOR_I 0 18 (18)
                              [N9:P] [undefined] 61 119 255 176 (1031274416)
2025-08-15 18:27:59:086 [IN ] B0 C8 24 0C 18 25 A5 0C 01 31 03 CF 00 09 19 D1 25 A5 0C 01 31 05 E6 3D 77 FF B0 8C 6E B0 C8 24 09 18 25 A5 09 01 31 03 CF 00 09 16 BC 25 A5 09 01 31 05 E6 3D 77 FF B0 89 53 B0 C8 24 0C 18 25 
A5 0C 01 31 03 CF 00 07 17 CF 25 A5 0C 01 31 05 E6 3D 77 FF B0 8C 6E B0 C8 24 09 18 25 A5 09 01 31 03 CF 00 04 11 B7 25 A5 09 01 31 05 E6 3D 77 FF B0 89 53 B0 (117)
                              [N12:Z] MOTOR_I 0 9 (9)
                              [N12:Z] [undefined] 61 119 255 176 (1031274416)
                              [N9:P] MOTOR_I 0 9 (9)
                              [N9:P] [undefined] 61 119 255 176 (1031274416)
                              [N12:Z] MOTOR_I 0 7 (7)
                              [N12:Z] [undefined] 61 119 255 176 (1031274416)
                              [N9:P] MOTOR_I 0 4 (4)
                              [N9:P] [undefined] 61 119 255 176 (1031274416)
2025-08-15 18:27:59:289 [IN ] C8 24 0C 18 25 A5 0C 01 31 03 CF 00 03 13 CB 25 A5 0C 01 31 05 E6 3D 77 FF B0 8C 6E B0 C8 24 09 18 25 A5 09 01 31 03 CF 00 0F 1C C2 25 A5 09 01 31 05 E6 3D 77 FF B0 89 53 B0 C8 24 0C 18 25 A5 
0C 01 31 03 CF 00 0B 1B D3 25 A5 0C 01 31 05 E6 3D 77 FF B0 8C 6E B0 C8 24 09 18 25 A5 09 01 31 03 CF 00 17 24 CA 25 A5 09 01 31 05 E6 3D 77 FF B0 89 53 B0 (116)
                              [N12:Z] MOTOR_I 0 3 (3)
                              [N12:Z] [undefined] 61 119 255 176 (1031274416)
                              [N9:P] MOTOR_I 0 15 (15)
                              [N9:P] [undefined] 61 119 255 176 (1031274416)
                              [N12:Z] MOTOR_I 0 11 (11)
                              [N12:Z] [undefined] 61 119 255 176 (1031274416)
                              [N9:P] MOTOR_I 0 23 (23)
                              [N9:P] [undefined] 61 119 255 176 (1031274416)
2025-08-15 18:27:59:490 [IN ] C8 24 0C 18 25 A5 0C 01 31 03 CF 00 04 14 CC 25 A5 0C 01 31 05 E6 3D 77 FF B0 8C 6E B0 C8 24 09 18 25 A5 09 01 31 03 CF 00 13 20 C6 25 A5 09 01 31 05 E6 3D 77 FF B0 89 53 B0 C8 24 0C 18 25 A5 
0C 01 31 03 CF 00 14 24 DC 25 A5 0C 01 31 05 E6 3D 77 FF B0 8C 6E B0 (87)
                              [N12:Z] MOTOR_I 0 4 (4)
                              [N12:Z] [undefined] 61 119 255 176 (1031274416)
                              [N9:P] MOTOR_I 0 19 (19)
                              [N9:P] [undefined] 61 119 255 176 (1031274416)
                              [N12:Z] MOTOR_I 0 20 (20)
                              [N12:Z] [undefined] 61 119 255 176 (1031274416)
2025-08-15 18:27:59:692 [IN ] C8 24 09 18 25 A5 09 01 31 03 CF 00 04 11 B7 25 A5 09 01 31 05 E6 3D 77 FF B0 89 53 B0 C8 24 0C 18 25 A5 0C 01 31 03 CF 00 17 27 DF 25 A5 0C 01 31 05 E6 3D 77 FF B0 8C 6E B0 C8 24 09 0E 25 A5 
09 01 31 03 CF 00 0D 1A C0 25 A5 09 01 C8 24 09 0A 01 31 05 E6 3D 77 FF B0 89 53 C0 C8 24 0C 18 25 A5 0C 01 31 03 CF 00 11 21 D9 25 A5 0C 01 31 05 E6 3D 77 FF B0 8C 6E B0 C8 24 09 15 25 A5 09 
01 31 03 CF 00 20 2D D3 25 A5 09 01 31 05 E6 3D 77 FF B0 (147)
                              [N9:P] MOTOR_I 0 4 (4)
                              [N9:P] [undefined] 61 119 255 176 (1031274416)
                              [N12:Z] MOTOR_I 0 23 (23)
                              [N12:Z] [undefined] 61 119 255 176 (1031274416)
                              [N9:P] MOTOR_I 0 13 (13)
                              [N9:P] [undefined] 61 119 255 176 (1031274416)
                              [N12:Z] MOTOR_I 0 17 (17)
                              [N12:Z] [undefined] 61 119 255 176 (1031274416)
                              [N9:P] MOTOR_I 0 32 (32)
2025-08-15 18:27:59:894 [IN ] C8 24 0C 18 25 A5 0C 01 31 03 CF 00 0E 1E D6 25 A5 0C 01 31 05 E6 3D 77 FF B0 8C 6E B0 C8 24 09 1B B0 89 53 25 A5 09 01 31 03 CF 00 1C 29 CF 25 A5 09 01 31 05 E6 3D 77 FF B0 89 53 05 C8 24 0C 
18 25 A5 0C 01 31 03 CF 00 03 13 CB 25 A5 0C 01 31 05 E6 3D 77 FF B0 8C 6E B0 C8 24 09 18 25 A5 09 01 31 03 CF 00 0A 17 BD 25 A5 09 01 31 05 E6 3D 77 FF B0 89 53 B0 (119)
                              [N12:Z] MOTOR_I 0 14 (14)
                              [N12:Z] [undefined] 61 119 255 176 (1031274416)
                              [N9:P] [undefined] 61 119 255 176 (1031274416)
                              [N9:P] MOTOR_I 0 28 (28)
                              [N9:P] [undefined] 61 119 255 176 (1031274416)
                              [N12:Z] MOTOR_I 0 3 (3)
                              [N12:Z] [undefined] 61 119 255 176 (1031274416)
                              [N9:P] MOTOR_I 0 10 (10)
                              [N9:P] [undefined] 61 119 255 176 (1031274416)
2025-08-15 18:28:00:096 [IN ] C8 24 0C 18 25 A5 0C 01 31 03 CF 00 03 13 CB 25 A5 0C 01 31 05 E6 3D 77 FF B0 8C 6E B0 C8 24 09 18 25 A5 09 01 31 03 CF 00 06 13 B9 25 A5 09 01 31 05 E6 3D 77 FF B0 89 53 B0 C8 24 0C 0E 25 A5 
0C 01 31 03 CF 00 12 22 DA 25 A5 0C 01 C8 24 0C 0A 01 31 05 E6 3D 77 FF B0 8C 6E DA C8 24 09 18 25 A5 09 01 31 03 CF 00 20 2D D3 25 A5 09 01 31 05 E6 3D 77 FF B0 89 53 B0 (121)
                              [N12:Z] MOTOR_I 0 3 (3)
                              [N12:Z] [undefined] 61 119 255 176 (1031274416)
                              [N9:P] MOTOR_I 0 6 (6)
                              [N9:P] [undefined] 61 119 255 176 (1031274416)
                              [N12:Z] MOTOR_I 0 18 (18)
                              [N12:Z] [undefined] 61 119 255 176 (1031274416)
                              [N9:P] MOTOR_I 0 32 (32)
                              [N9:P] [undefined] 61 119 255 176 (1031274416)
2025-08-15 18:28:00:299 [IN ] C8 24 0C 15 25 A5 0C 01 31 03 CF 00 0C 1C D4 25 A5 0C 01 31 05 E6 3D 77 FF B0 C8 24 09 18 25 A5 09 01 31 03 CF 00 14 21 C7 25 A5 09 01 31 05 E6 3D 77 FF B0 89 53 B0 C8 24 0C 1B B0 8C 6E 25 A5 
0C 01 31 03 CF 00 0E 1E D6 25 A5 0C 01 31 05 E6 3D 77 FF B0 8C 6E 05 C8 24 09 18 25 A5 09 01 31 03 CF 00 1C 29 CF 25 A5 09 01 31 05 E6 3D 77 FF B0 89 53 B0 (116)
                              [N12:Z] MOTOR_I 0 12 (12)
                              [N9:P] MOTOR_I 0 20 (20)
                              [N9:P] [undefined] 61 119 255 176 (1031274416)
                              [N12:Z] [undefined] 61 119 255 176 (1031274416)
                              [N12:Z] MOTOR_I 0 14 (14)
                              [N12:Z] [undefined] 61 119 255 176 (1031274416)
                              [N9:P] MOTOR_I 0 28 (28)
                              [N9:P] [undefined] 61 119 255 176 (1031274416)
2025-08-15 18:28:00:501 [IN ] C8 24 0C 18 25 A5 0C 01 31 03 CF 00 0E 1E D6 25 A5 0C 01 31 05 E6 3D 77 FF B0 8C 6E B0 C8 24 09 18 25 A5 09 01 31 03 CF 00 0E 1B C1 25 A5 09 01 31 05 E6 3D 77 FF B0 89 53 B0 C8 24 0C 18 25 A5 
0C 01 31 03 CF 00 09 19 D1 25 A5 0C 01 31 05 E6 3D 77 FF B0 8C 6E B0 C8 24 09 18 25 A5 09 01 31 03 CF 00 1C 29 CF 25 A5 09 01 31 05 E6 3D 77 FF B0 89 53 B0 (116)
                              [N12:Z] MOTOR_I 0 14 (14)
                              [N12:Z] [undefined] 61 119 255 176 (1031274416)
                              [N9:P] MOTOR_I 0 14 (14)
                              [N9:P] [undefined] 61 119 255 176 (1031274416)
                              [N12:Z] MOTOR_I 0 9 (9)
                              [N12:Z] [undefined] 61 119 255 176 (1031274416)
                              [N9:P] MOTOR_I 0 28 (28)
                              [N9:P] [undefined] 61 119 255 176 (1031274416)
2025-08-15 18:28:00:702 [IN ] C8 24 0C 18 25 A5 0C 01 31 03 CF 00 13 23 DB 25 A5 0C 01 31 05 E6 3D 77 FF B0 8C 6E B0 C8 24 09 18 25 A5 09 01 31 03 CF 00 20 2D D3 25 A5 09 01 31 05 E6 3D 77 FF B0 89 53 B0 C8 24 0C 18 25 A5 
0C 01 31 03 CF 00 0C 1C D4 25 A5 0C 01 31 05 E6 3D 77 FF B0 8C 6E B0 C8 24 09 18 25 A5 09 01 31 03 CF 00 17 24 CA 25 A5 09 01 31 05 E6 3D 77 FF B0 89 53 B0 (116)
                              [N12:Z] MOTOR_I 0 19 (19)
                              [N12:Z] [undefined] 61 119 255 176 (1031274416)
                              [N9:P] MOTOR_I 0 32 (32)
                              [N9:P] [undefined] 61 119 255 176 (1031274416)
                              [N12:Z] MOTOR_I 0 12 (12)
                              [N12:Z] [undefined] 61 119 255 176 (1031274416)
                              [N9:P] MOTOR_I 0 23 (23)
                              [N9:P] [undefined] 61 119 255 176 (1031274416)
2025-08-15 18:28:00:904 [IN ] C8 24 0C 18 25 A5 0C 01 31 03 CF 00 0A 1A D2 25 A5 0C 01 31 05 E6 3D 77 FF B0 8C 6E B0 C8 24 09 18 25 A5 09 01 31 03 CF 00 0B 18 BE 25 A5 09 01 31 05 E6 3D 77 FF B0 89 53 B0 C8 24 0C 18 25 A5 
0C 01 31 03 CF 00 00 10 C8 25 A5 0C 01 31 05 E6 3D 77 FF B0 8C 6E B0 C8 24 09 18 25 A5 09 01 31 03 CF 00 11 1E C4 25 A5 09 01 31 05 E6 3D 77 FF B0 89 53 B0 (116)
                              [N12:Z] MOTOR_I 0 10 (10)
                              [N12:Z] [undefined] 61 119 255 176 (1031274416)
                              [N9:P] MOTOR_I 0 11 (11)
                              [N9:P] [undefined] 61 119 255 176 (1031274416)
                              [N12:Z] MOTOR_I 0 0 (0)
                              [N12:Z] [undefined] 61 119 255 176 (1031274416)
                              [N9:P] MOTOR_I 0 17 (17)
                              [N9:P] [undefined] 61 119 255 176 (1031274416)
2025-08-15 18:28:01:105 [IN ] C8 24 0C 18 25 A5 0C 01 31 03 CF 00 07 17 CF 25 A5 0C 01 31 05 E6 3D 77 FF B0 8C 6E B0 C8 24 09 18 25 A5 09 01 31 03 CF 00 19 26 CC 25 A5 09 01 31 05 E6 3D 77 FF B0 89 53 B0 C8 24 0C 18 25 A5 
0C 01 31 03 CF 00 0E 1E D6 25 A5 0C 01 31 05 E6 3D 77 FF B0 8C 6E B0 C8 24 09 18 25 A5 09 01 31 03 CF 00 04 11 B7 25 A5 09 01 31 05 E6 3D 77 (111)
                              [N12:Z] MOTOR_I 0 7 (7)
                              [N12:Z] [undefined] 61 119 255 176 (1031274416)
                              [N9:P] MOTOR_I 0 25 (25)
                              [N9:P] [undefined] 61 119 255 176 (1031274416)
                              [N12:Z] MOTOR_I 0 14 (14)
                              [N12:Z] [undefined] 61 119 255 176 (1031274416)
2025-08-15 18:28:01:306 [IN ] FF B0 89 53 B0 C8 24 0C 18 25 A5 0C 01 31 03 CF 00 03 13 CB 25 A5 0C 01 31 05 E6 3D 77 FF B0 8C 6E B0 C8 24 09 18 25 A5 09 01 31 03 CF 00 0E 1B C1 25 A5 09 01 31 05 E6 3D 77 FF B0 89 53 B0 C8 
24 0C 18 25 A5 0C 01 31 03 CF 00 10 20 D8 25 A5 0C 01 31 05 E6 3D 77 FF B0 8C 6E B0 C8 24 09 18 25 A5 09 01 31 03 CF 00 0C 19 BF 25 A5 09 01 31 05 E6 3D 77 FF B0 89 53 B0 (121)
                              [N9:P] MOTOR_I 0 4 (4)
                              [N9:P] [undefined] 61 119 255 176 (1031274416)
                              [N12:Z] MOTOR_I 0 3 (3)
                              [N12:Z] [undefined] 61 119 255 176 (1031274416)
                              [N9:P] MOTOR_I 0 14 (14)
                              [N9:P] [undefined] 61 119 255 176 (1031274416)
                              [N12:Z] MOTOR_I 0 16 (16)
                              [N12:Z] [undefined] 61 119 255 176 (1031274416)
                              [N9:P] MOTOR_I 0 12 (12)
                              [N9:P] [undefined] 61 119 255 176 (1031274416)
2025-08-15 18:28:01:509 [IN ] C8 24 0C 18 25 A5 0C 01 31 03 CF 00 00 10 C8 25 A5 0C 01 31 05 E6 3D 77 FF B0 8C 6E B0 C8 24 09 0E 25 A5 09 01 31 03 CF 00 0E 1B C1 25 A5 09 01 C8 24 09 0A 01 31 05 E6 3D 77 FF B0 89 53 C1 C8 
24 0C 18 25 A5 0C 01 31 03 CF 00 0D 1D D5 25 A5 0C 01 31 05 E6 3D 77 FF B0 8C 6E B0 C8 24 09 15 25 A5 09 01 31 03 CF 00 16 23 C9 25 A5 09 01 31 05 E6 3D 77 FF B0 (118)
                              [N12:Z] MOTOR_I 0 0 (0)
                              [N12:Z] [undefined] 61 119 255 176 (1031274416)
                              [N9:P] MOTOR_I 0 14 (14)
                              [N9:P] [undefined] 61 119 255 176 (1031274416)
                              [N12:Z] MOTOR_I 0 13 (13)
                              [N12:Z] [undefined] 61 119 255 176 (1031274416)
                              [N9:P] MOTOR_I 0 22 (22)
2025-08-15 18:28:01:712 [IN ] C8 24 0C 18 25 A5 0C 01 31 03 CF 00 06 16 CE 25 A5 0C 01 31 05 E6 3D 77 FF B0 8C 6E B0 C8 24 09 1B B0 89 53 25 A5 09 01 31 03 CF 00 09 16 BC 25 A5 09 01 31 05 E6 3D 77 FF B0 89 53 05 C8 24 0C 
18 25 A5 0C 01 31 03 CF 00 09 19 D1 25 A5 0C 01 31 05 E6 3D 77 FF B0 8C 6E B0 C8 24 09 18 25 A5 09 01 31 03 CF 00 08 15 BB 25 A5 09 01 31 05 E6 3D 77 FF B0 89 53 B0 (119)
                              [N12:Z] MOTOR_I 0 6 (6)
                              [N12:Z] [undefined] 61 119 255 176 (1031274416)
                              [N9:P] [undefined] 61 119 255 176 (1031274416)
                              [N9:P] MOTOR_I 0 9 (9)
                              [N9:P] [undefined] 61 119 255 176 (1031274416)
                              [N12:Z] MOTOR_I 0 9 (9)
                              [N12:Z] [undefined] 61 119 255 176 (1031274416)
                              [N9:P] MOTOR_I 0 8 (8)
                              [N9:P] [undefined] 61 119 255 176 (1031274416)
2025-08-15 18:28:01:913 [IN ] C8 24 0C 18 25 A5 0C 01 31 03 CF 00 07 17 CF 25 A5 0C 01 31 05 E6 3D 77 FF B0 8C 6E B0 C8 24 09 18 25 A5 09 01 31 03 CF 00 1A 27 CD 25 A5 09 01 31 05 E6 3D 77 FF B0 89 53 B0 C8 24 0C 0E 25 A5 
0C 01 31 03 CF 00 07 17 CF 25 A5 0C 01 C8 24 0C 0A 01 31 05 E6 3D 77 FF B0 8C 6E CF C8 24 09 18 25 A5 09 01 31 03 CF 00 1D 2A D0 25 A5 09 01 31 05 E6 3D 77 FF B0 89 53 B0 (121)
                              [N12:Z] MOTOR_I 0 7 (7)
                              [N12:Z] [undefined] 61 119 255 176 (1031274416)
                              [N9:P] MOTOR_I 0 26 (26)
                              [N9:P] [undefined] 61 119 255 176 (1031274416)
                              [N12:Z] MOTOR_I 0 7 (7)
                              [N12:Z] [undefined] 61 119 255 176 (1031274416)
                              [N9:P] MOTOR_I 0 29 (29)
                              [N9:P] [undefined] 61 119 255 176 (1031274416)
2025-08-15 18:28:02:116 [IN ] C8 24 0C 15 25 A5 0C 01 31 03 CF 00 14 24 DC 25 A5 0C 01 31 05 E6 3D 77 FF B0 C8 24 09 18 25 A5 09 01 31 03 CF 00 06 13 B9 25 A5 09 01 31 05 E6 3D 77 FF B0 89 53 B0 C8 24 0C 1B B0 8C 6E 25 A5 
0C 01 31 03 CF 00 09 19 D1 25 A5 0C 01 31 05 E6 3D 77 FF B0 8C 6E 05 C8 24 09 18 25 A5 09 01 31 03 CF 00 0C 19 BF 25 A5 09 01 31 05 E6 3D 77 FF B0 89 53 B0 (116)
                              [N12:Z] MOTOR_I 0 20 (20)
                              [N9:P] MOTOR_I 0 6 (6)
                              [N9:P] [undefined] 61 119 255 176 (1031274416)
                              [N12:Z] [undefined] 61 119 255 176 (1031274416)
                              [N12:Z] MOTOR_I 0 9 (9)
                              [N12:Z] [undefined] 61 119 255 176 (1031274416)
                              [N9:P] MOTOR_I 0 12 (12)
                              [N9:P] [undefined] 61 119 255 176 (1031274416)
2025-08-15 18:28:02:318 [IN ] C8 24 0C 18 25 A5 0C 01 31 03 CF 00 0A 1A D2 25 A5 0C 01 31 05 E6 3D 77 FF B0 8C 6E B0 C8 24 09 18 25 A5 09 01 31 03 CF 00 20 2D D3 25 A5 09 01 31 05 E6 3D 77 FF B0 89 53 B0 C8 24 0C 18 25 A5 
0C 01 31 03 CF 00 02 12 CA 25 A5 0C 01 31 05 E6 3D 77 FF B0 8C 6E B0 C8 24 09 18 25 A5 09 01 31 03 CF 00 13 20 C6 25 A5 09 01 31 05 E6 3D 77 FF B0 89 53 B0 (116)
                              [N12:Z] MOTOR_I 0 10 (10)
                              [N12:Z] [undefined] 61 119 255 176 (1031274416)
                              [N9:P] MOTOR_I 0 32 (32)
                              [N9:P] [undefined] 61 119 255 176 (1031274416)
                              [N12:Z] MOTOR_I 0 2 (2)
                              [N12:Z] [undefined] 61 119 255 176 (1031274416)
                              [N9:P] MOTOR_I 0 19 (19)
                              [N9:P] [undefined] 61 119 255 176 (1031274416)
2025-08-15 18:28:02:519 [IN ] C8 24 0C 18 25 A5 0C 01 31 03 CF 00 03 13 CB 25 A5 0C 01 31 05 E6 3D 77 FF B0 8C 6E B0 C8 24 09 18 25 A5 09 01 31 03 CF 00 02 0F B5 25 A5 09 01 31 05 E6 3D 77 FF B0 89 53 B0 C8 24 0C 18 25 A5 
0C 01 31 03 CF 00 07 17 CF 25 A5 0C 01 31 05 E6 3D 77 FF B0 8C 6E B0 C8 24 09 18 25 A5 09 01 31 03 CF 00 19 26 CC 25 A5 09 01 31 05 E6 3D 77 FF B0 89 53 B0 (116)
                              [N12:Z] MOTOR_I 0 3 (3)
                              [N12:Z] [undefined] 61 119 255 176 (1031274416)
                              [N9:P] MOTOR_I 0 2 (2)
                              [N9:P] [undefined] 61 119 255 176 (1031274416)
                              [N12:Z] MOTOR_I 0 7 (7)
                              [N12:Z] [undefined] 61 119 255 176 (1031274416)
                              [N9:P] MOTOR_I 0 25 (25)
                              [N9:P] [undefined] 61 119 255 176 (1031274416)
2025-08-15 18:28:02:721 [IN ] C8 24 0C 18 25 A5 0C 01 31 03 CF 00 0D 1D D5 25 A5 0C 01 31 05 E6 3D 77 FF B0 8C 6E B0 C8 24 09 18 25 A5 09 01 31 03 CF 00 1F 2C D2 25 A5 09 01 31 05 E6 3D 77 FF B0 89 53 B0 C8 24 0C 18 25 A5 
0C 01 31 03 CF 00 08 18 D0 25 A5 0C 01 31 05 E6 3D 77 FF B0 8C 6E B0 C8 24 09 18 25 A5 09 01 31 03 CF 00 18 25 CB 25 A5 09 01 31 05 E6 3D 77 FF B0 89 53 B0 (116)
                              [N12:Z] MOTOR_I 0 13 (13)
                              [N12:Z] [undefined] 61 119 255 176 (1031274416)
                              [N9:P] MOTOR_I 0 31 (31)
                              [N9:P] [undefined] 61 119 255 176 (1031274416)
                              [N12:Z] MOTOR_I 0 8 (8)
                              [N12:Z] [undefined] 61 119 255 176 (1031274416)
                              [N9:P] MOTOR_I 0 24 (24)
                              [N9:P] [undefined] 61 119 255 176 (1031274416)
2025-08-15 18:28:02:922 [IN ] C8 24 0C 18 25 A5 0C 01 31 03 CF 00 0D 1D D5 25 A5 0C 01 31 05 E6 3D 77 FF B0 8C 6E B0 C8 24 09 18 25 A5 09 01 31 03 CF 00 06 13 B9 25 A5 09 01 31 05 E6 3D 77 FF B0 89 53 B0 C8 24 0C 18 25 A5 
0C 01 31 03 CF 00 0B 1B D3 25 A5 0C 01 31 05 E6 3D 77 FF B0 8C 6E B0 C8 24 09 18 25 A5 09 01 31 03 CF 00 06 13 B9 25 A5 09 01 31 05 E6 3D 77 FF B0 89 53 B0 (116)
                              [N12:Z] MOTOR_I 0 13 (13)
                              [N12:Z] [undefined] 61 119 255 176 (1031274416)
                              [N9:P] MOTOR_I 0 6 (6)
                              [N9:P] [undefined] 61 119 255 176 (1031274416)
                              [N12:Z] MOTOR_I 0 11 (11)
                              [N12:Z] [undefined] 61 119 255 176 (1031274416)
                              [N9:P] MOTOR_I 0 6 (6)
                              [N9:P] [undefined] 61 119 255 176 (1031274416)
2025-08-15 18:28:03:124 [IN ] C8 24 0C 18 25 A5 0C 01 31 03 CF 00 02 12 CA 25 A5 0C 01 31 05 E6 3D 77 FF B0 8C 6E B0 C8 24 09 18 25 A5 09 01 31 03 CF 00 10 1D C3 25 A5 09 01 31 05 E6 3D 77 FF B0 89 53 B0 C8 24 0C 18 25 A5 
0C 01 31 03 CF 00 07 17 CF 25 A5 0C 01 31 05 E6 3D 77 FF B0 8C 6E B0 C8 24 09 18 25 A5 09 01 31 03 CF 00 19 26 CC 25 A5 09 01 31 05 E6 3D 77 FF B0 89 53 B0 (116)
                              [N12:Z] MOTOR_I 0 2 (2)
                              [N12:Z] [undefined] 61 119 255 176 (1031274416)
                              [N9:P] MOTOR_I 0 16 (16)
                              [N9:P] [undefined] 61 119 255 176 (1031274416)
                              [N12:Z] MOTOR_I 0 7 (7)
                              [N12:Z] [undefined] 61 119 255 176 (1031274416)
                              [N9:P] MOTOR_I 0 25 (25)
                              [N9:P] [undefined] 61 119 255 176 (1031274416)
2025-08-15 18:28:03:326 [IN ] C8 24 0C 18 25 A5 0C 01 31 03 CF 00 02 12 CA 25 A5 0C 01 31 05 E6 3D 77 FF B0 8C 6E B0 C8 24 09 0E 25 A5 09 01 31 03 CF 00 10 1D C3 25 A5 09 01 C8 24 09 0A 01 31 05 E6 3D 77 FF B0 89 53 C3 C8 
24 0C 18 25 A5 0C 01 31 03 CF 00 0B 1B D3 25 A5 0C 01 31 05 E6 3D 77 FF B0 8C 6E B0 C8 24 06 0B 25 A5 06 01 31 03 81 5A 4C 62 B4 25 C8 24 09 15 25 A5 09 01 31 03 CF 00 06 13 B9 25 A5 09 01 31 
05 E6 3D 77 FF B0 C8 24 06 0A 25 A5 06 01 31 02 81 49 04 3E B9 (149)
                              [N12:Z] MOTOR_I 0 2 (2)
                              [N12:Z] [undefined] 61 119 255 176 (1031274416)
                              [N9:P] MOTOR_I 0 16 (16)
                              [N9:P] [undefined] 61 119 255 176 (1031274416)
                              [N12:Z] MOTOR_I 0 11 (11)
                              [N12:Z] [undefined] 61 119 255 176 (1031274416)
                              [N6:H] TPOS 'Z' 76 (76)
                              [N9:P] MOTOR_I 0 6 (6)
                              [N6:H] TPOS 'I'
2025-08-15 18:28:03:529 [IN ] C8 24 0C 18 25 A5 0C 01 31 03 CF 00 0C 1C D4 25 A5 0C 01 31 05 E6 3D 77 FF B0 8C 6E B0 C8 24 09 1B B0 89 53 25 A5 09 01 31 03 CF 00 15 22 C8 25 A5 09 01 31 05 E6 3D 77 FF B0 89 53 05 C8 24 0C 
18 25 A5 0C 01 31 03 CF 00 06 16 CE 25 A5 0C 01 31 05 E6 3D 77 FF B0 8C 6E B0 C8 24 09 18 25 A5 09 01 31 03 CF 00 12 1F C5 25 A5 09 01 31 05 E6 3D 77 FF B0 89 53 B0 (119)
                              [N12:Z] MOTOR_I 0 12 (12)
                              [N12:Z] [undefined] 61 119 255 176 (1031274416)
                              [N9:P] [undefined] 61 119 255 176 (1031274416)
                              [N9:P] MOTOR_I 0 21 (21)
                              [N9:P] [undefined] 61 119 255 176 (1031274416)
                              [N12:Z] MOTOR_I 0 6 (6)
                              [N12:Z] [undefined] 61 119 255 176 (1031274416)
                              [N9:P] MOTOR_I 0 18 (18)
                              [N9:P] [undefined] 61 119 255 176 (1031274416)
2025-08-15 18:28:03:550 [OUT] 25 A5 01 06 31 03 C9 3D 09 4A 0A (11)
                              [N6:H] LFLAG '=' 9 (9)
2025-08-15 18:28:03:593 [IN ] C8 24 0C 18 25 A5 0C 01 31 03 CF 00 15 25 DD 25 A5 0C 01 31 05 E6 3D 77 FF B0 8C 6E B0 (29)
                              [N12:Z] MOTOR_I 0 21 (21)
                              [N12:Z] [undefined] 61 119 255 176 (1031274416)
2025-08-15 18:28:03:615 [IN ] C8 24 09 18 25 A5 09 01 31 03 CF (11)
2025-08-15 18:28:03:636 [IN ] 00 09 16 BC 25 A5 09 01 31 05 E6 3D 77 FF B0 89 53 B0 (18)
                              [N9:P] MOTOR_I 0 9 (9)
                              [N9:P] [undefined] 61 119 255 176 (1031274416)
2025-08-15 18:28:03:678 [IN ] C8 24 0C 0E 25 A5 0C 01 31 03 CF 00 19 29 E1 25 A5 0C 01 (19)
                              [N12:Z] MOTOR_I 0 25 (25)
2025-08-15 18:28:03:699 [IN ] C8 24 0C 0A 01 31 05 E6 3D 77 FF B0 8C 6E E1 (15)
                              [N12:Z] [undefined] 61 119 255 176 (1031274416)
2025-08-15 18:28:03:720 [IN ] C8 24 06 0B 25 A5 06 01 31 03 C9 3A 09 47 09 25 C8 24 09 18 25 A5 09 01 31 03 CF 00 0C 19 BF 25 A5 09 01 31 05 E6 3D 77 FF B0 89 53 B0 (45)
                              [N6:H] LFLAG ':' 9 (9)
                              [N9:P] MOTOR_I 0 12 (12)
                              [N9:P] [undefined] 61 119 255 176 (1031274416)
2025-08-15 18:28:03:741 [OUT] 25 A5 01 06 31 03 84 00 50 0F 08 (11)
                              [N6:H] VEL 0 80 (80)
2025-08-15 18:28:03:783 [IN ] C8 24 0C 15 25 A5 0C 01 31 03 CF 00 07 17 CF 25 A5 0C 01 31 05 E6 3D 77 FF B0 (26)
                              [N12:Z] MOTOR_I 0 7 (7)
2025-08-15 18:28:03:826 [IN ] C8 24 09 18 25 A5 09 01 31 03 CF 00 04 11 B7 25 A5 09 01 31 05 E6 3D 77 FF B0 89 53 B0 (29)
                              [N9:P] MOTOR_I 0 4 (4)
                              [N9:P] [undefined] 61 119 255 176 (1031274416)
2025-08-15 18:28:03:889 [IN ] C8 24 0C 1B B0 8C 6E 25 A5 0C 01 31 03 CF 00 02 12 CA 25 A5 0C 01 31 05 E6 3D 77 FF B0 8C 6E 05 (32)
                              [N12:Z] [undefined] 61 119 255 176 (1031274416)
                              [N12:Z] MOTOR_I 0 2 (2)
                              [N12:Z] [undefined] 61 119 255 176 (1031274416)
2025-08-15 18:28:03:911 [IN ] C8 24 06 0C 25 A5 06 01 31 04 84 53 00 50 63 CA 12 (17)
                              [N6:H] VEL 'S' 0 80 (80)
2025-08-15 18:28:03:932 [OUT] 25 A5 01 06 31 05 81 00 19 82 3C 95 BE (13)
                              [N6:H] TPOS 0 25 130 60 (1671740)
2025-08-15 18:28:03:933 [IN ] C8 24 09 18 25 A5 09 01 31 03 CF 00 11 1E C4 25 A5 09 01 31 05 E6 3D 77 FF B0 89 53 B0 (29)
                              [N9:P] MOTOR_I 0 17 (17)
                              [N9:P] [undefined] 61 119 255 176 (1031274416)
2025-08-15 18:28:03:975 [IN ] C8 24 0C 18 25 A5 0C 01 31 03 CF 00 13 23 DB 25 A5 0C 01 31 05 E6 3D 77 FF B0 8C 6E B0 (29)
                              [N12:Z] MOTOR_I 0 19 (19)
                              [N12:Z] [undefined] 61 119 255 176 (1031274416)
2025-08-15 18:28:04:038 [IN ] C8 24 09 18 25 A5 09 01 31 03 CF 00 09 16 BC 25 A5 09 01 31 05 E6 3D 77 FF B0 89 53 B0 (29)
                              [N9:P] MOTOR_I 0 9 (9)
                              [N9:P] [undefined] 61 119 255 176 (1031274416)
2025-08-15 18:28:04:080 [IN ] C8 24 0C 18 25 A5 0C 01 31 03 CF 00 0E 1E D6 25 A5 0C 01 31 05 E6 3D 77 FF B0 8C 6E B0 (29)
                              [N12:Z] MOTOR_I 0 14 (14)
                              [N12:Z] [undefined] 61 119 255 176 (1031274416)
2025-08-15 18:28:04:101 [IN ] C8 24 06 0E 25 A5 06 01 31 06 81 53 00 00 00 01 13 9D 01 (19)
                              [N6:H] TPOS 'S' 0 0 0 1 (1)
2025-08-15 18:28:04:302 [IN ] C8 24 09 18 25 A5 09 01 31 03 CF 00 0C 19 BF 25 A5 09 01 31 05 E6 3D 77 FF B0 89 53 B0 C8 24 0C 18 25 A5 0C 01 31 03 CF 00 05 15 CD 25 A5 0C 01 31 05 E6 3D 77 FF B0 8C 6E B0 C8 24 09 18 25 A5 
09 01 31 03 CF 00 09 16 BC 25 A5 09 01 31 05 E6 3D 77 FF B0 89 53 B0 C8 24 0C 18 25 A5 0C 01 31 03 CF 00 0B 1B D3 25 A5 0C 01 31 05 E6 3D 77 FF B0 8C 6E B0 (116)
                              [N9:P] MOTOR_I 0 12 (12)
                              [N9:P] [undefined] 61 119 255 176 (1031274416)
                              [N12:Z] MOTOR_I 0 5 (5)
                              [N12:Z] [undefined] 61 119 255 176 (1031274416)
                              [N9:P] MOTOR_I 0 9 (9)
                              [N9:P] [undefined] 61 119 255 176 (1031274416)
                              [N12:Z] MOTOR_I 0 11 (11)
                              [N12:Z] [undefined] 61 119 255 176 (1031274416)
2025-08-15 18:28:04:503 [IN ] C8 24 09 18 25 A5 09 01 31 03 CF 00 0E 1B C1 25 A5 09 01 31 05 E6 3D 77 FF B0 89 53 B0 C8 24 0C 18 25 A5 0C 01 31 03 CF 00 00 10 C8 25 A5 0C 01 31 05 E6 3D 77 FF B0 8C 6E B0 C8 24 09 18 25 A5 
09 01 31 03 CF 00 0C 19 BF 25 A5 09 01 31 05 E6 3D 77 FF B0 89 53 B0 C8 24 0C 18 25 A5 0C 01 31 03 CF 00 10 20 D8 25 A5 0C 01 31 05 E6 3D 77 FF B0 8C 6E B0 (116)
                              [N9:P] MOTOR_I 0 14 (14)
                              [N9:P] [undefined] 61 119 255 176 (1031274416)
                              [N12:Z] MOTOR_I 0 0 (0)
                              [N12:Z] [undefined] 61 119 255 176 (1031274416)
                              [N9:P] MOTOR_I 0 12 (12)
                              [N9:P] [undefined] 61 119 255 176 (1031274416)
                              [N12:Z] MOTOR_I 0 16 (16)
                              [N12:Z] [undefined] 61 119 255 176 (1031274416)
2025-08-15 18:28:04:705 [IN ] C8 24 09 18 25 A5 09 01 31 03 CF 00 11 1E C4 25 A5 09 01 31 05 E6 3D 77 FF B0 89 53 B0 C8 24 0C 18 25 A5 0C 01 31 03 CF 00 0A 1A D2 25 A5 0C 01 31 05 E6 3D 77 FF B0 8C 6E B0 C8 24 09 18 25 A5 
09 01 31 03 CF 00 10 1D C3 25 A5 09 01 31 05 E6 3D 77 FF B0 89 53 B0 C8 24 0C 18 25 A5 0C 01 31 03 CF 00 0B 1B D3 25 A5 0C 01 31 05 E6 3D 77 FF B0 8C 6E B0 (116)
                              [N9:P] MOTOR_I 0 17 (17)
                              [N9:P] [undefined] 61 119 255 176 (1031274416)
                              [N12:Z] MOTOR_I 0 10 (10)
                              [N12:Z] [undefined] 61 119 255 176 (1031274416)
                              [N9:P] MOTOR_I 0 16 (16)
                              [N9:P] [undefined] 61 119 255 176 (1031274416)
                              [N12:Z] MOTOR_I 0 11 (11)
                              [N12:Z] [undefined] 61 119 255 176 (1031274416)
2025-08-15 18:28:04:907 [IN ] C8 24 09 18 25 A5 09 01 31 03 CF 00 1E 2B D1 25 A5 09 01 31 05 E6 3D 77 FF B0 89 53 B0 C8 24 0C 18 25 A5 0C 01 31 03 CF 00 0B 1B D3 25 A5 0C 01 31 05 E6 3D 77 FF B0 8C 6E B0 C8 24 09 18 25 A5 
09 01 31 03 CF 00 13 20 C6 25 A5 09 01 31 05 E6 3D 77 FF B0 89 53 B0 C8 24 0C 18 25 A5 0C 01 31 03 CF 00 03 13 CB 25 A5 0C 01 31 05 E6 3D 77 FF B0 8C 6E B0 (116)
                              [N9:P] MOTOR_I 0 30 (30)
                              [N9:P] [undefined] 61 119 255 176 (1031274416)
                              [N12:Z] MOTOR_I 0 11 (11)
                              [N12:Z] [undefined] 61 119 255 176 (1031274416)
                              [N9:P] MOTOR_I 0 19 (19)
                              [N9:P] [undefined] 61 119 255 176 (1031274416)
                              [N12:Z] MOTOR_I 0 3 (3)
                              [N12:Z] [undefined] 61 119 255 176 (1031274416)
2025-08-15 18:28:05:108 [IN ] C8 24 09 18 25 A5 09 01 31 03 CF 00 10 1D C3 25 A5 09 01 31 05 E6 3D 77 FF B0 89 53 B0 C8 24 0C 18 25 A5 0C 01 31 03 CF 00 0A 1A D2 25 A5 0C 01 31 05 E6 3D 77 FF B0 8C 6E B0 C8 24 09 0E 25 A5 
09 01 31 03 CF 00 0E 1B C1 25 A5 09 01 C8 24 09 0A 01 31 05 E6 3D 77 FF B0 89 53 C1 C8 24 0C 18 25 A5 0C 01 31 03 CF 00 13 23 DB 25 A5 0C 01 31 05 E6 3D 77 FF B0 8C 6E B0 (121)
                              [N9:P] MOTOR_I 0 16 (16)
                              [N9:P] [undefined] 61 119 255 176 (1031274416)
                              [N12:Z] MOTOR_I 0 10 (10)
                              [N12:Z] [undefined] 61 119 255 176 (1031274416)
                              [N9:P] MOTOR_I 0 14 (14)
                              [N9:P] [undefined] 61 119 255 176 (1031274416)
                              [N12:Z] MOTOR_I 0 19 (19)
                              [N12:Z] [undefined] 61 119 255 176 (1031274416)
2025-08-15 18:28:05:311 [IN ] C8 24 09 15 25 A5 09 01 31 03 CF 00 1C 29 CF 25 A5 09 01 31 05 E6 3D 77 FF B0 C8 24 03 0E 25 A5 03 01 31 06 81 45 FF EC 49 70 A5 FA 01 C8 24 0C 18 25 A5 0C 01 31 03 CF 00 0A 1A D2 25 A5 0C 01 
31 05 E6 3D 77 FF B0 8C 6E B0 C8 24 09 1B B0 89 53 25 A5 09 01 31 03 CF 00 0C 19 BF 25 A5 09 01 31 05 E6 3D 77 FF B0 89 53 05 C8 24 0C 18 25 A5 0C 01 31 03 CF 00 02 12 CA 25 A5 0C 01 31 05 E6 
3D 77 FF B0 8C 6E B0 (135)
                              [N9:P] MOTOR_I 0 28 (28)
                              [N3:X] TPOS 'E' 255 236 73 112 (-1291920)
                              [N12:Z] MOTOR_I 0 10 (10)
                              [N12:Z] [undefined] 61 119 255 176 (1031274416)
                              [N9:P] [undefined] 61 119 255 176 (1031274416)
                              [N9:P] MOTOR_I 0 12 (12)
                              [N9:P] [undefined] 61 119 255 176 (1031274416)
                              [N12:Z] MOTOR_I 0 2 (2)
                              [N12:Z] [undefined] 61 119 255 176 (1031274416)
2025-08-15 18:28:05:514 [IN ] C8 24 09 18 25 A5 09 01 31 03 CF 00 0C 19 BF 25 A5 09 01 31 05 E6 3D 77 FF B0 89 53 B0 C8 24 0C 18 25 A5 0C 01 31 03 CF 00 02 12 CA 25 A5 0C 01 31 05 E6 3D 77 FF B0 8C 6E B0 C8 24 09 18 25 A5 
09 01 31 03 CF 00 0A 17 BD 25 A5 09 01 31 05 E6 3D 77 FF B0 89 53 B0 C8 24 0C 0E 25 A5 0C 01 31 03 CF 00 08 18 D0 25 A5 0C 01 C8 24 0C 0A 01 31 05 E6 3D 77 FF B0 8C 6E D0 (121)
                              [N9:P] MOTOR_I 0 12 (12)
                              [N9:P] [undefined] 61 119 255 176 (1031274416)
                              [N12:Z] MOTOR_I 0 2 (2)
                              [N12:Z] [undefined] 61 119 255 176 (1031274416)
                              [N9:P] MOTOR_I 0 10 (10)
                              [N9:P] [undefined] 61 119 255 176 (1031274416)
                              [N12:Z] MOTOR_I 0 8 (8)
                              [N12:Z] [undefined] 61 119 255 176 (1031274416)
2025-08-15 18:28:05:715 [IN ] C8 24 09 18 25 A5 09 01 31 03 CF 00 0E 1B C1 25 A5 09 01 31 05 E6 3D 77 FF B0 89 53 B0 C8 24 0C 18 25 A5 0C 01 31 03 CF 00 1D 2D E5 25 A5 0C 01 31 05 E6 3D 77 FF B0 8C 6E B0 C8 24 09 18 25 A5 
09 01 31 03 CF 00 1A 27 CD 25 A5 09 01 31 05 E6 3D 77 FF B0 89 53 B0 C8 24 0C 18 25 A5 0C 01 31 03 CF 00 12 22 DA 25 A5 0C 01 31 05 E6 3D 77 FF B0 8C 6E B0 (116)
                              [N9:P] MOTOR_I 0 14 (14)
                              [N9:P] [undefined] 61 119 255 176 (1031274416)
                              [N12:Z] MOTOR_I 0 29 (29)
                              [N12:Z] [undefined] 61 119 255 176 (1031274416)
                              [N9:P] MOTOR_I 0 26 (26)
                              [N9:P] [undefined] 61 119 255 176 (1031274416)
                              [N12:Z] MOTOR_I 0 18 (18)
                              [N12:Z] [undefined] 61 119 255 176 (1031274416)
2025-08-15 18:28:05:737 [OUT] 25 A5 01 03 31 05 81 FF FD 50 01 08 AF (13)
                              [N3:X] TPOS 255 253 80 1 (-176127)
2025-08-15 18:28:05:738 [IN ] C8 24 09 18 25 A5 09 01 31 03 CF 00 15 22 C8 25 A5 09 01 31 05 E6 3D 77 FF B0 89 53 B0 (29)
                              [N9:P] MOTOR_I 0 21 (21)
                              [N9:P] [undefined] 61 119 255 176 (1031274416)
2025-08-15 18:28:05:780 [IN ] C8 24 0C 18 25 (5)
2025-08-15 18:28:05:801 [IN ] A5 0C 01 31 03 CF 00 08 18 D0 25 A5 0C 01 31 05 E6 3D 77 FF B0 8C 6E B0 (24)
                              [N12:Z] MOTOR_I 0 8 (8)
                              [N12:Z] [undefined] 61 119 255 176 (1031274416)
2025-08-15 18:28:05:843 [IN ] C8 24 09 18 25 A5 09 01 31 03 CF 00 04 11 B7 25 A5 09 01 31 05 E6 3D 77 FF B0 89 53 B0 (29)
                              [N9:P] MOTOR_I 0 4 (4)
                              [N9:P] [undefined] 61 119 255 176 (1031274416)
2025-08-15 18:28:05:906 [IN ] C8 24 0C 18 25 A5 0C 01 31 03 CF 00 00 10 C8 25 A5 0C 01 31 05 E6 3D 77 FF B0 8C 6E B0 C8 24 03 0E 25 A5 03 01 31 06 81 53 FF EC 49 71 B4 41 01 (48)
                              [N12:Z] MOTOR_I 0 0 (0)
                              [N12:Z] [undefined] 61 119 255 176 (1031274416)
                              [N3:X] TPOS 'S' 255 236 73 113 (-1291919)
2025-08-15 18:28:06:107 [IN ] C8 24 09 18 25 A5 09 01 31 03 CF 00 15 22 C8 25 A5 09 01 31 05 E6 3D 77 FF B0 89 53 B0 C8 24 0C 18 25 A5 0C 01 31 03 CF 00 00 10 C8 25 A5 0C 01 31 05 E6 3D 77 FF B0 8C 6E B0 C8 24 09 18 25 A5 
09 01 31 03 CF 00 29 36 DC 25 A5 09 01 31 05 E6 3D 77 FF B0 89 53 B0 C8 24 0C 18 25 A5 0C 01 31 03 CF 00 0D 1D D5 25 A5 0C 01 31 05 E6 3D 77 FF B0 8C 6E B0 (116)
                              [N9:P] MOTOR_I 0 21 (21)
                              [N9:P] [undefined] 61 119 255 176 (1031274416)
                              [N12:Z] MOTOR_I 0 0 (0)
                              [N12:Z] [undefined] 61 119 255 176 (1031274416)
                              [N9:P] MOTOR_I 0 41 (41)
                              [N9:P] [undefined] 61 119 255 176 (1031274416)
                              [N12:Z] MOTOR_I 0 13 (13)
                              [N12:Z] [undefined] 61 119 255 176 (1031274416)
2025-08-15 18:28:06:309 [IN ] C8 24 09 18 25 A5 09 01 31 03 CF 00 14 21 C7 25 A5 09 01 31 05 E6 3D 77 FF B0 89 53 B0 C8 24 0C 18 25 A5 0C 01 31 03 CF 00 0A 1A D2 25 A5 0C 01 31 05 E6 3D 77 FF B0 8C 6E B0 C8 24 09 18 25 A5 
09 01 31 03 CF 00 07 14 BA 25 A5 09 01 31 05 E6 3D 77 FF B0 89 53 B0 C8 24 0C 18 25 A5 0C 01 31 03 CF 00 00 10 C8 25 A5 0C 01 31 05 E6 3D 77 FF B0 8C 6E B0 (116)
                              [N9:P] MOTOR_I 0 20 (20)
                              [N9:P] [undefined] 61 119 255 176 (1031274416)
                              [N12:Z] MOTOR_I 0 10 (10)
                              [N12:Z] [undefined] 61 119 255 176 (1031274416)
                              [N9:P] MOTOR_I 0 7 (7)
                              [N9:P] [undefined] 61 119 255 176 (1031274416)
                              [N12:Z] MOTOR_I 0 0 (0)
                              [N12:Z] [undefined] 61 119 255 176 (1031274416)
2025-08-15 18:28:06:510 [IN ] C8 24 09 18 25 A5 09 01 31 03 CF 00 10 1D C3 25 A5 09 01 31 05 E6 3D 77 FF B0 89 53 B0 C8 24 0C 18 25 A5 0C 01 31 03 CF 00 07 17 CF 25 A5 0C 01 31 05 E6 3D 77 FF B0 8C 6E B0 C8 24 09 18 25 A5 
09 01 31 03 CF 00 14 21 C7 25 A5 09 01 31 05 E6 3D 77 FF B0 89 53 B0 C8 24 0C 18 25 A5 0C 01 31 03 CF 00 0F 1F D7 25 A5 0C 01 31 05 E6 3D 77 FF B0 8C 6E B0 (116)
                              [N9:P] MOTOR_I 0 16 (16)
                              [N9:P] [undefined] 61 119 255 176 (1031274416)
                              [N12:Z] MOTOR_I 0 7 (7)
                              [N12:Z] [undefined] 61 119 255 176 (1031274416)
                              [N9:P] MOTOR_I 0 20 (20)
                              [N9:P] [undefined] 61 119 255 176 (1031274416)
                              [N12:Z] MOTOR_I 0 15 (15)
                              [N12:Z] [undefined] 61 119 255 176 (1031274416)
2025-08-15 18:28:06:712 [IN ] C8 24 09 18 25 A5 09 01 31 03 CF 00 0E 1B C1 25 A5 09 01 31 05 E6 3D 77 FF B0 89 53 B0 C8 24 04 0E 25 A5 04 01 31 06 81 45 FF FD 4F 66 B3 39 01 C8 24 0C 18 25 A5 0C 01 31 03 CF 00 10 20 D8 25 
A5 0C 01 31 05 E6 3D 77 FF B0 8C 6E B0 C8 24 09 18 25 A5 09 01 31 03 CF 00 15 22 C8 25 A5 09 01 31 05 E6 3D 77 FF B0 89 53 B0 C8 24 0C 18 25 A5 0C 01 31 03 CF 00 05 15 CD 25 A5 0C 01 31 05 E6 
3D 77 FF B0 8C 6E B0 (135)
                              [N9:P] MOTOR_I 0 14 (14)
                              [N9:P] [undefined] 61 119 255 176 (1031274416)
                              [N4:Y] TPOS 'E' 255 253 79 102 (-176282)
                              [N12:Z] MOTOR_I 0 16 (16)
                              [N12:Z] [undefined] 61 119 255 176 (1031274416)
                              [N9:P] MOTOR_I 0 21 (21)
                              [N9:P] [undefined] 61 119 255 176 (1031274416)
                              [N12:Z] MOTOR_I 0 5 (5)
                              [N12:Z] [undefined] 61 119 255 176 (1031274416)
2025-08-15 18:28:06:914 [IN ] C8 24 09 18 25 A5 09 01 31 03 CF 00 0F 1C C2 25 A5 09 01 31 05 E6 3D 77 FF B0 89 53 B0 C8 24 0C 18 25 A5 0C 01 31 03 CF 00 0F 1F D7 25 A5 0C 01 31 05 E6 3D 77 FF B0 8C 6E B0 C8 24 09 15 25 A5 
09 01 31 03 CF 00 00 0D B3 25 A5 09 01 31 05 E6 3D 77 00 B0 C8 24 0C 18 25 A5 0C 01 31 03 CF 00 03 13 CB 25 A5 0C 01 31 05 E6 3D 77 FF B0 8C 6E B0 (113)
                              [N9:P] MOTOR_I 0 15 (15)
                              [N9:P] [undefined] 61 119 255 176 (1031274416)
                              [N12:Z] MOTOR_I 0 15 (15)
                              [N12:Z] [undefined] 61 119 255 176 (1031274416)
                              [N9:P] MOTOR_I 0 0 (0)
                              [N12:Z] MOTOR_I 0 3 (3)
                              [N12:Z] [undefined] 61 119 255 176 (1031274416)
2025-08-15 18:28:07:116 [IN ] C8 24 09 29 00 DA A5 25 A5 09 01 31 06 81 45 FF E7 5C 4D 96 2A 25 A5 09 01 31 03 CF 00 00 0D B3 25 A5 09 01 31 05 E6 3D 77 00 00 DA A5 01 C8 24 0C 18 25 A5 0C 01 31 03 CF 00 01 11 C9 25 A5 0C 
01 31 05 E6 3D 77 FF B0 8C 6E 00 C8 24 09 18 25 A5 09 01 31 03 CF 00 00 0D B3 25 A5 09 01 31 05 E6 3D 77 00 00 DA A5 00 C8 24 0C 18 25 A5 0C 01 31 03 CF 00 0E 1E D6 25 A5 0C 01 31 05 E6 3D 77 
FF B0 8C 6E 00 (133)
                              [N9:P] [undefined] 61 119 0 0 (1031208960)
                              [N9:P] TPOS 'E' 255 231 92 77 (-1614771)
                              [N9:P] MOTOR_I 0 0 (0)
                              [N9:P] [undefined] 61 119 0 0 (1031208960)
                              [N12:Z] MOTOR_I 0 1 (1)
                              [N12:Z] [undefined] 61 119 255 176 (1031274416)
                              [N9:P] MOTOR_I 0 0 (0)
                              [N9:P] [undefined] 61 119 0 0 (1031208960)
                              [N12:Z] MOTOR_I 0 14 (14)
                              [N12:Z] [undefined] 61 119 255 176 (1031274416)
2025-08-15 18:28:07:318 [IN ] C8 24 09 18 25 A5 09 01 31 03 CF 00 00 0D B3 25 A5 09 01 31 05 E6 3D 77 00 00 DA A5 00 C8 24 0C 0E 25 A5 0C 01 31 03 CF 00 0C 1C D4 25 A5 0C 01 C8 24 0C 0A 01 31 05 E6 3D 77 FF B0 8C 6E D4 C8 
24 09 18 25 A5 09 01 31 03 CF 00 00 0D B3 25 A5 09 01 31 05 E6 3D 77 00 00 DA A5 00 C8 24 0C 15 25 A5 0C 01 31 03 CF 00 0A 1A D2 25 A5 0C 01 31 05 E6 3D 77 FF 00 (118)
                              [N9:P] MOTOR_I 0 0 (0)
                              [N9:P] [undefined] 61 119 0 0 (1031208960)
                              [N12:Z] MOTOR_I 0 12 (12)
                              [N12:Z] [undefined] 61 119 255 176 (1031274416)
                              [N9:P] MOTOR_I 0 0 (0)
                              [N9:P] [undefined] 61 119 0 0 (1031208960)
                              [N12:Z] MOTOR_I 0 10 (10)
2025-08-15 18:28:07:523 [IN ] C8 24 09 18 25 A5 09 01 31 03 CF 00 00 0D B3 25 A5 09 01 31 05 E6 3D 77 00 00 DA A5 00 C8 24 0C 1B B0 8C 6E 25 A5 0C 01 31 03 CF 00 01 11 C9 25 A5 0C 01 31 05 E6 3D 77 FF B0 8C 6E B3 C8 24 09 
18 25 A5 09 01 31 03 CF 00 00 0D B3 25 A5 09 01 31 05 E6 3D 77 00 00 DA A5 B0 C8 24 0C 18 25 A5 0C 01 31 03 CF 00 09 19 D1 25 A5 0C 01 31 05 E6 3D 77 FF B0 8C 6E B0 (119)
                              [N9:P] MOTOR_I 0 0 (0)
                              [N9:P] [undefined] 61 119 0 0 (1031208960)
                              [N12:Z] [undefined] 61 119 255 176 (1031274416)
                              [N12:Z] MOTOR_I 0 1 (1)
                              [N12:Z] [undefined] 61 119 255 176 (1031274416)
                              [N9:P] MOTOR_I 0 0 (0)
                              [N9:P] [undefined] 61 119 0 0 (1031208960)
                              [N12:Z] MOTOR_I 0 9 (9)
                              [N12:Z] [undefined] 61 119 255 176 (1031274416)
2025-08-15 18:28:07:544 [OUT] 25 A5 01 09 31 05 81 FF FF D9 C8 60 BE (13)
                              [N9:P] TPOS 255 255 217 200 (-9784)
2025-08-15 18:28:07:566 [IN ] C8 24 09 18 25 A5 09 01 31 03 CF 00 00 0D B3 25 A5 09 01 31 05 E6 3D 77 00 00 DA A5 B0 (29)
                              [N9:P] MOTOR_I 0 0 (0)
                              [N9:P] [undefined] 61 119 0 0 (1031208960)
2025-08-15 18:28:07:610 [IN ] C8 24 0C 18 25 A5 0C 01 31 03 CF 00 14 24 DC 25 A5 0C 01 31 05 E6 3D 77 FF B0 8C 6E B0 (29)
                              [N12:Z] MOTOR_I 0 20 (20)
                              [N12:Z] [undefined] 61 119 255 176 (1031274416)
2025-08-15 18:28:07:653 [IN ] C8 24 09 18 25 A5 09 01 31 03 CF 00 00 0D B3 25 A5 09 01 31 05 E6 3D 77 00 00 DA A5 B0 (29)
                              [N9:P] MOTOR_I 0 0 (0)
                              [N9:P] [undefined] 61 119 0 0 (1031208960)
2025-08-15 18:28:07:696 [IN ] C8 24 0C 18 25 A5 0C 01 31 03 CF 00 06 16 CE 25 A5 0C 01 (19)
2025-08-15 18:28:07:719 [IN ] 31 05 E6 3D 77 FF B0 8C 6E B0 (10)
                              [N12:Z] MOTOR_I 0 6 (6)
                              [N12:Z] [undefined] 61 119 255 176 (1031274416)
2025-08-15 18:28:07:742 [IN ] C8 24 09 0E 25 A5 09 01 31 06 81 53 FF E7 5C 53 AA 76 01 C8 24 09 18 25 A5 09 01 31 03 CF 00 36 43 E9 25 A5 09 01 31 (39)
                              [N9:P] TPOS 'S' 255 231 92 83 (-1614765)
2025-08-15 18:28:07:944 [IN ] 05 E6 3D 77 00 50 2A F5 B0 C8 24 0C 18 25 A5 0C 01 31 03 CF 00 0F 1F D7 25 A5 0C 01 31 05 E6 3D 77 FF B0 8C 6E B0 C8 24 09 18 25 A5 09 01 31 03 CF 00 0A 17 BD 25 A5 09 01 31 05 E6 3D 77 00 50 
2A F5 B0 C8 24 0C 18 25 A5 0C 01 31 03 CF 00 07 17 CF 25 A5 0C 01 31 05 E6 3D 77 FF B0 8C 6E B0 (96)
                              [N9:P] MOTOR_I 0 54 (54)
                              [N9:P] [undefined] 61 119 0 80 (1031209040)
                              [N12:Z] MOTOR_I 0 15 (15)
                              [N12:Z] [undefined] 61 119 255 176 (1031274416)
                              [N9:P] MOTOR_I 0 10 (10)
                              [N9:P] [undefined] 61 119 0 80 (1031209040)
                              [N12:Z] MOTOR_I 0 7 (7)
                              [N12:Z] [undefined] 61 119 255 176 (1031274416)
2025-08-15 18:28:08:148 [IN ] C8 24 09 18 25 A5 09 01 31 03 CF 00 13 20 C6 25 A5 09 01 31 05 E6 3D 77 00 50 2A F5 B0 C8 24 0C 18 25 A5 0C 01 31 03 CF 00 05 15 CD 25 A5 0C 01 31 05 E6 3D 77 FF B0 8C 6E B0 C8 24 09 18 25 A5 
09 01 31 03 CF 00 1F 2C D2 25 A5 09 01 31 05 E6 3D 77 00 50 2A F5 B0 C8 24 0C 18 25 A5 0C 01 31 03 CF 00 0C 1C D4 25 A5 0C 01 31 05 E6 3D 77 FF B0 8C 6E B0 (116)
                              [N9:P] MOTOR_I 0 19 (19)
                              [N9:P] [undefined] 61 119 0 80 (1031209040)
                              [N12:Z] MOTOR_I 0 5 (5)
                              [N12:Z] [undefined] 61 119 255 176 (1031274416)
                              [N9:P] MOTOR_I 0 31 (31)
                              [N9:P] [undefined] 61 119 0 80 (1031209040)
                              [N12:Z] MOTOR_I 0 12 (12)
                              [N12:Z] [undefined] 61 119 255 176 (1031274416)
2025-08-15 18:28:08:351 [IN ] C8 24 09 18 25 A5 09 01 31 03 CF 00 0F 1C C2 25 A5 09 01 31 05 E6 3D 77 00 50 2A F5 B0 C8 24 0C 18 25 A5 0C 01 31 03 CF 00 02 12 CA 25 A5 0C 01 31 05 E6 3D 77 FF B0 8C 6E B0 C8 24 09 18 25 A5 
09 01 31 03 CF 00 1F 2C D2 25 A5 09 01 31 05 E6 3D 77 00 50 2A F5 B0 C8 24 0C 18 25 A5 0C 01 31 03 CF 00 07 17 CF 25 A5 0C 01 31 05 E6 3D 77 FF B0 8C 6E B0 (116)
                              [N9:P] MOTOR_I 0 15 (15)
                              [N9:P] [undefined] 61 119 0 80 (1031209040)
                              [N12:Z] MOTOR_I 0 2 (2)
                              [N12:Z] [undefined] 61 119 255 176 (1031274416)
                              [N9:P] MOTOR_I 0 31 (31)
                              [N9:P] [undefined] 61 119 0 80 (1031209040)
                              [N12:Z] MOTOR_I 0 7 (7)
                              [N12:Z] [undefined] 61 119 255 176 (1031274416)
2025-08-15 18:28:08:553 [IN ] C8 24 09 18 25 A5 09 01 31 03 CF 00 11 1E C4 25 A5 09 01 31 05 E6 3D 77 00 50 2A F5 B0 C8 24 0C 18 25 A5 0C 01 31 03 CF 00 05 15 CD 25 A5 0C 01 31 05 E6 3D 77 FF B0 8C 6E B0 C8 24 09 18 25 A5 
09 01 31 03 CF 00 1E 2B D1 25 A5 09 01 31 05 E6 3D 77 00 50 2A F5 B0 C8 24 0C 18 25 A5 0C 01 31 03 CF 00 11 21 D9 25 A5 0C 01 31 05 E6 3D 77 FF B0 8C 6E B0 C8 24 09 0E 25 A5 09 01 31 03 CF 00 
0F 1C C2 25 A5 09 01 (135)
                              [N9:P] MOTOR_I 0 17 (17)
                              [N9:P] [undefined] 61 119 0 80 (1031209040)
                              [N12:Z] MOTOR_I 0 5 (5)
                              [N12:Z] [undefined] 61 119 255 176 (1031274416)
                              [N9:P] MOTOR_I 0 30 (30)
                              [N9:P] [undefined] 61 119 0 80 (1031209040)
                              [N12:Z] MOTOR_I 0 17 (17)
                              [N12:Z] [undefined] 61 119 255 176 (1031274416)
                              [N9:P] MOTOR_I 0 15 (15)
2025-08-15 18:28:08:756 [IN ] C8 24 09 0A 01 31 05 E6 3D 77 00 50 2A F5 C2 C8 24 0C 18 25 A5 0C 01 31 03 CF 00 04 14 CC 25 A5 0C 01 31 05 E6 3D 77 FF B0 8C 6E B0 C8 24 09 15 25 A5 09 01 31 03 CF 00 17 24 CA 25 A5 09 01 31 
05 E6 3D 77 00 B0 C8 24 0C 18 25 A5 0C 01 31 03 CF 00 13 23 DB 25 A5 0C 01 31 05 E6 3D 77 FF B0 8C 6E B0 C8 24 09 1B 50 2A F5 25 A5 09 01 31 03 CF 00 0B 18 BE 25 A5 09 01 31 05 E6 3D 77 00 50 
2A F5 B3 (131)
                              [N9:P] [undefined] 61 119 0 80 (1031209040)
                              [N12:Z] MOTOR_I 0 4 (4)
                              [N12:Z] [undefined] 61 119 255 176 (1031274416)
                              [N9:P] MOTOR_I 0 23 (23)
                              [N12:Z] MOTOR_I 0 19 (19)
                              [N12:Z] [undefined] 61 119 255 176 (1031274416)
                              [N9:P] [undefined] 61 119 0 80 (1031209040)
                              [N9:P] MOTOR_I 0 11 (11)
                              [N9:P] [undefined] 61 119 0 80 (1031209040)
2025-08-15 18:28:08:957 [IN ] C8 24 0C 18 25 A5 0C 01 31 03 CF 00 07 17 CF 25 A5 0C 01 31 05 E6 3D 77 FF B0 8C 6E 50 C8 24 09 18 25 A5 09 01 31 03 CF 00 0D 1A C0 25 A5 09 01 31 05 E6 3D 77 00 50 2A F5 50 C8 24 0C 18 25 A5 
0C 01 31 03 CF 00 03 13 CB 25 A5 0C 01 31 05 E6 3D 77 FF B0 8C 6E 50 C8 24 09 18 25 A5 09 01 31 03 CF 00 18 25 CB 25 A5 09 01 31 05 E6 3D 77 00 50 2A F5 50 (116)
                              [N12:Z] MOTOR_I 0 7 (7)
                              [N12:Z] [undefined] 61 119 255 176 (1031274416)
                              [N9:P] MOTOR_I 0 13 (13)
                              [N9:P] [undefined] 61 119 0 80 (1031209040)
                              [N12:Z] MOTOR_I 0 3 (3)
                              [N12:Z] [undefined] 61 119 255 176 (1031274416)
                              [N9:P] MOTOR_I 0 24 (24)
                              [N9:P] [undefined] 61 119 0 80 (1031209040)
2025-08-15 18:28:09:158 [IN ] C8 24 0C 0E 25 A5 0C 01 31 03 CF 00 08 18 D0 25 A5 0C 01 C8 24 0C 0A 01 31 05 E6 3D 77 FF B0 8C 6E D0 C8 24 09 18 25 A5 09 01 31 03 CF 00 14 21 C7 25 A5 09 01 31 05 E6 3D 77 00 50 2A F5 50 C8 
24 0C 15 25 A5 0C 01 31 03 CF 00 11 21 D9 25 A5 0C 01 31 05 E6 3D 77 FF 50 C8 24 09 (92)
                              [N12:Z] MOTOR_I 0 8 (8)
                              [N12:Z] [undefined] 61 119 255 176 (1031274416)
                              [N9:P] MOTOR_I 0 20 (20)
                              [N9:P] [undefined] 61 119 0 80 (1031209040)
                              [N12:Z] MOTOR_I 0 17 (17)
2025-08-15 18:28:09:361 [IN ] 18 25 A5 09 01 31 03 CF 00 03 10 B6 25 A5 09 01 31 05 E6 3D 77 00 50 2A F5 50 C8 24 0C 1B B0 8C 6E 25 A5 0C 01 31 03 CF 00 07 17 CF 25 A5 0C 01 31 05 E6 3D 77 FF B0 8C 6E B3 C8 24 09 18 25 A5 
09 01 31 03 CF 00 09 16 BC 25 A5 09 01 31 05 E6 3D 77 00 50 2A F5 B0 C8 24 0C 18 25 A5 0C 01 31 03 CF 00 09 19 D1 25 A5 0C 01 31 05 E6 3D 77 FF B0 8C 6E B0 C8 24 09 18 25 A5 09 01 31 03 CF 00 
13 20 C6 25 A5 09 01 31 05 E6 3D 77 00 50 2A F5 B0 (145)
                              [N9:P] MOTOR_I 0 3 (3)
                              [N9:P] [undefined] 61 119 0 80 (1031209040)
                              [N12:Z] [undefined] 61 119 255 176 (1031274416)
                              [N12:Z] MOTOR_I 0 7 (7)
                              [N12:Z] [undefined] 61 119 255 176 (1031274416)
                              [N9:P] MOTOR_I 0 9 (9)
                              [N9:P] [undefined] 61 119 0 80 (1031209040)
                              [N12:Z] MOTOR_I 0 9 (9)
                              [N12:Z] [undefined] 61 119 255 176 (1031274416)
                              [N9:P] MOTOR_I 0 19 (19)
                              [N9:P] [undefined] 61 119 0 80 (1031209040)
2025-08-15 18:28:09:562 [IN ] C8 24 0C 18 25 A5 0C 01 31 03 CF 00 01 11 C9 25 A5 0C 01 31 05 E6 3D 77 FF B0 8C 6E B0 C8 24 09 18 25 A5 09 01 31 03 CF 00 0B 18 BE 25 A5 09 01 31 05 E6 3D 77 00 50 2A F5 B0 C8 24 0C 18 25 A5 
0C 01 31 03 CF 00 02 12 CA 25 A5 0C 01 31 05 E6 3D 77 FF B0 8C 6E B0 (87)
                              [N12:Z] MOTOR_I 0 1 (1)
                              [N12:Z] [undefined] 61 119 255 176 (1031274416)
                              [N9:P] MOTOR_I 0 11 (11)
                              [N9:P] [undefined] 61 119 0 80 (1031209040)
                              [N12:Z] MOTOR_I 0 2 (2)
                              [N12:Z] [undefined] 61 119 255 176 (1031274416)
2025-08-15 18:28:09:764 [IN ] C8 24 09 18 25 A5 09 01 31 03 CF 00 1C 29 CF 25 A5 09 01 31 05 E6 3D 77 00 50 2A F5 B0 C8 24 0C 18 25 A5 0C 01 31 03 CF 00 0D 1D D5 25 A5 0C 01 31 05 E6 3D 77 FF B0 8C 6E B0 C8 24 09 18 25 A5 
09 01 31 03 CF 00 0A 17 BD 25 A5 09 01 31 05 E6 3D 77 00 50 2A F5 B0 C8 24 0C 18 25 A5 0C 01 31 03 CF 00 08 18 D0 25 A5 0C 01 31 05 E6 3D 77 FF B0 8C 6E B0 (116)
                              [N9:P] MOTOR_I 0 28 (28)
                              [N9:P] [undefined] 61 119 0 80 (1031209040)
                              [N12:Z] MOTOR_I 0 13 (13)
                              [N12:Z] [undefined] 61 119 255 176 (1031274416)
                              [N9:P] MOTOR_I 0 10 (10)
                              [N9:P] [undefined] 61 119 0 80 (1031209040)
                              [N12:Z] MOTOR_I 0 8 (8)
                              [N12:Z] [undefined] 61 119 255 176 (1031274416)
2025-08-15 18:28:09:965 [IN ] C8 24 09 18 25 A5 09 01 31 03 CF 00 1A 27 CD 25 A5 09 01 31 05 E6 3D 77 00 50 2A F5 B0 C8 24 0C 18 25 A5 0C 01 31 03 CF 00 0E 1E D6 25 A5 0C 01 31 05 E6 3D 77 FF B0 8C 6E B0 C8 24 09 18 25 A5 
09 01 31 03 CF 00 19 26 CC 25 A5 09 01 31 05 E6 3D 77 00 50 2A F5 B0 C8 24 0C 18 25 A5 0C 01 31 03 CF 00 09 19 D1 25 A5 0C 01 31 05 E6 3D 77 FF B0 8C 6E B0 C8 24 09 18 25 A5 09 01 31 03 CF 00 
1A (129)
                              [N9:P] MOTOR_I 0 26 (26)
                              [N9:P] [undefined] 61 119 0 80 (1031209040)
                              [N12:Z] MOTOR_I 0 14 (14)
                              [N12:Z] [undefined] 61 119 255 176 (1031274416)
                              [N9:P] MOTOR_I 0 25 (25)
                              [N9:P] [undefined] 61 119 0 80 (1031209040)
                              [N12:Z] MOTOR_I 0 9 (9)
                              [N12:Z] [undefined] 61 119 255 176 (1031274416)
2025-08-15 18:28:10:167 [IN ] 27 CD 25 A5 09 01 31 05 E6 3D 77 00 50 2A F5 B0 C8 24 0C 18 25 A5 0C 01 31 03 CF 00 06 16 CE 25 A5 0C 01 31 05 E6 3D 77 FF B0 8C 6E B0 C8 24 09 18 25 A5 09 01 31 03 CF 00 06 13 B9 25 A5 09 01 
31 05 E6 3D 77 00 50 2A F5 B0 C8 24 0C 18 25 A5 0C 01 31 03 CF 00 0D 1D D5 25 A5 0C 01 31 05 E6 3D 77 FF B0 8C 6E B0 (103)
                              [N9:P] MOTOR_I 0 26 (26)
                              [N9:P] [undefined] 61 119 0 80 (1031209040)
                              [N12:Z] MOTOR_I 0 6 (6)
                              [N12:Z] [undefined] 61 119 255 176 (1031274416)
                              [N9:P] MOTOR_I 0 6 (6)
                              [N9:P] [undefined] 61 119 0 80 (1031209040)
                              [N12:Z] MOTOR_I 0 13 (13)
                              [N12:Z] [undefined] 61 119 255 176 (1031274416)
2025-08-15 18:28:10:368 [IN ] C8 24 09 18 25 A5 09 01 31 03 CF 00 06 13 B9 25 A5 09 01 31 05 E6 3D 77 00 50 2A F5 B0 C8 24 0C 18 25 A5 0C 01 31 03 CF 00 05 15 CD 25 A5 0C 01 31 05 E6 3D 77 FF B0 8C 6E B0 C8 24 09 18 25 A5 
09 01 31 03 CF 00 20 2D D3 25 A5 09 01 31 05 E6 3D 77 00 50 2A F5 B0 C8 24 0C 18 25 A5 0C 01 31 03 CF 00 0C 1C D4 25 A5 0C 01 31 05 E6 3D 77 FF B0 8C 6E B0 C8 24 09 0E 25 A5 09 01 31 03 CF 00 
12 1F C5 25 A5 09 01 (135)
                              [N9:P] MOTOR_I 0 6 (6)
                              [N9:P] [undefined] 61 119 0 80 (1031209040)
                              [N12:Z] MOTOR_I 0 5 (5)
                              [N12:Z] [undefined] 61 119 255 176 (1031274416)
                              [N9:P] MOTOR_I 0 32 (32)
                              [N9:P] [undefined] 61 119 0 80 (1031209040)
                              [N12:Z] MOTOR_I 0 12 (12)
                              [N12:Z] [undefined] 61 119 255 176 (1031274416)
                              [N9:P] MOTOR_I 0 18 (18)
2025-08-15 18:28:10:570 [IN ] C8 24 09 0A 01 31 05 E6 3D 77 00 50 2A F5 C5 C8 24 0C 18 25 A5 0C 01 31 03 CF 00 03 13 CB 25 A5 0C 01 31 05 E6 3D 77 FF B0 8C 6E B0 C8 24 09 15 25 A5 09 01 31 03 CF 00 00 0D B3 25 A5 09 01 31 
05 E6 3D 77 00 B0 C8 24 0C 18 25 A5 0C 01 31 03 CF 00 0C 1C D4 25 A5 0C 01 31 05 E6 3D 77 FF B0 8C 6E B0 C8 24 09 1B 50 2A F5 25 A5 09 01 31 03 CF 00 10 1D C3 25 A5 09 01 31 05 E6 3D 77 00 50 
2A F5 B3 (131)
                              [N9:P] [undefined] 61 119 0 80 (1031209040)
                              [N12:Z] MOTOR_I 0 3 (3)
                              [N12:Z] [undefined] 61 119 255 176 (1031274416)
                              [N9:P] MOTOR_I 0 0 (0)
                              [N12:Z] MOTOR_I 0 12 (12)
                              [N12:Z] [undefined] 61 119 255 176 (1031274416)
                              [N9:P] [undefined] 61 119 0 80 (1031209040)
                              [N9:P] MOTOR_I 0 16 (16)
                              [N9:P] [undefined] 61 119 0 80 (1031209040)
2025-08-15 18:28:10:773 [IN ] C8 24 0C 18 25 A5 0C 01 31 03 CF 00 17 27 DF 25 A5 0C 01 31 05 E6 3D 77 FF B0 8C 6E 50 C8 24 09 18 25 A5 09 01 31 03 CF 00 22 2F D5 25 A5 09 01 31 05 E6 3D 77 00 50 2A F5 50 C8 24 0C 18 25 A5 
0C 01 31 03 CF 00 13 23 DB 25 A5 0C 01 31 05 E6 3D 77 FF B0 8C 6E 50 C8 24 09 18 25 A5 09 01 31 03 CF 00 12 1F C5 25 A5 09 01 31 05 E6 3D 77 00 50 2A F5 50 (116)
                              [N12:Z] MOTOR_I 0 23 (23)
                              [N12:Z] [undefined] 61 119 255 176 (1031274416)
                              [N9:P] MOTOR_I 0 34 (34)
                              [N9:P] [undefined] 61 119 0 80 (1031209040)
                              [N12:Z] MOTOR_I 0 19 (19)
                              [N12:Z] [undefined] 61 119 255 176 (1031274416)
                              [N9:P] MOTOR_I 0 18 (18)
                              [N9:P] [undefined] 61 119 0 80 (1031209040)
2025-08-15 18:28:10:975 [IN ] C8 24 0C 0E 25 A5 0C 01 31 03 CF 00 06 16 CE 25 A5 0C 01 C8 24 0C 0A 01 31 05 E6 3D 77 FF B0 8C 6E CE C8 24 09 18 25 A5 09 01 31 03 CF 00 08 15 BB 25 A5 09 01 31 05 E6 3D 77 00 50 2A F5 50 C8 
24 0C 15 25 A5 0C 01 31 03 CF 00 05 15 CD 25 A5 0C 01 31 05 E6 3D 77 FF 50 C8 24 09 18 25 A5 09 01 31 03 CF 00 11 1E C4 25 A5 09 01 31 05 E6 3D 77 00 50 2A F5 50 (118)
                              [N12:Z] MOTOR_I 0 6 (6)
                              [N12:Z] [undefined] 61 119 255 176 (1031274416)
                              [N9:P] MOTOR_I 0 8 (8)
                              [N9:P] [undefined] 61 119 0 80 (1031209040)
                              [N12:Z] MOTOR_I 0 5 (5)
                              [N9:P] MOTOR_I 0 17 (17)
                              [N9:P] [undefined] 61 119 0 80 (1031209040)
2025-08-15 18:28:11:178 [IN ] C8 24 0C 1B B0 8C 6E 25 A5 0C 01 31 03 CF 00 04 14 CC 25 A5 0C 01 31 05 E6 3D 77 FF B0 8C 6E B3 C8 24 09 18 25 A5 09 01 31 03 CF 00 0F 1C C2 25 A5 09 01 31 05 E6 3D 77 00 50 2A F5 B0 C8 24 0C 
18 25 A5 0C 01 31 03 CF 00 09 19 D1 25 A5 0C 01 31 05 E6 3D 77 FF B0 8C 6E B0 C8 24 09 18 25 A5 09 01 31 03 CF 00 0D 1A C0 25 A5 09 01 31 05 E6 3D 77 00 50 2A F5 B0 (119)
                              [N12:Z] [undefined] 61 119 255 176 (1031274416)
                              [N12:Z] MOTOR_I 0 4 (4)
                              [N12:Z] [undefined] 61 119 255 176 (1031274416)
                              [N9:P] MOTOR_I 0 15 (15)
                              [N9:P] [undefined] 61 119 0 80 (1031209040)
                              [N12:Z] MOTOR_I 0 9 (9)
                              [N12:Z] [undefined] 61 119 255 176 (1031274416)
                              [N9:P] MOTOR_I 0 13 (13)
                              [N9:P] [undefined] 61 119 0 80 (1031209040)
2025-08-15 18:28:11:378 [IN ] C8 24 0C 18 25 A5 0C 01 31 03 CF 00 10 20 D8 25 A5 0C 01 31 05 E6 3D 77 FF B0 8C 6E B0 C8 24 09 18 25 A5 09 01 31 03 CF 00 0D 1A C0 25 A5 09 01 31 05 E6 3D 77 00 50 2A F5 B0 C8 24 0C 18 25 A5 
0C 01 31 03 CF 00 03 13 CB 25 A5 0C 01 31 05 E6 3D 77 FF B0 8C 6E B0 (87)
                              [N12:Z] MOTOR_I 0 16 (16)
                              [N12:Z] [undefined] 61 119 255 176 (1031274416)
                              [N9:P] MOTOR_I 0 13 (13)
                              [N9:P] [undefined] 61 119 0 80 (1031209040)
                              [N12:Z] MOTOR_I 0 3 (3)
                              [N12:Z] [undefined] 61 119 255 176 (1031274416)
2025-08-15 18:28:11:580 [IN ] C8 24 09 18 25 A5 09 01 31 03 CF 00 0E 1B C1 25 A5 09 01 31 05 E6 3D 77 00 50 2A F5 B0 C8 24 0C 18 25 A5 0C 01 31 03 CF 00 10 20 D8 25 A5 0C 01 31 05 E6 3D 77 FF B0 8C 6E B0 C8 24 09 18 25 A5 
09 01 31 03 CF 00 0E 1B C1 25 A5 09 01 31 05 E6 3D 77 00 50 2A F5 B0 C8 24 0C 18 25 A5 0C 01 31 03 CF 00 10 20 D8 25 A5 0C 01 31 05 E6 3D 77 FF B0 8C 6E B0 C8 24 09 18 25 A5 09 01 31 03 CF 00 
10 1D C3 25 A5 09 01 31 05 E6 3D 77 00 50 2A F5 B0 (145)
                              [N9:P] MOTOR_I 0 14 (14)
                              [N9:P] [undefined] 61 119 0 80 (1031209040)
                              [N12:Z] MOTOR_I 0 16 (16)
                              [N12:Z] [undefined] 61 119 255 176 (1031274416)
                              [N9:P] MOTOR_I 0 14 (14)
                              [N9:P] [undefined] 61 119 0 80 (1031209040)
                              [N12:Z] MOTOR_I 0 16 (16)
                              [N12:Z] [undefined] 61 119 255 176 (1031274416)
                              [N9:P] MOTOR_I 0 16 (16)
                              [N9:P] [undefined] 61 119 0 80 (1031209040)
2025-08-15 18:28:11:781 [IN ] C8 24 0C 18 25 A5 0C 01 31 03 CF 00 0B 1B D3 25 A5 0C 01 31 05 E6 3D 77 FF B0 8C 6E B0 C8 24 09 18 25 A5 09 01 31 03 CF 00 0A 17 BD 25 A5 09 01 31 05 E6 3D 77 00 50 2A F5 B0 C8 24 0C 18 25 A5 
0C 01 31 03 CF 00 17 27 DF 25 A5 0C 01 31 05 E6 3D 77 FF B0 8C 6E B0 (87)
                              [N12:Z] MOTOR_I 0 11 (11)
                              [N12:Z] [undefined] 61 119 255 176 (1031274416)
                              [N9:P] MOTOR_I 0 10 (10)
                              [N9:P] [undefined] 61 119 0 80 (1031209040)
                              [N12:Z] MOTOR_I 0 23 (23)
                              [N12:Z] [undefined] 61 119 255 176 (1031274416)
2025-08-15 18:28:11:982 [IN ] C8 24 09 18 25 A5 09 01 31 03 CF 00 12 1F C5 25 A5 09 01 31 05 E6 3D 77 00 50 2A F5 B0 C8 24 0C 18 25 A5 0C 01 31 03 CF 00 0D 1D D5 25 A5 0C 01 31 05 E6 3D 77 FF B0 8C 6E B0 C8 24 09 18 25 A5 
09 01 31 03 CF 00 16 23 C9 25 A5 09 01 31 05 E6 3D 77 00 50 2A F5 B0 C8 24 0C 18 25 A5 0C 01 31 03 CF 00 0F 1F D7 25 A5 0C 01 31 05 E6 3D 77 FF B0 8C 6E B0 (116)
                              [N9:P] MOTOR_I 0 18 (18)
                              [N9:P] [undefined] 61 119 0 80 (1031209040)
                              [N12:Z] MOTOR_I 0 13 (13)
                              [N12:Z] [undefined] 61 119 255 176 (1031274416)
                              [N9:P] MOTOR_I 0 22 (22)
                              [N9:P] [undefined] 61 119 0 80 (1031209040)
                              [N12:Z] MOTOR_I 0 15 (15)
                              [N12:Z] [undefined] 61 119 255 176 (1031274416)
2025-08-15 18:28:12:184 [IN ] C8 24 09 18 25 A5 09 01 31 03 CF 00 18 25 CB 25 A5 09 01 31 05 E6 3D 77 00 50 2A F5 B0 C8 24 0C 18 25 A5 0C 01 31 03 CF 00 0D 1D D5 25 A5 0C 01 31 05 E6 3D 77 FF B0 8C 6E B0 C8 24 09 18 25 A5 
09 01 31 03 CF 00 11 1E C4 25 A5 09 01 31 05 E6 3D 77 00 50 2A F5 B0 C8 24 0C 18 25 A5 0C 01 31 03 CF 00 14 24 DC 25 A5 0C 01 31 05 E6 3D 77 FF B0 8C 6E B0 C8 24 09 0E 25 A5 09 01 31 03 CF 00 
02 0F B5 25 A5 09 01 (135)
                              [N9:P] MOTOR_I 0 24 (24)
                              [N9:P] [undefined] 61 119 0 80 (1031209040)
                              [N12:Z] MOTOR_I 0 13 (13)
                              [N12:Z] [undefined] 61 119 255 176 (1031274416)
                              [N9:P] MOTOR_I 0 17 (17)
                              [N9:P] [undefined] 61 119 0 80 (1031209040)
                              [N12:Z] MOTOR_I 0 20 (20)
                              [N12:Z] [undefined] 61 119 255 176 (1031274416)
                              [N9:P] MOTOR_I 0 2 (2)
2025-08-15 18:28:12:386 [IN ] C8 24 09 0A 01 31 05 E6 3D 77 00 50 2A F5 B5 C8 24 0C 18 25 A5 0C 01 31 03 CF 00 11 21 D9 25 A5 0C 01 31 05 E6 3D 77 FF B0 8C 6E B0 C8 24 09 15 25 A5 09 01 31 03 CF 00 0B 18 BE 25 A5 09 01 31 
05 E6 3D 77 00 B0 C8 24 0C 18 25 A5 0C 01 31 03 CF 00 0C 1C D4 25 A5 0C 01 31 05 E6 3D 77 FF B0 8C 6E B0 C8 24 09 1B 50 2A F5 25 A5 09 01 31 03 CF 00 10 1D C3 25 A5 09 01 31 05 E6 3D 77 00 50 
2A F5 B3 (131)
                              [N9:P] [undefined] 61 119 0 80 (1031209040)
                              [N12:Z] MOTOR_I 0 17 (17)
                              [N12:Z] [undefined] 61 119 255 176 (1031274416)
                              [N9:P] MOTOR_I 0 11 (11)
                              [N12:Z] MOTOR_I 0 12 (12)
                              [N12:Z] [undefined] 61 119 255 176 (1031274416)
                              [N9:P] [undefined] 61 119 0 80 (1031209040)
                              [N9:P] MOTOR_I 0 16 (16)
                              [N9:P] [undefined] 61 119 0 80 (1031209040)
2025-08-15 18:28:12:588 [IN ] C8 24 0C 18 25 A5 0C 01 31 03 CF 00 07 17 CF 25 A5 0C 01 31 05 E6 3D 77 FF B0 8C 6E 50 C8 24 09 18 25 A5 09 01 31 03 CF 00 1F 2C D2 25 A5 09 01 31 05 E6 3D 77 00 50 2A F5 50 C8 24 0C 18 25 A5 
0C 01 31 03 CF 00 08 18 D0 25 A5 0C 01 31 05 E6 3D 77 FF B0 8C 6E 50 C8 24 09 18 25 A5 09 01 31 03 CF 00 17 24 CA 25 A5 09 01 31 05 E6 3D 77 00 50 2A F5 50 (116)
                              [N12:Z] MOTOR_I 0 7 (7)
                              [N12:Z] [undefined] 61 119 255 176 (1031274416)
                              [N9:P] MOTOR_I 0 31 (31)
                              [N9:P] [undefined] 61 119 0 80 (1031209040)
                              [N12:Z] MOTOR_I 0 8 (8)
                              [N12:Z] [undefined] 61 119 255 176 (1031274416)
                              [N9:P] MOTOR_I 0 23 (23)
                              [N9:P] [undefined] 61 119 0 80 (1031209040)
2025-08-15 18:28:12:789 [IN ] C8 24 0C 0E 25 A5 0C 01 31 03 CF 00 1A 2A E2 25 A5 0C 01 C8 24 0C 0A 01 31 05 E6 3D 77 FF B0 8C 6E E2 C8 24 09 18 25 A5 09 01 31 03 CF 00 16 23 C9 25 A5 09 01 31 05 E6 3D 77 00 50 2A F5 50 C8 
24 0C 15 25 A5 0C 01 31 03 CF 00 0B 1B D3 25 A5 0C 01 31 05 E6 3D 77 FF 50 (89)
                              [N12:Z] MOTOR_I 0 26 (26)
                              [N12:Z] [undefined] 61 119 255 176 (1031274416)
                              [N9:P] MOTOR_I 0 22 (22)
                              [N9:P] [undefined] 61 119 0 80 (1031209040)
                              [N12:Z] MOTOR_I 0 11 (11)
2025-08-15 18:28:12:992 [IN ] C8 24 09 18 25 A5 09 01 31 03 CF 00 15 22 C8 25 A5 09 01 31 05 E6 3D 77 00 50 2A F5 50 C8 24 0C 1B B0 8C 6E 25 A5 0C 01 31 03 CF 00 12 22 DA 25 A5 0C 01 31 05 E6 3D 77 FF B0 8C 6E B3 C8 24 09 
18 25 A5 09 01 31 03 CF 00 09 16 BC 25 A5 09 01 31 05 E6 3D 77 00 50 2A F5 B0 C8 24 0C 18 25 A5 0C 01 31 03 CF 00 02 12 CA 25 A5 0C 01 31 05 E6 3D 77 FF B0 8C 6E B0 C8 24 09 18 25 A5 09 01 31 
03 CF 00 11 1E C4 25 A5 09 01 31 05 E6 3D 77 00 50 2A F5 B0 (148)
                              [N9:P] MOTOR_I 0 21 (21)
                              [N9:P] [undefined] 61 119 0 80 (1031209040)
                              [N12:Z] [undefined] 61 119 255 176 (1031274416)
                              [N12:Z] MOTOR_I 0 18 (18)
                              [N12:Z] [undefined] 61 119 255 176 (1031274416)
                              [N9:P] MOTOR_I 0 9 (9)
                              [N9:P] [undefined] 61 119 0 80 (1031209040)
                              [N12:Z] MOTOR_I 0 2 (2)
                              [N12:Z] [undefined] 61 119 255 176 (1031274416)
                              [N9:P] MOTOR_I 0 17 (17)
                              [N9:P] [undefined] 61 119 0 80 (1031209040)
2025-08-15 18:28:13:194 [IN ] C8 24 0C 18 25 A5 0C 01 31 03 CF 00 06 16 CE 25 A5 0C 01 31 05 E6 3D 77 FF B0 8C 6E B0 C8 24 09 18 25 A5 09 01 31 03 CF 00 0C 19 BF 25 A5 09 01 31 05 E6 3D 77 00 50 2A F5 B0 C8 24 0C 18 25 A5 
0C 01 31 03 CF 00 0E 1E D6 25 A5 0C 01 31 05 E6 3D 77 FF B0 8C 6E B0 C8 24 09 18 25 A5 09 01 31 03 CF 00 1F 2C D2 25 A5 09 01 31 05 E6 3D 77 00 50 2A F5 B0 (116)
                              [N12:Z] MOTOR_I 0 6 (6)
                              [N12:Z] [undefined] 61 119 255 176 (1031274416)
                              [N9:P] MOTOR_I 0 12 (12)
                              [N9:P] [undefined] 61 119 0 80 (1031209040)
                              [N12:Z] MOTOR_I 0 14 (14)
                              [N12:Z] [undefined] 61 119 255 176 (1031274416)
                              [N9:P] MOTOR_I 0 31 (31)
                              [N9:P] [undefined] 61 119 0 80 (1031209040)
2025-08-15 18:28:13:395 [IN ] C8 24 0C 18 25 A5 0C 01 31 03 CF 00 09 19 D1 25 A5 0C 01 31 05 E6 3D 77 FF B0 8C 6E B0 C8 24 09 18 25 A5 09 01 31 03 CF 00 13 20 C6 25 A5 09 01 31 05 E6 3D 77 00 50 2A F5 B0 C8 24 0C 18 25 A5 
0C 01 31 03 CF 00 02 12 CA 25 A5 0C 01 31 05 E6 3D 77 FF B0 8C 6E B0 (87)
                              [N12:Z] MOTOR_I 0 9 (9)
                              [N12:Z] [undefined] 61 119 255 176 (1031274416)
                              [N9:P] MOTOR_I 0 19 (19)
                              [N9:P] [undefined] 61 119 0 80 (1031209040)
                              [N12:Z] MOTOR_I 0 2 (2)
                              [N12:Z] [undefined] 61 119 255 176 (1031274416)
2025-08-15 18:28:13:596 [IN ] C8 24 09 18 25 A5 09 01 31 03 CF 00 0F 1C C2 25 A5 09 01 31 05 E6 3D 77 00 50 2A F5 B0 C8 24 0C 18 25 A5 0C 01 31 03 CF 00 05 15 CD 25 A5 0C 01 31 05 E6 3D 77 FF B0 8C 6E B0 C8 24 09 18 25 A5 
09 01 31 03 CF 00 12 1F C5 25 A5 09 01 31 05 E6 3D 77 00 50 2A F5 B0 C8 24 0C 18 25 A5 0C 01 31 03 CF 00 04 14 CC 25 A5 0C 01 31 05 E6 3D 77 FF B0 8C 6E B0 (116)
                              [N9:P] MOTOR_I 0 15 (15)
                              [N9:P] [undefined] 61 119 0 80 (1031209040)
                              [N12:Z] MOTOR_I 0 5 (5)
                              [N12:Z] [undefined] 61 119 255 176 (1031274416)
                              [N9:P] MOTOR_I 0 18 (18)
                              [N9:P] [undefined] 61 119 0 80 (1031209040)
                              [N12:Z] MOTOR_I 0 4 (4)
                              [N12:Z] [undefined] 61 119 255 176 (1031274416)
2025-08-15 18:28:13:798 [IN ] C8 24 09 18 25 A5 09 01 31 03 CF 00 10 1D C3 25 A5 09 01 31 05 E6 3D 77 00 50 2A F5 B0 C8 24 0C 18 25 A5 0C 01 31 03 CF 00 1B 2B E3 25 A5 0C 01 31 05 E6 3D 77 FF B0 8C 6E B0 C8 24 09 18 25 A5 
09 01 31 03 CF 00 27 34 DA 25 A5 09 01 31 05 E6 3D 77 00 50 2A F5 B0 C8 24 0C 18 25 A5 0C 01 31 03 CF 00 19 29 E1 25 A5 0C 01 31 05 E6 3D 77 FF B0 8C 6E B0 C8 24 09 18 25 A5 09 01 31 03 CF 00 
0E 1B C1 25 A5 09 01 31 05 E6 3D 77 00 50 2A F5 B0 (145)
                              [N9:P] MOTOR_I 0 16 (16)
                              [N9:P] [undefined] 61 119 0 80 (1031209040)
                              [N12:Z] MOTOR_I 0 27 (27)
                              [N12:Z] [undefined] 61 119 255 176 (1031274416)
                              [N9:P] MOTOR_I 0 39 (39)
                              [N9:P] [undefined] 61 119 0 80 (1031209040)
                              [N12:Z] MOTOR_I 0 25 (25)
                              [N12:Z] [undefined] 61 119 255 176 (1031274416)
                              [N9:P] MOTOR_I 0 14 (14)
                              [N9:P] [undefined] 61 119 0 80 (1031209040)
2025-08-15 18:28:14:000 [IN ] C8 24 0C 18 25 A5 0C 01 31 03 CF 00 13 23 DB 25 A5 0C 01 31 05 E6 3D 77 FF B0 8C 6E B0 C8 24 09 18 25 A5 09 01 31 03 CF 00 12 1F C5 25 A5 09 01 31 05 E6 3D 77 00 50 2A F5 B0 C8 24 0C 18 25 A5 
0C 01 31 03 CF 00 10 20 D8 25 A5 0C 01 31 05 E6 3D 77 FF B0 8C 6E B0 C8 24 09 0E 25 A5 09 01 31 03 CF 00 11 1E C4 25 A5 09 01 (106)
                              [N12:Z] MOTOR_I 0 19 (19)
                              [N12:Z] [undefined] 61 119 255 176 (1031274416)
                              [N9:P] MOTOR_I 0 18 (18)
                              [N9:P] [undefined] 61 119 0 80 (1031209040)
                              [N12:Z] MOTOR_I 0 16 (16)
                              [N12:Z] [undefined] 61 119 255 176 (1031274416)
                              [N9:P] MOTOR_I 0 17 (17)
2025-08-15 18:28:14:203 [IN ] C8 24 09 0A 01 31 05 E6 3D 77 00 50 2A F5 C4 C8 24 0C 18 25 A5 0C 01 31 03 CF 00 00 10 C8 25 A5 0C 01 31 05 E6 3D 77 FF B0 8C 6E B0 C8 24 09 15 25 A5 09 01 31 03 CF 00 13 20 C6 25 A5 09 01 31 
05 E6 3D 77 00 B0 C8 24 0C 18 25 A5 0C 01 31 03 CF 00 11 21 D9 25 A5 0C 01 31 05 E6 3D 77 FF B0 8C 6E B0 C8 24 09 1B 50 2A F5 25 A5 09 01 31 03 CF 00 14 21 C7 25 A5 09 01 31 05 E6 3D 77 00 50 
2A F5 B3 (131)
                              [N9:P] [undefined] 61 119 0 80 (1031209040)
                              [N12:Z] MOTOR_I 0 0 (0)
                              [N12:Z] [undefined] 61 119 255 176 (1031274416)
                              [N9:P] MOTOR_I 0 19 (19)
                              [N12:Z] MOTOR_I 0 17 (17)
                              [N12:Z] [undefined] 61 119 255 176 (1031274416)
                              [N9:P] [undefined] 61 119 0 80 (1031209040)
                              [N9:P] MOTOR_I 0 20 (20)
                              [N9:P] [undefined] 61 119 0 80 (1031209040)
2025-08-15 18:28:14:405 [IN ] C8 24 0C 18 25 A5 0C 01 31 03 CF 00 16 26 DE 25 A5 0C 01 31 05 E6 3D 77 FF B0 8C 6E 50 C8 24 09 18 25 A5 09 01 31 03 CF 00 0E 1B C1 25 A5 09 01 31 05 E6 3D 77 00 50 2A F5 50 C8 24 0C 0E 25 A5 
0C 01 31 03 CF 00 18 28 E0 25 A5 0C 01 C8 24 0C 0A 01 31 05 E6 3D 77 FF B0 8C 6E E0 C8 24 09 18 25 A5 09 01 31 03 CF 00 1F 2C D2 25 A5 09 01 31 05 E6 3D 77 00 50 2A F5 50 (121)
                              [N12:Z] MOTOR_I 0 22 (22)
                              [N12:Z] [undefined] 61 119 255 176 (1031274416)
                              [N9:P] MOTOR_I 0 14 (14)
                              [N9:P] [undefined] 61 119 0 80 (1031209040)
                              [N12:Z] MOTOR_I 0 24 (24)
                              [N12:Z] [undefined] 61 119 255 176 (1031274416)
                              [N9:P] MOTOR_I 0 31 (31)
                              [N9:P] [undefined] 61 119 0 80 (1031209040)
2025-08-15 18:28:14:608 [IN ] C8 24 0C 15 25 A5 0C 01 31 03 CF 00 0E 1E D6 25 A5 0C 01 31 05 E6 3D 77 FF 50 C8 24 09 18 25 A5 09 01 31 03 CF 00 1D 2A D0 25 A5 09 01 31 05 E6 3D 77 00 50 2A F5 50 C8 24 0C 1B B0 8C 6E 25 A5 
0C 01 31 03 CF 00 0A 1A D2 25 A5 0C 01 31 05 E6 3D 77 FF B0 8C 6E B3 C8 24 09 18 25 A5 09 01 31 03 CF 00 0A 17 BD 25 A5 09 01 31 05 E6 3D 77 00 50 2A F5 B0 (116)
                              [N12:Z] MOTOR_I 0 14 (14)
                              [N9:P] MOTOR_I 0 29 (29)
                              [N9:P] [undefined] 61 119 0 80 (1031209040)
                              [N12:Z] [undefined] 61 119 255 176 (1031274416)
                              [N12:Z] MOTOR_I 0 10 (10)
                              [N12:Z] [undefined] 61 119 255 176 (1031274416)
                              [N9:P] MOTOR_I 0 10 (10)
                              [N9:P] [undefined] 61 119 0 80 (1031209040)
2025-08-15 18:28:14:810 [IN ] C8 24 0C 18 25 A5 0C 01 31 03 CF 00 16 26 DE 25 A5 0C 01 31 05 E6 3D 77 FF B0 8C 6E B0 C8 24 09 18 25 A5 09 01 31 03 CF 00 0B 18 BE 25 A5 09 01 31 05 E6 3D 77 00 50 2A F5 B0 C8 24 0C 18 25 A5 
0C 01 31 03 CF 00 12 22 DA 25 A5 0C 01 31 05 E6 3D 77 FF B0 8C 6E B0 C8 24 09 18 25 A5 09 01 31 03 CF 00 0A 17 BD 25 A5 09 01 31 05 E6 3D 77 00 50 2A F5 B0 (116)
                              [N12:Z] MOTOR_I 0 22 (22)
                              [N12:Z] [undefined] 61 119 255 176 (1031274416)
                              [N9:P] MOTOR_I 0 11 (11)
                              [N9:P] [undefined] 61 119 0 80 (1031209040)
                              [N12:Z] MOTOR_I 0 18 (18)
                              [N12:Z] [undefined] 61 119 255 176 (1031274416)
                              [N9:P] MOTOR_I 0 10 (10)
                              [N9:P] [undefined] 61 119 0 80 (1031209040)
2025-08-15 18:28:15:011 [IN ] C8 24 0C 18 25 A5 0C 01 31 03 CF 00 05 15 CD 25 A5 0C 01 31 05 E6 3D 77 FF B0 8C 6E B0 C8 24 09 18 25 A5 09 01 31 03 CF 00 17 24 CA 25 A5 09 01 31 05 E6 3D 77 00 50 2A F5 B0 C8 24 0C 18 25 A5 
0C 01 31 03 CF 00 03 13 CB 25 A5 0C 01 31 05 E6 3D 77 FF B0 8C 6E B0 (87)
                              [N12:Z] MOTOR_I 0 5 (5)
                              [N12:Z] [undefined] 61 119 255 176 (1031274416)
                              [N9:P] MOTOR_I 0 23 (23)
                              [N9:P] [undefined] 61 119 0 80 (1031209040)
                              [N12:Z] MOTOR_I 0 3 (3)
                              [N12:Z] [undefined] 61 119 255 176 (1031274416)
2025-08-15 18:28:15:213 [IN ] C8 24 09 18 25 A5 09 01 31 03 CF 00 0F 1C C2 25 A5 09 01 31 05 E6 3D 77 00 50 2A F5 B0 C8 24 0C 18 25 A5 0C 01 31 03 CF 00 07 17 CF 25 A5 0C 01 31 05 E6 3D 77 FF B0 8C 6E B0 C8 24 09 18 25 A5 
09 01 31 03 CF 00 0E 1B C1 25 A5 09 01 31 05 E6 3D 77 00 50 2A F5 B0 C8 24 0C 18 25 A5 0C 01 31 03 CF 00 08 18 D0 25 A5 0C 01 31 05 E6 3D 77 FF B0 8C 6E B0 C8 24 09 18 25 A5 09 01 31 03 CF 00 
12 1F C5 25 A5 09 01 31 05 E6 3D (139)
                              [N9:P] MOTOR_I 0 15 (15)
                              [N9:P] [undefined] 61 119 0 80 (1031209040)
                              [N12:Z] MOTOR_I 0 7 (7)
                              [N12:Z] [undefined] 61 119 255 176 (1031274416)
                              [N9:P] MOTOR_I 0 14 (14)
                              [N9:P] [undefined] 61 119 0 80 (1031209040)
                              [N12:Z] MOTOR_I 0 8 (8)
                              [N12:Z] [undefined] 61 119 255 176 (1031274416)
2025-08-15 18:28:15:414 [IN ] 77 00 50 2A F5 B0 C8 24 0C 18 25 A5 0C 01 31 03 CF 00 17 27 DF 25 A5 0C 01 31 05 E6 3D 77 FF B0 8C 6E B0 C8 24 09 18 25 A5 09 01 31 03 CF 00 14 21 C7 25 A5 09 01 31 05 E6 3D 77 00 50 2A F5 B0 
C8 24 0C 18 25 A5 0C 01 31 03 CF 00 14 24 DC 25 A5 0C 01 31 05 E6 3D 77 FF B0 8C 6E B0 C8 24 09 18 25 A5 09 01 31 03 CF 00 17 24 CA 25 A5 09 01 31 05 E6 3D 77 00 50 2A F5 B0 (122)
                              [N9:P] MOTOR_I 0 18 (18)
                              [N9:P] [undefined] 61 119 0 80 (1031209040)
                              [N12:Z] MOTOR_I 0 23 (23)
                              [N12:Z] [undefined] 61 119 255 176 (1031274416)
                              [N9:P] MOTOR_I 0 20 (20)
                              [N9:P] [undefined] 61 119 0 80 (1031209040)
                              [N12:Z] MOTOR_I 0 20 (20)
                              [N12:Z] [undefined] 61 119 255 176 (1031274416)
                              [N9:P] MOTOR_I 0 23 (23)
                              [N9:P] [undefined] 61 119 0 80 (1031209040)
2025-08-15 18:28:15:616 [IN ] C8 24 06 0E 25 A5 06 01 31 06 81 45 00 19 82 1E BD C3 01 C8 24 0C 18 25 A5 0C 01 31 03 CF 00 02 12 CA 25 A5 0C 01 31 05 E6 3D 77 FF B0 8C 6E B0 C8 24 09 18 25 A5 09 01 31 03 CF 00 14 21 C7 25 
A5 09 01 31 05 E6 3D 77 00 50 2A F5 B0 C8 24 0C 18 25 A5 0C 01 31 03 CF 00 08 18 D0 25 A5 0C 01 31 05 E6 3D 77 FF B0 8C 6E B0 (106)
                              [N6:H] TPOS 'E' 0 25 130 30 (1671710)
                              [N12:Z] MOTOR_I 0 2 (2)
                              [N12:Z] [undefined] 61 119 255 176 (1031274416)
                              [N9:P] MOTOR_I 0 20 (20)
                              [N9:P] [undefined] 61 119 0 80 (1031209040)
                              [N12:Z] MOTOR_I 0 8 (8)
                              [N12:Z] [undefined] 61 119 255 176 (1031274416)
2025-08-15 18:28:15:819 [IN ] C8 24 09 18 25 A5 09 01 31 03 CF 00 0F 1C C2 25 A5 09 01 31 05 E6 3D 77 00 50 2A F5 B0 C8 24 0C 18 25 A5 0C 01 31 03 CF 00 06 16 CE 25 A5 0C 01 31 05 E6 3D 77 FF B0 8C 6E B0 C8 24 09 0E 25 A5 
09 01 31 03 CF 00 0C 19 BF 25 A5 09 01 C8 24 09 0A 01 31 05 E6 3D 77 00 50 2A F5 BF C8 24 0C 18 25 A5 0C 01 31 03 CF 00 1D 2D E5 25 A5 0C 01 31 05 E6 3D 77 FF B0 8C 6E B0 C8 24 09 15 25 A5 09 
01 31 03 CF 00 25 32 D8 25 A5 09 01 31 05 E6 3D 77 00 B0 (147)
                              [N9:P] MOTOR_I 0 15 (15)
                              [N9:P] [undefined] 61 119 0 80 (1031209040)
                              [N12:Z] MOTOR_I 0 6 (6)
                              [N12:Z] [undefined] 61 119 255 176 (1031274416)
                              [N9:P] MOTOR_I 0 12 (12)
                              [N9:P] [undefined] 61 119 0 80 (1031209040)
                              [N12:Z] MOTOR_I 0 29 (29)
                              [N12:Z] [undefined] 61 119 255 176 (1031274416)
                              [N9:P] MOTOR_I 0 37 (37)
2025-08-15 18:28:16:021 [IN ] C8 24 0C 18 25 A5 0C 01 31 03 CF 00 0C 1C D4 25 A5 0C 01 31 05 E6 3D 77 FF B0 8C 6E B0 C8 24 09 1B 50 2A F5 25 A5 09 01 31 03 CF 00 12 1F C5 25 A5 09 01 31 05 E6 3D 77 00 50 2A F5 B3 C8 24 0C 
18 25 A5 0C 01 31 03 CF 00 12 22 DA 25 A5 0C 01 31 05 E6 3D 77 FF B0 8C 6E 50 C8 24 09 18 25 A5 09 01 31 03 CF 00 07 14 BA 25 A5 09 01 31 05 E6 3D 77 00 50 2A F5 50 (119)
                              [N12:Z] MOTOR_I 0 12 (12)
                              [N12:Z] [undefined] 61 119 255 176 (1031274416)
                              [N9:P] [undefined] 61 119 0 80 (1031209040)
                              [N9:P] MOTOR_I 0 18 (18)
                              [N9:P] [undefined] 61 119 0 80 (1031209040)
                              [N12:Z] MOTOR_I 0 18 (18)
                              [N12:Z] [undefined] 61 119 255 176 (1031274416)
                              [N9:P] MOTOR_I 0 7 (7)
                              [N9:P] [undefined] 61 119 0 80 (1031209040)
2025-08-15 18:28:16:043 [OUT] 25 A5 01 06 31 05 81 00 0D 03 C1 8F 21 (13)
                              [N6:H] TPOS 0 13 3 193 (852929)
2025-08-15 18:28:16:085 [IN ] C8 24 0C 18 25 A5 0C 01 31 03 CF 00 0E 1E D6 25 A5 0C 01 31 05 E6 3D 77 FF B0 8C 6E 50 (29)
                              [N12:Z] MOTOR_I 0 14 (14)
                              [N12:Z] [undefined] 61 119 255 176 (1031274416)
2025-08-15 18:28:16:127 [IN ] C8 24 09 18 25 A5 09 01 31 03 CF 00 11 1E C4 25 A5 09 01 31 05 E6 3D 77 00 50 2A F5 50 (29)
                              [N9:P] MOTOR_I 0 17 (17)
                              [N9:P] [undefined] 61 119 0 80 (1031209040)
2025-08-15 18:28:16:169 [IN ] C8 24 0C 0E 25 A5 0C 01 31 03 CF 00 12 22 DA 25 A5 0C 01 (19)
                              [N12:Z] MOTOR_I 0 18 (18)
2025-08-15 18:28:16:190 [IN ] C8 24 0C 0A 01 31 05 E6 3D 77 FF B0 8C 6E DA (15)
                              [N12:Z] [undefined] 61 119 255 176 (1031274416)
2025-08-15 18:28:16:212 [IN ] C8 24 06 0E 25 A5 06 01 31 06 81 53 00 19 82 1E CB 09 01 C8 24 09 18 25 A5 09 01 31 03 CF 00 0D 1A C0 25 A5 09 01 31 05 E6 3D 77 00 50 2A F5 50 (48)
                              [N6:H] TPOS 'S' 0 25 130 30 (1671710)
                              [N9:P] MOTOR_I 0 13 (13)
                              [N9:P] [undefined] 61 119 0 80 (1031209040)
2025-08-15 18:28:16:414 [IN ] C8 24 0C 15 25 A5 0C 01 31 03 CF 00 09 19 D1 25 A5 0C 01 31 05 E6 3D 77 FF 50 C8 24 09 18 25 A5 09 01 31 03 CF 00 1F 2C D2 25 A5 09 01 31 05 E6 3D 77 00 50 2A F5 50 C8 24 0C 1B B0 8C 6E 25 A5 
0C 01 31 03 CF 00 1B 2B E3 25 A5 0C 01 31 05 E6 3D 77 FF B0 8C 6E B3 (87)
                              [N12:Z] MOTOR_I 0 9 (9)
                              [N9:P] MOTOR_I 0 31 (31)
                              [N9:P] [undefined] 61 119 0 80 (1031209040)
                              [N12:Z] [undefined] 61 119 255 176 (1031274416)
                              [N12:Z] MOTOR_I 0 27 (27)
                              [N12:Z] [undefined] 61 119 255 176 (1031274416)
2025-08-15 18:28:16:615 [IN ] C8 24 09 18 25 A5 09 01 31 03 CF 00 20 2D D3 25 A5 09 01 31 05 E6 3D 77 00 50 2A F5 B0 C8 24 0C 18 25 A5 0C 01 31 03 CF 00 18 28 E0 25 A5 0C 01 31 05 E6 3D 77 FF B0 8C 6E B0 C8 24 09 18 25 A5 
09 01 31 03 CF 00 0C 19 BF 25 A5 09 01 31 05 E6 3D 77 00 50 2A F5 B0 C8 24 0C 18 25 A5 0C 01 31 03 CF 00 00 10 C8 25 A5 0C 01 31 05 E6 3D 77 FF B0 8C 6E B0 C8 24 09 18 25 A5 (122)
                              [N9:P] MOTOR_I 0 32 (32)
                              [N9:P] [undefined] 61 119 0 80 (1031209040)
                              [N12:Z] MOTOR_I 0 24 (24)
                              [N12:Z] [undefined] 61 119 255 176 (1031274416)
                              [N9:P] MOTOR_I 0 12 (12)
                              [N9:P] [undefined] 61 119 0 80 (1031209040)
                              [N12:Z] MOTOR_I 0 0 (0)
                              [N12:Z] [undefined] 61 119 255 176 (1031274416)
2025-08-15 18:28:16:817 [IN ] 09 01 31 03 CF 00 1C 29 CF 25 A5 09 01 31 05 E6 3D 77 00 50 2A F5 B0 C8 24 0C 18 25 A5 0C 01 31 03 CF 00 0B 1B D3 25 A5 0C 01 31 05 E6 3D 77 FF B0 8C 6E B0 C8 24 09 18 25 A5 09 01 31 03 CF 00 
1C 29 CF 25 A5 09 01 31 05 E6 3D 77 00 50 2A F5 B0 C8 24 0C 18 25 A5 0C 01 31 03 CF 00 13 23 DB 25 A5 0C 01 31 05 E6 3D 77 FF B0 8C 6E B0 (110)
                              [N9:P] MOTOR_I 0 28 (28)
                              [N9:P] [undefined] 61 119 0 80 (1031209040)
                              [N12:Z] MOTOR_I 0 11 (11)
                              [N12:Z] [undefined] 61 119 255 176 (1031274416)
                              [N9:P] MOTOR_I 0 28 (28)
                              [N9:P] [undefined] 61 119 0 80 (1031209040)
                              [N12:Z] MOTOR_I 0 19 (19)
                              [N12:Z] [undefined] 61 119 255 176 (1031274416)
2025-08-15 18:28:17:019 [IN ] C8 24 09 18 25 A5 09 01 31 03 CF 00 12 1F C5 25 A5 09 01 31 05 E6 3D 77 00 50 2A F5 B0 C8 24 0C 18 25 A5 0C 01 31 03 CF 00 04 14 CC 25 A5 0C 01 31 05 E6 3D 77 FF B0 8C 6E B0 C8 24 09 18 25 A5 
09 01 31 03 CF 00 1C 29 CF 25 A5 09 01 31 05 E6 3D 77 00 50 2A F5 B0 C8 24 0C 18 25 A5 0C 01 31 03 CF 00 04 14 CC 25 A5 0C 01 31 05 E6 3D 77 FF B0 8C 6E B0 (116)
                              [N9:P] MOTOR_I 0 18 (18)
                              [N9:P] [undefined] 61 119 0 80 (1031209040)
                              [N12:Z] MOTOR_I 0 4 (4)
                              [N12:Z] [undefined] 61 119 255 176 (1031274416)
                              [N9:P] MOTOR_I 0 28 (28)
                              [N9:P] [undefined] 61 119 0 80 (1031209040)
                              [N12:Z] MOTOR_I 0 4 (4)
                              [N12:Z] [undefined] 61 119 255 176 (1031274416)
2025-08-15 18:28:17:220 [IN ] C8 24 09 18 25 A5 09 01 31 03 CF 00 0C 19 BF 25 A5 09 01 31 05 E6 3D 77 00 50 2A F5 B0 C8 24 0C 18 25 A5 0C 01 31 03 CF 00 14 24 DC 25 A5 0C 01 31 05 E6 3D 77 FF B0 8C 6E B0 C8 24 09 18 25 A5 
09 01 31 03 CF 00 1B 28 CE 25 A5 09 01 31 05 E6 3D 77 00 50 2A F5 B0 C8 24 0C 18 25 A5 0C 01 31 03 CF 00 0E 1E D6 25 A5 0C 01 31 05 E6 3D 77 FF B0 8C 6E B0 (116)
                              [N9:P] MOTOR_I 0 12 (12)
                              [N9:P] [undefined] 61 119 0 80 (1031209040)
                              [N12:Z] MOTOR_I 0 20 (20)
                              [N12:Z] [undefined] 61 119 255 176 (1031274416)
                              [N9:P] MOTOR_I 0 27 (27)
                              [N9:P] [undefined] 61 119 0 80 (1031209040)
                              [N12:Z] MOTOR_I 0 14 (14)
                              [N12:Z] [undefined] 61 119 255 176 (1031274416)
2025-08-15 18:28:17:421 [IN ] C8 24 09 18 25 A5 09 01 31 03 CF 00 20 2D D3 25 A5 09 01 31 05 E6 3D 77 00 50 2A F5 B0 C8 24 0C 18 25 A5 0C 01 31 03 CF 00 11 21 D9 25 A5 0C 01 31 05 E6 3D 77 FF B0 8C 6E B0 C8 24 09 18 25 A5 
09 01 31 03 CF 00 0F 1C C2 25 A5 09 01 31 05 E6 3D 77 00 50 2A F5 B0 C8 24 0C 18 25 A5 0C 01 31 03 CF 00 14 24 DC 25 A5 0C 01 31 05 E6 3D 77 FF B0 8C 6E B0 (116)
                              [N9:P] MOTOR_I 0 32 (32)
                              [N9:P] [undefined] 61 119 0 80 (1031209040)
                              [N12:Z] MOTOR_I 0 17 (17)
                              [N12:Z] [undefined] 61 119 255 176 (1031274416)
                              [N9:P] MOTOR_I 0 15 (15)
                              [N9:P] [undefined] 61 119 0 80 (1031209040)
                              [N12:Z] MOTOR_I 0 20 (20)
                              [N12:Z] [undefined] 61 119 255 176 (1031274416)
2025-08-15 18:28:17:624 [IN ] C8 24 09 18 25 A5 09 01 31 03 CF 00 1A 27 CD 25 A5 09 01 31 05 E6 3D 77 00 50 2A F5 B0 C8 24 0C 18 25 A5 0C 01 31 03 CF 00 07 17 CF 25 A5 0C 01 31 05 E6 3D 77 FF B0 8C 6E B0 C8 24 09 0E 25 A5 
09 01 31 03 CF 00 11 1E C4 25 A5 09 01 C8 24 09 0A 01 31 05 E6 3D 77 00 50 2A F5 C4 C8 24 0C 18 25 A5 0C 01 31 03 CF 00 11 21 D9 25 A5 0C 01 31 05 E6 3D 77 FF B0 8C 6E B0 C8 24 09 15 25 A5 09 
01 31 03 CF 00 21 2E D4 25 A5 09 01 31 05 E6 3D 77 00 B0 (147)
                              [N9:P] MOTOR_I 0 26 (26)
                              [N9:P] [undefined] 61 119 0 80 (1031209040)
                              [N12:Z] MOTOR_I 0 7 (7)
                              [N12:Z] [undefined] 61 119 255 176 (1031274416)
                              [N9:P] MOTOR_I 0 17 (17)
                              [N9:P] [undefined] 61 119 0 80 (1031209040)
                              [N12:Z] MOTOR_I 0 17 (17)
                              [N12:Z] [undefined] 61 119 255 176 (1031274416)
                              [N9:P] MOTOR_I 0 33 (33)
2025-08-15 18:28:17:827 [IN ] C8 24 0C 18 25 A5 0C 01 31 03 CF 00 03 13 CB 25 A5 0C 01 31 05 E6 3D 77 FF B0 8C 6E B0 C8 24 09 1B 50 2A F5 25 A5 09 01 31 03 CF 00 18 25 CB 25 A5 09 01 31 05 E6 3D 77 00 50 2A F5 B3 C8 24 0C 
18 25 A5 0C 01 31 03 CF 00 0E 1E D6 25 A5 0C 01 31 05 E6 3D 77 FF B0 8C 6E 50 C8 24 09 18 25 A5 09 01 31 03 CF 00 29 36 DC 25 A5 09 01 31 05 E6 3D 77 00 50 2A F5 50 (119)
                              [N12:Z] MOTOR_I 0 3 (3)
                              [N12:Z] [undefined] 61 119 255 176 (1031274416)
                              [N9:P] [undefined] 61 119 0 80 (1031209040)
                              [N9:P] MOTOR_I 0 24 (24)
                              [N9:P] [undefined] 61 119 0 80 (1031209040)
                              [N12:Z] MOTOR_I 0 14 (14)
                              [N12:Z] [undefined] 61 119 255 176 (1031274416)
                              [N9:P] MOTOR_I 0 41 (41)
                              [N9:P] [undefined] 61 119 0 80 (1031209040)
2025-08-15 18:28:18:029 [IN ] C8 24 0C 18 25 A5 0C 01 31 03 CF 00 09 19 D1 25 A5 0C 01 31 05 E6 3D 77 FF B0 8C 6E 50 C8 24 09 18 25 A5 09 01 31 03 CF 00 00 0D B3 25 A5 09 01 31 05 E6 3D 77 00 00 DA A5 50 C8 24 0C 0E 25 A5 
0C 01 31 03 CF 00 0A 1A D2 25 A5 0C 01 C8 24 0C 0A 01 31 05 E6 3D 77 FF B0 8C 6E D2 (92)
                              [N12:Z] MOTOR_I 0 9 (9)
                              [N12:Z] [undefined] 61 119 255 176 (1031274416)
                              [N9:P] MOTOR_I 0 0 (0)
                              [N9:P] [undefined] 61 119 0 0 (1031208960)
                              [N12:Z] MOTOR_I 0 10 (10)
                              [N12:Z] [undefined] 61 119 255 176 (1031274416)
2025-08-15 18:28:18:233 [IN ] C8 24 09 26 25 A5 09 01 31 06 81 45 FF FF DB 63 43 86 25 A5 09 01 31 03 CF 00 00 0D B3 25 A5 09 01 31 05 E6 3D 77 00 00 DA A5 00 C8 24 0C 15 25 A5 0C 01 31 03 CF 00 0A 1A D2 25 A5 0C 01 31 05 
E6 3D 77 FF 00 C8 24 09 18 25 A5 09 01 31 03 CF 00 00 0D B3 25 A5 09 01 31 05 E6 3D 77 00 00 DA A5 B3 C8 24 0C 1B B0 8C 6E 25 A5 0C 01 31 03 CF 00 06 16 CE 25 A5 0C 01 31 05 E6 3D 77 FF B0 8C 
6E 09 C8 24 09 18 25 A5 09 01 31 03 CF 00 00 0D B3 25 A5 09 01 31 05 E6 3D 77 00 00 DA A5 B0 (159)
                              [N9:P] TPOS 'E' 255 255 219 99 (-9373)
                              [N9:P] MOTOR_I 0 0 (0)
                              [N9:P] [undefined] 61 119 0 0 (1031208960)
                              [N12:Z] MOTOR_I 0 10 (10)
                              [N9:P] MOTOR_I 0 0 (0)
                              [N9:P] [undefined] 61 119 0 0 (1031208960)
                              [N12:Z] [undefined] 61 119 255 176 (1031274416)
                              [N12:Z] MOTOR_I 0 6 (6)
                              [N12:Z] [undefined] 61 119 255 176 (1031274416)
                              [N9:P] MOTOR_I 0 0 (0)
                              [N9:P] [undefined] 61 119 0 0 (1031208960)
2025-08-15 18:28:18:456 [OUT] 25 A5 01 08 31 02 D8 3F 53 E7 (10)
                              [N8:R] INTERRUPT '?'
2025-08-15 18:28:18:457 [IN ] C8 24 0C 18 25 A5 0C 01 31 03 CF 00 19 29 E1 25 A5 0C 01 31 05 E6 3D 77 FF B0 8C 6E B0 C8 24 09 18 25 A5 09 01 31 03 CF 00 00 0D B3 25 A5 09 01 31 05 E6 3D 77 00 00 DA A5 B0 C8 24 0C 18 25 A5 
0C 01 31 03 CF 00 17 27 DF 25 A5 0C 01 31 05 E6 3D 77 FF B0 8C 6E B0 C8 24 09 18 25 A5 09 01 31 03 CF 00 00 0D B3 25 A5 09 01 31 05 E6 3D 77 00 00 DA A5 B0 (116)
                              [N12:Z] MOTOR_I 0 25 (25)
                              [N12:Z] [undefined] 61 119 255 176 (1031274416)
                              [N9:P] MOTOR_I 0 0 (0)
                              [N9:P] [undefined] 61 119 0 0 (1031208960)
                              [N12:Z] MOTOR_I 0 23 (23)
                              [N12:Z] [undefined] 61 119 255 176 (1031274416)
                              [N9:P] MOTOR_I 0 0 (0)
                              [N9:P] [undefined] 61 119 0 0 (1031208960)
2025-08-15 18:28:18:757 [IN ] C8 24 0C 18 25 A5 0C 01 31 03 CF 00 12 22 DA 25 A5 0C 01 31 05 E6 3D 77 FF B0 8C 6E B0 C8 24 09 18 25 A5 09 01 31 03 CF 00 00 0D B3 25 A5 09 01 31 05 E6 3D 77 00 00 DA A5 B0 C8 24 0C 18 25 A5 
0C 01 31 03 CF 00 05 15 CD 25 A5 0C 01 31 05 E6 3D 77 FF B0 8C 6E B0 C8 24 08 0C 25 A5 08 01 31 04 D8 3A 01 01 52 92 A5 C8 24 09 18 25 A5 09 01 31 03 CF 00 00 0D B3 25 A5 09 01 31 05 E6 3D 77 
00 00 DA A5 B0 C8 24 0C 18 25 A5 0C 01 31 03 CF 00 09 19 D1 25 A5 0C 01 31 05 E6 3D 77 FF B0 8C 6E B0 C8 24 09 18 25 A5 09 01 31 03 CF 00 00 0D B3 25 A5 09 01 31 05 E6 3D 77 00 00 DA A5 B0 (191)
                              [N12:Z] MOTOR_I 0 18 (18)
                              [N12:Z] [undefined] 61 119 255 176 (1031274416)
                              [N9:P] MOTOR_I 0 0 (0)
                              [N9:P] [undefined] 61 119 0 0 (1031208960)
                              [N12:Z] MOTOR_I 0 5 (5)
                              [N12:Z] [undefined] 61 119 255 176 (1031274416)
                              [N8:R] INTERRUPT ':' 1 1 (257)
                              [N9:P] MOTOR_I 0 0 (0)
                              [N9:P] [undefined] 61 119 0 0 (1031208960)
                              [N12:Z] MOTOR_I 0 9 (9)
                              [N12:Z] [undefined] 61 119 255 176 (1031274416)
                              [N9:P] MOTOR_I 0 0 (0)
                              [N9:P] [undefined] 61 119 0 0 (1031208960)
2025-08-15 18:28:18:779 [OUT] 25 A5 01 08 31 03 CA 3D 0B 4F 1B (11)
                              [N8:R] RFLAG '=' 11 (11)
2025-08-15 18:28:18:801 [IN ] C8 24 0C 18 25 A5 0C 01 31 03 CF 00 06 16 CE 25 A5 0C 01 31 05 E6 3D 77 FF B0 8C 6E B0 (29)
                              [N12:Z] MOTOR_I 0 6 (6)
                              [N12:Z] [undefined] 61 119 255 176 (1031274416)
2025-08-15 18:28:18:864 [IN ] C8 24 09 18 25 A5 09 01 31 03 CF 00 00 0D B3 25 A5 09 01 31 05 E6 3D 77 00 00 DA A5 B0 (29)
                              [N9:P] MOTOR_I 0 0 (0)
                              [N9:P] [undefined] 61 119 0 0 (1031208960)
2025-08-15 18:28:18:906 [IN ] C8 24 0C 18 25 A5 0C 01 31 03 CF 00 1D 2D E5 25 A5 0C 01 31 05 E6 3D 77 FF B0 8C 6E B0 (29)
                              [N12:Z] MOTOR_I 0 29 (29)
                              [N12:Z] [undefined] 61 119 255 176 (1031274416)
2025-08-15 18:28:18:948 [IN ] C8 24 08 0B 25 A5 08 01 31 03 CA 3A 0B 4C 1C 25 C8 24 09 18 25 A5 09 01 31 03 CF 00 00 0D B3 25 A5 09 01 31 05 E6 3D 77 00 00 DA A5 B0 (45)
                              [N8:R] RFLAG ':' 11 (11)
                              [N9:P] MOTOR_I 0 0 (0)
                              [N9:P] [undefined] 61 119 0 0 (1031208960)
2025-08-15 18:28:18:969 [OUT] 25 A5 01 08 31 03 88 00 50 15 20 (11)
                              [N8:R] RUN 0 80 (80)
2025-08-15 18:28:19:012 [IN ] C8 24 0C 18 25 A5 0C 01 31 03 CF 00 17 27 DF 25 A5 0C 01 31 05 E6 3D 77 FF B0 8C 6E B0 (29)
                              [N12:Z] MOTOR_I 0 23 (23)
                              [N12:Z] [undefined] 61 119 255 176 (1031274416)
2025-08-15 18:28:19:054 [IN ] C8 24 09 18 25 A5 09 01 31 03 CF 00 00 0D B3 25 A5 09 01 31 05 E6 3D 77 00 00 DA A5 B0 (29)
                              [N9:P] MOTOR_I 0 0 (0)
                              [N9:P] [undefined] 61 119 0 0 (1031208960)
2025-08-15 18:28:19:116 [IN ] C8 24 0C 18 25 A5 0C 01 31 03 CF 00 0C 1C D4 25 A5 0C 01 31 05 E6 3D 77 FF B0 8C 6E B0 (29)
                              [N12:Z] MOTOR_I 0 12 (12)
                              [N12:Z] [undefined] 61 119 255 176 (1031274416)
2025-08-15 18:28:19:137 [IN ] C8 24 08 0C 25 A5 08 01 31 04 88 53 00 50 69 EA A5 (17)
                              [N8:R] RUN 'S' 0 80 (80)
2025-08-15 18:28:19:339 [IN ] C8 24 09 18 25 A5 09 01 31 03 CF 00 00 0D B3 25 A5 09 01 31 05 E6 3D 77 00 00 DA A5 B0 C8 24 0C 18 25 A5 0C 01 31 03 CF 00 07 17 CF 25 A5 0C 01 31 05 E6 3D 77 FF B0 8C 6E B0 C8 24 09 18 25 A5 
09 01 31 03 CF 00 00 0D B3 25 A5 09 01 31 05 E6 3D 77 00 00 DA A5 B0 C8 24 0C 18 25 A5 0C 01 31 03 CF 00 0B 1B D3 25 A5 0C 01 31 05 E6 3D 77 FF B0 8C 6E B0 C8 24 09 0E 25 A5 09 01 31 03 CF 00 
00 0D B3 25 A5 09 01 (135)
                              [N9:P] MOTOR_I 0 0 (0)
                              [N9:P] [undefined] 61 119 0 0 (1031208960)
                              [N12:Z] MOTOR_I 0 7 (7)
                              [N12:Z] [undefined] 61 119 255 176 (1031274416)
                              [N9:P] MOTOR_I 0 0 (0)
                              [N9:P] [undefined] 61 119 0 0 (1031208960)
                              [N12:Z] MOTOR_I 0 11 (11)
                              [N12:Z] [undefined] 61 119 255 176 (1031274416)
                              [N9:P] MOTOR_I 0 0 (0)
2025-08-15 18:28:19:541 [IN ] C8 24 09 0A 01 31 05 E6 3D 77 00 00 DA A5 B3 C8 24 0C 18 25 A5 0C 01 31 03 CF 00 0D 1D D5 25 A5 0C 01 31 05 E6 3D 77 FF B0 8C 6E B0 C8 24 09 15 25 A5 09 01 31 03 CF 00 00 0D B3 25 A5 09 01 31 
05 E6 3D 77 00 B0 C8 24 0C 18 25 A5 0C 01 31 03 CF 00 06 16 CE 25 A5 0C 01 31 05 E6 3D 77 FF B0 8C 6E B0 C8 24 09 1B 00 DA A5 25 A5 09 01 31 03 CF 00 00 0D B3 25 A5 09 01 31 05 E6 3D 77 00 00 
DA A5 09 (131)
                              [N9:P] [undefined] 61 119 0 0 (1031208960)
                              [N12:Z] MOTOR_I 0 13 (13)
                              [N12:Z] [undefined] 61 119 255 176 (1031274416)
                              [N9:P] MOTOR_I 0 0 (0)
                              [N12:Z] MOTOR_I 0 6 (6)
                              [N12:Z] [undefined] 61 119 255 176 (1031274416)
                              [N9:P] [undefined] 61 119 0 0 (1031208960)
                              [N9:P] MOTOR_I 0 0 (0)
                              [N9:P] [undefined] 61 119 0 0 (1031208960)
2025-08-15 18:28:19:743 [IN ] C8 24 0C 18 25 A5 0C 01 31 03 CF 00 02 12 CA 25 A5 0C 01 31 05 E6 3D 77 FF B0 8C 6E 00 C8 24 09 18 25 A5 09 01 31 03 CF 00 00 0D B3 25 A5 09 01 31 05 E6 3D 77 00 00 DA A5 00 C8 24 0C 18 25 A5 
0C 01 31 03 CF 00 09 19 D1 25 A5 0C 01 31 05 E6 3D 77 FF B0 8C 6E 00 C8 24 09 18 25 A5 09 01 31 03 CF 00 00 0D B3 25 A5 09 01 31 05 E6 3D 77 00 00 DA A5 00 (116)
                              [N12:Z] MOTOR_I 0 2 (2)
                              [N12:Z] [undefined] 61 119 255 176 (1031274416)
                              [N9:P] MOTOR_I 0 0 (0)
                              [N9:P] [undefined] 61 119 0 0 (1031208960)
                              [N12:Z] MOTOR_I 0 9 (9)
                              [N12:Z] [undefined] 61 119 255 176 (1031274416)
                              [N9:P] MOTOR_I 0 0 (0)
                              [N9:P] [undefined] 61 119 0 0 (1031208960)
2025-08-15 18:28:19:944 [IN ] C8 24 0C 0E 25 A5 0C 01 31 03 CF 00 0A 1A D2 25 A5 0C 01 C8 24 0C 0A 01 31 05 E6 3D 77 FF B0 8C 6E D2 C8 24 09 18 25 A5 09 01 31 03 CF 00 00 0D B3 25 A5 09 01 31 05 E6 3D 77 00 00 DA A5 00 C8 
24 0C 15 25 A5 0C 01 31 03 CF 00 1F 2F E7 25 A5 0C 01 31 05 E6 3D 77 FF 00 C8 24 09 (92)
                              [N12:Z] MOTOR_I 0 10 (10)
                              [N12:Z] [undefined] 61 119 255 176 (1031274416)
                              [N9:P] MOTOR_I 0 0 (0)
                              [N9:P] [undefined] 61 119 0 0 (1031208960)
                              [N12:Z] MOTOR_I 0 31 (31)
2025-08-15 18:28:20:147 [IN ] 18 25 A5 09 01 31 03 CF 00 00 0D B3 25 A5 09 01 31 05 E6 3D 77 00 00 DA A5 00 C8 24 0C 1B B0 8C 6E 25 A5 0C 01 31 03 CF 00 0E 1E D6 25 A5 0C 01 31 05 E6 3D 77 FF B0 8C 6E 09 C8 24 09 18 25 A5 
09 01 31 03 CF 00 00 0D B3 25 A5 09 01 31 05 E6 3D 77 00 00 DA A5 B0 C8 24 0C 18 25 A5 0C 01 31 03 CF 00 05 15 CD 25 A5 0C 01 31 05 E6 3D 77 FF B0 8C 6E B0 C8 24 09 18 25 A5 09 01 31 03 CF 00 
00 0D B3 25 A5 09 01 31 05 E6 3D 77 00 00 DA A5 B0 (145)
                              [N9:P] MOTOR_I 0 0 (0)
                              [N9:P] [undefined] 61 119 0 0 (1031208960)
                              [N12:Z] [undefined] 61 119 255 176 (1031274416)
                              [N12:Z] MOTOR_I 0 14 (14)
                              [N12:Z] [undefined] 61 119 255 176 (1031274416)
                              [N9:P] MOTOR_I 0 0 (0)
                              [N9:P] [undefined] 61 119 0 0 (1031208960)
                              [N12:Z] MOTOR_I 0 5 (5)
                              [N12:Z] [undefined] 61 119 255 176 (1031274416)
                              [N9:P] MOTOR_I 0 0 (0)
                              [N9:P] [undefined] 61 119 0 0 (1031208960)
2025-08-15 18:28:20:348 [IN ] C8 24 0C 18 25 A5 0C 01 31 03 CF 00 08 18 D0 25 A5 0C 01 31 05 E6 3D 77 FF B0 8C 6E B0 C8 24 09 18 25 A5 09 01 31 03 CF 00 00 0D B3 25 A5 09 01 31 05 E6 3D 77 00 00 DA A5 B0 C8 24 03 0E 25 A5 
03 01 31 06 81 45 FF FD 4F 1C 68 E5 01 C8 24 0C 18 25 A5 0C 01 31 03 CF 00 0D 1D D5 25 A5 0C 01 31 05 E6 3D 77 FF B0 8C 6E B0 (106)
                              [N12:Z] MOTOR_I 0 8 (8)
                              [N12:Z] [undefined] 61 119 255 176 (1031274416)
                              [N9:P] MOTOR_I 0 0 (0)
                              [N9:P] [undefined] 61 119 0 0 (1031208960)
                              [N3:X] TPOS 'E' 255 253 79 28 (-176356)
                              [N12:Z] MOTOR_I 0 13 (13)
                              [N12:Z] [undefined] 61 119 255 176 (1031274416)
2025-08-15 18:28:20:550 [IN ] C8 24 09 18 25 A5 09 01 31 03 CF 00 00 0D B3 25 A5 09 01 31 05 E6 3D 77 00 00 DA A5 B0 C8 24 0C 18 25 A5 0C 01 31 03 CF 00 19 29 E1 25 A5 0C 01 31 05 E6 3D 77 FF B0 8C 6E B0 C8 24 09 18 25 A5 
09 01 31 03 CF 00 00 0D B3 25 A5 09 01 31 05 E6 3D 77 00 00 DA A5 B0 C8 24 0C 18 25 A5 0C 01 31 03 CF 00 14 24 DC 25 A5 0C 01 31 05 E6 3D 77 FF B0 8C 6E B0 (116)
                              [N9:P] MOTOR_I 0 0 (0)
                              [N9:P] [undefined] 61 119 0 0 (1031208960)
                              [N12:Z] MOTOR_I 0 25 (25)
                              [N12:Z] [undefined] 61 119 255 176 (1031274416)
                              [N9:P] MOTOR_I 0 0 (0)
                              [N9:P] [undefined] 61 119 0 0 (1031208960)
                              [N12:Z] MOTOR_I 0 20 (20)
                              [N12:Z] [undefined] 61 119 255 176 (1031274416)
2025-08-15 18:28:20:751 [IN ] C8 24 09 18 25 A5 09 01 31 03 CF 00 00 0D B3 25 A5 09 01 31 05 E6 3D 77 00 00 DA A5 B0 C8 24 0C 18 25 A5 0C 01 31 03 CF 00 0E 1E D6 25 A5 0C 01 31 05 E6 3D 77 FF B0 8C 6E B0 C8 24 09 18 25 A5 
09 01 31 03 CF 00 00 0D B3 25 A5 09 01 31 05 E6 3D 77 00 00 DA A5 B0 C8 24 0C 18 25 A5 0C 01 31 03 CF 00 05 15 CD 25 A5 0C 01 31 05 E6 3D 77 FF B0 8C 6E B0 C8 24 09 18 25 A5 09 01 31 03 CF 00 
00 0D (130)
                              [N9:P] MOTOR_I 0 0 (0)
                              [N9:P] [undefined] 61 119 0 0 (1031208960)
                              [N12:Z] MOTOR_I 0 14 (14)
                              [N12:Z] [undefined] 61 119 255 176 (1031274416)
                              [N9:P] MOTOR_I 0 0 (0)
                              [N9:P] [undefined] 61 119 0 0 (1031208960)
                              [N12:Z] MOTOR_I 0 5 (5)
                              [N12:Z] [undefined] 61 119 255 176 (1031274416)
2025-08-15 18:28:20:952 [IN ] B3 25 A5 09 01 31 05 E6 3D 77 00 00 DA A5 B0 C8 24 0C 18 25 A5 0C 01 31 03 CF 00 0E 1E D6 25 A5 0C 01 31 05 E6 3D 77 FF B0 8C 6E B0 C8 24 09 18 25 A5 09 01 31 03 CF 00 00 0D B3 25 A5 09 01 31 
05 E6 3D 77 00 00 DA A5 B0 C8 24 0C 18 25 A5 0C 01 31 03 CF 00 0F 1F D7 25 A5 0C 01 31 05 E6 3D 77 FF B0 8C 6E B0 (102)
                              [N9:P] MOTOR_I 0 0 (0)
                              [N9:P] [undefined] 61 119 0 0 (1031208960)
                              [N12:Z] MOTOR_I 0 14 (14)
                              [N12:Z] [undefined] 61 119 255 176 (1031274416)
                              [N9:P] MOTOR_I 0 0 (0)
                              [N9:P] [undefined] 61 119 0 0 (1031208960)
                              [N12:Z] MOTOR_I 0 15 (15)
                              [N12:Z] [undefined] 61 119 255 176 (1031274416)
2025-08-15 18:28:21:154 [IN ] C8 24 09 18 25 A5 09 01 31 03 CF 00 00 0D B3 25 A5 09 01 31 05 E6 3D 77 00 00 DA A5 B0 C8 24 0C 18 25 A5 0C 01 31 03 CF 00 1B 2B E3 25 A5 0C 01 31 05 E6 3D 77 FF B0 8C 6E B0 C8 24 09 18 25 A5 
09 01 31 03 CF 00 00 0D B3 25 A5 09 01 31 05 E6 3D 77 00 00 DA A5 B0 C8 24 0C 18 25 A5 0C 01 31 03 CF 00 14 24 DC 25 A5 0C 01 31 05 E6 3D 77 FF B0 8C 6E B0 C8 24 09 0E 25 A5 09 01 31 03 CF 00 
00 0D B3 25 A5 09 01 (135)
                              [N9:P] MOTOR_I 0 0 (0)
                              [N9:P] [undefined] 61 119 0 0 (1031208960)
                              [N12:Z] MOTOR_I 0 27 (27)
                              [N12:Z] [undefined] 61 119 255 176 (1031274416)
                              [N9:P] MOTOR_I 0 0 (0)
                              [N9:P] [undefined] 61 119 0 0 (1031208960)
                              [N12:Z] MOTOR_I 0 20 (20)
                              [N12:Z] [undefined] 61 119 255 176 (1031274416)
                              [N9:P] MOTOR_I 0 0 (0)
2025-08-15 18:28:21:357 [IN ] C8 24 09 0A 01 31 05 E6 3D 77 00 00 DA A5 B3 C8 24 0C 18 25 A5 0C 01 31 03 CF 00 0B 1B D3 25 A5 0C 01 31 05 E6 3D 77 FF B0 8C 6E B0 C8 24 09 15 25 A5 09 01 31 03 CF 00 00 0D B3 25 A5 09 01 31 
05 E6 3D 77 00 B0 C8 24 0C 18 25 A5 0C 01 31 03 CF 00 10 20 D8 25 A5 0C 01 31 05 E6 3D 77 FF B0 8C 6E B0 C8 24 09 1B 00 DA A5 25 A5 09 01 31 03 CF 00 00 0D B3 25 A5 09 01 31 05 E6 3D 77 00 00 
DA A5 09 (131)
                              [N9:P] [undefined] 61 119 0 0 (1031208960)
                              [N12:Z] MOTOR_I 0 11 (11)
                              [N12:Z] [undefined] 61 119 255 176 (1031274416)
                              [N9:P] MOTOR_I 0 0 (0)
                              [N12:Z] MOTOR_I 0 16 (16)
                              [N12:Z] [undefined] 61 119 255 176 (1031274416)
                              [N9:P] [undefined] 61 119 0 0 (1031208960)
                              [N9:P] MOTOR_I 0 0 (0)
                              [N9:P] [undefined] 61 119 0 0 (1031208960)
2025-08-15 18:28:21:558 [IN ] C8 24 0C 18 25 A5 0C 01 31 03 CF 00 10 20 D8 25 A5 0C 01 31 05 E6 3D 77 FF B0 8C 6E 00 C8 24 09 18 25 A5 09 01 31 03 CF 00 00 0D B3 25 A5 09 01 31 05 E6 3D 77 00 00 DA A5 00 C8 24 0C 18 25 A5 
0C 01 31 03 CF 00 12 22 DA 25 A5 0C 01 31 05 E6 3D 77 FF B0 8C 6E 00 C8 24 09 18 25 A5 09 01 31 03 CF 00 00 0D B3 25 A5 09 01 31 05 E6 3D 77 00 00 DA A5 00 (116)
                              [N12:Z] MOTOR_I 0 16 (16)
                              [N12:Z] [undefined] 61 119 255 176 (1031274416)
                              [N9:P] MOTOR_I 0 0 (0)
                              [N9:P] [undefined] 61 119 0 0 (1031208960)
                              [N12:Z] MOTOR_I 0 18 (18)
                              [N12:Z] [undefined] 61 119 255 176 (1031274416)
                              [N9:P] MOTOR_I 0 0 (0)
                              [N9:P] [undefined] 61 119 0 0 (1031208960)
2025-08-15 18:28:21:762 [IN ] C8 24 06 0E 25 A5 06 01 31 06 81 45 00 0C FF B9 C8 31 01 C8 24 0C 0E 25 A5 0C 01 31 03 CF 00 15 25 DD 25 A5 0C 01 C8 24 0C 0A 01 31 05 E6 3D 77 FF B0 8C 6E DD C8 24 09 18 25 A5 09 01 31 03 CF 
00 00 0D B3 25 A5 09 01 31 05 E6 3D 77 00 00 DA A5 00 C8 24 0C 15 25 A5 0C 01 31 03 CF 00 01 11 C9 25 A5 0C 01 31 05 E6 3D 77 FF 00 C8 24 09 18 25 A5 09 01 31 03 CF 00 00 0D B3 25 A5 09 01 31 
05 E6 3D 77 00 00 DA A5 00 (137)
                              [N6:H] TPOS 'E' 0 12 255 185 (851897)
                              [N12:Z] MOTOR_I 0 21 (21)
                              [N12:Z] [undefined] 61 119 255 176 (1031274416)
                              [N9:P] MOTOR_I 0 0 (0)
                              [N9:P] [undefined] 61 119 0 0 (1031208960)
                              [N12:Z] MOTOR_I 0 1 (1)
                              [N9:P] MOTOR_I 0 0 (0)
                              [N9:P] [undefined] 61 119 0 0 (1031208960)
2025-08-15 18:28:21:985 [OUT] 25 A5 01 05 31 02 D8 3F 50 D8 (10)
                              [N5:V] INTERRUPT '?'
2025-08-15 18:28:21:986 [IN ] C8 24 0C 1B B0 8C 6E 25 A5 0C 01 31 03 CF 00 09 19 D1 25 A5 0C 01 31 05 E6 3D 77 FF B0 8C 6E 09 C8 24 09 18 25 A5 09 01 31 03 CF 00 00 0D B3 25 A5 09 01 31 05 E6 3D 77 00 00 DA A5 B0 C8 24 0C 
18 25 A5 0C 01 31 03 CF 00 0E 1E D6 25 A5 0C 01 31 05 E6 3D 77 FF B0 8C 6E B0 C8 24 09 18 25 A5 09 01 31 03 CF 00 00 0D B3 25 A5 09 01 31 05 E6 3D 77 00 00 DA A5 B0 (119)
                              [N12:Z] [undefined] 61 119 255 176 (1031274416)
                              [N12:Z] MOTOR_I 0 9 (9)
                              [N12:Z] [undefined] 61 119 255 176 (1031274416)
                              [N9:P] MOTOR_I 0 0 (0)
                              [N9:P] [undefined] 61 119 0 0 (1031208960)
                              [N12:Z] MOTOR_I 0 14 (14)
                              [N12:Z] [undefined] 61 119 255 176 (1031274416)
                              [N9:P] MOTOR_I 0 0 (0)
                              [N9:P] [undefined] 61 119 0 0 (1031208960)
2025-08-15 18:28:22:287 [IN ] C8 24 0C 18 25 A5 0C 01 31 03 CF 00 14 24 DC 25 A5 0C 01 31 05 E6 3D 77 FF B0 8C 6E B0 C8 24 09 18 25 A5 09 01 31 03 CF 00 00 0D B3 25 A5 09 01 31 05 E6 3D 77 00 00 DA A5 B0 C8 24 0C 11 25 A5 
0C 01 31 03 CF 00 12 22 DA 25 A5 0C B0 8C 6E E6 C8 24 05 0C 25 A5 05 01 31 04 D8 3A 01 01 4F 7A A5 C8 24 09 18 25 A5 09 01 31 03 CF 00 00 0D B3 25 A5 09 01 31 05 E6 3D 77 00 00 DA A5 B0 C8 24 
0C 18 25 A5 0C 01 31 03 CF 00 13 23 DB 25 A5 0C 01 31 05 E6 3D 77 FF B0 8C 6E B0 C8 24 09 18 25 A5 09 01 31 03 CF 00 00 0D B3 25 A5 09 01 31 05 E6 3D 77 00 00 DA A5 B0 (184)
                              [N12:Z] MOTOR_I 0 20 (20)
                              [N12:Z] [undefined] 61 119 255 176 (1031274416)
                              [N9:P] MOTOR_I 0 0 (0)
                              [N9:P] [undefined] 61 119 0 0 (1031208960)
                              [N12:Z] MOTOR_I 0 18 (18)
                              [N5:V] INTERRUPT ':' 1 1 (257)
                              [N9:P] MOTOR_I 0 0 (0)
                              [N9:P] [undefined] 61 119 0 0 (1031208960)
                              [N12:Z] MOTOR_I 0 19 (19)
                              [N12:Z] [undefined] 61 119 255 176 (1031274416)
                              [N9:P] MOTOR_I 0 0 (0)
                              [N9:P] [undefined] 61 119 0 0 (1031208960)
2025-08-15 18:28:22:309 [OUT] 25 A5 01 05 31 03 C9 3D 0B 4B 06 (11)
                              [N5:V] LFLAG '=' 11 (11)
2025-08-15 18:28:22:330 [IN ] C8 24 0C 18 25 A5 0C 01 31 03 CF 00 09 19 D1 25 A5 0C 01 31 05 E6 3D 77 FF B0 8C 6E B0 (29)
                              [N12:Z] MOTOR_I 0 9 (9)
                              [N12:Z] [undefined] 61 119 255 176 (1031274416)
2025-08-15 18:28:22:372 [IN ] C8 24 09 18 25 A5 09 01 31 03 CF 00 00 0D B3 25 A5 09 01 31 05 E6 3D 77 00 00 DA A5 B0 (29)
                              [N9:P] MOTOR_I 0 0 (0)
                              [N9:P] [undefined] 61 119 0 0 (1031208960)
2025-08-15 18:28:22:435 [IN ] C8 24 0C 18 25 A5 0C 01 31 03 CF 00 25 35 ED 25 A5 0C 01 31 05 E6 3D 77 FF B0 8C 6E B0 (29)
                              [N12:Z] MOTOR_I 0 37 (37)
                              [N12:Z] [undefined] 61 119 255 176 (1031274416)
2025-08-15 18:28:22:477 [IN ] C8 24 05 0B 25 A5 05 01 31 03 C9 3A 0B 48 04 25 C8 24 09 18 25 A5 09 01 31 03 CF 00 00 0D B3 25 A5 09 01 31 05 E6 3D 77 00 00 DA A5 B0 (45)
                              [N5:V] LFLAG ':' 11 (11)
                              [N9:P] MOTOR_I 0 0 (0)
                              [N9:P] [undefined] 61 119 0 0 (1031208960)
2025-08-15 18:28:22:498 [OUT] 25 A5 01 05 31 03 88 FF B0 71 6C (11)
                              [N5:V] RUN 255 176 (-80)
2025-08-15 18:28:22:541 [IN ] C8 24 0C 18 25 A5 0C 01 31 03 CF 00 18 28 E0 25 A5 0C 01 31 05 E6 3D 77 FF B0 8C 6E B0 (29)
                              [N12:Z] MOTOR_I 0 24 (24)
                              [N12:Z] [undefined] 61 119 255 176 (1031274416)
2025-08-15 18:28:22:582 [IN ] C8 24 09 18 25 A5 09 01 31 03 CF 00 00 0D B3 25 A5 09 01 31 05 E6 3D 77 00 00 DA A5 B0 (29)
                              [N9:P] MOTOR_I 0 0 (0)
                              [N9:P] [undefined] 61 119 0 0 (1031208960)
2025-08-15 18:28:22:624 [IN ] C8 24 0C 18 25 A5 0C 01 31 03 CF 00 16 26 DE 25 A5 0C 01 31 05 E6 3D 77 FF B0 8C 6E B0 (29)
                              [N12:Z] MOTOR_I 0 22 (22)
                              [N12:Z] [undefined] 61 119 255 176 (1031274416)
2025-08-15 18:28:22:666 [IN ] C8 24 05 0C 25 A5 05 01 31 04 88 53 FF B0 C5 30 A5 C8 24 09 18 25 A5 09 01 31 03 CF 00 00 0D B3 25 A5 09 01 31 05 E6 3D 77 00 00 DA A5 B0 (46)
                              [N5:V] RUN 'S' 255 176 (-80)
                              [N9:P] MOTOR_I 0 0 (0)
                              [N9:P] [undefined] 61 119 0 0 (1031208960)
2025-08-15 18:28:22:868 [IN ] C8 24 0C 18 25 A5 0C 01 31 03 CF 00 04 14 CC 25 A5 0C 01 31 05 E6 3D 77 FF B0 8C 6E B0 C8 24 09 18 25 A5 09 01 31 03 CF 00 00 0D B3 25 A5 09 01 31 05 E6 3D 77 00 00 DA A5 B0 C8 24 0C 18 25 A5 
0C 01 31 03 CF 00 02 12 CA 25 A5 0C 01 31 05 E6 3D 77 FF B0 8C 6E B0 (87)
                              [N12:Z] MOTOR_I 0 4 (4)
                              [N12:Z] [undefined] 61 119 255 176 (1031274416)
                              [N9:P] MOTOR_I 0 0 (0)
                              [N9:P] [undefined] 61 119 0 0 (1031208960)
                              [N12:Z] MOTOR_I 0 2 (2)
                              [N12:Z] [undefined] 61 119 255 176 (1031274416)
2025-08-15 18:28:23:069 [IN ] C8 24 09 18 25 A5 09 01 31 03 CF 00 00 0D B3 25 A5 09 01 31 05 E6 3D 77 00 00 DA A5 B0 C8 24 0C 18 25 A5 0C 01 31 03 CF 00 13 23 DB 25 A5 0C 01 31 05 E6 3D 77 FF B0 8C 6E B0 C8 24 09 0E 25 A5 
09 01 31 03 CF 00 00 0D B3 25 A5 09 01 C8 24 09 0A 01 31 05 E6 3D 77 00 00 DA A5 B3 C8 24 0C 18 25 A5 0C 01 31 03 CF 00 1A 2A E2 25 A5 0C 01 31 05 E6 3D 77 FF B0 8C 6E B0 C8 24 09 15 25 A5 09 
01 31 03 CF 00 00 0D B3 25 A5 09 01 31 05 E6 3D 77 00 B0 (147)
                              [N9:P] MOTOR_I 0 0 (0)
                              [N9:P] [undefined] 61 119 0 0 (1031208960)
                              [N12:Z] MOTOR_I 0 19 (19)
                              [N12:Z] [undefined] 61 119 255 176 (1031274416)
                              [N9:P] MOTOR_I 0 0 (0)
                              [N9:P] [undefined] 61 119 0 0 (1031208960)
                              [N12:Z] MOTOR_I 0 26 (26)
                              [N12:Z] [undefined] 61 119 255 176 (1031274416)
                              [N9:P] MOTOR_I 0 0 (0)
2025-08-15 18:28:23:272 [IN ] C8 24 0C 18 25 A5 0C 01 31 03 CF 00 19 29 E1 25 A5 0C 01 31 05 E6 3D 77 FF B0 8C 6E B0 C8 24 09 1B 00 DA A5 25 A5 09 01 31 03 CF 00 00 0D B3 25 A5 09 01 31 05 E6 3D 77 00 00 DA A5 09 C8 24 0C 
18 25 A5 0C 01 31 03 CF 00 13 23 DB 25 A5 0C 01 31 05 E6 3D 77 FF B0 8C 6E 00 C8 24 (92)
                              [N12:Z] MOTOR_I 0 25 (25)
                              [N12:Z] [undefined] 61 119 255 176 (1031274416)
                              [N9:P] [undefined] 61 119 0 0 (1031208960)
                              [N9:P] MOTOR_I 0 0 (0)
                              [N9:P] [undefined] 61 119 0 0 (1031208960)
                              [N12:Z] MOTOR_I 0 19 (19)
                              [N12:Z] [undefined] 61 119 255 176 (1031274416)
2025-08-15 18:28:23:475 [IN ] 09 18 25 A5 09 01 31 03 CF 00 00 0D B3 25 A5 09 01 31 05 E6 3D 77 00 00 DA A5 00 C8 24 0C 18 25 A5 0C 01 31 03 CF 00 03 13 CB 25 A5 0C 01 31 05 E6 3D 77 FF B0 8C 6E 00 C8 24 09 18 25 A5 09 01 
31 03 CF 00 00 0D B3 25 A5 09 01 31 05 E6 3D 77 00 00 DA A5 00 C8 24 0C 15 25 A5 0C 01 31 03 CF 00 00 10 C8 25 A5 0C 01 31 05 E6 3D 77 00 00 C8 24 09 18 25 A5 09 01 31 03 CF 00 00 0D B3 25 A5 
09 01 31 05 E6 3D 77 00 00 DA A5 00 C8 24 0C 11 00 DD C0 25 A5 0C 01 31 06 81 45 FF BC (157)
                              [N9:P] MOTOR_I 0 0 (0)
                              [N9:P] [undefined] 61 119 0 0 (1031208960)
                              [N12:Z] MOTOR_I 0 3 (3)
                              [N12:Z] [undefined] 61 119 255 176 (1031274416)
                              [N9:P] MOTOR_I 0 0 (0)
                              [N9:P] [undefined] 61 119 0 0 (1031208960)
                              [N12:Z] MOTOR_I 0 0 (0)
                              [N9:P] MOTOR_I 0 0 (0)
                              [N9:P] [undefined] 61 119 0 0 (1031208960)
2025-08-15 18:28:23:678 [IN ] CE 0F A2 6D E6 C8 24 0C 18 25 A5 0C 01 31 03 CF 00 00 10 C8 25 A5 0C 01 31 05 E6 3D 77 00 00 DD C0 00 C8 24 09 18 25 A5 09 01 31 03 CF 00 00 0D B3 25 A5 09 01 31 05 E6 3D 77 00 00 DA A5 00 C8 
24 0C 18 25 A5 0C 01 31 03 CF 00 00 10 C8 25 A5 0C 01 31 05 E6 3D 77 00 00 DD C0 00 C8 24 09 18 25 A5 09 01 31 03 CF 00 00 0D B3 25 A5 09 01 31 05 E6 3D 77 00 00 DA A5 00 (121)
                              [N12:Z] [undefined] 61 119 0 0 (1031208960)
                              [N12:Z] TPOS 'E' 255 188 206 15 (-4403697)
                              [N12:Z] MOTOR_I 0 0 (0)
                              [N12:Z] [undefined] 61 119 0 0 (1031208960)
                              [N9:P] MOTOR_I 0 0 (0)
                              [N9:P] [undefined] 61 119 0 0 (1031208960)
                              [N12:Z] MOTOR_I 0 0 (0)
                              [N12:Z] [undefined] 61 119 0 0 (1031208960)
                              [N9:P] MOTOR_I 0 0 (0)
                              [N9:P] [undefined] 61 119 0 0 (1031208960)
2025-08-15 18:28:23:880 [IN ] C8 24 0C 18 25 A5 0C 01 31 03 CF 00 00 10 C8 25 A5 0C 01 31 05 E6 3D 77 00 00 DD C0 00 C8 24 09 18 25 A5 09 01 31 03 CF 00 00 0D B3 25 A5 09 01 31 05 E6 3D 77 00 00 DA A5 00 C8 24 0C 18 25 A5 
0C 01 31 03 CF 00 00 10 C8 25 A5 0C 01 31 05 E6 3D 77 00 00 DD C0 00 C8 24 07 0E 25 A5 07 01 31 06 81 45 FF AB 15 15 D9 9C 01 C8 24 09 18 25 A5 09 01 31 03 CF 00 00 0D B3 25 A5 09 01 31 05 E6 
3D 77 00 00 DA A5 00 (135)
                              [N12:Z] MOTOR_I 0 0 (0)
                              [N12:Z] [undefined] 61 119 0 0 (1031208960)
                              [N9:P] MOTOR_I 0 0 (0)
                              [N9:P] [undefined] 61 119 0 0 (1031208960)
                              [N12:Z] MOTOR_I 0 0 (0)
                              [N12:Z] [undefined] 61 119 0 0 (1031208960)
                              [N7:N] TPOS 'E' 255 171 21 21 (-5565163)
                              [N9:P] MOTOR_I 0 0 (0)
                              [N9:P] [undefined] 61 119 0 0 (1031208960)
2025-08-15 18:28:24:086 [IN ] C8 24 0C 18 25 A5 0C 01 31 03 CF 00 00 10 C8 25 A5 0C 01 31 05 E6 3D 77 00 00 DD C0 00 C8 24 09 18 25 A5 09 01 31 03 CF 00 00 0D B3 25 A5 09 01 31 05 E6 3D 77 00 00 DA A5 00 C8 24 0C 18 25 A5 
0C 01 31 03 CF 00 00 10 C8 25 A5 0C 01 31 05 E6 3D 77 00 00 DD C0 00 C8 24 09 18 25 A5 09 01 31 03 CF 00 00 (100)
                              [N12:Z] MOTOR_I 0 0 (0)
                              [N12:Z] [undefined] 61 119 0 0 (1031208960)
                              [N9:P] MOTOR_I 0 0 (0)
                              [N9:P] [undefined] 61 119 0 0 (1031208960)
                              [N12:Z] MOTOR_I 0 0 (0)
                              [N12:Z] [undefined] 61 119 0 0 (1031208960)
2025-08-15 18:28:24:108 [OUT] 25 A5 01 0C 31 05 81 FF D1 1A 67 15 6D (13)
                              [N12:Z] TPOS 255 209 26 103 (-3073433)
2025-08-15 18:28:24:113 [IN ] 0D B3 25 A5 09 01 31 05 E6 3D 77 00 00 DA A5 00 (16)
                              [N9:P] MOTOR_I 0 0 (0)
                              [N9:P] [undefined] 61 119 0 0 (1031208960)
2025-08-15 18:28:24:135 [OUT] 25 A5 01 07 31 05 81 FF F3 35 BF A5 39 (13)
                              [N7:N] TPOS 255 243 53 191 (-838209)
2025-08-15 18:28:24:137 [IN ] C8 24 0C 18 25 A5 0C 01 31 03 CF 00 00 10 C8 25 A5 0C 01 31 05 E6 3D 77 00 00 DD C0 00 (29)
                              [N12:Z] MOTOR_I 0 0 (0)
                              [N12:Z] [undefined] 61 119 0 0 (1031208960)
2025-08-15 18:28:24:201 [IN ] C8 24 09 18 25 A5 09 01 31 03 CF 00 00 0D B3 25 A5 09 01 31 05 E6 3D 77 00 00 DA A5 00 (29)
                              [N9:P] MOTOR_I 0 0 (0)
                              [N9:P] [undefined] 61 119 0 0 (1031208960)
2025-08-15 18:28:24:244 [IN ] C8 24 0C 18 25 A5 0C 01 31 03 CF 00 00 10 C8 25 A5 0C 01 31 05 E6 3D 77 00 00 DD C0 00 (29)
                              [N12:Z] MOTOR_I 0 0 (0)
                              [N12:Z] [undefined] 61 119 0 0 (1031208960)
2025-08-15 18:28:24:288 [IN ] C8 24 09 18 25 A5 09 01 31 03 CF 00 00 0D B3 25 A5 09 01 31 05 E6 3D 77 00 00 DA A5 00 C8 24 0C 0E 25 A5 0C 01 31 06 81 53 FF BC CE 10 B1 B4 01 (48)
                              [N9:P] MOTOR_I 0 0 (0)
                              [N9:P] [undefined] 61 119 0 0 (1031208960)
                              [N12:Z] TPOS 'S' 255 188 206 16 (-4403696)
2025-08-15 18:28:24:352 [IN ] C8 24 0C 18 25 A5 0C 01 31 03 CF 00 15 25 DD 25 A5 0C 01 31 05 E6 3D 77 00 50 2D 10 00 (29)
                              [N12:Z] MOTOR_I 0 21 (21)
                              [N12:Z] [undefined] 61 119 0 80 (1031209040)
2025-08-15 18:28:24:394 [IN ] C8 24 09 18 25 A5 09 01 31 03 CF 00 00 0D B3 25 A5 09 01 31 05 E6 3D 77 00 00 DA A5 00 (29)
                              [N9:P] MOTOR_I 0 0 (0)
                              [N9:P] [undefined] 61 119 0 0 (1031208960)
2025-08-15 18:28:24:436 [IN ] C8 24 07 0E 25 A5 07 01 31 06 81 53 FF AB 15 15 E7 E2 01 (19)
                              [N7:N] TPOS 'S' 255 171 21 21 (-5565163)
2025-08-15 18:28:24:637 [IN ] C8 24 0C 18 25 A5 0C 01 31 03 CF 00 03 13 CB 25 A5 0C 01 31 05 E6 3D 77 00 50 2D 10 00 C8 24 09 18 25 A5 09 01 31 03 CF 00 00 0D B3 25 A5 09 01 31 05 E6 3D 77 00 00 DA A5 00 C8 24 0C 18 25 A5 
0C 01 31 03 CF 00 05 15 CD 25 A5 0C 01 31 05 E6 3D 77 00 50 2D 10 00 C8 24 09 18 25 A5 09 01 31 03 CF 00 00 0D B3 25 A5 09 01 31 05 E6 3D 77 00 00 DA A5 00 (116)
                              [N12:Z] MOTOR_I 0 3 (3)
                              [N12:Z] [undefined] 61 119 0 80 (1031209040)
                              [N9:P] MOTOR_I 0 0 (0)
                              [N9:P] [undefined] 61 119 0 0 (1031208960)
                              [N12:Z] MOTOR_I 0 5 (5)
                              [N12:Z] [undefined] 61 119 0 80 (1031209040)
                              [N9:P] MOTOR_I 0 0 (0)
                              [N9:P] [undefined] 61 119 0 0 (1031208960)
2025-08-15 18:28:24:838 [IN ] C8 24 0C 18 25 A5 0C 01 31 03 CF 00 08 18 D0 25 A5 0C 01 31 05 E6 3D 77 00 50 2D 10 00 C8 24 09 0E 25 A5 09 01 31 03 CF 00 00 0D B3 25 A5 09 01 C8 24 09 0A 01 31 05 E6 3D 77 00 00 DA A5 B3 C8 
24 0C 18 25 A5 0C 01 31 03 CF 00 0C 1C D4 25 A5 0C 01 31 05 E6 3D 77 00 50 2D 10 00 C8 24 09 15 25 A5 09 01 31 03 CF 00 00 0D B3 25 A5 09 01 31 05 E6 3D 77 00 50 (118)
                              [N12:Z] MOTOR_I 0 8 (8)
                              [N12:Z] [undefined] 61 119 0 80 (1031209040)
                              [N9:P] MOTOR_I 0 0 (0)
                              [N9:P] [undefined] 61 119 0 0 (1031208960)
                              [N12:Z] MOTOR_I 0 12 (12)
                              [N12:Z] [undefined] 61 119 0 80 (1031209040)
                              [N9:P] MOTOR_I 0 0 (0)
2025-08-15 18:28:25:041 [IN ] C8 24 0C 18 25 A5 0C 01 31 03 CF 00 03 13 CB 25 A5 0C 01 31 05 E6 3D 77 00 50 2D 10 00 C8 24 09 1B 00 DA A5 25 A5 09 01 31 03 CF 00 00 0D B3 25 A5 09 01 31 05 E6 3D 77 00 00 DA A5 09 C8 24 0C 
18 25 A5 0C 01 31 03 CF 00 09 19 D1 25 A5 0C 01 31 05 E6 3D 77 00 50 2D 10 00 C8 24 09 18 25 A5 09 01 31 03 CF 00 00 0D B3 25 A5 09 01 31 05 E6 3D 77 00 00 DA A5 00 (119)
                              [N12:Z] MOTOR_I 0 3 (3)
                              [N12:Z] [undefined] 61 119 0 80 (1031209040)
                              [N9:P] [undefined] 61 119 0 0 (1031208960)
                              [N9:P] MOTOR_I 0 0 (0)
                              [N9:P] [undefined] 61 119 0 0 (1031208960)
                              [N12:Z] MOTOR_I 0 9 (9)
                              [N12:Z] [undefined] 61 119 0 80 (1031209040)
                              [N9:P] MOTOR_I 0 0 (0)
                              [N9:P] [undefined] 61 119 0 0 (1031208960)
2025-08-15 18:28:25:242 [IN ] C8 24 0C 18 25 A5 0C 01 31 03 CF 00 09 19 D1 25 A5 0C 01 31 05 E6 3D 77 00 50 2D 10 00 C8 24 09 18 25 A5 09 01 31 03 CF 00 00 0D B3 25 A5 09 01 31 05 E6 3D 77 00 00 DA A5 00 C8 24 0C 0E 25 A5 
0C 01 31 03 CF 00 0B 1B D3 25 A5 0C 01 C8 24 0C 0A 01 31 05 E6 3D 77 00 50 2D 10 D3 C8 24 09 18 25 A5 09 01 31 03 CF 00 00 0D B3 25 A5 09 01 31 05 E6 3D 77 00 00 DA A5 00 C8 24 0C 15 25 A5 0C 
01 31 03 CF 00 02 12 CA 25 A5 0C 01 31 05 E6 3D 77 00 00 (147)
                              [N12:Z] MOTOR_I 0 9 (9)
                              [N12:Z] [undefined] 61 119 0 80 (1031209040)
                              [N9:P] MOTOR_I 0 0 (0)
                              [N9:P] [undefined] 61 119 0 0 (1031208960)
                              [N12:Z] MOTOR_I 0 11 (11)
                              [N12:Z] [undefined] 61 119 0 80 (1031209040)
                              [N9:P] MOTOR_I 0 0 (0)
                              [N9:P] [undefined] 61 119 0 0 (1031208960)
                              [N12:Z] MOTOR_I 0 2 (2)
2025-08-15 18:28:25:445 [IN ] C8 24 09 18 25 A5 09 01 31 03 CF 00 00 0D B3 25 A5 09 01 31 05 E6 3D 77 00 00 DA A5 00 C8 24 0C 1B 50 2D 10 25 A5 0C 01 31 03 CF 00 01 11 C9 25 A5 0C 01 31 05 E6 3D 77 00 50 2D 10 09 C8 24 09 
18 25 A5 09 01 31 03 CF 00 00 0D B3 25 A5 09 01 31 05 E6 3D 77 00 00 DA A5 50 (90)
                              [N9:P] MOTOR_I 0 0 (0)
                              [N9:P] [undefined] 61 119 0 0 (1031208960)
                              [N12:Z] [undefined] 61 119 0 80 (1031209040)
                              [N12:Z] MOTOR_I 0 1 (1)
                              [N12:Z] [undefined] 61 119 0 80 (1031209040)
                              [N9:P] MOTOR_I 0 0 (0)
                              [N9:P] [undefined] 61 119 0 0 (1031208960)
2025-08-15 18:28:25:647 [IN ] C8 24 0C 18 25 A5 0C 01 31 03 CF 00 07 17 CF 25 A5 0C 01 31 05 E6 3D 77 00 50 2D 10 50 C8 24 09 18 25 A5 09 01 31 03 CF 00 00 0D B3 25 A5 09 01 31 05 E6 3D 77 00 00 DA A5 50 C8 24 08 0B 25 A5 
08 01 31 03 81 5A 52 6A C8 25 C8 24 0C 18 25 A5 0C 01 31 03 CF 00 07 17 CF 25 A5 0C 01 31 05 E6 3D 77 00 50 2D 10 50 C8 24 08 0A 25 A5 08 01 31 02 81 49 06 4A CF C8 24 09 18 25 A5 09 01 31 03 
CF 00 00 0D B3 25 A5 09 01 31 05 E6 3D 77 00 00 DA A5 50 C8 24 0C 18 25 A5 0C 01 31 03 CF 00 0F 1F D7 25 A5 0C 01 31 05 E6 3D 77 00 50 2D 10 50 (176)
                              [N12:Z] MOTOR_I 0 7 (7)
                              [N12:Z] [undefined] 61 119 0 80 (1031209040)
                              [N9:P] MOTOR_I 0 0 (0)
                              [N9:P] [undefined] 61 119 0 0 (1031208960)
                              [N8:R] TPOS 'Z' 82 (82)
                              [N12:Z] MOTOR_I 0 7 (7)
                              [N12:Z] [undefined] 61 119 0 80 (1031209040)
                              [N8:R] TPOS 'I'
                              [N9:P] MOTOR_I 0 0 (0)
                              [N9:P] [undefined] 61 119 0 0 (1031208960)
                              [N12:Z] MOTOR_I 0 15 (15)
                              [N12:Z] [undefined] 61 119 0 80 (1031209040)
2025-08-15 18:28:25:850 [IN ] C8 24 09 18 25 A5 09 01 31 03 CF 00 00 0D B3 25 A5 09 01 31 05 E6 3D 77 00 00 DA A5 50 C8 24 0C 18 25 A5 0C 01 31 03 CF 00 09 19 D1 25 A5 0C 01 31 05 E6 3D 77 00 50 2D 10 50 C8 24 09 18 25 A5 
09 01 31 03 CF 00 00 0D B3 25 A5 09 01 31 05 E6 3D 77 00 00 DA A5 50 C8 24 0C 18 25 A5 0C 01 31 03 CF 00 0E 1E D6 25 A5 0C 01 31 05 E6 3D 77 00 50 2D 10 50 (116)
                              [N9:P] MOTOR_I 0 0 (0)
                              [N9:P] [undefined] 61 119 0 0 (1031208960)
                              [N12:Z] MOTOR_I 0 9 (9)
                              [N12:Z] [undefined] 61 119 0 80 (1031209040)
                              [N9:P] MOTOR_I 0 0 (0)
                              [N9:P] [undefined] 61 119 0 0 (1031208960)
                              [N12:Z] MOTOR_I 0 14 (14)
                              [N12:Z] [undefined] 61 119 0 80 (1031209040)
2025-08-15 18:28:25:871 [OUT] 25 A5 01 08 31 03 CA 3D 09 4D 19 (11)
                              [N8:R] RFLAG '=' 9 (9)
2025-08-15 18:28:25:914 [IN ] C8 24 09 18 25 A5 09 01 31 03 CF 00 00 0D B3 25 A5 09 01 31 05 E6 3D 77 00 00 DA A5 50 (29)
                              [N9:P] MOTOR_I 0 0 (0)
                              [N9:P] [undefined] 61 119 0 0 (1031208960)
2025-08-15 18:28:25:956 [IN ] C8 24 0C 18 25 A5 0C 01 31 03 CF 00 03 13 CB 25 A5 0C 01 31 05 E6 3D 77 00 50 (26)
2025-08-15 18:28:25:977 [IN ] 2D 10 50 (3)
                              [N12:Z] MOTOR_I 0 3 (3)
                              [N12:Z] [undefined] 61 119 0 80 (1031209040)
2025-08-15 18:28:25:998 [IN ] C8 24 09 18 25 A5 09 01 31 03 CF 00 00 0D B3 25 A5 09 01 31 05 E6 3D 77 00 00 DA (27)
2025-08-15 18:28:26:019 [IN ] A5 50 (2)
                              [N9:P] MOTOR_I 0 0 (0)
                              [N9:P] [undefined] 61 119 0 0 (1031208960)
2025-08-15 18:28:26:040 [IN ] C8 24 08 0B 25 A5 08 01 31 03 CA 3A 09 4A 1A 25 (16)
                              [N8:R] RFLAG ':' 9 (9)
2025-08-15 18:28:26:061 [OUT] 25 A5 01 08 31 05 81 FF DC 77 1D 2F DE (13)
                              [N8:R] TPOS 255 220 119 29 (-2328803)
2025-08-15 18:28:26:061 [IN ] C8 24 0C 18 25 A5 0C 01 31 03 CF 00 0A 1A D2 25 A5 0C 01 31 05 E6 3D 77 00 50 2D 10 50 (29)
                              [N12:Z] MOTOR_I 0 10 (10)
                              [N12:Z] [undefined] 61 119 0 80 (1031209040)
2025-08-15 18:28:26:104 [IN ] C8 24 09 18 25 A5 09 01 31 03 CF 00 00 0D B3 25 A5 09 01 31 05 E6 3D 77 00 00 DA A5 50 (29)
                              [N9:P] MOTOR_I 0 0 (0)
                              [N9:P] [undefined] 61 119 0 0 (1031208960)
2025-08-15 18:28:26:166 [IN ] C8 24 0C 18 25 A5 0C 01 31 03 CF 00 08 18 D0 25 A5 0C 01 31 05 E6 3D 77 00 50 2D 10 50 (29)
                              [N12:Z] MOTOR_I 0 8 (8)
                              [N12:Z] [undefined] 61 119 0 80 (1031209040)
2025-08-15 18:28:26:208 [IN ] C8 24 09 18 25 A5 09 01 31 03 CF 00 00 0D B3 25 A5 09 01 31 05 E6 3D 77 00 00 DA A5 50 (29)
                              [N9:P] MOTOR_I 0 0 (0)
                              [N9:P] [undefined] 61 119 0 0 (1031208960)
2025-08-15 18:28:26:250 [IN ] C8 24 08 0E 25 A5 08 01 31 06 81 53 FF FF FF FC 0D A3 01 C8 24 0C 18 25 A5 0C (26)
                              [N8:R] TPOS 'S' 255 255 255 252 (-4)
2025-08-15 18:28:26:451 [IN ] 01 31 03 CF 00 00 10 C8 25 A5 0C 01 31 05 E6 3D 77 00 50 2D 10 50 C8 24 09 18 25 A5 09 01 31 03 CF 00 00 0D B3 25 A5 09 01 31 05 E6 3D 77 00 00 DA A5 50 C8 24 0C 18 25 A5 0C 01 31 03 CF 00 07 
17 CF 25 A5 0C 01 31 05 E6 3D 77 00 50 2D 10 50 C8 24 09 18 25 A5 09 01 31 03 CF 00 00 0D B3 25 A5 09 01 31 05 E6 3D 77 00 00 DA A5 50 (109)
                              [N12:Z] MOTOR_I 0 0 (0)
                              [N12:Z] [undefined] 61 119 0 80 (1031209040)
                              [N9:P] MOTOR_I 0 0 (0)
                              [N9:P] [undefined] 61 119 0 0 (1031208960)
                              [N12:Z] MOTOR_I 0 7 (7)
                              [N12:Z] [undefined] 61 119 0 80 (1031209040)
                              [N9:P] MOTOR_I 0 0 (0)
                              [N9:P] [undefined] 61 119 0 0 (1031208960)
2025-08-15 18:28:26:653 [IN ] C8 24 0C 18 25 A5 0C 01 31 03 CF 00 0F 1F D7 25 A5 0C 01 31 05 E6 3D 77 00 50 2D 10 50 C8 24 09 0E 25 A5 09 01 31 03 CF 00 00 0D B3 25 A5 09 01 C8 24 09 0A 01 31 05 E6 3D 77 00 00 DA A5 B3 C8 
24 0C 18 25 A5 0C 01 31 03 CF 00 14 24 DC 25 A5 0C 01 31 05 E6 3D 77 00 50 2D 10 50 C8 24 09 15 25 A5 09 01 31 03 CF 00 00 0D B3 25 A5 09 01 31 05 E6 3D 77 00 50 (118)
                              [N12:Z] MOTOR_I 0 15 (15)
                              [N12:Z] [undefined] 61 119 0 80 (1031209040)
                              [N9:P] MOTOR_I 0 0 (0)
                              [N9:P] [undefined] 61 119 0 0 (1031208960)
                              [N12:Z] MOTOR_I 0 20 (20)
                              [N12:Z] [undefined] 61 119 0 80 (1031209040)
                              [N9:P] MOTOR_I 0 0 (0)
2025-08-15 18:28:26:857 [IN ] C8 24 0C 18 25 A5 0C 01 31 03 CF 00 10 20 D8 25 A5 0C 01 31 05 E6 3D 77 00 50 2D 10 50 C8 24 09 1B 00 DA A5 25 A5 09 01 31 03 CF 00 00 0D B3 25 A5 09 01 31 05 E6 3D 77 00 00 DA A5 09 C8 24 0C 
18 25 A5 0C 01 31 03 CF 00 02 12 CA 25 A5 0C 01 31 05 E6 3D 77 00 50 2D 10 00 C8 24 09 18 25 A5 09 01 31 03 CF 00 00 0D B3 25 A5 09 01 31 05 E6 3D 77 00 00 DA A5 00 (119)
                              [N12:Z] MOTOR_I 0 16 (16)
                              [N12:Z] [undefined] 61 119 0 80 (1031209040)
                              [N9:P] [undefined] 61 119 0 0 (1031208960)
                              [N9:P] MOTOR_I 0 0 (0)
                              [N9:P] [undefined] 61 119 0 0 (1031208960)
                              [N12:Z] MOTOR_I 0 2 (2)
                              [N12:Z] [undefined] 61 119 0 80 (1031209040)
                              [N9:P] MOTOR_I 0 0 (0)
                              [N9:P] [undefined] 61 119 0 0 (1031208960)
2025-08-15 18:28:27:058 [IN ] C8 24 0C 18 25 A5 0C 01 31 03 CF 00 04 14 CC 25 A5 0C 01 31 05 E6 3D 77 00 50 2D 10 00 C8 24 09 18 25 A5 09 01 31 03 CF 00 00 0D B3 25 A5 09 01 31 05 E6 3D 77 00 00 DA A5 00 C8 24 0C 0E 25 A5 
0C 01 31 03 CF 00 0D 1D D5 25 A5 0C 01 C8 24 0C 0A 01 31 05 E6 3D 77 00 50 2D 10 D5 C8 24 09 18 25 A5 09 01 31 03 CF 00 00 0D B3 25 A5 09 01 31 05 E6 3D 77 00 00 DA A5 00 C8 24 0C 15 25 A5 0C 
01 31 03 CF 00 04 14 CC 25 A5 0C 01 31 05 E6 3D 77 00 00 (147)
                              [N12:Z] MOTOR_I 0 4 (4)
                              [N12:Z] [undefined] 61 119 0 80 (1031209040)
                              [N9:P] MOTOR_I 0 0 (0)
                              [N9:P] [undefined] 61 119 0 0 (1031208960)
                              [N12:Z] MOTOR_I 0 13 (13)
                              [N12:Z] [undefined] 61 119 0 80 (1031209040)
                              [N9:P] MOTOR_I 0 0 (0)
                              [N9:P] [undefined] 61 119 0 0 (1031208960)
                              [N12:Z] MOTOR_I 0 4 (4)
2025-08-15 18:28:27:262 [IN ] C8 24 09 18 25 A5 09 01 31 03 CF 00 00 0D B3 25 A5 09 01 31 05 E6 3D 77 00 00 DA A5 00 C8 24 0C 1B 50 2D 10 25 A5 0C 01 31 03 CF 00 09 19 D1 25 A5 0C 01 31 05 E6 3D 77 00 50 2D 10 09 C8 24 09 
18 25 A5 09 01 31 03 CF 00 00 0D B3 25 A5 09 01 31 05 E6 3D 77 00 00 DA A5 50 C8 24 0C 18 25 A5 0C 01 31 03 CF 00 0D 1D D5 25 A5 0C 01 31 05 E6 3D 77 00 50 2D 10 50 (119)
                              [N9:P] MOTOR_I 0 0 (0)
                              [N9:P] [undefined] 61 119 0 0 (1031208960)
                              [N12:Z] [undefined] 61 119 0 80 (1031209040)
                              [N12:Z] MOTOR_I 0 9 (9)
                              [N12:Z] [undefined] 61 119 0 80 (1031209040)
                              [N9:P] MOTOR_I 0 0 (0)
                              [N9:P] [undefined] 61 119 0 0 (1031208960)
                              [N12:Z] MOTOR_I 0 13 (13)
                              [N12:Z] [undefined] 61 119 0 80 (1031209040)
2025-08-15 18:28:27:464 [IN ] C8 24 09 18 25 A5 09 01 31 03 CF 00 00 0D B3 25 A5 09 01 31 05 E6 3D 77 00 00 DA A5 50 C8 24 0C 18 25 A5 0C 01 31 03 CF 00 0D 1D D5 25 A5 0C 01 31 05 E6 3D 77 00 50 2D 10 50 C8 24 09 18 25 A5 
09 01 31 03 CF 00 00 0D B3 25 A5 09 01 31 05 E6 3D 77 00 00 DA A5 50 C8 24 0C 18 25 A5 0C 01 31 03 CF 00 07 17 CF 25 A5 0C 01 31 05 E6 3D 77 00 50 2D 10 50 (116)
                              [N9:P] MOTOR_I 0 0 (0)
                              [N9:P] [undefined] 61 119 0 0 (1031208960)
                              [N12:Z] MOTOR_I 0 13 (13)
                              [N12:Z] [undefined] 61 119 0 80 (1031209040)
                              [N9:P] MOTOR_I 0 0 (0)
                              [N9:P] [undefined] 61 119 0 0 (1031208960)
                              [N12:Z] MOTOR_I 0 7 (7)
                              [N12:Z] [undefined] 61 119 0 80 (1031209040)
2025-08-15 18:28:27:665 [IN ] C8 24 09 18 25 A5 09 01 31 03 CF 00 00 0D B3 25 A5 09 01 31 05 E6 3D 77 00 00 DA A5 50 C8 24 0C 18 25 A5 0C 01 31 03 CF 00 05 15 CD 25 A5 0C 01 31 05 E6 3D 77 00 50 2D 10 50 C8 24 09 18 25 A5 
09 01 31 03 CF 00 00 0D B3 25 A5 09 01 31 05 E6 3D 77 00 00 DA A5 50 (87)
                              [N9:P] MOTOR_I 0 0 (0)
                              [N9:P] [undefined] 61 119 0 0 (1031208960)
                              [N12:Z] MOTOR_I 0 5 (5)
                              [N12:Z] [undefined] 61 119 0 80 (1031209040)
                              [N9:P] MOTOR_I 0 0 (0)
                              [N9:P] [undefined] 61 119 0 0 (1031208960)
2025-08-15 18:28:27:866 [IN ] C8 24 0C 18 25 A5 0C 01 31 03 CF 00 09 19 D1 25 A5 0C 01 31 05 E6 3D 77 00 50 2D 10 50 C8 24 09 18 25 A5 09 01 31 03 CF 00 00 0D B3 25 A5 09 01 31 05 E6 3D 77 00 00 DA A5 50 C8 24 0C 18 25 A5 
0C 01 31 03 CF 00 02 12 CA 25 A5 0C 01 31 05 E6 3D 77 00 50 2D 10 50 C8 24 09 18 25 A5 09 01 31 03 CF 00 00 0D B3 25 A5 09 01 31 05 E6 3D 77 00 00 DA A5 50 C8 24 0C 18 25 A5 0C 01 31 03 CF 00 
07 17 CF 25 A5 0C 01 31 05 E6 3D 77 00 50 2D 10 50 (145)
                              [N12:Z] MOTOR_I 0 9 (9)
                              [N12:Z] [undefined] 61 119 0 80 (1031209040)
                              [N9:P] MOTOR_I 0 0 (0)
                              [N9:P] [undefined] 61 119 0 0 (1031208960)
                              [N12:Z] MOTOR_I 0 2 (2)
                              [N12:Z] [undefined] 61 119 0 80 (1031209040)
                              [N9:P] MOTOR_I 0 0 (0)
                              [N9:P] [undefined] 61 119 0 0 (1031208960)
                              [N12:Z] MOTOR_I 0 7 (7)
                              [N12:Z] [undefined] 61 119 0 80 (1031209040)
2025-08-15 18:28:28:068 [IN ] C8 24 09 18 25 A5 09 01 31 03 CF 00 00 0D B3 25 A5 09 01 31 05 E6 3D 77 00 00 DA A5 50 C8 24 0C 18 25 A5 0C 01 31 03 CF 00 03 13 CB 25 A5 0C 01 31 05 E6 3D 77 00 50 2D 10 50 C8 24 09 18 25 A5 
09 01 31 03 CF 00 00 0D B3 25 A5 09 01 31 05 E6 3D 77 00 00 DA A5 50 C8 24 0C 18 25 A5 0C 01 31 03 CF 00 0C 1C D4 25 A5 0C 01 31 05 E6 3D 77 00 50 2D 10 50 (116)
                              [N9:P] MOTOR_I 0 0 (0)
                              [N9:P] [undefined] 61 119 0 0 (1031208960)
                              [N12:Z] MOTOR_I 0 3 (3)
                              [N12:Z] [undefined] 61 119 0 80 (1031209040)
                              [N9:P] MOTOR_I 0 0 (0)
                              [N9:P] [undefined] 61 119 0 0 (1031208960)
                              [N12:Z] MOTOR_I 0 12 (12)
                              [N12:Z] [undefined] 61 119 0 80 (1031209040)
2025-08-15 18:28:28:269 [IN ] C8 24 09 18 25 A5 09 01 31 03 CF 00 00 0D B3 25 A5 09 01 31 05 E6 3D 77 00 00 DA A5 50 C8 24 0C 18 25 A5 0C 01 31 03 CF 00 03 13 CB 25 A5 0C 01 31 05 E6 3D 77 00 50 2D 10 50 C8 24 09 18 25 A5 
09 01 31 03 CF 00 00 0D B3 25 A5 09 01 31 05 E6 3D 77 00 00 DA A5 50 (87)
                              [N9:P] MOTOR_I 0 0 (0)
                              [N9:P] [undefined] 61 119 0 0 (1031208960)
                              [N12:Z] MOTOR_I 0 3 (3)
                              [N12:Z] [undefined] 61 119 0 80 (1031209040)
                              [N9:P] MOTOR_I 0 0 (0)
                              [N9:P] [undefined] 61 119 0 0 (1031208960)
2025-08-15 18:28:28:472 [IN ] C8 24 0C 18 25 A5 0C 01 31 03 CF 00 06 16 CE 25 A5 0C 01 31 05 E6 3D 77 00 50 2D 10 50 C8 24 09 0E 25 A5 09 01 31 03 CF 00 00 0D B3 25 A5 09 01 C8 24 09 0A 01 31 05 E6 3D 77 00 00 DA A5 B3 C8 
24 05 0B 25 A5 05 01 31 03 81 5A 4C 61 AD 25 C8 24 0C 18 25 A5 0C 01 31 03 CF 00 02 12 CA 25 A5 0C 01 31 05 E6 3D 77 00 50 2D 10 50 C8 24 05 0A 25 A5 05 01 31 02 81 49 03 38 CA C8 24 09 15 25 
A5 09 01 31 03 CF 00 00 0D B3 25 A5 09 01 31 05 E6 3D 77 00 50 (149)
                              [N12:Z] MOTOR_I 0 6 (6)
                              [N12:Z] [undefined] 61 119 0 80 (1031209040)
                              [N9:P] MOTOR_I 0 0 (0)
                              [N9:P] [undefined] 61 119 0 0 (1031208960)
                              [N5:V] TPOS 'Z' 76 (76)
                              [N12:Z] MOTOR_I 0 2 (2)
                              [N12:Z] [undefined] 61 119 0 80 (1031209040)
                              [N5:V] TPOS 'I'
                              [N9:P] MOTOR_I 0 0 (0)
2025-08-15 18:28:28:675 [IN ] C8 24 0C 18 25 A5 0C 01 31 03 CF 00 0C 1C D4 25 A5 0C 01 31 05 E6 3D 77 00 50 2D 10 50 C8 24 09 1B 00 DA A5 25 A5 09 01 31 03 CF 00 00 0D B3 25 A5 09 01 31 05 E6 3D 77 00 00 DA A5 09 C8 24 0C 
18 25 A5 0C 01 31 03 CF 00 0D 1D D5 25 A5 0C 01 31 05 E6 3D 77 00 50 2D 10 00 C8 24 09 18 25 A5 09 01 31 03 CF 00 00 0D B3 25 A5 09 01 31 05 E6 3D 77 00 00 DA A5 00 C8 24 0C 18 25 A5 0C 01 31 
03 CF 00 03 13 CB 25 A5 0C 01 31 05 E6 3D 77 00 50 2D 10 00 (148)
                              [N12:Z] MOTOR_I 0 12 (12)
                              [N12:Z] [undefined] 61 119 0 80 (1031209040)
                              [N9:P] [undefined] 61 119 0 0 (1031208960)
                              [N9:P] MOTOR_I 0 0 (0)
                              [N9:P] [undefined] 61 119 0 0 (1031208960)
                              [N12:Z] MOTOR_I 0 13 (13)
                              [N12:Z] [undefined] 61 119 0 80 (1031209040)
                              [N9:P] MOTOR_I 0 0 (0)
                              [N9:P] [undefined] 61 119 0 0 (1031208960)
                              [N12:Z] MOTOR_I 0 3 (3)
                              [N12:Z] [undefined] 61 119 0 80 (1031209040)
2025-08-15 18:28:28:696 [OUT] 25 A5 01 05 31 03 C9 3D 09 49 04 (11)
                              [N5:V] LFLAG '=' 9 (9)
2025-08-15 18:28:28:718 [IN ] C8 24 09 18 25 A5 09 01 31 03 CF 00 00 0D B3 25 A5 09 01 31 05 E6 3D 77 00 00 DA A5 00 (29)
                              [N9:P] MOTOR_I 0 0 (0)
                              [N9:P] [undefined] 61 119 0 0 (1031208960)
2025-08-15 18:28:28:781 [IN ] C8 24 0C 0E 25 A5 0C 01 31 03 CF 00 09 19 D1 25 A5 0C 01 (19)
                              [N12:Z] MOTOR_I 0 9 (9)
2025-08-15 18:28:28:802 [IN ] C8 24 0C 0A 01 31 05 E6 3D 77 00 50 2D 10 D1 (15)
                              [N12:Z] [undefined] 61 119 0 80 (1031209040)
2025-08-15 18:28:28:823 [IN ] C8 24 09 18 25 A5 09 01 31 03 CF 00 00 0D B3 25 A5 09 01 31 05 E6 3D 77 00 00 DA A5 00 (29)
                              [N9:P] MOTOR_I 0 0 (0)
                              [N9:P] [undefined] 61 119 0 0 (1031208960)
2025-08-15 18:28:28:865 [IN ] C8 24 05 0B (4)
2025-08-15 18:28:28:886 [IN ] 25 A5 05 01 31 03 C9 3A 09 46 02 25 C8 24 0C 15 25 A5 0C 01 31 03 CF 00 06 16 CE 25 A5 0C 01 31 05 E6 3D 77 00 00 (38)
                              [N5:V] LFLAG ':' 9 (9)
                              [N12:Z] MOTOR_I 0 6 (6)
2025-08-15 18:28:28:907 [OUT] 25 A5 01 05 31 03 84 00 50 0E 02 (11)
                              [N5:V] VEL 0 80 (80)
2025-08-15 18:28:28:929 [IN ] C8 24 09 18 25 A5 09 01 31 03 CF 00 00 0D B3 25 A5 09 01 31 05 E6 3D 77 00 00 DA A5 00 (29)
                              [N9:P] MOTOR_I 0 0 (0)
                              [N9:P] [undefined] 61 119 0 0 (1031208960)
2025-08-15 18:28:28:971 [IN ] C8 24 0C 1B 50 2D 10 25 A5 0C 01 31 03 CF 00 06 16 CE 25 A5 0C 01 31 05 E6 3D 77 00 50 2D 10 09 (32)
                              [N12:Z] [undefined] 61 119 0 80 (1031209040)
                              [N12:Z] MOTOR_I 0 6 (6)
                              [N12:Z] [undefined] 61 119 0 80 (1031209040)
2025-08-15 18:28:29:013 [IN ] C8 24 09 18 25 A5 09 01 31 03 CF 00 00 0D B3 25 A5 09 01 31 05 E6 3D 77 00 00 DA A5 50 (29)
                              [N9:P] MOTOR_I 0 0 (0)
                              [N9:P] [undefined] 61 119 0 0 (1031208960)
2025-08-15 18:28:29:076 [IN ] C8 24 05 0C 25 A5 05 01 31 04 84 53 00 50 62 C2 A5 C8 24 0C 18 25 A5 0C 01 31 03 CF 00 06 16 CE 25 A5 0C 01 31 05 E6 3D 77 00 50 2D 10 50 (46)
                              [N5:V] VEL 'S' 0 80 (80)
                              [N12:Z] MOTOR_I 0 6 (6)
                              [N12:Z] [undefined] 61 119 0 80 (1031209040)
2025-08-15 18:28:29:097 [OUT] 25 A5 01 05 31 05 81 00 19 82 3C 94 B6 (13)
                              [N5:V] TPOS 0 25 130 60 (1671740)
2025-08-15 18:28:29:140 [IN ] C8 24 09 18 25 A5 09 01 31 03 CF 00 00 0D B3 25 A5 09 01 31 05 E6 3D 77 00 00 DA A5 50 (29)
                              [N9:P] MOTOR_I 0 0 (0)
                              [N9:P] [undefined] 61 119 0 0 (1031208960)
2025-08-15 18:28:29:182 [IN ] C8 24 0C 18 25 A5 0C 01 31 03 CF 00 05 15 CD 25 A5 0C 01 31 05 E6 3D 77 00 50 2D 10 50 (29)
                              [N12:Z] MOTOR_I 0 5 (5)
                              [N12:Z] [undefined] 61 119 0 80 (1031209040)
2025-08-15 18:28:29:224 [IN ] C8 24 09 18 25 A5 09 01 31 03 CF 00 00 0D B3 25 A5 09 01 31 05 E6 3D 77 00 00 DA A5 50 (29)
                              [N9:P] MOTOR_I 0 0 (0)
                              [N9:P] [undefined] 61 119 0 0 (1031208960)
2025-08-15 18:28:29:266 [IN ] C8 24 05 0E 25 A5 05 01 31 06 81 53 00 00 00 00 11 92 01 C8 24 0C 18 25 A5 0C 01 31 03 CF 00 03 13 CB 25 A5 0C 01 31 05 (40)
                              [N5:V] TPOS 'S' 0 0 0 0 (0)
2025-08-15 18:28:29:467 [IN ] E6 3D 77 00 50 2D 10 50 C8 24 09 18 25 A5 09 01 31 03 CF 00 00 0D B3 25 A5 09 01 31 05 E6 3D 77 00 00 DA A5 50 C8 24 0C 18 25 A5 0C 01 31 03 CF 00 06 16 CE 25 A5 0C 01 31 05 E6 3D 77 00 50 2D 
10 50 C8 24 09 18 25 A5 09 01 31 03 CF 00 00 0D B3 25 A5 09 01 31 05 E6 3D 77 00 00 DA A5 50 (95)
                              [N12:Z] MOTOR_I 0 3 (3)
                              [N12:Z] [undefined] 61 119 0 80 (1031209040)
                              [N9:P] MOTOR_I 0 0 (0)
                              [N9:P] [undefined] 61 119 0 0 (1031208960)
                              [N12:Z] MOTOR_I 0 6 (6)
                              [N12:Z] [undefined] 61 119 0 80 (1031209040)
                              [N9:P] MOTOR_I 0 0 (0)
                              [N9:P] [undefined] 61 119 0 0 (1031208960)
2025-08-15 18:28:29:669 [IN ] C8 24 0C 18 25 A5 0C 01 31 03 CF 00 02 12 CA 25 A5 0C 01 31 05 E6 3D 77 00 50 2D 10 50 C8 24 09 18 25 A5 09 01 31 03 CF 00 00 0D B3 25 A5 09 01 31 05 E6 3D 77 00 00 DA A5 50 C8 24 0C 18 25 A5 
0C 01 31 03 CF 00 00 10 C8 25 A5 0C 01 31 05 E6 3D 77 00 50 2D 10 50 C8 24 09 18 25 A5 09 01 31 03 CF 00 00 0D B3 25 A5 09 01 31 05 E6 3D 77 00 00 DA A5 50 (116)
                              [N12:Z] MOTOR_I 0 2 (2)
                              [N12:Z] [undefined] 61 119 0 80 (1031209040)
                              [N9:P] MOTOR_I 0 0 (0)
                              [N9:P] [undefined] 61 119 0 0 (1031208960)
                              [N12:Z] MOTOR_I 0 0 (0)
                              [N12:Z] [undefined] 61 119 0 80 (1031209040)
                              [N9:P] MOTOR_I 0 0 (0)
                              [N9:P] [undefined] 61 119 0 0 (1031208960)
2025-08-15 18:28:29:870 [IN ] C8 24 0C 18 25 A5 0C 01 31 03 CF 00 00 10 C8 25 A5 0C 01 31 05 E6 3D 77 00 50 2D 10 50 C8 24 09 18 25 A5 09 01 31 03 CF 00 00 0D B3 25 A5 09 01 31 05 E6 3D 77 00 00 DA A5 50 C8 24 0C 18 25 A5 
0C 01 31 03 CF 00 01 11 C9 25 A5 0C 01 31 05 E6 3D 77 00 50 2D 10 50 C8 24 09 18 25 A5 09 01 31 03 CF 00 00 0D B3 25 A5 09 01 31 05 E6 3D 77 00 00 DA A5 50 (116)
                              [N12:Z] MOTOR_I 0 0 (0)
                              [N12:Z] [undefined] 61 119 0 80 (1031209040)
                              [N9:P] MOTOR_I 0 0 (0)
                              [N9:P] [undefined] 61 119 0 0 (1031208960)
                              [N12:Z] MOTOR_I 0 1 (1)
                              [N12:Z] [undefined] 61 119 0 80 (1031209040)
                              [N9:P] MOTOR_I 0 0 (0)
                              [N9:P] [undefined] 61 119 0 0 (1031208960)
2025-08-15 18:28:30:072 [IN ] C8 24 0C 18 25 A5 0C 01 31 03 CF 00 04 14 CC 25 A5 0C 01 31 05 E6 3D 77 00 50 2D 10 50 C8 24 09 18 25 A5 09 01 31 03 CF 00 00 0D B3 25 A5 09 01 31 05 E6 3D 77 00 00 DA A5 50 C8 24 0C 18 25 A5 
0C 01 31 03 CF 00 04 14 CC 25 A5 0C 01 31 05 E6 3D 77 00 50 2D 10 50 C8 24 09 18 25 A5 09 01 31 03 CF 00 00 0D B3 25 A5 09 01 31 05 E6 3D 77 00 00 DA A5 50 (116)
                              [N12:Z] MOTOR_I 0 4 (4)
                              [N12:Z] [undefined] 61 119 0 80 (1031209040)
                              [N9:P] MOTOR_I 0 0 (0)
                              [N9:P] [undefined] 61 119 0 0 (1031208960)
                              [N12:Z] MOTOR_I 0 4 (4)
                              [N12:Z] [undefined] 61 119 0 80 (1031209040)
                              [N9:P] MOTOR_I 0 0 (0)
                              [N9:P] [undefined] 61 119 0 0 (1031208960)
2025-08-15 18:28:30:273 [IN ] C8 24 0C 18 25 A5 0C 01 31 03 CF 00 05 15 CD 25 A5 0C 01 31 05 E6 3D 77 00 50 2D 10 50 C8 24 09 0E 25 A5 09 01 31 03 CF 00 00 0D B3 25 A5 09 01 C8 24 09 0A 01 31 05 E6 3D 77 00 00 DA A5 B3 C8 
24 0C 18 25 A5 0C 01 31 03 CF 00 00 10 C8 25 A5 0C 01 31 05 E6 3D 77 00 50 2D 10 50 C8 24 09 15 25 A5 09 01 31 03 CF 00 00 0D B3 25 A5 09 01 31 05 E6 3D 77 00 50 (118)
                              [N12:Z] MOTOR_I 0 5 (5)
                              [N12:Z] [undefined] 61 119 0 80 (1031209040)
                              [N9:P] MOTOR_I 0 0 (0)
                              [N9:P] [undefined] 61 119 0 0 (1031208960)
                              [N12:Z] MOTOR_I 0 0 (0)
                              [N12:Z] [undefined] 61 119 0 80 (1031209040)
                              [N9:P] MOTOR_I 0 0 (0)
2025-08-15 18:28:30:477 [IN ] C8 24 0C 18 25 A5 0C 01 31 03 CF 00 0F 1F D7 25 A5 0C 01 31 05 E6 3D 77 00 50 2D 10 50 C8 24 09 1B 00 DA A5 25 A5 09 01 31 03 CF 00 00 0D B3 25 A5 09 01 31 05 E6 3D 77 00 00 DA A5 09 C8 24 0C 
18 25 A5 0C 01 31 03 CF 00 09 19 D1 25 A5 0C 01 31 05 E6 3D 77 00 50 2D 10 00 C8 24 09 18 25 A5 09 01 31 03 CF 00 00 0D B3 25 A5 09 01 31 05 E6 3D 77 00 00 DA A5 00 (119)
                              [N12:Z] MOTOR_I 0 15 (15)
                              [N12:Z] [undefined] 61 119 0 80 (1031209040)
                              [N9:P] [undefined] 61 119 0 0 (1031208960)
                              [N9:P] MOTOR_I 0 0 (0)
                              [N9:P] [undefined] 61 119 0 0 (1031208960)
                              [N12:Z] MOTOR_I 0 9 (9)
                              [N12:Z] [undefined] 61 119 0 80 (1031209040)
                              [N9:P] MOTOR_I 0 0 (0)
                              [N9:P] [undefined] 61 119 0 0 (1031208960)
2025-08-15 18:28:30:679 [IN ] C8 24 0C 18 25 A5 0C 01 31 03 CF 00 00 10 C8 25 A5 0C 01 31 05 E6 3D 77 00 50 2D 10 00 C8 24 09 18 25 A5 09 01 31 03 CF 00 00 0D B3 25 A5 09 01 31 05 E6 3D 77 00 00 DA A5 00 C8 24 0C 0E 25 A5 
0C 01 31 03 CF 00 0A 1A D2 25 A5 0C 01 C8 24 0C 0A 01 31 05 E6 3D 77 00 50 2D 10 D2 C8 24 09 18 25 A5 09 01 31 03 CF 00 00 0D B3 25 A5 09 01 31 05 E6 3D 77 00 00 DA A5 00 C8 24 0C 15 25 (126)
                              [N12:Z] MOTOR_I 0 0 (0)
                              [N12:Z] [undefined] 61 119 0 80 (1031209040)
                              [N9:P] MOTOR_I 0 0 (0)
                              [N9:P] [undefined] 61 119 0 0 (1031208960)
                              [N12:Z] MOTOR_I 0 10 (10)
                              [N12:Z] [undefined] 61 119 0 80 (1031209040)
                              [N9:P] MOTOR_I 0 0 (0)
                              [N9:P] [undefined] 61 119 0 0 (1031208960)
2025-08-15 18:28:30:881 [IN ] A5 0C 01 31 03 CF 00 08 18 D0 25 A5 0C 01 31 05 E6 3D 77 00 00 C8 24 09 18 25 A5 09 01 31 03 CF 00 00 0D B3 25 A5 09 01 31 05 E6 3D 77 00 00 DA A5 00 C8 24 0C 1B 50 2D 10 25 A5 0C 01 31 03 CF 
00 01 11 C9 25 A5 0C 01 31 05 E6 3D 77 00 50 2D 10 09 C8 24 09 18 25 A5 09 01 31 03 CF 00 00 0D B3 25 A5 09 01 31 05 E6 3D 77 00 00 DA A5 50 C8 24 0C 18 25 A5 0C 01 31 03 CF 00 08 18 D0 25 A5 
0C 01 31 05 E6 3D 77 00 50 2D 10 50 (140)
                              [N12:Z] MOTOR_I 0 8 (8)
                              [N9:P] MOTOR_I 0 0 (0)
                              [N9:P] [undefined] 61 119 0 0 (1031208960)
                              [N12:Z] [undefined] 61 119 0 80 (1031209040)
                              [N12:Z] MOTOR_I 0 1 (1)
                              [N12:Z] [undefined] 61 119 0 80 (1031209040)
                              [N9:P] MOTOR_I 0 0 (0)
                              [N9:P] [undefined] 61 119 0 0 (1031208960)
                              [N12:Z] MOTOR_I 0 8 (8)
                              [N12:Z] [undefined] 61 119 0 80 (1031209040)
2025-08-15 18:28:31:083 [IN ] C8 24 09 18 25 A5 09 01 31 03 CF 00 00 0D B3 25 A5 09 01 31 05 E6 3D 77 00 00 DA A5 50 C8 24 0C 18 25 A5 0C 01 31 03 CF 00 03 13 CB 25 A5 0C 01 31 05 E6 3D 77 00 50 2D 10 50 C8 24 09 18 25 A5 
09 01 31 03 CF 00 00 0D B3 25 A5 09 01 31 05 E6 3D 77 00 00 DA A5 50 (87)
                              [N9:P] MOTOR_I 0 0 (0)
                              [N9:P] [undefined] 61 119 0 0 (1031208960)
                              [N12:Z] MOTOR_I 0 3 (3)
                              [N12:Z] [undefined] 61 119 0 80 (1031209040)
                              [N9:P] MOTOR_I 0 0 (0)
                              [N9:P] [undefined] 61 119 0 0 (1031208960)
2025-08-15 18:28:31:285 [IN ] C8 24 0C 18 25 A5 0C 01 31 03 CF 00 04 14 CC 25 A5 0C 01 31 05 E6 3D 77 00 50 2D 10 50 C8 24 09 18 25 A5 09 01 31 03 CF 00 00 0D B3 25 A5 09 01 31 05 E6 3D 77 00 00 DA A5 50 C8 24 0C 18 25 A5 
0C 01 31 03 CF 00 03 13 CB 25 A5 0C 01 31 05 E6 3D 77 00 50 2D 10 50 C8 24 09 18 25 A5 09 01 31 03 CF 00 00 0D B3 25 A5 09 01 31 05 E6 3D 77 00 00 DA A5 50 (116)
                              [N12:Z] MOTOR_I 0 4 (4)
                              [N12:Z] [undefined] 61 119 0 80 (1031209040)
                              [N9:P] MOTOR_I 0 0 (0)
                              [N9:P] [undefined] 61 119 0 0 (1031208960)
                              [N12:Z] MOTOR_I 0 3 (3)
                              [N12:Z] [undefined] 61 119 0 80 (1031209040)
                              [N9:P] MOTOR_I 0 0 (0)
                              [N9:P] [undefined] 61 119 0 0 (1031208960)
2025-08-15 18:28:31:486 [IN ] C8 24 0C 18 25 A5 0C 01 31 03 CF 00 09 19 D1 25 A5 0C 01 31 05 E6 3D 77 00 50 2D 10 50 C8 24 09 18 25 A5 09 01 31 03 CF 00 00 0D B3 25 A5 09 01 31 05 E6 3D 77 00 00 DA A5 50 C8 24 0C 18 25 A5 
0C 01 31 03 CF 00 01 11 C9 25 A5 0C 01 31 05 E6 3D 77 00 50 2D 10 50 C8 24 09 18 25 A5 09 01 31 03 CF 00 00 0D B3 25 A5 09 01 31 05 E6 3D 77 00 00 DA A5 50 (116)
                              [N12:Z] MOTOR_I 0 9 (9)
                              [N12:Z] [undefined] 61 119 0 80 (1031209040)
                              [N9:P] MOTOR_I 0 0 (0)
                              [N9:P] [undefined] 61 119 0 0 (1031208960)
                              [N12:Z] MOTOR_I 0 1 (1)
                              [N12:Z] [undefined] 61 119 0 80 (1031209040)
                              [N9:P] MOTOR_I 0 0 (0)
                              [N9:P] [undefined] 61 119 0 0 (1031208960)
2025-08-15 18:28:31:687 [IN ] C8 24 0C 18 25 A5 0C 01 31 03 CF 00 00 10 C8 25 A5 0C 01 31 05 E6 3D 77 00 00 DD C0 50 C8 24 0C 0E 25 A5 0C 01 31 06 81 45 FF D1 1D D9 D0 14 01 C8 24 09 18 25 A5 09 01 31 03 CF 00 00 0D B3 25 
A5 09 01 31 05 E6 3D 77 00 00 DA A5 50 C8 24 0C 18 25 A5 0C 01 31 03 CF 00 00 10 C8 25 A5 0C 01 31 05 E6 3D 77 00 00 DD C0 50 C8 24 09 18 25 A5 09 01 31 03 CF 00 00 0D B3 25 A5 09 01 31 05 E6 
3D 77 00 00 DA A5 50 (135)
                              [N12:Z] MOTOR_I 0 0 (0)
                              [N12:Z] [undefined] 61 119 0 0 (1031208960)
                              [N12:Z] TPOS 'E' 255 209 29 217 (-3072551)
                              [N9:P] MOTOR_I 0 0 (0)
                              [N9:P] [undefined] 61 119 0 0 (1031208960)
                              [N12:Z] MOTOR_I 0 0 (0)
                              [N12:Z] [undefined] 61 119 0 0 (1031208960)
                              [N9:P] MOTOR_I 0 0 (0)
                              [N9:P] [undefined] 61 119 0 0 (1031208960)
2025-08-15 18:28:31:889 [IN ] C8 24 0C 18 25 A5 0C 01 31 03 CF 00 00 10 C8 25 A5 0C 01 31 05 E6 3D 77 00 00 DD C0 50 C8 24 09 18 25 A5 09 01 31 03 CF 00 00 0D B3 25 A5 09 01 31 05 E6 3D 77 00 00 DA A5 50 C8 24 0C 18 25 A5 
0C 01 31 03 CF 00 00 10 C8 25 A5 0C 01 31 05 E6 3D 77 00 00 DD C0 50 C8 24 09 0E 25 A5 09 01 31 03 CF 00 00 0D B3 25 A5 09 01 C8 24 09 0A 01 31 05 E6 3D 77 00 00 DA A5 B3 (121)
                              [N12:Z] MOTOR_I 0 0 (0)
                              [N12:Z] [undefined] 61 119 0 0 (1031208960)
                              [N9:P] MOTOR_I 0 0 (0)
                              [N9:P] [undefined] 61 119 0 0 (1031208960)
                              [N12:Z] MOTOR_I 0 0 (0)
                              [N12:Z] [undefined] 61 119 0 0 (1031208960)
                              [N9:P] MOTOR_I 0 0 (0)
                              [N9:P] [undefined] 61 119 0 0 (1031208960)
2025-08-15 18:28:32:093 [IN ] C8 24 0C 18 25 A5 0C 01 31 03 CF 00 00 10 C8 25 A5 0C 01 31 05 E6 3D 77 00 00 DD C0 50 C8 24 09 15 25 A5 09 01 31 03 CF 00 00 0D B3 25 A5 09 01 31 05 E6 3D 77 00 00 C8 24 0C 18 25 A5 0C 01 31 
03 CF 00 00 10 C8 25 A5 0C 01 31 05 E6 3D 77 00 00 DD C0 50 C8 24 09 1B 00 DA A5 25 A5 09 01 31 03 CF 00 00 0D B3 25 A5 09 01 31 05 E6 3D 77 00 00 DA A5 09 (116)
                              [N12:Z] MOTOR_I 0 0 (0)
                              [N12:Z] [undefined] 61 119 0 0 (1031208960)
                              [N9:P] MOTOR_I 0 0 (0)
                              [N12:Z] MOTOR_I 0 0 (0)
                              [N12:Z] [undefined] 61 119 0 0 (1031208960)
                              [N9:P] [undefined] 61 119 0 0 (1031208960)
                              [N9:P] MOTOR_I 0 0 (0)
                              [N9:P] [undefined] 61 119 0 0 (1031208960)
2025-08-15 18:28:32:294 [IN ] C8 24 0C 18 25 A5 0C 01 31 03 CF 00 00 10 C8 25 A5 0C 01 31 05 E6 3D 77 00 00 DD C0 00 C8 24 09 18 25 A5 09 01 31 03 CF 00 00 0D B3 25 A5 09 01 31 05 E6 3D 77 00 00 DA A5 00 C8 24 0C 18 25 A5 
0C 01 31 03 CF 00 00 10 C8 25 A5 0C 01 31 05 E6 3D 77 00 00 DD C0 00 C8 24 09 18 25 A5 09 01 31 03 CF 00 00 0D B3 25 A5 09 01 31 05 E6 3D 77 00 00 DA A5 00 C8 24 0C 0E 25 A5 0C 01 31 03 CF 00 
00 10 C8 25 A5 0C 01 (135)
                              [N12:Z] MOTOR_I 0 0 (0)
                              [N12:Z] [undefined] 61 119 0 0 (1031208960)
                              [N9:P] MOTOR_I 0 0 (0)
                              [N9:P] [undefined] 61 119 0 0 (1031208960)
                              [N12:Z] MOTOR_I 0 0 (0)
                              [N12:Z] [undefined] 61 119 0 0 (1031208960)
                              [N9:P] MOTOR_I 0 0 (0)
                              [N9:P] [undefined] 61 119 0 0 (1031208960)
                              [N12:Z] MOTOR_I 0 0 (0)
2025-08-15 18:28:32:496 [IN ] C8 24 0C 0A 01 31 05 E6 3D 77 00 00 DD C0 C8 C8 24 09 18 25 A5 09 01 31 03 CF 00 00 0D B3 25 A5 09 01 31 05 E6 3D 77 00 00 DA A5 00 C8 24 0C 15 25 A5 0C 01 31 03 CF 00 00 10 C8 25 A5 0C 01 31 
05 E6 3D 77 00 00 C8 24 09 18 25 A5 09 01 31 03 CF 00 00 0D B3 25 A5 09 01 31 05 E6 3D 77 00 00 DA A5 00 C8 24 0C 1B 00 DD C0 25 A5 0C 01 31 03 CF 00 00 10 C8 25 A5 0C 01 31 05 E6 3D 77 00 00 
DD C0 09 (131)
                              [N12:Z] [undefined] 61 119 0 0 (1031208960)
                              [N9:P] MOTOR_I 0 0 (0)
                              [N9:P] [undefined] 61 119 0 0 (1031208960)
                              [N12:Z] MOTOR_I 0 0 (0)
                              [N9:P] MOTOR_I 0 0 (0)
                              [N9:P] [undefined] 61 119 0 0 (1031208960)
                              [N12:Z] [undefined] 61 119 0 0 (1031208960)
                              [N12:Z] MOTOR_I 0 0 (0)
                              [N12:Z] [undefined] 61 119 0 0 (1031208960)
2025-08-15 18:28:32:698 [IN ] C8 24 09 18 25 A5 09 01 31 03 CF 00 00 0D B3 25 A5 09 01 31 05 E6 3D 77 00 00 DA A5 00 C8 24 0C 18 25 A5 0C 01 31 03 CF 00 00 10 C8 25 A5 0C 01 31 05 E6 3D 77 00 00 DD C0 00 C8 24 09 18 25 A5 
09 01 31 03 CF 00 00 0D B3 25 A5 09 01 31 05 E6 3D 77 00 00 DA A5 00 (87)
                              [N9:P] MOTOR_I 0 0 (0)
                              [N9:P] [undefined] 61 119 0 0 (1031208960)
                              [N12:Z] MOTOR_I 0 0 (0)
                              [N12:Z] [undefined] 61 119 0 0 (1031208960)
                              [N9:P] MOTOR_I 0 0 (0)
                              [N9:P] [undefined] 61 119 0 0 (1031208960)
2025-08-15 18:28:32:899 [IN ] C8 24 0C 18 25 A5 0C 01 31 03 CF 00 00 10 C8 25 A5 0C 01 31 05 E6 3D 77 00 00 DD C0 00 C8 24 09 18 25 A5 09 01 31 03 CF 00 00 0D B3 25 A5 09 01 31 05 E6 3D 77 00 00 DA A5 00 C8 24 0C 18 25 A5 
0C 01 31 03 CF 00 00 10 C8 25 A5 0C 01 31 05 E6 3D 77 00 00 DD C0 00 C8 24 09 18 25 A5 09 01 31 03 CF 00 00 0D B3 25 A5 09 01 31 05 E6 3D 77 00 00 DA A5 00 (116)
                              [N12:Z] MOTOR_I 0 0 (0)
                              [N12:Z] [undefined] 61 119 0 0 (1031208960)
                              [N9:P] MOTOR_I 0 0 (0)
                              [N9:P] [undefined] 61 119 0 0 (1031208960)
                              [N12:Z] MOTOR_I 0 0 (0)
                              [N12:Z] [undefined] 61 119 0 0 (1031208960)
                              [N9:P] MOTOR_I 0 0 (0)
                              [N9:P] [undefined] 61 119 0 0 (1031208960)
2025-08-15 18:28:33:100 [IN ] C8 24 0C 18 25 A5 0C 01 31 03 CF 00 00 10 C8 25 A5 0C 01 31 05 E6 3D 77 00 00 DD C0 00 C8 24 09 18 25 A5 09 01 31 03 CF 00 00 0D B3 25 A5 09 01 31 05 E6 3D 77 00 00 DA A5 00 C8 24 0C 18 25 A5 
0C 01 31 03 CF 00 00 10 C8 25 A5 0C 01 31 05 E6 3D 77 00 00 DD C0 00 C8 24 09 18 25 A5 09 01 31 03 CF 00 00 0D B3 25 A5 09 01 31 05 E6 3D 77 00 00 DA A5 00 C8 24 0C 18 25 A5 0C 01 31 03 CF 00 
00 10 C8 25 A5 0C 01 31 05 E6 3D 77 00 00 DD C0 00 (145)
                              [N12:Z] MOTOR_I 0 0 (0)
                              [N12:Z] [undefined] 61 119 0 0 (1031208960)
                              [N9:P] MOTOR_I 0 0 (0)
                              [N9:P] [undefined] 61 119 0 0 (1031208960)
                              [N12:Z] MOTOR_I 0 0 (0)
                              [N12:Z] [undefined] 61 119 0 0 (1031208960)
                              [N9:P] MOTOR_I 0 0 (0)
                              [N9:P] [undefined] 61 119 0 0 (1031208960)
                              [N12:Z] MOTOR_I 0 0 (0)
                              [N12:Z] [undefined] 61 119 0 0 (1031208960)
2025-08-15 18:28:33:302 [IN ] C8 24 09 18 25 A5 09 01 31 03 CF 00 00 0D B3 25 A5 09 01 31 05 E6 3D 77 00 00 DA A5 00 C8 24 0C 18 25 A5 0C 01 31 03 CF 00 00 10 C8 25 A5 0C 01 31 05 E6 3D 77 00 00 DD C0 00 C8 24 09 18 25 A5 
09 01 31 03 CF 00 00 0D B3 25 A5 09 01 31 05 E6 3D 77 00 00 DA A5 00 (87)
                              [N9:P] MOTOR_I 0 0 (0)
                              [N9:P] [undefined] 61 119 0 0 (1031208960)
                              [N12:Z] MOTOR_I 0 0 (0)
                              [N12:Z] [undefined] 61 119 0 0 (1031208960)
                              [N9:P] MOTOR_I 0 0 (0)
                              [N9:P] [undefined] 61 119 0 0 (1031208960)
2025-08-15 18:28:33:503 [IN ] C8 24 0C 18 25 A5 0C 01 31 03 CF 00 00 10 C8 25 A5 0C 01 31 05 E6 3D 77 00 00 DD C0 00 C8 24 09 18 25 A5 09 01 31 03 CF 00 00 0D B3 25 A5 09 01 31 05 E6 3D 77 00 00 DA A5 00 C8 24 0C 18 25 A5 
0C 01 31 03 CF 00 00 10 C8 25 A5 0C 01 31 05 E6 3D 77 00 00 DD C0 00 C8 24 09 18 25 A5 09 01 31 03 CF 00 00 0D B3 25 A5 09 01 31 05 E6 3D 77 00 00 DA A5 00 (116)
                              [N12:Z] MOTOR_I 0 0 (0)
                              [N12:Z] [undefined] 61 119 0 0 (1031208960)
                              [N9:P] MOTOR_I 0 0 (0)
                              [N9:P] [undefined] 61 119 0 0 (1031208960)
                              [N12:Z] MOTOR_I 0 0 (0)
                              [N12:Z] [undefined] 61 119 0 0 (1031208960)
                              [N9:P] MOTOR_I 0 0 (0)
                              [N9:P] [undefined] 61 119 0 0 (1031208960)
2025-08-15 18:28:33:705 [IN ] C8 24 0C 18 25 A5 0C 01 31 03 CF 00 00 10 C8 25 A5 0C 01 31 05 E6 3D 77 00 00 DD C0 00 C8 24 09 18 25 A5 09 01 31 03 CF 00 00 0D B3 25 A5 09 01 31 05 E6 3D 77 00 00 DA A5 00 C8 24 0C 18 25 A5 
0C 01 31 03 CF 00 00 10 C8 25 A5 0C 01 31 05 E6 3D 77 00 00 DD C0 00 C8 24 09 0E 25 A5 09 01 31 03 CF 00 00 0D B3 25 A5 09 01 C8 24 09 0A 01 31 05 E6 3D 77 00 00 DA A5 B3 (121)
                              [N12:Z] MOTOR_I 0 0 (0)
                              [N12:Z] [undefined] 61 119 0 0 (1031208960)
                              [N9:P] MOTOR_I 0 0 (0)
                              [N9:P] [undefined] 61 119 0 0 (1031208960)
                              [N12:Z] MOTOR_I 0 0 (0)
                              [N12:Z] [undefined] 61 119 0 0 (1031208960)
                              [N9:P] MOTOR_I 0 0 (0)
                              [N9:P] [undefined] 61 119 0 0 (1031208960)
2025-08-15 18:28:33:907 [IN ] C8 24 0C 18 25 A5 0C 01 31 03 CF 00 00 10 C8 25 A5 0C 01 31 05 E6 3D 77 00 00 DD C0 00 C8 24 09 15 25 A5 09 01 31 03 CF 00 00 0D B3 25 A5 09 01 31 05 E6 3D 77 00 00 C8 24 0C 18 25 A5 0C 01 31 
03 CF 00 00 10 C8 25 A5 0C 01 31 05 E6 3D 77 00 00 DD C0 00 C8 24 09 1B 00 DA A5 25 A5 09 01 31 03 CF 00 00 0D B3 25 A5 09 01 31 05 E6 3D 77 00 00 DA A5 09 (116)
                              [N12:Z] MOTOR_I 0 0 (0)
                              [N12:Z] [undefined] 61 119 0 0 (1031208960)
                              [N9:P] MOTOR_I 0 0 (0)
                              [N12:Z] MOTOR_I 0 0 (0)
                              [N12:Z] [undefined] 61 119 0 0 (1031208960)
                              [N9:P] [undefined] 61 119 0 0 (1031208960)
                              [N9:P] MOTOR_I 0 0 (0)
                              [N9:P] [undefined] 61 119 0 0 (1031208960)
2025-08-15 18:28:34:109 [IN ] C8 24 0C 18 25 A5 0C 01 31 03 CF 00 00 10 C8 25 A5 0C 01 31 05 E6 3D 77 00 00 DD C0 00 C8 24 09 18 25 A5 09 01 31 03 CF 00 00 0D B3 25 A5 09 01 31 05 E6 3D 77 00 00 DA A5 00 C8 24 0C 18 25 A5 
0C 01 31 03 CF 00 00 10 C8 25 A5 0C 01 31 05 E6 3D 77 00 00 DD C0 00 C8 24 09 18 25 A5 09 01 31 03 CF 00 00 0D B3 25 A5 09 01 31 05 E6 3D 77 00 00 DA A5 00 C8 24 0C 0E 25 A5 0C 01 31 03 CF 00 
00 10 C8 25 A5 0C 01 (135)
                              [N12:Z] MOTOR_I 0 0 (0)
                              [N12:Z] [undefined] 61 119 0 0 (1031208960)
                              [N9:P] MOTOR_I 0 0 (0)
                              [N9:P] [undefined] 61 119 0 0 (1031208960)
                              [N12:Z] MOTOR_I 0 0 (0)
                              [N12:Z] [undefined] 61 119 0 0 (1031208960)
                              [N9:P] MOTOR_I 0 0 (0)
                              [N9:P] [undefined] 61 119 0 0 (1031208960)
                              [N12:Z] MOTOR_I 0 0 (0)
2025-08-15 18:28:34:312 [IN ] C8 24 0C 0A 01 31 05 E6 3D 77 00 00 DD C0 C8 C8 24 09 18 25 A5 09 01 31 03 CF 00 00 0D B3 25 A5 09 01 31 05 E6 3D 77 00 00 DA A5 00 C8 24 0C 15 25 A5 0C 01 31 03 CF 00 00 10 C8 25 A5 0C 01 31 
05 E6 3D 77 00 00 C8 24 09 18 25 A5 09 01 31 03 CF 00 00 0D B3 25 A5 09 01 31 05 E6 3D 77 00 00 DA A5 00 (99)
                              [N12:Z] [undefined] 61 119 0 0 (1031208960)
                              [N9:P] MOTOR_I 0 0 (0)
                              [N9:P] [undefined] 61 119 0 0 (1031208960)
                              [N12:Z] MOTOR_I 0 0 (0)
                              [N9:P] MOTOR_I 0 0 (0)
                              [N9:P] [undefined] 61 119 0 0 (1031208960)
2025-08-15 18:28:34:513 [IN ] C8 24 0C 1B 00 DD C0 25 A5 0C 01 31 03 CF 00 00 10 C8 25 A5 0C 01 31 05 E6 3D 77 00 00 DD C0 09 C8 24 09 18 25 A5 09 01 31 03 CF 00 00 0D B3 25 A5 09 01 31 05 E6 3D 77 00 00 DA A5 00 C8 24 0C 
18 25 A5 0C 01 31 03 CF 00 00 10 C8 25 A5 0C 01 31 05 E6 3D 77 00 00 DD C0 00 C8 24 09 18 25 A5 09 01 31 03 CF 00 00 0D B3 25 A5 09 01 31 05 E6 3D 77 00 00 DA A5 00 C8 24 0C 18 25 A5 0C 01 31 
03 CF 00 00 10 C8 25 A5 0C 01 31 05 E6 3D 77 00 00 DD (146)
                              [N12:Z] [undefined] 61 119 0 0 (1031208960)
                              [N12:Z] MOTOR_I 0 0 (0)
                              [N12:Z] [undefined] 61 119 0 0 (1031208960)
                              [N9:P] MOTOR_I 0 0 (0)
                              [N9:P] [undefined] 61 119 0 0 (1031208960)
                              [N12:Z] MOTOR_I 0 0 (0)
                              [N12:Z] [undefined] 61 119 0 0 (1031208960)
                              [N9:P] MOTOR_I 0 0 (0)
                              [N9:P] [undefined] 61 119 0 0 (1031208960)
2025-08-15 18:28:34:715 [IN ] C0 00 C8 24 09 18 25 A5 09 01 31 03 CF 00 00 0D B3 25 A5 09 01 31 05 E6 3D 77 00 00 DA A5 00 C8 24 0C 18 25 A5 0C 01 31 03 CF 00 00 10 C8 25 A5 0C 01 31 05 E6 3D 77 00 00 DD C0 00 C8 24 09 18 
25 A5 09 01 31 03 CF 00 00 0D B3 25 A5 09 01 31 05 E6 3D 77 00 00 DA A5 00 C8 24 0C 18 25 A5 0C 01 31 03 CF 00 00 10 C8 25 A5 0C 01 31 05 E6 3D 77 00 00 DD C0 00 (118)
                              [N12:Z] MOTOR_I 0 0 (0)
                              [N12:Z] [undefined] 61 119 0 0 (1031208960)
                              [N9:P] MOTOR_I 0 0 (0)
                              [N9:P] [undefined] 61 119 0 0 (1031208960)
                              [N12:Z] MOTOR_I 0 0 (0)
                              [N12:Z] [undefined] 61 119 0 0 (1031208960)
                              [N9:P] MOTOR_I 0 0 (0)
                              [N9:P] [undefined] 61 119 0 0 (1031208960)
                              [N12:Z] MOTOR_I 0 0 (0)
                              [N12:Z] [undefined] 61 119 0 0 (1031208960)
2025-08-15 18:28:34:916 [IN ] C8 24 09 18 25 A5 09 01 31 03 CF 00 00 0D B3 25 A5 09 01 31 05 E6 3D 77 00 00 DA A5 00 C8 24 0C 18 25 A5 0C 01 31 03 CF 00 00 10 C8 25 A5 0C 01 31 05 E6 3D 77 00 00 DD C0 00 C8 24 09 18 25 A5 
09 01 31 03 CF 00 00 0D B3 25 A5 09 01 31 05 E6 3D 77 00 00 DA A5 00 (87)
                              [N9:P] MOTOR_I 0 0 (0)
                              [N9:P] [undefined] 61 119 0 0 (1031208960)
                              [N12:Z] MOTOR_I 0 0 (0)
                              [N12:Z] [undefined] 61 119 0 0 (1031208960)
                              [N9:P] MOTOR_I 0 0 (0)
                              [N9:P] [undefined] 61 119 0 0 (1031208960)
2025-08-15 18:28:35:117 [IN ] C8 24 0C 18 25 A5 0C 01 31 03 CF 00 00 10 C8 25 A5 0C 01 31 05 E6 3D 77 00 00 DD C0 00 C8 24 09 18 25 A5 09 01 31 03 CF 00 00 0D B3 25 A5 09 01 31 05 E6 3D 77 00 00 DA A5 00 C8 24 0C 18 25 A5 
0C 01 31 03 CF 00 00 10 C8 25 A5 0C 01 31 05 E6 3D 77 00 00 DD C0 00 C8 24 09 18 25 A5 09 01 31 03 CF 00 00 0D B3 25 A5 09 01 31 05 E6 3D 77 00 00 DA A5 00 (116)
                              [N12:Z] MOTOR_I 0 0 (0)
                              [N12:Z] [undefined] 61 119 0 0 (1031208960)
                              [N9:P] MOTOR_I 0 0 (0)
                              [N9:P] [undefined] 61 119 0 0 (1031208960)
                              [N12:Z] MOTOR_I 0 0 (0)
                              [N12:Z] [undefined] 61 119 0 0 (1031208960)
                              [N9:P] MOTOR_I 0 0 (0)
                              [N9:P] [undefined] 61 119 0 0 (1031208960)
2025-08-15 18:28:35:319 [IN ] C8 24 0C 18 25 A5 0C 01 31 03 CF 00 00 10 C8 25 A5 0C 01 31 05 E6 3D 77 00 00 DD C0 00 C8 24 09 18 25 A5 09 01 31 03 CF 00 00 0D B3 25 A5 09 01 31 05 E6 3D 77 00 00 DA A5 00 C8 24 0C 18 25 A5 
0C 01 31 03 CF 00 00 10 C8 25 A5 0C 01 31 05 E6 3D 77 00 00 DD C0 00 C8 24 09 18 25 A5 09 01 31 03 CF 00 00 0D B3 25 A5 09 01 31 05 E6 3D 77 00 00 DA A5 00 (116)
                              [N12:Z] MOTOR_I 0 0 (0)
                              [N12:Z] [undefined] 61 119 0 0 (1031208960)
                              [N9:P] MOTOR_I 0 0 (0)
                              [N9:P] [undefined] 61 119 0 0 (1031208960)
                              [N12:Z] MOTOR_I 0 0 (0)
                              [N12:Z] [undefined] 61 119 0 0 (1031208960)
                              [N9:P] MOTOR_I 0 0 (0)
                              [N9:P] [undefined] 61 119 0 0 (1031208960)
2025-08-15 18:28:35:521 [IN ] C8 24 0C 18 25 A5 0C 01 31 03 CF 00 00 10 C8 25 A5 0C 01 31 05 E6 3D 77 00 00 DD C0 00 C8 24 09 18 25 A5 09 01 31 03 CF 00 00 0D B3 25 A5 09 01 31 05 E6 3D 77 00 00 DA A5 00 C8 24 0C 18 25 A5 
0C 01 31 03 CF 00 00 10 C8 25 A5 0C 01 31 05 E6 3D 77 00 00 DD C0 00 C8 24 09 0E 25 A5 09 01 31 03 CF 00 00 0D B3 25 A5 09 01 C8 24 09 0A 01 31 05 E6 3D 77 00 00 DA A5 B3 (121)
                              [N12:Z] MOTOR_I 0 0 (0)
                              [N12:Z] [undefined] 61 119 0 0 (1031208960)
                              [N9:P] MOTOR_I 0 0 (0)
                              [N9:P] [undefined] 61 119 0 0 (1031208960)
                              [N12:Z] MOTOR_I 0 0 (0)
                              [N12:Z] [undefined] 61 119 0 0 (1031208960)
                              [N9:P] MOTOR_I 0 0 (0)
                              [N9:P] [undefined] 61 119 0 0 (1031208960)
2025-08-15 18:28:35:722 [IN ] C8 24 0C 18 25 A5 0C 01 31 03 CF 00 00 10 C8 25 A5 0C 01 31 05 E6 3D 77 00 00 DD C0 00 C8 24 09 18 25 A5 09 01 31 03 CF 00 00 0D B3 25 A5 09 01 31 05 E6 3D 77 00 00 DA A5 00 C8 24 0C 18 25 A5 
0C 01 31 03 CF 00 00 10 C8 25 A5 0C 01 31 05 E6 3D 77 00 00 DD C0 00 C8 24 09 18 25 A5 09 01 31 03 CF 00 00 0D B3 25 A5 09 01 31 05 E6 3D 77 00 00 DA A5 00 (116)
                              [N12:Z] MOTOR_I 0 0 (0)
                              [N12:Z] [undefined] 61 119 0 0 (1031208960)
                              [N9:P] MOTOR_I 0 0 (0)
                              [N9:P] [undefined] 61 119 0 0 (1031208960)
                              [N12:Z] MOTOR_I 0 0 (0)
                              [N12:Z] [undefined] 61 119 0 0 (1031208960)
                              [N9:P] MOTOR_I 0 0 (0)
                              [N9:P] [undefined] 61 119 0 0 (1031208960)
2025-08-15 18:28:35:924 [IN ] C8 24 0C 18 25 A5 0C 01 31 03 CF 00 00 10 C8 25 A5 0C 01 31 05 E6 3D 77 00 00 DD C0 00 C8 24 09 18 25 A5 09 01 31 03 CF 00 00 0D B3 25 A5 09 01 31 05 E6 3D 77 00 00 DA A5 00 C8 24 0C 0E 25 A5 
0C 01 31 03 CF 00 00 10 C8 25 A5 0C 01 C8 24 0C 0A 01 31 05 E6 3D 77 00 00 DD C0 C8 C8 24 09 18 25 A5 09 01 31 03 CF 00 00 0D B3 25 A5 09 01 31 05 E6 3D 77 00 00 DA A5 00 C8 24 0C 15 25 A5 0C 
01 31 (130)
                              [N12:Z] MOTOR_I 0 0 (0)
                              [N12:Z] [undefined] 61 119 0 0 (1031208960)
                              [N9:P] MOTOR_I 0 0 (0)
                              [N9:P] [undefined] 61 119 0 0 (1031208960)
                              [N12:Z] MOTOR_I 0 0 (0)
                              [N12:Z] [undefined] 61 119 0 0 (1031208960)
                              [N9:P] MOTOR_I 0 0 (0)
                              [N9:P] [undefined] 61 119 0 0 (1031208960)
2025-08-15 18:28:36:127 [IN ] 03 CF 00 00 10 C8 25 A5 0C 01 31 05 E6 3D 77 00 00 C8 24 09 18 25 A5 09 01 31 03 CF 00 00 0D B3 25 A5 09 01 31 05 E6 3D 77 00 00 DA A5 00 C8 24 0C 1B 00 DD C0 25 A5 0C 01 31 03 CF 00 00 10 C8 
25 A5 0C 01 31 05 E6 3D 77 00 00 DD C0 09 C8 24 09 18 25 A5 09 01 31 03 CF 00 00 0D B3 25 A5 09 01 31 05 E6 3D 77 00 00 DA A5 00 C8 24 0C 18 25 A5 0C 01 31 03 CF 00 00 10 C8 25 A5 0C 01 31 05 
E6 3D 77 00 00 DD C0 00 (136)
                              [N12:Z] MOTOR_I 0 0 (0)
                              [N9:P] MOTOR_I 0 0 (0)
                              [N9:P] [undefined] 61 119 0 0 (1031208960)
                              [N12:Z] [undefined] 61 119 0 0 (1031208960)
                              [N12:Z] MOTOR_I 0 0 (0)
                              [N12:Z] [undefined] 61 119 0 0 (1031208960)
                              [N9:P] MOTOR_I 0 0 (0)
                              [N9:P] [undefined] 61 119 0 0 (1031208960)
                              [N12:Z] MOTOR_I 0 0 (0)
                              [N12:Z] [undefined] 61 119 0 0 (1031208960)
2025-08-15 18:28:36:328 [IN ] C8 24 09 18 25 A5 09 01 31 03 CF 00 00 0D B3 25 A5 09 01 31 05 E6 3D 77 00 00 DA A5 00 C8 24 0C 18 25 A5 0C 01 31 03 CF 00 00 10 C8 25 A5 0C 01 31 05 E6 3D 77 00 00 DD C0 00 C8 24 09 18 25 A5 
09 01 31 03 CF 00 00 0D B3 25 A5 09 01 31 05 E6 3D 77 00 00 DA A5 00 C8 24 0C 18 25 A5 0C 01 31 03 CF 00 00 10 C8 25 A5 0C 01 31 05 E6 3D 77 00 00 DD C0 00 (116)
                              [N9:P] MOTOR_I 0 0 (0)
                              [N9:P] [undefined] 61 119 0 0 (1031208960)
                              [N12:Z] MOTOR_I 0 0 (0)
                              [N12:Z] [undefined] 61 119 0 0 (1031208960)
                              [N9:P] MOTOR_I 0 0 (0)
                              [N9:P] [undefined] 61 119 0 0 (1031208960)
                              [N12:Z] MOTOR_I 0 0 (0)
                              [N12:Z] [undefined] 61 119 0 0 (1031208960)
2025-08-15 18:28:36:530 [IN ] C8 24 09 18 25 A5 09 01 31 03 CF 00 00 0D B3 25 A5 09 01 31 05 E6 3D 77 00 00 DA A5 00 C8 24 0C 18 25 A5 0C 01 31 03 CF 00 00 10 C8 25 A5 0C 01 31 05 E6 3D 77 00 00 DD C0 00 C8 24 09 18 25 A5 
09 01 31 03 CF 00 00 0D B3 25 A5 09 01 31 05 E6 3D 77 00 00 DA A5 00 (87)
                              [N9:P] MOTOR_I 0 0 (0)
                              [N9:P] [undefined] 61 119 0 0 (1031208960)
                              [N12:Z] MOTOR_I 0 0 (0)
                              [N12:Z] [undefined] 61 119 0 0 (1031208960)
                              [N9:P] MOTOR_I 0 0 (0)
                              [N9:P] [undefined] 61 119 0 0 (1031208960)
2025-08-15 18:28:36:731 [IN ] C8 24 0C 18 25 A5 0C 01 31 03 CF 00 00 10 C8 25 A5 0C 01 31 05 E6 3D 77 00 00 DD C0 00 C8 24 09 18 25 A5 09 01 31 03 CF 00 00 0D B3 25 A5 09 01 31 05 E6 3D 77 00 00 DA A5 00 C8 24 0C 18 25 A5 
0C 01 31 03 CF 00 00 10 C8 25 A5 0C 01 31 05 E6 3D 77 00 00 DD C0 00 C8 24 09 18 25 A5 09 01 31 03 CF 00 00 0D B3 25 A5 09 01 31 05 E6 3D 77 00 00 DA A5 00 C8 24 0C 18 25 A5 0C 01 31 03 CF 00 
00 10 C8 25 A5 (133)
                              [N12:Z] MOTOR_I 0 0 (0)
                              [N12:Z] [undefined] 61 119 0 0 (1031208960)
                              [N9:P] MOTOR_I 0 0 (0)
                              [N9:P] [undefined] 61 119 0 0 (1031208960)
                              [N12:Z] MOTOR_I 0 0 (0)
                              [N12:Z] [undefined] 61 119 0 0 (1031208960)
                              [N9:P] MOTOR_I 0 0 (0)
                              [N9:P] [undefined] 61 119 0 0 (1031208960)
2025-08-15 18:28:36:933 [IN ] 0C 01 31 05 E6 3D 77 00 00 DD C0 00 C8 24 09 18 25 A5 09 01 31 03 CF 00 00 0D B3 25 A5 09 01 31 05 E6 3D 77 00 00 DA A5 00 C8 24 0C 18 25 A5 0C 01 31 03 CF 00 00 10 C8 25 A5 0C 01 31 05 E6 3D 
77 00 00 DD C0 00 C8 24 09 18 25 A5 09 01 31 03 CF 00 00 0D B3 25 A5 09 01 31 05 E6 3D 77 00 00 DA A5 00 (99)
                              [N12:Z] MOTOR_I 0 0 (0)
                              [N12:Z] [undefined] 61 119 0 0 (1031208960)
                              [N9:P] MOTOR_I 0 0 (0)
                              [N9:P] [undefined] 61 119 0 0 (1031208960)
                              [N12:Z] MOTOR_I 0 0 (0)
                              [N12:Z] [undefined] 61 119 0 0 (1031208960)
                              [N9:P] MOTOR_I 0 0 (0)
                              [N9:P] [undefined] 61 119 0 0 (1031208960)
2025-08-15 18:28:37:134 [IN ] C8 24 0C 18 25 A5 0C 01 31 03 CF 00 00 10 C8 25 A5 0C 01 31 05 E6 3D 77 00 00 DD C0 00 C8 24 09 18 25 A5 09 01 31 03 CF 00 00 0D B3 25 A5 09 01 31 05 E6 3D 77 00 00 DA A5 00 C8 24 0C 18 25 A5 
0C 01 31 03 CF 00 00 10 C8 25 A5 0C 01 31 05 E6 3D 77 00 00 DD C0 00 C8 24 09 18 25 A5 09 01 31 03 CF 00 00 0D B3 25 A5 09 01 31 05 E6 3D 77 00 00 DA A5 00 (116)
                              [N12:Z] MOTOR_I 0 0 (0)
                              [N12:Z] [undefined] 61 119 0 0 (1031208960)
                              [N9:P] MOTOR_I 0 0 (0)
                              [N9:P] [undefined] 61 119 0 0 (1031208960)
                              [N12:Z] MOTOR_I 0 0 (0)
                              [N12:Z] [undefined] 61 119 0 0 (1031208960)
                              [N9:P] MOTOR_I 0 0 (0)
                              [N9:P] [undefined] 61 119 0 0 (1031208960)
2025-08-15 18:28:37:337 [IN ] C8 24 0C 18 25 A5 0C 01 31 03 CF 00 00 10 C8 25 A5 0C 01 31 05 E6 3D 77 00 00 DD C0 00 C8 24 09 0E 25 A5 09 01 31 03 CF 00 00 0D B3 25 A5 09 01 C8 24 09 0A 01 31 05 E6 3D 77 00 00 DA A5 B3 C8 
24 0C 18 25 A5 0C 01 31 03 CF 00 00 10 C8 25 A5 0C 01 31 05 E6 3D 77 00 00 DD C0 00 C8 24 09 15 25 A5 09 01 31 03 CF 00 00 0D B3 25 A5 09 01 31 05 E6 3D 77 00 00 (118)
                              [N12:Z] MOTOR_I 0 0 (0)
                              [N12:Z] [undefined] 61 119 0 0 (1031208960)
                              [N9:P] MOTOR_I 0 0 (0)
                              [N9:P] [undefined] 61 119 0 0 (1031208960)
                              [N12:Z] MOTOR_I 0 0 (0)
                              [N12:Z] [undefined] 61 119 0 0 (1031208960)
                              [N9:P] MOTOR_I 0 0 (0)
2025-08-15 18:28:37:539 [IN ] C8 24 0C 18 25 A5 0C 01 31 03 CF 00 00 10 C8 25 A5 0C 01 31 05 E6 3D 77 00 00 DD C0 00 C8 24 09 1B 00 DA A5 25 A5 09 01 31 03 CF 00 00 0D B3 25 A5 09 01 31 05 E6 3D 77 00 00 DA A5 09 C8 24 0C 
18 25 A5 0C 01 31 03 CF 00 00 10 C8 25 A5 0C 01 31 05 E6 3D 77 00 00 DD C0 00 C8 24 09 18 25 A5 09 01 31 03 CF 00 00 0D B3 25 A5 09 01 31 05 E6 3D 77 00 00 DA A5 00 C8 24 0C 0E 25 A5 0C 01 31 
03 CF 00 00 10 C8 25 A5 0C 01 (138)
                              [N12:Z] MOTOR_I 0 0 (0)
                              [N12:Z] [undefined] 61 119 0 0 (1031208960)
                              [N9:P] [undefined] 61 119 0 0 (1031208960)
                              [N9:P] MOTOR_I 0 0 (0)
                              [N9:P] [undefined] 61 119 0 0 (1031208960)
                              [N12:Z] MOTOR_I 0 0 (0)
                              [N12:Z] [undefined] 61 119 0 0 (1031208960)
                              [N9:P] MOTOR_I 0 0 (0)
                              [N9:P] [undefined] 61 119 0 0 (1031208960)
                              [N12:Z] MOTOR_I 0 0 (0)
2025-08-15 18:28:37:741 [IN ] C8 24 0C 0A 01 31 05 E6 3D 77 00 00 DD C0 C8 C8 24 09 18 25 A5 09 01 31 03 CF 00 00 0D B3 25 A5 09 01 31 05 E6 3D 77 00 00 DA A5 00 C8 24 05 0E 25 A5 05 01 31 06 81 45 00 19 85 7D 1E 1E 01 C8 
24 0C 0E 25 A5 0C 01 31 03 CF 00 00 10 C8 25 A5 0C 01 C8 24 0C 0A 01 31 05 E6 3D 77 00 00 DD C0 C8 C8 24 09 18 25 A5 09 01 31 03 CF 00 00 0D B3 25 A5 09 01 31 05 E6 3D 77 00 00 DA A5 00 C8 24 
0C 18 25 A5 0C 01 31 03 CF 00 00 10 C8 25 A5 0C 01 31 05 E6 3D 77 00 00 DD C0 00 (155)
                              [N12:Z] [undefined] 61 119 0 0 (1031208960)
                              [N9:P] MOTOR_I 0 0 (0)
                              [N9:P] [undefined] 61 119 0 0 (1031208960)
                              [N5:V] TPOS 'E' 0 25 133 125 (1672573)
                              [N12:Z] MOTOR_I 0 0 (0)
                              [N12:Z] [undefined] 61 119 0 0 (1031208960)
                              [N9:P] MOTOR_I 0 0 (0)
                              [N9:P] [undefined] 61 119 0 0 (1031208960)
                              [N12:Z] MOTOR_I 0 0 (0)
                              [N12:Z] [undefined] 61 119 0 0 (1031208960)
2025-08-15 18:28:37:943 [IN ] C8 24 09 18 25 A5 09 01 31 03 CF 00 00 0D B3 25 A5 09 01 31 05 E6 3D 77 00 00 DA A5 00 C8 24 0C 18 25 A5 0C 01 31 03 CF 00 00 10 C8 25 A5 0C 01 31 05 E6 3D 77 00 00 DD C0 00 C8 24 09 18 25 A5 
09 01 31 03 CF 00 00 0D B3 25 A5 09 01 31 05 E6 3D 77 00 00 DA A5 00 C8 24 0C 18 25 A5 0C 01 31 03 CF 00 00 10 C8 25 A5 0C 01 31 05 E6 3D 77 00 00 DD C0 00 (116)
                              [N9:P] MOTOR_I 0 0 (0)
                              [N9:P] [undefined] 61 119 0 0 (1031208960)
                              [N12:Z] MOTOR_I 0 0 (0)
                              [N12:Z] [undefined] 61 119 0 0 (1031208960)
                              [N9:P] MOTOR_I 0 0 (0)
                              [N9:P] [undefined] 61 119 0 0 (1031208960)
                              [N12:Z] MOTOR_I 0 0 (0)
                              [N12:Z] [undefined] 61 119 0 0 (1031208960)
2025-08-15 18:28:38:144 [IN ] C8 24 09 18 25 A5 09 01 31 03 CF 00 00 0D B3 25 A5 09 01 31 05 E6 3D 77 00 00 DA A5 00 C8 24 0C 18 25 A5 0C 01 31 03 CF 00 00 10 C8 25 A5 0C 01 31 05 E6 3D 77 00 00 DD C0 00 C8 24 09 18 25 A5 
09 01 31 03 CF 00 00 0D B3 25 A5 09 01 31 05 E6 3D 77 00 00 DA A5 00 (87)
                              [N9:P] MOTOR_I 0 0 (0)
                              [N9:P] [undefined] 61 119 0 0 (1031208960)
                              [N12:Z] MOTOR_I 0 0 (0)
                              [N12:Z] [undefined] 61 119 0 0 (1031208960)
                              [N9:P] MOTOR_I 0 0 (0)
                              [N9:P] [undefined] 61 119 0 0 (1031208960)
2025-08-15 18:28:38:166 [OUT] 25 A5 01 05 31 05 81 00 0D 03 C1 8E 19 (13)
                              [N5:V] TPOS 0 13 3 193 (852929)
2025-08-15 18:28:38:167 [IN ] C8 24 0C 18 25 A5 0C 01 31 03 CF 00 00 10 C8 25 A5 0C 01 31 05 E6 3D 77 00 00 DD C0 00 (29)
                              [N12:Z] MOTOR_I 0 0 (0)
                              [N12:Z] [undefined] 61 119 0 0 (1031208960)
2025-08-15 18:28:38:209 [IN ] C8 24 09 18 25 A5 09 01 31 03 CF 00 00 0D B3 25 A5 09 01 31 05 E6 3D 77 00 00 DA A5 00 (29)
                              [N9:P] MOTOR_I 0 0 (0)
                              [N9:P] [undefined] 61 119 0 0 (1031208960)
2025-08-15 18:28:38:251 [IN ] C8 24 0C 18 25 A5 0C 01 31 03 CF 00 00 10 C8 25 A5 0C 01 31 05 E6 3D 77 00 00 DD C0 00 (29)
                              [N12:Z] MOTOR_I 0 0 (0)
                              [N12:Z] [undefined] 61 119 0 0 (1031208960)
2025-08-15 18:28:38:313 [IN ] C8 24 09 18 25 A5 09 01 31 03 CF 00 00 0D B3 25 A5 09 01 31 05 E6 3D 77 00 00 DA A5 00 (29)
                              [N9:P] MOTOR_I 0 0 (0)
                              [N9:P] [undefined] 61 119 0 0 (1031208960)
2025-08-15 18:28:38:355 [IN ] C8 24 05 0E 25 A5 05 01 31 06 81 53 00 19 85 7D 2C 64 01 C8 24 0C 18 25 A5 0C 01 31 03 CF 00 00 10 C8 25 A5 0C 01 31 05 E6 3D 77 00 00 DD C0 00 (48)
                              [N5:V] TPOS 'S' 0 25 133 125 (1672573)
                              [N12:Z] MOTOR_I 0 0 (0)
                              [N12:Z] [undefined] 61 119 0 0 (1031208960)
2025-08-15 18:28:38:557 [IN ] C8 24 09 18 25 A5 09 01 31 03 CF 00 00 0D B3 25 A5 09 01 31 05 E6 3D 77 00 00 DA A5 00 C8 24 0C 18 25 A5 0C 01 31 03 CF 00 00 10 C8 25 A5 0C 01 31 05 E6 3D 77 00 00 DD C0 00 C8 24 08 0E 25 A5 
08 01 31 06 81 45 FF DC 74 E7 3C C9 01 C8 24 09 18 25 A5 09 01 31 03 CF 00 00 0D B3 25 A5 09 01 31 05 E6 3D 77 00 00 DA A5 00 C8 24 0C 18 25 A5 0C 01 31 03 CF 00 00 10 C8 25 A5 0C 01 31 05 E6 
3D 77 00 00 DD C0 00 (135)
                              [N9:P] MOTOR_I 0 0 (0)
                              [N9:P] [undefined] 61 119 0 0 (1031208960)
                              [N12:Z] MOTOR_I 0 0 (0)
                              [N12:Z] [undefined] 61 119 0 0 (1031208960)
                              [N8:R] TPOS 'E' 255 220 116 231 (-2329369)
                              [N9:P] MOTOR_I 0 0 (0)
                              [N9:P] [undefined] 61 119 0 0 (1031208960)
                              [N12:Z] MOTOR_I 0 0 (0)
                              [N12:Z] [undefined] 61 119 0 0 (1031208960)
2025-08-15 18:28:38:760 [IN ] C8 24 09 18 25 A5 09 01 31 03 CF 00 00 0D B3 25 A5 09 01 31 05 E6 3D 77 00 00 DA A5 00 C8 24 0C 18 25 A5 0C 01 31 03 CF 00 00 10 C8 25 A5 0C 01 31 05 E6 3D 77 00 00 DD C0 00 C8 24 09 18 25 A5 
09 01 31 03 CF 00 00 0D B3 25 A5 09 01 31 05 E6 3D 77 00 00 DA A5 00 C8 24 0C 18 25 A5 0C 01 31 03 CF 00 00 10 C8 25 A5 0C 01 31 05 E6 3D 77 00 00 DD C0 00 (116)
                              [N9:P] MOTOR_I 0 0 (0)
                              [N9:P] [undefined] 61 119 0 0 (1031208960)
                              [N12:Z] MOTOR_I 0 0 (0)
                              [N12:Z] [undefined] 61 119 0 0 (1031208960)
                              [N9:P] MOTOR_I 0 0 (0)
                              [N9:P] [undefined] 61 119 0 0 (1031208960)
                              [N12:Z] MOTOR_I 0 0 (0)
                              [N12:Z] [undefined] 61 119 0 0 (1031208960)
2025-08-15 18:28:38:965 [IN ] C8 24 09 18 25 A5 09 01 31 03 CF 00 00 0D B3 25 A5 09 01 31 05 E6 3D 77 00 00 DA A5 00 C8 24 0C 18 25 A5 0C 01 31 03 CF 00 00 10 C8 25 A5 0C 01 31 05 E6 3D 77 00 00 DD C0 00 C8 24 09 0E 25 A5 
09 01 31 03 CF 00 00 0D B3 25 A5 09 01 C8 24 09 0A 01 31 05 E6 3D 77 00 00 DA A5 B3 C8 24 0C 18 25 A5 0C 01 31 03 CF 00 00 10 C8 25 A5 0C 01 31 05 E6 3D 77 00 00 DD C0 00 (121)
                              [N9:P] MOTOR_I 0 0 (0)
                              [N9:P] [undefined] 61 119 0 0 (1031208960)
                              [N12:Z] MOTOR_I 0 0 (0)
                              [N12:Z] [undefined] 61 119 0 0 (1031208960)
                              [N9:P] MOTOR_I 0 0 (0)
                              [N9:P] [undefined] 61 119 0 0 (1031208960)
                              [N12:Z] MOTOR_I 0 0 (0)
                              [N12:Z] [undefined] 61 119 0 0 (1031208960)
2025-08-15 18:28:38:987 [OUT] 25 A5 01 08 31 05 81 FF EE 15 56 18 89 (13)
                              [N8:R] TPOS 255 238 21 86 (-1174186)
2025-08-15 18:28:38:990 [IN ] C8 24 09 0E 25 A5 09 01 31 03 CF 00 00 0D B3 25 A5 09 01 (19)
                              [N9:P] MOTOR_I 0 0 (0)
2025-08-15 18:28:39:012 [IN ] C8 24 09 0A 01 31 05 E6 (8)
2025-08-15 18:28:39:033 [IN ] 3D 77 00 00 DA A5 B3 (7)
                              [N9:P] [undefined] 61 119 0 0 (1031208960)
2025-08-15 18:28:39:076 [IN ] C8 24 0C 18 25 A5 0C 01 31 03 CF 00 00 10 C8 25 A5 0C 01 31 05 E6 3D 77 00 00 DD C0 00 (29)
                              [N12:Z] MOTOR_I 0 0 (0)
                              [N12:Z] [undefined] 61 119 0 0 (1031208960)
2025-08-15 18:28:39:099 [IN ] C8 24 09 18 25 A5 09 01 31 03 CF 00 00 0D B3 25 A5 09 01 31 05 E6 3D 77 00 00 DA A5 00 (29)
                              [N9:P] MOTOR_I 0 0 (0)
                              [N9:P] [undefined] 61 119 0 0 (1031208960)
2025-08-15 18:28:39:163 [IN ] C8 24 08 0E 25 A5 08 01 31 06 81 53 FF DC 74 EA 4D 12 01 C8 24 0C 18 25 A5 0C 01 31 03 CF 00 00 10 C8 25 A5 0C 01 31 05 E6 3D 77 00 00 DD C0 00 (48)
                              [N8:R] TPOS 'S' 255 220 116 234 (-2329366)
                              [N12:Z] MOTOR_I 0 0 (0)
                              [N12:Z] [undefined] 61 119 0 0 (1031208960)
2025-08-15 18:28:39:367 [IN ] C8 24 09 18 25 A5 09 01 31 03 CF 00 00 0D B3 25 A5 09 01 31 05 E6 3D 77 00 00 DA A5 00 C8 24 0C 18 25 A5 0C 01 31 03 CF 00 00 10 C8 25 A5 0C 01 31 05 E6 3D 77 00 00 DD C0 00 C8 24 09 18 25 A5 
09 01 31 03 CF 00 00 0D B3 25 A5 09 01 31 05 E6 3D 77 00 00 DA A5 00 C8 24 0C 0E 25 A5 0C 01 31 03 CF 00 00 10 C8 25 A5 0C 01 C8 24 0C 0A 01 31 05 E6 3D 77 00 00 DD C0 C8 (121)
                              [N9:P] MOTOR_I 0 0 (0)
                              [N9:P] [undefined] 61 119 0 0 (1031208960)
                              [N12:Z] MOTOR_I 0 0 (0)
                              [N12:Z] [undefined] 61 119 0 0 (1031208960)
                              [N9:P] MOTOR_I 0 0 (0)
                              [N9:P] [undefined] 61 119 0 0 (1031208960)
                              [N12:Z] MOTOR_I 0 0 (0)
                              [N12:Z] [undefined] 61 119 0 0 (1031208960)
2025-08-15 18:28:39:574 [IN ] C8 24 09 18 25 A5 09 01 31 03 CF 00 00 0D B3 25 A5 09 01 31 05 E6 3D 77 00 00 DA A5 00 C8 24 0C 15 25 A5 0C 01 31 03 CF 00 00 10 C8 25 A5 0C 01 31 05 E6 3D 77 00 00 C8 24 09 18 25 A5 09 01 31 
03 CF 00 00 0D B3 25 A5 09 01 31 05 E6 3D 77 00 00 DA A5 00 C8 24 0C 1B 00 DD C0 25 A5 0C 01 31 03 CF 00 00 10 C8 25 A5 0C 01 31 05 E6 3D 77 00 00 DD C0 09 (116)
                              [N9:P] MOTOR_I 0 0 (0)
                              [N9:P] [undefined] 61 119 0 0 (1031208960)
                              [N12:Z] MOTOR_I 0 0 (0)
                              [N9:P] MOTOR_I 0 0 (0)
                              [N9:P] [undefined] 61 119 0 0 (1031208960)
                              [N12:Z] [undefined] 61 119 0 0 (1031208960)
                              [N12:Z] MOTOR_I 0 0 (0)
                              [N12:Z] [undefined] 61 119 0 0 (1031208960)
2025-08-15 18:28:39:775 [IN ] C8 24 09 18 25 A5 09 01 31 03 CF 00 00 0D B3 25 A5 09 01 31 05 E6 3D 77 00 00 DA A5 00 C8 24 0C 18 25 A5 0C 01 31 03 CF 00 00 10 C8 25 A5 0C 01 31 05 E6 3D 77 00 00 DD C0 00 C8 24 09 18 25 A5 
09 01 31 03 CF 00 00 0D B3 25 A5 09 01 31 05 E6 3D 77 00 00 DA A5 00 C8 24 0C 18 25 A5 0C 01 31 03 CF 00 00 10 C8 25 A5 0C 01 31 05 E6 3D 77 00 00 DD C0 00 (116)
                              [N9:P] MOTOR_I 0 0 (0)
                              [N9:P] [undefined] 61 119 0 0 (1031208960)
                              [N12:Z] MOTOR_I 0 0 (0)
                              [N12:Z] [undefined] 61 119 0 0 (1031208960)
                              [N9:P] MOTOR_I 0 0 (0)
                              [N9:P] [undefined] 61 119 0 0 (1031208960)
                              [N12:Z] MOTOR_I 0 0 (0)
                              [N12:Z] [undefined] 61 119 0 0 (1031208960)
2025-08-15 18:28:39:977 [IN ] C8 24 09 18 25 A5 09 01 31 03 CF 00 00 0D B3 25 A5 09 01 31 05 E6 3D 77 00 00 DA A5 00 C8 24 0C 18 25 A5 0C 01 31 03 CF 00 00 10 C8 25 A5 0C 01 31 05 E6 3D 77 00 00 DD C0 00 C8 24 09 18 25 A5 
09 01 31 03 CF 00 00 0D B3 25 A5 09 01 31 05 E6 3D 77 00 00 DA A5 00 C8 24 0C 18 25 A5 0C 01 31 03 CF 00 00 10 C8 25 A5 0C 01 31 05 E6 3D 77 00 00 DD C0 00 (116)
                              [N9:P] MOTOR_I 0 0 (0)
                              [N9:P] [undefined] 61 119 0 0 (1031208960)
                              [N12:Z] MOTOR_I 0 0 (0)
                              [N12:Z] [undefined] 61 119 0 0 (1031208960)
                              [N9:P] MOTOR_I 0 0 (0)
                              [N9:P] [undefined] 61 119 0 0 (1031208960)
                              [N12:Z] MOTOR_I 0 0 (0)
                              [N12:Z] [undefined] 61 119 0 0 (1031208960)
2025-08-15 18:28:40:178 [IN ] C8 24 09 18 25 A5 09 01 31 03 CF 00 00 0D B3 25 A5 09 01 31 05 E6 3D 77 00 00 DA A5 00 C8 24 0C 18 25 A5 0C 01 31 03 CF 00 00 10 C8 25 A5 0C 01 31 05 E6 3D 77 00 00 DD C0 00 C8 24 09 18 25 A5 
09 01 31 03 CF 00 00 0D B3 25 A5 09 01 31 05 E6 3D 77 00 00 DA A5 00 C8 24 0C 18 25 A5 0C 01 31 03 CF 00 00 10 C8 25 A5 0C 01 31 05 E6 3D 77 00 00 DD C0 00 (116)
                              [N9:P] MOTOR_I 0 0 (0)
                              [N9:P] [undefined] 61 119 0 0 (1031208960)
                              [N12:Z] MOTOR_I 0 0 (0)
                              [N12:Z] [undefined] 61 119 0 0 (1031208960)
                              [N9:P] MOTOR_I 0 0 (0)
                              [N9:P] [undefined] 61 119 0 0 (1031208960)
                              [N12:Z] MOTOR_I 0 0 (0)
                              [N12:Z] [undefined] 61 119 0 0 (1031208960)
2025-08-15 18:28:40:380 [IN ] C8 24 09 18 25 A5 09 01 31 03 CF 00 00 0D B3 25 A5 09 01 31 05 E6 3D 77 00 00 DA A5 00 C8 24 0C 18 25 A5 0C 01 31 03 CF 00 00 10 C8 25 A5 0C 01 31 05 E6 3D 77 00 00 DD C0 00 C8 24 09 18 25 A5 
09 01 31 03 CF 00 00 0D B3 25 A5 09 01 31 05 E6 3D 77 00 00 DA A5 00 C8 24 0C 18 25 A5 0C 01 31 03 CF 00 00 10 C8 25 A5 0C 01 31 05 E6 3D 77 00 00 DD C0 00 (116)
                              [N9:P] MOTOR_I 0 0 (0)
                              [N9:P] [undefined] 61 119 0 0 (1031208960)
                              [N12:Z] MOTOR_I 0 0 (0)
                              [N12:Z] [undefined] 61 119 0 0 (1031208960)
                              [N9:P] MOTOR_I 0 0 (0)
                              [N9:P] [undefined] 61 119 0 0 (1031208960)
                              [N12:Z] MOTOR_I 0 0 (0)
                              [N12:Z] [undefined] 61 119 0 0 (1031208960)
2025-08-15 18:28:40:581 [IN ] C8 24 09 18 25 A5 09 01 31 03 CF 00 00 0D B3 25 A5 09 01 31 05 E6 3D 77 00 00 DA A5 00 C8 24 0C 18 25 A5 0C 01 31 03 CF 00 00 10 C8 25 A5 0C 01 31 05 E6 3D 77 00 00 DD C0 00 C8 24 09 18 25 A5 
09 01 31 03 CF 00 00 0D B3 25 A5 09 01 31 05 E6 3D 77 00 00 DA A5 00 C8 24 0C 18 25 A5 0C 01 31 03 CF 00 00 10 C8 25 A5 0C 01 31 05 E6 3D 77 00 00 DD C0 00 (116)
                              [N9:P] MOTOR_I 0 0 (0)
                              [N9:P] [undefined] 61 119 0 0 (1031208960)
                              [N12:Z] MOTOR_I 0 0 (0)
                              [N12:Z] [undefined] 61 119 0 0 (1031208960)
                              [N9:P] MOTOR_I 0 0 (0)
                              [N9:P] [undefined] 61 119 0 0 (1031208960)
                              [N12:Z] MOTOR_I 0 0 (0)
                              [N12:Z] [undefined] 61 119 0 0 (1031208960)
2025-08-15 18:28:40:783 [IN ] C8 24 09 18 25 A5 09 01 31 03 CF 00 00 0D B3 25 A5 09 01 31 05 E6 3D 77 00 00 DA A5 00 C8 24 0C 18 25 A5 0C 01 31 03 CF 00 00 10 C8 25 A5 0C 01 31 05 E6 3D 77 00 00 DD C0 00 C8 24 09 0E 25 A5 
09 01 31 03 CF 00 00 0D B3 25 A5 09 01 C8 24 09 0A 01 31 05 E6 3D 77 00 00 DA A5 B3 C8 24 0C 18 25 A5 0C 01 31 03 CF 00 00 10 C8 25 A5 0C 01 31 05 E6 3D 77 00 00 DD C0 00 (121)
                              [N9:P] MOTOR_I 0 0 (0)
                              [N9:P] [undefined] 61 119 0 0 (1031208960)
                              [N12:Z] MOTOR_I 0 0 (0)
                              [N12:Z] [undefined] 61 119 0 0 (1031208960)
                              [N9:P] MOTOR_I 0 0 (0)
                              [N9:P] [undefined] 61 119 0 0 (1031208960)
                              [N12:Z] MOTOR_I 0 0 (0)
                              [N12:Z] [undefined] 61 119 0 0 (1031208960)
2025-08-15 18:28:40:986 [IN ] C8 24 09 15 25 A5 09 01 31 03 CF 00 00 0D B3 25 A5 09 01 31 05 E6 3D 77 00 00 C8 24 0C 18 25 A5 0C 01 31 03 CF 00 00 10 C8 25 A5 0C 01 31 05 E6 3D 77 00 00 DD C0 00 C8 24 09 1B 00 DA A5 25 A5 
09 01 31 03 CF 00 00 0D B3 25 A5 09 01 31 05 E6 3D 77 00 00 DA A5 09 C8 24 0C 18 25 A5 0C 01 31 03 CF 00 00 10 C8 25 A5 0C 01 31 05 E6 3D 77 00 00 DD C0 00 (116)
                              [N9:P] MOTOR_I 0 0 (0)
                              [N12:Z] MOTOR_I 0 0 (0)
                              [N12:Z] [undefined] 61 119 0 0 (1031208960)
                              [N9:P] [undefined] 61 119 0 0 (1031208960)
                              [N9:P] MOTOR_I 0 0 (0)
                              [N9:P] [undefined] 61 119 0 0 (1031208960)
                              [N12:Z] MOTOR_I 0 0 (0)
                              [N12:Z] [undefined] 61 119 0 0 (1031208960)
2025-08-15 18:28:41:187 [IN ] C8 24 09 18 25 A5 09 01 31 03 CF 00 00 0D B3 25 A5 09 01 31 05 E6 3D 77 00 00 DA A5 00 C8 24 0C 18 25 A5 0C 01 31 03 CF 00 00 10 C8 25 A5 0C 01 31 05 E6 3D 77 00 00 DD C0 00 C8 24 09 18 25 A5 
09 01 31 03 CF 00 00 0D B3 25 A5 09 01 31 05 E6 3D 77 00 00 DA A5 00 C8 24 0C 0E 25 A5 0C 01 31 03 CF 00 00 10 C8 25 A5 0C 01 C8 24 0C 0A 01 31 05 E6 3D 77 00 00 DD C0 C8 (121)
                              [N9:P] MOTOR_I 0 0 (0)
                              [N9:P] [undefined] 61 119 0 0 (1031208960)
                              [N12:Z] MOTOR_I 0 0 (0)
                              [N12:Z] [undefined] 61 119 0 0 (1031208960)
                              [N9:P] MOTOR_I 0 0 (0)
                              [N9:P] [undefined] 61 119 0 0 (1031208960)
                              [N12:Z] MOTOR_I 0 0 (0)
                              [N12:Z] [undefined] 61 119 0 0 (1031208960)
2025-08-15 18:28:41:390 [IN ] C8 24 09 18 25 A5 09 01 31 03 CF 00 00 0D B3 25 A5 09 01 31 05 E6 3D 77 00 00 DA A5 00 C8 24 0C 15 25 A5 0C 01 31 03 CF 00 00 10 C8 25 A5 0C 01 31 05 E6 3D 77 00 00 C8 24 09 18 25 A5 09 01 31 
03 CF 00 00 0D B3 25 A5 09 01 31 05 E6 3D 77 00 00 DA A5 00 C8 24 0C 1B 00 DD C0 25 A5 0C 01 31 03 CF 00 00 10 C8 25 A5 0C 01 31 05 E6 3D 77 00 00 DD C0 09 (116)
                              [N9:P] MOTOR_I 0 0 (0)
                              [N9:P] [undefined] 61 119 0 0 (1031208960)
                              [N12:Z] MOTOR_I 0 0 (0)
                              [N9:P] MOTOR_I 0 0 (0)
                              [N9:P] [undefined] 61 119 0 0 (1031208960)
                              [N12:Z] [undefined] 61 119 0 0 (1031208960)
                              [N12:Z] MOTOR_I 0 0 (0)
                              [N12:Z] [undefined] 61 119 0 0 (1031208960)
2025-08-15 18:28:41:592 [IN ] C8 24 09 18 25 A5 09 01 31 03 CF 00 00 0D B3 25 A5 09 01 31 05 E6 3D 77 00 00 DA A5 00 C8 24 0C 18 25 A5 0C 01 31 03 CF 00 00 10 C8 25 A5 0C 01 31 05 E6 3D 77 00 00 DD C0 00 C8 24 09 18 25 A5 
09 01 31 03 CF 00 00 0D B3 25 A5 09 01 31 05 E6 3D 77 00 00 DA A5 00 C8 24 0C 18 25 A5 0C 01 31 03 CF 00 00 10 C8 25 A5 0C 01 31 05 E6 3D 77 00 00 DD C0 00 (116)
                              [N9:P] MOTOR_I 0 0 (0)
                              [N9:P] [undefined] 61 119 0 0 (1031208960)
                              [N12:Z] MOTOR_I 0 0 (0)
                              [N12:Z] [undefined] 61 119 0 0 (1031208960)
                              [N9:P] MOTOR_I 0 0 (0)
                              [N9:P] [undefined] 61 119 0 0 (1031208960)
                              [N12:Z] MOTOR_I 0 0 (0)
                              [N12:Z] [undefined] 61 119 0 0 (1031208960)
2025-08-15 18:28:41:793 [IN ] C8 24 09 18 25 A5 09 01 31 03 CF 00 00 0D B3 25 A5 09 01 31 05 E6 3D 77 00 00 DA A5 00 C8 24 0C 18 25 A5 0C 01 31 03 CF 00 00 10 C8 25 A5 0C 01 31 05 E6 3D 77 00 00 DD C0 00 C8 24 09 18 25 A5 
09 01 31 03 CF 00 00 0D B3 25 A5 09 01 31 05 E6 3D 77 00 00 DA A5 00 C8 24 0C 18 25 A5 0C 01 31 03 CF 00 00 10 C8 25 A5 0C 01 31 05 E6 3D 77 00 00 DD C0 00 (116)
                              [N9:P] MOTOR_I 0 0 (0)
                              [N9:P] [undefined] 61 119 0 0 (1031208960)
                              [N12:Z] MOTOR_I 0 0 (0)
                              [N12:Z] [undefined] 61 119 0 0 (1031208960)
                              [N9:P] MOTOR_I 0 0 (0)
                              [N9:P] [undefined] 61 119 0 0 (1031208960)
                              [N12:Z] MOTOR_I 0 0 (0)
                              [N12:Z] [undefined] 61 119 0 0 (1031208960)
2025-08-15 18:28:41:995 [IN ] C8 24 09 18 25 A5 09 01 31 03 CF 00 00 0D B3 25 A5 09 01 31 05 E6 3D 77 00 00 DA A5 00 C8 24 0C 18 25 A5 0C 01 31 03 CF 00 00 10 C8 25 A5 0C 01 31 05 E6 3D 77 00 00 DD C0 00 C8 24 09 18 25 A5 
09 01 31 03 CF 00 00 0D B3 25 A5 09 01 31 05 E6 3D 77 00 00 DA A5 00 C8 24 0C 18 25 A5 0C 01 31 03 CF 00 00 10 C8 25 A5 0C 01 31 05 E6 3D 77 00 00 DD C0 00 (116)
                              [N9:P] MOTOR_I 0 0 (0)
                              [N9:P] [undefined] 61 119 0 0 (1031208960)
                              [N12:Z] MOTOR_I 0 0 (0)
                              [N12:Z] [undefined] 61 119 0 0 (1031208960)
                              [N9:P] MOTOR_I 0 0 (0)
                              [N9:P] [undefined] 61 119 0 0 (1031208960)
                              [N12:Z] MOTOR_I 0 0 (0)
                              [N12:Z] [undefined] 61 119 0 0 (1031208960)
2025-08-15 18:28:42:196 [IN ] C8 24 09 18 25 A5 09 01 31 03 CF 00 00 0D B3 25 A5 09 01 31 05 E6 3D 77 00 00 DA A5 00 C8 24 0C 18 25 A5 0C 01 31 03 CF 00 00 10 C8 25 A5 0C 01 31 05 E6 3D 77 00 00 DD C0 00 C8 24 09 18 25 A5 
09 01 31 03 CF 00 00 0D B3 25 A5 09 01 31 05 E6 3D 77 00 00 DA A5 00 C8 24 0C 18 25 A5 0C 01 31 03 CF 00 00 10 C8 25 A5 0C 01 31 05 E6 3D 77 00 00 DD C0 00 (116)
                              [N9:P] MOTOR_I 0 0 (0)
                              [N9:P] [undefined] 61 119 0 0 (1031208960)
                              [N12:Z] MOTOR_I 0 0 (0)
                              [N12:Z] [undefined] 61 119 0 0 (1031208960)
                              [N9:P] MOTOR_I 0 0 (0)
                              [N9:P] [undefined] 61 119 0 0 (1031208960)
                              [N12:Z] MOTOR_I 0 0 (0)
                              [N12:Z] [undefined] 61 119 0 0 (1031208960)
2025-08-15 18:28:42:398 [IN ] C8 24 09 18 25 A5 09 01 31 03 CF 00 00 0D B3 25 A5 09 01 31 05 E6 3D 77 00 00 DA A5 00 C8 24 0C 18 25 A5 0C 01 31 03 CF 00 00 10 C8 25 A5 0C 01 31 05 E6 3D 77 00 00 DD C0 00 C8 24 09 18 25 A5 
09 01 31 03 CF 00 00 0D B3 25 A5 09 01 31 05 E6 3D 77 00 00 DA A5 00 C8 24 0C 18 25 A5 0C 01 31 03 CF 00 00 10 C8 25 A5 0C 01 31 05 E6 3D 77 00 00 DD C0 00 (116)
                              [N9:P] MOTOR_I 0 0 (0)
                              [N9:P] [undefined] 61 119 0 0 (1031208960)
                              [N12:Z] MOTOR_I 0 0 (0)
                              [N12:Z] [undefined] 61 119 0 0 (1031208960)
                              [N9:P] MOTOR_I 0 0 (0)
                              [N9:P] [undefined] 61 119 0 0 (1031208960)
                              [N12:Z] MOTOR_I 0 0 (0)
                              [N12:Z] [undefined] 61 119 0 0 (1031208960)
2025-08-15 18:28:42:599 [IN ] C8 24 09 18 25 A5 09 01 31 03 CF 00 00 0D B3 25 A5 09 01 31 05 E6 3D 77 00 00 DA A5 00 C8 24 0C 18 25 A5 0C 01 31 03 CF 00 00 10 C8 25 A5 0C 01 31 05 E6 3D 77 00 00 DD C0 00 C8 24 09 0E 25 A5 
09 01 31 03 CF 00 00 0D B3 25 A5 09 01 C8 24 09 0A 01 31 05 E6 3D 77 00 00 DA A5 B3 C8 24 0C 18 25 A5 0C 01 31 03 CF 00 00 10 C8 25 A5 0C 01 31 05 E6 3D 77 00 00 DD C0 00 (121)
                              [N9:P] MOTOR_I 0 0 (0)
                              [N9:P] [undefined] 61 119 0 0 (1031208960)
                              [N12:Z] MOTOR_I 0 0 (0)
                              [N12:Z] [undefined] 61 119 0 0 (1031208960)
                              [N9:P] MOTOR_I 0 0 (0)
                              [N9:P] [undefined] 61 119 0 0 (1031208960)
                              [N12:Z] MOTOR_I 0 0 (0)
                              [N12:Z] [undefined] 61 119 0 0 (1031208960)
2025-08-15 18:28:42:806 [IN ] C8 24 09 15 25 A5 09 01 31 03 CF 00 00 0D B3 25 A5 09 01 31 05 E6 3D 77 00 00 C8 24 0C 18 25 A5 0C 01 31 03 CF 00 00 10 C8 25 A5 0C 01 31 05 E6 3D 77 00 00 DD C0 00 C8 24 09 1B 00 DA A5 25 A5 
09 01 31 03 CF 00 00 0D B3 25 A5 09 01 31 05 E6 3D 77 00 00 DA A5 09 C8 24 0C 18 25 A5 0C 01 31 03 CF 00 00 10 C8 25 A5 0C 01 31 05 E6 3D 77 00 00 DD C0 00 (116)
                              [N9:P] MOTOR_I 0 0 (0)
                              [N12:Z] MOTOR_I 0 0 (0)
                              [N12:Z] [undefined] 61 119 0 0 (1031208960)
                              [N9:P] [undefined] 61 119 0 0 (1031208960)
                              [N9:P] MOTOR_I 0 0 (0)
                              [N9:P] [undefined] 61 119 0 0 (1031208960)
                              [N12:Z] MOTOR_I 0 0 (0)
                              [N12:Z] [undefined] 61 119 0 0 (1031208960)
2025-08-15 18:28:43:007 [IN ] C8 24 09 18 25 A5 09 01 31 03 CF 00 00 0D B3 25 A5 09 01 31 05 E6 3D 77 00 00 DA A5 00 C8 24 0C 0E 25 A5 0C 01 31 03 CF 00 00 10 C8 25 A5 0C 01 C8 24 0C 0A 01 31 05 E6 3D 77 00 00 DD C0 C8 C8 
24 09 18 25 A5 09 01 31 03 CF 00 00 0D B3 25 A5 09 01 31 05 E6 3D 77 00 00 DA A5 00 C8 24 0C 15 25 A5 0C 01 31 03 CF 00 00 10 C8 25 A5 0C 01 31 05 E6 3D 77 00 00 (118)
                              [N9:P] MOTOR_I 0 0 (0)
                              [N9:P] [undefined] 61 119 0 0 (1031208960)
                              [N12:Z] MOTOR_I 0 0 (0)
                              [N12:Z] [undefined] 61 119 0 0 (1031208960)
                              [N9:P] MOTOR_I 0 0 (0)
                              [N9:P] [undefined] 61 119 0 0 (1031208960)
                              [N12:Z] MOTOR_I 0 0 (0)
2025-08-15 18:28:43:211 [IN ] C8 24 09 18 25 A5 09 01 31 03 CF 00 00 0D B3 25 A5 09 01 31 05 E6 3D 77 00 00 DA A5 00 C8 24 0C 1B 00 DD C0 25 A5 0C 01 31 03 CF 00 00 10 C8 25 A5 0C 01 31 05 E6 3D 77 00 00 DD C0 09 C8 24 09 
18 25 A5 09 01 31 03 CF 00 00 0D B3 25 A5 09 01 31 05 E6 3D 77 00 00 DA A5 00 C8 24 0C 18 25 A5 0C 01 31 03 CF 00 00 10 C8 25 A5 0C 01 31 05 E6 3D 77 00 00 DD C0 00 (119)
                              [N9:P] MOTOR_I 0 0 (0)
                              [N9:P] [undefined] 61 119 0 0 (1031208960)
                              [N12:Z] [undefined] 61 119 0 0 (1031208960)
                              [N12:Z] MOTOR_I 0 0 (0)
                              [N12:Z] [undefined] 61 119 0 0 (1031208960)
                              [N9:P] MOTOR_I 0 0 (0)
                              [N9:P] [undefined] 61 119 0 0 (1031208960)
                              [N12:Z] MOTOR_I 0 0 (0)
                              [N12:Z] [undefined] 61 119 0 0 (1031208960)
2025-08-15 18:28:43:412 [IN ] C8 24 09 18 25 A5 09 01 31 03 CF 00 00 0D B3 25 A5 09 01 31 05 E6 3D 77 00 00 DA A5 00 C8 24 0C 18 25 A5 0C 01 31 03 CF 00 00 10 C8 25 A5 0C 01 31 05 E6 3D 77 00 00 DD C0 00 C8 24 09 18 25 A5 
09 01 31 03 CF 00 00 0D B3 25 A5 09 01 31 05 E6 3D 77 00 00 DA A5 00 C8 24 0C 18 25 A5 0C 01 31 03 CF 00 00 10 C8 25 A5 0C 01 31 05 E6 3D 77 00 00 DD C0 00 (116)
                              [N9:P] MOTOR_I 0 0 (0)
                              [N9:P] [undefined] 61 119 0 0 (1031208960)
                              [N12:Z] MOTOR_I 0 0 (0)
                              [N12:Z] [undefined] 61 119 0 0 (1031208960)
                              [N9:P] MOTOR_I 0 0 (0)
                              [N9:P] [undefined] 61 119 0 0 (1031208960)
                              [N12:Z] MOTOR_I 0 0 (0)
                              [N12:Z] [undefined] 61 119 0 0 (1031208960)
2025-08-15 18:28:43:614 [IN ] C8 24 09 18 25 A5 09 01 31 03 CF 00 00 0D B3 25 A5 09 01 31 05 E6 3D 77 00 00 DA A5 00 C8 24 0C 18 25 A5 0C 01 31 03 CF 00 00 10 C8 25 A5 0C 01 31 05 E6 3D 77 00 00 DD C0 00 C8 24 09 18 25 A5 
09 01 31 03 CF 00 00 0D B3 25 A5 09 01 31 05 E6 3D 77 00 00 DA A5 00 C8 24 0C 18 25 A5 0C 01 31 03 CF 00 00 10 C8 25 A5 0C 01 31 05 E6 3D 77 00 00 DD C0 00 (116)
                              [N9:P] MOTOR_I 0 0 (0)
                              [N9:P] [undefined] 61 119 0 0 (1031208960)
                              [N12:Z] MOTOR_I 0 0 (0)
                              [N12:Z] [undefined] 61 119 0 0 (1031208960)
                              [N9:P] MOTOR_I 0 0 (0)
                              [N9:P] [undefined] 61 119 0 0 (1031208960)
                              [N12:Z] MOTOR_I 0 0 (0)
                              [N12:Z] [undefined] 61 119 0 0 (1031208960)
2025-08-15 18:28:43:816 [IN ] C8 24 09 18 25 A5 09 01 31 03 CF 00 00 0D B3 25 A5 09 01 31 05 E6 3D 77 00 00 DA A5 00 C8 24 0C 18 25 A5 0C 01 31 03 CF 00 00 10 C8 25 A5 0C 01 31 05 E6 3D 77 00 00 DD C0 00 C8 24 09 18 25 A5 
09 01 31 03 CF 00 00 0D B3 25 A5 09 01 31 05 E6 3D 77 00 00 DA A5 00 C8 24 0C 18 25 A5 0C 01 31 03 CF 00 00 10 C8 25 A5 0C 01 31 05 E6 3D 77 00 00 DD C0 00 (116)
                              [N9:P] MOTOR_I 0 0 (0)
                              [N9:P] [undefined] 61 119 0 0 (1031208960)
                              [N12:Z] MOTOR_I 0 0 (0)
                              [N12:Z] [undefined] 61 119 0 0 (1031208960)
                              [N9:P] MOTOR_I 0 0 (0)
                              [N9:P] [undefined] 61 119 0 0 (1031208960)
                              [N12:Z] MOTOR_I 0 0 (0)
                              [N12:Z] [undefined] 61 119 0 0 (1031208960)
2025-08-15 18:28:44:017 [IN ] C8 24 09 18 25 A5 09 01 31 03 CF 00 00 0D B3 25 A5 09 01 31 05 E6 3D 77 00 00 DA A5 00 C8 24 0C 18 25 A5 0C 01 31 03 CF 00 00 10 C8 25 A5 0C 01 31 05 E6 3D 77 00 00 DD C0 00 C8 24 09 18 25 A5 
09 01 31 03 CF 00 00 0D B3 25 A5 09 01 31 05 E6 3D 77 00 00 DA A5 00 C8 24 0C 18 25 A5 0C 01 31 03 CF 00 00 10 C8 25 A5 0C 01 31 05 E6 3D 77 00 00 DD C0 00 (116)
                              [N9:P] MOTOR_I 0 0 (0)
                              [N9:P] [undefined] 61 119 0 0 (1031208960)
                              [N12:Z] MOTOR_I 0 0 (0)
                              [N12:Z] [undefined] 61 119 0 0 (1031208960)
                              [N9:P] MOTOR_I 0 0 (0)
                              [N9:P] [undefined] 61 119 0 0 (1031208960)
                              [N12:Z] MOTOR_I 0 0 (0)
                              [N12:Z] [undefined] 61 119 0 0 (1031208960)
2025-08-15 18:28:44:218 [IN ] C8 24 09 18 25 A5 09 01 31 03 CF 00 00 0D B3 25 A5 09 01 31 05 E6 3D 77 00 00 DA A5 00 C8 24 0C 18 25 A5 0C 01 31 03 CF 00 00 10 C8 25 A5 0C 01 31 05 E6 3D 77 00 00 DD C0 00 C8 24 05 0E 25 A5 
05 01 31 06 81 45 00 0D 02 B6 C8 2D 01 C8 24 09 18 25 A5 09 01 31 03 CF 00 00 0D B3 25 A5 09 01 31 05 E6 3D 77 00 00 DA A5 00 C8 24 0C 18 25 A5 0C 01 31 03 CF 00 00 10 C8 25 A5 0C 01 31 05 E6 
3D 77 00 00 DD C0 00 (135)
                              [N9:P] MOTOR_I 0 0 (0)
                              [N9:P] [undefined] 61 119 0 0 (1031208960)
                              [N12:Z] MOTOR_I 0 0 (0)
                              [N12:Z] [undefined] 61 119 0 0 (1031208960)
                              [N5:V] TPOS 'E' 0 13 2 182 (852662)
                              [N9:P] MOTOR_I 0 0 (0)
                              [N9:P] [undefined] 61 119 0 0 (1031208960)
                              [N12:Z] MOTOR_I 0 0 (0)
                              [N12:Z] [undefined] 61 119 0 0 (1031208960)
2025-08-15 18:28:44:421 [IN ] C8 24 09 0E 25 A5 09 01 31 03 CF 00 00 0D B3 25 A5 09 01 C8 24 09 0A 01 31 05 E6 3D 77 00 00 DA A5 B3 C8 24 0C 18 25 A5 0C 01 31 03 CF 00 00 10 C8 25 A5 0C 01 31 05 E6 3D 77 00 00 DD C0 00 C8 
24 09 15 25 A5 09 01 31 03 CF 00 00 0D B3 25 A5 09 01 31 05 E6 3D 77 00 00 C8 24 0C 18 25 A5 0C 01 31 03 CF 00 00 10 C8 25 A5 0C 01 31 05 E6 3D 77 00 00 DD C0 00 (118)
                              [N9:P] MOTOR_I 0 0 (0)
                              [N9:P] [undefined] 61 119 0 0 (1031208960)
                              [N12:Z] MOTOR_I 0 0 (0)
                              [N12:Z] [undefined] 61 119 0 0 (1031208960)
                              [N9:P] MOTOR_I 0 0 (0)
                              [N12:Z] MOTOR_I 0 0 (0)
                              [N12:Z] [undefined] 61 119 0 0 (1031208960)
2025-08-15 18:28:44:443 [OUT] 25 A5 01 03 31 05 81 FF ED B1 30 88 70 (13)
                              [N3:X] TPOS 255 237 177 48 (-1199824)
2025-08-15 18:28:44:444 [IN ] C8 24 09 1B 00 DA A5 25 A5 09 01 31 03 CF 00 00 0D B3 25 A5 09 01 31 05 E6 3D 77 00 00 DA A5 09 (32)
                              [N9:P] [undefined] 61 119 0 0 (1031208960)
                              [N9:P] MOTOR_I 0 0 (0)
                              [N9:P] [undefined] 61 119 0 0 (1031208960)
2025-08-15 18:28:44:465 [OUT] 25 A5 01 04 31 05 81 FF F3 BD 0C 77 7E (13)
                              [N4:Y] TPOS 255 243 189 12 (-803572)
2025-08-15 18:28:44:529 [IN ] C8 24 0C 18 25 A5 0C 01 31 03 CF 00 00 10 C8 25 A5 0C 01 31 05 E6 3D 77 00 00 DD C0 00 C8 24 09 18 25 (34)
                              [N12:Z] MOTOR_I 0 0 (0)
                              [N12:Z] [undefined] 61 119 0 0 (1031208960)
2025-08-15 18:28:44:550 [IN ] A5 09 01 31 03 CF 00 00 0D B3 25 A5 09 01 31 05 E6 3D 77 00 00 DA A5 00 (24)
                              [N9:P] MOTOR_I 0 0 (0)
                              [N9:P] [undefined] 61 119 0 0 (1031208960)
2025-08-15 18:28:44:612 [IN ] C8 24 0C 18 25 A5 0C 01 31 03 CF 00 00 10 C8 25 A5 0C 01 31 05 E6 3D 77 00 00 DD C0 00 C8 24 03 0E 25 A5 03 01 31 06 81 53 FF FD 4F 1C 76 (46)
                              [N12:Z] MOTOR_I 0 0 (0)
                              [N12:Z] [undefined] 61 119 0 0 (1031208960)
2025-08-15 18:28:44:633 [IN ] 2B 01 (2)
                              [N3:X] TPOS 'S' 255 253 79 28 (-176356)
2025-08-15 18:28:44:654 [IN ] C8 24 09 18 25 A5 09 01 31 03 CF 00 00 0D B3 25 A5 09 01 31 05 E6 3D 77 00 00 DA A5 00 (29)
                              [N9:P] MOTOR_I 0 0 (0)
                              [N9:P] [undefined] 61 119 0 0 (1031208960)
2025-08-15 18:28:44:696 [IN ] C8 24 0C 0E 25 A5 0C 01 31 03 CF 00 00 10 C8 25 A5 0C 01 (19)
                              [N12:Z] MOTOR_I 0 0 (0)
2025-08-15 18:28:44:718 [IN ] C8 24 0C 0A 01 31 05 E6 3D 77 00 00 DD C0 C8 (15)
                              [N12:Z] [undefined] 61 119 0 0 (1031208960)
2025-08-15 18:28:44:739 [IN ] C8 24 09 18 25 A5 09 01 31 03 CF 00 00 0D B3 25 A5 09 01 31 05 E6 3D 77 00 00 DA A5 00 (29)
                              [N9:P] MOTOR_I 0 0 (0)
                              [N9:P] [undefined] 61 119 0 0 (1031208960)
2025-08-15 18:28:44:760 [IN ] C8 24 04 0E 25 A5 04 01 31 06 81 53 FF FD 4F 65 C0 7E 01 (19)
                              [N4:Y] TPOS 'S' 255 253 79 101 (-176283)
2025-08-15 18:28:44:963 [IN ] C8 24 0C 15 25 A5 0C 01 31 03 CF 00 00 10 C8 25 A5 0C 01 31 05 E6 3D 77 00 00 C8 24 09 18 25 A5 09 01 31 03 CF 00 00 0D B3 25 A5 09 01 31 05 E6 3D 77 00 00 DA A5 00 C8 24 0C 1B 00 DD C0 25 A5 
0C 01 31 03 CF 00 00 10 C8 25 A5 0C 01 31 05 E6 3D 77 00 00 DD C0 09 C8 24 09 18 25 A5 09 01 31 03 CF 00 00 0D B3 25 A5 09 01 31 05 E6 3D 77 00 00 DA A5 00 (116)
                              [N12:Z] MOTOR_I 0 0 (0)
                              [N9:P] MOTOR_I 0 0 (0)
                              [N9:P] [undefined] 61 119 0 0 (1031208960)
                              [N12:Z] [undefined] 61 119 0 0 (1031208960)
                              [N12:Z] MOTOR_I 0 0 (0)
                              [N12:Z] [undefined] 61 119 0 0 (1031208960)
                              [N9:P] MOTOR_I 0 0 (0)
                              [N9:P] [undefined] 61 119 0 0 (1031208960)
2025-08-15 18:28:45:164 [IN ] C8 24 0C 18 25 A5 0C 01 31 03 CF 00 00 10 C8 25 A5 0C 01 31 05 E6 3D 77 00 00 DD C0 00 C8 24 09 18 25 A5 09 01 31 03 CF 00 00 0D B3 25 A5 09 01 31 05 E6 3D 77 00 00 DA A5 00 C8 24 0C 18 25 A5 
0C 01 31 03 CF 00 00 10 C8 25 A5 0C 01 31 05 E6 3D 77 00 00 DD C0 00 C8 24 09 18 25 A5 09 01 31 03 CF 00 00 0D B3 25 A5 09 01 31 05 E6 3D 77 00 00 DA A5 00 (116)
                              [N12:Z] MOTOR_I 0 0 (0)
                              [N12:Z] [undefined] 61 119 0 0 (1031208960)
                              [N9:P] MOTOR_I 0 0 (0)
                              [N9:P] [undefined] 61 119 0 0 (1031208960)
                              [N12:Z] MOTOR_I 0 0 (0)
                              [N12:Z] [undefined] 61 119 0 0 (1031208960)
                              [N9:P] MOTOR_I 0 0 (0)
                              [N9:P] [undefined] 61 119 0 0 (1031208960)
2025-08-15 18:28:45:365 [IN ] C8 24 0C 18 25 A5 0C 01 31 03 CF 00 00 10 C8 25 A5 0C 01 31 05 E6 3D 77 00 00 DD C0 00 C8 24 09 18 25 A5 09 01 31 03 CF 00 00 0D B3 25 A5 09 01 31 05 E6 3D 77 00 00 DA A5 00 C8 24 0C 18 25 A5 
0C 01 31 03 CF 00 00 10 C8 25 A5 0C 01 31 05 E6 3D 77 00 00 DD C0 00 C8 24 08 0E 25 A5 08 01 31 06 81 45 FF EE 18 39 44 99 01 C8 24 09 18 25 A5 09 01 31 03 CF 00 00 0D B3 25 A5 09 01 31 05 E6 
3D 77 00 00 DA A5 00 (135)
                              [N12:Z] MOTOR_I 0 0 (0)
                              [N12:Z] [undefined] 61 119 0 0 (1031208960)
                              [N9:P] MOTOR_I 0 0 (0)
                              [N9:P] [undefined] 61 119 0 0 (1031208960)
                              [N12:Z] MOTOR_I 0 0 (0)
                              [N12:Z] [undefined] 61 119 0 0 (1031208960)
                              [N8:R] TPOS 'E' 255 238 24 57 (-1173447)
                              [N9:P] MOTOR_I 0 0 (0)
                              [N9:P] [undefined] 61 119 0 0 (1031208960)
2025-08-15 18:28:45:567 [IN ] C8 24 0C 18 25 A5 0C 01 31 03 CF 00 00 10 C8 25 A5 0C 01 31 05 E6 3D 77 00 00 DD C0 00 C8 24 09 18 25 A5 09 01 31 03 CF 00 00 0D B3 25 A5 09 01 31 05 E6 3D 77 00 00 DA A5 00 C8 24 0C 18 25 A5 
0C 01 31 03 CF 00 00 10 C8 25 A5 0C 01 31 05 E6 3D 77 00 00 DD C0 00 C8 24 09 18 25 A5 09 01 31 03 CF 00 00 0D B3 25 A5 09 01 31 05 E6 3D 77 00 00 DA A5 00 (116)
                              [N12:Z] MOTOR_I 0 0 (0)
                              [N12:Z] [undefined] 61 119 0 0 (1031208960)
                              [N9:P] MOTOR_I 0 0 (0)
                              [N9:P] [undefined] 61 119 0 0 (1031208960)
                              [N12:Z] MOTOR_I 0 0 (0)
                              [N12:Z] [undefined] 61 119 0 0 (1031208960)
                              [N9:P] MOTOR_I 0 0 (0)
                              [N9:P] [undefined] 61 119 0 0 (1031208960)
2025-08-15 18:28:45:768 [IN ] C8 24 0C 18 25 A5 0C 01 31 03 CF 00 00 10 C8 25 A5 0C 01 31 05 E6 3D 77 00 00 DD C0 00 C8 24 09 18 25 A5 09 01 31 03 CF 00 00 0D B3 25 A5 09 01 31 05 E6 3D 77 00 00 DA A5 00 C8 24 0C 18 25 A5 
0C 01 31 03 CF 00 00 10 C8 25 A5 0C 01 31 05 E6 3D 77 00 00 DD C0 00 C8 24 09 18 25 A5 09 01 31 03 CF 00 00 0D B3 25 A5 09 01 31 05 E6 3D 77 00 00 DA A5 00 (116)
                              [N12:Z] MOTOR_I 0 0 (0)
                              [N12:Z] [undefined] 61 119 0 0 (1031208960)
                              [N9:P] MOTOR_I 0 0 (0)
                              [N9:P] [undefined] 61 119 0 0 (1031208960)
                              [N12:Z] MOTOR_I 0 0 (0)
                              [N12:Z] [undefined] 61 119 0 0 (1031208960)
                              [N9:P] MOTOR_I 0 0 (0)
                              [N9:P] [undefined] 61 119 0 0 (1031208960)
2025-08-15 18:28:45:971 [IN ] C8 24 0C 18 25 A5 0C 01 31 03 CF 00 00 10 C8 25 A5 0C 01 31 05 E6 3D 77 00 00 DD C0 00 C8 24 09 18 25 A5 09 01 31 03 CF 00 00 0D B3 25 A5 09 01 31 05 E6 3D 77 00 00 DA A5 00 C8 24 0C 18 25 A5 
0C 01 31 03 CF 00 00 10 C8 25 A5 0C 01 31 05 E6 3D 77 00 00 DD C0 00 C8 24 09 18 25 A5 09 01 31 03 CF 00 00 0D B3 25 A5 09 01 31 05 E6 3D 77 00 00 DA A5 00 (116)
                              [N12:Z] MOTOR_I 0 0 (0)
                              [N12:Z] [undefined] 61 119 0 0 (1031208960)
                              [N9:P] MOTOR_I 0 0 (0)
                              [N9:P] [undefined] 61 119 0 0 (1031208960)
                              [N12:Z] MOTOR_I 0 0 (0)
                              [N12:Z] [undefined] 61 119 0 0 (1031208960)
                              [N9:P] MOTOR_I 0 0 (0)
                              [N9:P] [undefined] 61 119 0 0 (1031208960)
2025-08-15 18:28:46:172 [IN ] C8 24 0C 18 25 A5 0C 01 31 03 CF 00 00 10 C8 25 A5 0C 01 31 05 E6 3D 77 00 00 DD C0 00 C8 24 09 0E 25 A5 09 01 31 03 CF 00 00 0D B3 25 A5 09 01 C8 24 09 0A 01 31 05 E6 3D 77 00 00 DA A5 B3 C8 
24 0C 18 25 A5 0C 01 31 03 CF 00 00 10 C8 25 A5 0C 01 31 05 E6 3D 77 00 00 DD C0 00 C8 24 09 15 25 A5 09 01 31 03 CF 00 00 0D B3 25 A5 09 01 31 05 E6 3D 77 00 00 (118)
                              [N12:Z] MOTOR_I 0 0 (0)
                              [N12:Z] [undefined] 61 119 0 0 (1031208960)
                              [N9:P] MOTOR_I 0 0 (0)
                              [N9:P] [undefined] 61 119 0 0 (1031208960)
                              [N12:Z] MOTOR_I 0 0 (0)
                              [N12:Z] [undefined] 61 119 0 0 (1031208960)
                              [N9:P] MOTOR_I 0 0 (0)
2025-08-15 18:28:46:376 [IN ] C8 24 0C 18 25 A5 0C 01 31 03 CF 00 00 10 C8 25 A5 0C 01 31 05 E6 3D 77 00 00 DD C0 00 C8 24 09 1B 00 DA A5 25 A5 09 01 31 03 CF 00 00 0D B3 25 A5 09 01 31 05 E6 3D 77 00 00 DA A5 09 C8 24 0C 
18 25 A5 0C 01 31 03 CF 00 00 10 C8 25 A5 0C 01 31 05 E6 3D 77 00 00 DD C0 00 C8 24 09 18 25 A5 09 01 31 03 CF 00 00 0D B3 25 A5 09 01 31 05 E6 3D 77 00 00 DA A5 00 (119)
                              [N12:Z] MOTOR_I 0 0 (0)
                              [N12:Z] [undefined] 61 119 0 0 (1031208960)
                              [N9:P] [undefined] 61 119 0 0 (1031208960)
                              [N9:P] MOTOR_I 0 0 (0)
                              [N9:P] [undefined] 61 119 0 0 (1031208960)
                              [N12:Z] MOTOR_I 0 0 (0)
                              [N12:Z] [undefined] 61 119 0 0 (1031208960)
                              [N9:P] MOTOR_I 0 0 (0)
                              [N9:P] [undefined] 61 119 0 0 (1031208960)
2025-08-15 18:28:46:577 [IN ] C8 24 0C 18 25 A5 0C 01 31 03 CF 00 00 10 C8 25 A5 0C 01 31 05 E6 3D 77 00 00 DD C0 00 C8 24 09 18 25 A5 09 01 31 03 CF 00 00 0D B3 25 A5 09 01 31 05 E6 3D 77 00 00 DA A5 00 C8 24 0C 0E 25 A5 
0C 01 31 03 CF 00 00 10 C8 25 A5 0C 01 C8 24 0C 0A 01 31 05 E6 3D 77 00 00 DD C0 C8 C8 24 09 18 25 A5 09 01 31 03 CF 00 00 0D B3 25 A5 09 01 31 05 E6 3D 77 00 00 DA A5 00 C8 24 07 0E 25 A5 07 
01 31 06 81 45 FF F3 3A 62 93 0B 01 (140)
                              [N12:Z] MOTOR_I 0 0 (0)
                              [N12:Z] [undefined] 61 119 0 0 (1031208960)
                              [N9:P] MOTOR_I 0 0 (0)
                              [N9:P] [undefined] 61 119 0 0 (1031208960)
                              [N12:Z] MOTOR_I 0 0 (0)
                              [N12:Z] [undefined] 61 119 0 0 (1031208960)
                              [N9:P] MOTOR_I 0 0 (0)
                              [N9:P] [undefined] 61 119 0 0 (1031208960)
                              [N7:N] TPOS 'E' 255 243 58 98 (-837022)
2025-08-15 18:28:46:780 [IN ] C8 24 0C 15 25 A5 0C 01 31 03 CF 00 00 10 C8 25 A5 0C 01 31 05 E6 3D 77 00 00 C8 24 09 18 25 A5 09 01 31 03 CF 00 00 0D B3 25 A5 09 01 31 05 E6 3D 77 00 00 DA A5 00 C8 24 0C 1B 00 DD C0 25 A5 
0C 01 31 03 CF 00 00 10 C8 25 A5 0C 01 31 05 E6 3D 77 00 00 DD C0 09 C8 24 09 18 25 A5 09 01 31 03 CF 00 00 0D B3 25 A5 09 01 31 05 E6 3D 77 00 00 DA A5 00 (116)
                              [N12:Z] MOTOR_I 0 0 (0)
                              [N9:P] MOTOR_I 0 0 (0)
                              [N9:P] [undefined] 61 119 0 0 (1031208960)
                              [N12:Z] [undefined] 61 119 0 0 (1031208960)
                              [N12:Z] MOTOR_I 0 0 (0)
                              [N12:Z] [undefined] 61 119 0 0 (1031208960)
                              [N9:P] MOTOR_I 0 0 (0)
                              [N9:P] [undefined] 61 119 0 0 (1031208960)
2025-08-15 18:28:46:982 [IN ] C8 24 0C 18 25 A5 0C 01 31 03 CF 00 00 10 C8 25 A5 0C 01 31 05 E6 3D 77 00 00 DD C0 00 C8 24 09 18 25 A5 09 01 31 03 CF 00 00 0D B3 25 A5 09 01 31 05 E6 3D 77 00 00 DA A5 00 C8 24 0C 18 25 A5 
0C 01 31 03 CF 00 00 10 C8 25 A5 0C 01 31 05 E6 3D 77 00 00 DD C0 00 C8 24 09 18 25 A5 09 01 31 03 CF 00 00 0D B3 25 A5 09 01 31 05 E6 3D 77 00 00 DA A5 00 (116)
                              [N12:Z] MOTOR_I 0 0 (0)
                              [N12:Z] [undefined] 61 119 0 0 (1031208960)
                              [N9:P] MOTOR_I 0 0 (0)
                              [N9:P] [undefined] 61 119 0 0 (1031208960)
                              [N12:Z] MOTOR_I 0 0 (0)
                              [N12:Z] [undefined] 61 119 0 0 (1031208960)
                              [N9:P] MOTOR_I 0 0 (0)
                              [N9:P] [undefined] 61 119 0 0 (1031208960)
2025-08-15 18:28:47:183 [IN ] C8 24 0C 18 25 A5 0C 01 31 03 CF 00 00 10 C8 25 A5 0C 01 31 05 E6 3D 77 00 00 DD C0 00 C8 24 09 18 25 A5 09 01 31 03 CF 00 00 0D B3 25 A5 09 01 31 05 E6 3D 77 00 00 DA A5 00 C8 24 0C 18 25 A5 
0C 01 31 03 CF 00 00 10 C8 25 A5 0C 01 31 05 E6 3D 77 00 00 DD C0 00 C8 24 09 18 25 A5 09 01 31 03 CF 00 00 0D B3 25 A5 09 01 31 05 E6 3D 77 00 00 DA A5 00 (116)
                              [N12:Z] MOTOR_I 0 0 (0)
                              [N12:Z] [undefined] 61 119 0 0 (1031208960)
                              [N9:P] MOTOR_I 0 0 (0)
                              [N9:P] [undefined] 61 119 0 0 (1031208960)
                              [N12:Z] MOTOR_I 0 0 (0)
                              [N12:Z] [undefined] 61 119 0 0 (1031208960)
                              [N9:P] MOTOR_I 0 0 (0)
                              [N9:P] [undefined] 61 119 0 0 (1031208960)
2025-08-15 18:28:47:385 [IN ] C8 24 0C 18 25 A5 0C 01 31 03 CF 00 00 10 C8 25 A5 0C 01 31 05 E6 3D 77 00 00 DD C0 00 C8 24 09 18 25 A5 09 01 31 03 CF 00 00 0D B3 25 A5 09 01 31 05 E6 3D 77 00 00 DA A5 00 C8 24 0C 18 25 A5 
0C 01 31 03 CF 00 00 10 C8 25 A5 0C 01 31 05 E6 3D 77 00 00 DD C0 00 C8 24 09 18 25 A5 09 01 31 03 CF 00 00 0D B3 25 A5 09 01 31 05 E6 3D 77 00 00 DA A5 00 (116)
                              [N12:Z] MOTOR_I 0 0 (0)
                              [N12:Z] [undefined] 61 119 0 0 (1031208960)
                              [N9:P] MOTOR_I 0 0 (0)
                              [N9:P] [undefined] 61 119 0 0 (1031208960)
                              [N12:Z] MOTOR_I 0 0 (0)
                              [N12:Z] [undefined] 61 119 0 0 (1031208960)
                              [N9:P] MOTOR_I 0 0 (0)
                              [N9:P] [undefined] 61 119 0 0 (1031208960)
2025-08-15 18:28:47:586 [IN ] C8 24 0C 18 25 A5 0C 01 31 03 CF 00 00 10 C8 25 A5 0C 01 31 05 E6 3D 77 00 00 DD C0 00 C8 24 09 18 25 A5 09 01 31 03 CF 00 00 0D B3 25 A5 09 01 31 05 E6 3D 77 00 00 DA A5 00 C8 24 0C 18 25 A5 
0C 01 31 03 CF 00 00 10 C8 25 A5 0C 01 31 05 E6 3D 77 00 00 DD C0 00 C8 24 09 18 25 A5 09 01 31 03 CF 00 00 0D B3 25 A5 09 01 31 05 E6 3D 77 00 00 DA A5 00 (116)
                              [N12:Z] MOTOR_I 0 0 (0)
                              [N12:Z] [undefined] 61 119 0 0 (1031208960)
                              [N9:P] MOTOR_I 0 0 (0)
                              [N9:P] [undefined] 61 119 0 0 (1031208960)
                              [N12:Z] MOTOR_I 0 0 (0)
                              [N12:Z] [undefined] 61 119 0 0 (1031208960)
                              [N9:P] MOTOR_I 0 0 (0)
                              [N9:P] [undefined] 61 119 0 0 (1031208960)
2025-08-15 18:28:47:788 [IN ] C8 24 0C 18 25 A5 0C 01 31 03 CF 00 00 10 C8 25 A5 0C 01 31 05 E6 3D 77 00 00 DD C0 00 C8 24 09 18 25 A5 09 01 31 03 CF 00 00 0D B3 25 A5 09 01 31 05 E6 3D 77 00 00 DA A5 00 C8 24 0C 18 25 A5 
0C 01 31 03 CF 00 00 10 C8 25 A5 0C 01 31 05 E6 3D 77 00 00 DD C0 00 C8 24 09 18 25 A5 09 01 31 03 CF 00 00 0D B3 25 A5 09 01 31 05 E6 3D 77 00 00 DA A5 00 (116)
                              [N12:Z] MOTOR_I 0 0 (0)
                              [N12:Z] [undefined] 61 119 0 0 (1031208960)
                              [N9:P] MOTOR_I 0 0 (0)
                              [N9:P] [undefined] 61 119 0 0 (1031208960)
                              [N12:Z] MOTOR_I 0 0 (0)
                              [N12:Z] [undefined] 61 119 0 0 (1031208960)
                              [N9:P] MOTOR_I 0 0 (0)
                              [N9:P] [undefined] 61 119 0 0 (1031208960)
2025-08-15 18:28:47:989 [IN ] C8 24 0C 18 25 A5 0C 01 31 03 CF 00 00 10 C8 25 A5 0C 01 31 05 E6 3D 77 00 00 DD C0 00 C8 24 09 0E 25 A5 09 01 31 03 CF 00 00 0D B3 25 A5 09 01 C8 24 09 0A 01 31 05 E6 3D 77 00 00 DA A5 B3 C8 
24 0C 18 25 A5 0C 01 31 03 CF 00 00 10 C8 25 A5 0C 01 31 05 E6 3D 77 00 00 DD C0 00 C8 24 09 15 25 A5 09 01 31 03 CF 00 00 0D B3 25 A5 09 01 31 05 E6 3D 77 00 00 (118)
                              [N12:Z] MOTOR_I 0 0 (0)
                              [N12:Z] [undefined] 61 119 0 0 (1031208960)
                              [N9:P] MOTOR_I 0 0 (0)
                              [N9:P] [undefined] 61 119 0 0 (1031208960)
                              [N12:Z] MOTOR_I 0 0 (0)
                              [N12:Z] [undefined] 61 119 0 0 (1031208960)
                              [N9:P] MOTOR_I 0 0 (0)
2025-08-15 18:28:48:191 [IN ] C8 24 0C 18 25 A5 0C 01 31 03 CF 00 00 10 C8 25 A5 0C 01 31 05 E6 3D 77 00 00 DD C0 00 C8 24 09 1B 00 DA A5 25 A5 09 01 31 03 CF 00 00 0D B3 25 A5 09 01 31 05 E6 3D 77 00 00 DA A5 09 C8 24 0C 
18 25 A5 0C 01 31 03 CF 00 00 10 C8 25 A5 0C 01 31 05 E6 3D 77 00 00 DD C0 00 C8 24 09 18 25 A5 09 01 31 03 CF 00 00 0D B3 25 A5 09 01 31 05 E6 3D 77 00 00 DA A5 00 (119)
                              [N12:Z] MOTOR_I 0 0 (0)
                              [N12:Z] [undefined] 61 119 0 0 (1031208960)
                              [N9:P] [undefined] 61 119 0 0 (1031208960)
                              [N9:P] MOTOR_I 0 0 (0)
                              [N9:P] [undefined] 61 119 0 0 (1031208960)
                              [N12:Z] MOTOR_I 0 0 (0)
                              [N12:Z] [undefined] 61 119 0 0 (1031208960)
                              [N9:P] MOTOR_I 0 0 (0)
                              [N9:P] [undefined] 61 119 0 0 (1031208960)
2025-08-15 18:28:48:395 [IN ] C8 24 0C 0E 25 A5 0C 01 31 03 CF 00 00 10 C8 25 A5 0C 01 C8 24 0C 0A 01 31 05 E6 3D 77 00 00 DD C0 C8 C8 24 09 18 25 A5 09 01 31 03 CF 00 00 0D B3 25 A5 09 01 31 05 E6 3D 77 00 00 DA A5 00 C8 
24 0C 15 25 A5 0C 01 31 03 CF 00 00 10 C8 25 A5 0C 01 31 05 E6 3D 77 00 00 C8 24 09 18 25 A5 09 01 31 03 CF 00 00 0D B3 25 A5 09 01 31 05 E6 3D 77 00 00 DA A5 00 C8 24 04 0E 25 A5 04 01 31 06 
81 45 FF F3 BA C5 73 50 01 (137)
                              [N12:Z] MOTOR_I 0 0 (0)
                              [N12:Z] [undefined] 61 119 0 0 (1031208960)
                              [N9:P] MOTOR_I 0 0 (0)
                              [N9:P] [undefined] 61 119 0 0 (1031208960)
                              [N12:Z] MOTOR_I 0 0 (0)
                              [N9:P] MOTOR_I 0 0 (0)
                              [N9:P] [undefined] 61 119 0 0 (1031208960)
                              [N4:Y] TPOS 'E' 255 243 186 197 (-804155)
2025-08-15 18:28:48:597 [IN ] C8 24 0C 1B 00 DD C0 25 A5 0C 01 31 03 CF 00 00 10 C8 25 A5 0C 01 31 05 E6 3D 77 00 00 DD C0 09 C8 24 09 18 25 A5 09 01 31 03 CF 00 00 0D B3 25 A5 09 01 31 05 E6 3D 77 00 00 DA A5 00 C8 24 0C 
18 25 A5 0C 01 31 03 CF 00 00 10 C8 25 A5 0C 01 31 05 E6 3D 77 00 00 DD C0 00 C8 24 09 18 25 A5 09 01 31 03 CF 00 00 0D B3 25 A5 09 01 31 05 E6 3D 77 00 00 DA A5 00 (119)
                              [N12:Z] [undefined] 61 119 0 0 (1031208960)
                              [N12:Z] MOTOR_I 0 0 (0)
                              [N12:Z] [undefined] 61 119 0 0 (1031208960)
                              [N9:P] MOTOR_I 0 0 (0)
                              [N9:P] [undefined] 61 119 0 0 (1031208960)
                              [N12:Z] MOTOR_I 0 0 (0)
                              [N12:Z] [undefined] 61 119 0 0 (1031208960)
                              [N9:P] MOTOR_I 0 0 (0)
                              [N9:P] [undefined] 61 119 0 0 (1031208960)
2025-08-15 18:28:48:799 [IN ] C8 24 0C 18 25 A5 0C 01 31 03 CF 00 00 10 C8 25 A5 0C 01 31 05 E6 3D 77 00 00 DD C0 00 C8 24 09 18 25 A5 09 01 31 03 CF 00 00 0D B3 25 A5 09 01 31 05 E6 3D 77 00 00 DA A5 00 C8 24 0C 18 25 A5 
0C 01 31 03 CF 00 00 10 C8 25 A5 0C 01 31 05 E6 3D 77 00 00 DD C0 00 C8 24 09 18 25 A5 09 01 31 03 CF 00 00 0D B3 25 A5 09 01 31 05 E6 3D 77 00 00 DA A5 00 (116)
                              [N12:Z] MOTOR_I 0 0 (0)
                              [N12:Z] [undefined] 61 119 0 0 (1031208960)
                              [N9:P] MOTOR_I 0 0 (0)
                              [N9:P] [undefined] 61 119 0 0 (1031208960)
                              [N12:Z] MOTOR_I 0 0 (0)
                              [N12:Z] [undefined] 61 119 0 0 (1031208960)
                              [N9:P] MOTOR_I 0 0 (0)
                              [N9:P] [undefined] 61 119 0 0 (1031208960)
2025-08-15 18:28:49:000 [IN ] C8 24 0C 18 25 A5 0C 01 31 03 CF 00 00 10 C8 25 A5 0C 01 31 05 E6 3D 77 00 00 DD C0 00 C8 24 09 18 25 A5 09 01 31 03 CF 00 00 0D B3 25 A5 09 01 31 05 E6 3D 77 00 00 DA A5 00 C8 24 0C 18 25 A5 
0C 01 31 03 CF 00 00 10 C8 25 A5 0C 01 31 05 E6 3D 77 00 00 DD C0 00 C8 24 09 18 25 A5 09 01 31 03 CF 00 00 0D B3 25 A5 09 01 31 05 E6 3D 77 00 00 DA A5 00 (116)
                              [N12:Z] MOTOR_I 0 0 (0)
                              [N12:Z] [undefined] 61 119 0 0 (1031208960)
                              [N9:P] MOTOR_I 0 0 (0)
                              [N9:P] [undefined] 61 119 0 0 (1031208960)
                              [N12:Z] MOTOR_I 0 0 (0)
                              [N12:Z] [undefined] 61 119 0 0 (1031208960)
                              [N9:P] MOTOR_I 0 0 (0)
                              [N9:P] [undefined] 61 119 0 0 (1031208960)
2025-08-15 18:28:49:202 [IN ] C8 24 0C 18 25 A5 0C 01 31 03 CF 00 00 10 C8 25 A5 0C 01 31 05 E6 3D 77 00 00 DD C0 00 C8 24 09 18 25 A5 09 01 31 03 CF 00 00 0D B3 25 A5 09 01 31 05 E6 3D 77 00 00 DA A5 00 C8 24 0C 18 25 A5 
0C 01 31 03 CF 00 00 10 C8 25 A5 0C 01 31 05 E6 3D 77 00 00 DD C0 00 C8 24 09 18 25 A5 09 01 31 03 CF 00 00 0D B3 25 A5 09 01 31 05 E6 3D 77 00 00 DA A5 00 (116)
                              [N12:Z] MOTOR_I 0 0 (0)
                              [N12:Z] [undefined] 61 119 0 0 (1031208960)
                              [N9:P] MOTOR_I 0 0 (0)
                              [N9:P] [undefined] 61 119 0 0 (1031208960)
                              [N12:Z] MOTOR_I 0 0 (0)
                              [N12:Z] [undefined] 61 119 0 0 (1031208960)
                              [N9:P] MOTOR_I 0 0 (0)
                              [N9:P] [undefined] 61 119 0 0 (1031208960)
2025-08-15 18:28:49:403 [IN ] C8 24 0C 18 25 A5 0C 01 31 03 CF 00 00 10 C8 25 A5 0C 01 31 05 E6 3D 77 00 00 DD C0 00 C8 24 09 18 25 A5 09 01 31 03 CF 00 00 0D B3 25 A5 09 01 31 05 E6 3D 77 00 00 DA A5 00 C8 24 0C 18 25 A5 
0C 01 31 03 CF 00 00 10 C8 25 A5 0C 01 31 05 E6 3D 77 00 00 DD C0 00 C8 24 09 18 25 A5 09 01 31 03 CF 00 00 0D B3 25 A5 09 01 31 05 E6 3D 77 00 00 DA A5 00 (116)
                              [N12:Z] MOTOR_I 0 0 (0)
                              [N12:Z] [undefined] 61 119 0 0 (1031208960)
                              [N9:P] MOTOR_I 0 0 (0)
                              [N9:P] [undefined] 61 119 0 0 (1031208960)
                              [N12:Z] MOTOR_I 0 0 (0)
                              [N12:Z] [undefined] 61 119 0 0 (1031208960)
                              [N9:P] MOTOR_I 0 0 (0)
                              [N9:P] [undefined] 61 119 0 0 (1031208960)
2025-08-15 18:28:49:605 [IN ] C8 24 0C 18 25 A5 0C 01 31 03 CF 00 00 10 C8 25 A5 0C 01 31 05 E6 3D 77 00 00 DD C0 00 C8 24 09 18 25 A5 09 01 31 03 CF 00 00 0D B3 25 A5 09 01 31 05 E6 3D 77 00 00 DA A5 00 C8 24 0C 18 25 A5 
0C 01 31 03 CF 00 00 10 C8 25 A5 0C 01 31 05 E6 3D 77 00 00 DD C0 00 C8 24 09 0E 25 A5 09 01 31 03 CF 00 00 0D B3 25 A5 09 01 C8 24 09 0A 01 31 05 E6 3D 77 00 00 DA A5 B3 (121)
                              [N12:Z] MOTOR_I 0 0 (0)
                              [N12:Z] [undefined] 61 119 0 0 (1031208960)
                              [N9:P] MOTOR_I 0 0 (0)
                              [N9:P] [undefined] 61 119 0 0 (1031208960)
                              [N12:Z] MOTOR_I 0 0 (0)
                              [N12:Z] [undefined] 61 119 0 0 (1031208960)
                              [N9:P] MOTOR_I 0 0 (0)
                              [N9:P] [undefined] 61 119 0 0 (1031208960)
2025-08-15 18:28:49:807 [IN ] C8 24 0C 18 25 A5 0C 01 31 03 CF 00 00 10 C8 25 A5 0C 01 31 05 E6 3D 77 00 00 DD C0 00 C8 24 09 15 25 A5 09 01 31 03 CF 00 00 0D B3 25 A5 09 01 31 05 E6 3D 77 00 00 C8 24 0C 18 25 A5 0C 01 31 
03 CF 00 00 10 C8 25 A5 0C 01 31 05 E6 3D 77 00 00 DD C0 00 C8 24 09 1B 00 DA A5 25 A5 09 01 31 03 CF 00 00 0D B3 25 A5 09 01 31 05 E6 3D 77 00 00 DA A5 09 (116)
                              [N12:Z] MOTOR_I 0 0 (0)
                              [N12:Z] [undefined] 61 119 0 0 (1031208960)
                              [N9:P] MOTOR_I 0 0 (0)
                              [N12:Z] MOTOR_I 0 0 (0)
                              [N12:Z] [undefined] 61 119 0 0 (1031208960)
                              [N9:P] [undefined] 61 119 0 0 (1031208960)
                              [N9:P] MOTOR_I 0 0 (0)
                              [N9:P] [undefined] 61 119 0 0 (1031208960)
2025-08-15 18:28:50:008 [IN ] C8 24 0C 18 25 A5 0C 01 31 03 CF 00 00 10 C8 25 A5 0C 01 31 05 E6 3D 77 00 00 DD C0 00 C8 24 09 18 25 A5 09 01 31 03 CF 00 00 0D B3 25 A5 09 01 31 05 E6 3D 77 00 00 DA A5 00 C8 24 0C 18 25 A5 
0C 01 31 03 CF 00 00 10 C8 25 A5 0C 01 31 05 E6 3D 77 00 00 DD C0 00 C8 24 09 18 25 A5 09 01 31 03 CF 00 00 0D B3 25 A5 09 01 31 05 E6 3D 77 00 00 DA A5 00 (116)
                              [N12:Z] MOTOR_I 0 0 (0)
                              [N12:Z] [undefined] 61 119 0 0 (1031208960)
                              [N9:P] MOTOR_I 0 0 (0)
                              [N9:P] [undefined] 61 119 0 0 (1031208960)
                              [N12:Z] MOTOR_I 0 0 (0)
                              [N12:Z] [undefined] 61 119 0 0 (1031208960)
                              [N9:P] MOTOR_I 0 0 (0)
                              [N9:P] [undefined] 61 119 0 0 (1031208960)
2025-08-15 18:28:50:210 [IN ] C8 24 0C 0E 25 A5 0C 01 31 03 CF 00 00 10 C8 25 A5 0C 01 C8 24 0C 0A 01 31 05 E6 3D 77 00 00 DD C0 C8 C8 24 09 18 25 A5 09 01 31 03 CF 00 00 0D B3 25 A5 09 01 31 05 E6 3D 77 00 00 DA A5 00 C8 
24 0C 15 25 A5 0C 01 31 03 CF 00 00 10 C8 25 A5 0C 01 31 05 E6 3D 77 00 00 C8 24 09 18 25 A5 09 01 31 03 CF 00 00 0D B3 25 A5 09 01 31 05 E6 3D 77 00 00 DA A5 00 (118)
                              [N12:Z] MOTOR_I 0 0 (0)
                              [N12:Z] [undefined] 61 119 0 0 (1031208960)
                              [N9:P] MOTOR_I 0 0 (0)
                              [N9:P] [undefined] 61 119 0 0 (1031208960)
                              [N12:Z] MOTOR_I 0 0 (0)
                              [N9:P] MOTOR_I 0 0 (0)
                              [N9:P] [undefined] 61 119 0 0 (1031208960)
2025-08-15 18:28:50:412 [IN ] C8 24 0C 1B 00 DD C0 25 A5 0C 01 31 03 CF 00 00 10 C8 25 A5 0C 01 31 05 E6 3D 77 00 00 DD C0 09 C8 24 09 18 25 A5 09 01 31 03 CF 00 00 0D B3 25 A5 09 01 31 05 E6 3D 77 00 00 DA A5 00 C8 24 0C 
18 25 A5 0C 01 31 03 CF 00 00 10 C8 25 A5 0C 01 31 05 E6 3D 77 00 00 DD C0 00 C8 24 09 18 25 A5 09 01 31 03 CF 00 00 0D B3 25 A5 09 01 31 05 E6 3D 77 00 00 DA A5 00 (119)
                              [N12:Z] [undefined] 61 119 0 0 (1031208960)
                              [N12:Z] MOTOR_I 0 0 (0)
                              [N12:Z] [undefined] 61 119 0 0 (1031208960)
                              [N9:P] MOTOR_I 0 0 (0)
                              [N9:P] [undefined] 61 119 0 0 (1031208960)
                              [N12:Z] MOTOR_I 0 0 (0)
                              [N12:Z] [undefined] 61 119 0 0 (1031208960)
                              [N9:P] MOTOR_I 0 0 (0)
                              [N9:P] [undefined] 61 119 0 0 (1031208960)
2025-08-15 18:28:50:613 [IN ] C8 24 0C 18 25 A5 0C 01 31 03 CF 00 00 10 C8 25 A5 0C 01 31 05 E6 3D 77 00 00 DD C0 00 C8 24 09 18 25 A5 09 01 31 03 CF 00 00 0D B3 25 A5 09 01 31 05 E6 3D 77 00 00 DA A5 00 C8 24 0C 18 25 A5 
0C 01 31 03 CF 00 00 10 C8 25 A5 0C 01 31 05 E6 3D 77 00 00 DD C0 00 C8 24 09 18 25 A5 09 01 31 03 CF 00 00 0D B3 25 A5 09 01 31 05 E6 3D 77 00 00 DA A5 00 (116)
                              [N12:Z] MOTOR_I 0 0 (0)
                              [N12:Z] [undefined] 61 119 0 0 (1031208960)
                              [N9:P] MOTOR_I 0 0 (0)
                              [N9:P] [undefined] 61 119 0 0 (1031208960)
                              [N12:Z] MOTOR_I 0 0 (0)
                              [N12:Z] [undefined] 61 119 0 0 (1031208960)
                              [N9:P] MOTOR_I 0 0 (0)
                              [N9:P] [undefined] 61 119 0 0 (1031208960)
2025-08-15 18:28:50:815 [IN ] C8 24 03 0E 25 A5 03 01 31 06 81 45 FF ED AF 8A 26 E3 01 C8 24 0C 18 25 A5 0C 01 31 03 CF 00 00 10 C8 25 A5 0C 01 31 05 E6 3D 77 00 00 DD C0 00 C8 24 09 18 25 A5 09 01 31 03 CF 00 00 0D B3 25 
A5 09 01 31 05 E6 3D 77 00 00 DA A5 00 C8 24 0C 18 25 A5 0C 01 31 03 CF 00 00 10 C8 25 A5 0C 01 31 05 E6 3D 77 00 00 DD C0 00 C8 24 09 18 25 A5 09 01 31 03 CF 00 00 0D B3 25 A5 09 01 31 05 E6 
3D 77 00 00 DA A5 00 (135)
                              [N3:X] TPOS 'E' 255 237 175 138 (-1200246)
                              [N12:Z] MOTOR_I 0 0 (0)
                              [N12:Z] [undefined] 61 119 0 0 (1031208960)
                              [N9:P] MOTOR_I 0 0 (0)
                              [N9:P] [undefined] 61 119 0 0 (1031208960)
                              [N12:Z] MOTOR_I 0 0 (0)
                              [N12:Z] [undefined] 61 119 0 0 (1031208960)
                              [N9:P] MOTOR_I 0 0 (0)
                              [N9:P] [undefined] 61 119 0 0 (1031208960)
