2025-08-15 17:56:14:859 [IN ] C8 24 0C 18 25 A5 0C 01 31 03 CF 00 00 10 C8 25 A5 0C 01 31 05 E6 3D 77 00 00 DD C0 00 (29)
                              [N12:Z] MOTOR_I 0 0 (0)
                              [N12:Z] [undefined] 61 119 0 0 (1031208960)
2025-08-15 17:56:14:881 [OUT] 25 A5 01 0A 31 05 D6 3D FF 00 00 53 ED (13)
                              [N10:HMI] HMILED '=' 255 0 0 (16711680)
2025-08-15 17:56:14:903 [OUT] 25 A5 01 03 31 02 D8 3F 4E CE (10)
                              [N3:X] INTERRUPT '?'
2025-08-15 17:56:14:904 [IN ] C8 24 09 18 25 A5 09 01 31 03 CF 00 00 0D B3 25 A5 09 01 31 05 E6 3D 77 00 00 DA A5 00 (29)
                              [N9:P] MOTOR_I 0 0 (0)
                              [N9:P] [undefined] 61 119 0 0 (1031208960)
2025-08-15 17:56:15:206 [IN ] C8 24 0C 18 25 A5 0C 01 31 03 CF 00 00 10 C8 25 A5 0C 01 31 05 E6 3D 77 00 00 DD C0 00 C8 24 09 18 25 A5 09 01 31 03 CF 00 00 0D B3 25 A5 09 01 31 05 E6 3D 77 00 00 DA A5 00 C8 24 0A 0D 25 A5 
0A 01 31 05 D6 3A FF 00 00 50 EA 09 C8 24 0C 18 25 A5 0C 01 31 03 CF 00 00 10 C8 25 A5 0C 01 31 05 E6 3D 77 00 00 DD C0 00 C8 24 09 18 25 A5 09 01 31 03 CF 00 00 0D B3 25 A5 09 01 31 05 E6 3D 
77 00 00 DA A5 00 C8 24 0B 0A 25 A5 0B 01 31 02 DE 00 1D CD B3 C8 24 0C 0E 25 A5 0C 01 31 03 CF 00 00 10 C8 25 A5 0C 01 C8 24 03 0C 25 A5 03 01 31 04 D8 3A 00 01 4C 68 A5 C8 24 0C 0A 01 31 05 
E6 3D 77 00 00 DD C0 4C C8 24 09 18 25 A5 09 01 31 03 CF 00 00 0D B3 25 A5 09 01 31 05 E6 3D 77 00 00 DA A5 00 (229)
                              [N12:Z] MOTOR_I 0 0 (0)
                              [N12:Z] [undefined] 61 119 0 0 (1031208960)
                              [N9:P] MOTOR_I 0 0 (0)
                              [N9:P] [undefined] 61 119 0 0 (1031208960)
                              [N10:HMI] HMILED ':' 255 0 0 (16711680)
                              [N12:Z] MOTOR_I 0 0 (0)
                              [N12:Z] [undefined] 61 119 0 0 (1031208960)
                              [N9:P] MOTOR_I 0 0 (0)
                              [N9:P] [undefined] 61 119 0 0 (1031208960)
                              [N11:NG] NGSWSTATE 0 (0)
                              [N12:Z] MOTOR_I 0 0 (0)
                              [N9:P] MOTOR_I 0 0 (0)
                              [N9:P] [undefined] 61 119 0 0 (1031208960)
2025-08-15 17:56:15:509 [IN ] C8 24 0C 15 25 A5 0C 01 31 03 CF 00 00 10 C8 25 A5 0C 01 31 05 E6 3D 77 00 00 C8 24 09 18 25 A5 09 01 31 03 CF 00 00 0D B3 25 A5 09 01 31 05 E6 3D 77 00 00 DA A5 00 C8 24 0C 1B 00 DD C0 25 A5 
0C 01 31 03 CF 00 00 10 C8 25 A5 0C 01 31 05 E6 3D 77 00 00 DD C0 31 C8 24 09 18 25 A5 09 01 31 03 CF 00 00 0D B3 25 A5 09 01 31 05 E6 3D 77 00 00 DA A5 00 C8 24 0C 18 25 A5 0C 01 31 03 CF 00 
00 10 C8 25 A5 0C 01 31 05 E6 3D 77 00 00 DD C0 00 C8 24 09 18 25 A5 09 01 31 03 CF 00 00 0D B3 25 A5 09 01 31 05 E6 3D 77 00 00 DA A5 00 (174)
                              [N12:Z] MOTOR_I 0 0 (0)
                              [N9:P] MOTOR_I 0 0 (0)
                              [N9:P] [undefined] 61 119 0 0 (1031208960)
                              [N12:Z] [undefined] 61 119 0 0 (1031208960)
                              [N12:Z] MOTOR_I 0 0 (0)
                              [N12:Z] [undefined] 61 119 0 0 (1031208960)
                              [N9:P] MOTOR_I 0 0 (0)
                              [N9:P] [undefined] 61 119 0 0 (1031208960)
                              [N12:Z] MOTOR_I 0 0 (0)
                              [N12:Z] [undefined] 61 119 0 0 (1031208960)
                              [N9:P] MOTOR_I 0 0 (0)
                              [N9:P] [undefined] 61 119 0 0 (1031208960)
2025-08-15 17:56:15:811 [IN ] C8 24 0C 18 25 A5 0C 01 31 03 CF 00 00 10 C8 25 A5 0C 01 31 05 E6 3D 77 00 00 DD C0 00 C8 24 09 18 25 A5 09 01 31 03 CF 00 00 0D B3 25 A5 09 01 31 05 E6 3D 77 00 00 DA A5 00 C8 24 0C 18 25 A5 
0C 01 31 03 CF 00 00 10 C8 25 A5 0C 01 31 05 E6 3D 77 00 00 DD C0 00 C8 24 09 18 25 A5 09 01 31 03 CF 00 00 0D B3 25 A5 09 01 31 05 E6 3D 77 00 00 DA A5 00 C8 24 0C 18 25 A5 0C 01 31 03 CF 00 
00 10 C8 25 A5 0C 01 31 05 E6 3D 77 00 00 DD C0 00 C8 24 09 0E 25 A5 09 01 31 03 CF 00 00 0D B3 25 A5 09 01 C8 24 09 0A 01 31 05 E6 3D 77 00 00 DA A5 B3 (179)
                              [N12:Z] MOTOR_I 0 0 (0)
                              [N12:Z] [undefined] 61 119 0 0 (1031208960)
                              [N9:P] MOTOR_I 0 0 (0)
                              [N9:P] [undefined] 61 119 0 0 (1031208960)
                              [N12:Z] MOTOR_I 0 0 (0)
                              [N12:Z] [undefined] 61 119 0 0 (1031208960)
                              [N9:P] MOTOR_I 0 0 (0)
                              [N9:P] [undefined] 61 119 0 0 (1031208960)
                              [N12:Z] MOTOR_I 0 0 (0)
                              [N12:Z] [undefined] 61 119 0 0 (1031208960)
                              [N9:P] MOTOR_I 0 0 (0)
                              [N9:P] [undefined] 61 119 0 0 (1031208960)
2025-08-15 17:56:16:114 [IN ] C8 24 0C 18 25 A5 0C 01 31 03 CF 00 00 10 C8 25 A5 0C 01 31 05 E6 3D 77 00 00 DD C0 00 C8 24 09 15 25 A5 09 01 31 03 CF 00 00 0D B3 25 A5 09 01 31 05 E6 3D 77 00 00 C8 24 0C 18 25 A5 0C 01 31 
03 CF 00 00 10 C8 25 A5 0C 01 31 05 E6 3D 77 00 00 DD C0 00 C8 24 09 1B 00 DA A5 25 A5 09 01 31 03 CF 00 00 0D B3 25 A5 09 01 31 05 E6 3D 77 00 00 DA A5 31 C8 24 0C 18 25 A5 0C 01 31 03 CF 00 
00 10 C8 25 A5 0C 01 31 05 E6 3D 77 00 00 DD C0 00 C8 24 09 18 25 A5 09 01 31 03 CF 00 00 0D B3 25 A5 09 01 31 05 E6 3D 77 00 00 DA A5 00 (174)
                              [N12:Z] MOTOR_I 0 0 (0)
                              [N12:Z] [undefined] 61 119 0 0 (1031208960)
                              [N9:P] MOTOR_I 0 0 (0)
                              [N12:Z] MOTOR_I 0 0 (0)
                              [N12:Z] [undefined] 61 119 0 0 (1031208960)
                              [N9:P] [undefined] 61 119 0 0 (1031208960)
                              [N9:P] MOTOR_I 0 0 (0)
                              [N9:P] [undefined] 61 119 0 0 (1031208960)
                              [N12:Z] MOTOR_I 0 0 (0)
                              [N12:Z] [undefined] 61 119 0 0 (1031208960)
                              [N9:P] MOTOR_I 0 0 (0)
                              [N9:P] [undefined] 61 119 0 0 (1031208960)
2025-08-15 17:56:16:415 [IN ] C8 24 0B 0A 25 A5 0B 01 31 02 DE 00 1D CD B3 C8 24 0C 18 25 A5 0C 01 31 03 CF 00 00 10 C8 25 A5 0C 01 31 05 E6 3D 77 00 00 DD C0 00 C8 24 09 18 25 A5 09 01 31 03 CF 00 00 0D B3 25 A5 09 01 31 
05 E6 3D 77 00 00 DA A5 00 C8 24 0C 18 25 A5 0C 01 31 03 CF 00 00 10 C8 25 A5 0C 01 31 05 E6 3D 77 00 00 DD C0 00 C8 24 09 18 25 A5 09 01 31 03 CF 00 00 0D B3 25 A5 09 01 31 05 E6 3D 77 00 00 
DA A5 00 C8 24 0C 18 25 A5 0C 01 31 03 CF 00 00 10 C8 25 A5 0C 01 31 05 E6 3D 77 00 00 DD C0 00 C8 24 09 18 25 A5 09 01 31 03 CF 00 00 0D B3 25 A5 09 01 31 05 E6 3D 77 00 00 DA A5 00 (189)
                              [N11:NG] NGSWSTATE 0 (0)
                              [N12:Z] MOTOR_I 0 0 (0)
                              [N12:Z] [undefined] 61 119 0 0 (1031208960)
                              [N9:P] MOTOR_I 0 0 (0)
                              [N9:P] [undefined] 61 119 0 0 (1031208960)
                              [N12:Z] MOTOR_I 0 0 (0)
                              [N12:Z] [undefined] 61 119 0 0 (1031208960)
                              [N9:P] MOTOR_I 0 0 (0)
                              [N9:P] [undefined] 61 119 0 0 (1031208960)
                              [N12:Z] MOTOR_I 0 0 (0)
                              [N12:Z] [undefined] 61 119 0 0 (1031208960)
                              [N9:P] MOTOR_I 0 0 (0)
                              [N9:P] [undefined] 61 119 0 0 (1031208960)
2025-08-15 17:56:16:716 [IN ] C8 24 0C 18 25 A5 0C 01 31 03 CF 00 00 10 C8 25 A5 0C 01 31 05 E6 3D 77 00 00 DD C0 00 C8 24 09 18 25 A5 09 01 31 03 CF 00 00 0D B3 25 A5 09 01 31 05 E6 3D 77 00 00 DA A5 00 C8 24 0C 18 25 A5 
0C 01 31 03 CF 00 00 10 C8 25 A5 0C 01 31 05 E6 3D 77 00 00 DD C0 00 C8 24 09 18 25 A5 09 01 31 03 CF 00 00 0D B3 25 A5 09 01 31 05 E6 3D 77 00 00 DA A5 00 C8 24 0C 18 25 A5 0C 01 31 03 CF 00 
00 10 C8 25 A5 0C 01 31 05 E6 3D 77 00 00 DD C0 00 C8 24 09 18 25 A5 09 01 31 03 CF 00 00 0D B3 25 A5 09 01 31 05 E6 3D 77 00 00 DA A5 00 (174)
                              [N12:Z] MOTOR_I 0 0 (0)
                              [N12:Z] [undefined] 61 119 0 0 (1031208960)
                              [N9:P] MOTOR_I 0 0 (0)
                              [N9:P] [undefined] 61 119 0 0 (1031208960)
                              [N12:Z] MOTOR_I 0 0 (0)
                              [N12:Z] [undefined] 61 119 0 0 (1031208960)
                              [N9:P] MOTOR_I 0 0 (0)
                              [N9:P] [undefined] 61 119 0 0 (1031208960)
                              [N12:Z] MOTOR_I 0 0 (0)
                              [N12:Z] [undefined] 61 119 0 0 (1031208960)
                              [N9:P] MOTOR_I 0 0 (0)
                              [N9:P] [undefined] 61 119 0 0 (1031208960)
2025-08-15 17:56:17:019 [IN ] C8 24 0C 18 25 A5 0C 01 31 03 CF 00 00 10 C8 25 A5 0C 01 31 05 E6 3D 77 00 00 DD C0 00 C8 24 09 18 25 A5 09 01 31 03 CF 00 00 0D B3 25 A5 09 01 31 05 E6 3D 77 00 00 DA A5 00 C8 24 0C 0E 25 A5 
0C 01 31 03 CF 00 00 10 C8 25 A5 0C 01 C8 24 0C 0A 01 31 05 E6 3D 77 00 00 DD C0 C8 C8 24 09 18 25 A5 09 01 31 03 CF 00 00 0D B3 25 A5 09 01 31 05 E6 3D 77 00 00 DA A5 00 C8 24 0C 15 25 A5 0C 
01 31 03 CF 00 00 10 C8 25 A5 0C 01 31 05 E6 3D 77 00 00 C8 24 09 18 25 A5 09 01 31 03 CF 00 00 0D B3 25 A5 09 01 31 05 E6 3D 77 00 00 DA A5 00 (176)
                              [N12:Z] MOTOR_I 0 0 (0)
                              [N12:Z] [undefined] 61 119 0 0 (1031208960)
                              [N9:P] MOTOR_I 0 0 (0)
                              [N9:P] [undefined] 61 119 0 0 (1031208960)
                              [N12:Z] MOTOR_I 0 0 (0)
                              [N12:Z] [undefined] 61 119 0 0 (1031208960)
                              [N9:P] MOTOR_I 0 0 (0)
                              [N9:P] [undefined] 61 119 0 0 (1031208960)
                              [N12:Z] MOTOR_I 0 0 (0)
                              [N9:P] MOTOR_I 0 0 (0)
                              [N9:P] [undefined] 61 119 0 0 (1031208960)
2025-08-15 17:56:17:321 [IN ] C8 24 0C 1B 00 DD C0 25 A5 0C 01 31 03 CF 00 00 10 C8 25 A5 0C 01 31 05 E6 3D 77 00 00 DD C0 31 C8 24 09 18 25 A5 09 01 31 03 CF 00 00 0D B3 25 A5 09 01 31 05 E6 3D 77 00 00 DA A5 00 C8 24 0B 
0A 25 A5 0B 01 31 02 DE 00 1D CD B3 C8 24 0C 18 25 A5 0C 01 31 03 CF 00 00 10 C8 25 A5 0C 01 31 05 E6 3D 77 00 00 DD C0 00 C8 24 09 18 25 A5 09 01 31 03 CF 00 00 0D B3 25 A5 09 01 31 05 E6 3D 
77 00 00 DA A5 00 C8 24 0C 18 25 A5 0C 01 31 03 CF 00 00 10 C8 25 A5 0C 01 31 05 E6 3D 77 00 00 DD C0 00 C8 24 09 18 25 A5 09 01 31 03 CF 00 00 0D B3 25 A5 09 01 31 05 E6 3D 77 00 00 DA A5 00 (192)
                              [N12:Z] [undefined] 61 119 0 0 (1031208960)
                              [N12:Z] MOTOR_I 0 0 (0)
                              [N12:Z] [undefined] 61 119 0 0 (1031208960)
                              [N9:P] MOTOR_I 0 0 (0)
                              [N9:P] [undefined] 61 119 0 0 (1031208960)
                              [N11:NG] NGSWSTATE 0 (0)
                              [N12:Z] MOTOR_I 0 0 (0)
                              [N12:Z] [undefined] 61 119 0 0 (1031208960)
                              [N9:P] MOTOR_I 0 0 (0)
                              [N9:P] [undefined] 61 119 0 0 (1031208960)
                              [N12:Z] MOTOR_I 0 0 (0)
                              [N12:Z] [undefined] 61 119 0 0 (1031208960)
                              [N9:P] MOTOR_I 0 0 (0)
                              [N9:P] [undefined] 61 119 0 0 (1031208960)
2025-08-15 17:56:17:622 [IN ] C8 24 0C 18 25 A5 0C 01 31 03 CF 00 00 10 C8 25 A5 0C 01 31 05 E6 3D 77 00 00 DD C0 00 C8 24 09 18 25 A5 09 01 31 03 CF 00 00 0D B3 25 A5 09 01 31 05 E6 3D 77 00 00 DA A5 00 C8 24 0C 18 25 A5 
0C 01 31 03 CF 00 00 10 C8 25 A5 0C 01 31 05 E6 3D 77 00 00 DD C0 00 C8 24 09 0E 25 A5 09 01 31 03 CF 00 00 0D B3 25 A5 09 01 C8 24 09 0A 01 31 05 E6 3D 77 00 00 DA A5 B3 C8 24 0C 18 25 A5 0C 
01 31 03 CF 00 00 10 C8 25 A5 0C 01 31 05 E6 3D 77 00 00 DD C0 00 C8 24 09 15 25 A5 09 01 31 03 CF 00 00 0D B3 25 A5 09 01 31 05 E6 3D 77 00 00 (176)
                              [N12:Z] MOTOR_I 0 0 (0)
                              [N12:Z] [undefined] 61 119 0 0 (1031208960)
                              [N9:P] MOTOR_I 0 0 (0)
                              [N9:P] [undefined] 61 119 0 0 (1031208960)
                              [N12:Z] MOTOR_I 0 0 (0)
                              [N12:Z] [undefined] 61 119 0 0 (1031208960)
                              [N9:P] MOTOR_I 0 0 (0)
                              [N9:P] [undefined] 61 119 0 0 (1031208960)
                              [N12:Z] MOTOR_I 0 0 (0)
                              [N12:Z] [undefined] 61 119 0 0 (1031208960)
                              [N9:P] MOTOR_I 0 0 (0)
2025-08-15 17:56:17:925 [IN ] C8 24 0C 18 25 A5 0C 01 31 03 CF 00 00 10 C8 25 A5 0C 01 31 05 E6 3D 77 00 00 DD C0 00 C8 24 09 1B 00 DA A5 25 A5 09 01 31 03 CF 00 00 0D B3 25 A5 09 01 31 05 E6 3D 77 00 00 DA A5 31 C8 24 0C 
18 25 A5 0C 01 31 03 CF 00 00 10 C8 25 A5 0C 01 31 05 E6 3D 77 00 00 DD C0 00 C8 24 09 18 25 A5 09 01 31 03 CF 00 00 0D B3 25 A5 09 01 31 05 E6 3D 77 00 00 DA A5 00 C8 24 0C 18 25 A5 0C 01 31 
03 CF 00 00 10 C8 25 A5 0C 01 31 05 E6 3D 77 00 00 DD C0 00 C8 24 09 18 25 A5 09 01 31 03 CF 00 00 0D B3 25 A5 09 01 31 05 E6 3D 77 00 00 DA A5 00 (177)
                              [N12:Z] MOTOR_I 0 0 (0)
                              [N12:Z] [undefined] 61 119 0 0 (1031208960)
                              [N9:P] [undefined] 61 119 0 0 (1031208960)
                              [N9:P] MOTOR_I 0 0 (0)
                              [N9:P] [undefined] 61 119 0 0 (1031208960)
                              [N12:Z] MOTOR_I 0 0 (0)
                              [N12:Z] [undefined] 61 119 0 0 (1031208960)
                              [N9:P] MOTOR_I 0 0 (0)
                              [N9:P] [undefined] 61 119 0 0 (1031208960)
                              [N12:Z] MOTOR_I 0 0 (0)
                              [N12:Z] [undefined] 61 119 0 0 (1031208960)
                              [N9:P] MOTOR_I 0 0 (0)
                              [N9:P] [undefined] 61 119 0 0 (1031208960)
2025-08-15 17:56:17:946 [OUT] 25 A5 01 09 31 03 C9 3D 09 4D 1C (11)
                              [N9:P] LFLAG '=' 9 (9)
2025-08-15 17:56:17:968 [OUT] 25 A5 01 04 31 02 D8 3F 4F D3 (10)
                              [N4:Y] INTERRUPT '?'
2025-08-15 17:56:18:270 [IN ] C8 24 0C 18 25 A5 0C 01 31 03 CF 00 00 10 C8 25 A5 0C 01 31 05 E6 3D 77 00 00 DD C0 00 C8 24 09 18 25 A5 09 01 31 03 CF 00 00 0D B3 25 A5 09 01 31 05 E6 3D 77 00 00 DA A5 00 C8 24 0C 18 25 A5 
0C 01 31 03 CF 00 00 10 C8 25 A5 0C 01 31 05 E6 3D 77 00 00 DD C0 00 C8 24 09 23 25 A5 09 01 31 03 C9 3A 09 4A 1E 25 A5 09 01 31 03 CF 00 00 0D B3 25 A5 09 01 31 05 E6 3D 77 00 00 DA A5 C0 C8 
24 0B 0A 25 A5 0B 01 31 02 DE 00 1D CD 1E C8 24 0C 18 25 A5 0C 01 31 03 CF 00 00 10 C8 25 A5 0C 01 31 05 E6 3D 77 00 00 DD C0 09 C8 24 04 0C 25 A5 04 01 31 04 D8 3A 00 01 4D 70 A5 C8 24 09 18 
25 A5 09 01 31 03 CF 00 00 0D B3 25 A5 09 01 31 05 E6 3D 77 00 00 DA A5 09 (217)
                              [N12:Z] MOTOR_I 0 0 (0)
                              [N12:Z] [undefined] 61 119 0 0 (1031208960)
                              [N9:P] MOTOR_I 0 0 (0)
                              [N9:P] [undefined] 61 119 0 0 (1031208960)
                              [N12:Z] MOTOR_I 0 0 (0)
                              [N12:Z] [undefined] 61 119 0 0 (1031208960)
                              [N9:P] LFLAG ':' 9 (9)
                              [N9:P] MOTOR_I 0 0 (0)
                              [N9:P] [undefined] 61 119 0 0 (1031208960)
                              [N11:NG] NGSWSTATE 0 (0)
                              [N12:Z] MOTOR_I 0 0 (0)
                              [N12:Z] [undefined] 61 119 0 0 (1031208960)
                              [N4:Y] INTERRUPT ':' 0 1 (1)
                              [N9:P] MOTOR_I 0 0 (0)
                              [N9:P] [undefined] 61 119 0 0 (1031208960)
2025-08-15 17:56:18:292 [OUT] 25 A5 01 09 31 03 CA 3D 09 4E 1F (11)
                              [N9:P] RFLAG '=' 9 (9)
2025-08-15 17:56:18:315 [OUT] 25 A5 01 0C 31 02 D8 3F 57 FB (10)
                              [N12:Z] INTERRUPT '?'
2025-08-15 17:56:18:316 [IN ] C8 24 0C 18 25 A5 0C 01 31 03 CF 00 00 10 C8 25 A5 0C 01 31 05 E6 3D 77 00 00 DD C0 09 (29)
                              [N12:Z] MOTOR_I 0 0 (0)
                              [N12:Z] [undefined] 61 119 0 0 (1031208960)
2025-08-15 17:56:18:617 [IN ] C8 24 09 18 25 A5 09 01 31 03 CF 00 00 0D B3 25 A5 09 01 31 05 E6 3D 77 00 00 DA A5 09 C8 24 0C 18 25 A5 0C 01 31 03 CF 00 00 10 C8 25 A5 0C 01 31 05 E6 3D 77 00 00 DD C0 09 C8 24 09 18 25 A5 
09 01 31 03 CF 00 00 0D B3 25 A5 09 01 31 05 E6 3D 77 00 00 DA A5 09 C8 24 09 0B 25 A5 09 01 31 03 CA 3A 09 4B 21 25 C8 24 0C 18 25 A5 0C 01 31 03 CF 00 00 10 C8 25 A5 0C 01 31 05 E6 3D 77 00 
00 DD C0 09 C8 24 09 18 25 A5 09 01 31 03 CF 00 00 0D B3 25 A5 09 01 31 05 E6 3D 77 00 00 DA A5 09 C8 24 0C 0C 25 A5 0C 01 31 04 D8 3A 00 01 55 B0 A5 C8 24 0C 0E 25 A5 0C 01 31 03 CF 00 00 10 
C8 25 A5 0C 01 C8 24 0C 0A 01 31 05 E6 3D 77 00 00 DD C0 C8 (212)
                              [N9:P] MOTOR_I 0 0 (0)
                              [N9:P] [undefined] 61 119 0 0 (1031208960)
                              [N12:Z] MOTOR_I 0 0 (0)
                              [N12:Z] [undefined] 61 119 0 0 (1031208960)
                              [N9:P] MOTOR_I 0 0 (0)
                              [N9:P] [undefined] 61 119 0 0 (1031208960)
                              [N9:P] RFLAG ':' 9 (9)
                              [N12:Z] MOTOR_I 0 0 (0)
                              [N12:Z] [undefined] 61 119 0 0 (1031208960)
                              [N9:P] MOTOR_I 0 0 (0)
                              [N9:P] [undefined] 61 119 0 0 (1031208960)
                              [N12:Z] INTERRUPT ':' 0 1 (1)
                              [N12:Z] MOTOR_I 0 0 (0)
                              [N12:Z] [undefined] 61 119 0 0 (1031208960)
2025-08-15 17:56:18:639 [OUT] 25 A5 01 08 31 03 C9 3D 09 4C 16 (11)
                              [N8:R] LFLAG '=' 9 (9)
2025-08-15 17:56:18:661 [OUT] 25 A5 01 09 31 02 D8 3F 54 EC (10)
                              [N9:P] INTERRUPT '?'
2025-08-15 17:56:18:662 [IN ] C8 24 09 18 25 A5 09 01 31 03 CF 00 00 0D B3 25 A5 09 01 31 05 E6 3D 77 00 00 DA A5 09 (29)
                              [N9:P] MOTOR_I 0 0 (0)
                              [N9:P] [undefined] 61 119 0 0 (1031208960)
2025-08-15 17:56:18:964 [IN ] C8 24 0C 15 25 A5 0C 01 31 03 CF 00 00 10 C8 25 A5 0C 01 31 05 E6 3D 77 00 00 C8 24 09 18 25 A5 09 01 31 03 CF 00 00 0D B3 25 A5 09 01 31 05 E6 3D 77 00 00 DA A5 09 C8 24 0C 1B 00 DD C0 25 A5 
0C 01 31 03 CF 00 00 10 C8 25 A5 0C 01 31 05 E6 3D 77 00 00 DD C0 05 C8 24 08 0B 25 A5 08 01 31 03 C9 3A 09 49 17 00 C8 24 09 18 25 A5 09 01 31 03 CF 00 00 0D B3 25 A5 09 01 31 05 E6 3D 77 00 
00 DA A5 00 C8 24 0C 18 25 A5 0C 01 31 03 CF 00 00 10 C8 25 A5 0C 01 31 05 E6 3D 77 00 00 DD C0 00 C8 24 09 0C 25 A5 09 01 31 04 D8 3A 00 01 52 98 A5 C8 24 09 18 25 A5 09 01 31 03 CF 00 00 0D 
B3 25 A5 09 01 31 05 E6 3D 77 00 00 DA A5 00 (207)
                              [N12:Z] MOTOR_I 0 0 (0)
                              [N9:P] MOTOR_I 0 0 (0)
                              [N9:P] [undefined] 61 119 0 0 (1031208960)
                              [N12:Z] [undefined] 61 119 0 0 (1031208960)
                              [N12:Z] MOTOR_I 0 0 (0)
                              [N12:Z] [undefined] 61 119 0 0 (1031208960)
                              [N8:R] LFLAG ':' 9 (9)
                              [N9:P] MOTOR_I 0 0 (0)
                              [N9:P] [undefined] 61 119 0 0 (1031208960)
                              [N12:Z] MOTOR_I 0 0 (0)
                              [N12:Z] [undefined] 61 119 0 0 (1031208960)
                              [N9:P] INTERRUPT ':' 0 1 (1)
                              [N9:P] MOTOR_I 0 0 (0)
                              [N9:P] [undefined] 61 119 0 0 (1031208960)
2025-08-15 17:56:18:986 [OUT] 25 A5 01 08 31 03 CA 3D 09 4D 19 (11)
                              [N8:R] RFLAG '=' 9 (9)
2025-08-15 17:56:19:009 [OUT] 25 A5 01 07 31 02 D8 3F 52 E2 (10)
                              [N7:N] INTERRUPT '?'
2025-08-15 17:56:19:009 [IN ] C8 24 0C 18 25 A5 0C 01 31 03 CF 00 00 10 C8 25 A5 0C 01 31 05 E6 3D 77 00 00 DD C0 00 (29)
                              [N12:Z] MOTOR_I 0 0 (0)
                              [N12:Z] [undefined] 61 119 0 0 (1031208960)
2025-08-15 17:56:19:311 [IN ] C8 24 09 18 25 A5 09 01 31 03 CF 00 00 0D B3 25 A5 09 01 31 05 E6 3D 77 00 00 DA A5 00 C8 24 0C 18 25 A5 0C 01 31 03 CF 00 00 10 C8 25 A5 0C 01 31 05 E6 3D 77 00 00 DD C0 00 C8 24 09 18 25 A5 
09 01 31 03 CF 00 00 0D B3 25 A5 09 01 31 05 E6 3D 77 00 00 DA A5 00 C8 24 08 0B 25 A5 08 01 31 03 CA 3A 09 4A 1A 25 C8 24 0B 0A 25 A5 0B 01 31 02 DE 00 1D CD 1A C8 24 0C 18 25 A5 0C 01 31 03 
CF 00 00 10 C8 25 A5 0C 01 31 05 E6 3D 77 00 00 DD C0 00 C8 24 09 0E 25 A5 09 01 31 03 CF 00 00 0D B3 25 A5 09 01 C8 24 09 0A 01 31 05 E6 3D 77 00 00 DA A5 B3 C8 24 07 0C 25 A5 07 01 31 04 D8 
3A 01 01 51 8A A5 C8 24 0C 18 25 A5 0C 01 31 03 CF 00 00 10 C8 25 A5 0C 01 31 05 E6 3D 77 00 00 DD C0 00 (227)
                              [N9:P] MOTOR_I 0 0 (0)
                              [N9:P] [undefined] 61 119 0 0 (1031208960)
                              [N12:Z] MOTOR_I 0 0 (0)
                              [N12:Z] [undefined] 61 119 0 0 (1031208960)
                              [N9:P] MOTOR_I 0 0 (0)
                              [N9:P] [undefined] 61 119 0 0 (1031208960)
                              [N8:R] RFLAG ':' 9 (9)
                              [N11:NG] NGSWSTATE 0 (0)
                              [N12:Z] MOTOR_I 0 0 (0)
                              [N12:Z] [undefined] 61 119 0 0 (1031208960)
                              [N9:P] MOTOR_I 0 0 (0)
                              [N9:P] [undefined] 61 119 0 0 (1031208960)
                              [N7:N] INTERRUPT ':' 1 1 (257)
                              [N12:Z] MOTOR_I 0 0 (0)
                              [N12:Z] [undefined] 61 119 0 0 (1031208960)
2025-08-15 17:56:19:333 [OUT] 25 A5 01 04 31 06 EA 3D 00 00 00 00 63 8D (14)
                              [N4:Y] POSITION '=' 0 0 0 0 (0)
2025-08-15 17:56:19:334 [IN ] C8 24 09 15 25 A5 09 01 31 03 CF 00 00 0D B3 25 A5 09 01 31 05 E6 3D 77 00 00 (26)
                              [N9:P] MOTOR_I 0 0 (0)
2025-08-15 17:56:19:356 [OUT] 25 A5 01 0C 31 06 EA 3D 00 00 00 00 6B D5 (14)
                              [N12:Z] POSITION '=' 0 0 0 0 (0)
2025-08-15 17:56:19:378 [OUT] 25 A5 01 09 31 06 EA 3D 00 00 00 00 68 BA (14)
                              [N9:P] POSITION '=' 0 0 0 0 (0)
2025-08-15 17:56:19:400 [OUT] 25 A5 01 07 31 03 C9 3D 0B 4D 12 (11)
                              [N7:N] LFLAG '=' 11 (11)
2025-08-15 17:56:19:402 [IN ] C8 24 0C 18 25 A5 0C 01 31 03 CF 00 00 10 C8 25 A5 0C 01 31 05 E6 3D 77 00 00 DD C0 00 (29)
                              [N12:Z] MOTOR_I 0 0 (0)
                              [N12:Z] [undefined] 61 119 0 0 (1031208960)
2025-08-15 17:56:19:444 [IN ] C8 24 09 1B 00 DA A5 25 A5 09 01 31 03 CF 00 00 0D B3 25 A5 09 01 31 05 E6 3D 77 00 00 DA A5 05 (32)
                              [N9:P] [undefined] 61 119 0 0 (1031208960)
                              [N9:P] MOTOR_I 0 0 (0)
                              [N9:P] [undefined] 61 119 0 0 (1031208960)
2025-08-15 17:56:19:508 [IN ] C8 24 0C 18 25 A5 0C 01 31 03 CF 00 00 10 C8 25 A5 0C 01 31 05 E6 3D 77 00 00 DD C0 00 (29)
                              [N12:Z] MOTOR_I 0 0 (0)
                              [N12:Z] [undefined] 61 119 0 0 (1031208960)
2025-08-15 17:56:19:529 [IN ] C8 24 04 0E 25 A5 04 01 31 06 EA 3A 00 00 00 00 60 81 01 C8 24 09 18 25 A5 09 01 31 03 CF 00 00 0D B3 25 A5 09 01 31 05 E6 3D 77 00 00 DA A5 00 (48)
                              [N4:Y] POSITION ':' 0 0 0 0 (0)
                              [N9:P] MOTOR_I 0 0 (0)
                              [N9:P] [undefined] 61 119 0 0 (1031208960)
2025-08-15 17:56:19:551 [OUT] 25 A5 01 04 31 03 C9 3D 09 48 FE (11)
                              [N4:Y] LFLAG '=' 9 (9)
2025-08-15 17:56:19:594 [IN ] C8 24 0C 18 25 A5 0C 01 31 03 CF 00 00 10 C8 25 A5 0C 01 31 05 E6 3D 77 00 00 DD C0 00 (29)
                              [N12:Z] MOTOR_I 0 0 (0)
                              [N12:Z] [undefined] 61 119 0 0 (1031208960)
2025-08-15 17:56:19:638 [IN ] C8 24 09 18 25 A5 09 01 31 03 CF 00 00 0D B3 25 A5 09 01 31 05 E6 3D 77 00 00 DA A5 00 (29)
                              [N9:P] MOTOR_I 0 0 (0)
                              [N9:P] [undefined] 61 119 0 0 (1031208960)
2025-08-15 17:56:19:680 [IN ] C8 24 0C 0E 25 A5 0C 01 31 06 EA 3A 00 00 00 00 68 D1 01 (19)
                              [N12:Z] POSITION ':' 0 0 0 0 (0)
2025-08-15 17:56:19:702 [OUT] 25 A5 01 0C 31 03 C9 3D 09 50 2E (11)
                              [N12:Z] LFLAG '=' 9 (9)
2025-08-15 17:56:19:703 [IN ] C8 24 0C 18 25 A5 0C 01 31 03 CF 00 00 10 C8 25 A5 0C 01 31 05 E6 3D 77 00 00 DD C0 00 (29)
                              [N12:Z] MOTOR_I 0 0 (0)
                              [N12:Z] [undefined] 61 119 0 0 (1031208960)
2025-08-15 17:56:19:746 [IN ] C8 24 09 18 25 A5 09 01 31 03 CF 00 00 0D B3 25 A5 09 01 31 05 E6 3D 77 00 00 DA A5 00 (29)
                              [N9:P] MOTOR_I 0 0 (0)
                              [N9:P] [undefined] 61 119 0 0 (1031208960)
2025-08-15 17:56:19:812 [IN ] C8 24 09 0E 25 A5 09 01 31 06 EA 3A 00 00 00 00 65 B3 01 C8 24 0C 18 25 A5 0C 01 31 03 CF 00 00 10 C8 25 A5 0C 01 31 05 E6 3D 77 00 00 DD C0 00 (48)
                              [N9:P] POSITION ':' 0 0 0 0 (0)
                              [N12:Z] MOTOR_I 0 0 (0)
                              [N12:Z] [undefined] 61 119 0 0 (1031208960)
2025-08-15 17:56:19:834 [OUT] 25 A5 01 09 31 03 C9 3D 09 4D 1C (11)
                              [N9:P] LFLAG '=' 9 (9)
2025-08-15 17:56:19:835 [IN ] C8 24 09 18 25 A5 09 01 31 03 CF 00 00 0D B3 25 A5 09 01 31 05 E6 3D 77 00 00 DA A5 00 (29)
                              [N9:P] MOTOR_I 0 0 (0)
                              [N9:P] [undefined] 61 119 0 0 (1031208960)
2025-08-15 17:56:19:899 [IN ] C8 24 0C 18 25 A5 0C 01 31 03 CF 00 (12)
2025-08-15 17:56:19:920 [IN ] 00 10 C8 25 A5 0C 01 31 05 E6 3D 77 00 00 DD C0 00 C8 24 07 0B 25 A5 07 01 31 03 C9 3A 0B 4A 12 25 (33)
                              [N12:Z] MOTOR_I 0 0 (0)
                              [N12:Z] [undefined] 61 119 0 0 (1031208960)
                              [N7:N] LFLAG ':' 11 (11)
2025-08-15 17:56:19:942 [OUT] 25 A5 01 07 31 03 88 00 50 14 1A (11)
                              [N7:N] RUN 0 80 (80)
2025-08-15 17:56:19:945 [IN ] C8 24 09 18 25 A5 09 01 31 03 CF 00 00 0D B3 25 A5 09 01 31 05 E6 3D 77 00 00 DA A5 00 (29)
                              [N9:P] MOTOR_I 0 0 (0)
                              [N9:P] [undefined] 61 119 0 0 (1031208960)
2025-08-15 17:56:20:009 [IN ] C8 24 0C 18 25 A5 0C 01 31 03 CF 00 00 10 C8 25 A5 0C 01 31 05 E6 3D 77 00 00 DD C0 00 C8 24 04 0B 25 A5 04 01 31 03 C9 3A 09 45 FB 25 (45)
                              [N12:Z] MOTOR_I 0 0 (0)
                              [N12:Z] [undefined] 61 119 0 0 (1031208960)
                              [N4:Y] LFLAG ':' 9 (9)
2025-08-15 17:56:20:031 [OUT] 25 A5 01 04 31 03 84 00 50 0D FC (11)
                              [N4:Y] VEL 0 80 (80)
2025-08-15 17:56:20:054 [IN ] C8 24 09 18 25 A5 09 01 31 03 CF 00 00 0D B3 25 A5 09 01 31 05 E6 3D 77 00 00 DA A5 00 (29)
                              [N9:P] MOTOR_I 0 0 (0)
                              [N9:P] [undefined] 61 119 0 0 (1031208960)
2025-08-15 17:56:20:117 [IN ] C8 24 0C 18 25 A5 0C 01 31 03 CF 00 00 10 C8 25 A5 0C 01 31 05 E6 3D 77 00 00 DD C0 00 C8 24 0C 0B 25 A5 0C 01 31 03 C9 3A 09 4D 33 25 (45)
                              [N12:Z] MOTOR_I 0 0 (0)
                              [N12:Z] [undefined] 61 119 0 0 (1031208960)
                              [N12:Z] LFLAG ':' 9 (9)
2025-08-15 17:56:20:141 [IN ] C8 24 09 18 25 A5 09 01 31 03 CF 00 00 0D B3 25 A5 09 01 31 05 E6 3D 77 00 00 DA A5 00 (29)
                              [N9:P] MOTOR_I 0 0 (0)
                              [N9:P] [undefined] 61 119 0 0 (1031208960)
2025-08-15 17:56:20:186 [IN ] C8 24 0B 0A 25 A5 0B 01 31 02 DE 00 1D CD (14)
                              [N11:NG] NGSWSTATE 0 (0)
2025-08-15 17:56:20:208 [IN ] B3 (1)
2025-08-15 17:56:20:230 [IN ] C8 24 0C 18 25 A5 0C 01 31 03 CF 00 00 10 C8 25 A5 0C 01 31 05 E6 3D 77 00 00 DD C0 00 C8 24 09 (32)
                              [N12:Z] MOTOR_I 0 0 (0)
                              [N12:Z] [undefined] 61 119 0 0 (1031208960)
2025-08-15 17:56:20:252 [IN ] 23 25 A5 09 01 31 03 C9 3A 09 4A 1E 25 A5 09 01 31 03 CF 00 00 0D B3 25 A5 09 01 31 05 E6 3D 77 00 00 DA A5 C0 (37)
                              [N9:P] LFLAG ':' 9 (9)
                              [N9:P] MOTOR_I 0 0 (0)
                              [N9:P] [undefined] 61 119 0 0 (1031208960)
2025-08-15 17:56:20:297 [IN ] C8 24 0C 0E 25 A5 0C 01 31 03 CF 00 00 10 C8 25 A5 0C 01 (19)
                              [N12:Z] MOTOR_I 0 0 (0)
2025-08-15 17:56:20:320 [IN ] C8 24 0C 0A 01 31 05 E6 3D 77 00 00 DD C0 C8 (15)
                              [N12:Z] [undefined] 61 119 0 0 (1031208960)
2025-08-15 17:56:20:343 [IN ] C8 24 09 18 25 A5 09 01 31 03 CF 00 00 0D B3 25 A5 09 01 31 05 E6 3D 77 00 00 DA A5 09 (29)
                              [N9:P] MOTOR_I 0 0 (0)
                              [N9:P] [undefined] 61 119 0 0 (1031208960)
2025-08-15 17:56:20:364 [IN ] C8 24 07 0C 25 A5 07 01 31 04 88 53 00 50 68 E2 A5 (17)
                              [N7:N] RUN 'S' 0 80 (80)
2025-08-15 17:56:20:385 [IN ] C8 24 0C 15 25 A5 0C 01 31 03 CF 00 00 10 C8 25 A5 0C 01 31 05 E6 3D 77 00 00 (26)
                              [N12:Z] MOTOR_I 0 0 (0)
2025-08-15 17:56:20:457 [IN ] C8 24 09 18 25 A5 09 01 31 03 CF 00 00 0D B3 25 A5 09 01 31 05 E6 3D 77 00 00 DA A5 09 C8 24 04 0C 25 A5 04 01 31 04 84 53 00 50 61 BA A5 (46)
                              [N9:P] MOTOR_I 0 0 (0)
                              [N9:P] [undefined] 61 119 0 0 (1031208960)
                              [N4:Y] VEL 'S' 0 80 (80)
2025-08-15 17:56:20:478 [OUT] 25 A5 01 04 31 05 81 FF EE 88 01 32 FA (13)
                              [N4:Y] TPOS 255 238 136 1 (-1144831)
2025-08-15 17:56:20:501 [IN ] C8 24 0C 1B 00 DD C0 25 A5 0C 01 31 03 CF 00 00 10 C8 25 A5 0C 01 31 05 E6 3D 77 00 00 DD C0 05 (32)
                              [N12:Z] [undefined] 61 119 0 0 (1031208960)
                              [N12:Z] MOTOR_I 0 0 (0)
                              [N12:Z] [undefined] 61 119 0 0 (1031208960)
2025-08-15 17:56:20:564 [IN ] C8 24 09 18 25 A5 09 01 31 03 CF 00 00 0D B3 25 A5 09 01 31 05 E6 3D 77 00 00 DA A5 00 (29)
                              [N9:P] MOTOR_I 0 0 (0)
                              [N9:P] [undefined] 61 119 0 0 (1031208960)
2025-08-15 17:56:20:607 [IN ] C8 24 0C 18 25 A5 0C 01 31 03 CF 00 00 10 C8 25 A5 0C 01 31 05 E6 3D 77 00 00 DD C0 00 (29)
                              [N12:Z] MOTOR_I 0 0 (0)
                              [N12:Z] [undefined] 61 119 0 0 (1031208960)
2025-08-15 17:56:20:650 [IN ] C8 24 09 18 25 A5 09 01 31 03 CF 00 00 0D B3 25 A5 09 01 31 05 E6 3D 77 00 00 DA A5 00 (29)
                              [N9:P] MOTOR_I 0 0 (0)
                              [N9:P] [undefined] 61 119 0 0 (1031208960)
2025-08-15 17:56:20:672 [IN ] C8 24 04 0E 25 A5 04 01 31 06 81 53 00 00 00 00 10 88 01 (19)
                              [N4:Y] TPOS 'S' 0 0 0 0 (0)
2025-08-15 17:56:20:874 [IN ] C8 24 0C 18 25 A5 0C 01 31 03 CF 00 00 10 C8 25 A5 0C 01 31 05 E6 3D 77 00 00 DD C0 00 C8 24 09 18 25 A5 09 01 31 03 CF 00 00 0D B3 25 A5 09 01 31 05 E6 3D 77 00 00 DA A5 00 C8 24 0C 18 25 A5 
0C 01 31 03 CF 00 00 10 C8 25 A5 0C 01 31 05 E6 3D 77 00 00 DD C0 00 C8 24 09 18 25 A5 09 01 31 03 CF 00 00 0D B3 25 A5 09 01 31 05 E6 3D 77 00 00 DA A5 00 (116)
                              [N12:Z] MOTOR_I 0 0 (0)
                              [N12:Z] [undefined] 61 119 0 0 (1031208960)
                              [N9:P] MOTOR_I 0 0 (0)
                              [N9:P] [undefined] 61 119 0 0 (1031208960)
                              [N12:Z] MOTOR_I 0 0 (0)
                              [N12:Z] [undefined] 61 119 0 0 (1031208960)
                              [N9:P] MOTOR_I 0 0 (0)
                              [N9:P] [undefined] 61 119 0 0 (1031208960)
2025-08-15 17:56:21:076 [IN ] C8 24 0C 18 25 A5 0C 01 31 03 CF 00 00 10 C8 25 A5 0C 01 31 05 E6 3D 77 00 00 DD C0 00 C8 24 09 0E 25 A5 09 01 31 03 CF 00 00 0D B3 25 A5 09 01 C8 24 09 0A 01 31 05 E6 3D 77 00 00 DA A5 B3 C8 
24 0C 18 25 A5 0C 01 31 03 CF 00 00 10 C8 25 A5 0C 01 31 05 E6 3D 77 00 00 DD C0 00 C8 24 09 15 25 A5 09 01 31 03 CF 00 00 0D B3 25 A5 09 01 31 05 E6 3D 77 00 00 (118)
                              [N12:Z] MOTOR_I 0 0 (0)
                              [N12:Z] [undefined] 61 119 0 0 (1031208960)
                              [N9:P] MOTOR_I 0 0 (0)
                              [N9:P] [undefined] 61 119 0 0 (1031208960)
                              [N12:Z] MOTOR_I 0 0 (0)
                              [N12:Z] [undefined] 61 119 0 0 (1031208960)
                              [N9:P] MOTOR_I 0 0 (0)
2025-08-15 17:56:21:280 [IN ] C8 24 0C 18 25 A5 0C 01 31 03 CF 00 00 10 C8 25 A5 0C 01 31 05 E6 3D 77 00 00 DD C0 00 C8 24 09 1B 00 DA A5 25 A5 09 01 31 03 CF 00 00 0D B3 25 A5 09 01 31 05 E6 3D 77 00 00 DA A5 05 C8 24 0B 
0A 25 A5 0B 01 31 02 DE 00 1D CD 00 C8 24 0C 18 25 A5 0C 01 31 03 CF 00 00 10 C8 25 A5 0C 01 31 05 E6 3D 77 00 00 DD C0 00 C8 24 09 18 25 A5 09 01 31 03 CF 00 00 0D B3 25 A5 09 01 31 05 E6 3D 
77 00 00 DA A5 00 (134)
                              [N12:Z] MOTOR_I 0 0 (0)
                              [N12:Z] [undefined] 61 119 0 0 (1031208960)
                              [N9:P] [undefined] 61 119 0 0 (1031208960)
                              [N9:P] MOTOR_I 0 0 (0)
                              [N9:P] [undefined] 61 119 0 0 (1031208960)
                              [N11:NG] NGSWSTATE 0 (0)
                              [N12:Z] MOTOR_I 0 0 (0)
                              [N12:Z] [undefined] 61 119 0 0 (1031208960)
                              [N9:P] MOTOR_I 0 0 (0)
                              [N9:P] [undefined] 61 119 0 0 (1031208960)
2025-08-15 17:56:21:481 [IN ] C8 24 0C 18 25 A5 0C 01 31 03 CF 00 00 10 C8 25 A5 0C 01 31 05 E6 3D 77 00 00 DD C0 00 C8 24 09 18 25 A5 09 01 31 03 CF 00 00 0D B3 25 A5 09 01 31 05 E6 3D 77 00 00 DA A5 00 C8 24 0C 18 25 A5 
0C 01 31 03 CF 00 00 10 C8 25 A5 0C 01 31 05 E6 3D 77 00 00 DD C0 00 C8 24 09 18 25 A5 09 01 31 03 CF 00 00 0D B3 25 A5 09 01 31 05 E6 3D 77 00 00 DA A5 00 (116)
                              [N12:Z] MOTOR_I 0 0 (0)
                              [N12:Z] [undefined] 61 119 0 0 (1031208960)
                              [N9:P] MOTOR_I 0 0 (0)
                              [N9:P] [undefined] 61 119 0 0 (1031208960)
                              [N12:Z] MOTOR_I 0 0 (0)
                              [N12:Z] [undefined] 61 119 0 0 (1031208960)
                              [N9:P] MOTOR_I 0 0 (0)
                              [N9:P] [undefined] 61 119 0 0 (1031208960)
2025-08-15 17:56:21:683 [IN ] C8 24 0C 18 25 A5 0C 01 31 03 CF 00 00 10 C8 25 A5 0C 01 31 05 E6 3D 77 00 00 DD C0 00 C8 24 09 18 25 A5 09 01 31 03 CF 00 00 0D B3 25 A5 09 01 31 05 E6 3D 77 00 00 DA A5 00 C8 24 0C 18 25 A5 
0C 01 31 03 CF 00 00 10 C8 25 A5 0C 01 31 05 E6 3D 77 00 00 DD C0 00 C8 24 09 18 25 A5 09 01 31 03 CF 00 00 0D B3 25 A5 09 01 31 05 E6 3D 77 00 00 DA A5 00 (116)
                              [N12:Z] MOTOR_I 0 0 (0)
                              [N12:Z] [undefined] 61 119 0 0 (1031208960)
                              [N9:P] MOTOR_I 0 0 (0)
                              [N9:P] [undefined] 61 119 0 0 (1031208960)
                              [N12:Z] MOTOR_I 0 0 (0)
                              [N12:Z] [undefined] 61 119 0 0 (1031208960)
                              [N9:P] MOTOR_I 0 0 (0)
                              [N9:P] [undefined] 61 119 0 0 (1031208960)
2025-08-15 17:56:21:885 [IN ] C8 24 0C 18 25 A5 0C 01 31 03 CF 00 00 10 C8 25 A5 0C 01 31 05 E6 3D 77 00 00 DD C0 00 C8 24 09 18 25 A5 09 01 31 03 CF 00 00 0D B3 25 A5 09 01 31 05 E6 3D 77 00 00 DA A5 00 C8 24 0C 18 25 A5 
0C 01 31 03 CF 00 00 10 C8 25 A5 0C 01 31 05 E6 3D 77 00 00 DD C0 00 C8 24 09 18 25 A5 09 01 31 03 CF 00 00 0D B3 25 A5 09 01 31 05 E6 3D 77 00 00 DA A5 00 (116)
                              [N12:Z] MOTOR_I 0 0 (0)
                              [N12:Z] [undefined] 61 119 0 0 (1031208960)
                              [N9:P] MOTOR_I 0 0 (0)
                              [N9:P] [undefined] 61 119 0 0 (1031208960)
                              [N12:Z] MOTOR_I 0 0 (0)
                              [N12:Z] [undefined] 61 119 0 0 (1031208960)
                              [N9:P] MOTOR_I 0 0 (0)
                              [N9:P] [undefined] 61 119 0 0 (1031208960)
2025-08-15 17:56:22:086 [IN ] C8 24 0C 18 25 A5 0C 01 31 03 CF 00 00 10 C8 25 A5 0C 01 31 05 E6 3D 77 00 00 DD C0 00 C8 24 09 18 25 A5 09 01 31 03 CF 00 00 0D B3 25 A5 09 01 31 05 E6 3D 77 00 00 DA A5 00 C8 24 0C 0E 25 A5 
0C 01 31 03 CF 00 00 10 C8 25 A5 0C 01 C8 24 0C 0A 01 31 05 E6 3D 77 00 00 DD C0 C8 C8 24 09 18 25 A5 09 01 31 03 CF 00 00 0D B3 25 A5 09 01 31 05 E6 3D 77 00 00 DA A5 00 (121)
                              [N12:Z] MOTOR_I 0 0 (0)
                              [N12:Z] [undefined] 61 119 0 0 (1031208960)
                              [N9:P] MOTOR_I 0 0 (0)
                              [N9:P] [undefined] 61 119 0 0 (1031208960)
                              [N12:Z] MOTOR_I 0 0 (0)
                              [N12:Z] [undefined] 61 119 0 0 (1031208960)
                              [N9:P] MOTOR_I 0 0 (0)
                              [N9:P] [undefined] 61 119 0 0 (1031208960)
2025-08-15 17:56:22:291 [IN ] C8 24 0C 15 25 A5 0C 01 31 03 CF 00 00 10 C8 25 A5 0C 01 31 05 E6 3D 77 00 00 C8 24 09 18 25 A5 09 01 31 03 CF 00 00 0D B3 25 A5 09 01 31 05 E6 3D 77 00 00 DA A5 00 C8 24 0B 0A 25 A5 0B 01 31 
02 DE 00 1D CD B3 C8 24 0C 1B 00 DD C0 25 A5 0C 01 31 03 CF 00 00 10 C8 25 A5 0C 01 31 05 E6 3D 77 00 00 DD C0 05 C8 24 09 18 25 A5 09 01 31 03 CF 00 00 0D B3 25 A5 09 01 31 05 E6 3D 77 00 00 
DA A5 00 (131)
                              [N12:Z] MOTOR_I 0 0 (0)
                              [N9:P] MOTOR_I 0 0 (0)
                              [N9:P] [undefined] 61 119 0 0 (1031208960)
                              [N11:NG] NGSWSTATE 0 (0)
                              [N12:Z] [undefined] 61 119 0 0 (1031208960)
                              [N12:Z] MOTOR_I 0 0 (0)
                              [N12:Z] [undefined] 61 119 0 0 (1031208960)
                              [N9:P] MOTOR_I 0 0 (0)
                              [N9:P] [undefined] 61 119 0 0 (1031208960)
2025-08-15 17:56:22:493 [IN ] C8 24 0C 18 25 A5 0C 01 31 03 CF 00 00 10 C8 25 A5 0C 01 31 05 E6 3D 77 00 00 DD C0 00 C8 24 09 18 25 A5 09 01 31 03 CF 00 00 0D B3 25 A5 09 01 31 05 E6 3D 77 00 00 DA A5 00 C8 24 0C 18 25 A5 
0C 01 31 03 CF 00 00 10 C8 25 A5 0C 01 31 05 E6 3D 77 00 00 DD C0 00 C8 24 09 18 25 A5 09 01 31 03 CF 00 00 0D B3 25 A5 09 01 31 05 E6 3D 77 00 00 DA A5 00 (116)
                              [N12:Z] MOTOR_I 0 0 (0)
                              [N12:Z] [undefined] 61 119 0 0 (1031208960)
                              [N9:P] MOTOR_I 0 0 (0)
                              [N9:P] [undefined] 61 119 0 0 (1031208960)
                              [N12:Z] MOTOR_I 0 0 (0)
                              [N12:Z] [undefined] 61 119 0 0 (1031208960)
                              [N9:P] MOTOR_I 0 0 (0)
                              [N9:P] [undefined] 61 119 0 0 (1031208960)
2025-08-15 17:56:22:694 [IN ] C8 24 0C 18 25 A5 0C 01 31 03 CF 00 00 10 C8 25 A5 0C 01 31 05 E6 3D 77 00 00 DD C0 00 C8 24 09 18 25 A5 09 01 31 03 CF 00 00 0D B3 25 A5 09 01 31 05 E6 3D 77 00 00 DA A5 00 C8 24 0C 18 25 A5 
0C 01 31 03 CF 00 00 10 C8 25 A5 0C 01 31 05 E6 3D 77 00 00 DD C0 00 C8 24 09 0E 25 A5 09 01 31 03 CF 00 00 0D B3 25 A5 09 01 C8 24 09 0A 01 31 05 E6 3D 77 00 00 DA A5 B3 (121)
                              [N12:Z] MOTOR_I 0 0 (0)
                              [N12:Z] [undefined] 61 119 0 0 (1031208960)
                              [N9:P] MOTOR_I 0 0 (0)
                              [N9:P] [undefined] 61 119 0 0 (1031208960)
                              [N12:Z] MOTOR_I 0 0 (0)
                              [N12:Z] [undefined] 61 119 0 0 (1031208960)
                              [N9:P] MOTOR_I 0 0 (0)
                              [N9:P] [undefined] 61 119 0 0 (1031208960)
2025-08-15 17:56:22:900 [IN ] C8 24 0C 18 25 A5 0C 01 31 03 CF 00 00 10 C8 25 A5 0C 01 31 05 E6 3D 77 00 00 DD C0 00 C8 24 09 15 25 A5 09 01 31 03 CF 00 00 0D B3 25 A5 09 01 31 05 E6 3D 77 00 00 C8 24 0C 18 25 A5 0C 01 31 
03 CF 00 00 10 C8 25 A5 0C 01 31 05 E6 3D 77 00 00 DD C0 00 C8 24 09 1B 00 DA A5 25 A5 09 01 31 03 CF 00 00 0D B3 25 A5 09 01 31 05 E6 3D 77 00 00 DA A5 05 (116)
                              [N12:Z] MOTOR_I 0 0 (0)
                              [N12:Z] [undefined] 61 119 0 0 (1031208960)
                              [N9:P] MOTOR_I 0 0 (0)
                              [N12:Z] MOTOR_I 0 0 (0)
                              [N12:Z] [undefined] 61 119 0 0 (1031208960)
                              [N9:P] [undefined] 61 119 0 0 (1031208960)
                              [N9:P] MOTOR_I 0 0 (0)
                              [N9:P] [undefined] 61 119 0 0 (1031208960)
2025-08-15 17:56:23:102 [IN ] C8 24 0C 18 25 A5 0C 01 31 03 CF 00 00 10 C8 25 A5 0C 01 31 05 E6 3D 77 00 00 DD C0 00 C8 24 09 18 25 A5 09 01 31 03 CF 00 00 0D B3 25 A5 09 01 31 05 E6 3D 77 00 00 DA A5 00 C8 24 0C 18 25 A5 
0C 01 31 03 CF 00 00 10 C8 25 A5 0C 01 31 05 E6 3D 77 00 00 DD C0 00 C8 24 09 18 25 A5 09 01 31 03 CF 00 00 0D B3 25 A5 09 01 31 05 E6 3D 77 00 00 DA A5 00 (116)
                              [N12:Z] MOTOR_I 0 0 (0)
                              [N12:Z] [undefined] 61 119 0 0 (1031208960)
                              [N9:P] MOTOR_I 0 0 (0)
                              [N9:P] [undefined] 61 119 0 0 (1031208960)
                              [N12:Z] MOTOR_I 0 0 (0)
                              [N12:Z] [undefined] 61 119 0 0 (1031208960)
                              [N9:P] MOTOR_I 0 0 (0)
                              [N9:P] [undefined] 61 119 0 0 (1031208960)
2025-08-15 17:56:23:304 [IN ] C8 24 0C 18 25 A5 0C 01 31 03 CF 00 00 10 C8 25 A5 0C 01 31 05 E6 3D 77 00 00 DD C0 00 C8 24 09 18 25 A5 09 01 31 03 CF 00 00 0D B3 25 A5 09 01 31 05 E6 3D 77 00 00 DA A5 00 C8 24 0B 0A 25 A5 
0B 01 31 02 DE 00 1D CD B3 C8 24 0C 18 25 A5 0C 01 31 03 CF 00 00 10 C8 25 A5 0C 01 31 05 E6 3D 77 00 00 DD C0 00 C8 24 09 18 25 A5 09 01 31 03 CF 00 00 0D B3 25 A5 09 01 31 05 E6 3D 77 00 00 
DA A5 00 (131)
                              [N12:Z] MOTOR_I 0 0 (0)
                              [N12:Z] [undefined] 61 119 0 0 (1031208960)
                              [N9:P] MOTOR_I 0 0 (0)
                              [N9:P] [undefined] 61 119 0 0 (1031208960)
                              [N11:NG] NGSWSTATE 0 (0)
                              [N12:Z] MOTOR_I 0 0 (0)
                              [N12:Z] [undefined] 61 119 0 0 (1031208960)
                              [N9:P] MOTOR_I 0 0 (0)
                              [N9:P] [undefined] 61 119 0 0 (1031208960)
2025-08-15 17:56:23:505 [IN ] C8 24 0C 18 25 A5 0C 01 31 03 CF 00 00 10 C8 25 A5 0C 01 31 05 E6 3D 77 00 00 DD C0 00 C8 24 09 18 25 A5 09 01 31 03 CF 00 00 0D B3 25 A5 09 01 31 05 E6 3D 77 00 00 DA A5 00 C8 24 0C 18 25 A5 
0C 01 31 03 CF 00 00 10 C8 25 A5 0C 01 31 05 E6 3D 77 00 00 DD C0 00 C8 24 09 18 25 A5 09 01 31 03 CF 00 00 0D B3 25 A5 09 01 31 05 E6 3D 77 00 00 DA A5 00 (116)
                              [N12:Z] MOTOR_I 0 0 (0)
                              [N12:Z] [undefined] 61 119 0 0 (1031208960)
                              [N9:P] MOTOR_I 0 0 (0)
                              [N9:P] [undefined] 61 119 0 0 (1031208960)
                              [N12:Z] MOTOR_I 0 0 (0)
                              [N12:Z] [undefined] 61 119 0 0 (1031208960)
                              [N9:P] MOTOR_I 0 0 (0)
                              [N9:P] [undefined] 61 119 0 0 (1031208960)
2025-08-15 17:56:23:707 [IN ] C8 24 0C 18 25 A5 0C 01 31 03 CF 00 00 10 C8 25 A5 0C 01 31 05 E6 3D 77 00 00 DD C0 00 C8 24 09 18 25 A5 09 01 31 03 CF 00 00 0D B3 25 A5 09 01 31 05 E6 3D 77 00 00 DA A5 00 C8 24 0C 18 25 A5 
0C 01 31 03 CF 00 00 10 C8 25 A5 0C 01 31 05 E6 3D 77 00 00 DD C0 00 C8 24 09 18 25 A5 09 01 31 03 CF 00 00 0D B3 25 A5 09 01 31 05 E6 3D 77 00 00 DA A5 00 (116)
                              [N12:Z] MOTOR_I 0 0 (0)
                              [N12:Z] [undefined] 61 119 0 0 (1031208960)
                              [N9:P] MOTOR_I 0 0 (0)
                              [N9:P] [undefined] 61 119 0 0 (1031208960)
                              [N12:Z] MOTOR_I 0 0 (0)
                              [N12:Z] [undefined] 61 119 0 0 (1031208960)
                              [N9:P] MOTOR_I 0 0 (0)
                              [N9:P] [undefined] 61 119 0 0 (1031208960)
2025-08-15 17:56:23:914 [IN ] C8 24 0C 0E 25 A5 0C 01 31 03 CF 00 00 10 C8 25 A5 0C 01 C8 24 0C 0A 01 31 05 E6 3D 77 00 00 DD C0 C8 C8 24 09 18 25 A5 09 01 31 03 CF 00 00 0D B3 25 A5 09 01 31 05 E6 3D 77 00 00 DA A5 00 C8 
24 0C 15 25 A5 0C 01 31 03 CF 00 00 10 C8 25 A5 0C 01 31 05 E6 3D 77 00 00 C8 24 09 18 25 A5 09 01 31 03 CF 00 00 0D B3 25 A5 09 01 31 05 E6 3D 77 00 00 DA A5 00 (118)
                              [N12:Z] MOTOR_I 0 0 (0)
                              [N12:Z] [undefined] 61 119 0 0 (1031208960)
                              [N9:P] MOTOR_I 0 0 (0)
                              [N9:P] [undefined] 61 119 0 0 (1031208960)
                              [N12:Z] MOTOR_I 0 0 (0)
                              [N9:P] MOTOR_I 0 0 (0)
                              [N9:P] [undefined] 61 119 0 0 (1031208960)
2025-08-15 17:56:24:116 [IN ] C8 24 0C 1B 00 DD C0 25 A5 0C 01 31 03 CF 00 00 10 C8 25 A5 0C 01 31 05 E6 3D 77 00 00 DD C0 05 C8 24 09 18 25 A5 09 01 31 03 CF 00 00 0D B3 25 A5 09 01 31 05 E6 3D 77 00 00 DA A5 00 C8 24 0C 
18 25 A5 0C 01 31 03 CF 00 00 10 C8 25 A5 0C 01 31 05 E6 3D 77 00 00 DD C0 00 C8 24 09 18 25 A5 09 01 31 03 CF 00 00 0D B3 25 A5 09 01 31 05 E6 3D 77 00 00 DA A5 00 (119)
                              [N12:Z] [undefined] 61 119 0 0 (1031208960)
                              [N12:Z] MOTOR_I 0 0 (0)
                              [N12:Z] [undefined] 61 119 0 0 (1031208960)
                              [N9:P] MOTOR_I 0 0 (0)
                              [N9:P] [undefined] 61 119 0 0 (1031208960)
                              [N12:Z] MOTOR_I 0 0 (0)
                              [N12:Z] [undefined] 61 119 0 0 (1031208960)
                              [N9:P] MOTOR_I 0 0 (0)
                              [N9:P] [undefined] 61 119 0 0 (1031208960)
2025-08-15 17:56:24:318 [IN ] C8 24 0C 18 25 A5 0C 01 31 03 CF 00 00 10 C8 25 A5 0C 01 31 05 E6 3D 77 00 00 DD C0 00 C8 24 09 18 25 A5 09 01 31 03 CF 00 00 0D B3 25 A5 09 01 31 05 E6 3D 77 00 00 DA A5 00 C8 24 0B 0A 25 A5 
0B 01 31 02 DE 00 1D CD B3 C8 24 0C 18 25 A5 0C 01 31 03 CF 00 00 10 C8 25 A5 0C 01 31 05 E6 3D 77 00 00 DD C0 00 C8 24 09 18 25 A5 09 01 31 03 CF 00 00 0D B3 25 A5 09 01 31 05 E6 3D 77 00 00 
DA A5 00 (131)
                              [N12:Z] MOTOR_I 0 0 (0)
                              [N12:Z] [undefined] 61 119 0 0 (1031208960)
                              [N9:P] MOTOR_I 0 0 (0)
                              [N9:P] [undefined] 61 119 0 0 (1031208960)
                              [N11:NG] NGSWSTATE 0 (0)
                              [N12:Z] MOTOR_I 0 0 (0)
                              [N12:Z] [undefined] 61 119 0 0 (1031208960)
                              [N9:P] MOTOR_I 0 0 (0)
                              [N9:P] [undefined] 61 119 0 0 (1031208960)
2025-08-15 17:56:24:520 [IN ] C8 24 0C 18 25 A5 0C 01 31 03 CF 00 00 10 C8 25 A5 0C 01 31 05 E6 3D 77 00 00 DD C0 00 C8 24 09 0E 25 A5 09 01 31 03 CF 00 00 0D B3 25 A5 09 01 C8 24 09 0A 01 31 05 E6 3D 77 00 00 DA A5 B3 C8 
24 0C 18 25 A5 0C 01 31 03 CF 00 00 10 C8 25 A5 0C 01 31 05 E6 3D 77 00 00 DD C0 00 C8 24 09 15 25 A5 09 01 31 03 CF 00 00 0D B3 25 A5 09 01 31 05 E6 3D 77 00 00 (118)
                              [N12:Z] MOTOR_I 0 0 (0)
                              [N12:Z] [undefined] 61 119 0 0 (1031208960)
                              [N9:P] MOTOR_I 0 0 (0)
                              [N9:P] [undefined] 61 119 0 0 (1031208960)
                              [N12:Z] MOTOR_I 0 0 (0)
                              [N12:Z] [undefined] 61 119 0 0 (1031208960)
                              [N9:P] MOTOR_I 0 0 (0)
2025-08-15 17:56:24:723 [IN ] C8 24 0C 18 25 A5 0C 01 31 03 CF 00 00 10 C8 25 A5 0C 01 31 05 E6 3D 77 00 00 DD C0 00 C8 24 09 1B 00 DA A5 25 A5 09 01 31 03 CF 00 00 0D B3 25 A5 09 01 31 05 E6 3D 77 00 00 DA A5 05 C8 24 0C 
18 25 A5 0C 01 31 03 CF 00 00 10 C8 25 A5 0C 01 31 05 E6 3D 77 00 00 DD C0 00 C8 24 09 18 25 A5 09 01 31 03 CF 00 00 0D B3 25 A5 09 01 31 05 E6 3D 77 00 00 DA A5 00 (119)
                              [N12:Z] MOTOR_I 0 0 (0)
                              [N12:Z] [undefined] 61 119 0 0 (1031208960)
                              [N9:P] [undefined] 61 119 0 0 (1031208960)
                              [N9:P] MOTOR_I 0 0 (0)
                              [N9:P] [undefined] 61 119 0 0 (1031208960)
                              [N12:Z] MOTOR_I 0 0 (0)
                              [N12:Z] [undefined] 61 119 0 0 (1031208960)
                              [N9:P] MOTOR_I 0 0 (0)
                              [N9:P] [undefined] 61 119 0 0 (1031208960)
2025-08-15 17:56:24:925 [IN ] C8 24 0C 18 25 A5 0C 01 31 03 CF 00 00 10 C8 25 A5 0C 01 31 05 E6 3D 77 00 00 DD C0 00 C8 24 09 18 25 A5 09 01 31 03 CF 00 00 0D B3 25 A5 09 01 31 05 E6 3D 77 00 00 DA A5 00 C8 24 0C 18 25 A5 
0C 01 31 03 CF 00 00 10 C8 25 A5 0C 01 31 05 E6 3D 77 00 00 DD C0 00 C8 24 09 18 25 A5 09 01 31 03 CF 00 00 0D B3 25 A5 09 01 31 05 E6 3D 77 00 00 DA A5 00 (116)
                              [N12:Z] MOTOR_I 0 0 (0)
                              [N12:Z] [undefined] 61 119 0 0 (1031208960)
                              [N9:P] MOTOR_I 0 0 (0)
                              [N9:P] [undefined] 61 119 0 0 (1031208960)
                              [N12:Z] MOTOR_I 0 0 (0)
                              [N12:Z] [undefined] 61 119 0 0 (1031208960)
                              [N9:P] MOTOR_I 0 0 (0)
                              [N9:P] [undefined] 61 119 0 0 (1031208960)
2025-08-15 17:56:25:127 [IN ] C8 24 0C 18 25 A5 0C 01 31 03 CF 00 00 10 C8 25 A5 0C 01 31 05 E6 3D 77 00 00 DD C0 00 C8 24 09 18 25 A5 09 01 31 03 CF 00 00 0D B3 25 A5 09 01 31 05 E6 3D 77 00 00 DA A5 00 C8 24 0C 18 25 A5 
0C 01 31 03 CF 00 00 10 C8 25 A5 0C 01 31 05 E6 3D 77 00 00 DD C0 00 C8 24 09 18 25 A5 09 01 31 03 CF 00 00 0D B3 25 A5 09 01 31 05 E6 3D 77 00 00 DA A5 00 (116)
                              [N12:Z] MOTOR_I 0 0 (0)
                              [N12:Z] [undefined] 61 119 0 0 (1031208960)
                              [N9:P] MOTOR_I 0 0 (0)
                              [N9:P] [undefined] 61 119 0 0 (1031208960)
                              [N12:Z] MOTOR_I 0 0 (0)
                              [N12:Z] [undefined] 61 119 0 0 (1031208960)
                              [N9:P] MOTOR_I 0 0 (0)
                              [N9:P] [undefined] 61 119 0 0 (1031208960)
2025-08-15 17:56:25:329 [IN ] C8 24 0C 18 25 A5 0C 01 31 03 CF 00 00 10 C8 25 A5 0C 01 31 05 E6 3D 77 00 00 DD C0 00 C8 24 09 18 25 A5 09 01 31 03 CF 00 00 0D B3 25 A5 09 01 31 05 E6 3D 77 00 00 DA A5 00 C8 24 0B 0A 25 A5 
0B 01 31 02 DE 00 1D CD B3 C8 24 0C 18 25 A5 0C 01 31 03 CF 00 00 10 C8 25 A5 0C 01 31 05 E6 3D 77 00 00 DD C0 00 C8 24 09 18 25 A5 09 01 31 03 CF 00 00 0D B3 25 A5 09 01 31 05 E6 3D 77 00 00 
DA A5 00 (131)
                              [N12:Z] MOTOR_I 0 0 (0)
                              [N12:Z] [undefined] 61 119 0 0 (1031208960)
                              [N9:P] MOTOR_I 0 0 (0)
                              [N9:P] [undefined] 61 119 0 0 (1031208960)
                              [N11:NG] NGSWSTATE 0 (0)
                              [N12:Z] MOTOR_I 0 0 (0)
                              [N12:Z] [undefined] 61 119 0 0 (1031208960)
                              [N9:P] MOTOR_I 0 0 (0)
                              [N9:P] [undefined] 61 119 0 0 (1031208960)
2025-08-15 17:56:25:531 [IN ] C8 24 0C 18 25 A5 0C 01 31 03 CF 00 00 10 C8 25 A5 0C 01 31 05 E6 3D 77 00 00 DD C0 00 C8 24 09 18 25 A5 09 01 31 03 CF 00 00 0D B3 25 A5 09 01 31 05 E6 3D 77 00 00 DA A5 00 C8 24 0C 18 25 A5 
0C 01 31 03 CF 00 00 10 C8 25 A5 0C 01 31 05 E6 3D 77 00 00 DD C0 00 C8 24 09 18 25 A5 09 01 31 03 CF 00 00 0D B3 25 A5 09 01 31 05 E6 3D 77 00 00 DA A5 00 C8 24 0C 0E 25 A5 0C 01 31 03 CF 00 
00 10 C8 25 A5 0C 01 (135)
                              [N12:Z] MOTOR_I 0 0 (0)
                              [N12:Z] [undefined] 61 119 0 0 (1031208960)
                              [N9:P] MOTOR_I 0 0 (0)
                              [N9:P] [undefined] 61 119 0 0 (1031208960)
                              [N12:Z] MOTOR_I 0 0 (0)
                              [N12:Z] [undefined] 61 119 0 0 (1031208960)
                              [N9:P] MOTOR_I 0 0 (0)
                              [N9:P] [undefined] 61 119 0 0 (1031208960)
                              [N12:Z] MOTOR_I 0 0 (0)
2025-08-15 17:56:25:732 [IN ] C8 24 0C 0A 01 31 05 E6 3D 77 00 00 DD C0 C8 C8 24 09 18 25 A5 09 01 31 03 CF 00 00 0D B3 25 A5 09 01 31 05 E6 3D 77 00 00 DA A5 00 C8 24 0C 18 25 A5 0C 01 31 03 CF 00 00 10 C8 25 A5 0C 01 31 
05 E6 3D 77 00 00 DD C0 00 C8 24 09 18 25 A5 09 01 31 03 CF 00 00 0D B3 25 A5 09 01 31 05 E6 3D 77 00 00 DA A5 00 (102)
                              [N12:Z] [undefined] 61 119 0 0 (1031208960)
                              [N9:P] MOTOR_I 0 0 (0)
                              [N9:P] [undefined] 61 119 0 0 (1031208960)
                              [N12:Z] MOTOR_I 0 0 (0)
                              [N12:Z] [undefined] 61 119 0 0 (1031208960)
                              [N9:P] MOTOR_I 0 0 (0)
                              [N9:P] [undefined] 61 119 0 0 (1031208960)
2025-08-15 17:56:25:934 [IN ] C8 24 0C 18 25 A5 0C 01 31 03 CF 00 00 10 C8 25 A5 0C 01 31 05 E6 3D 77 00 00 DD C0 00 C8 24 09 18 25 A5 09 01 31 03 CF 00 00 0D B3 25 A5 09 01 31 05 E6 3D 77 00 00 DA A5 00 C8 24 0C 18 25 A5 
0C 01 31 03 CF 00 00 10 C8 25 A5 0C 01 31 05 E6 3D 77 00 00 DD C0 00 C8 24 09 18 25 A5 09 01 31 03 CF 00 00 0D B3 25 A5 09 01 31 05 E6 3D 77 00 00 DA A5 00 C8 24 0C 18 25 A5 0C 01 31 03 CF 00 
00 10 C8 25 (132)
                              [N12:Z] MOTOR_I 0 0 (0)
                              [N12:Z] [undefined] 61 119 0 0 (1031208960)
                              [N9:P] MOTOR_I 0 0 (0)
                              [N9:P] [undefined] 61 119 0 0 (1031208960)
                              [N12:Z] MOTOR_I 0 0 (0)
                              [N12:Z] [undefined] 61 119 0 0 (1031208960)
                              [N9:P] MOTOR_I 0 0 (0)
                              [N9:P] [undefined] 61 119 0 0 (1031208960)
2025-08-15 17:56:26:136 [IN ] A5 0C 01 31 05 E6 3D 77 00 00 DD C0 00 C8 24 09 18 25 A5 09 01 31 03 CF 00 00 0D B3 25 A5 09 01 31 05 E6 3D 77 00 00 DA A5 00 C8 24 0C 18 25 A5 0C 01 31 03 CF 00 00 10 C8 25 A5 0C 01 31 05 E6 
3D 77 00 00 DD C0 00 C8 24 09 0E 25 A5 09 01 31 03 CF 00 00 0D B3 25 A5 09 01 C8 24 09 0A 01 31 05 E6 3D 77 00 00 DA A5 B3 (105)
                              [N12:Z] MOTOR_I 0 0 (0)
                              [N12:Z] [undefined] 61 119 0 0 (1031208960)
                              [N9:P] MOTOR_I 0 0 (0)
                              [N9:P] [undefined] 61 119 0 0 (1031208960)
                              [N12:Z] MOTOR_I 0 0 (0)
                              [N12:Z] [undefined] 61 119 0 0 (1031208960)
                              [N9:P] MOTOR_I 0 0 (0)
                              [N9:P] [undefined] 61 119 0 0 (1031208960)
2025-08-15 17:56:26:340 [IN ] C8 24 0C 18 25 A5 0C 01 31 03 CF 00 00 10 C8 25 A5 0C 01 31 05 E6 3D 77 00 00 DD C0 00 C8 24 09 15 25 A5 09 01 31 03 CF 00 00 0D B3 25 A5 09 01 31 05 E6 3D 77 00 00 C8 24 0B 0A 25 A5 0B 01 31 
02 DE 00 1D CD B3 C8 24 0C 18 25 A5 0C 01 31 03 CF 00 00 10 C8 25 A5 0C 01 31 05 E6 3D 77 00 00 DD C0 00 C8 24 09 1B 00 DA A5 25 A5 09 01 31 03 CF 00 00 0D B3 25 A5 09 01 31 05 E6 3D 77 00 00 
DA A5 05 (131)
                              [N12:Z] MOTOR_I 0 0 (0)
                              [N12:Z] [undefined] 61 119 0 0 (1031208960)
                              [N9:P] MOTOR_I 0 0 (0)
                              [N11:NG] NGSWSTATE 0 (0)
                              [N12:Z] MOTOR_I 0 0 (0)
                              [N12:Z] [undefined] 61 119 0 0 (1031208960)
                              [N9:P] [undefined] 61 119 0 0 (1031208960)
                              [N9:P] MOTOR_I 0 0 (0)
                              [N9:P] [undefined] 61 119 0 0 (1031208960)
2025-08-15 17:56:26:542 [IN ] C8 24 0C 18 25 A5 0C 01 31 03 CF 00 00 10 C8 25 A5 0C 01 31 05 E6 3D 77 00 00 DD C0 00 C8 24 09 18 25 A5 09 01 31 03 CF 00 00 0D B3 25 A5 09 01 31 05 E6 3D 77 00 00 DA A5 00 C8 24 0C 18 25 A5 
0C 01 31 03 CF 00 00 10 C8 25 A5 0C 01 31 05 E6 3D 77 00 00 DD C0 00 C8 24 09 18 25 A5 09 01 31 03 CF 00 00 0D B3 25 A5 09 01 31 05 E6 3D 77 00 00 DA A5 00 (116)
                              [N12:Z] MOTOR_I 0 0 (0)
                              [N12:Z] [undefined] 61 119 0 0 (1031208960)
                              [N9:P] MOTOR_I 0 0 (0)
                              [N9:P] [undefined] 61 119 0 0 (1031208960)
                              [N12:Z] MOTOR_I 0 0 (0)
                              [N12:Z] [undefined] 61 119 0 0 (1031208960)
                              [N9:P] MOTOR_I 0 0 (0)
                              [N9:P] [undefined] 61 119 0 0 (1031208960)
2025-08-15 17:56:26:744 [IN ] C8 24 0C 18 25 A5 0C 01 31 03 CF 00 00 10 C8 25 A5 0C 01 31 05 E6 3D 77 00 00 DD C0 00 C8 24 09 18 25 A5 09 01 31 03 CF 00 00 0D B3 25 A5 09 01 31 05 E6 3D 77 00 00 DA A5 00 C8 24 0C 18 25 A5 
0C 01 31 03 CF 00 00 10 C8 25 A5 0C 01 31 05 E6 3D 77 00 00 DD C0 00 C8 24 09 18 25 A5 09 01 31 03 CF 00 00 0D B3 25 A5 09 01 31 05 E6 3D 77 00 00 DA A5 00 (116)
                              [N12:Z] MOTOR_I 0 0 (0)
                              [N12:Z] [undefined] 61 119 0 0 (1031208960)
                              [N9:P] MOTOR_I 0 0 (0)
                              [N9:P] [undefined] 61 119 0 0 (1031208960)
                              [N12:Z] MOTOR_I 0 0 (0)
                              [N12:Z] [undefined] 61 119 0 0 (1031208960)
                              [N9:P] MOTOR_I 0 0 (0)
                              [N9:P] [undefined] 61 119 0 0 (1031208960)
2025-08-15 17:56:26:945 [IN ] C8 24 0C 18 25 A5 0C 01 31 03 CF 00 00 10 C8 25 A5 0C 01 31 05 E6 3D 77 00 00 DD C0 00 C8 24 09 18 25 A5 09 01 31 03 CF 00 00 0D B3 25 A5 09 01 31 05 E6 3D 77 00 00 DA A5 00 C8 24 0C 18 25 A5 
0C 01 31 03 CF 00 00 10 C8 25 A5 0C 01 31 05 E6 3D 77 00 00 DD C0 00 C8 24 09 18 25 A5 09 01 31 03 CF 00 00 0D B3 25 A5 09 01 31 05 E6 3D 77 00 00 DA A5 00 (116)
                              [N12:Z] MOTOR_I 0 0 (0)
                              [N12:Z] [undefined] 61 119 0 0 (1031208960)
                              [N9:P] MOTOR_I 0 0 (0)
                              [N9:P] [undefined] 61 119 0 0 (1031208960)
                              [N12:Z] MOTOR_I 0 0 (0)
                              [N12:Z] [undefined] 61 119 0 0 (1031208960)
                              [N9:P] MOTOR_I 0 0 (0)
                              [N9:P] [undefined] 61 119 0 0 (1031208960)
2025-08-15 17:56:27:147 [IN ] C8 24 0C 18 25 A5 0C 01 31 03 CF 00 00 10 C8 25 A5 0C 01 31 05 E6 3D 77 00 00 DD C0 00 C8 24 09 18 25 A5 09 01 31 03 CF 00 00 0D B3 25 A5 09 01 31 05 E6 3D 77 00 00 DA A5 00 C8 24 0C 18 25 A5 
0C 01 31 03 CF 00 00 10 C8 25 A5 0C 01 31 05 E6 3D 77 00 00 DD C0 00 C8 24 09 18 25 A5 09 01 31 03 CF 00 00 0D B3 25 A5 09 01 31 05 E6 3D 77 00 00 DA A5 00 (116)
                              [N12:Z] MOTOR_I 0 0 (0)
                              [N12:Z] [undefined] 61 119 0 0 (1031208960)
                              [N9:P] MOTOR_I 0 0 (0)
                              [N9:P] [undefined] 61 119 0 0 (1031208960)
                              [N12:Z] MOTOR_I 0 0 (0)
                              [N12:Z] [undefined] 61 119 0 0 (1031208960)
                              [N9:P] MOTOR_I 0 0 (0)
                              [N9:P] [undefined] 61 119 0 0 (1031208960)
2025-08-15 17:56:27:350 [IN ] C8 24 0C 18 25 A5 0C 01 31 03 CF 00 00 10 C8 25 A5 0C 01 31 05 E6 3D 77 00 00 DD C0 00 C8 24 09 18 25 A5 09 01 31 03 CF 00 00 0D B3 25 A5 09 01 31 05 E6 3D 77 00 00 DA A5 00 C8 24 0B 0A 25 A5 
0B 01 31 02 DE 00 1D CD B3 C8 24 0C 0E 25 A5 0C 01 31 03 CF 00 00 10 C8 25 A5 0C 01 C8 24 0C 0A 01 31 05 E6 3D 77 00 00 DD C0 C8 C8 24 04 0E 25 A5 04 01 31 06 81 45 FF EE 86 04 79 18 01 C8 24 
09 18 25 A5 09 01 31 03 CF 00 00 0D B3 25 A5 09 01 31 05 E6 3D 77 00 00 DA A5 00 (155)
                              [N12:Z] MOTOR_I 0 0 (0)
                              [N12:Z] [undefined] 61 119 0 0 (1031208960)
                              [N9:P] MOTOR_I 0 0 (0)
                              [N9:P] [undefined] 61 119 0 0 (1031208960)
                              [N11:NG] NGSWSTATE 0 (0)
                              [N12:Z] MOTOR_I 0 0 (0)
                              [N12:Z] [undefined] 61 119 0 0 (1031208960)
                              [N4:Y] TPOS 'E' 255 238 134 4 (-1145340)
                              [N9:P] MOTOR_I 0 0 (0)
                              [N9:P] [undefined] 61 119 0 0 (1031208960)
2025-08-15 17:56:27:556 [IN ] C8 24 0C 18 25 A5 0C 01 31 03 CF 00 00 10 C8 25 A5 0C 01 31 05 E6 3D 77 00 00 DD C0 00 C8 24 09 18 25 A5 09 01 31 03 CF 00 00 0D B3 25 A5 09 01 31 05 E6 3D 77 00 00 DA A5 00 C8 24 0C 18 25 A5 
0C 01 31 03 CF 00 00 10 C8 25 A5 0C 01 31 05 E6 3D 77 00 00 DD C0 00 C8 24 09 18 25 A5 09 01 31 03 CF 00 00 0D B3 25 A5 09 01 31 05 E6 3D 77 00 00 DA A5 00 C8 24 0C 18 25 A5 0C 01 31 03 CF 00 
00 10 C8 25 A5 0C 01 31 05 E6 3D 77 00 00 DD C0 00 (145)
                              [N12:Z] MOTOR_I 0 0 (0)
                              [N12:Z] [undefined] 61 119 0 0 (1031208960)
                              [N9:P] MOTOR_I 0 0 (0)
                              [N9:P] [undefined] 61 119 0 0 (1031208960)
                              [N12:Z] MOTOR_I 0 0 (0)
                              [N12:Z] [undefined] 61 119 0 0 (1031208960)
                              [N9:P] MOTOR_I 0 0 (0)
                              [N9:P] [undefined] 61 119 0 0 (1031208960)
                              [N12:Z] MOTOR_I 0 0 (0)
                              [N12:Z] [undefined] 61 119 0 0 (1031208960)
2025-08-15 17:56:27:578 [OUT] 25 A5 01 0C 31 03 84 00 50 15 2C (11)
                              [N12:Z] VEL 0 80 (80)
2025-08-15 17:56:27:601 [OUT] 25 A5 01 04 31 05 81 FF FD 50 01 09 B7 (13)
                              [N4:Y] TPOS 255 253 80 1 (-176127)
2025-08-15 17:56:27:602 [IN ] C8 24 09 18 25 A5 09 01 31 03 CF 00 00 0D B3 25 A5 09 01 31 05 E6 3D 77 00 00 DA A5 00 (29)
                              [N9:P] MOTOR_I 0 0 (0)
                              [N9:P] [undefined] 61 119 0 0 (1031208960)
2025-08-15 17:56:27:625 [OUT] 25 A5 01 09 31 03 84 00 50 12 1A (11)
                              [N9:P] VEL 0 80 (80)
2025-08-15 17:56:27:648 [OUT] 25 A5 01 06 31 02 D8 3F 51 DD (10)
                              [N6:H] INTERRUPT '?'
2025-08-15 17:56:27:949 [IN ] C8 24 0C 18 25 A5 0C 01 31 03 CF 00 00 10 C8 25 A5 0C 01 31 05 E6 3D 77 00 00 DD C0 00 C8 24 09 18 25 A5 09 01 31 03 CF 00 00 0D B3 25 A5 09 01 31 05 E6 3D 77 00 00 DA A5 00 C8 24 0C 0C 25 A5 
0C 01 31 04 84 53 00 50 69 FA A5 C8 24 0C 18 25 A5 0C 01 31 03 CF 00 00 10 C8 25 A5 0C 01 31 05 E6 3D 77 00 00 DD C0 00 C8 24 09 0E 25 A5 09 01 31 03 CF 00 00 0D B3 25 A5 09 01 C8 24 09 0A 01 
31 05 E6 3D 77 00 00 DA A5 B3 C8 24 0C 18 25 A5 0C 01 31 03 CF 00 00 10 C8 25 A5 0C 01 31 05 E6 3D 77 00 00 DD C0 00 C8 24 04 0E 25 A5 04 01 31 06 81 53 FF EE 86 04 87 5E 01 C8 24 09 0E 25 A5 
09 01 31 03 CF 00 00 0D B3 25 A5 09 01 C8 24 09 0A 01 31 05 E6 3D 77 00 00 DA A5 B3 (220)
                              [N12:Z] MOTOR_I 0 0 (0)
                              [N12:Z] [undefined] 61 119 0 0 (1031208960)
                              [N9:P] MOTOR_I 0 0 (0)
                              [N9:P] [undefined] 61 119 0 0 (1031208960)
                              [N12:Z] VEL 'S' 0 80 (80)
                              [N12:Z] MOTOR_I 0 0 (0)
                              [N12:Z] [undefined] 61 119 0 0 (1031208960)
                              [N9:P] MOTOR_I 0 0 (0)
                              [N9:P] [undefined] 61 119 0 0 (1031208960)
                              [N12:Z] MOTOR_I 0 0 (0)
                              [N12:Z] [undefined] 61 119 0 0 (1031208960)
                              [N4:Y] TPOS 'S' 255 238 134 4 (-1145340)
                              [N9:P] MOTOR_I 0 0 (0)
                              [N9:P] [undefined] 61 119 0 0 (1031208960)
2025-08-15 17:56:28:252 [IN ] C8 24 0C 18 25 A5 0C 01 31 03 CF 00 00 10 C8 25 A5 0C 01 31 05 E6 3D 77 00 00 DD C0 00 C8 24 09 0C 25 A5 09 01 31 04 84 53 00 50 66 E2 A5 C8 24 09 18 25 A5 09 01 31 03 CF 00 00 0D B3 25 A5 09 
01 31 05 E6 3D 77 00 00 DA A5 00 C8 24 0C 18 25 A5 0C 01 31 03 CF 00 00 10 C8 25 A5 0C 01 31 05 E6 3D 77 00 00 DD C0 00 C8 24 06 0C 25 A5 06 01 31 04 D8 3A 01 01 50 82 A5 C8 24 09 18 25 A5 09 
01 31 03 CF 00 00 0D B3 25 A5 09 01 31 05 E6 3D 77 00 00 DA A5 00 C8 24 0C 18 25 A5 0C 01 31 03 CF 00 00 10 C8 25 A5 0C 01 31 05 E6 3D 77 00 00 DD C0 00 C8 24 09 18 25 A5 09 01 31 03 CF 00 00 
0D B3 25 A5 09 01 31 05 E6 3D 77 00 00 DA A5 00 C8 24 0B 0A 25 A5 0B 01 31 02 DE 00 1D CD B3 (223)
                              [N12:Z] MOTOR_I 0 0 (0)
                              [N12:Z] [undefined] 61 119 0 0 (1031208960)
                              [N9:P] VEL 'S' 0 80 (80)
                              [N9:P] MOTOR_I 0 0 (0)
                              [N9:P] [undefined] 61 119 0 0 (1031208960)
                              [N12:Z] MOTOR_I 0 0 (0)
                              [N12:Z] [undefined] 61 119 0 0 (1031208960)
                              [N6:H] INTERRUPT ':' 1 1 (257)
                              [N9:P] MOTOR_I 0 0 (0)
                              [N9:P] [undefined] 61 119 0 0 (1031208960)
                              [N12:Z] MOTOR_I 0 0 (0)
                              [N12:Z] [undefined] 61 119 0 0 (1031208960)
                              [N9:P] MOTOR_I 0 0 (0)
                              [N9:P] [undefined] 61 119 0 0 (1031208960)
                              [N11:NG] NGSWSTATE 0 (0)
2025-08-15 17:56:28:274 [OUT] 25 A5 01 0C 31 05 81 FF BC D0 00 4F 33 (13)
                              [N12:Z] TPOS 255 188 208 0 (-4403200)
2025-08-15 17:56:28:275 [IN ] C8 24 0C 18 25 A5 0C 01 31 03 CF 00 00 10 C8 25 A5 0C 01 31 05 E6 3D 77 00 00 DD C0 00 (29)
                              [N12:Z] MOTOR_I 0 0 (0)
                              [N12:Z] [undefined] 61 119 0 0 (1031208960)
2025-08-15 17:56:28:296 [OUT] 25 A5 01 09 31 05 81 FF E7 5D 56 5A 0C (13)
                              [N9:P] TPOS 255 231 93 86 (-1614506)
2025-08-15 17:56:28:296 [IN ] C8 24 09 18 25 A5 09 01 31 03 CF 00 00 0D B3 25 A5 09 01 31 05 E6 3D 77 00 00 DA A5 00 (29)
                              [N9:P] MOTOR_I 0 0 (0)
                              [N9:P] [undefined] 61 119 0 0 (1031208960)
2025-08-15 17:56:28:318 [OUT] 25 A5 01 06 31 03 C9 3D 0B 4C 0C (11)
                              [N6:H] LFLAG '=' 11 (11)
2025-08-15 17:56:28:361 [IN ] C8 24 0C 18 25 A5 0C 01 31 03 CF 00 00 10 C8 25 A5 0C 01 31 05 E6 3D 77 00 00 DD C0 00 (29)
                              [N12:Z] MOTOR_I 0 0 (0)
                              [N12:Z] [undefined] 61 119 0 0 (1031208960)
2025-08-15 17:56:28:404 [IN ] C8 24 09 18 25 A5 09 01 31 03 CF 00 00 0D B3 25 A5 09 01 31 05 E6 3D 77 00 00 DA A5 00 (29)
                              [N9:P] MOTOR_I 0 0 (0)
                              [N9:P] [undefined] 61 119 0 0 (1031208960)
2025-08-15 17:56:28:467 [IN ] C8 24 0C 0E 25 A5 0C 01 31 06 81 53 00 00 00 00 18 D8 01 (19)
                              [N12:Z] TPOS 'S' 0 0 0 0 (0)
2025-08-15 17:56:28:489 [IN ] C8 24 0C 18 25 A5 0C 01 31 03 CF 00 29 39 F1 25 A5 0C 01 31 05 E6 3D 77 FF B0 8C 6E 00 (29)
                              [N12:Z] MOTOR_I 0 41 (41)
                              [N12:Z] [undefined] 61 119 255 176 (1031274416)
2025-08-15 17:56:28:511 [IN ] C8 24 09 18 25 A5 09 01 31 03 CF 00 00 0D B3 25 A5 09 01 31 05 E6 3D 77 00 00 DA A5 00 (29)
                              [N9:P] MOTOR_I 0 0 (0)
                              [N9:P] [undefined] 61 119 0 0 (1031208960)
2025-08-15 17:56:28:577 [IN ] C8 24 0C 18 25 A5 0C 01 31 03 CF 00 05 15 CD 25 A5 0C 01 31 05 E6 3D 77 FF B0 8C 6E 00 (29)
                              [N12:Z] MOTOR_I 0 5 (5)
                              [N12:Z] [undefined] 61 119 255 176 (1031274416)
2025-08-15 17:56:28:600 [IN ] C8 24 09 0E 25 A5 09 01 31 06 81 53 00 00 00 00 15 BA 01 C8 24 09 18 25 A5 09 01 31 03 CF 00 31 3E E4 25 A5 09 01 31 05 E6 3D 77 FF B0 89 53 00 (48)
                              [N9:P] TPOS 'S' 0 0 0 0 (0)
                              [N9:P] MOTOR_I 0 49 (49)
                              [N9:P] [undefined] 61 119 255 176 (1031274416)
2025-08-15 17:56:28:683 [IN ] C8 24 0C 18 25 A5 0C 01 31 03 CF 00 06 16 CE 25 A5 0C 01 31 05 E6 3D 77 FF B0 8C 6E 00 C8 24 06 0B 25 A5 06 01 31 03 C9 3A 0B 49 0B 25 (45)
                              [N12:Z] MOTOR_I 0 6 (6)
                              [N12:Z] [undefined] 61 119 255 176 (1031274416)
                              [N6:H] LFLAG ':' 11 (11)
2025-08-15 17:56:28:704 [OUT] 25 A5 01 06 31 03 88 FF B0 72 72 (11)
                              [N6:H] RUN 255 176 (-80)
2025-08-15 17:56:28:705 [IN ] C8 24 09 18 25 A5 09 01 31 03 CF 00 2B 38 DE 25 A5 09 01 31 05 E6 3D 77 FF B0 89 53 00 (29)
                              [N9:P] MOTOR_I 0 43 (43)
                              [N9:P] [undefined] 61 119 255 176 (1031274416)
2025-08-15 17:56:28:789 [IN ] C8 24 0C 18 25 A5 0C 01 31 03 CF 00 0C 1C D4 25 A5 0C 01 31 05 E6 3D 77 FF B0 8C 6E 00 (29)
                              [N12:Z] MOTOR_I 0 12 (12)
                              [N12:Z] [undefined] 61 119 255 176 (1031274416)
2025-08-15 17:56:28:811 [IN ] C8 24 09 18 25 A5 09 01 31 03 CF 00 1E 2B D1 25 A5 09 01 31 05 E6 3D 77 FF B0 89 53 00 (29)
                              [N9:P] MOTOR_I 0 30 (30)
                              [N9:P] [undefined] 61 119 255 176 (1031274416)
2025-08-15 17:56:28:875 [IN ] C8 24 06 0C 25 A5 06 01 31 04 88 53 FF B0 C6 38 A5 C8 24 0C 18 25 A5 0C 01 31 03 CF 00 13 23 DB 25 A5 0C 01 31 05 E6 3D 77 FF B0 8C 6E 00 (46)
                              [N6:H] RUN 'S' 255 176 (-80)
                              [N12:Z] MOTOR_I 0 19 (19)
                              [N12:Z] [undefined] 61 119 255 176 (1031274416)
2025-08-15 17:56:29:077 [IN ] C8 24 09 18 25 A5 09 01 31 03 CF 00 1E 2B D1 25 A5 09 01 31 05 E6 3D 77 FF B0 89 53 00 C8 24 0C 0E 25 A5 0C 01 31 03 CF 00 07 17 CF 25 A5 0C 01 C8 24 0C 0A 01 31 05 E6 3D 77 FF B0 8C 6E CF C8 
24 09 18 25 A5 09 01 31 03 CF 00 12 1F C5 25 A5 09 01 31 05 E6 3D 77 FF B0 89 53 00 C8 24 0C 15 25 A5 0C 01 31 03 CF 00 05 15 CD 25 A5 0C 01 31 05 E6 3D 77 FF B0 (118)
                              [N9:P] MOTOR_I 0 30 (30)
                              [N9:P] [undefined] 61 119 255 176 (1031274416)
                              [N12:Z] MOTOR_I 0 7 (7)
                              [N12:Z] [undefined] 61 119 255 176 (1031274416)
                              [N9:P] MOTOR_I 0 18 (18)
                              [N9:P] [undefined] 61 119 255 176 (1031274416)
                              [N12:Z] MOTOR_I 0 5 (5)
2025-08-15 17:56:29:282 [IN ] C8 24 09 18 25 A5 09 01 31 03 CF 00 0A 17 BD 25 A5 09 01 31 05 E6 3D 77 FF B0 89 53 00 C8 24 0C 1B B0 8C 6E 25 A5 0C 01 31 03 CF 00 09 19 D1 25 A5 0C 01 31 05 E6 3D 77 FF B0 8C 6E 05 C8 24 09 
18 25 A5 09 01 31 03 CF 00 1D 2A D0 25 A5 09 01 31 05 E6 3D 77 FF B0 89 53 B0 C8 24 0B 0A 25 A5 0B 01 31 02 DE 00 1D CD D0 C8 24 0C 18 25 A5 0C 01 31 03 CF 00 03 13 CB 25 A5 0C 01 31 05 E6 3D 
77 FF B0 8C 6E B0 (134)
                              [N9:P] MOTOR_I 0 10 (10)
                              [N9:P] [undefined] 61 119 255 176 (1031274416)
                              [N12:Z] [undefined] 61 119 255 176 (1031274416)
                              [N12:Z] MOTOR_I 0 9 (9)
                              [N12:Z] [undefined] 61 119 255 176 (1031274416)
                              [N9:P] MOTOR_I 0 29 (29)
                              [N9:P] [undefined] 61 119 255 176 (1031274416)
                              [N11:NG] NGSWSTATE 0 (0)
                              [N12:Z] MOTOR_I 0 3 (3)
                              [N12:Z] [undefined] 61 119 255 176 (1031274416)
2025-08-15 17:56:29:482 [IN ] C8 24 09 18 25 A5 09 01 31 03 CF 00 25 32 D8 25 A5 09 01 31 05 E6 3D 77 FF B0 89 53 B0 C8 24 0C 18 25 A5 0C 01 31 03 CF 00 08 18 D0 25 A5 0C 01 31 05 E6 3D 77 FF B0 8C 6E B0 C8 24 09 18 25 A5 
09 01 31 03 CF 00 11 1E C4 25 A5 09 01 31 05 E6 3D 77 FF B0 89 53 B0 C8 24 0C 18 25 A5 0C 01 31 03 CF 00 10 20 D8 25 A5 0C 01 31 05 E6 3D 77 FF B0 8C 6E B0 (116)
                              [N9:P] MOTOR_I 0 37 (37)
                              [N9:P] [undefined] 61 119 255 176 (1031274416)
                              [N12:Z] MOTOR_I 0 8 (8)
                              [N12:Z] [undefined] 61 119 255 176 (1031274416)
                              [N9:P] MOTOR_I 0 17 (17)
                              [N9:P] [undefined] 61 119 255 176 (1031274416)
                              [N12:Z] MOTOR_I 0 16 (16)
                              [N12:Z] [undefined] 61 119 255 176 (1031274416)
2025-08-15 17:56:29:684 [IN ] C8 24 09 18 25 A5 09 01 31 03 CF 00 0F 1C C2 25 A5 09 01 31 05 E6 3D 77 FF B0 89 53 B0 C8 24 0C 18 25 A5 0C 01 31 03 CF 00 15 25 DD 25 A5 0C 01 31 05 E6 3D 77 FF B0 8C 6E B0 C8 24 09 0E 25 A5 
09 01 31 03 CF 00 1B 28 CE 25 A5 09 01 C8 24 09 0A 01 31 05 E6 3D 77 FF B0 89 53 CE C8 24 0C 18 25 A5 0C 01 31 03 CF 00 0C 1C D4 25 A5 0C 01 31 05 E6 3D 77 FF B0 8C 6E B0 (121)
                              [N9:P] MOTOR_I 0 15 (15)
                              [N9:P] [undefined] 61 119 255 176 (1031274416)
                              [N12:Z] MOTOR_I 0 21 (21)
                              [N12:Z] [undefined] 61 119 255 176 (1031274416)
                              [N9:P] MOTOR_I 0 27 (27)
                              [N9:P] [undefined] 61 119 255 176 (1031274416)
                              [N12:Z] MOTOR_I 0 12 (12)
                              [N12:Z] [undefined] 61 119 255 176 (1031274416)
2025-08-15 17:56:29:889 [IN ] C8 24 09 15 25 A5 09 01 31 03 CF 00 16 23 C9 25 A5 09 01 31 05 E6 3D 77 FF B0 C8 24 0C 18 25 A5 0C 01 31 03 CF 00 03 13 CB 25 A5 0C 01 31 05 E6 3D 77 FF B0 8C 6E B0 C8 24 09 1B B0 89 53 25 A5 
09 01 31 03 CF 00 1E 2B D1 25 A5 09 01 31 05 E6 3D 77 FF B0 89 53 05 C8 24 0C 18 25 A5 0C 01 31 03 CF 00 0E 1E D6 25 A5 0C 01 31 05 E6 3D 77 FF B0 8C 6E B0 (116)
                              [N9:P] MOTOR_I 0 22 (22)
                              [N12:Z] MOTOR_I 0 3 (3)
                              [N12:Z] [undefined] 61 119 255 176 (1031274416)
                              [N9:P] [undefined] 61 119 255 176 (1031274416)
                              [N9:P] MOTOR_I 0 30 (30)
                              [N9:P] [undefined] 61 119 255 176 (1031274416)
                              [N12:Z] MOTOR_I 0 14 (14)
                              [N12:Z] [undefined] 61 119 255 176 (1031274416)
2025-08-15 17:56:30:091 [IN ] C8 24 09 18 25 A5 09 01 31 03 CF 00 0F 1C C2 25 A5 09 01 31 05 E6 3D 77 FF B0 89 53 B0 C8 24 0C 18 25 A5 0C 01 31 03 CF 00 04 14 CC 25 A5 0C 01 31 05 E6 3D 77 FF B0 8C 6E B0 C8 24 09 18 25 A5 
09 01 31 03 CF 00 08 15 BB 25 A5 09 01 31 05 E6 3D 77 FF B0 89 53 B0 C8 24 0C 18 25 A5 0C 01 31 03 CF 00 12 22 DA 25 A5 0C 01 31 05 E6 3D 77 FF B0 8C 6E B0 (116)
                              [N9:P] MOTOR_I 0 15 (15)
                              [N9:P] [undefined] 61 119 255 176 (1031274416)
                              [N12:Z] MOTOR_I 0 4 (4)
                              [N12:Z] [undefined] 61 119 255 176 (1031274416)
                              [N9:P] MOTOR_I 0 8 (8)
                              [N9:P] [undefined] 61 119 255 176 (1031274416)
                              [N12:Z] MOTOR_I 0 18 (18)
                              [N12:Z] [undefined] 61 119 255 176 (1031274416)
2025-08-15 17:56:30:293 [IN ] C8 24 09 18 25 A5 09 01 31 03 CF 00 13 20 C6 25 A5 09 01 31 05 E6 3D 77 FF B0 89 53 B0 C8 24 0C 18 25 A5 0C 01 31 03 CF 00 03 13 CB 25 A5 0C 01 31 05 E6 3D 77 FF B0 8C 6E B0 C8 24 09 18 25 A5 
09 01 31 03 CF 00 13 20 C6 25 A5 09 01 31 05 E6 3D 77 FF B0 89 53 B0 C8 24 0B 0A 25 A5 0B 01 31 02 DE 00 1D CD C6 C8 24 0C 18 25 A5 0C 01 31 03 CF 00 09 19 D1 25 A5 0C 01 31 05 E6 3D 77 FF B0 
8C 6E B0 (131)
                              [N9:P] MOTOR_I 0 19 (19)
                              [N9:P] [undefined] 61 119 255 176 (1031274416)
                              [N12:Z] MOTOR_I 0 3 (3)
                              [N12:Z] [undefined] 61 119 255 176 (1031274416)
                              [N9:P] MOTOR_I 0 19 (19)
                              [N9:P] [undefined] 61 119 255 176 (1031274416)
                              [N11:NG] NGSWSTATE 0 (0)
                              [N12:Z] MOTOR_I 0 9 (9)
                              [N12:Z] [undefined] 61 119 255 176 (1031274416)
2025-08-15 17:56:30:494 [IN ] C8 24 09 18 25 A5 09 01 31 03 CF 00 08 15 BB 25 A5 09 01 31 05 E6 3D 77 FF B0 89 53 B0 C8 24 0C 18 25 A5 0C 01 31 03 CF 00 03 13 CB 25 A5 0C 01 31 05 E6 3D 77 FF B0 8C 6E B0 C8 24 09 18 25 A5 
09 01 31 03 CF 00 17 24 CA 25 A5 09 01 31 05 E6 3D 77 FF B0 89 53 B0 C8 24 0C 18 25 A5 0C 01 31 03 CF 00 0D 1D D5 25 A5 0C 01 31 05 E6 3D 77 FF B0 8C 6E B0 (116)
                              [N9:P] MOTOR_I 0 8 (8)
                              [N9:P] [undefined] 61 119 255 176 (1031274416)
                              [N12:Z] MOTOR_I 0 3 (3)
                              [N12:Z] [undefined] 61 119 255 176 (1031274416)
                              [N9:P] MOTOR_I 0 23 (23)
                              [N9:P] [undefined] 61 119 255 176 (1031274416)
                              [N12:Z] MOTOR_I 0 13 (13)
                              [N12:Z] [undefined] 61 119 255 176 (1031274416)
2025-08-15 17:56:30:696 [IN ] C8 24 09 18 25 A5 09 01 31 03 CF 00 1B 28 CE 25 A5 09 01 31 05 E6 3D 77 FF B0 89 53 B0 C8 24 0C 18 25 A5 0C 01 31 03 CF 00 0C 1C D4 25 A5 0C 01 31 05 E6 3D 77 FF B0 8C 6E B0 C8 24 09 18 25 A5 
09 01 31 03 CF 00 1E 2B D1 25 A5 09 01 31 05 E6 3D 77 FF B0 89 53 B0 C8 24 0C 0E 25 A5 0C 01 31 03 CF 00 04 14 CC 25 A5 0C 01 C8 24 0C 0A 01 31 05 E6 3D 77 FF B0 8C 6E CC (121)
                              [N9:P] MOTOR_I 0 27 (27)
                              [N9:P] [undefined] 61 119 255 176 (1031274416)
                              [N12:Z] MOTOR_I 0 12 (12)
                              [N12:Z] [undefined] 61 119 255 176 (1031274416)
                              [N9:P] MOTOR_I 0 30 (30)
                              [N9:P] [undefined] 61 119 255 176 (1031274416)
                              [N12:Z] MOTOR_I 0 4 (4)
                              [N12:Z] [undefined] 61 119 255 176 (1031274416)
2025-08-15 17:56:30:901 [IN ] C8 24 09 18 25 A5 09 01 31 03 CF 00 13 20 C6 25 A5 09 01 31 05 E6 3D 77 FF B0 89 53 B0 C8 24 0C 15 25 A5 0C 01 31 03 CF 00 14 24 DC 25 A5 0C 01 31 05 E6 3D 77 FF B0 C8 24 09 18 25 A5 09 01 31 
03 CF 00 12 1F C5 25 A5 09 01 31 05 E6 3D 77 FF B0 89 53 B0 C8 24 0C 1B B0 8C 6E 25 A5 0C 01 31 03 CF 00 0C 1C D4 25 A5 0C 01 31 05 E6 3D 77 FF B0 8C 6E 05 (116)
                              [N9:P] MOTOR_I 0 19 (19)
                              [N9:P] [undefined] 61 119 255 176 (1031274416)
                              [N12:Z] MOTOR_I 0 20 (20)
                              [N9:P] MOTOR_I 0 18 (18)
                              [N9:P] [undefined] 61 119 255 176 (1031274416)
                              [N12:Z] [undefined] 61 119 255 176 (1031274416)
                              [N12:Z] MOTOR_I 0 12 (12)
                              [N12:Z] [undefined] 61 119 255 176 (1031274416)
2025-08-15 17:56:31:102 [IN ] C8 24 09 18 25 A5 09 01 31 03 CF 00 0F 1C C2 25 A5 09 01 31 05 E6 3D 77 FF B0 89 53 B0 C8 24 0C 18 25 A5 0C 01 31 03 CF 00 0A 1A D2 25 A5 0C 01 31 05 E6 3D 77 FF B0 8C 6E B0 C8 24 09 18 25 A5 
09 01 31 03 CF 00 22 2F D5 25 A5 09 01 31 05 E6 3D 77 FF B0 89 53 B0 C8 24 0C 18 25 A5 0C 01 31 03 CF 00 0A 1A D2 25 A5 0C 01 31 05 E6 3D 77 FF B0 8C 6E B0 (116)
                              [N9:P] MOTOR_I 0 15 (15)
                              [N9:P] [undefined] 61 119 255 176 (1031274416)
                              [N12:Z] MOTOR_I 0 10 (10)
                              [N12:Z] [undefined] 61 119 255 176 (1031274416)
                              [N9:P] MOTOR_I 0 34 (34)
                              [N9:P] [undefined] 61 119 255 176 (1031274416)
                              [N12:Z] MOTOR_I 0 10 (10)
                              [N12:Z] [undefined] 61 119 255 176 (1031274416)
2025-08-15 17:56:31:305 [IN ] C8 24 09 18 25 A5 09 01 31 03 CF 00 16 23 C9 25 A5 09 01 31 05 E6 3D 77 FF B0 89 53 B0 C8 24 0C 18 25 A5 0C 01 31 03 CF 00 08 18 D0 25 A5 0C 01 31 05 E6 3D 77 FF B0 8C 6E B0 C8 24 09 18 25 A5 
09 01 31 03 CF 00 16 23 C9 25 A5 09 01 31 05 E6 3D 77 FF B0 89 53 B0 C8 24 0B 0A 25 A5 0B 01 31 02 DE 00 1D CD C9 C8 24 0C 18 25 A5 0C 01 31 03 CF 00 0F 1F D7 25 A5 0C 01 31 05 E6 3D 77 FF B0 
8C 6E B0 (131)
                              [N9:P] MOTOR_I 0 22 (22)
                              [N9:P] [undefined] 61 119 255 176 (1031274416)
                              [N12:Z] MOTOR_I 0 8 (8)
                              [N12:Z] [undefined] 61 119 255 176 (1031274416)
                              [N9:P] MOTOR_I 0 22 (22)
                              [N9:P] [undefined] 61 119 255 176 (1031274416)
                              [N11:NG] NGSWSTATE 0 (0)
                              [N12:Z] MOTOR_I 0 15 (15)
                              [N12:Z] [undefined] 61 119 255 176 (1031274416)
2025-08-15 17:56:31:508 [IN ] C8 24 09 0E 25 A5 09 01 31 03 CF 00 0B 18 BE 25 A5 09 01 C8 24 09 0A 01 31 05 E6 3D 77 FF B0 89 53 BE C8 24 0C 18 25 A5 0C 01 31 03 CF 00 01 11 C9 25 A5 0C 01 31 05 E6 3D 77 FF B0 8C 6E B0 C8 
24 09 15 25 A5 09 01 31 03 CF 00 0E 1B C1 25 A5 09 01 31 05 E6 3D 77 FF B0 C8 24 0C 18 25 A5 0C 01 31 03 CF 00 12 22 DA 25 A5 0C 01 31 05 E6 3D 77 FF B0 8C 6E B0 (118)
                              [N9:P] MOTOR_I 0 11 (11)
                              [N9:P] [undefined] 61 119 255 176 (1031274416)
                              [N12:Z] MOTOR_I 0 1 (1)
                              [N12:Z] [undefined] 61 119 255 176 (1031274416)
                              [N9:P] MOTOR_I 0 14 (14)
                              [N12:Z] MOTOR_I 0 18 (18)
                              [N12:Z] [undefined] 61 119 255 176 (1031274416)
2025-08-15 17:56:31:710 [IN ] C8 24 09 1B B0 89 53 25 A5 09 01 31 03 CF 00 1D 2A D0 25 A5 09 01 31 05 E6 3D 77 FF B0 89 53 05 C8 24 0C 18 25 A5 0C 01 31 03 CF 00 06 16 CE 25 A5 0C 01 31 05 E6 3D 77 FF B0 8C 6E B0 C8 24 09 
18 25 A5 09 01 31 03 CF 00 09 16 BC 25 A5 09 01 31 05 E6 3D 77 FF B0 89 53 B0 C8 24 0C 18 25 A5 0C 01 31 03 CF 00 0D 1D D5 25 A5 0C 01 31 05 E6 3D 77 FF B0 8C 6E B0 (119)
                              [N9:P] [undefined] 61 119 255 176 (1031274416)
                              [N9:P] MOTOR_I 0 29 (29)
                              [N9:P] [undefined] 61 119 255 176 (1031274416)
                              [N12:Z] MOTOR_I 0 6 (6)
                              [N12:Z] [undefined] 61 119 255 176 (1031274416)
                              [N9:P] MOTOR_I 0 9 (9)
                              [N9:P] [undefined] 61 119 255 176 (1031274416)
                              [N12:Z] MOTOR_I 0 13 (13)
                              [N12:Z] [undefined] 61 119 255 176 (1031274416)
2025-08-15 17:56:31:911 [IN ] C8 24 09 18 25 A5 09 01 31 03 CF 00 0E 1B C1 25 A5 09 01 31 05 E6 3D 77 FF B0 89 53 B0 C8 24 0C 18 25 A5 0C 01 31 03 CF 00 09 19 D1 25 A5 0C 01 31 05 E6 3D 77 FF B0 8C 6E B0 C8 24 09 18 25 A5 
09 01 31 03 CF 00 18 25 CB 25 A5 09 01 31 05 E6 3D 77 FF B0 89 53 B0 C8 24 0C 18 25 A5 0C 01 31 03 CF 00 08 18 D0 25 A5 0C 01 31 05 E6 3D 77 FF B0 8C 6E B0 (116)
                              [N9:P] MOTOR_I 0 14 (14)
                              [N9:P] [undefined] 61 119 255 176 (1031274416)
                              [N12:Z] MOTOR_I 0 9 (9)
                              [N12:Z] [undefined] 61 119 255 176 (1031274416)
                              [N9:P] MOTOR_I 0 24 (24)
                              [N9:P] [undefined] 61 119 255 176 (1031274416)
                              [N12:Z] MOTOR_I 0 8 (8)
                              [N12:Z] [undefined] 61 119 255 176 (1031274416)
2025-08-15 17:56:32:114 [IN ] C8 24 09 18 25 A5 09 01 31 03 CF 00 16 23 C9 25 A5 09 01 31 05 E6 3D 77 FF B0 89 53 B0 C8 24 0C 18 25 A5 0C 01 31 03 CF 00 0F 1F D7 25 A5 0C 01 31 05 E6 3D 77 FF B0 8C 6E B0 C8 24 09 18 25 A5 
09 01 31 03 CF 00 0A 17 BD 25 A5 09 01 31 05 E6 3D 77 FF B0 89 53 B0 C8 24 0C 18 25 A5 0C 01 31 03 CF 00 17 27 DF 25 A5 0C 01 31 05 E6 3D 77 FF B0 8C 6E B0 (116)
                              [N9:P] MOTOR_I 0 22 (22)
                              [N9:P] [undefined] 61 119 255 176 (1031274416)
                              [N12:Z] MOTOR_I 0 15 (15)
                              [N12:Z] [undefined] 61 119 255 176 (1031274416)
                              [N9:P] MOTOR_I 0 10 (10)
                              [N9:P] [undefined] 61 119 255 176 (1031274416)
                              [N12:Z] MOTOR_I 0 23 (23)
                              [N12:Z] [undefined] 61 119 255 176 (1031274416)
2025-08-15 17:56:32:315 [IN ] C8 24 09 18 25 A5 09 01 31 03 CF 00 10 1D C3 25 A5 09 01 31 05 E6 3D 77 FF B0 89 53 B0 C8 24 0C 18 25 A5 0C 01 31 03 CF 00 08 18 D0 25 A5 0C 01 31 05 E6 3D 77 FF B0 8C 6E B0 C8 24 09 18 25 A5 
09 01 31 03 CF 00 18 25 CB 25 A5 09 01 31 05 E6 3D 77 FF B0 89 53 B0 C8 24 0B 0A 25 A5 0B 01 31 02 DE 00 1D CD CB C8 24 0C 18 25 A5 0C 01 31 03 CF 00 05 15 CD 25 A5 0C 01 31 05 E6 3D 77 FF B0 
8C 6E B0 (131)
                              [N9:P] MOTOR_I 0 16 (16)
                              [N9:P] [undefined] 61 119 255 176 (1031274416)
                              [N12:Z] MOTOR_I 0 8 (8)
                              [N12:Z] [undefined] 61 119 255 176 (1031274416)
                              [N9:P] MOTOR_I 0 24 (24)
                              [N9:P] [undefined] 61 119 255 176 (1031274416)
                              [N11:NG] NGSWSTATE 0 (0)
                              [N12:Z] MOTOR_I 0 5 (5)
                              [N12:Z] [undefined] 61 119 255 176 (1031274416)
2025-08-15 17:56:32:516 [IN ] C8 24 09 18 25 A5 09 01 31 03 CF 00 12 1F C5 25 A5 09 01 31 05 E6 3D 77 FF B0 89 53 B0 C8 24 0C 18 25 A5 0C 01 31 03 CF 00 09 19 D1 25 A5 0C 01 31 05 E6 3D 77 FF B0 8C 6E B0 C8 24 09 18 25 A5 
09 01 31 03 CF 00 19 26 CC 25 A5 09 01 31 05 E6 3D 77 FF B0 89 53 B0 C8 24 0C 0E 25 A5 0C 01 31 03 CF 00 06 16 CE 25 A5 0C 01 C8 24 0C 0A 01 31 05 E6 3D 77 FF B0 8C 6E CE (121)
                              [N9:P] MOTOR_I 0 18 (18)
                              [N9:P] [undefined] 61 119 255 176 (1031274416)
                              [N12:Z] MOTOR_I 0 9 (9)
                              [N12:Z] [undefined] 61 119 255 176 (1031274416)
                              [N9:P] MOTOR_I 0 25 (25)
                              [N9:P] [undefined] 61 119 255 176 (1031274416)
                              [N12:Z] MOTOR_I 0 6 (6)
                              [N12:Z] [undefined] 61 119 255 176 (1031274416)
2025-08-15 17:56:32:720 [IN ] C8 24 09 18 25 A5 09 01 31 03 CF 00 11 1E C4 25 A5 09 01 31 05 E6 3D 77 FF B0 89 53 B0 C8 24 0C 15 25 A5 0C 01 31 03 CF 00 0E 1E D6 25 A5 0C 01 31 05 E6 3D 77 FF B0 C8 24 09 18 25 A5 09 01 31 
03 CF 00 1C 29 CF 25 A5 09 01 31 05 E6 3D 77 FF B0 89 53 B0 C8 24 0C 1B B0 8C 6E 25 A5 0C 01 31 03 CF 00 0C 1C D4 25 A5 0C 01 31 05 E6 3D 77 FF B0 8C 6E 05 (116)
                              [N9:P] MOTOR_I 0 17 (17)
                              [N9:P] [undefined] 61 119 255 176 (1031274416)
                              [N12:Z] MOTOR_I 0 14 (14)
                              [N9:P] MOTOR_I 0 28 (28)
                              [N9:P] [undefined] 61 119 255 176 (1031274416)
                              [N12:Z] [undefined] 61 119 255 176 (1031274416)
                              [N12:Z] MOTOR_I 0 12 (12)
                              [N12:Z] [undefined] 61 119 255 176 (1031274416)
2025-08-15 17:56:32:922 [IN ] C8 24 09 18 25 A5 09 01 31 03 CF 00 1E 2B D1 25 A5 09 01 31 05 E6 3D 77 FF B0 89 53 B0 C8 24 0C 18 25 A5 0C 01 31 03 CF 00 12 22 DA 25 A5 0C 01 31 05 E6 3D 77 FF B0 8C 6E B0 C8 24 09 18 25 A5 
09 01 31 03 CF 00 04 11 B7 25 A5 09 01 31 05 E6 3D 77 FF B0 89 53 B0 C8 24 0C 18 25 A5 0C 01 31 03 CF 00 00 10 C8 25 A5 0C 01 31 05 E6 3D 77 FF B0 8C 6E B0 (116)
                              [N9:P] MOTOR_I 0 30 (30)
                              [N9:P] [undefined] 61 119 255 176 (1031274416)
                              [N12:Z] MOTOR_I 0 18 (18)
                              [N12:Z] [undefined] 61 119 255 176 (1031274416)
                              [N9:P] MOTOR_I 0 4 (4)
                              [N9:P] [undefined] 61 119 255 176 (1031274416)
                              [N12:Z] MOTOR_I 0 0 (0)
                              [N12:Z] [undefined] 61 119 255 176 (1031274416)
2025-08-15 17:56:33:123 [IN ] C8 24 09 18 25 A5 09 01 31 03 CF 00 04 11 B7 25 A5 09 01 31 05 E6 3D 77 FF B0 89 53 B0 C8 24 0C 18 25 A5 0C 01 31 03 CF 00 0A 1A D2 25 A5 0C 01 31 05 E6 3D 77 FF B0 8C 6E B0 C8 24 09 18 25 A5 
09 01 31 03 CF 00 12 1F C5 25 A5 09 01 31 05 E6 3D 77 FF B0 89 53 B0 C8 24 0C 18 25 A5 0C 01 31 03 CF 00 06 16 CE 25 A5 0C 01 31 05 E6 3D 77 FF B0 8C 6E B0 C8 24 09 0E 25 A5 09 01 31 03 CF 00 
14 21 C7 25 A5 09 01 (135)
                              [N9:P] MOTOR_I 0 4 (4)
                              [N9:P] [undefined] 61 119 255 176 (1031274416)
                              [N12:Z] MOTOR_I 0 10 (10)
                              [N12:Z] [undefined] 61 119 255 176 (1031274416)
                              [N9:P] MOTOR_I 0 18 (18)
                              [N9:P] [undefined] 61 119 255 176 (1031274416)
                              [N12:Z] MOTOR_I 0 6 (6)
                              [N12:Z] [undefined] 61 119 255 176 (1031274416)
                              [N9:P] MOTOR_I 0 20 (20)
2025-08-15 17:56:33:327 [IN ] C8 24 09 0A 01 31 05 E6 3D 77 FF B0 89 53 C7 C8 24 0C 18 25 A5 0C 01 31 03 CF 00 05 15 CD 25 A5 0C 01 31 05 E6 3D 77 FF B0 8C 6E B0 C8 24 09 15 25 A5 09 01 31 03 CF 00 0C 19 BF 25 A5 09 01 31 
05 E6 3D 77 FF B0 C8 24 0B 0A 25 A5 0B 01 31 02 DE 00 1D CD BF C8 24 0C 18 25 A5 0C 01 31 03 CF 00 07 17 CF 25 A5 0C 01 31 05 E6 3D 77 FF B0 8C 6E B0 (114)
                              [N9:P] [undefined] 61 119 255 176 (1031274416)
                              [N12:Z] MOTOR_I 0 5 (5)
                              [N12:Z] [undefined] 61 119 255 176 (1031274416)
                              [N9:P] MOTOR_I 0 12 (12)
                              [N11:NG] NGSWSTATE 0 (0)
                              [N12:Z] MOTOR_I 0 7 (7)
                              [N12:Z] [undefined] 61 119 255 176 (1031274416)
2025-08-15 17:56:33:530 [IN ] C8 24 09 1B B0 89 53 25 A5 09 01 31 03 CF 00 0E 1B C1 25 A5 09 01 31 05 E6 3D 77 FF B0 89 53 05 C8 24 0C 18 25 A5 0C 01 31 03 CF 00 08 18 D0 25 A5 0C 01 31 05 E6 3D 77 FF B0 8C 6E B0 C8 24 09 
18 25 A5 09 01 31 03 CF 00 14 21 C7 25 A5 09 01 31 05 E6 3D 77 FF B0 89 53 B0 C8 24 0C 18 25 A5 0C 01 31 03 CF 00 0D 1D D5 25 A5 0C 01 31 05 E6 3D 77 FF B0 8C 6E B0 (119)
                              [N9:P] [undefined] 61 119 255 176 (1031274416)
                              [N9:P] MOTOR_I 0 14 (14)
                              [N9:P] [undefined] 61 119 255 176 (1031274416)
                              [N12:Z] MOTOR_I 0 8 (8)
                              [N12:Z] [undefined] 61 119 255 176 (1031274416)
                              [N9:P] MOTOR_I 0 20 (20)
                              [N9:P] [undefined] 61 119 255 176 (1031274416)
                              [N12:Z] MOTOR_I 0 13 (13)
                              [N12:Z] [undefined] 61 119 255 176 (1031274416)
2025-08-15 17:56:33:733 [IN ] C8 24 09 18 25 A5 09 01 31 03 CF 00 12 1F C5 25 A5 09 01 31 05 E6 3D 77 FF B0 89 53 B0 C8 24 0C 18 25 A5 0C 01 31 03 CF 00 10 20 D8 25 A5 0C 01 31 05 E6 3D 77 FF B0 8C 6E B0 C8 24 09 18 25 A5 
09 01 31 03 CF 00 0E 1B C1 25 A5 09 01 31 05 E6 3D 77 FF B0 89 53 B0 C8 24 0C 18 25 A5 0C 01 31 03 CF 00 03 13 CB 25 A5 0C 01 31 05 E6 3D 77 FF B0 8C 6E B0 (116)
                              [N9:P] MOTOR_I 0 18 (18)
                              [N9:P] [undefined] 61 119 255 176 (1031274416)
                              [N12:Z] MOTOR_I 0 16 (16)
                              [N12:Z] [undefined] 61 119 255 176 (1031274416)
                              [N9:P] MOTOR_I 0 14 (14)
                              [N9:P] [undefined] 61 119 255 176 (1031274416)
                              [N12:Z] MOTOR_I 0 3 (3)
                              [N12:Z] [undefined] 61 119 255 176 (1031274416)
2025-08-15 17:56:33:935 [IN ] C8 24 09 18 25 A5 09 01 31 03 CF 00 13 20 C6 25 A5 09 01 31 05 E6 3D 77 FF B0 89 53 B0 C8 24 0C 18 25 A5 0C 01 31 03 CF 00 03 13 CB 25 A5 0C 01 31 05 E6 3D 77 FF B0 8C 6E B0 C8 24 09 18 25 A5 
09 01 31 03 CF 00 19 26 CC 25 A5 09 01 31 05 E6 3D 77 FF B0 89 53 B0 C8 24 0C 18 25 A5 0C 01 31 03 CF 00 0B 1B D3 25 A5 0C 01 31 05 E6 3D 77 FF B0 8C 6E B0 C8 24 09 18 25 A5 09 01 31 03 CF 00 
09 16 BC 25 A5 09 01 31 05 E6 3D 77 FF B0 89 53 B0 (145)
                              [N9:P] MOTOR_I 0 19 (19)
                              [N9:P] [undefined] 61 119 255 176 (1031274416)
                              [N12:Z] MOTOR_I 0 3 (3)
                              [N12:Z] [undefined] 61 119 255 176 (1031274416)
                              [N9:P] MOTOR_I 0 25 (25)
                              [N9:P] [undefined] 61 119 255 176 (1031274416)
                              [N12:Z] MOTOR_I 0 11 (11)
                              [N12:Z] [undefined] 61 119 255 176 (1031274416)
                              [N9:P] MOTOR_I 0 9 (9)
                              [N9:P] [undefined] 61 119 255 176 (1031274416)
2025-08-15 17:56:34:138 [IN ] C8 24 06 0B 25 A5 06 01 31 03 81 5A 4C 62 B4 25 C8 24 0C 18 25 A5 0C 01 31 03 CF 00 0F 1F D7 25 A5 0C 01 31 05 E6 3D 77 FF B0 8C 6E B0 C8 24 06 0A 25 A5 06 01 31 02 81 49 04 3E D7 C8 24 09 18 
25 A5 09 01 31 03 CF 00 05 12 B8 25 A5 09 01 31 05 E6 3D 77 FF B0 89 53 B0 C8 24 0C 18 25 A5 0C 01 31 03 CF 00 02 12 CA 25 A5 0C 01 31 05 E6 3D 77 FF B0 8C 6E B0 (118)
                              [N6:H] TPOS 'Z' 76 (76)
                              [N12:Z] MOTOR_I 0 15 (15)
                              [N12:Z] [undefined] 61 119 255 176 (1031274416)
                              [N6:H] TPOS 'I'
                              [N9:P] MOTOR_I 0 5 (5)
                              [N9:P] [undefined] 61 119 255 176 (1031274416)
                              [N12:Z] MOTOR_I 0 2 (2)
                              [N12:Z] [undefined] 61 119 255 176 (1031274416)
2025-08-15 17:56:34:340 [IN ] C8 24 09 18 25 A5 09 01 31 03 CF 00 0D 1A C0 25 A5 09 01 31 05 E6 3D 77 FF B0 89 53 B0 C8 24 0C 0E 25 A5 0C 01 31 03 CF 00 03 13 CB 25 A5 0C 01 C8 24 0C 0A 01 31 05 E6 3D 77 FF B0 8C 6E CB C8 
24 09 18 25 A5 09 01 31 03 CF 00 0C 19 BF 25 A5 09 01 31 05 E6 3D 77 FF B0 89 53 B0 C8 24 0B 0A 25 A5 0B 01 31 02 DE 00 1D CD BF C8 24 0C 15 25 A5 0C 01 31 03 CF 00 0D 1D D5 25 A5 0C 01 31 05 
E6 3D 77 FF B0 (133)
                              [N9:P] MOTOR_I 0 13 (13)
                              [N9:P] [undefined] 61 119 255 176 (1031274416)
                              [N12:Z] MOTOR_I 0 3 (3)
                              [N12:Z] [undefined] 61 119 255 176 (1031274416)
                              [N9:P] MOTOR_I 0 12 (12)
                              [N9:P] [undefined] 61 119 255 176 (1031274416)
                              [N11:NG] NGSWSTATE 0 (0)
                              [N12:Z] MOTOR_I 0 13 (13)
2025-08-15 17:56:34:361 [OUT] 25 A5 01 06 31 03 C9 3D 09 4A 0A (11)
                              [N6:H] LFLAG '=' 9 (9)
2025-08-15 17:56:34:363 [IN ] C8 24 09 18 25 A5 09 01 31 03 CF 00 1C 29 CF 25 A5 09 01 31 05 E6 3D 77 FF B0 89 53 B0 (29)
                              [N9:P] MOTOR_I 0 28 (28)
                              [N9:P] [undefined] 61 119 255 176 (1031274416)
2025-08-15 17:56:34:407 [IN ] C8 24 0C 1B B0 8C 6E 25 A5 0C 01 31 03 CF 00 0D 1D D5 25 A5 0C 01 31 05 E6 3D 77 FF B0 8C 6E 05 (32)
                              [N12:Z] [undefined] 61 119 255 176 (1031274416)
                              [N12:Z] MOTOR_I 0 13 (13)
                              [N12:Z] [undefined] 61 119 255 176 (1031274416)
2025-08-15 17:56:34:449 [IN ] C8 24 09 18 25 A5 09 01 31 03 CF 00 08 15 BB 25 A5 09 01 31 05 E6 3D 77 FF B0 89 53 B0 (29)
                              [N9:P] MOTOR_I 0 8 (8)
                              [N9:P] [undefined] 61 119 255 176 (1031274416)
2025-08-15 17:56:34:512 [IN ] C8 24 0C 18 25 A5 0C 01 31 03 CF 00 15 25 DD 25 A5 0C 01 31 05 E6 3D 77 FF B0 8C 6E B0 C8 24 06 0B 25 A5 06 01 31 03 C9 3A 09 47 09 25 (45)
                              [N12:Z] MOTOR_I 0 21 (21)
                              [N12:Z] [undefined] 61 119 255 176 (1031274416)
                              [N6:H] LFLAG ':' 9 (9)
2025-08-15 17:56:34:534 [OUT] 25 A5 01 06 31 03 84 00 50 0F 08 (11)
                              [N6:H] VEL 0 80 (80)
2025-08-15 17:56:34:577 [IN ] C8 24 09 18 25 A5 09 01 31 03 CF 00 03 10 B6 25 A5 09 01 31 05 E6 3D 77 FF B0 89 53 B0 (29)
                              [N9:P] MOTOR_I 0 3 (3)
                              [N9:P] [undefined] 61 119 255 176 (1031274416)
2025-08-15 17:56:34:619 [IN ] C8 24 0C 18 25 A5 0C 01 31 03 CF 00 07 17 CF 25 A5 0C 01 31 05 E6 3D 77 FF B0 8C 6E B0 (29)
                              [N12:Z] MOTOR_I 0 7 (7)
                              [N12:Z] [undefined] 61 119 255 176 (1031274416)
2025-08-15 17:56:34:661 [IN ] C8 24 09 18 25 A5 09 01 31 03 CF 00 12 1F C5 25 A5 09 01 31 05 E6 3D 77 FF B0 89 53 B0 (29)
                              [N9:P] MOTOR_I 0 18 (18)
                              [N9:P] [undefined] 61 119 255 176 (1031274416)
2025-08-15 17:56:34:705 [IN ] C8 24 06 0C 25 A5 06 01 31 04 84 53 00 50 63 CA A5 C8 24 0C 18 25 A5 0C 01 31 03 CF 00 06 16 CE 25 A5 0C 01 31 05 E6 3D 77 FF B0 8C 6E B0 (46)
                              [N6:H] VEL 'S' 0 80 (80)
                              [N12:Z] MOTOR_I 0 6 (6)
                              [N12:Z] [undefined] 61 119 255 176 (1031274416)
2025-08-15 17:56:34:727 [OUT] 25 A5 01 06 31 05 81 00 19 82 3C 95 BE (13)
                              [N6:H] TPOS 0 25 130 60 (1671740)
2025-08-15 17:56:34:770 [IN ] C8 24 09 18 25 A5 09 01 31 03 CF 00 0C 19 BF 25 A5 09 01 31 05 E6 3D 77 FF B0 89 53 B0 (29)
                              [N9:P] MOTOR_I 0 12 (12)
                              [N9:P] [undefined] 61 119 255 176 (1031274416)
2025-08-15 17:56:34:833 [IN ] C8 24 0C 18 25 A5 0C 01 31 03 CF 00 03 13 CB 25 A5 0C 01 31 05 E6 3D 77 FF B0 8C 6E B0 (29)
                              [N12:Z] MOTOR_I 0 3 (3)
                              [N12:Z] [undefined] 61 119 255 176 (1031274416)
2025-08-15 17:56:34:856 [IN ] C8 24 09 0E 25 A5 09 01 31 03 CF 00 0D 1A C0 25 A5 09 01 (19)
                              [N9:P] MOTOR_I 0 13 (13)
2025-08-15 17:56:34:878 [IN ] C8 24 09 0A 01 31 05 E6 3D 77 FF B0 89 53 C0 (15)
                              [N9:P] [undefined] 61 119 255 176 (1031274416)
2025-08-15 17:56:34:921 [IN ] C8 24 06 0E 25 A5 06 01 31 06 81 53 00 00 00 00 12 9C 01 C8 24 0C 18 25 A5 0C 01 31 03 CF 00 06 16 CE 25 A5 0C 01 31 05 E6 3D 77 FF B0 8C 6E B0 (48)
                              [N6:H] TPOS 'S' 0 0 0 0 (0)
                              [N12:Z] MOTOR_I 0 6 (6)
                              [N12:Z] [undefined] 61 119 255 176 (1031274416)
2025-08-15 17:56:35:125 [IN ] C8 24 09 15 25 A5 09 01 31 03 CF 00 11 1E C4 25 A5 09 01 31 05 E6 3D 77 FF B0 C8 24 0C 18 25 A5 0C 01 31 03 CF 00 07 17 CF 25 A5 0C 01 31 05 E6 3D 77 FF B0 8C 6E B0 C8 24 09 1B B0 89 53 25 A5 
09 01 31 03 CF 00 0E 1B C1 25 A5 09 01 31 05 E6 3D 77 FF B0 89 53 05 C8 24 0C 18 25 A5 0C 01 31 03 CF 00 06 16 CE 25 A5 0C 01 31 05 E6 3D 77 FF B0 8C 6E B0 (116)
                              [N9:P] MOTOR_I 0 17 (17)
                              [N12:Z] MOTOR_I 0 7 (7)
                              [N12:Z] [undefined] 61 119 255 176 (1031274416)
                              [N9:P] [undefined] 61 119 255 176 (1031274416)
                              [N9:P] MOTOR_I 0 14 (14)
                              [N9:P] [undefined] 61 119 255 176 (1031274416)
                              [N12:Z] MOTOR_I 0 6 (6)
                              [N12:Z] [undefined] 61 119 255 176 (1031274416)
2025-08-15 17:56:35:326 [IN ] C8 24 09 18 25 A5 09 01 31 03 CF 00 18 25 CB 25 A5 09 01 31 05 E6 3D 77 FF B0 89 53 B0 C8 24 0C 18 25 A5 0C 01 31 03 CF 00 10 20 D8 25 A5 0C 01 31 05 E6 3D 77 FF B0 8C 6E B0 C8 24 09 18 25 A5 
09 01 31 03 CF 00 1B 28 CE 25 A5 09 01 31 05 E6 3D 77 FF B0 89 53 B0 C8 24 0B 0A 25 A5 0B 01 31 02 DE 00 1D CD CE C8 24 0C 18 25 A5 0C 01 31 03 CF 00 06 16 CE 25 A5 0C 01 31 05 E6 3D 77 FF B0 
8C 6E B0 (131)
                              [N9:P] MOTOR_I 0 24 (24)
                              [N9:P] [undefined] 61 119 255 176 (1031274416)
                              [N12:Z] MOTOR_I 0 16 (16)
                              [N12:Z] [undefined] 61 119 255 176 (1031274416)
                              [N9:P] MOTOR_I 0 27 (27)
                              [N9:P] [undefined] 61 119 255 176 (1031274416)
                              [N11:NG] NGSWSTATE 0 (0)
                              [N12:Z] MOTOR_I 0 6 (6)
                              [N12:Z] [undefined] 61 119 255 176 (1031274416)
2025-08-15 17:56:35:531 [IN ] C8 24 09 18 25 A5 09 01 31 03 CF 00 09 16 BC 25 A5 09 01 31 05 E6 3D 77 FF B0 89 53 B0 C8 24 0C 18 25 A5 0C 01 31 03 CF 00 00 10 C8 25 A5 0C 01 31 05 E6 3D 77 FF B0 8C 6E B0 C8 24 09 18 25 A5 
09 01 31 03 CF 00 09 16 BC 25 A5 09 01 31 05 E6 3D 77 FF B0 89 53 B0 C8 24 0C 18 25 A5 0C 01 31 03 CF 00 08 18 D0 25 A5 0C 01 31 05 E6 3D 77 FF B0 8C 6E B0 (116)
                              [N9:P] MOTOR_I 0 9 (9)
                              [N9:P] [undefined] 61 119 255 176 (1031274416)
                              [N12:Z] MOTOR_I 0 0 (0)
                              [N12:Z] [undefined] 61 119 255 176 (1031274416)
                              [N9:P] MOTOR_I 0 9 (9)
                              [N9:P] [undefined] 61 119 255 176 (1031274416)
                              [N12:Z] MOTOR_I 0 8 (8)
                              [N12:Z] [undefined] 61 119 255 176 (1031274416)
2025-08-15 17:56:35:733 [IN ] C8 24 09 18 25 A5 09 01 31 03 CF 00 12 1F C5 25 A5 09 01 31 05 E6 3D 77 FF B0 89 53 B0 C8 24 0C 18 25 A5 0C 01 31 03 CF 00 16 26 DE 25 A5 0C 01 31 05 E6 3D 77 FF B0 8C 6E B0 C8 24 09 18 25 A5 
09 01 31 03 CF 00 14 21 C7 25 A5 09 01 31 05 E6 3D 77 FF B0 89 53 B0 C8 24 0C 18 25 A5 0C 01 31 03 CF 00 0D 1D D5 25 A5 0C 01 31 05 E6 3D 77 FF B0 8C 6E B0 (116)
                              [N9:P] MOTOR_I 0 18 (18)
                              [N9:P] [undefined] 61 119 255 176 (1031274416)
                              [N12:Z] MOTOR_I 0 22 (22)
                              [N12:Z] [undefined] 61 119 255 176 (1031274416)
                              [N9:P] MOTOR_I 0 20 (20)
                              [N9:P] [undefined] 61 119 255 176 (1031274416)
                              [N12:Z] MOTOR_I 0 13 (13)
                              [N12:Z] [undefined] 61 119 255 176 (1031274416)
2025-08-15 17:56:35:934 [IN ] C8 24 09 18 25 A5 09 01 31 03 CF 00 0F 1C C2 25 A5 09 01 31 05 E6 3D 77 FF B0 89 53 B0 C8 24 0C 18 25 A5 0C 01 31 03 CF 00 0C 1C D4 25 A5 0C 01 31 05 E6 3D 77 FF B0 8C 6E B0 C8 24 09 18 25 A5 
09 01 31 03 CF 00 16 23 C9 25 A5 09 01 31 05 E6 3D 77 FF B0 89 53 B0 C8 24 0C 0E 25 A5 0C 01 31 03 CF 00 01 11 C9 25 A5 0C 01 C8 24 0C 0A 01 31 05 E6 3D 77 FF B0 8C 6E C9 (121)
                              [N9:P] MOTOR_I 0 15 (15)
                              [N9:P] [undefined] 61 119 255 176 (1031274416)
                              [N12:Z] MOTOR_I 0 12 (12)
                              [N12:Z] [undefined] 61 119 255 176 (1031274416)
                              [N9:P] MOTOR_I 0 22 (22)
                              [N9:P] [undefined] 61 119 255 176 (1031274416)
                              [N12:Z] MOTOR_I 0 1 (1)
                              [N12:Z] [undefined] 61 119 255 176 (1031274416)
2025-08-15 17:56:36:137 [IN ] C8 24 09 18 25 A5 09 01 31 03 CF 00 1C 29 CF 25 A5 09 01 31 05 E6 3D 77 FF B0 89 53 B0 C8 24 0C 15 25 A5 0C 01 31 03 CF 00 0E 1E D6 25 A5 0C 01 31 05 E6 3D 77 FF B0 C8 24 09 18 25 A5 09 01 31 
03 CF 00 15 22 C8 25 A5 09 01 31 05 E6 3D 77 FF B0 89 53 B0 C8 24 0C 1B B0 8C 6E 25 A5 0C 01 31 03 CF 00 0E 1E D6 25 A5 0C 01 31 05 E6 3D 77 FF B0 8C 6E 05 (116)
                              [N9:P] MOTOR_I 0 28 (28)
                              [N9:P] [undefined] 61 119 255 176 (1031274416)
                              [N12:Z] MOTOR_I 0 14 (14)
                              [N9:P] MOTOR_I 0 21 (21)
                              [N9:P] [undefined] 61 119 255 176 (1031274416)
                              [N12:Z] [undefined] 61 119 255 176 (1031274416)
                              [N12:Z] MOTOR_I 0 14 (14)
                              [N12:Z] [undefined] 61 119 255 176 (1031274416)
2025-08-15 17:56:36:339 [IN ] C8 24 09 18 25 A5 09 01 31 03 CF 00 08 15 BB 25 A5 09 01 31 05 E6 3D 77 FF B0 89 53 B0 C8 24 0C 18 25 A5 0C 01 31 03 CF 00 0A 1A D2 25 A5 0C 01 31 05 E6 3D 77 FF B0 8C 6E B0 C8 24 09 18 25 A5 
09 01 31 03 CF 00 0D 1A C0 25 A5 09 01 31 05 E6 3D 77 FF B0 89 53 B0 C8 24 0B 0A 25 A5 0B 01 31 02 DE 00 1D CD C0 C8 24 0C 18 25 A5 0C 01 31 03 CF 00 10 20 D8 25 A5 0C 01 31 05 E6 3D 77 FF B0 
8C 6E B0 (131)
                              [N9:P] MOTOR_I 0 8 (8)
                              [N9:P] [undefined] 61 119 255 176 (1031274416)
                              [N12:Z] MOTOR_I 0 10 (10)
                              [N12:Z] [undefined] 61 119 255 176 (1031274416)
                              [N9:P] MOTOR_I 0 13 (13)
                              [N9:P] [undefined] 61 119 255 176 (1031274416)
                              [N11:NG] NGSWSTATE 0 (0)
                              [N12:Z] MOTOR_I 0 16 (16)
                              [N12:Z] [undefined] 61 119 255 176 (1031274416)
2025-08-15 17:56:36:541 [IN ] C8 24 09 18 25 A5 09 01 31 03 CF 00 11 1E C4 25 A5 09 01 31 05 E6 3D 77 FF B0 89 53 B0 C8 24 0C 18 25 A5 0C 01 31 03 CF 00 0C 1C D4 25 A5 0C 01 31 05 E6 3D 77 FF B0 8C 6E B0 C8 24 09 18 25 A5 
09 01 31 03 CF 00 12 1F C5 25 A5 09 01 31 05 E6 3D 77 FF B0 89 53 B0 C8 24 0C 18 25 A5 0C 01 31 03 CF 00 14 24 DC 25 A5 0C 01 31 05 E6 3D 77 FF B0 8C 6E B0 (116)
                              [N9:P] MOTOR_I 0 17 (17)
                              [N9:P] [undefined] 61 119 255 176 (1031274416)
                              [N12:Z] MOTOR_I 0 12 (12)
                              [N12:Z] [undefined] 61 119 255 176 (1031274416)
                              [N9:P] MOTOR_I 0 18 (18)
                              [N9:P] [undefined] 61 119 255 176 (1031274416)
                              [N12:Z] MOTOR_I 0 20 (20)
                              [N12:Z] [undefined] 61 119 255 176 (1031274416)
2025-08-15 17:56:36:744 [IN ] C8 24 09 0E 25 A5 09 01 31 03 CF 00 07 14 BA 25 A5 09 01 C8 24 09 0A 01 31 05 E6 3D 77 FF B0 89 53 BA C8 24 0C 18 25 A5 0C 01 31 03 CF 00 0A 1A D2 25 A5 0C 01 31 05 E6 3D 77 FF B0 8C 6E B0 C8 
24 09 15 25 A5 09 01 31 03 CF 00 01 0E B4 25 A5 09 01 31 05 E6 3D 77 FF B0 C8 24 0C 18 25 A5 0C 01 31 03 CF 00 06 16 CE 25 A5 0C 01 31 05 E6 3D 77 FF B0 8C 6E B0 (118)
                              [N9:P] MOTOR_I 0 7 (7)
                              [N9:P] [undefined] 61 119 255 176 (1031274416)
                              [N12:Z] MOTOR_I 0 10 (10)
                              [N12:Z] [undefined] 61 119 255 176 (1031274416)
                              [N9:P] MOTOR_I 0 1 (1)
                              [N12:Z] MOTOR_I 0 6 (6)
                              [N12:Z] [undefined] 61 119 255 176 (1031274416)
2025-08-15 17:56:36:946 [IN ] C8 24 09 1B B0 89 53 25 A5 09 01 31 03 CF 00 18 25 CB 25 A5 09 01 31 05 E6 3D 77 FF B0 89 53 05 C8 24 0C 18 25 A5 0C 01 31 03 CF 00 0C 1C D4 25 A5 0C 01 31 05 E6 3D 77 FF B0 8C 6E B0 C8 24 09 
18 25 A5 09 01 31 03 CF 00 10 1D C3 25 A5 09 01 31 05 E6 3D 77 FF B0 89 53 B0 C8 24 0C 18 25 A5 0C 01 31 03 CF 00 11 21 D9 25 A5 0C 01 31 05 E6 3D 77 FF B0 8C 6E B0 (119)
                              [N9:P] [undefined] 61 119 255 176 (1031274416)
                              [N9:P] MOTOR_I 0 24 (24)
                              [N9:P] [undefined] 61 119 255 176 (1031274416)
                              [N12:Z] MOTOR_I 0 12 (12)
                              [N12:Z] [undefined] 61 119 255 176 (1031274416)
                              [N9:P] MOTOR_I 0 16 (16)
                              [N9:P] [undefined] 61 119 255 176 (1031274416)
                              [N12:Z] MOTOR_I 0 17 (17)
                              [N12:Z] [undefined] 61 119 255 176 (1031274416)
2025-08-15 17:56:37:147 [IN ] C8 24 09 18 25 A5 09 01 31 03 CF 00 05 12 B8 25 A5 09 01 31 05 E6 3D 77 FF B0 89 53 B0 C8 24 0C 18 25 A5 0C 01 31 03 CF 00 1B 2B E3 25 A5 0C 01 31 05 E6 3D 77 FF B0 8C 6E B0 C8 24 09 18 25 A5 
09 01 31 03 CF 00 07 14 BA 25 A5 09 01 31 05 E6 3D 77 FF B0 89 53 B0 C8 24 0C 18 25 A5 0C 01 31 03 CF 00 03 13 CB 25 A5 0C 01 31 05 E6 3D 77 FF B0 8C 6E B0 (116)
                              [N9:P] MOTOR_I 0 5 (5)
                              [N9:P] [undefined] 61 119 255 176 (1031274416)
                              [N12:Z] MOTOR_I 0 27 (27)
                              [N12:Z] [undefined] 61 119 255 176 (1031274416)
                              [N9:P] MOTOR_I 0 7 (7)
                              [N9:P] [undefined] 61 119 255 176 (1031274416)
                              [N12:Z] MOTOR_I 0 3 (3)
                              [N12:Z] [undefined] 61 119 255 176 (1031274416)
2025-08-15 17:56:37:349 [IN ] C8 24 09 18 25 A5 09 01 31 03 CF 00 15 22 C8 25 A5 09 01 31 05 E6 3D 77 FF B0 89 53 B0 C8 24 0C 18 25 A5 0C 01 31 03 CF 00 08 18 D0 25 A5 0C 01 31 05 E6 3D 77 FF B0 8C 6E B0 C8 24 09 18 25 A5 
09 01 31 03 CF 00 15 22 C8 25 A5 09 01 31 05 E6 3D 77 FF B0 89 53 B0 C8 24 0B 0A 25 A5 0B 01 31 02 DE 00 1D CD C8 C8 24 0C 18 25 A5 0C 01 31 03 CF 00 09 19 D1 25 A5 0C 01 31 05 E6 3D 77 FF B0 
8C 6E B0 (131)
                              [N9:P] MOTOR_I 0 21 (21)
                              [N9:P] [undefined] 61 119 255 176 (1031274416)
                              [N12:Z] MOTOR_I 0 8 (8)
                              [N12:Z] [undefined] 61 119 255 176 (1031274416)
                              [N9:P] MOTOR_I 0 21 (21)
                              [N9:P] [undefined] 61 119 255 176 (1031274416)
                              [N11:NG] NGSWSTATE 0 (0)
                              [N12:Z] MOTOR_I 0 9 (9)
                              [N12:Z] [undefined] 61 119 255 176 (1031274416)
2025-08-15 17:56:37:550 [IN ] C8 24 09 18 25 A5 09 01 31 03 CF 00 19 26 CC 25 A5 09 01 31 05 E6 3D 77 FF B0 89 53 B0 C8 24 0C 18 25 A5 0C 01 31 03 CF 00 08 18 D0 25 A5 0C 01 31 05 E6 3D 77 FF B0 8C 6E B0 C8 24 09 18 25 A5 
09 01 31 03 CF 00 13 20 C6 25 A5 09 01 31 05 E6 3D 77 FF B0 89 53 B0 C8 24 0C 18 25 A5 0C 01 31 03 CF 00 13 23 DB 25 A5 0C 01 31 05 E6 3D 77 FF B0 8C 6E B0 (116)
                              [N9:P] MOTOR_I 0 25 (25)
                              [N9:P] [undefined] 61 119 255 176 (1031274416)
                              [N12:Z] MOTOR_I 0 8 (8)
                              [N12:Z] [undefined] 61 119 255 176 (1031274416)
                              [N9:P] MOTOR_I 0 19 (19)
                              [N9:P] [undefined] 61 119 255 176 (1031274416)
                              [N12:Z] MOTOR_I 0 19 (19)
                              [N12:Z] [undefined] 61 119 255 176 (1031274416)
2025-08-15 17:56:37:751 [IN ] C8 24 09 18 25 A5 09 01 31 03 CF 00 08 15 BB 25 A5 09 01 31 05 E6 3D 77 FF B0 89 53 B0 C8 24 0C 0E 25 A5 0C 01 31 03 CF 00 07 17 CF 25 A5 0C 01 C8 24 0C 0A 01 31 05 E6 3D 77 FF B0 8C 6E CF C8 
24 09 18 25 A5 09 01 31 03 CF 00 1E 2B D1 25 A5 09 01 31 05 E6 3D 77 FF B0 89 53 B0 C8 24 0C 15 25 A5 0C 01 31 03 CF 00 02 12 CA 25 A5 0C 01 31 05 E6 3D 77 FF B0 (118)
                              [N9:P] MOTOR_I 0 8 (8)
                              [N9:P] [undefined] 61 119 255 176 (1031274416)
                              [N12:Z] MOTOR_I 0 7 (7)
                              [N12:Z] [undefined] 61 119 255 176 (1031274416)
                              [N9:P] MOTOR_I 0 30 (30)
                              [N9:P] [undefined] 61 119 255 176 (1031274416)
                              [N12:Z] MOTOR_I 0 2 (2)
2025-08-15 17:56:37:955 [IN ] C8 24 04 0E 25 A5 04 01 31 06 81 45 FF FD 4F 59 A6 2C 01 C8 24 09 18 25 A5 09 01 31 03 CF 00 0B 18 BE 25 A5 09 01 31 05 E6 3D 77 FF B0 89 53 B0 C8 24 0C 1B B0 8C 6E 25 A5 0C 01 31 03 CF 00 00 
10 C8 25 A5 0C 01 31 05 E6 3D 77 FF B0 8C 6E 05 C8 24 09 18 25 A5 09 01 31 03 CF 00 0B 18 BE 25 A5 09 01 31 05 E6 3D 77 FF B0 89 53 B0 C8 24 0C 18 25 A5 0C 01 31 03 CF 00 05 15 CD 25 A5 0C 01 
31 05 E6 3D 77 FF B0 8C 6E B0 (138)
                              [N4:Y] TPOS 'E' 255 253 79 89 (-176295)
                              [N9:P] MOTOR_I 0 11 (11)
                              [N9:P] [undefined] 61 119 255 176 (1031274416)
                              [N12:Z] [undefined] 61 119 255 176 (1031274416)
                              [N12:Z] MOTOR_I 0 0 (0)
                              [N12:Z] [undefined] 61 119 255 176 (1031274416)
                              [N9:P] MOTOR_I 0 11 (11)
                              [N9:P] [undefined] 61 119 255 176 (1031274416)
                              [N12:Z] MOTOR_I 0 5 (5)
                              [N12:Z] [undefined] 61 119 255 176 (1031274416)
2025-08-15 17:56:38:157 [IN ] C8 24 09 18 25 A5 09 01 31 03 CF 00 0A 17 BD 25 A5 09 01 31 05 E6 3D 77 FF B0 89 53 B0 C8 24 0C 18 25 A5 0C 01 31 03 CF 00 14 24 DC 25 A5 0C 01 31 05 E6 3D 77 FF B0 8C 6E B0 C8 24 09 18 25 A5 
09 01 31 03 CF 00 17 24 CA 25 A5 09 01 31 05 E6 3D 77 FF B0 89 53 B0 C8 24 0C 18 25 A5 0C 01 31 03 CF 00 08 18 D0 25 A5 0C 01 31 05 E6 3D 77 FF B0 8C 6E B0 (116)
                              [N9:P] MOTOR_I 0 10 (10)
                              [N9:P] [undefined] 61 119 255 176 (1031274416)
                              [N12:Z] MOTOR_I 0 20 (20)
                              [N12:Z] [undefined] 61 119 255 176 (1031274416)
                              [N9:P] MOTOR_I 0 23 (23)
                              [N9:P] [undefined] 61 119 255 176 (1031274416)
                              [N12:Z] MOTOR_I 0 8 (8)
                              [N12:Z] [undefined] 61 119 255 176 (1031274416)
2025-08-15 17:56:38:359 [IN ] C8 24 09 18 25 A5 09 01 31 03 CF 00 08 15 BB 25 A5 09 01 31 05 E6 3D 77 FF B0 89 53 B0 C8 24 0C 18 25 A5 0C 01 31 03 CF 00 0A 1A D2 25 A5 0C 01 31 05 E6 3D 77 FF B0 8C 6E B0 C8 24 09 18 25 A5 
09 01 31 03 CF 00 14 21 C7 25 A5 09 01 31 05 E6 3D 77 FF B0 89 53 B0 C8 24 0B 0A 25 A5 0B 01 31 02 DE 00 1D CD C7 C8 24 0C 18 25 A5 0C 01 31 03 CF 00 02 12 CA 25 A5 0C 01 31 05 E6 3D 77 FF B0 
8C 6E B0 (131)
                              [N9:P] MOTOR_I 0 8 (8)
                              [N9:P] [undefined] 61 119 255 176 (1031274416)
                              [N12:Z] MOTOR_I 0 10 (10)
                              [N12:Z] [undefined] 61 119 255 176 (1031274416)
                              [N9:P] MOTOR_I 0 20 (20)
                              [N9:P] [undefined] 61 119 255 176 (1031274416)
                              [N11:NG] NGSWSTATE 0 (0)
                              [N12:Z] MOTOR_I 0 2 (2)
                              [N12:Z] [undefined] 61 119 255 176 (1031274416)
2025-08-15 17:56:38:561 [IN ] C8 24 09 0E 25 A5 09 01 31 03 CF 00 23 30 D6 25 A5 09 01 C8 24 09 0A 01 31 05 E6 3D 77 FF B0 89 53 D6 C8 24 0C 18 25 A5 0C 01 31 03 CF 00 0C 1C D4 25 A5 0C 01 31 05 E6 3D 77 FF B0 8C 6E B0 C8 
24 09 18 25 A5 09 01 31 03 CF 00 1D 2A D0 25 A5 09 01 31 05 E6 3D 77 FF B0 89 53 B0 C8 24 0C 18 25 A5 0C 01 31 03 CF 00 08 18 D0 25 A5 0C 01 31 05 E6 3D 77 FF B0 8C 6E B0 (121)
                              [N9:P] MOTOR_I 0 35 (35)
                              [N9:P] [undefined] 61 119 255 176 (1031274416)
                              [N12:Z] MOTOR_I 0 12 (12)
                              [N12:Z] [undefined] 61 119 255 176 (1031274416)
                              [N9:P] MOTOR_I 0 29 (29)
                              [N9:P] [undefined] 61 119 255 176 (1031274416)
                              [N12:Z] MOTOR_I 0 8 (8)
                              [N12:Z] [undefined] 61 119 255 176 (1031274416)
2025-08-15 17:56:38:763 [IN ] C8 24 09 18 25 A5 09 01 31 03 CF 00 00 0D B3 25 A5 09 01 31 05 E6 3D 77 00 00 DA A5 B0 C8 24 09 0E 25 A5 09 01 31 06 81 45 FF E7 5B FA 42 D5 01 C8 24 0C 18 25 A5 0C 01 31 03 CF 00 08 18 D0 25 
A5 0C 01 31 05 E6 3D 77 FF B0 8C 6E B0 C8 24 09 18 25 A5 09 01 31 03 CF 00 00 0D B3 25 A5 09 01 31 05 E6 3D 77 00 00 DA A5 B0 C8 24 0C 18 25 A5 0C 01 31 03 CF 00 02 12 CA 25 A5 0C 01 31 05 E6 
3D 77 FF B0 8C 6E B0 (135)
                              [N9:P] MOTOR_I 0 0 (0)
                              [N9:P] [undefined] 61 119 0 0 (1031208960)
                              [N9:P] TPOS 'E' 255 231 91 250 (-1614854)
                              [N12:Z] MOTOR_I 0 8 (8)
                              [N12:Z] [undefined] 61 119 255 176 (1031274416)
                              [N9:P] MOTOR_I 0 0 (0)
                              [N9:P] [undefined] 61 119 0 0 (1031208960)
                              [N12:Z] MOTOR_I 0 2 (2)
                              [N12:Z] [undefined] 61 119 255 176 (1031274416)
2025-08-15 17:56:38:966 [IN ] C8 24 09 18 25 A5 09 01 31 03 CF 00 00 0D B3 25 A5 09 01 31 05 E6 3D 77 00 00 DA A5 B0 C8 24 0C 18 25 A5 0C 01 31 03 CF 00 05 15 CD 25 A5 0C 01 31 05 E6 3D 77 FF B0 8C 6E B0 C8 24 09 18 25 A5 
09 01 31 03 CF 00 00 0D B3 25 A5 09 01 31 05 E6 3D 77 00 00 DA A5 B0 C8 24 0C 18 25 A5 0C 01 31 03 CF 00 1A 2A E2 25 A5 0C 01 31 05 E6 3D 77 FF B0 8C 6E B0 (116)
                              [N9:P] MOTOR_I 0 0 (0)
                              [N9:P] [undefined] 61 119 0 0 (1031208960)
                              [N12:Z] MOTOR_I 0 5 (5)
                              [N12:Z] [undefined] 61 119 255 176 (1031274416)
                              [N9:P] MOTOR_I 0 0 (0)
                              [N9:P] [undefined] 61 119 0 0 (1031208960)
                              [N12:Z] MOTOR_I 0 26 (26)
                              [N12:Z] [undefined] 61 119 255 176 (1031274416)
2025-08-15 17:56:39:168 [IN ] C8 24 09 18 25 A5 09 01 31 03 CF 00 00 0D B3 25 A5 09 01 31 05 E6 3D 77 00 00 DA A5 B0 C8 24 0C 18 25 A5 0C 01 31 03 CF 00 05 15 CD 25 A5 0C 01 31 05 E6 3D 77 FF B0 8C 6E B0 C8 24 09 18 25 A5 
09 01 31 03 CF 00 00 0D B3 25 A5 09 01 31 05 E6 3D 77 00 00 DA A5 B0 C8 24 0C 18 25 A5 0C 01 31 03 CF 00 09 19 D1 25 A5 0C 01 31 05 E6 3D 77 FF B0 8C 6E B0 (116)
                              [N9:P] MOTOR_I 0 0 (0)
                              [N9:P] [undefined] 61 119 0 0 (1031208960)
                              [N12:Z] MOTOR_I 0 5 (5)
                              [N12:Z] [undefined] 61 119 255 176 (1031274416)
                              [N9:P] MOTOR_I 0 0 (0)
                              [N9:P] [undefined] 61 119 0 0 (1031208960)
                              [N12:Z] MOTOR_I 0 9 (9)
                              [N12:Z] [undefined] 61 119 255 176 (1031274416)
2025-08-15 17:56:39:190 [OUT] 25 A5 01 09 31 05 81 FF FF D9 C8 60 BE (13)
                              [N9:P] TPOS 255 255 217 200 (-9784)
2025-08-15 17:56:39:191 [IN ] C8 24 09 18 25 A5 09 01 31 03 CF 00 00 0D B3 25 A5 09 01 31 05 E6 3D 77 00 00 DA A5 B0 (29)
                              [N9:P] MOTOR_I 0 0 (0)
                              [N9:P] [undefined] 61 119 0 0 (1031208960)
2025-08-15 17:56:39:276 [IN ] C8 24 0C 18 25 A5 0C 01 31 03 CF 00 0E 1E D6 25 A5 0C 01 31 05 E6 3D 77 FF B0 8C 6E B0 (29)
                              [N12:Z] MOTOR_I 0 14 (14)
                              [N12:Z] [undefined] 61 119 255 176 (1031274416)
2025-08-15 17:56:39:298 [IN ] C8 24 09 18 25 A5 09 01 31 03 CF 00 00 0D B3 25 A5 09 01 31 05 E6 3D 77 00 00 DA A5 B0 (29)
                              [N9:P] MOTOR_I 0 0 (0)
                              [N9:P] [undefined] 61 119 0 0 (1031208960)
2025-08-15 17:56:39:340 [IN ] C8 24 0B 0A 25 A5 0B 01 31 02 DE 00 1D CD B3 (15)
                              [N11:NG] NGSWSTATE 0 (0)
2025-08-15 17:56:39:362 [IN ] C8 24 0C 18 25 A5 0C 01 31 03 CF 00 11 21 D9 25 A5 0C 01 31 05 E6 3D 77 FF B0 8C 6E B0 (29)
                              [N12:Z] MOTOR_I 0 17 (17)
                              [N12:Z] [undefined] 61 119 255 176 (1031274416)
2025-08-15 17:56:39:384 [IN ] C8 24 09 0E 25 A5 09 01 31 06 81 53 FF E7 5B FF 55 20 01 C8 24 09 18 25 A5 09 01 31 03 CF 00 2B 38 DE 25 A5 09 01 31 05 E6 3D 77 00 50 2A F5 B0 (48)
                              [N9:P] TPOS 'S' 255 231 91 255 (-1614849)
                              [N9:P] MOTOR_I 0 43 (43)
                              [N9:P] [undefined] 61 119 0 80 (1031209040)
2025-08-15 17:56:39:587 [IN ] C8 24 0C 0E 25 A5 0C 01 31 03 CF 00 15 25 DD 25 A5 0C 01 C8 24 0C 0A 01 31 05 E6 3D 77 FF B0 8C 6E DD C8 24 09 18 25 A5 09 01 31 03 CF 00 19 26 CC 25 A5 09 01 31 05 E6 3D 77 00 50 2A F5 B0 C8 
24 0C 15 25 A5 0C 01 31 03 CF 00 06 16 CE 25 A5 0C 01 31 05 E6 3D 77 FF 50 (89)
                              [N12:Z] MOTOR_I 0 21 (21)
                              [N12:Z] [undefined] 61 119 255 176 (1031274416)
                              [N9:P] MOTOR_I 0 25 (25)
                              [N9:P] [undefined] 61 119 0 80 (1031209040)
                              [N12:Z] MOTOR_I 0 6 (6)
2025-08-15 17:56:39:791 [IN ] C8 24 09 18 25 A5 09 01 31 03 CF 00 14 21 C7 25 A5 09 01 31 05 E6 3D 77 00 50 2A F5 B0 C8 24 0C 1B B0 8C 6E 25 A5 0C 01 31 03 CF 00 09 19 D1 25 A5 0C 01 31 05 E6 3D 77 FF B0 8C 6E 05 C8 24 09 
18 25 A5 09 01 31 03 CF 00 0C 19 BF 25 A5 09 01 31 05 E6 3D 77 00 50 2A F5 B0 C8 24 0C 18 25 A5 0C 01 31 03 CF 00 04 14 CC 25 A5 0C 01 31 05 E6 3D 77 FF B0 8C 6E B0 (119)
                              [N9:P] MOTOR_I 0 20 (20)
                              [N9:P] [undefined] 61 119 0 80 (1031209040)
                              [N12:Z] [undefined] 61 119 255 176 (1031274416)
                              [N12:Z] MOTOR_I 0 9 (9)
                              [N12:Z] [undefined] 61 119 255 176 (1031274416)
                              [N9:P] MOTOR_I 0 12 (12)
                              [N9:P] [undefined] 61 119 0 80 (1031209040)
                              [N12:Z] MOTOR_I 0 4 (4)
                              [N12:Z] [undefined] 61 119 255 176 (1031274416)
2025-08-15 17:56:39:994 [IN ] C8 24 09 18 25 A5 09 01 31 03 CF 00 16 23 C9 25 A5 09 01 31 05 E6 3D 77 00 50 2A F5 B0 C8 24 0C 18 25 A5 0C 01 31 03 CF 00 05 15 CD 25 A5 0C 01 31 05 E6 3D 77 FF B0 8C 6E B0 C8 24 09 18 25 A5 
09 01 31 03 CF 00 1B 28 CE 25 A5 09 01 31 05 E6 3D 77 00 50 2A F5 B0 C8 24 0C 18 25 A5 0C 01 31 03 CF 00 05 15 CD 25 A5 0C 01 31 05 E6 3D 77 FF B0 8C 6E B0 C8 24 09 18 25 A5 09 01 31 03 CF 00 
0D 1A C0 25 A5 09 01 31 05 E6 3D 77 00 50 2A F5 B0 (145)
                              [N9:P] MOTOR_I 0 22 (22)
                              [N9:P] [undefined] 61 119 0 80 (1031209040)
                              [N12:Z] MOTOR_I 0 5 (5)
                              [N12:Z] [undefined] 61 119 255 176 (1031274416)
                              [N9:P] MOTOR_I 0 27 (27)
                              [N9:P] [undefined] 61 119 0 80 (1031209040)
                              [N12:Z] MOTOR_I 0 5 (5)
                              [N12:Z] [undefined] 61 119 255 176 (1031274416)
                              [N9:P] MOTOR_I 0 13 (13)
                              [N9:P] [undefined] 61 119 0 80 (1031209040)
2025-08-15 17:56:40:195 [IN ] C8 24 0C 18 25 A5 0C 01 31 03 CF 00 0A 1A D2 25 A5 0C 01 31 05 E6 3D 77 FF B0 8C 6E B0 C8 24 09 0E 25 A5 09 01 31 03 CF 00 07 14 BA 25 A5 09 01 C8 24 09 0A 01 31 05 E6 3D 77 00 50 2A F5 BA C8 
24 0C 18 25 A5 0C 01 31 03 CF 00 06 16 CE 25 A5 0C 01 31 05 E6 3D 77 FF B0 8C 6E B0 C8 24 09 15 25 A5 09 01 31 03 CF 00 1B 28 CE 25 A5 09 01 31 05 E6 3D 77 00 B0 (118)
                              [N12:Z] MOTOR_I 0 10 (10)
                              [N12:Z] [undefined] 61 119 255 176 (1031274416)
                              [N9:P] MOTOR_I 0 7 (7)
                              [N9:P] [undefined] 61 119 0 80 (1031209040)
                              [N12:Z] MOTOR_I 0 6 (6)
                              [N12:Z] [undefined] 61 119 255 176 (1031274416)
                              [N9:P] MOTOR_I 0 27 (27)
2025-08-15 17:56:40:399 [IN ] C8 24 0C 18 25 A5 0C 01 31 03 CF 00 0B 1B D3 25 A5 0C 01 31 05 E6 3D 77 FF B0 8C 6E B0 C8 24 09 1B 50 2A F5 25 A5 09 01 31 03 CF 00 1A 27 CD 25 A5 09 01 31 05 E6 3D 77 00 50 2A F5 05 C8 24 0B 
0A 25 A5 0B 01 31 02 DE 00 1D CD 00 C8 24 0C 18 25 A5 0C 01 31 03 CF 00 0D 1D D5 25 A5 0C 01 31 05 E6 3D 77 FF B0 8C 6E 50 C8 24 09 18 25 A5 09 01 31 03 CF 00 0B 18 BE 25 A5 09 01 31 05 E6 3D 
77 00 50 2A F5 50 (134)
                              [N12:Z] MOTOR_I 0 11 (11)
                              [N12:Z] [undefined] 61 119 255 176 (1031274416)
                              [N9:P] [undefined] 61 119 0 80 (1031209040)
                              [N9:P] MOTOR_I 0 26 (26)
                              [N9:P] [undefined] 61 119 0 80 (1031209040)
                              [N11:NG] NGSWSTATE 0 (0)
                              [N12:Z] MOTOR_I 0 13 (13)
                              [N12:Z] [undefined] 61 119 255 176 (1031274416)
                              [N9:P] MOTOR_I 0 11 (11)
                              [N9:P] [undefined] 61 119 0 80 (1031209040)
2025-08-15 17:56:40:601 [IN ] C8 24 0C 18 25 A5 0C 01 31 03 CF 00 11 21 D9 25 A5 0C 01 31 05 E6 3D 77 FF B0 8C 6E 50 C8 24 09 18 25 A5 09 01 31 03 CF 00 0D 1A C0 25 A5 09 01 31 05 E6 3D 77 00 50 2A F5 50 C8 24 0C 18 25 A5 
0C 01 31 03 CF 00 04 14 CC 25 A5 0C 01 31 05 E6 3D 77 FF B0 8C 6E 50 C8 24 09 18 25 A5 09 01 31 03 CF 00 20 2D D3 25 A5 09 01 31 05 E6 3D 77 00 50 2A F5 50 (116)
                              [N12:Z] MOTOR_I 0 17 (17)
                              [N12:Z] [undefined] 61 119 255 176 (1031274416)
                              [N9:P] MOTOR_I 0 13 (13)
                              [N9:P] [undefined] 61 119 0 80 (1031209040)
                              [N12:Z] MOTOR_I 0 4 (4)
                              [N12:Z] [undefined] 61 119 255 176 (1031274416)
                              [N9:P] MOTOR_I 0 32 (32)
                              [N9:P] [undefined] 61 119 0 80 (1031209040)
2025-08-15 17:56:40:803 [IN ] C8 24 0C 18 25 A5 0C 01 31 03 CF 00 03 13 CB 25 A5 0C 01 31 05 E6 3D 77 FF B0 8C 6E 50 C8 24 09 18 25 A5 09 01 31 03 CF 00 0D 1A C0 25 A5 09 01 31 05 E6 3D 77 00 50 2A F5 50 C8 24 0C 18 25 A5 
0C 01 31 03 CF 00 0B 1B D3 25 A5 0C 01 31 05 E6 3D 77 FF B0 8C 6E 50 C8 24 09 18 25 A5 09 01 31 03 CF 00 07 14 BA 25 A5 09 01 31 05 E6 3D 77 00 50 2A F5 50 (116)
                              [N12:Z] MOTOR_I 0 3 (3)
                              [N12:Z] [undefined] 61 119 255 176 (1031274416)
                              [N9:P] MOTOR_I 0 13 (13)
                              [N9:P] [undefined] 61 119 0 80 (1031209040)
                              [N12:Z] MOTOR_I 0 11 (11)
                              [N12:Z] [undefined] 61 119 255 176 (1031274416)
                              [N9:P] MOTOR_I 0 7 (7)
                              [N9:P] [undefined] 61 119 0 80 (1031209040)
2025-08-15 17:56:41:006 [IN ] C8 24 0C 18 25 A5 0C 01 31 03 CF 00 0B 1B D3 25 A5 0C 01 31 05 E6 3D 77 FF B0 8C 6E 50 C8 24 09 18 25 A5 09 01 31 03 CF 00 0C 19 BF 25 A5 09 01 31 05 E6 3D 77 00 50 2A F5 50 C8 24 0C 18 25 A5 
0C 01 31 03 CF 00 15 25 DD 25 A5 0C 01 31 05 E6 3D 77 FF B0 8C 6E 50 C8 24 09 18 25 A5 09 01 31 03 CF 00 09 16 BC 25 A5 09 01 31 05 E6 3D 77 00 50 2A F5 50 (116)
                              [N12:Z] MOTOR_I 0 11 (11)
                              [N12:Z] [undefined] 61 119 255 176 (1031274416)
                              [N9:P] MOTOR_I 0 12 (12)
                              [N9:P] [undefined] 61 119 0 80 (1031209040)
                              [N12:Z] MOTOR_I 0 21 (21)
                              [N12:Z] [undefined] 61 119 255 176 (1031274416)
                              [N9:P] MOTOR_I 0 9 (9)
                              [N9:P] [undefined] 61 119 0 80 (1031209040)
2025-08-15 17:56:41:207 [IN ] C8 24 0C 18 25 A5 0C 01 31 03 CF 00 0A 1A D2 25 A5 0C 01 31 05 E6 3D 77 FF B0 8C 6E 50 C8 24 09 18 25 A5 09 01 31 03 CF 00 25 32 D8 25 A5 09 01 31 05 E6 3D 77 00 50 2A F5 50 C8 24 0C 0E 25 A5 
0C 01 31 03 CF 00 0C 1C D4 25 A5 0C 01 C8 24 0C 0A 01 31 05 E6 3D 77 FF B0 8C 6E D4 C8 24 09 18 25 A5 09 01 31 03 CF 00 0E 1B C1 25 A5 09 01 31 05 E6 3D 77 00 50 2A F5 50 (121)
                              [N12:Z] MOTOR_I 0 10 (10)
                              [N12:Z] [undefined] 61 119 255 176 (1031274416)
                              [N9:P] MOTOR_I 0 37 (37)
                              [N9:P] [undefined] 61 119 0 80 (1031209040)
                              [N12:Z] MOTOR_I 0 12 (12)
                              [N12:Z] [undefined] 61 119 255 176 (1031274416)
                              [N9:P] MOTOR_I 0 14 (14)
                              [N9:P] [undefined] 61 119 0 80 (1031209040)
2025-08-15 17:56:41:413 [IN ] C8 24 0C 15 25 A5 0C 01 31 03 CF 00 0C 1C D4 25 A5 0C 01 31 05 E6 3D 77 FF 50 C8 24 09 18 25 A5 09 01 31 03 CF 00 0F 1C C2 25 A5 09 01 31 05 E6 3D 77 00 50 2A F5 50 C8 24 0B 0A 25 A5 0B 01 31 
02 DE 00 1D CD C2 C8 24 0C 1B B0 8C 6E 25 A5 0C 01 31 03 CF 00 0C 1C D4 25 A5 0C 01 31 05 E6 3D 77 FF B0 8C 6E 05 C8 24 09 18 25 A5 09 01 31 03 CF 00 16 23 C9 25 A5 09 01 31 05 E6 3D 77 00 50 
2A F5 B0 (131)
                              [N12:Z] MOTOR_I 0 12 (12)
                              [N9:P] MOTOR_I 0 15 (15)
                              [N9:P] [undefined] 61 119 0 80 (1031209040)
                              [N11:NG] NGSWSTATE 0 (0)
                              [N12:Z] [undefined] 61 119 255 176 (1031274416)
                              [N12:Z] MOTOR_I 0 12 (12)
                              [N12:Z] [undefined] 61 119 255 176 (1031274416)
                              [N9:P] MOTOR_I 0 22 (22)
                              [N9:P] [undefined] 61 119 0 80 (1031209040)
2025-08-15 17:56:41:615 [IN ] C8 24 0C 18 25 A5 0C 01 31 03 CF 00 1E 2E E6 25 A5 0C 01 31 05 E6 3D 77 FF B0 8C 6E B0 C8 24 09 18 25 A5 09 01 31 03 CF 00 15 22 C8 25 A5 09 01 31 05 E6 3D 77 00 50 2A F5 B0 C8 24 0C 18 25 A5 
0C 01 31 03 CF 00 1B 2B E3 25 A5 0C 01 31 05 E6 3D 77 FF B0 8C 6E B0 C8 24 09 18 25 A5 09 01 31 03 CF 00 05 12 B8 25 A5 09 01 31 05 E6 3D 77 00 50 2A F5 B0 (116)
                              [N12:Z] MOTOR_I 0 30 (30)
                              [N12:Z] [undefined] 61 119 255 176 (1031274416)
                              [N9:P] MOTOR_I 0 21 (21)
                              [N9:P] [undefined] 61 119 0 80 (1031209040)
                              [N12:Z] MOTOR_I 0 27 (27)
                              [N12:Z] [undefined] 61 119 255 176 (1031274416)
                              [N9:P] MOTOR_I 0 5 (5)
                              [N9:P] [undefined] 61 119 0 80 (1031209040)
2025-08-15 17:56:41:817 [IN ] C8 24 0C 18 25 A5 0C 01 31 03 CF 00 0B 1B D3 25 A5 0C 01 31 05 E6 3D 77 FF B0 8C 6E B0 C8 24 09 18 25 A5 09 01 31 03 CF 00 08 15 BB 25 A5 09 01 31 05 E6 3D 77 00 50 2A F5 B0 C8 24 0C 18 25 A5 
0C 01 31 03 CF 00 05 15 CD 25 A5 0C 01 31 05 E6 3D 77 FF B0 8C 6E B0 C8 24 09 0E 25 A5 09 01 31 03 CF 00 16 23 C9 25 A5 09 01 C8 24 09 0A 01 31 05 E6 3D 77 00 50 2A F5 C9 (121)
                              [N12:Z] MOTOR_I 0 11 (11)
                              [N12:Z] [undefined] 61 119 255 176 (1031274416)
                              [N9:P] MOTOR_I 0 8 (8)
                              [N9:P] [undefined] 61 119 0 80 (1031209040)
                              [N12:Z] MOTOR_I 0 5 (5)
                              [N12:Z] [undefined] 61 119 255 176 (1031274416)
                              [N9:P] MOTOR_I 0 22 (22)
                              [N9:P] [undefined] 61 119 0 80 (1031209040)
2025-08-15 17:56:42:019 [IN ] C8 24 0C 18 25 A5 0C 01 31 03 CF 00 0C 1C D4 25 A5 0C 01 31 05 E6 3D 77 FF B0 8C 6E B0 C8 24 09 15 25 A5 09 01 31 03 CF 00 17 24 CA 25 A5 09 01 31 05 E6 3D 77 00 B0 C8 24 0C 18 25 A5 0C 01 31 
03 CF 00 04 14 CC 25 A5 0C 01 31 05 E6 3D 77 FF B0 8C 6E B0 C8 24 09 1B 50 2A F5 25 A5 09 01 31 03 CF 00 08 15 BB 25 A5 09 01 31 05 E6 3D 77 00 50 2A F5 05 (116)
                              [N12:Z] MOTOR_I 0 12 (12)
                              [N12:Z] [undefined] 61 119 255 176 (1031274416)
                              [N9:P] MOTOR_I 0 23 (23)
                              [N12:Z] MOTOR_I 0 4 (4)
                              [N12:Z] [undefined] 61 119 255 176 (1031274416)
                              [N9:P] [undefined] 61 119 0 80 (1031209040)
                              [N9:P] MOTOR_I 0 8 (8)
                              [N9:P] [undefined] 61 119 0 80 (1031209040)
2025-08-15 17:56:42:221 [IN ] C8 24 0C 18 25 A5 0C 01 31 03 CF 00 0D 1D D5 25 A5 0C 01 31 05 E6 3D 77 FF B0 8C 6E 50 C8 24 09 18 25 A5 09 01 31 03 CF 00 04 11 B7 25 A5 09 01 31 05 E6 3D 77 00 50 2A F5 50 C8 24 0C 18 25 A5 
0C 01 31 03 CF 00 06 16 CE 25 A5 0C 01 31 05 E6 3D 77 FF B0 8C 6E 50 C8 24 09 18 25 A5 09 01 31 03 CF 00 17 24 CA 25 A5 09 01 31 05 E6 3D 77 00 50 2A F5 50 (116)
                              [N12:Z] MOTOR_I 0 13 (13)
                              [N12:Z] [undefined] 61 119 255 176 (1031274416)
                              [N9:P] MOTOR_I 0 4 (4)
                              [N9:P] [undefined] 61 119 0 80 (1031209040)
                              [N12:Z] MOTOR_I 0 6 (6)
                              [N12:Z] [undefined] 61 119 255 176 (1031274416)
                              [N9:P] MOTOR_I 0 23 (23)
                              [N9:P] [undefined] 61 119 0 80 (1031209040)
2025-08-15 17:56:42:423 [IN ] C8 24 0C 18 25 A5 0C 01 31 03 CF 00 0F 1F D7 25 A5 0C 01 31 05 E6 3D 77 FF B0 8C 6E 50 C8 24 09 18 25 A5 09 01 31 03 CF 00 0E 1B C1 25 A5 09 01 31 05 E6 3D 77 00 50 2A F5 50 C8 24 0B 0A 25 A5 
0B 01 31 02 DE 00 1D CD C1 C8 24 0C 18 25 A5 0C 01 31 03 CF 00 0E 1E D6 25 A5 0C 01 31 05 E6 3D 77 FF B0 8C 6E 50 C8 24 09 18 25 A5 09 01 31 03 CF 00 15 22 C8 25 A5 09 01 31 05 E6 3D 77 00 50 
2A F5 50 (131)
                              [N12:Z] MOTOR_I 0 15 (15)
                              [N12:Z] [undefined] 61 119 255 176 (1031274416)
                              [N9:P] MOTOR_I 0 14 (14)
                              [N9:P] [undefined] 61 119 0 80 (1031209040)
                              [N11:NG] NGSWSTATE 0 (0)
                              [N12:Z] MOTOR_I 0 14 (14)
                              [N12:Z] [undefined] 61 119 255 176 (1031274416)
                              [N9:P] MOTOR_I 0 21 (21)
                              [N9:P] [undefined] 61 119 0 80 (1031209040)
2025-08-15 17:56:42:624 [IN ] C8 24 0C 18 25 A5 0C 01 31 03 CF 00 0D 1D D5 25 A5 0C 01 31 05 E6 3D 77 FF B0 8C 6E 50 C8 24 09 18 25 A5 09 01 31 03 CF 00 15 22 C8 25 A5 09 01 31 05 E6 3D 77 00 50 2A F5 50 C8 24 0C 18 25 A5 
0C 01 31 03 CF 00 0D 1D D5 25 A5 0C 01 31 05 E6 3D 77 FF B0 8C 6E 50 C8 24 09 18 25 A5 09 01 31 03 CF 00 1A 27 CD 25 A5 09 01 31 05 E6 3D 77 00 50 2A F5 50 (116)
                              [N12:Z] MOTOR_I 0 13 (13)
                              [N12:Z] [undefined] 61 119 255 176 (1031274416)
                              [N9:P] MOTOR_I 0 21 (21)
                              [N9:P] [undefined] 61 119 0 80 (1031209040)
                              [N12:Z] MOTOR_I 0 13 (13)
                              [N12:Z] [undefined] 61 119 255 176 (1031274416)
                              [N9:P] MOTOR_I 0 26 (26)
                              [N9:P] [undefined] 61 119 0 80 (1031209040)
2025-08-15 17:56:42:826 [IN ] C8 24 0C 18 25 A5 0C 01 31 03 CF 00 06 16 CE 25 A5 0C 01 31 05 E6 3D 77 FF B0 8C 6E 50 C8 24 09 18 25 A5 09 01 31 03 CF 00 18 25 CB 25 A5 09 01 31 05 E6 3D 77 00 50 2A F5 50 C8 24 0C 18 25 A5 
0C 01 31 03 CF 00 18 28 E0 25 A5 0C 01 31 05 E6 3D 77 FF B0 8C 6E 50 C8 24 09 18 25 A5 09 01 31 03 CF 00 1D 2A D0 25 A5 09 01 31 05 E6 3D 77 00 50 2A F5 50 (116)
                              [N12:Z] MOTOR_I 0 6 (6)
                              [N12:Z] [undefined] 61 119 255 176 (1031274416)
                              [N9:P] MOTOR_I 0 24 (24)
                              [N9:P] [undefined] 61 119 0 80 (1031209040)
                              [N12:Z] MOTOR_I 0 24 (24)
                              [N12:Z] [undefined] 61 119 255 176 (1031274416)
                              [N9:P] MOTOR_I 0 29 (29)
                              [N9:P] [undefined] 61 119 0 80 (1031209040)
2025-08-15 17:56:43:028 [IN ] C8 24 0C 0E 25 A5 0C 01 31 03 CF 00 08 18 D0 25 A5 0C 01 C8 24 0C 0A 01 31 05 E6 3D 77 FF B0 8C 6E D0 C8 24 09 18 25 A5 09 01 31 03 CF 00 18 25 CB 25 A5 09 01 31 05 E6 3D 77 00 50 2A F5 50 C8 
24 0C 15 25 A5 0C 01 31 03 CF 00 08 18 D0 25 A5 0C 01 31 05 E6 3D 77 FF 50 C8 24 09 18 25 A5 09 01 31 03 CF 00 16 23 C9 25 A5 09 01 31 05 E6 3D 77 00 50 2A F5 50 (118)
                              [N12:Z] MOTOR_I 0 8 (8)
                              [N12:Z] [undefined] 61 119 255 176 (1031274416)
                              [N9:P] MOTOR_I 0 24 (24)
                              [N9:P] [undefined] 61 119 0 80 (1031209040)
                              [N12:Z] MOTOR_I 0 8 (8)
                              [N9:P] MOTOR_I 0 22 (22)
                              [N9:P] [undefined] 61 119 0 80 (1031209040)
2025-08-15 17:56:43:231 [IN ] C8 24 0C 1B B0 8C 6E 25 A5 0C 01 31 03 CF 00 11 21 D9 25 A5 0C 01 31 05 E6 3D 77 FF B0 8C 6E 05 C8 24 09 18 25 A5 09 01 31 03 CF 00 16 23 C9 25 A5 09 01 31 05 E6 3D 77 00 50 2A F5 B0 C8 24 0C 
18 25 A5 0C 01 31 03 CF 00 02 12 CA 25 A5 0C 01 31 05 E6 3D 77 FF B0 8C 6E B0 C8 24 09 18 25 A5 09 01 31 03 CF 00 16 23 C9 25 A5 09 01 31 05 E6 3D 77 00 50 2A F5 B0 (119)
                              [N12:Z] [undefined] 61 119 255 176 (1031274416)
                              [N12:Z] MOTOR_I 0 17 (17)
                              [N12:Z] [undefined] 61 119 255 176 (1031274416)
                              [N9:P] MOTOR_I 0 22 (22)
                              [N9:P] [undefined] 61 119 0 80 (1031209040)
                              [N12:Z] MOTOR_I 0 2 (2)
                              [N12:Z] [undefined] 61 119 255 176 (1031274416)
                              [N9:P] MOTOR_I 0 22 (22)
                              [N9:P] [undefined] 61 119 0 80 (1031209040)
2025-08-15 17:56:43:432 [IN ] C8 24 0C 18 25 A5 0C 01 31 03 CF 00 0B 1B D3 25 A5 0C 01 31 05 E6 3D 77 FF B0 8C 6E B0 C8 24 09 18 25 A5 09 01 31 03 CF 00 16 23 C9 25 A5 09 01 31 05 E6 3D 77 00 50 2A F5 B0 C8 24 0B 0A 25 A5 
0B 01 31 02 DE 00 1D CD C9 C8 24 0C 18 25 A5 0C 01 31 03 CF 00 0F 1F D7 25 A5 0C 01 31 05 E6 3D 77 FF B0 8C 6E B0 C8 24 09 18 25 A5 09 01 31 03 CF 00 0E 1B C1 25 A5 09 01 31 05 E6 3D 77 00 50 
2A F5 B0 (131)
                              [N12:Z] MOTOR_I 0 11 (11)
                              [N12:Z] [undefined] 61 119 255 176 (1031274416)
                              [N9:P] MOTOR_I 0 22 (22)
                              [N9:P] [undefined] 61 119 0 80 (1031209040)
                              [N11:NG] NGSWSTATE 0 (0)
                              [N12:Z] MOTOR_I 0 15 (15)
                              [N12:Z] [undefined] 61 119 255 176 (1031274416)
                              [N9:P] MOTOR_I 0 14 (14)
                              [N9:P] [undefined] 61 119 0 80 (1031209040)
2025-08-15 17:56:43:634 [IN ] C8 24 0C 18 25 A5 0C 01 31 03 CF 00 02 12 CA 25 A5 0C 01 31 05 E6 3D 77 FF B0 8C 6E B0 C8 24 09 0E 25 A5 09 01 31 03 CF 00 0F 1C C2 25 A5 09 01 C8 24 09 0A 01 31 05 E6 3D 77 00 50 2A F5 C2 C8 
24 0C 18 25 A5 0C 01 31 03 CF 00 00 10 C8 25 A5 0C 01 31 05 E6 3D 77 FF B0 8C 6E B0 C8 24 09 0E 25 A5 09 01 31 03 CF 00 08 15 BB 25 A5 09 01 C8 24 09 0A (115)
                              [N12:Z] MOTOR_I 0 2 (2)
                              [N12:Z] [undefined] 61 119 255 176 (1031274416)
                              [N9:P] MOTOR_I 0 15 (15)
                              [N9:P] [undefined] 61 119 0 80 (1031209040)
                              [N12:Z] MOTOR_I 0 0 (0)
                              [N12:Z] [undefined] 61 119 255 176 (1031274416)
                              [N9:P] MOTOR_I 0 8 (8)
2025-08-15 17:56:43:835 [IN ] 01 31 05 E6 3D 77 00 50 2A F5 BB C8 24 0C 18 25 A5 0C 01 31 03 CF 00 0E 1E D6 25 A5 0C 01 31 05 E6 3D 77 FF B0 8C 6E B0 C8 24 09 18 25 A5 09 01 31 03 CF 00 0F 1C C2 25 A5 09 01 31 05 E6 3D 77 
00 50 2A F5 B0 C8 24 0C 18 25 A5 0C 01 31 03 CF 00 0D 1D D5 25 A5 0C 01 31 05 E6 3D 77 FF B0 8C 6E B0 C8 24 09 18 25 A5 09 01 31 03 CF 00 15 22 C8 25 A5 09 01 31 05 E6 3D 77 00 50 2A F5 B0 (127)
                              [N9:P] [undefined] 61 119 0 80 (1031209040)
                              [N12:Z] MOTOR_I 0 14 (14)
                              [N12:Z] [undefined] 61 119 255 176 (1031274416)
                              [N9:P] MOTOR_I 0 15 (15)
                              [N9:P] [undefined] 61 119 0 80 (1031209040)
                              [N12:Z] MOTOR_I 0 13 (13)
                              [N12:Z] [undefined] 61 119 255 176 (1031274416)
                              [N9:P] MOTOR_I 0 21 (21)
                              [N9:P] [undefined] 61 119 0 80 (1031209040)
2025-08-15 17:56:44:037 [IN ] C8 24 0C 18 25 A5 0C 01 31 03 CF 00 11 21 D9 25 A5 0C 01 31 05 E6 3D 77 FF B0 8C 6E B0 C8 24 09 18 25 A5 09 01 31 03 CF 00 0F 1C C2 25 A5 09 01 31 05 E6 3D 77 00 50 2A F5 B0 C8 24 0C 18 25 A5 
0C 01 31 03 CF 00 05 15 CD 25 A5 0C 01 31 05 E6 3D 77 FF B0 8C 6E B0 C8 24 09 18 25 A5 09 01 31 03 CF 00 1F 2C D2 25 A5 09 01 31 05 E6 3D 77 00 50 2A F5 B0 (116)
                              [N12:Z] MOTOR_I 0 17 (17)
                              [N12:Z] [undefined] 61 119 255 176 (1031274416)
                              [N9:P] MOTOR_I 0 15 (15)
                              [N9:P] [undefined] 61 119 0 80 (1031209040)
                              [N12:Z] MOTOR_I 0 5 (5)
                              [N12:Z] [undefined] 61 119 255 176 (1031274416)
                              [N9:P] MOTOR_I 0 31 (31)
                              [N9:P] [undefined] 61 119 0 80 (1031209040)
2025-08-15 17:56:44:239 [IN ] C8 24 0C 18 25 A5 0C 01 31 03 CF 00 09 19 D1 25 A5 0C 01 31 05 E6 3D 77 FF B0 8C 6E B0 C8 24 09 18 25 A5 09 01 31 03 CF 00 0B 18 BE 25 A5 09 01 31 05 E6 3D 77 00 50 2A F5 B0 C8 24 0C 18 25 A5 
0C 01 31 03 CF 00 09 19 D1 25 A5 0C 01 31 05 E6 3D 77 FF B0 8C 6E B0 C8 24 09 18 25 A5 09 01 31 03 CF 00 18 25 CB 25 A5 09 01 31 05 E6 3D 77 00 50 2A F5 B0 (116)
                              [N12:Z] MOTOR_I 0 9 (9)
                              [N12:Z] [undefined] 61 119 255 176 (1031274416)
                              [N9:P] MOTOR_I 0 11 (11)
                              [N9:P] [undefined] 61 119 0 80 (1031209040)
                              [N12:Z] MOTOR_I 0 9 (9)
                              [N12:Z] [undefined] 61 119 255 176 (1031274416)
                              [N9:P] MOTOR_I 0 24 (24)
                              [N9:P] [undefined] 61 119 0 80 (1031209040)
2025-08-15 17:56:44:442 [IN ] C8 24 0C 18 25 A5 0C 01 31 03 CF 00 08 18 D0 25 A5 0C 01 31 05 E6 3D 77 FF B0 8C 6E B0 C8 24 09 18 25 A5 09 01 31 03 CF 00 12 1F C5 25 A5 09 01 31 05 E6 3D 77 00 50 2A F5 B0 C8 24 0B 0A 25 A5 
0B 01 31 02 DE 00 1D CD C5 C8 24 0C 18 25 A5 0C 01 31 03 CF 00 06 16 CE 25 A5 0C 01 31 05 E6 3D 77 FF B0 8C 6E B0 C8 24 09 18 25 A5 09 01 31 03 CF 00 13 20 C6 25 A5 09 01 31 05 E6 3D 77 00 50 
2A F5 B0 (131)
                              [N12:Z] MOTOR_I 0 8 (8)
                              [N12:Z] [undefined] 61 119 255 176 (1031274416)
                              [N9:P] MOTOR_I 0 18 (18)
                              [N9:P] [undefined] 61 119 0 80 (1031209040)
                              [N11:NG] NGSWSTATE 0 (0)
                              [N12:Z] MOTOR_I 0 6 (6)
                              [N12:Z] [undefined] 61 119 255 176 (1031274416)
                              [N9:P] MOTOR_I 0 19 (19)
                              [N9:P] [undefined] 61 119 0 80 (1031209040)
2025-08-15 17:56:44:643 [IN ] C8 24 0C 18 25 A5 0C 01 31 03 CF 00 10 20 D8 25 A5 0C 01 31 05 E6 3D 77 FF B0 8C 6E B0 C8 24 09 18 25 A5 09 01 31 03 CF 00 0A 17 BD 25 A5 09 01 31 05 E6 3D 77 00 50 2A F5 B0 C8 24 0C 18 25 A5 
0C 01 31 03 CF 00 03 13 CB 25 A5 0C 01 31 05 E6 3D 77 FF B0 8C 6E B0 C8 24 09 18 25 A5 09 01 31 03 CF 00 08 15 BB 25 A5 09 01 31 05 E6 3D 77 00 50 2A F5 B0 (116)
                              [N12:Z] MOTOR_I 0 16 (16)
                              [N12:Z] [undefined] 61 119 255 176 (1031274416)
                              [N9:P] MOTOR_I 0 10 (10)
                              [N9:P] [undefined] 61 119 0 80 (1031209040)
                              [N12:Z] MOTOR_I 0 3 (3)
                              [N12:Z] [undefined] 61 119 255 176 (1031274416)
                              [N9:P] MOTOR_I 0 8 (8)
                              [N9:P] [undefined] 61 119 0 80 (1031209040)
2025-08-15 17:56:44:846 [IN ] C8 24 0C 0E 25 A5 0C 01 31 03 CF 00 0E 1E D6 25 A5 0C 01 C8 24 0C 0A 01 31 05 E6 3D 77 FF B0 8C 6E D6 C8 24 09 18 25 A5 09 01 31 03 CF 00 20 2D D3 25 A5 09 01 31 05 E6 3D 77 00 50 2A F5 B0 C8 
24 0C 15 25 A5 0C 01 31 03 CF 00 14 24 DC 25 A5 0C 01 31 05 E6 3D 77 FF 50 C8 24 09 18 25 A5 09 01 31 03 CF 00 0E 1B C1 25 A5 09 01 31 05 E6 3D 77 00 50 2A F5 B0 (118)
                              [N12:Z] MOTOR_I 0 14 (14)
                              [N12:Z] [undefined] 61 119 255 176 (1031274416)
                              [N9:P] MOTOR_I 0 32 (32)
                              [N9:P] [undefined] 61 119 0 80 (1031209040)
                              [N12:Z] MOTOR_I 0 20 (20)
                              [N9:P] MOTOR_I 0 14 (14)
                              [N9:P] [undefined] 61 119 0 80 (1031209040)
2025-08-15 17:56:45:048 [IN ] C8 24 0C 1B B0 8C 6E 25 A5 0C 01 31 03 CF 00 04 14 CC 25 A5 0C 01 31 05 E6 3D 77 FF B0 8C 6E 05 C8 24 09 18 25 A5 09 01 31 03 CF 00 0E 1B C1 25 A5 09 01 31 05 E6 3D 77 00 50 2A F5 B0 C8 24 0C 
18 25 A5 0C 01 31 03 CF 00 10 20 D8 25 A5 0C 01 31 05 E6 3D 77 FF B0 8C 6E B0 C8 24 09 18 25 A5 09 01 31 03 CF 00 08 15 BB 25 A5 09 01 31 05 E6 3D 77 00 50 2A F5 B0 (119)
                              [N12:Z] [undefined] 61 119 255 176 (1031274416)
                              [N12:Z] MOTOR_I 0 4 (4)
                              [N12:Z] [undefined] 61 119 255 176 (1031274416)
                              [N9:P] MOTOR_I 0 14 (14)
                              [N9:P] [undefined] 61 119 0 80 (1031209040)
                              [N12:Z] MOTOR_I 0 16 (16)
                              [N12:Z] [undefined] 61 119 255 176 (1031274416)
                              [N9:P] MOTOR_I 0 8 (8)
                              [N9:P] [undefined] 61 119 0 80 (1031209040)
2025-08-15 17:56:45:249 [IN ] C8 24 0C 18 25 A5 0C 01 31 03 CF 00 05 15 CD 25 A5 0C 01 31 05 E6 3D 77 FF B0 8C 6E B0 C8 24 09 18 25 A5 09 01 31 03 CF 00 22 2F D5 25 A5 09 01 31 05 E6 3D 77 00 50 2A F5 B0 C8 24 0C 18 25 A5 
0C 01 31 03 CF 00 10 20 D8 25 A5 0C 01 31 05 E6 3D 77 FF B0 8C 6E B0 C8 24 09 18 25 A5 09 01 31 03 CF 00 1B 28 CE 25 A5 09 01 31 05 E6 3D 77 00 50 2A F5 B0 (116)
                              [N12:Z] MOTOR_I 0 5 (5)
                              [N12:Z] [undefined] 61 119 255 176 (1031274416)
                              [N9:P] MOTOR_I 0 34 (34)
                              [N9:P] [undefined] 61 119 0 80 (1031209040)
                              [N12:Z] MOTOR_I 0 16 (16)
                              [N12:Z] [undefined] 61 119 255 176 (1031274416)
                              [N9:P] MOTOR_I 0 27 (27)
                              [N9:P] [undefined] 61 119 0 80 (1031209040)
2025-08-15 17:56:45:451 [IN ] C8 24 0C 18 25 A5 0C 01 31 03 CF 00 14 24 DC 25 A5 0C 01 31 05 E6 3D 77 FF B0 8C 6E B0 C8 24 09 0E 25 A5 09 01 31 03 CF 00 08 15 BB 25 A5 09 01 C8 24 09 0A 01 31 05 E6 3D 77 00 50 2A F5 BB C8 
24 0B 0A 25 A5 0B 01 31 02 DE 00 1D CD BB C8 24 0C 18 25 A5 0C 01 31 03 CF 00 04 14 CC 25 A5 0C 01 31 05 E6 3D 77 FF B0 8C 6E B0 C8 24 09 15 25 A5 09 01 31 03 CF 00 06 13 B9 25 A5 09 01 31 05 
E6 3D 77 00 B0 (133)
                              [N12:Z] MOTOR_I 0 20 (20)
                              [N12:Z] [undefined] 61 119 255 176 (1031274416)
                              [N9:P] MOTOR_I 0 8 (8)
                              [N9:P] [undefined] 61 119 0 80 (1031209040)
                              [N11:NG] NGSWSTATE 0 (0)
                              [N12:Z] MOTOR_I 0 4 (4)
                              [N12:Z] [undefined] 61 119 255 176 (1031274416)
                              [N9:P] MOTOR_I 0 6 (6)
2025-08-15 17:56:45:654 [IN ] C8 24 0C 18 25 A5 0C 01 31 03 CF 00 01 11 C9 25 A5 0C 01 31 05 E6 3D 77 FF B0 8C 6E B0 C8 24 09 1B 50 2A F5 25 A5 09 01 31 03 CF 00 13 20 C6 25 A5 09 01 31 05 E6 3D 77 00 50 2A F5 05 C8 24 0C 
18 25 A5 0C 01 31 03 CF 00 06 16 CE 25 A5 0C 01 31 05 E6 3D 77 FF B0 8C 6E 50 C8 24 09 18 25 A5 09 01 31 03 CF 00 20 2D D3 25 A5 09 01 31 05 E6 3D 77 00 50 2A F5 50 (119)
                              [N12:Z] MOTOR_I 0 1 (1)
                              [N12:Z] [undefined] 61 119 255 176 (1031274416)
                              [N9:P] [undefined] 61 119 0 80 (1031209040)
                              [N9:P] MOTOR_I 0 19 (19)
                              [N9:P] [undefined] 61 119 0 80 (1031209040)
                              [N12:Z] MOTOR_I 0 6 (6)
                              [N12:Z] [undefined] 61 119 255 176 (1031274416)
                              [N9:P] MOTOR_I 0 32 (32)
                              [N9:P] [undefined] 61 119 0 80 (1031209040)
2025-08-15 17:56:45:856 [IN ] C8 24 0C 18 25 A5 0C 01 31 03 CF 00 12 22 DA 25 A5 0C 01 31 05 E6 3D 77 FF B0 8C 6E 50 C8 24 09 18 25 A5 09 01 31 03 CF 00 0A 17 BD 25 A5 09 01 31 05 E6 3D 77 00 50 2A F5 50 C8 24 0C 18 25 A5 
0C 01 31 03 CF 00 0C 1C D4 25 A5 0C 01 31 05 E6 3D 77 FF B0 8C 6E 50 C8 24 09 18 25 A5 09 01 31 03 CF 00 18 25 CB 25 A5 09 01 31 05 E6 3D 77 00 50 2A F5 50 (116)
                              [N12:Z] MOTOR_I 0 18 (18)
                              [N12:Z] [undefined] 61 119 255 176 (1031274416)
                              [N9:P] MOTOR_I 0 10 (10)
                              [N9:P] [undefined] 61 119 0 80 (1031209040)
                              [N12:Z] MOTOR_I 0 12 (12)
                              [N12:Z] [undefined] 61 119 255 176 (1031274416)
                              [N9:P] MOTOR_I 0 24 (24)
                              [N9:P] [undefined] 61 119 0 80 (1031209040)
2025-08-15 17:56:46:058 [IN ] C8 24 0C 18 25 A5 0C 01 31 03 CF 00 0B 1B D3 25 A5 0C 01 31 05 E6 3D 77 FF B0 8C 6E 50 C8 24 09 18 25 A5 09 01 31 03 CF 00 21 2E D4 25 A5 09 01 31 05 E6 3D 77 00 50 2A F5 50 C8 24 0C 18 25 A5 
0C 01 31 03 CF 00 07 17 CF 25 A5 0C 01 31 05 E6 3D 77 FF B0 8C 6E 50 C8 24 09 18 25 A5 09 01 31 03 CF 00 0A 17 BD 25 A5 09 01 31 05 E6 3D 77 00 50 2A F5 50 (116)
                              [N12:Z] MOTOR_I 0 11 (11)
                              [N12:Z] [undefined] 61 119 255 176 (1031274416)
                              [N9:P] MOTOR_I 0 33 (33)
                              [N9:P] [undefined] 61 119 0 80 (1031209040)
                              [N12:Z] MOTOR_I 0 7 (7)
                              [N12:Z] [undefined] 61 119 255 176 (1031274416)
                              [N9:P] MOTOR_I 0 10 (10)
                              [N9:P] [undefined] 61 119 0 80 (1031209040)
2025-08-15 17:56:46:268 [IN ] C8 24 06 0E 25 A5 06 01 31 06 81 45 00 19 82 13 B2 B8 01 C8 24 0C 18 25 A5 0C 01 31 03 CF 00 00 10 C8 25 A5 0C 01 31 05 E6 3D 77 FF B0 8C 6E 50 C8 24 09 18 25 A5 09 01 31 03 CF 00 10 1D C3 25 
A5 09 01 31 05 E6 3D 77 00 50 2A F5 50 C8 24 0C 18 25 A5 0C 01 31 03 CF 00 0B 1B D3 25 A5 0C 01 31 05 E6 3D 77 FF B0 8C 6E 50 C8 24 09 18 25 A5 09 01 31 03 CF 00 10 1D C3 25 A5 09 01 31 05 E6 
3D 77 00 50 2A F5 50 (135)
                              [N6:H] TPOS 'E' 0 25 130 19 (1671699)
                              [N12:Z] MOTOR_I 0 0 (0)
                              [N12:Z] [undefined] 61 119 255 176 (1031274416)
                              [N9:P] MOTOR_I 0 16 (16)
                              [N9:P] [undefined] 61 119 0 80 (1031209040)
                              [N12:Z] MOTOR_I 0 11 (11)
                              [N12:Z] [undefined] 61 119 255 176 (1031274416)
                              [N9:P] MOTOR_I 0 16 (16)
                              [N9:P] [undefined] 61 119 0 80 (1031209040)
2025-08-15 17:56:46:474 [IN ] C8 24 0C 18 25 A5 0C 01 31 03 CF 00 0B 1B D3 25 A5 0C 01 31 05 E6 3D 77 FF B0 8C 6E 50 C8 24 09 18 25 A5 09 01 31 03 CF 00 08 15 BB 25 A5 09 01 31 05 E6 3D 77 00 50 2A F5 50 C8 24 0B 0A 25 A5 
0B 01 31 02 DE 00 1D CD BB C8 24 0C 0E 25 A5 0C 01 31 03 CF 00 0A 1A D2 25 A5 0C 01 C8 24 0C 0A 01 31 05 E6 3D 77 FF B0 8C 6E D2 C8 24 09 18 25 A5 09 01 31 03 CF 00 19 26 CC 25 A5 09 01 31 05 
E6 3D 77 00 50 2A F5 50 (136)
                              [N12:Z] MOTOR_I 0 11 (11)
                              [N12:Z] [undefined] 61 119 255 176 (1031274416)
                              [N9:P] MOTOR_I 0 8 (8)
                              [N9:P] [undefined] 61 119 0 80 (1031209040)
                              [N11:NG] NGSWSTATE 0 (0)
                              [N12:Z] MOTOR_I 0 10 (10)
                              [N12:Z] [undefined] 61 119 255 176 (1031274416)
                              [N9:P] MOTOR_I 0 25 (25)
                              [N9:P] [undefined] 61 119 0 80 (1031209040)
2025-08-15 17:56:46:680 [IN ] C8 24 0C 15 25 A5 0C 01 31 03 CF 00 0A 1A D2 25 A5 0C 01 31 05 E6 3D 77 FF 50 C8 24 09 18 25 A5 09 01 31 03 CF 00 1B 28 CE 25 A5 09 01 31 05 E6 3D 77 00 50 2A F5 50 C8 24 0C 1B B0 8C 6E 25 A5 
0C 01 31 03 CF 00 06 16 CE 25 A5 0C 01 31 05 E6 3D 77 FF B0 8C 6E 05 C8 24 09 18 25 A5 09 01 31 03 CF 00 11 1E C4 25 A5 09 01 31 05 E6 3D 77 00 50 2A F5 B0 (116)
                              [N12:Z] MOTOR_I 0 10 (10)
                              [N9:P] MOTOR_I 0 27 (27)
                              [N9:P] [undefined] 61 119 0 80 (1031209040)
                              [N12:Z] [undefined] 61 119 255 176 (1031274416)
                              [N12:Z] MOTOR_I 0 6 (6)
                              [N12:Z] [undefined] 61 119 255 176 (1031274416)
                              [N9:P] MOTOR_I 0 17 (17)
                              [N9:P] [undefined] 61 119 0 80 (1031209040)
2025-08-15 17:56:46:701 [OUT] 25 A5 01 06 31 05 81 00 0D 03 C1 8F 21 (13)
                              [N6:H] TPOS 0 13 3 193 (852929)
2025-08-15 17:56:46:722 [IN ] C8 24 0C 18 25 A5 0C 01 31 03 CF 00 04 14 CC 25 A5 0C 01 31 05 E6 3D 77 FF B0 8C 6E B0 (29)
                              [N12:Z] MOTOR_I 0 4 (4)
                              [N12:Z] [undefined] 61 119 255 176 (1031274416)
2025-08-15 17:56:46:764 [IN ] C8 24 09 18 25 A5 09 01 31 03 CF 00 0E 1B C1 25 A5 09 01 31 05 E6 3D 77 00 50 2A F5 B0 (29)
                              [N9:P] MOTOR_I 0 14 (14)
                              [N9:P] [undefined] 61 119 0 80 (1031209040)
2025-08-15 17:56:46:806 [IN ] C8 24 0C 18 25 A5 0C 01 31 03 CF 00 12 22 DA 25 A5 0C 01 31 05 E6 3D 77 FF B0 8C 6E B0 (29)
                              [N12:Z] MOTOR_I 0 18 (18)
                              [N12:Z] [undefined] 61 119 255 176 (1031274416)
2025-08-15 17:56:46:849 [IN ] C8 24 09 18 25 A5 09 01 31 03 CF 00 15 22 C8 25 A5 09 01 31 05 E6 3D 77 00 50 2A F5 B0 (29)
                              [N9:P] MOTOR_I 0 21 (21)
                              [N9:P] [undefined] 61 119 0 80 (1031209040)
2025-08-15 17:56:46:891 [IN ] C8 24 06 0E 25 A5 06 01 31 06 81 53 00 19 82 13 C0 FE 01 (19)
                              [N6:H] TPOS 'S' 0 25 130 19 (1671699)
2025-08-15 17:56:47:093 [IN ] C8 24 0C 18 25 A5 0C 01 31 03 CF 00 08 18 D0 25 A5 0C 01 31 05 E6 3D 77 FF B0 8C 6E B0 C8 24 09 18 25 A5 09 01 31 03 CF 00 1C 29 CF 25 A5 09 01 31 05 E6 3D 77 00 50 2A F5 B0 C8 24 0C 18 25 A5 
0C 01 31 03 CF 00 05 15 CD 25 A5 0C 01 31 05 E6 3D 77 FF B0 8C 6E B0 C8 24 09 0E 25 A5 09 01 31 03 CF 00 13 20 C6 25 A5 09 01 C8 24 09 0A 01 31 05 E6 3D 77 00 50 2A F5 C6 (121)
                              [N12:Z] MOTOR_I 0 8 (8)
                              [N12:Z] [undefined] 61 119 255 176 (1031274416)
                              [N9:P] MOTOR_I 0 28 (28)
                              [N9:P] [undefined] 61 119 0 80 (1031209040)
                              [N12:Z] MOTOR_I 0 5 (5)
                              [N12:Z] [undefined] 61 119 255 176 (1031274416)
                              [N9:P] MOTOR_I 0 19 (19)
                              [N9:P] [undefined] 61 119 0 80 (1031209040)
2025-08-15 17:56:47:298 [IN ] C8 24 0C 18 25 A5 0C 01 31 03 CF 00 01 11 C9 25 A5 0C 01 31 05 E6 3D 77 FF B0 8C 6E B0 C8 24 09 15 25 A5 09 01 31 03 CF 00 11 1E C4 25 A5 09 01 31 05 E6 3D 77 00 B0 C8 24 07 0B 25 A5 07 01 31 
03 81 5A 4C 63 BB 25 C8 24 07 0A 25 A5 07 01 31 02 81 49 05 44 BB C8 24 0C 18 25 A5 0C 01 31 03 CF 00 0D 1D D5 25 A5 0C 01 31 05 E6 3D 77 FF B0 8C 6E B0 C8 24 09 1B 50 2A F5 25 A5 09 01 31 03 
CF 00 19 26 CC 25 A5 09 01 31 05 E6 3D 77 00 50 2A F5 05 (147)
                              [N12:Z] MOTOR_I 0 1 (1)
                              [N12:Z] [undefined] 61 119 255 176 (1031274416)
                              [N9:P] MOTOR_I 0 17 (17)
                              [N7:N] TPOS 'Z' 76 (76)
                              [N7:N] TPOS 'I'
                              [N12:Z] MOTOR_I 0 13 (13)
                              [N12:Z] [undefined] 61 119 255 176 (1031274416)
                              [N9:P] [undefined] 61 119 0 80 (1031209040)
                              [N9:P] MOTOR_I 0 25 (25)
                              [N9:P] [undefined] 61 119 0 80 (1031209040)
2025-08-15 17:56:47:500 [IN ] C8 24 0C 18 25 A5 0C 01 31 03 CF 00 0A 1A D2 25 A5 0C 01 31 05 E6 3D 77 FF B0 8C 6E 50 C8 24 09 18 25 A5 09 01 31 03 CF 00 13 20 C6 25 A5 09 01 31 05 E6 3D 77 00 50 2A F5 50 C8 24 0B 0A 25 A5 
0B 01 31 02 DE 00 1D CD C6 C8 24 0C 18 25 A5 0C 01 31 03 CF 00 07 17 CF 25 A5 0C 01 31 05 E6 3D 77 FF B0 8C 6E 50 C8 24 09 18 25 A5 09 01 31 03 CF 00 0B 18 BE 25 A5 09 01 31 05 E6 3D 77 00 50 
2A F5 50 (131)
                              [N12:Z] MOTOR_I 0 10 (10)
                              [N12:Z] [undefined] 61 119 255 176 (1031274416)
                              [N9:P] MOTOR_I 0 19 (19)
                              [N9:P] [undefined] 61 119 0 80 (1031209040)
                              [N11:NG] NGSWSTATE 0 (0)
                              [N12:Z] MOTOR_I 0 7 (7)
                              [N12:Z] [undefined] 61 119 255 176 (1031274416)
                              [N9:P] MOTOR_I 0 11 (11)
                              [N9:P] [undefined] 61 119 0 80 (1031209040)
2025-08-15 17:56:47:522 [OUT] 25 A5 01 07 31 03 C9 3D 09 4B 10 (11)
                              [N7:N] LFLAG '=' 9 (9)
2025-08-15 17:56:47:523 [IN ] C8 24 0C 18 25 A5 0C 01 31 03 CF 00 08 18 D0 25 A5 0C 01 31 05 E6 3D 77 FF B0 8C 6E 50 (29)
                              [N12:Z] MOTOR_I 0 8 (8)
                              [N12:Z] [undefined] 61 119 255 176 (1031274416)
2025-08-15 17:56:47:564 [IN ] C8 24 09 18 25 A5 09 01 31 03 CF 00 14 21 C7 25 A5 09 01 31 05 E6 3D 77 00 50 2A F5 50 (29)
                              [N9:P] MOTOR_I 0 20 (20)
                              [N9:P] [undefined] 61 119 0 80 (1031209040)
2025-08-15 17:56:47:627 [IN ] C8 24 0C 18 25 A5 0C 01 31 03 CF 00 01 11 C9 25 A5 0C 01 31 05 E6 3D 77 FF B0 8C 6E 50 (29)
                              [N12:Z] MOTOR_I 0 1 (1)
                              [N12:Z] [undefined] 61 119 255 176 (1031274416)
2025-08-15 17:56:47:648 [IN ] C8 24 09 18 25 A5 09 01 31 03 CF 00 11 1E C4 25 A5 09 01 31 05 E6 3D 77 00 50 2A F5 50 (29)
                              [N9:P] MOTOR_I 0 17 (17)
                              [N9:P] [undefined] 61 119 0 80 (1031209040)
2025-08-15 17:56:47:691 [IN ] C8 24 07 0B 25 A5 07 01 31 03 C9 3A 09 48 10 25 (16)
                              [N7:N] LFLAG ':' 9 (9)
2025-08-15 17:56:47:713 [OUT] 25 A5 01 07 31 05 81 FF AB 19 75 F7 DF (13)
                              [N7:N] TPOS 255 171 25 117 (-5564043)
2025-08-15 17:56:47:734 [IN ] C8 24 0C 18 25 A5 0C 01 31 03 CF 00 06 16 CE 25 A5 0C 01 31 05 E6 3D 77 FF B0 8C 6E 50 (29)
                              [N12:Z] MOTOR_I 0 6 (6)
                              [N12:Z] [undefined] 61 119 255 176 (1031274416)
2025-08-15 17:56:47:755 [IN ] C8 24 09 18 25 A5 09 (7)
2025-08-15 17:56:47:776 [IN ] 01 31 03 CF 00 1E 2B D1 25 A5 09 01 31 05 E6 3D 77 00 50 2A F5 50 (22)
                              [N9:P] MOTOR_I 0 30 (30)
                              [N9:P] [undefined] 61 119 0 80 (1031209040)
2025-08-15 17:56:47:839 [IN ] C8 24 0C 18 25 A5 0C 01 31 03 CF 00 10 20 D8 25 A5 0C 01 31 05 E6 3D 77 FF B0 8C 6E 50 (29)
                              [N12:Z] MOTOR_I 0 16 (16)
                              [N12:Z] [undefined] 61 119 255 176 (1031274416)
2025-08-15 17:56:47:861 [IN ] C8 24 09 18 25 A5 09 01 31 03 CF 00 0C 19 BF 25 A5 09 01 31 05 E6 3D 77 00 50 2A F5 50 (29)
                              [N9:P] MOTOR_I 0 12 (12)
                              [N9:P] [undefined] 61 119 0 80 (1031209040)
2025-08-15 17:56:47:904 [IN ] C8 24 07 0E 25 A5 07 01 31 06 81 53 FF FF FF F9 09 96 01 (19)
                              [N7:N] TPOS 'S' 255 255 255 249 (-7)
