2025-08-15 18:00:41:108 [IN ] C8 24 09 18 25 A5 09 01 31 03 CF 00 00 0D B3 25 A5 09 01 31 05 E6 3D 77 00 00 DA A5 00 (29)
                              [N9:P] MOTOR_I 0 0 (0)
                              [N9:P] [undefined] 61 119 0 0 (1031208960)
2025-08-15 18:00:41:129 [OUT] 25 A5 01 0A 31 05 D6 3D FF 00 00 53 ED (13)
                              [N10:HMI] HMILED '=' 255 0 0 (16711680)
2025-08-15 18:00:41:151 [OUT] 25 A5 01 03 31 02 D8 3F 4E CE (10)
                              [N3:X] INTERRUPT '?'
2025-08-15 18:00:41:453 [IN ] C8 24 0C 18 25 A5 0C 01 31 03 CF 00 00 10 C8 25 A5 0C 01 31 05 E6 3D 77 00 00 DD C0 00 C8 24 09 18 25 A5 09 01 31 03 CF 00 00 0D B3 25 A5 09 01 31 05 E6 3D 77 00 00 DA A5 00 C8 24 0C 18 25 A5 
0C 01 31 03 CF 00 00 10 C8 25 A5 0C 01 31 05 E6 3D 77 00 00 DD C0 00 C8 24 09 18 25 A5 09 01 31 03 CF 00 00 0D B3 25 A5 09 01 31 05 E6 3D 77 00 00 DA A5 00 C8 24 0A 0D 25 A5 0A 01 31 05 D6 3A 
FF 00 00 50 EA 09 C8 24 0C 0E 25 A5 0C 01 31 03 CF 00 00 10 C8 25 A5 0C 01 C8 24 0C 0A 01 31 05 E6 3D 77 00 00 DD C0 C8 C8 24 03 0C 25 A5 03 01 31 04 D8 3A 01 01 4D 6A A5 C8 24 09 18 25 A5 09 
01 31 03 CF 00 00 0D B3 25 A5 09 01 31 05 E6 3D 77 00 00 DA A5 00 C8 24 0C 15 25 A5 0C 01 31 (223)
                              [N12:Z] MOTOR_I 0 0 (0)
                              [N12:Z] [undefined] 61 119 0 0 (1031208960)
                              [N9:P] MOTOR_I 0 0 (0)
                              [N9:P] [undefined] 61 119 0 0 (1031208960)
                              [N12:Z] MOTOR_I 0 0 (0)
                              [N12:Z] [undefined] 61 119 0 0 (1031208960)
                              [N9:P] MOTOR_I 0 0 (0)
                              [N9:P] [undefined] 61 119 0 0 (1031208960)
                              [N10:HMI] HMILED ':' 255 0 0 (16711680)
                              [N12:Z] MOTOR_I 0 0 (0)
                              [N12:Z] [undefined] 61 119 0 0 (1031208960)
                              [N3:X] INTERRUPT ':' 1 1 (257)
                              [N9:P] MOTOR_I 0 0 (0)
                              [N9:P] [undefined] 61 119 0 0 (1031208960)
2025-08-15 18:00:41:476 [OUT] 25 A5 01 09 31 03 C9 3D 09 4D 1C (11)
                              [N9:P] LFLAG '=' 9 (9)
2025-08-15 18:00:41:497 [OUT] 25 A5 01 04 31 02 D8 3F 4F D3 (10)
                              [N4:Y] INTERRUPT '?'
2025-08-15 18:00:41:498 [IN ] 03 CF 00 00 10 C8 25 A5 0C 01 31 05 E6 3D 77 00 00 C8 24 09 18 25 A5 09 01 31 (26)
                              [N12:Z] MOTOR_I 0 0 (0)
2025-08-15 18:00:41:802 [IN ] 03 CF 00 00 0D B3 25 A5 09 01 31 05 E6 3D 77 00 00 DA A5 00 C8 24 0C 1B 00 DD C0 25 A5 0C 01 31 03 CF 00 00 10 C8 25 A5 0C 01 31 05 E6 3D 77 00 00 DD C0 3D C8 24 09 18 25 A5 09 01 31 03 CF 00 
00 0D B3 25 A5 09 01 31 05 E6 3D 77 00 00 DA A5 00 C8 24 09 0B 25 A5 09 01 31 03 C9 3A 09 4A 1E 25 C8 24 0C 18 25 A5 0C 01 31 03 CF 00 00 10 C8 25 A5 0C 01 31 05 E6 3D 77 00 00 DD C0 00 C8 24 
09 18 25 A5 09 01 31 03 CF 00 00 0D B3 25 A5 09 01 31 05 E6 3D 77 00 00 DA A5 00 C8 24 04 0C 25 A5 04 01 31 04 D8 3A 01 01 4E 72 A5 C8 24 0C 18 25 A5 0C 01 31 03 CF 00 00 10 C8 25 A5 0C 01 31 
05 E6 3D 77 00 00 DD C0 00 (201)
                              [N9:P] MOTOR_I 0 0 (0)
                              [N9:P] [undefined] 61 119 0 0 (1031208960)
                              [N12:Z] [undefined] 61 119 0 0 (1031208960)
                              [N12:Z] MOTOR_I 0 0 (0)
                              [N12:Z] [undefined] 61 119 0 0 (1031208960)
                              [N9:P] MOTOR_I 0 0 (0)
                              [N9:P] [undefined] 61 119 0 0 (1031208960)
                              [N9:P] LFLAG ':' 9 (9)
                              [N12:Z] MOTOR_I 0 0 (0)
                              [N12:Z] [undefined] 61 119 0 0 (1031208960)
                              [N9:P] MOTOR_I 0 0 (0)
                              [N9:P] [undefined] 61 119 0 0 (1031208960)
                              [N4:Y] INTERRUPT ':' 1 1 (257)
                              [N12:Z] MOTOR_I 0 0 (0)
                              [N12:Z] [undefined] 61 119 0 0 (1031208960)
2025-08-15 18:00:41:824 [OUT] 25 A5 01 09 31 03 CA 3D 09 4E 1F (11)
                              [N9:P] RFLAG '=' 9 (9)
2025-08-15 18:00:41:846 [OUT] 25 A5 01 0C 31 02 D8 3F 57 FB (10)
                              [N12:Z] INTERRUPT '?'
2025-08-15 18:00:41:846 [IN ] C8 24 09 18 25 A5 09 01 31 03 CF 00 00 0D B3 25 A5 09 01 31 05 E6 3D 77 00 00 DA A5 00 (29)
                              [N9:P] MOTOR_I 0 0 (0)
                              [N9:P] [undefined] 61 119 0 0 (1031208960)
2025-08-15 18:00:42:148 [IN ] C8 24 0C 18 25 A5 0C 01 31 03 CF 00 00 10 C8 25 A5 0C 01 31 05 E6 3D 77 00 00 DD C0 00 C8 24 09 18 25 A5 09 01 31 03 CF 00 00 0D B3 25 A5 09 01 31 05 E6 3D 77 00 00 DA A5 00 C8 24 0C 18 25 A5 
0C 01 31 03 CF 00 00 10 C8 25 A5 0C 01 31 05 E6 3D 77 00 00 DD C0 00 C8 24 09 0B 25 A5 09 01 31 03 CA 3A 09 4B 21 25 C8 24 09 18 25 A5 09 01 31 03 CF 00 00 0D B3 25 A5 09 01 31 05 E6 3D 77 00 
00 DA A5 00 C8 24 0C 18 25 A5 0C 01 31 03 CF 00 00 10 C8 25 A5 0C 01 31 05 E6 3D 77 00 00 DD C0 00 C8 24 0C 0C 25 A5 0C 01 31 04 D8 3A 01 01 56 B2 A5 C8 24 09 0E 25 A5 09 01 31 03 CF 00 00 0D 
B3 25 A5 09 01 C8 24 09 0A 01 31 05 E6 3D 77 00 00 DA A5 B3 (212)
                              [N12:Z] MOTOR_I 0 0 (0)
                              [N12:Z] [undefined] 61 119 0 0 (1031208960)
                              [N9:P] MOTOR_I 0 0 (0)
                              [N9:P] [undefined] 61 119 0 0 (1031208960)
                              [N12:Z] MOTOR_I 0 0 (0)
                              [N12:Z] [undefined] 61 119 0 0 (1031208960)
                              [N9:P] RFLAG ':' 9 (9)
                              [N9:P] MOTOR_I 0 0 (0)
                              [N9:P] [undefined] 61 119 0 0 (1031208960)
                              [N12:Z] MOTOR_I 0 0 (0)
                              [N12:Z] [undefined] 61 119 0 0 (1031208960)
                              [N12:Z] INTERRUPT ':' 1 1 (257)
                              [N9:P] MOTOR_I 0 0 (0)
                              [N9:P] [undefined] 61 119 0 0 (1031208960)
2025-08-15 18:00:42:170 [OUT] 25 A5 01 08 31 03 C9 3D 09 4C 16 (11)
                              [N8:R] LFLAG '=' 9 (9)
2025-08-15 18:00:42:170 [IN ] C8 24 0C 18 25 A5 0C 01 31 03 CF 00 00 10 C8 25 A5 0C 01 31 05 E6 3D 77 00 00 DD C0 00 (29)
                              [N12:Z] MOTOR_I 0 0 (0)
                              [N12:Z] [undefined] 61 119 0 0 (1031208960)
2025-08-15 18:00:42:192 [OUT] 25 A5 01 03 31 03 C9 3D 0B 49 FA (11)
                              [N3:X] LFLAG '=' 11 (11)
2025-08-15 18:00:42:213 [OUT] 25 A5 01 04 31 03 C9 3D 0B 4A 00 (11)
                              [N4:Y] LFLAG '=' 11 (11)
2025-08-15 18:00:42:214 [IN ] C8 24 09 15 25 A5 09 01 31 03 CF 00 00 0D B3 25 A5 09 01 31 05 E6 3D 77 00 00 (26)
                              [N9:P] MOTOR_I 0 0 (0)
2025-08-15 18:00:42:235 [OUT] 25 A5 01 0C 31 03 C9 3D 0B 52 30 (11)
                              [N12:Z] LFLAG '=' 11 (11)
2025-08-15 18:00:42:277 [IN ] C8 24 0C 18 25 A5 0C 01 31 03 CF 00 00 10 C8 25 (16)
2025-08-15 18:00:42:298 [IN ] A5 0C 01 31 05 E6 3D 77 00 00 DD C0 00 C8 24 09 1B 00 DA A5 25 A5 09 01 31 03 CF 00 00 0D B3 25 A5 09 01 31 05 E6 3D 77 00 (41)
                              [N12:Z] MOTOR_I 0 0 (0)
                              [N12:Z] [undefined] 61 119 0 0 (1031208960)
2025-08-15 18:00:42:319 [IN ] 00 DA A5 3D (4)
                              [N9:P] [undefined] 61 119 0 0 (1031208960)
                              [N9:P] MOTOR_I 0 0 (0)
                              [N9:P] [undefined] 61 119 0 0 (1031208960)
2025-08-15 18:00:42:341 [IN ] C8 24 08 0B 25 A5 08 01 31 03 C9 3A 09 49 17 00 (16)
                              [N8:R] LFLAG ':' 9 (9)
2025-08-15 18:00:42:362 [OUT] 25 A5 01 08 31 03 CA 3D 09 4D 19 (11)
                              [N8:R] RFLAG '=' 9 (9)
2025-08-15 18:00:42:383 [IN ] C8 24 0C 18 25 A5 0C 01 31 03 CF 00 00 10 C8 25 A5 0C 01 31 05 E6 3D 77 00 00 DD C0 00 (29)
                              [N12:Z] MOTOR_I 0 0 (0)
                              [N12:Z] [undefined] 61 119 0 0 (1031208960)
2025-08-15 18:00:42:426 [IN ] C8 24 09 18 25 A5 09 01 31 03 CF 00 00 0D B3 25 A5 09 01 31 05 E6 3D 77 00 00 DA A5 00 C8 24 03 0B 25 A5 (35)
                              [N9:P] MOTOR_I 0 0 (0)
                              [N9:P] [undefined] 61 119 0 0 (1031208960)
2025-08-15 18:00:42:447 [IN ] 03 01 31 03 C9 3A 0B 46 F6 25 (10)
                              [N3:X] LFLAG ':' 11 (11)
2025-08-15 18:00:42:468 [OUT] 25 A5 01 03 31 03 88 00 50 10 02 (11)
                              [N3:X] RUN 0 80 (80)
2025-08-15 18:00:42:490 [IN ] C8 24 0C 18 25 A5 0C 01 31 03 CF 00 00 10 C8 25 A5 0C 01 31 05 E6 3D 77 00 00 DD C0 00 (29)
                              [N12:Z] MOTOR_I 0 0 (0)
                              [N12:Z] [undefined] 61 119 0 0 (1031208960)
2025-08-15 18:00:42:511 [IN ] C8 24 09 18 25 A5 09 01 31 03 CF 00 00 0D B3 25 A5 09 01 31 05 E6 3D 77 00 00 DA A5 00 (29)
                              [N9:P] MOTOR_I 0 0 (0)
                              [N9:P] [undefined] 61 119 0 0 (1031208960)
2025-08-15 18:00:42:553 [IN ] C8 24 04 0B 25 A5 04 01 31 03 C9 3A 0B 47 FD 25 (16)
                              [N4:Y] LFLAG ':' 11 (11)
2025-08-15 18:00:42:574 [OUT] 25 A5 01 04 31 03 88 00 50 11 08 (11)
                              [N4:Y] RUN 0 80 (80)
2025-08-15 18:00:42:596 [IN ] C8 24 0C 18 25 A5 0C 01 31 03 CF 00 00 10 C8 25 A5 0C 01 31 05 E6 3D 77 00 00 DD C0 00 (29)
                              [N12:Z] MOTOR_I 0 0 (0)
                              [N12:Z] [undefined] 61 119 0 0 (1031208960)
2025-08-15 18:00:42:617 [IN ] C8 24 09 18 25 A5 09 01 31 03 CF 00 00 0D B3 25 A5 09 01 31 05 E6 3D 77 00 00 DA A5 00 (29)
                              [N9:P] MOTOR_I 0 0 (0)
                              [N9:P] [undefined] 61 119 0 0 (1031208960)
2025-08-15 18:00:42:681 [IN ] C8 24 0C 0B 25 A5 0C 01 31 03 C9 3A 0B 4F 35 25 C8 24 0C 18 25 A5 0C 01 31 03 CF 00 00 10 C8 25 A5 0C 01 31 05 E6 3D 77 00 00 DD C0 00 (45)
                              [N12:Z] LFLAG ':' 11 (11)
                              [N12:Z] MOTOR_I 0 0 (0)
                              [N12:Z] [undefined] 61 119 0 0 (1031208960)
2025-08-15 18:00:42:702 [OUT] 25 A5 01 0C 31 03 88 00 50 19 38 (11)
                              [N12:Z] RUN 0 80 (80)
2025-08-15 18:00:42:723 [IN ] C8 24 09 18 25 A5 09 01 31 03 CF 00 00 0D B3 25 A5 09 01 31 05 E6 3D 77 00 00 DA A5 00 (29)
                              [N9:P] MOTOR_I 0 0 (0)
                              [N9:P] [undefined] 61 119 0 0 (1031208960)
2025-08-15 18:00:42:785 [IN ] C8 24 08 0B 25 A5 08 01 31 03 CA 3A 09 4A 1A 25 C8 24 0C 18 25 A5 0C 01 31 03 CF 00 00 10 C8 25 A5 0C 01 31 05 E6 3D 77 00 00 DD C0 00 (45)
                              [N8:R] RFLAG ':' 9 (9)
                              [N12:Z] MOTOR_I 0 0 (0)
                              [N12:Z] [undefined] 61 119 0 0 (1031208960)
2025-08-15 18:00:42:827 [IN ] C8 24 09 18 25 A5 09 01 31 03 CF 00 00 0D B3 25 A5 09 01 31 05 E6 3D 77 00 00 DA A5 00 (29)
                              [N9:P] MOTOR_I 0 0 (0)
                              [N9:P] [undefined] 61 119 0 0 (1031208960)
2025-08-15 18:00:42:890 [IN ] C8 24 03 0C 25 A5 03 01 31 04 88 53 00 50 64 C2 A5 C8 24 0C 18 25 A5 0C 01 31 03 CF 00 00 10 C8 25 A5 0C 01 31 05 E6 3D 77 00 00 DD C0 00 (46)
                              [N3:X] RUN 'S' 0 80 (80)
                              [N12:Z] MOTOR_I 0 0 (0)
                              [N12:Z] [undefined] 61 119 0 0 (1031208960)
2025-08-15 18:00:42:932 [IN ] C8 24 09 18 25 A5 09 01 31 03 CF 00 00 0D B3 25 A5 09 01 31 05 E6 3D 77 00 00 DA A5 00 (29)
                              [N9:P] MOTOR_I 0 0 (0)
                              [N9:P] [undefined] 61 119 0 0 (1031208960)
2025-08-15 18:00:42:995 [IN ] C8 24 0C 18 25 A5 0C 01 31 03 CF 00 00 10 C8 25 A5 0C 01 31 05 E6 3D 77 00 00 DD C0 00 (29)
                              [N12:Z] MOTOR_I 0 0 (0)
                              [N12:Z] [undefined] 61 119 0 0 (1031208960)
2025-08-15 18:00:43:016 [IN ] C8 24 04 0C 25 A5 04 01 31 04 88 53 00 50 65 CA A5 C8 24 09 18 25 A5 09 01 31 03 CF 00 00 0D B3 25 A5 09 01 31 05 E6 3D 77 00 00 DA A5 00 (46)
                              [N4:Y] RUN 'S' 0 80 (80)
                              [N9:P] MOTOR_I 0 0 (0)
                              [N9:P] [undefined] 61 119 0 0 (1031208960)
2025-08-15 18:00:43:099 [IN ] C8 24 0C 18 25 A5 0C 01 31 03 CF 00 00 10 C8 25 A5 0C 01 31 05 E6 3D 77 00 00 DD C0 00 C8 24 0C 0C 25 A5 0C 01 31 04 88 (40)
                              [N12:Z] MOTOR_I 0 0 (0)
                              [N12:Z] [undefined] 61 119 0 0 (1031208960)
2025-08-15 18:00:43:120 [IN ] 53 00 50 6D 0A A5 C8 24 09 18 25 A5 09 01 31 03 CF 00 00 0D B3 25 A5 09 01 31 05 E6 3D 77 00 00 DA A5 00 (35)
                              [N12:Z] RUN 'S' 0 80 (80)
                              [N9:P] MOTOR_I 0 0 (0)
                              [N9:P] [undefined] 61 119 0 0 (1031208960)
2025-08-15 18:00:43:321 [IN ] C8 24 0C 0E 25 A5 0C 01 31 03 CF 00 01 11 C9 25 A5 0C 01 C8 24 0C 0A 01 31 05 E6 3D 77 00 50 2D 10 C9 C8 24 09 18 25 A5 09 01 31 03 CF 00 00 0D B3 25 A5 09 01 31 05 E6 3D 77 00 00 DA A5 00 C8 
24 0C 18 25 A5 0C 01 31 03 CF 00 08 18 D0 25 A5 0C 01 31 05 E6 3D 77 00 50 2D 10 00 C8 24 09 18 25 A5 09 01 31 03 CF 00 00 0D B3 25 A5 09 01 31 05 E6 3D 77 00 00 DA A5 00 (121)
                              [N12:Z] MOTOR_I 0 1 (1)
                              [N12:Z] [undefined] 61 119 0 80 (1031209040)
                              [N9:P] MOTOR_I 0 0 (0)
                              [N9:P] [undefined] 61 119 0 0 (1031208960)
                              [N12:Z] MOTOR_I 0 8 (8)
                              [N12:Z] [undefined] 61 119 0 80 (1031209040)
                              [N9:P] MOTOR_I 0 0 (0)
                              [N9:P] [undefined] 61 119 0 0 (1031208960)
2025-08-15 18:00:43:522 [IN ] C8 24 0C 18 25 A5 0C 01 31 03 CF 00 07 17 CF 25 A5 0C 01 31 05 E6 3D 77 00 50 2D 10 00 C8 24 09 18 25 A5 09 01 31 03 CF 00 00 0D B3 25 A5 09 01 31 05 E6 3D 77 00 00 DA A5 00 C8 24 0C 18 25 A5 
0C 01 31 03 CF 00 0C 1C D4 25 A5 0C 01 31 05 E6 3D 77 00 50 2D 10 00 (87)
                              [N12:Z] MOTOR_I 0 7 (7)
                              [N12:Z] [undefined] 61 119 0 80 (1031209040)
                              [N9:P] MOTOR_I 0 0 (0)
                              [N9:P] [undefined] 61 119 0 0 (1031208960)
                              [N12:Z] MOTOR_I 0 12 (12)
                              [N12:Z] [undefined] 61 119 0 80 (1031209040)
2025-08-15 18:00:43:727 [IN ] C8 24 09 18 25 A5 09 01 31 03 CF 00 00 0D B3 25 A5 09 01 31 05 E6 3D 77 00 00 DA A5 00 C8 24 0C 18 25 A5 0C 01 31 03 CF 00 00 10 C8 25 A5 0C 01 31 05 E6 3D 77 00 50 2D 10 00 C8 24 09 18 25 A5 
09 01 31 03 CF 00 00 0D B3 25 A5 09 01 31 05 E6 3D 77 00 00 DA A5 00 C8 24 0C 18 25 A5 0C 01 31 03 CF 00 02 12 CA 25 A5 0C 01 31 05 E6 3D 77 00 50 2D 10 00 (116)
                              [N9:P] MOTOR_I 0 0 (0)
                              [N9:P] [undefined] 61 119 0 0 (1031208960)
                              [N12:Z] MOTOR_I 0 0 (0)
                              [N12:Z] [undefined] 61 119 0 80 (1031209040)
                              [N9:P] MOTOR_I 0 0 (0)
                              [N9:P] [undefined] 61 119 0 0 (1031208960)
                              [N12:Z] MOTOR_I 0 2 (2)
                              [N12:Z] [undefined] 61 119 0 80 (1031209040)
2025-08-15 18:00:43:930 [IN ] C8 24 09 18 25 A5 09 01 31 03 CF 00 00 0D B3 25 A5 09 01 31 05 E6 3D 77 00 00 DA A5 00 C8 24 0C 18 25 A5 0C 01 31 03 CF 00 0B 1B D3 25 A5 0C 01 31 05 E6 3D 77 00 50 2D 10 00 C8 24 09 0E 25 A5 
09 01 31 03 CF 00 00 0D B3 25 A5 09 01 C8 24 09 0A 01 31 05 E6 3D 77 00 00 DA A5 B3 C8 24 0C 18 25 A5 0C 01 31 03 CF 00 0F 1F D7 25 A5 0C 01 31 05 E6 3D 77 00 50 2D 10 00 C8 24 09 15 25 A5 09 
01 31 03 CF 00 00 0D B3 25 A5 09 01 31 05 E6 3D 77 00 50 (147)
                              [N9:P] MOTOR_I 0 0 (0)
                              [N9:P] [undefined] 61 119 0 0 (1031208960)
                              [N12:Z] MOTOR_I 0 11 (11)
                              [N12:Z] [undefined] 61 119 0 80 (1031209040)
                              [N9:P] MOTOR_I 0 0 (0)
                              [N9:P] [undefined] 61 119 0 0 (1031208960)
                              [N12:Z] MOTOR_I 0 15 (15)
                              [N12:Z] [undefined] 61 119 0 80 (1031209040)
                              [N9:P] MOTOR_I 0 0 (0)
2025-08-15 18:00:44:135 [IN ] C8 24 0C 18 25 A5 0C 01 31 03 CF 00 0C 1C D4 25 A5 0C 01 31 05 E6 3D 77 00 50 2D 10 00 C8 24 09 1B 00 DA A5 25 A5 09 01 31 03 CF 00 00 0D B3 25 A5 09 01 31 05 E6 3D 77 00 00 DA A5 3D C8 24 0C 
18 25 A5 0C 01 31 03 CF 00 02 12 CA 25 A5 0C 01 31 05 E6 3D 77 00 50 2D 10 00 C8 24 09 18 25 A5 09 01 31 03 CF 00 00 0D B3 25 A5 09 01 31 05 E6 3D 77 00 00 DA A5 00 (119)
                              [N12:Z] MOTOR_I 0 12 (12)
                              [N12:Z] [undefined] 61 119 0 80 (1031209040)
                              [N9:P] [undefined] 61 119 0 0 (1031208960)
                              [N9:P] MOTOR_I 0 0 (0)
                              [N9:P] [undefined] 61 119 0 0 (1031208960)
                              [N12:Z] MOTOR_I 0 2 (2)
                              [N12:Z] [undefined] 61 119 0 80 (1031209040)
                              [N9:P] MOTOR_I 0 0 (0)
                              [N9:P] [undefined] 61 119 0 0 (1031208960)
2025-08-15 18:00:44:336 [IN ] C8 24 0C 18 25 A5 0C 01 31 03 CF 00 05 15 CD 25 A5 0C 01 31 05 E6 3D 77 00 50 2D 10 00 C8 24 09 18 25 A5 09 01 31 03 CF 00 00 0D B3 25 A5 09 01 31 05 E6 3D 77 00 00 DA A5 00 C8 24 0C 18 25 A5 
0C 01 31 03 CF 00 00 10 C8 25 A5 0C 01 31 05 E6 3D 77 00 50 2D 10 00 C8 24 09 18 25 A5 09 01 31 03 CF 00 00 0D B3 25 A5 09 01 31 05 E6 3D 77 00 00 DA A5 00 (116)
                              [N12:Z] MOTOR_I 0 5 (5)
                              [N12:Z] [undefined] 61 119 0 80 (1031209040)
                              [N9:P] MOTOR_I 0 0 (0)
                              [N9:P] [undefined] 61 119 0 0 (1031208960)
                              [N12:Z] MOTOR_I 0 0 (0)
                              [N12:Z] [undefined] 61 119 0 80 (1031209040)
                              [N9:P] MOTOR_I 0 0 (0)
                              [N9:P] [undefined] 61 119 0 0 (1031208960)
2025-08-15 18:00:44:538 [IN ] C8 24 0C 18 25 A5 0C 01 31 03 CF 00 0C 1C D4 25 A5 0C 01 31 05 E6 3D 77 00 50 2D 10 00 C8 24 09 18 25 A5 09 01 31 03 CF 00 00 0D B3 25 A5 09 01 31 05 E6 3D 77 00 00 DA A5 00 C8 24 0C 18 25 A5 
0C 01 31 03 CF 00 0B 1B D3 25 A5 0C 01 31 05 E6 3D 77 00 50 2D 10 00 C8 24 09 18 25 A5 09 01 31 03 CF 00 00 0D B3 25 A5 09 01 31 05 E6 3D 77 00 00 DA A5 00 (116)
                              [N12:Z] MOTOR_I 0 12 (12)
                              [N12:Z] [undefined] 61 119 0 80 (1031209040)
                              [N9:P] MOTOR_I 0 0 (0)
                              [N9:P] [undefined] 61 119 0 0 (1031208960)
                              [N12:Z] MOTOR_I 0 11 (11)
                              [N12:Z] [undefined] 61 119 0 80 (1031209040)
                              [N9:P] MOTOR_I 0 0 (0)
                              [N9:P] [undefined] 61 119 0 0 (1031208960)
2025-08-15 18:00:44:739 [IN ] C8 24 0C 18 25 A5 0C 01 31 03 CF 00 05 15 CD 25 A5 0C 01 31 05 E6 3D 77 00 50 2D 10 00 C8 24 09 18 25 A5 09 01 31 03 CF 00 00 0D B3 25 A5 09 01 31 05 E6 3D 77 00 00 DA A5 00 C8 24 0C 18 25 A5 
0C 01 31 03 CF 00 03 13 CB 25 A5 0C 01 31 05 E6 3D 77 00 50 2D 10 00 C8 24 09 18 25 A5 09 01 31 03 CF 00 00 0D B3 25 A5 09 01 31 05 E6 3D 77 00 00 DA A5 00 (116)
                              [N12:Z] MOTOR_I 0 5 (5)
                              [N12:Z] [undefined] 61 119 0 80 (1031209040)
                              [N9:P] MOTOR_I 0 0 (0)
                              [N9:P] [undefined] 61 119 0 0 (1031208960)
                              [N12:Z] MOTOR_I 0 3 (3)
                              [N12:Z] [undefined] 61 119 0 80 (1031209040)
                              [N9:P] MOTOR_I 0 0 (0)
                              [N9:P] [undefined] 61 119 0 0 (1031208960)
2025-08-15 18:00:44:941 [IN ] C8 24 0C 18 25 A5 0C 01 31 03 CF 00 0F 1F D7 25 A5 0C 01 31 05 E6 3D 77 00 50 2D 10 00 C8 24 09 18 25 A5 09 01 31 03 CF 00 00 0D B3 25 A5 09 01 31 05 E6 3D 77 00 00 DA A5 00 C8 24 0C 0E 25 A5 
0C 01 31 03 CF 00 07 17 CF 25 A5 0C 01 C8 24 0C 0A 01 31 05 E6 3D 77 00 50 2D 10 CF C8 24 09 18 25 A5 09 01 31 03 CF 00 00 0D B3 25 A5 09 01 31 05 E6 3D 77 00 00 DA A5 00 (121)
                              [N12:Z] MOTOR_I 0 15 (15)
                              [N12:Z] [undefined] 61 119 0 80 (1031209040)
                              [N9:P] MOTOR_I 0 0 (0)
                              [N9:P] [undefined] 61 119 0 0 (1031208960)
                              [N12:Z] MOTOR_I 0 7 (7)
                              [N12:Z] [undefined] 61 119 0 80 (1031209040)
                              [N9:P] MOTOR_I 0 0 (0)
                              [N9:P] [undefined] 61 119 0 0 (1031208960)
2025-08-15 18:00:45:143 [IN ] C8 24 0C 15 25 A5 0C 01 31 03 CF 00 05 15 CD 25 A5 0C 01 31 05 E6 3D 77 00 00 C8 24 09 18 25 A5 09 01 31 03 CF 00 00 0D B3 25 A5 09 01 31 05 E6 3D 77 00 00 DA A5 00 C8 24 0C 1B 50 2D 10 25 A5 
0C 01 31 03 CF 00 08 18 D0 25 A5 0C 01 31 05 E6 3D 77 00 50 2D 10 3D C8 24 09 18 25 A5 09 01 31 03 CF 00 00 0D B3 25 A5 09 01 31 05 E6 3D 77 00 00 DA A5 50 (116)
                              [N12:Z] MOTOR_I 0 5 (5)
                              [N9:P] MOTOR_I 0 0 (0)
                              [N9:P] [undefined] 61 119 0 0 (1031208960)
                              [N12:Z] [undefined] 61 119 0 80 (1031209040)
                              [N12:Z] MOTOR_I 0 8 (8)
                              [N12:Z] [undefined] 61 119 0 80 (1031209040)
                              [N9:P] MOTOR_I 0 0 (0)
                              [N9:P] [undefined] 61 119 0 0 (1031208960)
2025-08-15 18:00:45:345 [IN ] C8 24 0C 18 25 A5 0C 01 31 03 CF 00 06 16 CE 25 A5 0C 01 31 05 E6 3D 77 00 50 2D 10 50 C8 24 09 18 25 A5 09 01 31 03 CF 00 00 0D B3 25 A5 09 01 31 05 E6 3D 77 00 00 DA A5 50 C8 24 0C 18 25 A5 
0C 01 31 03 CF 00 03 13 CB 25 A5 0C 01 31 05 E6 3D 77 00 50 2D 10 50 C8 24 09 18 25 A5 09 01 31 03 CF 00 00 0D B3 25 A5 09 01 31 05 (108)
                              [N12:Z] MOTOR_I 0 6 (6)
                              [N12:Z] [undefined] 61 119 0 80 (1031209040)
                              [N9:P] MOTOR_I 0 0 (0)
                              [N9:P] [undefined] 61 119 0 0 (1031208960)
                              [N12:Z] MOTOR_I 0 3 (3)
                              [N12:Z] [undefined] 61 119 0 80 (1031209040)
2025-08-15 18:00:45:546 [IN ] E6 3D 77 00 00 DA A5 50 C8 24 0C 18 25 A5 0C 01 31 03 CF 00 06 16 CE 25 A5 0C 01 31 05 E6 3D 77 00 50 2D 10 50 C8 24 09 18 25 A5 09 01 31 03 CF 00 00 0D B3 25 A5 09 01 31 05 E6 3D 77 00 00 DA 
A5 50 C8 24 0C 18 25 A5 0C 01 31 03 CF 00 01 11 C9 25 A5 0C 01 31 05 E6 3D 77 00 50 2D 10 50 C8 24 09 18 25 A5 09 01 31 03 CF 00 00 0D B3 25 A5 09 01 31 05 E6 3D 77 00 00 DA A5 50 (124)
                              [N9:P] MOTOR_I 0 0 (0)
                              [N9:P] [undefined] 61 119 0 0 (1031208960)
                              [N12:Z] MOTOR_I 0 6 (6)
                              [N12:Z] [undefined] 61 119 0 80 (1031209040)
                              [N9:P] MOTOR_I 0 0 (0)
                              [N9:P] [undefined] 61 119 0 0 (1031208960)
                              [N12:Z] MOTOR_I 0 1 (1)
                              [N12:Z] [undefined] 61 119 0 80 (1031209040)
                              [N9:P] MOTOR_I 0 0 (0)
                              [N9:P] [undefined] 61 119 0 0 (1031208960)
2025-08-15 18:00:45:747 [IN ] C8 24 0C 18 25 A5 0C 01 31 03 CF 00 02 12 CA 25 A5 0C 01 31 05 E6 3D 77 00 50 2D 10 50 C8 24 09 0E 25 A5 09 01 31 03 CF 00 00 0D B3 25 A5 09 01 C8 24 09 0A 01 31 05 E6 3D 77 00 00 DA A5 B3 C8 
24 0C 18 25 A5 0C 01 31 03 CF 00 08 18 D0 25 A5 0C 01 31 05 E6 3D 77 00 50 2D 10 50 C8 24 09 15 25 A5 09 01 31 03 CF 00 00 0D B3 25 A5 09 01 31 05 E6 3D 77 00 50 (118)
                              [N12:Z] MOTOR_I 0 2 (2)
                              [N12:Z] [undefined] 61 119 0 80 (1031209040)
                              [N9:P] MOTOR_I 0 0 (0)
                              [N9:P] [undefined] 61 119 0 0 (1031208960)
                              [N12:Z] MOTOR_I 0 8 (8)
                              [N12:Z] [undefined] 61 119 0 80 (1031209040)
                              [N9:P] MOTOR_I 0 0 (0)
2025-08-15 18:00:45:950 [IN ] C8 24 0C 18 25 A5 0C 01 31 03 CF 00 0A 1A D2 25 A5 0C 01 31 05 E6 3D 77 00 50 2D 10 50 C8 24 09 1B 00 DA A5 25 A5 09 01 31 03 CF 00 00 0D B3 25 A5 09 01 31 05 E6 3D 77 00 00 DA A5 3D C8 24 0C 
18 25 A5 0C 01 31 03 CF 00 0C 1C D4 25 A5 0C 01 31 05 E6 3D 77 00 50 2D 10 00 C8 24 09 18 25 A5 09 01 31 03 CF 00 00 0D B3 25 A5 09 01 31 05 E6 3D 77 00 00 DA A5 00 (119)
                              [N12:Z] MOTOR_I 0 10 (10)
                              [N12:Z] [undefined] 61 119 0 80 (1031209040)
                              [N9:P] [undefined] 61 119 0 0 (1031208960)
                              [N9:P] MOTOR_I 0 0 (0)
                              [N9:P] [undefined] 61 119 0 0 (1031208960)
                              [N12:Z] MOTOR_I 0 12 (12)
                              [N12:Z] [undefined] 61 119 0 80 (1031209040)
                              [N9:P] MOTOR_I 0 0 (0)
                              [N9:P] [undefined] 61 119 0 0 (1031208960)
2025-08-15 18:00:46:151 [IN ] C8 24 0C 18 25 A5 0C 01 31 03 CF 00 06 16 CE 25 A5 0C 01 31 05 E6 3D 77 00 50 2D 10 00 C8 24 09 18 25 A5 09 01 31 03 CF 00 00 0D B3 25 A5 09 01 31 05 E6 3D 77 00 00 DA A5 00 C8 24 0C 18 25 A5 
0C 01 31 03 CF 00 04 14 CC 25 A5 0C 01 31 05 E6 3D 77 00 50 2D 10 00 C8 24 09 18 25 A5 09 01 31 03 CF 00 00 0D B3 25 A5 09 01 31 05 E6 3D 77 00 00 DA A5 00 (116)
                              [N12:Z] MOTOR_I 0 6 (6)
                              [N12:Z] [undefined] 61 119 0 80 (1031209040)
                              [N9:P] MOTOR_I 0 0 (0)
                              [N9:P] [undefined] 61 119 0 0 (1031208960)
                              [N12:Z] MOTOR_I 0 4 (4)
                              [N12:Z] [undefined] 61 119 0 80 (1031209040)
                              [N9:P] MOTOR_I 0 0 (0)
                              [N9:P] [undefined] 61 119 0 0 (1031208960)
2025-08-15 18:00:46:352 [IN ] C8 24 0C 18 25 A5 0C 01 31 03 CF 00 06 16 CE 25 A5 0C 01 31 05 E6 3D 77 00 50 2D 10 00 C8 24 09 18 25 A5 09 01 31 03 CF 00 00 0D B3 25 A5 09 01 31 05 E6 3D 77 00 00 DA A5 00 C8 24 0C 18 25 A5 
0C 01 31 03 CF 00 03 13 CB 25 A5 0C 01 31 05 E6 3D 77 00 50 2D 10 00 C8 24 09 18 25 A5 09 01 31 03 CF 00 00 0D B3 25 A5 09 01 31 05 E6 3D 77 00 00 DA A5 00 (116)
                              [N12:Z] MOTOR_I 0 6 (6)
                              [N12:Z] [undefined] 61 119 0 80 (1031209040)
                              [N9:P] MOTOR_I 0 0 (0)
                              [N9:P] [undefined] 61 119 0 0 (1031208960)
                              [N12:Z] MOTOR_I 0 3 (3)
                              [N12:Z] [undefined] 61 119 0 80 (1031209040)
                              [N9:P] MOTOR_I 0 0 (0)
                              [N9:P] [undefined] 61 119 0 0 (1031208960)
2025-08-15 18:00:46:553 [IN ] C8 24 0C 18 25 A5 0C 01 31 03 CF 00 06 16 CE 25 A5 0C 01 31 05 E6 3D 77 00 50 2D 10 00 C8 24 09 18 25 A5 09 01 31 03 CF 00 00 0D B3 25 A5 09 01 31 05 E6 3D 77 00 00 DA A5 00 C8 24 0C 18 25 A5 
0C 01 31 03 CF 00 08 18 D0 25 A5 0C 01 31 05 E6 3D 77 00 50 2D 10 00 C8 24 09 18 25 A5 09 01 31 03 CF 00 00 0D B3 25 A5 09 01 31 05 E6 3D 77 00 00 DA A5 00 (116)
                              [N12:Z] MOTOR_I 0 6 (6)
                              [N12:Z] [undefined] 61 119 0 80 (1031209040)
                              [N9:P] MOTOR_I 0 0 (0)
                              [N9:P] [undefined] 61 119 0 0 (1031208960)
                              [N12:Z] MOTOR_I 0 8 (8)
                              [N12:Z] [undefined] 61 119 0 80 (1031209040)
                              [N9:P] MOTOR_I 0 0 (0)
                              [N9:P] [undefined] 61 119 0 0 (1031208960)
2025-08-15 18:00:46:756 [IN ] C8 24 0C 0E 25 A5 0C 01 31 03 CF 00 02 12 CA 25 A5 0C 01 C8 24 0C 0A 01 31 05 E6 3D 77 00 50 2D 10 CA C8 24 09 18 25 A5 09 01 31 03 CF 00 00 0D B3 25 A5 09 01 31 05 E6 3D 77 00 00 DA A5 00 C8 
24 0C 15 25 A5 0C 01 31 03 CF 00 06 16 CE 25 A5 0C 01 31 05 E6 3D 77 00 00 C8 24 09 18 25 A5 09 01 31 03 CF 00 00 0D B3 25 A5 09 01 31 05 E6 3D 77 00 00 DA A5 00 (118)
                              [N12:Z] MOTOR_I 0 2 (2)
                              [N12:Z] [undefined] 61 119 0 80 (1031209040)
                              [N9:P] MOTOR_I 0 0 (0)
                              [N9:P] [undefined] 61 119 0 0 (1031208960)
                              [N12:Z] MOTOR_I 0 6 (6)
                              [N9:P] MOTOR_I 0 0 (0)
                              [N9:P] [undefined] 61 119 0 0 (1031208960)
2025-08-15 18:00:46:957 [IN ] C8 24 0C 1B 50 2D 10 25 A5 0C 01 31 03 CF 00 03 13 CB 25 A5 0C 01 31 05 E6 3D 77 00 50 2D 10 3D C8 24 09 18 25 A5 09 01 31 03 CF 00 00 0D B3 25 A5 09 01 31 05 E6 3D 77 00 00 DA A5 50 C8 24 0C 
18 25 A5 0C 01 31 03 CF 00 08 18 D0 25 A5 0C 01 31 05 E6 3D 77 00 50 2D 10 50 C8 24 09 18 25 A5 09 01 31 03 CF 00 00 0D B3 25 A5 09 01 31 05 E6 3D 77 00 00 DA A5 50 (119)
                              [N12:Z] [undefined] 61 119 0 80 (1031209040)
                              [N12:Z] MOTOR_I 0 3 (3)
                              [N12:Z] [undefined] 61 119 0 80 (1031209040)
                              [N9:P] MOTOR_I 0 0 (0)
                              [N9:P] [undefined] 61 119 0 0 (1031208960)
                              [N12:Z] MOTOR_I 0 8 (8)
                              [N12:Z] [undefined] 61 119 0 80 (1031209040)
                              [N9:P] MOTOR_I 0 0 (0)
                              [N9:P] [undefined] 61 119 0 0 (1031208960)
2025-08-15 18:00:47:159 [IN ] C8 24 0C 18 25 A5 0C 01 31 03 CF 00 01 11 C9 25 A5 0C 01 31 05 E6 3D 77 00 50 2D 10 50 C8 24 09 18 25 A5 09 01 31 03 CF 00 00 0D B3 25 A5 09 01 31 05 E6 3D 77 00 00 DA A5 50 C8 24 0C 18 25 A5 
0C 01 31 03 CF 00 09 19 D1 25 A5 0C 01 31 05 E6 3D 77 00 50 2D 10 50 C8 24 09 18 25 A5 09 01 31 03 CF 00 00 0D B3 25 A5 09 01 31 05 E6 3D 77 00 00 DA A5 50 (116)
                              [N12:Z] MOTOR_I 0 1 (1)
                              [N12:Z] [undefined] 61 119 0 80 (1031209040)
                              [N9:P] MOTOR_I 0 0 (0)
                              [N9:P] [undefined] 61 119 0 0 (1031208960)
                              [N12:Z] MOTOR_I 0 9 (9)
                              [N12:Z] [undefined] 61 119 0 80 (1031209040)
                              [N9:P] MOTOR_I 0 0 (0)
                              [N9:P] [undefined] 61 119 0 0 (1031208960)
2025-08-15 18:00:47:360 [IN ] C8 24 0C 18 25 A5 0C 01 31 03 CF 00 09 19 D1 25 A5 0C 01 31 05 E6 3D 77 00 50 2D 10 50 C8 24 09 18 25 A5 09 01 31 03 CF 00 00 0D B3 25 A5 09 01 31 05 E6 3D 77 00 00 DA A5 50 C8 24 0C 18 25 A5 
0C 01 31 03 CF 00 02 12 CA 25 A5 0C 01 31 05 E6 3D 77 00 50 2D 10 50 C8 24 09 0E 25 A5 09 01 31 03 CF 00 00 0D B3 25 A5 09 01 (106)
                              [N12:Z] MOTOR_I 0 9 (9)
                              [N12:Z] [undefined] 61 119 0 80 (1031209040)
                              [N9:P] MOTOR_I 0 0 (0)
                              [N9:P] [undefined] 61 119 0 0 (1031208960)
                              [N12:Z] MOTOR_I 0 2 (2)
                              [N12:Z] [undefined] 61 119 0 80 (1031209040)
                              [N9:P] MOTOR_I 0 0 (0)
2025-08-15 18:00:47:563 [IN ] C8 24 09 0A 01 31 05 E6 3D 77 00 00 DA A5 B3 C8 24 0C 18 25 A5 0C 01 31 03 CF 00 08 18 D0 25 A5 0C 01 31 05 E6 3D 77 00 50 2D 10 50 C8 24 09 15 25 A5 09 01 31 03 CF 00 00 0D B3 25 A5 09 01 31 
05 E6 3D 77 00 50 C8 24 0C 18 25 A5 0C 01 31 03 CF 00 02 12 CA 25 A5 0C 01 31 05 E6 3D 77 00 50 2D 10 50 C8 24 09 1B 00 DA A5 25 A5 09 01 31 03 CF 00 00 0D B3 25 A5 09 01 31 05 E6 3D 77 00 00 
DA A5 3D (131)
                              [N9:P] [undefined] 61 119 0 0 (1031208960)
                              [N12:Z] MOTOR_I 0 8 (8)
                              [N12:Z] [undefined] 61 119 0 80 (1031209040)
                              [N9:P] MOTOR_I 0 0 (0)
                              [N12:Z] MOTOR_I 0 2 (2)
                              [N12:Z] [undefined] 61 119 0 80 (1031209040)
                              [N9:P] [undefined] 61 119 0 0 (1031208960)
                              [N9:P] MOTOR_I 0 0 (0)
                              [N9:P] [undefined] 61 119 0 0 (1031208960)
2025-08-15 18:00:47:764 [IN ] C8 24 0C 18 25 A5 0C 01 31 03 CF 00 00 10 C8 25 A5 0C 01 31 05 E6 3D 77 00 50 2D 10 00 C8 24 09 18 25 A5 09 01 31 03 CF 00 00 0D B3 25 A5 09 01 31 05 E6 3D 77 00 00 DA A5 00 C8 24 0C 18 25 A5 
0C 01 31 03 CF 00 0A 1A D2 25 A5 0C 01 31 05 E6 3D 77 00 50 2D 10 00 C8 24 09 18 25 A5 09 01 31 03 CF 00 00 0D B3 25 A5 09 01 31 05 E6 3D 77 00 00 DA A5 00 (116)
                              [N12:Z] MOTOR_I 0 0 (0)
                              [N12:Z] [undefined] 61 119 0 80 (1031209040)
                              [N9:P] MOTOR_I 0 0 (0)
                              [N9:P] [undefined] 61 119 0 0 (1031208960)
                              [N12:Z] MOTOR_I 0 10 (10)
                              [N12:Z] [undefined] 61 119 0 80 (1031209040)
                              [N9:P] MOTOR_I 0 0 (0)
                              [N9:P] [undefined] 61 119 0 0 (1031208960)
2025-08-15 18:00:47:966 [IN ] C8 24 0C 18 25 A5 0C 01 31 03 CF 00 02 12 CA 25 A5 0C 01 31 05 E6 3D 77 00 50 2D 10 00 C8 24 09 18 25 A5 09 01 31 03 CF 00 00 0D B3 25 A5 09 01 31 05 E6 3D 77 00 00 DA A5 00 C8 24 0C 18 25 A5 
0C 01 31 03 CF 00 03 13 CB 25 A5 0C 01 31 05 E6 3D 77 00 50 2D 10 00 C8 24 09 18 25 A5 09 01 31 03 CF 00 00 0D B3 25 A5 09 01 31 05 E6 3D 77 00 00 DA A5 00 (116)
                              [N12:Z] MOTOR_I 0 2 (2)
                              [N12:Z] [undefined] 61 119 0 80 (1031209040)
                              [N9:P] MOTOR_I 0 0 (0)
                              [N9:P] [undefined] 61 119 0 0 (1031208960)
                              [N12:Z] MOTOR_I 0 3 (3)
                              [N12:Z] [undefined] 61 119 0 80 (1031209040)
                              [N9:P] MOTOR_I 0 0 (0)
                              [N9:P] [undefined] 61 119 0 0 (1031208960)
2025-08-15 18:00:48:168 [IN ] C8 24 0C 18 25 A5 0C 01 31 03 CF 00 00 10 C8 25 A5 0C 01 31 05 E6 3D 77 00 50 2D 10 00 C8 24 09 18 25 A5 09 01 31 03 CF 00 00 0D B3 25 A5 09 01 31 05 E6 3D 77 00 00 DA A5 00 C8 24 0C 18 25 A5 
0C 01 31 03 CF 00 0D 1D D5 25 A5 0C 01 31 05 E6 3D 77 00 50 2D 10 00 C8 24 09 18 25 A5 09 01 31 03 CF 00 00 0D B3 25 A5 09 01 31 05 E6 3D 77 00 00 DA A5 00 (116)
                              [N12:Z] MOTOR_I 0 0 (0)
                              [N12:Z] [undefined] 61 119 0 80 (1031209040)
                              [N9:P] MOTOR_I 0 0 (0)
                              [N9:P] [undefined] 61 119 0 0 (1031208960)
                              [N12:Z] MOTOR_I 0 13 (13)
                              [N12:Z] [undefined] 61 119 0 80 (1031209040)
                              [N9:P] MOTOR_I 0 0 (0)
                              [N9:P] [undefined] 61 119 0 0 (1031208960)
2025-08-15 18:00:48:371 [IN ] C8 24 0C 18 25 A5 0C 01 31 03 CF 00 0C 1C D4 25 A5 0C 01 31 05 E6 3D 77 00 50 2D 10 00 C8 24 09 18 25 A5 09 01 31 03 CF 00 00 0D B3 25 A5 09 01 31 05 E6 3D 77 00 00 DA A5 00 C8 24 0C 0E 25 A5 
0C 01 31 03 CF 00 0C 1C D4 25 A5 0C 01 C8 24 0C 0A 01 31 05 E6 3D 77 00 50 2D 10 D4 C8 24 09 18 25 A5 09 01 31 03 CF 00 00 0D B3 25 A5 09 01 31 05 E6 3D 77 00 00 DA A5 00 (121)
                              [N12:Z] MOTOR_I 0 12 (12)
                              [N12:Z] [undefined] 61 119 0 80 (1031209040)
                              [N9:P] MOTOR_I 0 0 (0)
                              [N9:P] [undefined] 61 119 0 0 (1031208960)
                              [N12:Z] MOTOR_I 0 12 (12)
                              [N12:Z] [undefined] 61 119 0 80 (1031209040)
                              [N9:P] MOTOR_I 0 0 (0)
                              [N9:P] [undefined] 61 119 0 0 (1031208960)
2025-08-15 18:00:48:577 [IN ] C8 24 0C 15 25 A5 0C 01 31 03 CF 00 05 15 CD 25 A5 0C 01 31 05 E6 3D 77 00 00 C8 24 09 18 25 A5 09 01 31 03 CF 00 00 0D B3 25 A5 09 01 31 05 E6 3D 77 00 00 DA A5 00 C8 24 0C 1B 50 2D 10 25 A5 
0C 01 31 03 CF 00 00 10 C8 25 A5 0C 01 31 05 E6 3D 77 00 50 2D 10 3D C8 24 09 18 25 A5 09 01 31 03 CF 00 00 0D B3 25 A5 09 01 31 05 E6 3D 77 00 00 DA A5 50 (116)
                              [N12:Z] MOTOR_I 0 5 (5)
                              [N9:P] MOTOR_I 0 0 (0)
                              [N9:P] [undefined] 61 119 0 0 (1031208960)
                              [N12:Z] [undefined] 61 119 0 80 (1031209040)
                              [N12:Z] MOTOR_I 0 0 (0)
                              [N12:Z] [undefined] 61 119 0 80 (1031209040)
                              [N9:P] MOTOR_I 0 0 (0)
                              [N9:P] [undefined] 61 119 0 0 (1031208960)
2025-08-15 18:00:48:779 [IN ] C8 24 0C 18 25 A5 0C 01 31 03 CF 00 00 10 C8 25 A5 0C 01 31 05 E6 3D 77 00 50 2D 10 50 C8 24 09 18 25 A5 09 01 31 03 CF 00 00 0D B3 25 A5 09 01 31 05 E6 3D 77 00 00 DA A5 50 C8 24 0C 18 25 A5 
0C 01 31 03 CF 00 06 16 CE 25 A5 0C 01 31 05 E6 3D 77 00 50 2D 10 50 C8 24 09 18 25 A5 09 01 31 03 CF 00 00 0D B3 25 A5 09 01 31 05 E6 3D 77 00 00 DA A5 50 (116)
                              [N12:Z] MOTOR_I 0 0 (0)
                              [N12:Z] [undefined] 61 119 0 80 (1031209040)
                              [N9:P] MOTOR_I 0 0 (0)
                              [N9:P] [undefined] 61 119 0 0 (1031208960)
                              [N12:Z] MOTOR_I 0 6 (6)
                              [N12:Z] [undefined] 61 119 0 80 (1031209040)
                              [N9:P] MOTOR_I 0 0 (0)
                              [N9:P] [undefined] 61 119 0 0 (1031208960)
2025-08-15 18:00:48:980 [IN ] C8 24 0C 18 25 A5 0C 01 31 03 CF 00 02 12 CA 25 A5 0C 01 31 05 E6 3D 77 00 50 2D 10 50 C8 24 09 18 25 A5 09 01 31 03 CF 00 00 0D B3 25 A5 09 01 31 05 E6 3D 77 00 00 DA A5 50 C8 24 0C 18 25 A5 
0C 01 31 03 CF 00 03 13 CB 25 A5 0C 01 31 05 E6 3D 77 00 50 2D 10 50 C8 24 09 18 25 A5 09 01 31 03 CF 00 00 0D B3 25 A5 09 01 31 05 E6 3D 77 00 00 DA A5 50 (116)
                              [N12:Z] MOTOR_I 0 2 (2)
                              [N12:Z] [undefined] 61 119 0 80 (1031209040)
                              [N9:P] MOTOR_I 0 0 (0)
                              [N9:P] [undefined] 61 119 0 0 (1031208960)
                              [N12:Z] MOTOR_I 0 3 (3)
                              [N12:Z] [undefined] 61 119 0 80 (1031209040)
                              [N9:P] MOTOR_I 0 0 (0)
                              [N9:P] [undefined] 61 119 0 0 (1031208960)
2025-08-15 18:00:49:182 [IN ] C8 24 0C 18 25 A5 0C 01 31 03 CF 00 02 12 CA 25 A5 0C 01 31 05 E6 3D 77 00 50 2D 10 50 C8 24 09 0E 25 A5 09 01 31 03 CF 00 00 0D B3 25 A5 09 01 C8 24 09 0A 01 31 05 E6 3D 77 00 00 DA A5 B3 C8 
24 0C 18 25 A5 0C 01 31 03 CF 00 0B 1B D3 25 A5 0C 01 31 05 E6 3D 77 00 50 2D 10 50 C8 24 09 15 25 A5 09 01 31 03 CF 00 00 0D B3 25 A5 09 01 31 05 E6 3D 77 00 50 (118)
                              [N12:Z] MOTOR_I 0 2 (2)
                              [N12:Z] [undefined] 61 119 0 80 (1031209040)
                              [N9:P] MOTOR_I 0 0 (0)
                              [N9:P] [undefined] 61 119 0 0 (1031208960)
                              [N12:Z] MOTOR_I 0 11 (11)
                              [N12:Z] [undefined] 61 119 0 80 (1031209040)
                              [N9:P] MOTOR_I 0 0 (0)
2025-08-15 18:00:49:384 [IN ] C8 24 0C 18 25 A5 0C 01 31 03 CF 00 00 10 C8 25 A5 0C 01 31 05 E6 3D 77 00 50 2D 10 50 C8 24 09 1B 00 DA A5 25 A5 09 01 31 03 CF 00 00 0D B3 25 A5 09 01 31 05 E6 3D 77 00 00 DA A5 3D C8 24 0C 
18 25 A5 0C 01 31 03 CF 00 0E 1E D6 25 A5 0C 01 31 05 E6 3D 77 00 50 2D 10 00 C8 24 09 18 25 A5 09 01 31 03 CF 00 00 0D B3 25 A5 09 01 31 05 E6 3D 77 00 00 DA A5 00 (119)
                              [N12:Z] MOTOR_I 0 0 (0)
                              [N12:Z] [undefined] 61 119 0 80 (1031209040)
                              [N9:P] [undefined] 61 119 0 0 (1031208960)
                              [N9:P] MOTOR_I 0 0 (0)
                              [N9:P] [undefined] 61 119 0 0 (1031208960)
                              [N12:Z] MOTOR_I 0 14 (14)
                              [N12:Z] [undefined] 61 119 0 80 (1031209040)
                              [N9:P] MOTOR_I 0 0 (0)
                              [N9:P] [undefined] 61 119 0 0 (1031208960)
2025-08-15 18:00:49:586 [IN ] C8 24 0C 18 25 A5 0C 01 31 03 CF 00 02 12 CA 25 A5 0C 01 31 05 E6 3D 77 00 50 2D 10 00 C8 24 09 18 25 A5 09 01 31 03 CF 00 00 0D B3 25 A5 09 01 31 05 E6 3D 77 00 00 DA A5 00 C8 24 0C 18 25 A5 
0C 01 31 03 CF 00 04 14 CC 25 A5 0C 01 31 05 E6 3D 77 00 50 2D 10 00 C8 24 09 18 25 A5 09 01 31 03 CF 00 00 0D B3 25 A5 09 01 31 05 E6 3D 77 00 00 DA A5 00 (116)
                              [N12:Z] MOTOR_I 0 2 (2)
                              [N12:Z] [undefined] 61 119 0 80 (1031209040)
                              [N9:P] MOTOR_I 0 0 (0)
                              [N9:P] [undefined] 61 119 0 0 (1031208960)
                              [N12:Z] MOTOR_I 0 4 (4)
                              [N12:Z] [undefined] 61 119 0 80 (1031209040)
                              [N9:P] MOTOR_I 0 0 (0)
                              [N9:P] [undefined] 61 119 0 0 (1031208960)
2025-08-15 18:00:49:787 [IN ] C8 24 0C 18 25 A5 0C 01 31 03 CF 00 06 16 CE 25 A5 0C 01 31 05 E6 3D 77 00 50 2D 10 00 C8 24 09 18 25 A5 09 01 31 03 CF 00 00 0D B3 25 A5 09 01 31 05 E6 3D 77 00 00 DA A5 00 C8 24 0C 18 25 A5 
0C 01 31 03 CF 00 04 14 CC 25 A5 0C 01 31 05 E6 3D 77 00 50 2D 10 00 C8 24 09 18 25 A5 09 01 31 03 CF 00 00 0D B3 25 A5 09 01 31 05 E6 3D 77 00 00 DA A5 00 (116)
                              [N12:Z] MOTOR_I 0 6 (6)
                              [N12:Z] [undefined] 61 119 0 80 (1031209040)
                              [N9:P] MOTOR_I 0 0 (0)
                              [N9:P] [undefined] 61 119 0 0 (1031208960)
                              [N12:Z] MOTOR_I 0 4 (4)
                              [N12:Z] [undefined] 61 119 0 80 (1031209040)
                              [N9:P] MOTOR_I 0 0 (0)
                              [N9:P] [undefined] 61 119 0 0 (1031208960)
2025-08-15 18:00:49:989 [IN ] C8 24 0C 18 25 A5 0C 01 31 03 CF 00 02 12 CA 25 A5 0C 01 31 05 E6 3D 77 00 50 2D 10 00 C8 24 09 18 25 A5 09 01 31 03 CF 00 00 0D B3 25 A5 09 01 31 05 E6 3D 77 00 00 DA A5 00 C8 24 0C 18 25 A5 
0C 01 31 03 CF 00 02 12 CA 25 A5 0C 01 31 05 E6 3D 77 00 50 2D 10 00 C8 24 09 18 25 A5 09 01 31 03 CF 00 00 0D B3 25 A5 09 01 31 05 E6 3D 77 00 00 DA A5 00 (116)
                              [N12:Z] MOTOR_I 0 2 (2)
                              [N12:Z] [undefined] 61 119 0 80 (1031209040)
                              [N9:P] MOTOR_I 0 0 (0)
                              [N9:P] [undefined] 61 119 0 0 (1031208960)
                              [N12:Z] MOTOR_I 0 2 (2)
                              [N12:Z] [undefined] 61 119 0 80 (1031209040)
                              [N9:P] MOTOR_I 0 0 (0)
                              [N9:P] [undefined] 61 119 0 0 (1031208960)
2025-08-15 18:00:50:190 [IN ] C8 24 0C 18 25 A5 0C 01 31 03 CF 00 01 11 C9 25 A5 0C 01 31 05 E6 3D 77 00 50 2D 10 00 C8 24 09 18 25 A5 09 01 31 03 CF 00 00 0D B3 25 A5 09 01 31 05 E6 3D 77 00 00 DA A5 00 C8 24 0C 0E 25 A5 
0C 01 31 03 CF 00 10 20 D8 25 A5 0C 01 C8 24 0C 0A 01 31 05 E6 3D 77 00 50 2D 10 D8 C8 24 09 18 25 A5 09 01 31 03 CF 00 00 0D B3 25 A5 09 01 31 05 E6 3D 77 00 00 DA A5 00 (121)
                              [N12:Z] MOTOR_I 0 1 (1)
                              [N12:Z] [undefined] 61 119 0 80 (1031209040)
                              [N9:P] MOTOR_I 0 0 (0)
                              [N9:P] [undefined] 61 119 0 0 (1031208960)
                              [N12:Z] MOTOR_I 0 16 (16)
                              [N12:Z] [undefined] 61 119 0 80 (1031209040)
                              [N9:P] MOTOR_I 0 0 (0)
                              [N9:P] [undefined] 61 119 0 0 (1031208960)
2025-08-15 18:00:50:392 [IN ] C8 24 0C 18 25 A5 0C 01 31 03 CF 00 0B 1B D3 25 A5 0C 01 31 05 E6 3D 77 00 50 2D 10 00 C8 24 09 18 25 A5 09 01 31 03 CF 00 00 0D B3 25 A5 09 01 31 05 E6 3D 77 00 00 DA A5 00 C8 24 0C 18 25 A5 
0C 01 31 03 CF 00 14 24 DC 25 A5 0C 01 31 05 E6 3D 77 00 50 2D 10 00 C8 24 09 18 25 A5 09 01 31 03 CF 00 00 0D B3 25 A5 09 01 31 05 E6 3D 77 00 00 DA A5 00 (116)
                              [N12:Z] MOTOR_I 0 11 (11)
                              [N12:Z] [undefined] 61 119 0 80 (1031209040)
                              [N9:P] MOTOR_I 0 0 (0)
                              [N9:P] [undefined] 61 119 0 0 (1031208960)
                              [N12:Z] MOTOR_I 0 20 (20)
                              [N12:Z] [undefined] 61 119 0 80 (1031209040)
                              [N9:P] MOTOR_I 0 0 (0)
                              [N9:P] [undefined] 61 119 0 0 (1031208960)
2025-08-15 18:00:50:593 [IN ] C8 24 0C 18 25 A5 0C 01 31 03 CF 00 02 12 CA 25 A5 0C 01 31 05 E6 3D 77 00 50 2D 10 00 C8 24 09 18 25 A5 09 01 31 03 CF 00 00 0D B3 25 A5 09 01 31 05 E6 3D 77 00 00 DA A5 00 C8 24 0C 18 25 A5 
0C 01 31 03 CF 00 0B 1B D3 25 A5 0C 01 31 05 E6 3D 77 00 50 2D 10 00 C8 24 09 18 25 A5 09 01 31 03 CF 00 00 0D B3 25 A5 09 01 31 05 E6 3D 77 00 00 DA A5 00 (116)
                              [N12:Z] MOTOR_I 0 2 (2)
                              [N12:Z] [undefined] 61 119 0 80 (1031209040)
                              [N9:P] MOTOR_I 0 0 (0)
                              [N9:P] [undefined] 61 119 0 0 (1031208960)
                              [N12:Z] MOTOR_I 0 11 (11)
                              [N12:Z] [undefined] 61 119 0 80 (1031209040)
                              [N9:P] MOTOR_I 0 0 (0)
                              [N9:P] [undefined] 61 119 0 0 (1031208960)
2025-08-15 18:00:50:795 [IN ] C8 24 0C 18 25 A5 0C 01 31 03 CF 00 05 15 CD 25 A5 0C 01 31 05 E6 3D 77 00 50 2D 10 00 C8 24 09 18 25 A5 09 01 31 03 CF 00 00 0D B3 25 A5 09 01 31 05 E6 3D 77 00 00 DA A5 00 C8 24 0C 18 25 A5 
0C 01 31 03 CF 00 07 17 CF 25 A5 0C 01 31 05 E6 3D 77 00 50 2D 10 00 C8 24 09 0E 25 A5 09 01 31 03 CF 00 00 0D B3 25 A5 09 01 C8 24 09 0A 01 31 05 E6 3D 77 00 00 DA A5 B3 (121)
                              [N12:Z] MOTOR_I 0 5 (5)
                              [N12:Z] [undefined] 61 119 0 80 (1031209040)
                              [N9:P] MOTOR_I 0 0 (0)
                              [N9:P] [undefined] 61 119 0 0 (1031208960)
                              [N12:Z] MOTOR_I 0 7 (7)
                              [N12:Z] [undefined] 61 119 0 80 (1031209040)
                              [N9:P] MOTOR_I 0 0 (0)
                              [N9:P] [undefined] 61 119 0 0 (1031208960)
2025-08-15 18:00:51:000 [IN ] C8 24 0C 18 25 A5 0C 01 31 03 CF 00 07 17 CF 25 A5 0C 01 31 05 E6 3D 77 00 50 2D 10 00 C8 24 09 15 25 A5 09 01 31 03 CF 00 00 0D B3 25 A5 09 01 31 05 E6 3D 77 00 50 C8 24 04 0B 25 A5 04 01 31 
03 81 5A 4C 60 A6 25 C8 24 0C 18 25 A5 0C 01 31 03 CF 00 02 12 CA 25 A5 0C 01 31 05 E6 3D 77 00 50 2D 10 00 C8 24 04 0A 25 A5 04 01 31 02 81 49 02 32 CA C8 24 09 1B 00 DA A5 25 A5 09 01 31 03 
CF 00 00 0D B3 25 A5 09 01 31 05 E6 3D 77 00 00 DA A5 3D (147)
                              [N12:Z] MOTOR_I 0 7 (7)
                              [N12:Z] [undefined] 61 119 0 80 (1031209040)
                              [N9:P] MOTOR_I 0 0 (0)
                              [N4:Y] TPOS 'Z' 76 (76)
                              [N12:Z] MOTOR_I 0 2 (2)
                              [N12:Z] [undefined] 61 119 0 80 (1031209040)
                              [N4:Y] TPOS 'I'
                              [N9:P] [undefined] 61 119 0 0 (1031208960)
                              [N9:P] MOTOR_I 0 0 (0)
                              [N9:P] [undefined] 61 119 0 0 (1031208960)
2025-08-15 18:00:51:224 [OUT] 25 A5 01 09 31 02 D8 3F 54 EC (10)
                              [N9:P] INTERRUPT '?'
2025-08-15 18:00:51:224 [IN ] C8 24 0C 18 25 A5 0C 01 31 03 CF 00 01 11 C9 25 A5 0C 01 31 05 E6 3D 77 00 50 2D 10 00 C8 24 09 18 25 A5 09 01 31 03 CF 00 00 0D B3 25 A5 09 01 31 05 E6 3D 77 00 00 DA A5 00 C8 24 0C 18 25 A5 
0C 01 31 03 CF 00 08 18 D0 25 A5 0C 01 31 05 E6 3D 77 00 50 2D 10 00 C8 24 09 18 25 A5 09 01 31 03 CF 00 00 0D B3 25 A5 09 01 31 05 E6 3D 77 00 00 DA A5 00 (116)
                              [N12:Z] MOTOR_I 0 1 (1)
                              [N12:Z] [undefined] 61 119 0 80 (1031209040)
                              [N9:P] MOTOR_I 0 0 (0)
                              [N9:P] [undefined] 61 119 0 0 (1031208960)
                              [N12:Z] MOTOR_I 0 8 (8)
                              [N12:Z] [undefined] 61 119 0 80 (1031209040)
                              [N9:P] MOTOR_I 0 0 (0)
                              [N9:P] [undefined] 61 119 0 0 (1031208960)
2025-08-15 18:00:51:525 [IN ] C8 24 0C 18 25 A5 0C 01 31 03 CF 00 01 11 C9 25 A5 0C 01 31 05 E6 3D 77 00 50 2D 10 00 C8 24 09 18 25 A5 09 01 31 03 CF 00 00 0D B3 25 A5 09 01 31 05 E6 3D 77 00 00 DA A5 00 C8 24 0C 18 25 A5 
0C 01 31 03 CF 00 03 13 CB 25 A5 0C 01 31 05 E6 3D 77 00 50 2D 10 00 C8 24 09 24 25 A5 09 01 31 04 D8 3A 01 01 53 9A 25 A5 09 01 31 03 CF 00 00 0D B3 25 A5 09 01 31 05 E6 3D 77 00 00 DA A5 C0 
C8 24 0C 18 25 A5 0C 01 31 03 CF 00 00 10 C8 25 A5 0C 01 31 05 E6 3D 77 00 50 2D 10 A5 C8 24 09 18 25 A5 09 01 31 03 CF 00 00 0D B3 25 A5 09 01 31 05 E6 3D 77 00 00 DA A5 A5 (186)
                              [N12:Z] MOTOR_I 0 1 (1)
                              [N12:Z] [undefined] 61 119 0 80 (1031209040)
                              [N9:P] MOTOR_I 0 0 (0)
                              [N9:P] [undefined] 61 119 0 0 (1031208960)
                              [N12:Z] MOTOR_I 0 3 (3)
                              [N12:Z] [undefined] 61 119 0 80 (1031209040)
                              [N9:P] INTERRUPT ':' 1 1 (257)
                              [N9:P] MOTOR_I 0 0 (0)
                              [N9:P] [undefined] 61 119 0 0 (1031208960)
                              [N12:Z] MOTOR_I 0 0 (0)
                              [N12:Z] [undefined] 61 119 0 80 (1031209040)
                              [N9:P] MOTOR_I 0 0 (0)
                              [N9:P] [undefined] 61 119 0 0 (1031208960)
2025-08-15 18:00:51:547 [OUT] 25 A5 01 04 31 03 C9 3D 09 48 FE (11)
                              [N4:Y] LFLAG '=' 9 (9)
2025-08-15 18:00:51:569 [OUT] 25 A5 01 07 31 02 D8 3F 52 E2 (10)
                              [N7:N] INTERRUPT '?'
2025-08-15 18:00:51:569 [IN ] C8 24 0C 18 25 A5 0C 01 31 03 CF 00 0B 1B D3 25 A5 0C 01 31 05 E6 3D 77 00 50 2D 10 A5 (29)
                              [N12:Z] MOTOR_I 0 11 (11)
                              [N12:Z] [undefined] 61 119 0 80 (1031209040)
2025-08-15 18:00:51:871 [IN ] C8 24 09 18 25 A5 09 01 31 03 CF 00 00 0D B3 25 A5 09 01 31 05 E6 3D 77 00 00 DA A5 A5 C8 24 0C 18 25 A5 0C 01 31 03 CF 00 00 10 C8 25 A5 0C 01 31 05 E6 3D 77 00 50 2D 10 A5 C8 24 09 18 25 A5 
09 01 31 03 CF 00 00 0D B3 25 A5 09 01 31 05 E6 3D 77 00 00 DA A5 A5 C8 24 04 0B 25 A5 04 01 31 03 C9 3A 09 45 FB 25 C8 24 0C 0E 25 A5 0C 01 31 03 CF 00 06 16 CE 25 A5 0C 01 C8 24 0C 0A 01 31 
05 E6 3D 77 00 50 2D 10 CE C8 24 09 18 25 A5 09 01 31 03 CF 00 00 0D B3 25 A5 09 01 31 05 E6 3D 77 00 00 DA A5 A5 C8 24 07 0C 25 A5 07 01 31 04 D8 3A 01 01 51 8A A5 C8 24 0C 15 25 A5 0C 01 31 
03 CF 00 06 16 CE 25 A5 0C 01 31 05 E6 3D 77 00 00 (209)
                              [N9:P] MOTOR_I 0 0 (0)
                              [N9:P] [undefined] 61 119 0 0 (1031208960)
                              [N12:Z] MOTOR_I 0 0 (0)
                              [N12:Z] [undefined] 61 119 0 80 (1031209040)
                              [N9:P] MOTOR_I 0 0 (0)
                              [N9:P] [undefined] 61 119 0 0 (1031208960)
                              [N4:Y] LFLAG ':' 9 (9)
                              [N12:Z] MOTOR_I 0 6 (6)
                              [N12:Z] [undefined] 61 119 0 80 (1031209040)
                              [N9:P] MOTOR_I 0 0 (0)
                              [N9:P] [undefined] 61 119 0 0 (1031208960)
                              [N7:N] INTERRUPT ':' 1 1 (257)
                              [N12:Z] MOTOR_I 0 6 (6)
2025-08-15 18:00:51:893 [OUT] 25 A5 01 09 31 03 C9 3D 0B 4F 1E (11)
                              [N9:P] LFLAG '=' 11 (11)
2025-08-15 18:00:51:895 [IN ] C8 24 09 18 25 A5 09 01 31 03 CF 00 00 0D B3 25 A5 09 01 31 05 E6 3D 77 00 00 DA A5 A5 (29)
                              [N9:P] MOTOR_I 0 0 (0)
                              [N9:P] [undefined] 61 119 0 0 (1031208960)
2025-08-15 18:00:51:916 [OUT] 25 A5 01 07 31 03 C9 3D 0B 4D 12 (11)
                              [N7:N] LFLAG '=' 11 (11)
2025-08-15 18:00:51:959 [IN ] C8 24 0C 1B 50 2D 10 25 A5 0C 01 31 03 CF 00 02 12 CA 25 A5 0C 01 31 05 E6 3D 77 00 50 2D 10 31 (32)
                              [N12:Z] [undefined] 61 119 0 80 (1031209040)
                              [N12:Z] MOTOR_I 0 2 (2)
                              [N12:Z] [undefined] 61 119 0 80 (1031209040)
2025-08-15 18:00:52:001 [IN ] C8 24 09 18 25 A5 09 01 31 03 CF 00 00 0D B3 25 A5 09 01 31 05 E6 3D 77 00 00 DA A5 50 (29)
                              [N9:P] MOTOR_I 0 0 (0)
                              [N9:P] [undefined] 61 119 0 0 (1031208960)
2025-08-15 18:00:52:063 [IN ] C8 24 0C 18 25 A5 0C 01 31 03 CF 00 04 14 CC 25 A5 0C 01 31 05 E6 3D 77 00 50 2D 10 50 C8 24 09 0B 25 A5 09 01 31 03 C9 3A 0B 4C 20 25 (45)
                              [N12:Z] MOTOR_I 0 4 (4)
                              [N12:Z] [undefined] 61 119 0 80 (1031209040)
                              [N9:P] LFLAG ':' 11 (11)
2025-08-15 18:00:52:084 [OUT] 25 A5 01 09 31 03 88 00 50 16 26 (11)
                              [N9:P] RUN 0 80 (80)
2025-08-15 18:00:52:105 [IN ] C8 24 09 18 25 A5 09 01 31 03 CF 00 00 0D B3 25 A5 09 01 31 05 E6 3D 77 00 00 DA A5 50 (29)
                              [N9:P] MOTOR_I 0 0 (0)
                              [N9:P] [undefined] 61 119 0 0 (1031208960)
2025-08-15 18:00:52:147 [IN ] C8 24 0C 18 25 A5 0C 01 31 03 CF 00 02 12 CA 25 A5 0C 01 31 05 E6 3D 77 00 50 2D 10 50 (29)
                              [N12:Z] MOTOR_I 0 2 (2)
                              [N12:Z] [undefined] 61 119 0 80 (1031209040)
2025-08-15 18:00:52:168 [IN ] C8 24 07 0B 25 A5 07 01 31 03 C9 3A 0B 4A 12 25 (16)
                              [N7:N] LFLAG ':' 11 (11)
2025-08-15 18:00:52:189 [OUT] 25 A5 01 07 31 03 88 00 50 14 1A (11)
                              [N7:N] RUN 0 80 (80)
2025-08-15 18:00:52:189 [IN ] C8 24 09 18 25 A5 09 01 31 03 CF 00 00 0D B3 25 A5 09 01 31 05 E6 3D 77 00 00 DA A5 50 (29)
                              [N9:P] MOTOR_I 0 0 (0)
                              [N9:P] [undefined] 61 119 0 0 (1031208960)
2025-08-15 18:00:52:253 [IN ] C8 24 0C 18 25 A5 0C 01 31 03 CF 00 0C 1C D4 25 A5 0C 01 31 05 E6 3D 77 00 50 2D 10 50 (29)
                              [N12:Z] MOTOR_I 0 12 (12)
                              [N12:Z] [undefined] 61 119 0 80 (1031209040)
2025-08-15 18:00:52:274 [IN ] C8 24 09 0C 25 A5 09 01 31 04 88 53 00 50 6A F2 A5 (17)
                              [N9:P] RUN 'S' 0 80 (80)
2025-08-15 18:00:52:316 [IN ] C8 24 09 18 25 A5 09 01 31 03 CF 00 2B 38 DE 25 A5 09 01 31 05 E6 3D 77 00 50 2A F5 50 (29)
                              [N9:P] MOTOR_I 0 43 (43)
                              [N9:P] [undefined] 61 119 0 80 (1031209040)
2025-08-15 18:00:52:338 [IN ] C8 24 09 0B 25 A5 09 01 31 03 81 5A 4C 65 C9 25 (16)
                              [N9:P] TPOS 'Z' 76 (76)
2025-08-15 18:00:52:359 [IN ] C8 24 0C 18 25 A5 0C 01 31 03 CF 00 01 11 C9 25 A5 0C 01 31 05 E6 3D 77 00 50 2D 10 50 (29)
                              [N12:Z] MOTOR_I 0 1 (1)
                              [N12:Z] [undefined] 61 119 0 80 (1031209040)
2025-08-15 18:00:52:380 [IN ] C8 24 09 0A 25 A5 09 01 31 02 81 49 07 50 C9 C8 24 07 0C 25 A5 07 01 31 04 88 53 00 50 68 E2 A5 (32)
                              [N9:P] TPOS 'I'
                              [N7:N] RUN 'S' 0 80 (80)
2025-08-15 18:00:52:583 [IN ] C8 24 09 18 25 A5 09 01 31 03 CF 00 00 0D B3 25 A5 09 01 31 05 E6 3D 77 00 00 DA A5 50 C8 24 0C 18 25 A5 0C 01 31 03 CF 00 04 14 CC 25 A5 0C 01 31 05 E6 3D 77 00 50 2D 10 50 C8 24 09 0E 25 A5 
09 01 31 03 CF 00 00 0D B3 25 A5 09 01 C8 24 09 0A 01 31 05 E6 3D 77 00 00 DA A5 B3 C8 24 0C 18 25 A5 0C 01 31 03 CF 00 09 19 D1 25 A5 0C 01 31 05 E6 3D 77 00 50 2D 10 50 (121)
                              [N9:P] MOTOR_I 0 0 (0)
                              [N9:P] [undefined] 61 119 0 0 (1031208960)
                              [N12:Z] MOTOR_I 0 4 (4)
                              [N12:Z] [undefined] 61 119 0 80 (1031209040)
                              [N9:P] MOTOR_I 0 0 (0)
                              [N9:P] [undefined] 61 119 0 0 (1031208960)
                              [N12:Z] MOTOR_I 0 9 (9)
                              [N12:Z] [undefined] 61 119 0 80 (1031209040)
2025-08-15 18:00:52:604 [OUT] 25 A5 01 09 31 03 C9 3D 09 4D 1C (11)
                              [N9:P] LFLAG '=' 9 (9)
2025-08-15 18:00:52:604 [IN ] C8 24 09 15 25 A5 09 01 31 03 CF 00 00 0D B3 25 A5 09 01 31 05 E6 3D 77 00 50 (26)
                              [N9:P] MOTOR_I 0 0 (0)
2025-08-15 18:00:52:625 [OUT] 25 A5 01 04 31 05 81 FF EE 88 01 32 FA (13)
                              [N4:Y] TPOS 255 238 136 1 (-1144831)
2025-08-15 18:00:52:669 [IN ] C8 24 0C 18 25 A5 0C 01 31 03 CF 00 0D 1D D5 25 A5 0C 01 31 05 E6 3D 77 00 50 2D 10 50 (29)
                              [N12:Z] MOTOR_I 0 13 (13)
                              [N12:Z] [undefined] 61 119 0 80 (1031209040)
2025-08-15 18:00:52:689 [IN ] C8 24 09 1B 00 DA A5 25 A5 09 01 31 03 CF 00 00 0D B3 25 A5 09 01 31 05 E6 3D 77 00 00 DA A5 31 (32)
                              [N9:P] [undefined] 61 119 0 0 (1031208960)
                              [N9:P] MOTOR_I 0 0 (0)
                              [N9:P] [undefined] 61 119 0 0 (1031208960)
2025-08-15 18:00:52:753 [IN ] C8 24 09 0B 25 A5 09 01 31 03 C9 3A 09 4A 1E 00 (16)
                              [N9:P] LFLAG ':' 9 (9)
2025-08-15 18:00:52:774 [IN ] C8 24 0C 18 25 A5 0C 01 31 03 CF 00 0C 1C D4 25 A5 0C 01 31 05 E6 3D 77 00 50 2D 10 00 (29)
                              [N12:Z] MOTOR_I 0 12 (12)
                              [N12:Z] [undefined] 61 119 0 80 (1031209040)
2025-08-15 18:00:52:794 [IN ] C8 24 09 18 25 A5 09 01 31 03 CF 00 00 0D B3 25 A5 09 01 31 05 E6 3D 77 00 00 DA A5 00 (29)
                              [N9:P] MOTOR_I 0 0 (0)
                              [N9:P] [undefined] 61 119 0 0 (1031208960)
2025-08-15 18:00:52:878 [IN ] C8 24 0C 18 25 A5 0C 01 31 03 CF 00 00 10 C8 25 A5 0C 01 31 05 E6 3D 77 00 50 2D 10 00 (29)
                              [N12:Z] MOTOR_I 0 0 (0)
                              [N12:Z] [undefined] 61 119 0 80 (1031209040)
2025-08-15 18:00:52:899 [IN ] C8 24 04 0E 25 A5 04 01 31 06 81 53 FF FF FF FF 0C 7E 01 C8 24 09 18 25 A5 09 01 31 03 CF 00 00 0D B3 25 A5 09 01 31 05 E6 3D 77 00 00 DA A5 00 (48)
                              [N4:Y] TPOS 'S' 255 255 255 255 (-1)
                              [N9:P] MOTOR_I 0 0 (0)
                              [N9:P] [undefined] 61 119 0 0 (1031208960)
2025-08-15 18:00:53:101 [IN ] C8 24 0C 18 25 A5 0C 01 31 03 CF 00 08 18 D0 25 A5 0C 01 31 05 E6 3D 77 00 50 2D 10 00 C8 24 09 18 25 A5 09 01 31 03 CF 00 00 0D B3 25 A5 09 01 31 05 E6 3D 77 00 00 DA A5 00 C8 24 0C 18 25 A5 
0C 01 31 03 CF 00 01 11 C9 25 A5 0C 01 31 05 E6 3D 77 00 50 2D 10 00 C8 24 09 18 25 A5 09 01 31 03 CF 00 00 0D B3 25 A5 09 01 31 05 E6 3D 77 00 00 DA A5 00 (116)
                              [N12:Z] MOTOR_I 0 8 (8)
                              [N12:Z] [undefined] 61 119 0 80 (1031209040)
                              [N9:P] MOTOR_I 0 0 (0)
                              [N9:P] [undefined] 61 119 0 0 (1031208960)
                              [N12:Z] MOTOR_I 0 1 (1)
                              [N12:Z] [undefined] 61 119 0 80 (1031209040)
                              [N9:P] MOTOR_I 0 0 (0)
                              [N9:P] [undefined] 61 119 0 0 (1031208960)
2025-08-15 18:00:53:303 [IN ] C8 24 0C 18 25 A5 0C 01 31 03 CF 00 00 10 C8 25 A5 0C 01 31 05 E6 3D 77 00 50 2D 10 00 C8 24 09 18 25 A5 09 01 31 03 CF 00 00 0D B3 25 A5 09 01 31 05 E6 3D 77 00 00 DA A5 00 C8 24 0C 18 25 A5 
0C 01 31 03 CF 00 02 12 CA 25 A5 0C 01 31 05 E6 3D 77 00 50 2D 10 00 C8 24 09 18 25 A5 09 01 31 03 CF 00 00 0D B3 25 A5 09 01 31 05 E6 3D 77 00 00 DA A5 00 (116)
                              [N12:Z] MOTOR_I 0 0 (0)
                              [N12:Z] [undefined] 61 119 0 80 (1031209040)
                              [N9:P] MOTOR_I 0 0 (0)
                              [N9:P] [undefined] 61 119 0 0 (1031208960)
                              [N12:Z] MOTOR_I 0 2 (2)
                              [N12:Z] [undefined] 61 119 0 80 (1031209040)
                              [N9:P] MOTOR_I 0 0 (0)
                              [N9:P] [undefined] 61 119 0 0 (1031208960)
2025-08-15 18:00:53:504 [IN ] C8 24 0C 18 25 A5 0C 01 31 03 CF 00 00 10 C8 25 A5 0C 01 31 05 E6 3D 77 00 50 2D 10 00 C8 24 09 18 25 A5 09 01 31 03 CF 00 00 0D B3 25 A5 09 01 31 05 E6 3D 77 00 00 DA A5 00 C8 24 0C 0E 25 A5 
0C 01 31 03 CF 00 0A 1A D2 25 A5 0C 01 C8 24 0C 0A 01 31 05 E6 3D 77 00 50 2D 10 D2 C8 24 09 18 25 A5 09 01 31 03 CF 00 00 0D B3 25 A5 09 01 31 05 E6 3D 77 00 00 DA A5 00 (121)
                              [N12:Z] MOTOR_I 0 0 (0)
                              [N12:Z] [undefined] 61 119 0 80 (1031209040)
                              [N9:P] MOTOR_I 0 0 (0)
                              [N9:P] [undefined] 61 119 0 0 (1031208960)
                              [N12:Z] MOTOR_I 0 10 (10)
                              [N12:Z] [undefined] 61 119 0 80 (1031209040)
                              [N9:P] MOTOR_I 0 0 (0)
                              [N9:P] [undefined] 61 119 0 0 (1031208960)
2025-08-15 18:00:53:708 [IN ] C8 24 0C 15 25 A5 0C 01 31 03 CF 00 03 13 CB 25 A5 0C 01 31 05 E6 3D 77 00 00 C8 24 09 18 25 A5 09 01 31 03 CF 00 00 0D B3 25 A5 09 01 31 05 E6 3D 77 00 00 DA A5 00 C8 24 0C 1B 50 2D 10 25 A5 
0C 01 31 03 CF 00 01 11 C9 25 A5 0C 01 31 05 E6 3D 77 00 50 2D 10 31 C8 24 09 18 25 A5 09 01 31 03 CF 00 00 0D B3 25 A5 09 01 31 05 E6 3D 77 00 00 DA A5 50 (116)
                              [N12:Z] MOTOR_I 0 3 (3)
                              [N9:P] MOTOR_I 0 0 (0)
                              [N9:P] [undefined] 61 119 0 0 (1031208960)
                              [N12:Z] [undefined] 61 119 0 80 (1031209040)
                              [N12:Z] MOTOR_I 0 1 (1)
                              [N12:Z] [undefined] 61 119 0 80 (1031209040)
                              [N9:P] MOTOR_I 0 0 (0)
                              [N9:P] [undefined] 61 119 0 0 (1031208960)
2025-08-15 18:00:53:910 [IN ] C8 24 0C 18 25 A5 0C 01 31 03 CF 00 03 13 CB 25 A5 0C 01 31 05 E6 3D 77 00 50 2D 10 50 C8 24 09 18 25 A5 09 01 31 03 CF 00 00 0D B3 25 A5 09 01 31 05 E6 3D 77 00 00 DA A5 50 C8 24 0C 18 25 A5 
0C 01 31 03 CF 00 0E 1E D6 25 A5 0C 01 31 05 E6 3D 77 00 50 2D 10 50 (87)
                              [N12:Z] MOTOR_I 0 3 (3)
                              [N12:Z] [undefined] 61 119 0 80 (1031209040)
                              [N9:P] MOTOR_I 0 0 (0)
                              [N9:P] [undefined] 61 119 0 0 (1031208960)
                              [N12:Z] MOTOR_I 0 14 (14)
                              [N12:Z] [undefined] 61 119 0 80 (1031209040)
2025-08-15 18:00:54:111 [IN ] C8 24 09 18 25 A5 09 01 31 03 CF 00 00 0D B3 25 A5 09 01 31 05 E6 3D 77 00 00 DA A5 50 C8 24 0C 18 25 A5 0C 01 31 03 CF 00 03 13 CB 25 A5 0C 01 31 05 E6 3D 77 00 50 2D 10 50 C8 24 09 18 25 A5 
09 01 31 03 CF 00 00 0D B3 25 A5 09 01 31 05 E6 3D 77 00 00 DA A5 50 C8 24 0C 18 25 A5 0C 01 31 03 CF 00 00 10 C8 25 A5 0C 01 31 05 E6 3D 77 00 50 2D 10 50 C8 24 09 18 25 A5 09 01 31 03 CF 00 
00 0D B3 25 A5 09 01 31 05 E6 3D 77 00 00 DA A5 50 (145)
                              [N9:P] MOTOR_I 0 0 (0)
                              [N9:P] [undefined] 61 119 0 0 (1031208960)
                              [N12:Z] MOTOR_I 0 3 (3)
                              [N12:Z] [undefined] 61 119 0 80 (1031209040)
                              [N9:P] MOTOR_I 0 0 (0)
                              [N9:P] [undefined] 61 119 0 0 (1031208960)
                              [N12:Z] MOTOR_I 0 0 (0)
                              [N12:Z] [undefined] 61 119 0 80 (1031209040)
                              [N9:P] MOTOR_I 0 0 (0)
                              [N9:P] [undefined] 61 119 0 0 (1031208960)
2025-08-15 18:00:54:313 [IN ] C8 24 0C 18 25 A5 0C 01 31 03 CF 00 01 11 C9 25 A5 0C 01 31 05 E6 3D 77 00 50 2D 10 50 C8 24 09 0E 25 A5 09 01 31 03 CF 00 00 0D B3 25 A5 09 01 C8 24 09 0A 01 31 05 E6 3D 77 00 00 DA A5 B3 C8 
24 0C 18 25 A5 0C 01 31 03 CF 00 00 10 C8 25 A5 0C 01 31 05 E6 3D 77 00 50 2D 10 50 C8 24 09 15 25 A5 09 01 31 03 CF 00 00 0D B3 25 A5 09 01 31 05 E6 3D 77 00 50 (118)
                              [N12:Z] MOTOR_I 0 1 (1)
                              [N12:Z] [undefined] 61 119 0 80 (1031209040)
                              [N9:P] MOTOR_I 0 0 (0)
                              [N9:P] [undefined] 61 119 0 0 (1031208960)
                              [N12:Z] MOTOR_I 0 0 (0)
                              [N12:Z] [undefined] 61 119 0 80 (1031209040)
                              [N9:P] MOTOR_I 0 0 (0)
2025-08-15 18:00:54:517 [IN ] C8 24 0C 18 25 A5 0C 01 31 03 CF 00 07 17 CF 25 A5 0C 01 31 05 E6 3D 77 00 50 2D 10 50 C8 24 09 1B 00 DA A5 25 A5 09 01 31 03 CF 00 00 0D B3 25 A5 09 01 31 05 E6 3D 77 00 00 DA A5 31 C8 24 0C 
18 25 A5 0C 01 31 03 CF 00 0E 1E D6 25 A5 0C 01 31 05 E6 3D 77 00 50 2D 10 00 C8 24 09 18 25 A5 09 01 31 03 CF 00 00 0D B3 25 A5 09 01 31 05 E6 3D 77 00 00 DA A5 00 (119)
                              [N12:Z] MOTOR_I 0 7 (7)
                              [N12:Z] [undefined] 61 119 0 80 (1031209040)
                              [N9:P] [undefined] 61 119 0 0 (1031208960)
                              [N9:P] MOTOR_I 0 0 (0)
                              [N9:P] [undefined] 61 119 0 0 (1031208960)
                              [N12:Z] MOTOR_I 0 14 (14)
                              [N12:Z] [undefined] 61 119 0 80 (1031209040)
                              [N9:P] MOTOR_I 0 0 (0)
                              [N9:P] [undefined] 61 119 0 0 (1031208960)
2025-08-15 18:00:54:718 [IN ] C8 24 0C 18 25 A5 0C 01 31 03 CF 00 00 10 C8 25 A5 0C 01 31 05 E6 3D 77 00 50 2D 10 00 C8 24 09 18 25 A5 09 01 31 03 CF 00 00 0D B3 25 A5 09 01 31 05 E6 3D 77 00 00 DA A5 00 C8 24 0C 18 25 A5 
0C 01 31 03 CF 00 07 17 CF 25 A5 0C 01 31 05 E6 3D 77 00 50 2D 10 00 C8 24 09 18 25 A5 09 01 31 03 CF 00 00 0D B3 25 A5 09 01 31 05 E6 3D 77 00 00 DA A5 00 (116)
                              [N12:Z] MOTOR_I 0 0 (0)
                              [N12:Z] [undefined] 61 119 0 80 (1031209040)
                              [N9:P] MOTOR_I 0 0 (0)
                              [N9:P] [undefined] 61 119 0 0 (1031208960)
                              [N12:Z] MOTOR_I 0 7 (7)
                              [N12:Z] [undefined] 61 119 0 80 (1031209040)
                              [N9:P] MOTOR_I 0 0 (0)
                              [N9:P] [undefined] 61 119 0 0 (1031208960)
2025-08-15 18:00:54:919 [IN ] C8 24 0C 18 25 A5 0C 01 31 03 CF 00 04 14 CC 25 A5 0C 01 31 05 E6 3D 77 00 50 2D 10 00 C8 24 09 18 25 A5 09 01 31 03 CF 00 00 0D B3 25 A5 09 01 31 05 E6 3D 77 00 00 DA A5 00 C8 24 0C 18 25 A5 
0C 01 31 03 CF 00 0D 1D D5 25 A5 0C 01 31 05 E6 3D 77 00 50 2D 10 00 C8 24 09 18 25 A5 09 01 31 03 CF 00 00 0D B3 25 A5 09 01 31 05 E6 3D 77 00 00 DA A5 00 (116)
                              [N12:Z] MOTOR_I 0 4 (4)
                              [N12:Z] [undefined] 61 119 0 80 (1031209040)
                              [N9:P] MOTOR_I 0 0 (0)
                              [N9:P] [undefined] 61 119 0 0 (1031208960)
                              [N12:Z] MOTOR_I 0 13 (13)
                              [N12:Z] [undefined] 61 119 0 80 (1031209040)
                              [N9:P] MOTOR_I 0 0 (0)
                              [N9:P] [undefined] 61 119 0 0 (1031208960)
2025-08-15 18:00:55:121 [IN ] C8 24 0C 18 25 A5 0C 01 31 03 CF 00 0C 1C D4 25 A5 0C 01 31 05 E6 3D 77 00 50 2D 10 00 C8 24 09 18 25 A5 09 01 31 03 CF 00 00 0D B3 25 A5 09 01 31 05 E6 3D 77 00 00 DA A5 00 C8 24 0C 18 25 A5 
0C 01 31 03 CF 00 03 13 CB 25 A5 0C 01 31 05 E6 3D 77 00 50 2D 10 00 C8 24 09 18 25 A5 09 01 31 03 CF 00 00 0D B3 25 A5 09 01 31 05 E6 3D 77 00 00 DA A5 00 (116)
                              [N12:Z] MOTOR_I 0 12 (12)
                              [N12:Z] [undefined] 61 119 0 80 (1031209040)
                              [N9:P] MOTOR_I 0 0 (0)
                              [N9:P] [undefined] 61 119 0 0 (1031208960)
                              [N12:Z] MOTOR_I 0 3 (3)
                              [N12:Z] [undefined] 61 119 0 80 (1031209040)
                              [N9:P] MOTOR_I 0 0 (0)
                              [N9:P] [undefined] 61 119 0 0 (1031208960)
2025-08-15 18:00:55:322 [IN ] C8 24 0C 18 25 A5 0C 01 31 03 CF 00 02 12 CA 25 A5 0C 01 31 05 E6 3D 77 00 50 2D 10 00 C8 24 09 18 25 A5 09 01 31 03 CF 00 00 0D B3 25 A5 09 01 31 05 E6 3D 77 00 00 DA A5 00 C8 24 0C 0E 25 A5 
0C 01 31 03 CF 00 07 17 CF 25 A5 0C 01 C8 24 0C 0A 01 31 05 E6 3D 77 00 50 2D 10 CF C8 24 09 18 25 A5 09 01 31 03 CF 00 00 0D B3 25 A5 09 01 31 05 E6 3D 77 00 00 DA A5 00 (121)
                              [N12:Z] MOTOR_I 0 2 (2)
                              [N12:Z] [undefined] 61 119 0 80 (1031209040)
                              [N9:P] MOTOR_I 0 0 (0)
                              [N9:P] [undefined] 61 119 0 0 (1031208960)
                              [N12:Z] MOTOR_I 0 7 (7)
                              [N12:Z] [undefined] 61 119 0 80 (1031209040)
                              [N9:P] MOTOR_I 0 0 (0)
                              [N9:P] [undefined] 61 119 0 0 (1031208960)
2025-08-15 18:00:55:525 [IN ] C8 24 0C 15 25 A5 0C 01 31 03 CF 00 06 16 CE 25 A5 0C 01 31 05 E6 3D 77 00 00 C8 24 09 18 25 A5 09 01 31 03 CF 00 00 0D B3 25 A5 09 01 31 05 E6 3D 77 00 00 DA A5 00 C8 24 0C 1B 50 2D 10 25 A5 
0C 01 31 03 CF 00 0A 1A D2 25 A5 0C 01 31 05 E6 3D 77 00 50 2D 10 31 C8 24 09 18 25 A5 09 01 31 03 CF 00 00 0D B3 25 A5 (104)
                              [N12:Z] MOTOR_I 0 6 (6)
                              [N9:P] MOTOR_I 0 0 (0)
                              [N9:P] [undefined] 61 119 0 0 (1031208960)
                              [N12:Z] [undefined] 61 119 0 80 (1031209040)
                              [N12:Z] MOTOR_I 0 10 (10)
                              [N12:Z] [undefined] 61 119 0 80 (1031209040)
2025-08-15 18:00:55:726 [IN ] 09 01 31 05 E6 3D 77 00 00 DA A5 50 C8 24 0C 18 25 A5 0C 01 31 03 CF 00 10 20 D8 25 A5 0C 01 31 05 E6 3D 77 00 50 2D 10 50 C8 24 09 18 25 A5 09 01 31 03 CF 00 00 0D B3 25 A5 09 01 31 05 E6 3D 
77 00 00 DA A5 50 C8 24 0C 18 25 A5 0C 01 31 03 CF 00 00 10 C8 25 A5 0C 01 31 05 E6 3D 77 00 50 2D 10 50 C8 24 09 18 25 A5 09 01 31 03 CF 00 00 0D B3 25 A5 09 01 31 05 E6 3D 77 00 00 DA A5 50 (128)
                              [N9:P] MOTOR_I 0 0 (0)
                              [N9:P] [undefined] 61 119 0 0 (1031208960)
                              [N12:Z] MOTOR_I 0 16 (16)
                              [N12:Z] [undefined] 61 119 0 80 (1031209040)
                              [N9:P] MOTOR_I 0 0 (0)
                              [N9:P] [undefined] 61 119 0 0 (1031208960)
                              [N12:Z] MOTOR_I 0 0 (0)
                              [N12:Z] [undefined] 61 119 0 80 (1031209040)
                              [N9:P] MOTOR_I 0 0 (0)
                              [N9:P] [undefined] 61 119 0 0 (1031208960)
2025-08-15 18:00:55:927 [IN ] C8 24 0C 18 25 A5 0C 01 31 03 CF 00 06 16 CE 25 A5 0C 01 31 05 E6 3D 77 00 50 2D 10 50 C8 24 09 18 25 A5 09 01 31 03 CF 00 00 0D B3 25 A5 09 01 31 05 E6 3D 77 00 00 DA A5 50 C8 24 0C 18 25 A5 
0C 01 31 03 CF 00 06 16 CE 25 A5 0C 01 31 05 E6 3D 77 00 50 2D 10 50 C8 24 09 18 25 A5 09 01 31 03 CF 00 00 0D B3 25 A5 09 01 31 05 E6 3D 77 00 00 DA A5 50 (116)
                              [N12:Z] MOTOR_I 0 6 (6)
                              [N12:Z] [undefined] 61 119 0 80 (1031209040)
                              [N9:P] MOTOR_I 0 0 (0)
                              [N9:P] [undefined] 61 119 0 0 (1031208960)
                              [N12:Z] MOTOR_I 0 6 (6)
                              [N12:Z] [undefined] 61 119 0 80 (1031209040)
                              [N9:P] MOTOR_I 0 0 (0)
                              [N9:P] [undefined] 61 119 0 0 (1031208960)
2025-08-15 18:00:56:129 [IN ] C8 24 0C 18 25 A5 0C 01 31 03 CF 00 01 11 C9 25 A5 0C 01 31 05 E6 3D 77 00 50 2D 10 50 C8 24 09 0E 25 A5 09 01 31 03 CF 00 00 0D B3 25 A5 09 01 C8 24 09 0A 01 31 05 E6 3D 77 00 00 DA A5 B3 C8 
24 0C 18 25 A5 0C 01 31 03 CF 00 01 11 C9 25 A5 0C 01 31 05 E6 3D 77 00 50 2D 10 50 C8 24 09 18 25 A5 09 01 31 03 CF 00 00 0D B3 25 A5 09 01 31 05 E6 3D 77 00 00 DA A5 50 (121)
                              [N12:Z] MOTOR_I 0 1 (1)
                              [N12:Z] [undefined] 61 119 0 80 (1031209040)
                              [N9:P] MOTOR_I 0 0 (0)
                              [N9:P] [undefined] 61 119 0 0 (1031208960)
                              [N12:Z] MOTOR_I 0 1 (1)
                              [N12:Z] [undefined] 61 119 0 80 (1031209040)
                              [N9:P] MOTOR_I 0 0 (0)
                              [N9:P] [undefined] 61 119 0 0 (1031208960)
2025-08-15 18:00:56:331 [IN ] C8 24 03 0B 25 A5 03 01 31 03 81 5A 4C 5F 9F 25 C8 24 0C 18 25 A5 0C 01 31 03 CF 00 0C 1C D4 25 A5 0C 01 31 05 E6 3D 77 00 50 2D 10 50 C8 24 03 0A 25 A5 03 01 31 02 81 49 01 2C D4 C8 24 09 18 
25 A5 09 01 31 03 CF 00 00 0D B3 25 A5 09 01 31 05 E6 3D 77 00 00 DA A5 50 C8 24 0C 18 25 A5 0C 01 31 03 CF 00 03 13 CB 25 A5 0C 01 31 05 E6 3D 77 00 50 2D 10 50 C8 24 09 18 25 A5 09 01 31 03 
CF 00 00 0D B3 25 A5 09 01 31 05 E6 3D 77 00 00 DA A5 50 (147)
                              [N3:X] TPOS 'Z' 76 (76)
                              [N12:Z] MOTOR_I 0 12 (12)
                              [N12:Z] [undefined] 61 119 0 80 (1031209040)
                              [N3:X] TPOS 'I'
                              [N9:P] MOTOR_I 0 0 (0)
                              [N9:P] [undefined] 61 119 0 0 (1031208960)
                              [N12:Z] MOTOR_I 0 3 (3)
                              [N12:Z] [undefined] 61 119 0 80 (1031209040)
                              [N9:P] MOTOR_I 0 0 (0)
                              [N9:P] [undefined] 61 119 0 0 (1031208960)
2025-08-15 18:00:56:533 [IN ] C8 24 07 0B 25 A5 07 01 31 03 81 5A 4C 63 BB 25 C8 24 0C 18 25 A5 0C 01 31 03 CF 00 0E 1E D6 25 A5 0C 01 31 05 E6 3D 77 00 50 2D 10 50 C8 24 07 0A 25 A5 07 01 31 02 81 49 05 44 D6 C8 24 09 18 
25 A5 09 01 31 03 CF 00 00 0D B3 25 A5 09 01 31 05 E6 3D 77 00 00 DA A5 50 C8 24 0C 18 25 A5 0C 01 31 03 CF 00 01 11 C9 25 A5 0C 01 31 05 E6 3D 77 00 50 2D 10 50 C8 24 09 18 25 A5 09 01 31 03 
CF 00 00 0D B3 25 A5 09 01 31 05 E6 3D 77 00 00 DA A5 50 (147)
                              [N7:N] TPOS 'Z' 76 (76)
                              [N12:Z] MOTOR_I 0 14 (14)
                              [N12:Z] [undefined] 61 119 0 80 (1031209040)
                              [N7:N] TPOS 'I'
                              [N9:P] MOTOR_I 0 0 (0)
                              [N9:P] [undefined] 61 119 0 0 (1031208960)
                              [N12:Z] MOTOR_I 0 1 (1)
                              [N12:Z] [undefined] 61 119 0 80 (1031209040)
                              [N9:P] MOTOR_I 0 0 (0)
                              [N9:P] [undefined] 61 119 0 0 (1031208960)
2025-08-15 18:00:56:555 [OUT] 25 A5 01 03 31 03 C9 3D 09 47 F8 (11)
                              [N3:X] LFLAG '=' 9 (9)
2025-08-15 18:00:56:577 [OUT] 25 A5 01 07 31 03 C9 3D 09 4B 10 (11)
                              [N7:N] LFLAG '=' 9 (9)
2025-08-15 18:00:56:599 [IN ] C8 24 0C 18 25 A5 0C 01 31 03 CF 00 00 10 C8 25 A5 0C 01 31 05 E6 3D 77 00 50 2D 10 50 (29)
                              [N12:Z] MOTOR_I 0 0 (0)
                              [N12:Z] [undefined] 61 119 0 80 (1031209040)
2025-08-15 18:00:56:620 [IN ] C8 24 09 18 25 A5 09 01 31 03 CF 00 00 0D B3 (15)
2025-08-15 18:00:56:641 [IN ] 25 A5 09 01 31 05 E6 3D 77 00 00 DA A5 50 (14)
                              [N9:P] MOTOR_I 0 0 (0)
                              [N9:P] [undefined] 61 119 0 0 (1031208960)
2025-08-15 18:00:56:704 [IN ] C8 24 0C 18 25 A5 0C 01 31 03 CF 00 0E 1E D6 25 A5 0C 01 31 05 E6 3D 77 00 50 2D 10 50 (29)
                              [N12:Z] MOTOR_I 0 14 (14)
                              [N12:Z] [undefined] 61 119 0 80 (1031209040)
2025-08-15 18:00:56:724 [IN ] C8 24 03 0B 25 A5 03 01 31 03 C9 3A 09 44 F4 25 (16)
                              [N3:X] LFLAG ':' 9 (9)
2025-08-15 18:00:56:745 [IN ] C8 24 09 18 25 A5 09 01 31 03 CF 00 00 0D B3 25 A5 09 01 31 05 E6 3D 77 00 00 DA A5 50 (29)
                              [N9:P] MOTOR_I 0 0 (0)
                              [N9:P] [undefined] 61 119 0 0 (1031208960)
2025-08-15 18:00:56:808 [IN ] C8 24 0C 18 25 A5 0C 01 31 03 CF 00 05 15 CD 25 A5 0C 01 31 05 E6 3D 77 00 50 2D 10 50 (29)
                              [N12:Z] MOTOR_I 0 5 (5)
                              [N12:Z] [undefined] 61 119 0 80 (1031209040)
2025-08-15 18:00:56:830 [IN ] C8 24 07 0B 25 A5 07 01 31 03 C9 3A 09 48 10 25 C8 24 09 18 25 A5 09 01 31 03 CF 00 00 0D B3 25 A5 09 01 31 05 E6 3D 77 00 00 DA A5 50 (45)
                              [N7:N] LFLAG ':' 9 (9)
                              [N9:P] MOTOR_I 0 0 (0)
                              [N9:P] [undefined] 61 119 0 0 (1031208960)
2025-08-15 18:00:57:032 [IN ] C8 24 0C 18 25 A5 0C 01 31 03 CF 00 0F 1F D7 25 A5 0C 01 31 05 E6 3D 77 00 50 2D 10 50 C8 24 09 18 25 A5 09 01 31 03 CF 00 00 0D B3 25 A5 09 01 31 05 E6 3D 77 00 00 DA A5 50 C8 24 0C 0E 25 A5 
0C 01 31 03 CF 00 00 10 C8 25 A5 0C 01 C8 24 0C 0A 01 31 05 E6 3D 77 00 50 2D 10 C8 C8 24 09 18 25 A5 09 01 31 03 CF 00 00 0D B3 25 A5 09 01 31 05 E6 3D 77 00 00 DA A5 50 (121)
                              [N12:Z] MOTOR_I 0 15 (15)
                              [N12:Z] [undefined] 61 119 0 80 (1031209040)
                              [N9:P] MOTOR_I 0 0 (0)
                              [N9:P] [undefined] 61 119 0 0 (1031208960)
                              [N12:Z] MOTOR_I 0 0 (0)
                              [N12:Z] [undefined] 61 119 0 80 (1031209040)
                              [N9:P] MOTOR_I 0 0 (0)
                              [N9:P] [undefined] 61 119 0 0 (1031208960)
2025-08-15 18:00:57:234 [IN ] C8 24 0C 15 25 A5 0C 01 31 03 CF 00 00 10 C8 25 A5 0C 01 31 05 E6 3D 77 00 00 C8 24 09 18 25 A5 09 01 31 03 CF 00 00 0D B3 25 A5 09 01 31 05 E6 3D 77 00 00 DA A5 50 C8 24 0C 1B 50 2D 10 25 A5 
0C 01 31 03 CF 00 0C 1C D4 25 A5 0C 01 31 05 E6 3D 77 00 50 2D 10 31 (87)
                              [N12:Z] MOTOR_I 0 0 (0)
                              [N9:P] MOTOR_I 0 0 (0)
                              [N9:P] [undefined] 61 119 0 0 (1031208960)
                              [N12:Z] [undefined] 61 119 0 80 (1031209040)
                              [N12:Z] MOTOR_I 0 12 (12)
                              [N12:Z] [undefined] 61 119 0 80 (1031209040)
2025-08-15 18:00:57:436 [IN ] C8 24 09 18 25 A5 09 01 31 03 CF 00 00 0D B3 25 A5 09 01 31 05 E6 3D 77 00 00 DA A5 50 C8 24 0C 18 25 A5 0C 01 31 03 CF 00 03 13 CB 25 A5 0C 01 31 05 E6 3D 77 00 50 2D 10 50 C8 24 09 18 25 A5 
09 01 31 03 CF 00 00 0D B3 25 A5 09 01 31 05 E6 3D 77 00 00 DA A5 50 C8 24 0C 18 25 A5 0C 01 31 03 CF 00 02 12 CA 25 A5 0C 01 31 05 E6 3D 77 00 50 2D 10 50 C8 24 09 18 25 A5 09 01 31 03 CF 00 
00 0D B3 25 A5 09 01 31 05 E6 (138)
                              [N9:P] MOTOR_I 0 0 (0)
                              [N9:P] [undefined] 61 119 0 0 (1031208960)
                              [N12:Z] MOTOR_I 0 3 (3)
                              [N12:Z] [undefined] 61 119 0 80 (1031209040)
                              [N9:P] MOTOR_I 0 0 (0)
                              [N9:P] [undefined] 61 119 0 0 (1031208960)
                              [N12:Z] MOTOR_I 0 2 (2)
                              [N12:Z] [undefined] 61 119 0 80 (1031209040)
2025-08-15 18:00:57:637 [IN ] 3D 77 00 00 DA A5 50 C8 24 0C 18 25 A5 0C 01 31 03 CF 00 0C 1C D4 25 A5 0C 01 31 05 E6 3D 77 00 50 2D 10 50 C8 24 09 18 25 A5 09 01 31 03 CF 00 00 0D B3 25 A5 09 01 31 05 E6 3D 77 00 00 DA A5 
50 C8 24 0C 18 25 A5 0C 01 31 03 CF 00 07 17 CF 25 A5 0C 01 31 05 E6 3D 77 00 50 2D 10 50 C8 24 09 18 25 A5 09 01 31 03 CF 00 00 0D B3 25 A5 09 01 31 05 E6 3D 77 00 00 DA A5 50 (123)
                              [N9:P] MOTOR_I 0 0 (0)
                              [N9:P] [undefined] 61 119 0 0 (1031208960)
                              [N12:Z] MOTOR_I 0 12 (12)
                              [N12:Z] [undefined] 61 119 0 80 (1031209040)
                              [N9:P] MOTOR_I 0 0 (0)
                              [N9:P] [undefined] 61 119 0 0 (1031208960)
                              [N12:Z] MOTOR_I 0 7 (7)
                              [N12:Z] [undefined] 61 119 0 80 (1031209040)
                              [N9:P] MOTOR_I 0 0 (0)
                              [N9:P] [undefined] 61 119 0 0 (1031208960)
2025-08-15 18:00:57:838 [IN ] C8 24 0C 18 25 A5 0C 01 31 03 CF 00 03 13 CB 25 A5 0C 01 31 05 E6 3D 77 00 50 2D 10 50 C8 24 09 0E 25 A5 09 01 31 03 CF 00 00 0D B3 25 A5 09 01 C8 24 09 0A 01 31 05 E6 3D 77 00 00 DA A5 B3 C8 
24 0C 18 25 A5 0C 01 31 03 CF 00 06 16 CE 25 A5 0C 01 31 05 E6 3D 77 00 50 2D 10 50 C8 24 09 15 25 A5 09 01 31 03 CF 00 00 0D B3 25 A5 09 01 31 05 E6 3D 77 00 50 (118)
                              [N12:Z] MOTOR_I 0 3 (3)
                              [N12:Z] [undefined] 61 119 0 80 (1031209040)
                              [N9:P] MOTOR_I 0 0 (0)
                              [N9:P] [undefined] 61 119 0 0 (1031208960)
                              [N12:Z] MOTOR_I 0 6 (6)
                              [N12:Z] [undefined] 61 119 0 80 (1031209040)
                              [N9:P] MOTOR_I 0 0 (0)
2025-08-15 18:00:58:042 [IN ] C8 24 0C 18 25 A5 0C 01 31 03 CF 00 03 13 CB 25 A5 0C 01 31 05 E6 3D 77 00 50 2D 10 50 C8 24 09 1B 00 DA A5 25 A5 09 01 31 03 CF 00 00 0D B3 25 A5 09 01 31 05 E6 3D 77 00 00 DA A5 31 C8 24 0C 
18 25 A5 0C 01 31 03 CF 00 00 10 C8 25 A5 0C 01 31 05 E6 3D 77 00 50 2D 10 00 C8 24 09 18 25 A5 09 01 31 03 CF 00 00 0D B3 25 A5 09 01 31 05 E6 3D 77 00 00 DA A5 00 (119)
                              [N12:Z] MOTOR_I 0 3 (3)
                              [N12:Z] [undefined] 61 119 0 80 (1031209040)
                              [N9:P] [undefined] 61 119 0 0 (1031208960)
                              [N9:P] MOTOR_I 0 0 (0)
                              [N9:P] [undefined] 61 119 0 0 (1031208960)
                              [N12:Z] MOTOR_I 0 0 (0)
                              [N12:Z] [undefined] 61 119 0 80 (1031209040)
                              [N9:P] MOTOR_I 0 0 (0)
                              [N9:P] [undefined] 61 119 0 0 (1031208960)
2025-08-15 18:00:58:243 [IN ] C8 24 0C 18 25 A5 0C 01 31 03 CF 00 0F 1F D7 25 A5 0C 01 31 05 E6 3D 77 00 50 2D 10 00 C8 24 09 18 25 A5 09 01 31 03 CF 00 00 0D B3 25 A5 09 01 31 05 E6 3D 77 00 00 DA A5 00 C8 24 0C 18 25 A5 
0C 01 31 03 CF 00 0A 1A D2 25 A5 0C 01 31 05 E6 3D 77 00 50 2D 10 00 C8 24 09 18 25 A5 09 01 31 03 CF 00 00 0D B3 25 A5 09 01 31 05 E6 3D 77 00 00 DA A5 00 (116)
                              [N12:Z] MOTOR_I 0 15 (15)
                              [N12:Z] [undefined] 61 119 0 80 (1031209040)
                              [N9:P] MOTOR_I 0 0 (0)
                              [N9:P] [undefined] 61 119 0 0 (1031208960)
                              [N12:Z] MOTOR_I 0 10 (10)
                              [N12:Z] [undefined] 61 119 0 80 (1031209040)
                              [N9:P] MOTOR_I 0 0 (0)
                              [N9:P] [undefined] 61 119 0 0 (1031208960)
2025-08-15 18:00:58:444 [IN ] C8 24 0C 18 25 A5 0C 01 31 03 CF 00 13 23 DB 25 A5 0C 01 31 05 E6 3D 77 00 50 2D 10 00 C8 24 09 18 25 A5 09 01 31 03 CF 00 00 0D B3 25 A5 09 01 31 05 E6 3D 77 00 00 DA A5 00 C8 24 0C 18 25 A5 
0C 01 31 03 CF 00 08 18 D0 25 A5 0C 01 31 05 E6 3D 77 00 50 2D 10 00 C8 24 09 18 25 A5 09 01 31 03 CF 00 00 0D B3 25 A5 09 01 31 05 E6 3D 77 00 00 DA A5 00 (116)
                              [N12:Z] MOTOR_I 0 19 (19)
                              [N12:Z] [undefined] 61 119 0 80 (1031209040)
                              [N9:P] MOTOR_I 0 0 (0)
                              [N9:P] [undefined] 61 119 0 0 (1031208960)
                              [N12:Z] MOTOR_I 0 8 (8)
                              [N12:Z] [undefined] 61 119 0 80 (1031209040)
                              [N9:P] MOTOR_I 0 0 (0)
                              [N9:P] [undefined] 61 119 0 0 (1031208960)
2025-08-15 18:00:58:646 [IN ] C8 24 0C 18 25 A5 0C 01 31 03 CF 00 04 14 CC 25 A5 0C 01 31 05 E6 3D 77 00 50 2D 10 00 C8 24 09 18 25 A5 09 01 31 03 CF 00 00 0D B3 25 A5 09 01 31 05 E6 3D 77 00 00 DA A5 00 C8 24 0C 18 25 A5 
0C 01 31 03 CF 00 09 19 D1 25 A5 0C 01 31 05 E6 3D 77 00 50 2D 10 00 C8 24 09 18 25 A5 09 01 31 03 CF 00 00 0D B3 25 A5 09 01 31 05 E6 3D 77 00 00 DA A5 00 (116)
                              [N12:Z] MOTOR_I 0 4 (4)
                              [N12:Z] [undefined] 61 119 0 80 (1031209040)
                              [N9:P] MOTOR_I 0 0 (0)
                              [N9:P] [undefined] 61 119 0 0 (1031208960)
                              [N12:Z] MOTOR_I 0 9 (9)
                              [N12:Z] [undefined] 61 119 0 80 (1031209040)
                              [N9:P] MOTOR_I 0 0 (0)
                              [N9:P] [undefined] 61 119 0 0 (1031208960)
2025-08-15 18:00:58:847 [IN ] C8 24 0C 0E 25 A5 0C 01 31 03 CF 00 12 22 DA 25 A5 0C 01 C8 24 0C 0A 01 31 05 E6 3D 77 00 50 2D 10 DA C8 24 09 18 25 A5 09 01 31 03 CF 00 00 0D B3 25 A5 09 01 31 05 E6 3D 77 00 00 DA A5 00 C8 
24 0C 15 25 A5 0C 01 31 03 CF 00 03 13 CB 25 A5 0C 01 31 05 E6 3D 77 00 00 C8 24 (91)
                              [N12:Z] MOTOR_I 0 18 (18)
                              [N12:Z] [undefined] 61 119 0 80 (1031209040)
                              [N9:P] MOTOR_I 0 0 (0)
                              [N9:P] [undefined] 61 119 0 0 (1031208960)
                              [N12:Z] MOTOR_I 0 3 (3)
2025-08-15 18:00:59:049 [IN ] 09 18 25 A5 09 01 31 03 CF 00 00 0D B3 25 A5 09 01 31 05 E6 3D 77 00 00 DA A5 00 C8 24 0C 1B 50 2D 10 25 A5 0C 01 31 03 CF 00 00 10 C8 25 A5 0C 01 31 05 E6 3D 77 00 50 2D 10 31 C8 24 09 18 25 
A5 09 01 31 03 CF 00 00 0D B3 25 A5 09 01 31 05 E6 3D 77 00 00 DA A5 50 C8 24 0C 18 25 A5 0C 01 31 03 CF 00 0B 1B D3 25 A5 0C 01 31 05 E6 3D 77 00 50 2D 10 50 C8 24 09 18 25 A5 09 01 31 03 CF 
00 00 0D B3 25 A5 09 01 31 05 E6 3D 77 00 00 DA A5 50 (146)
                              [N9:P] MOTOR_I 0 0 (0)
                              [N9:P] [undefined] 61 119 0 0 (1031208960)
                              [N12:Z] [undefined] 61 119 0 80 (1031209040)
                              [N12:Z] MOTOR_I 0 0 (0)
                              [N12:Z] [undefined] 61 119 0 80 (1031209040)
                              [N9:P] MOTOR_I 0 0 (0)
                              [N9:P] [undefined] 61 119 0 0 (1031208960)
                              [N12:Z] MOTOR_I 0 11 (11)
                              [N12:Z] [undefined] 61 119 0 80 (1031209040)
                              [N9:P] MOTOR_I 0 0 (0)
                              [N9:P] [undefined] 61 119 0 0 (1031208960)
2025-08-15 18:00:59:251 [IN ] C8 24 0C 18 25 A5 0C 01 31 03 CF 00 0D 1D D5 25 A5 0C 01 31 05 E6 3D 77 00 50 2D 10 50 C8 24 09 18 25 A5 09 01 31 03 CF 00 00 0D B3 25 A5 09 01 31 05 E6 3D 77 00 00 DA A5 50 C8 24 0C 18 25 A5 
0C 01 31 03 CF 00 08 18 D0 25 A5 0C 01 31 05 E6 3D 77 00 50 2D 10 50 C8 24 09 18 25 A5 09 01 31 03 CF 00 00 0D B3 25 A5 09 01 31 05 E6 3D 77 00 00 DA A5 50 (116)
                              [N12:Z] MOTOR_I 0 13 (13)
                              [N12:Z] [undefined] 61 119 0 80 (1031209040)
                              [N9:P] MOTOR_I 0 0 (0)
                              [N9:P] [undefined] 61 119 0 0 (1031208960)
                              [N12:Z] MOTOR_I 0 8 (8)
                              [N12:Z] [undefined] 61 119 0 80 (1031209040)
                              [N9:P] MOTOR_I 0 0 (0)
                              [N9:P] [undefined] 61 119 0 0 (1031208960)
2025-08-15 18:00:59:452 [IN ] C8 24 0C 18 25 A5 0C 01 31 03 CF 00 08 18 D0 25 A5 0C 01 31 05 E6 3D 77 00 50 2D 10 50 C8 24 09 18 25 A5 09 01 31 03 CF 00 00 0D B3 25 A5 09 01 31 05 E6 3D 77 00 00 DA A5 50 C8 24 0C 18 25 A5 
0C 01 31 03 CF 00 04 14 CC 25 A5 0C 01 31 05 E6 3D 77 00 50 2D 10 50 C8 24 09 0E 25 A5 09 01 31 03 CF 00 00 0D B3 25 A5 09 01 (106)
                              [N12:Z] MOTOR_I 0 8 (8)
                              [N12:Z] [undefined] 61 119 0 80 (1031209040)
                              [N9:P] MOTOR_I 0 0 (0)
                              [N9:P] [undefined] 61 119 0 0 (1031208960)
                              [N12:Z] MOTOR_I 0 4 (4)
                              [N12:Z] [undefined] 61 119 0 80 (1031209040)
                              [N9:P] MOTOR_I 0 0 (0)
2025-08-15 18:00:59:657 [IN ] C8 24 09 0A 01 31 05 E6 3D 77 00 00 DA A5 B3 C8 24 0C 18 25 A5 0C 01 31 03 CF 00 04 14 CC 25 A5 0C 01 31 05 E6 3D 77 00 50 2D 10 50 C8 24 04 0E 25 A5 04 01 31 06 81 45 FF EE 86 05 7A 19 01 C8 
24 09 15 25 A5 09 01 31 03 CF 00 00 0D B3 25 A5 09 01 31 05 E6 3D 77 00 50 C8 24 0C 0B 25 A5 0C 01 31 03 81 5A 4C 68 DE 25 C8 24 0C 0A 25 A5 0C 01 31 02 81 49 0A 62 DE C8 24 0C 18 25 A5 0C 01 
31 03 CF 00 00 10 C8 25 A5 0C 01 31 05 E6 3D 77 00 00 DD C0 50 C8 24 09 1B 00 DA A5 25 A5 09 01 31 03 CF 00 00 0D B3 25 A5 09 01 31 05 E6 3D 77 00 00 DA A5 31 (181)
                              [N9:P] [undefined] 61 119 0 0 (1031208960)
                              [N12:Z] MOTOR_I 0 4 (4)
                              [N12:Z] [undefined] 61 119 0 80 (1031209040)
                              [N4:Y] TPOS 'E' 255 238 134 5 (-1145339)
                              [N9:P] MOTOR_I 0 0 (0)
                              [N12:Z] TPOS 'Z' 76 (76)
                              [N12:Z] TPOS 'I'
                              [N12:Z] MOTOR_I 0 0 (0)
                              [N12:Z] [undefined] 61 119 0 0 (1031208960)
                              [N9:P] [undefined] 61 119 0 0 (1031208960)
                              [N9:P] MOTOR_I 0 0 (0)
                              [N9:P] [undefined] 61 119 0 0 (1031208960)
2025-08-15 18:00:59:859 [IN ] C8 24 0C 18 25 A5 0C 01 31 03 CF 00 00 10 C8 25 A5 0C 01 31 05 E6 3D 77 00 00 DD C0 00 C8 24 09 18 25 A5 09 01 31 03 CF 00 00 0D B3 25 A5 09 01 31 05 E6 3D 77 00 00 DA A5 00 C8 24 0C 18 25 A5 
0C 01 31 03 CF 00 00 10 C8 25 A5 0C 01 31 05 E6 3D 77 00 00 DD C0 00 C8 24 09 18 25 A5 09 01 31 03 CF 00 00 0D B3 25 A5 09 01 31 05 E6 3D 77 00 00 DA A5 00 (116)
                              [N12:Z] MOTOR_I 0 0 (0)
                              [N12:Z] [undefined] 61 119 0 0 (1031208960)
                              [N9:P] MOTOR_I 0 0 (0)
                              [N9:P] [undefined] 61 119 0 0 (1031208960)
                              [N12:Z] MOTOR_I 0 0 (0)
                              [N12:Z] [undefined] 61 119 0 0 (1031208960)
                              [N9:P] MOTOR_I 0 0 (0)
                              [N9:P] [undefined] 61 119 0 0 (1031208960)
2025-08-15 18:00:59:881 [OUT] 25 A5 01 0C 31 03 C9 3D 09 50 2E (11)
                              [N12:Z] LFLAG '=' 9 (9)
2025-08-15 18:00:59:903 [OUT] 25 A5 01 09 31 05 81 FF E7 5D 56 5A 0C (13)
                              [N9:P] TPOS 255 231 93 86 (-1614506)
2025-08-15 18:00:59:925 [OUT] 25 A5 01 04 31 05 81 FF FD 50 01 09 B7 (13)
                              [N4:Y] TPOS 255 253 80 1 (-176127)
2025-08-15 18:00:59:926 [IN ] C8 24 0C 18 25 A5 0C 01 31 03 CF 00 00 10 C8 25 A5 0C 01 31 05 E6 3D 77 00 00 DD C0 00 (29)
                              [N12:Z] MOTOR_I 0 0 (0)
                              [N12:Z] [undefined] 61 119 0 0 (1031208960)
2025-08-15 18:00:59:948 [OUT] 25 A5 01 07 31 05 81 FF AB 19 75 F7 DF (13)
                              [N7:N] TPOS 255 171 25 117 (-5564043)
2025-08-15 18:00:59:970 [OUT] 25 A5 01 03 31 05 81 FF EC 4A AB 9B 1A (13)
                              [N3:X] TPOS 255 236 74 171 (-1291605)
2025-08-15 18:00:59:992 [OUT] 25 A5 01 06 31 02 D8 3F 51 DD (10)
                              [N6:H] INTERRUPT '?'
2025-08-15 18:00:59:992 [IN ] C8 24 09 18 25 A5 09 01 31 03 CF 00 00 0D B3 25 A5 09 01 31 05 E6 3D 77 00 00 DA A5 00 (29)
                              [N9:P] MOTOR_I 0 0 (0)
                              [N9:P] [undefined] 61 119 0 0 (1031208960)
2025-08-15 18:01:00:295 [IN ] C8 24 0C 18 25 A5 0C 01 31 03 CF 00 00 10 C8 25 A5 0C 01 31 05 E6 3D 77 00 00 DD C0 00 C8 24 09 18 25 A5 09 01 31 03 CF 00 00 0D B3 25 A5 09 01 31 05 E6 3D 77 00 00 DA A5 00 C8 24 0C 0B 25 A5 
0C 01 31 03 C9 3A 09 4D 33 25 C8 24 0C 18 25 A5 0C 01 31 03 CF 00 00 10 C8 25 A5 0C 01 31 05 E6 3D 77 00 00 DD C0 00 C8 24 09 18 25 A5 09 01 31 03 CF 00 00 0D B3 25 A5 09 01 31 05 E6 3D 77 00 
00 DA A5 00 C8 24 09 0E 25 A5 09 01 31 06 81 53 FF FF FF FF 11 B0 01 C8 24 0C 18 25 A5 0C 01 31 03 CF 00 00 10 C8 25 A5 0C 01 31 05 E6 3D 77 00 00 DD C0 00 C8 24 09 18 25 A5 09 01 31 03 CF 00 
13 20 C6 25 A5 09 01 31 05 E6 3D 77 FF B0 89 53 00 C8 24 04 0E (213)
                              [N12:Z] MOTOR_I 0 0 (0)
                              [N12:Z] [undefined] 61 119 0 0 (1031208960)
                              [N9:P] MOTOR_I 0 0 (0)
                              [N9:P] [undefined] 61 119 0 0 (1031208960)
                              [N12:Z] LFLAG ':' 9 (9)
                              [N12:Z] MOTOR_I 0 0 (0)
                              [N12:Z] [undefined] 61 119 0 0 (1031208960)
                              [N9:P] MOTOR_I 0 0 (0)
                              [N9:P] [undefined] 61 119 0 0 (1031208960)
                              [N9:P] TPOS 'S' 255 255 255 255 (-1)
                              [N12:Z] MOTOR_I 0 0 (0)
                              [N12:Z] [undefined] 61 119 0 0 (1031208960)
                              [N9:P] MOTOR_I 0 19 (19)
                              [N9:P] [undefined] 61 119 255 176 (1031274416)
2025-08-15 18:01:00:601 [IN ] 25 A5 04 01 31 06 81 53 FF EE 86 05 88 5F 01 C8 24 0C 18 25 A5 0C 01 31 03 CF 00 00 10 C8 25 A5 0C 01 31 05 E6 3D 77 00 00 DD C0 00 C8 24 09 18 25 A5 09 01 31 03 CF 00 1D 2A D0 25 A5 09 01 31 
05 E6 3D 77 FF B0 89 53 00 C8 24 0C 0E 25 A5 0C 01 31 03 CF 00 00 10 C8 25 A5 0C 01 C8 24 0C 0A 01 31 05 E6 3D 77 00 00 DD C0 C8 C8 24 07 0E 25 A5 07 01 31 06 81 53 FF FF FF F9 09 96 01 C8 24 
09 18 25 A5 09 01 31 03 CF 00 2D 3A E0 25 A5 09 01 31 05 E6 3D 77 FF B0 89 53 00 C8 24 0C 15 25 A5 0C 01 31 03 CF 00 00 10 C8 25 A5 0C 01 31 05 E6 3D 77 00 B0 C8 24 09 18 25 A5 09 01 31 03 CF 
00 19 26 CC 25 A5 09 01 31 05 E6 3D 77 FF B0 89 53 00 C8 24 03 0E 25 A5 03 01 31 06 81 53 00 00 00 00 0F 7E 01 (229)
                              [N4:Y] TPOS 'S' 255 238 134 5 (-1145339)
                              [N12:Z] MOTOR_I 0 0 (0)
                              [N12:Z] [undefined] 61 119 0 0 (1031208960)
                              [N9:P] MOTOR_I 0 29 (29)
                              [N9:P] [undefined] 61 119 255 176 (1031274416)
                              [N12:Z] MOTOR_I 0 0 (0)
                              [N12:Z] [undefined] 61 119 0 0 (1031208960)
                              [N7:N] TPOS 'S' 255 255 255 249 (-7)
                              [N9:P] MOTOR_I 0 45 (45)
                              [N9:P] [undefined] 61 119 255 176 (1031274416)
                              [N12:Z] MOTOR_I 0 0 (0)
                              [N9:P] MOTOR_I 0 25 (25)
                              [N9:P] [undefined] 61 119 255 176 (1031274416)
                              [N3:X] TPOS 'S' 0 0 0 0 (0)
2025-08-15 18:01:00:903 [IN ] C8 24 0C 1B 00 DD C0 25 A5 0C 01 31 03 CF 00 00 10 C8 25 A5 0C 01 31 05 E6 3D 77 00 00 DD C0 31 C8 24 06 0C 25 A5 06 01 31 04 D8 3A 01 01 50 82 10 C8 24 09 18 25 A5 09 01 31 03 CF 00 08 15 BB 
25 A5 09 01 31 05 E6 3D 77 FF B0 89 53 00 C8 24 0C 18 25 A5 0C 01 31 03 CF 00 00 10 C8 25 A5 0C 01 31 05 E6 3D 77 00 00 DD C0 00 C8 24 09 18 25 A5 09 01 31 03 CF 00 19 26 CC 25 A5 09 01 31 05 
E6 3D 77 FF B0 89 53 00 C8 24 0C 18 25 A5 0C 01 31 03 CF 00 00 10 C8 25 A5 0C 01 31 05 E6 3D 77 00 00 DD C0 00 C8 24 09 18 25 A5 09 01 31 03 CF 00 22 2F D5 25 A5 09 01 31 05 E6 3D 77 FF B0 89 
53 00 (194)
                              [N12:Z] [undefined] 61 119 0 0 (1031208960)
                              [N12:Z] MOTOR_I 0 0 (0)
                              [N12:Z] [undefined] 61 119 0 0 (1031208960)
                              [N6:H] INTERRUPT ':' 1 1 (257)
                              [N9:P] MOTOR_I 0 8 (8)
                              [N9:P] [undefined] 61 119 255 176 (1031274416)
                              [N12:Z] MOTOR_I 0 0 (0)
                              [N12:Z] [undefined] 61 119 0 0 (1031208960)
                              [N9:P] MOTOR_I 0 25 (25)
                              [N9:P] [undefined] 61 119 255 176 (1031274416)
                              [N12:Z] MOTOR_I 0 0 (0)
                              [N12:Z] [undefined] 61 119 0 0 (1031208960)
                              [N9:P] MOTOR_I 0 34 (34)
                              [N9:P] [undefined] 61 119 255 176 (1031274416)
2025-08-15 18:01:00:924 [OUT] 25 A5 01 0C 31 05 81 FF BC D0 00 4F 33 (13)
                              [N12:Z] TPOS 255 188 208 0 (-4403200)
2025-08-15 18:01:00:925 [IN ] C8 24 0C 18 25 A5 0C 01 31 03 CF 00 00 10 C8 25 A5 0C 01 31 05 E6 3D 77 00 00 DD C0 00 (29)
                              [N12:Z] MOTOR_I 0 0 (0)
                              [N12:Z] [undefined] 61 119 0 0 (1031208960)
2025-08-15 18:01:00:946 [OUT] 25 A5 01 06 31 03 C9 3D 0B 4C 0C (11)
                              [N6:H] LFLAG '=' 11 (11)
2025-08-15 18:01:00:968 [IN ] C8 24 09 18 25 A5 09 01 31 03 CF 00 0C 19 BF 25 A5 09 01 31 05 E6 3D 77 FF B0 89 53 00 (29)
                              [N9:P] MOTOR_I 0 12 (12)
                              [N9:P] [undefined] 61 119 255 176 (1031274416)
2025-08-15 18:01:01:031 [IN ] C8 24 0C 18 25 A5 0C 01 31 03 CF 00 00 10 C8 25 A5 0C 01 31 05 E6 3D 77 00 00 DD C0 00 (29)
                              [N12:Z] MOTOR_I 0 0 (0)
                              [N12:Z] [undefined] 61 119 0 0 (1031208960)
2025-08-15 18:01:01:072 [IN ] C8 24 09 18 25 A5 09 01 31 03 CF 00 0E 1B C1 25 A5 09 01 31 05 E6 3D 77 FF B0 89 53 00 (29)
                              [N9:P] MOTOR_I 0 14 (14)
                              [N9:P] [undefined] 61 119 255 176 (1031274416)
2025-08-15 18:01:01:114 [IN ] C8 24 0C 0E 25 A5 0C 01 31 06 81 53 FF FF FF F9 0E C8 01 (19)
                              [N12:Z] TPOS 'S' 255 255 255 249 (-7)
2025-08-15 18:01:01:135 [IN ] C8 24 0C 18 25 A5 0C 01 31 03 CF 00 14 24 DC 25 A5 0C 01 31 05 E6 3D 77 FF B0 8C 6E 00 (29)
                              [N12:Z] MOTOR_I 0 20 (20)
                              [N12:Z] [undefined] 61 119 255 176 (1031274416)
2025-08-15 18:01:01:156 [IN ] C8 24 09 0E 25 A5 09 01 31 03 CF 00 13 20 C6 25 A5 09 01 (19)
                              [N9:P] MOTOR_I 0 19 (19)
2025-08-15 18:01:01:178 [IN ] C8 24 09 0A 01 31 05 E6 3D 77 FF B0 89 53 C6 (15)
                              [N9:P] [undefined] 61 119 255 176 (1031274416)
2025-08-15 18:01:01:220 [IN ] C8 24 06 0B 25 A5 06 01 31 03 C9 3A 0B 49 0B 25 C8 24 0C 18 25 A5 0C 01 31 03 CF 00 09 19 D1 25 A5 0C 01 31 05 E6 3D 77 FF B0 8C 6E 00 (45)
                              [N6:H] LFLAG ':' 11 (11)
                              [N12:Z] MOTOR_I 0 9 (9)
                              [N12:Z] [undefined] 61 119 255 176 (1031274416)
2025-08-15 18:01:01:241 [OUT] 25 A5 01 06 31 03 88 FF B0 72 72 (11)
                              [N6:H] RUN 255 176 (-80)
2025-08-15 18:01:01:263 [IN ] C8 24 09 15 25 A5 09 01 31 03 CF 00 17 24 CA 25 A5 09 01 31 05 E6 3D 77 FF B0 (26)
                              [N9:P] MOTOR_I 0 23 (23)
2025-08-15 18:01:01:348 [IN ] C8 24 0C 18 25 A5 0C 01 31 03 CF 00 12 22 DA 25 A5 0C 01 31 05 E6 3D 77 FF B0 8C 6E 00 (29)
                              [N12:Z] MOTOR_I 0 18 (18)
                              [N12:Z] [undefined] 61 119 255 176 (1031274416)
2025-08-15 18:01:01:369 [IN ] C8 24 09 1B B0 89 53 25 A5 09 01 31 03 CF 00 1D 2A D0 25 A5 09 01 31 05 E6 3D 77 FF B0 89 53 31 (32)
                              [N9:P] [undefined] 61 119 255 176 (1031274416)
                              [N9:P] MOTOR_I 0 29 (29)
                              [N9:P] [undefined] 61 119 255 176 (1031274416)
2025-08-15 18:01:01:412 [IN ] C8 24 06 0C 25 A5 06 01 31 04 88 53 FF B0 C6 38 2A (17)
                              [N6:H] RUN 'S' 255 176 (-80)
2025-08-15 18:01:01:613 [IN ] C8 24 0C 18 25 A5 0C 01 31 03 CF 00 03 13 CB 25 A5 0C 01 31 05 E6 3D 77 FF B0 8C 6E B0 C8 24 09 18 25 A5 09 01 31 03 CF 00 1A 27 CD 25 A5 09 01 31 05 E6 3D 77 FF B0 89 53 B0 C8 24 0C 18 25 A5 
0C 01 31 03 CF 00 05 15 CD 25 A5 0C 01 31 05 E6 3D 77 FF B0 8C 6E B0 C8 24 09 18 25 A5 09 01 31 03 CF 00 06 13 B9 25 A5 09 01 31 05 E6 3D 77 FF B0 89 53 B0 (116)
                              [N12:Z] MOTOR_I 0 3 (3)
                              [N12:Z] [undefined] 61 119 255 176 (1031274416)
                              [N9:P] MOTOR_I 0 26 (26)
                              [N9:P] [undefined] 61 119 255 176 (1031274416)
                              [N12:Z] MOTOR_I 0 5 (5)
                              [N12:Z] [undefined] 61 119 255 176 (1031274416)
                              [N9:P] MOTOR_I 0 6 (6)
                              [N9:P] [undefined] 61 119 255 176 (1031274416)
2025-08-15 18:01:01:814 [IN ] C8 24 0C 18 25 A5 0C 01 31 03 CF 00 02 12 CA 25 A5 0C 01 31 05 E6 3D 77 FF B0 8C 6E B0 C8 24 09 18 25 A5 09 01 31 03 CF 00 15 22 C8 25 A5 09 01 31 05 E6 3D 77 FF B0 89 53 B0 C8 24 0C 18 25 A5 
0C 01 31 03 CF 00 0E 1E D6 25 A5 0C 01 31 05 E6 3D 77 FF B0 8C 6E B0 C8 24 09 18 25 A5 09 01 31 03 CF 00 19 26 CC 25 A5 09 01 31 05 E6 3D 77 FF B0 89 53 B0 (116)
                              [N12:Z] MOTOR_I 0 2 (2)
                              [N12:Z] [undefined] 61 119 255 176 (1031274416)
                              [N9:P] MOTOR_I 0 21 (21)
                              [N9:P] [undefined] 61 119 255 176 (1031274416)
                              [N12:Z] MOTOR_I 0 14 (14)
                              [N12:Z] [undefined] 61 119 255 176 (1031274416)
                              [N9:P] MOTOR_I 0 25 (25)
                              [N9:P] [undefined] 61 119 255 176 (1031274416)
2025-08-15 18:01:02:016 [IN ] C8 24 0C 18 25 A5 0C 01 31 03 CF 00 13 23 DB 25 A5 0C 01 31 05 E6 3D 77 FF B0 8C 6E B0 C8 24 09 18 25 A5 09 01 31 03 CF 00 12 1F C5 25 A5 09 01 31 05 E6 3D 77 FF B0 89 53 B0 C8 24 0C 18 25 A5 
0C 01 31 03 CF 00 13 23 DB 25 A5 0C 01 31 05 E6 3D 77 FF B0 8C 6E B0 C8 24 09 18 25 A5 09 01 31 03 CF 00 07 14 BA 25 A5 09 01 31 05 E6 3D 77 FF B0 89 53 B0 (116)
                              [N12:Z] MOTOR_I 0 19 (19)
                              [N12:Z] [undefined] 61 119 255 176 (1031274416)
                              [N9:P] MOTOR_I 0 18 (18)
                              [N9:P] [undefined] 61 119 255 176 (1031274416)
                              [N12:Z] MOTOR_I 0 19 (19)
                              [N12:Z] [undefined] 61 119 255 176 (1031274416)
                              [N9:P] MOTOR_I 0 7 (7)
                              [N9:P] [undefined] 61 119 255 176 (1031274416)
2025-08-15 18:01:02:217 [IN ] C8 24 0C 18 25 A5 0C 01 31 03 CF 00 11 21 D9 25 A5 0C 01 31 05 E6 3D 77 FF B0 8C 6E B0 C8 24 09 18 25 A5 09 01 31 03 CF 00 11 1E C4 25 A5 09 01 31 05 E6 3D 77 FF B0 89 53 B0 C8 24 0C 18 25 A5 
0C 01 31 03 CF 00 02 12 CA 25 A5 0C 01 31 05 E6 3D 77 FF B0 8C 6E B0 C8 24 09 18 25 A5 09 01 31 03 CF 00 1A 27 CD 25 A5 09 01 31 05 E6 3D 77 FF B0 89 53 B0 (116)
                              [N12:Z] MOTOR_I 0 17 (17)
                              [N12:Z] [undefined] 61 119 255 176 (1031274416)
                              [N9:P] MOTOR_I 0 17 (17)
                              [N9:P] [undefined] 61 119 255 176 (1031274416)
                              [N12:Z] MOTOR_I 0 2 (2)
                              [N12:Z] [undefined] 61 119 255 176 (1031274416)
                              [N9:P] MOTOR_I 0 26 (26)
                              [N9:P] [undefined] 61 119 255 176 (1031274416)
2025-08-15 18:01:02:419 [IN ] C8 24 0C 0E 25 A5 0C 01 31 03 CF 00 04 14 CC 25 A5 0C 01 C8 24 0C 0A 01 31 05 E6 3D 77 FF B0 8C 6E CC C8 24 09 18 25 A5 09 01 31 03 CF 00 11 1E C4 25 A5 09 01 31 05 E6 3D 77 FF B0 89 53 B0 C8 
24 0C 18 25 A5 0C 01 31 03 CF 00 0A 1A D2 25 A5 0C 01 31 05 E6 3D 77 FF B0 8C 6E B0 C8 24 09 18 25 A5 09 01 31 03 CF 00 04 11 B7 25 A5 09 01 31 05 E6 3D 77 FF B0 89 53 B0 (121)
                              [N12:Z] MOTOR_I 0 4 (4)
                              [N12:Z] [undefined] 61 119 255 176 (1031274416)
                              [N9:P] MOTOR_I 0 17 (17)
                              [N9:P] [undefined] 61 119 255 176 (1031274416)
                              [N12:Z] MOTOR_I 0 10 (10)
                              [N12:Z] [undefined] 61 119 255 176 (1031274416)
                              [N9:P] MOTOR_I 0 4 (4)
                              [N9:P] [undefined] 61 119 255 176 (1031274416)
2025-08-15 18:01:02:620 [IN ] C8 24 0C 18 25 A5 0C 01 31 03 CF 00 0B 1B D3 25 A5 0C 01 31 05 E6 3D 77 FF B0 8C 6E B0 C8 24 09 18 25 A5 09 01 31 03 CF 00 0B 18 BE 25 A5 09 01 31 05 E6 3D 77 FF B0 89 53 B0 C8 24 0C 18 25 A5 
0C 01 31 03 CF 00 13 23 DB 25 A5 0C 01 31 05 E6 3D 77 FF B0 8C 6E B0 C8 24 09 18 25 A5 09 01 31 03 CF 00 1A 27 CD 25 A5 09 01 31 05 E6 3D 77 FF B0 89 53 B0 (116)
                              [N12:Z] MOTOR_I 0 11 (11)
                              [N12:Z] [undefined] 61 119 255 176 (1031274416)
                              [N9:P] MOTOR_I 0 11 (11)
                              [N9:P] [undefined] 61 119 255 176 (1031274416)
                              [N12:Z] MOTOR_I 0 19 (19)
                              [N12:Z] [undefined] 61 119 255 176 (1031274416)
                              [N9:P] MOTOR_I 0 26 (26)
                              [N9:P] [undefined] 61 119 255 176 (1031274416)
2025-08-15 18:01:02:822 [IN ] C8 24 0C 18 25 A5 0C 01 31 03 CF 00 0C 1C D4 25 A5 0C 01 31 05 E6 3D 77 FF B0 8C 6E B0 C8 24 09 18 25 A5 09 01 31 03 CF 00 15 22 C8 25 A5 09 01 31 05 E6 3D 77 FF B0 89 53 B0 C8 24 0C 18 25 A5 
0C 01 31 03 CF 00 0B 1B D3 25 A5 0C 01 31 05 E6 3D 77 FF B0 8C 6E B0 C8 24 09 18 25 A5 09 01 31 03 CF 00 16 23 C9 25 A5 09 01 31 05 E6 3D 77 FF B0 89 53 B0 (116)
                              [N12:Z] MOTOR_I 0 12 (12)
                              [N12:Z] [undefined] 61 119 255 176 (1031274416)
                              [N9:P] MOTOR_I 0 21 (21)
                              [N9:P] [undefined] 61 119 255 176 (1031274416)
                              [N12:Z] MOTOR_I 0 11 (11)
                              [N12:Z] [undefined] 61 119 255 176 (1031274416)
                              [N9:P] MOTOR_I 0 22 (22)
                              [N9:P] [undefined] 61 119 255 176 (1031274416)
2025-08-15 18:01:03:023 [IN ] C8 24 0C 18 25 A5 0C 01 31 03 CF 00 10 20 D8 25 A5 0C 01 31 05 E6 3D 77 FF B0 8C 6E B0 C8 24 09 0E 25 A5 09 01 31 03 CF 00 04 11 B7 25 A5 09 01 C8 24 09 0A 01 31 05 E6 3D 77 FF B0 89 53 B7 C8 
24 0C 18 25 A5 0C 01 31 03 CF 00 02 12 CA 25 A5 0C 01 31 05 E6 3D 77 FF B0 8C 6E B0 C8 24 09 15 25 A5 09 01 31 03 CF 00 0C 19 BF 25 A5 09 01 31 05 E6 3D 77 FF B0 (118)
                              [N12:Z] MOTOR_I 0 16 (16)
                              [N12:Z] [undefined] 61 119 255 176 (1031274416)
                              [N9:P] MOTOR_I 0 4 (4)
                              [N9:P] [undefined] 61 119 255 176 (1031274416)
                              [N12:Z] MOTOR_I 0 2 (2)
                              [N12:Z] [undefined] 61 119 255 176 (1031274416)
                              [N9:P] MOTOR_I 0 12 (12)
2025-08-15 18:01:03:227 [IN ] C8 24 0C 18 25 A5 0C 01 31 03 CF 00 05 15 CD 25 A5 0C 01 31 05 E6 3D 77 FF B0 8C 6E B0 C8 24 09 1B B0 89 53 25 A5 09 01 31 03 CF 00 11 1E C4 25 A5 09 01 31 05 E6 3D 77 FF B0 89 53 31 C8 24 0C 
18 25 A5 0C 01 31 03 CF 00 02 12 CA 25 A5 0C 01 31 05 E6 3D 77 FF B0 8C 6E B0 C8 24 09 18 25 A5 09 01 31 03 CF 00 1A 27 CD 25 A5 09 01 31 05 E6 3D 77 FF B0 89 53 B0 (119)
                              [N12:Z] MOTOR_I 0 5 (5)
                              [N12:Z] [undefined] 61 119 255 176 (1031274416)
                              [N9:P] [undefined] 61 119 255 176 (1031274416)
                              [N9:P] MOTOR_I 0 17 (17)
                              [N9:P] [undefined] 61 119 255 176 (1031274416)
                              [N12:Z] MOTOR_I 0 2 (2)
                              [N12:Z] [undefined] 61 119 255 176 (1031274416)
                              [N9:P] MOTOR_I 0 26 (26)
                              [N9:P] [undefined] 61 119 255 176 (1031274416)
2025-08-15 18:01:03:428 [IN ] C8 24 0C 18 25 A5 0C 01 31 03 CF 00 11 21 D9 25 A5 0C 01 31 05 E6 3D 77 FF B0 8C 6E B0 C8 24 09 18 25 A5 09 01 31 03 CF 00 13 20 C6 25 A5 09 01 31 05 E6 3D 77 FF B0 89 53 B0 C8 24 0C 18 25 A5 
0C 01 31 03 CF 00 07 17 CF 25 A5 0C 01 31 05 E6 3D 77 FF B0 8C 6E B0 C8 24 09 18 25 A5 09 01 31 03 CF 00 0E 1B C1 25 A5 09 01 31 05 E6 3D 77 FF B0 89 53 B0 (116)
                              [N12:Z] MOTOR_I 0 17 (17)
                              [N12:Z] [undefined] 61 119 255 176 (1031274416)
                              [N9:P] MOTOR_I 0 19 (19)
                              [N9:P] [undefined] 61 119 255 176 (1031274416)
                              [N12:Z] MOTOR_I 0 7 (7)
                              [N12:Z] [undefined] 61 119 255 176 (1031274416)
                              [N9:P] MOTOR_I 0 14 (14)
                              [N9:P] [undefined] 61 119 255 176 (1031274416)
2025-08-15 18:01:03:630 [IN ] C8 24 0C 18 25 A5 0C 01 31 03 CF 00 0D 1D D5 25 A5 0C 01 31 05 E6 3D 77 FF B0 8C 6E B0 C8 24 09 18 25 A5 09 01 31 03 CF 00 22 2F D5 25 A5 09 01 31 05 E6 3D 77 FF B0 89 53 B0 C8 24 0C 18 25 A5 
0C 01 31 03 CF 00 07 17 CF 25 A5 0C 01 31 05 E6 3D 77 FF B0 8C 6E B0 C8 24 09 18 25 A5 09 01 31 03 CF 00 0B 18 BE 25 A5 09 01 31 05 E6 3D 77 FF B0 89 53 B0 (116)
                              [N12:Z] MOTOR_I 0 13 (13)
                              [N12:Z] [undefined] 61 119 255 176 (1031274416)
                              [N9:P] MOTOR_I 0 34 (34)
                              [N9:P] [undefined] 61 119 255 176 (1031274416)
                              [N12:Z] MOTOR_I 0 7 (7)
                              [N12:Z] [undefined] 61 119 255 176 (1031274416)
                              [N9:P] MOTOR_I 0 11 (11)
                              [N9:P] [undefined] 61 119 255 176 (1031274416)
2025-08-15 18:01:03:833 [IN ] C8 24 0C 18 25 A5 0C 01 31 03 CF 00 00 10 C8 25 A5 0C 01 31 05 E6 3D 77 FF B0 8C 6E B0 C8 24 09 18 25 A5 09 01 31 03 CF 00 17 24 CA 25 A5 09 01 31 05 E6 3D 77 FF B0 89 53 B0 C8 24 0C 18 25 A5 
0C 01 31 03 CF 00 05 15 CD 25 A5 0C 01 31 05 E6 3D 77 FF B0 8C 6E B0 C8 24 09 18 25 A5 09 01 31 03 CF 00 10 1D C3 25 A5 09 01 31 05 E6 3D 77 FF B0 89 53 B0 (116)
                              [N12:Z] MOTOR_I 0 0 (0)
                              [N12:Z] [undefined] 61 119 255 176 (1031274416)
                              [N9:P] MOTOR_I 0 23 (23)
                              [N9:P] [undefined] 61 119 255 176 (1031274416)
                              [N12:Z] MOTOR_I 0 5 (5)
                              [N12:Z] [undefined] 61 119 255 176 (1031274416)
                              [N9:P] MOTOR_I 0 16 (16)
                              [N9:P] [undefined] 61 119 255 176 (1031274416)
2025-08-15 18:01:04:035 [IN ] C8 24 0C 18 25 A5 0C 01 31 03 CF 00 0E 1E D6 25 A5 0C 01 31 05 E6 3D 77 FF B0 8C 6E B0 C8 24 09 18 25 A5 09 01 31 03 CF 00 1F 2C D2 25 A5 09 01 31 05 E6 3D 77 FF B0 89 53 B0 C8 24 0C 0E 25 A5 
0C 01 31 03 CF 00 11 21 D9 25 A5 0C 01 C8 24 0C 0A 01 31 05 E6 3D 77 FF B0 8C 6E D9 C8 24 09 18 25 A5 09 01 31 03 CF 00 0F 1C C2 25 A5 09 01 31 05 E6 3D 77 FF B0 89 53 B0 (121)
                              [N12:Z] MOTOR_I 0 14 (14)
                              [N12:Z] [undefined] 61 119 255 176 (1031274416)
                              [N9:P] MOTOR_I 0 31 (31)
                              [N9:P] [undefined] 61 119 255 176 (1031274416)
                              [N12:Z] MOTOR_I 0 17 (17)
                              [N12:Z] [undefined] 61 119 255 176 (1031274416)
                              [N9:P] MOTOR_I 0 15 (15)
                              [N9:P] [undefined] 61 119 255 176 (1031274416)
2025-08-15 18:01:04:237 [IN ] C8 24 0C 18 25 A5 0C 01 31 03 CF 00 03 13 CB 25 A5 0C 01 31 05 E6 3D 77 FF B0 8C 6E B0 C8 24 09 18 25 A5 09 01 31 03 CF 00 04 11 B7 25 A5 09 01 31 05 E6 3D 77 FF B0 89 53 B0 C8 24 0C 18 25 A5 
0C 01 31 03 CF 00 04 14 CC 25 A5 0C 01 31 05 E6 3D 77 FF B0 8C 6E B0 C8 24 09 18 25 A5 09 01 31 03 CF 00 09 16 BC 25 A5 09 01 31 05 E6 3D 77 FF B0 89 53 B0 C8 24 0C 18 25 A5 0C 01 31 03 CF 00 
08 18 D0 25 A5 0C 01 31 05 E6 3D 77 FF B0 8C 6E B0 (145)
                              [N12:Z] MOTOR_I 0 3 (3)
                              [N12:Z] [undefined] 61 119 255 176 (1031274416)
                              [N9:P] MOTOR_I 0 4 (4)
                              [N9:P] [undefined] 61 119 255 176 (1031274416)
                              [N12:Z] MOTOR_I 0 4 (4)
                              [N12:Z] [undefined] 61 119 255 176 (1031274416)
                              [N9:P] MOTOR_I 0 9 (9)
                              [N9:P] [undefined] 61 119 255 176 (1031274416)
                              [N12:Z] MOTOR_I 0 8 (8)
                              [N12:Z] [undefined] 61 119 255 176 (1031274416)
2025-08-15 18:01:04:438 [IN ] C8 24 09 18 25 A5 09 01 31 03 CF 00 0C 19 BF 25 A5 09 01 31 05 E6 3D 77 FF B0 89 53 B0 C8 24 0C 18 25 A5 0C 01 31 03 CF 00 1A 2A E2 25 A5 0C 01 31 05 E6 3D 77 FF B0 8C 6E B0 C8 24 09 18 25 A5 
09 01 31 03 CF 00 0C 19 BF 25 A5 09 01 31 05 E6 3D 77 FF B0 89 53 B0 (87)
                              [N9:P] MOTOR_I 0 12 (12)
                              [N9:P] [undefined] 61 119 255 176 (1031274416)
                              [N12:Z] MOTOR_I 0 26 (26)
                              [N12:Z] [undefined] 61 119 255 176 (1031274416)
                              [N9:P] MOTOR_I 0 12 (12)
                              [N9:P] [undefined] 61 119 255 176 (1031274416)
2025-08-15 18:01:04:639 [IN ] C8 24 0C 18 25 A5 0C 01 31 03 CF 00 11 21 D9 25 A5 0C 01 31 05 E6 3D 77 FF B0 8C 6E B0 C8 24 09 18 25 A5 09 01 31 03 CF 00 01 0E B4 25 A5 09 01 31 05 E6 3D 77 FF B0 89 53 B0 C8 24 0C 18 25 A5 
0C 01 31 03 CF 00 01 11 C9 25 A5 0C 01 31 05 E6 3D 77 FF B0 8C 6E B0 C8 24 09 18 25 A5 09 01 31 03 CF 00 05 12 B8 25 A5 09 01 31 05 E6 3D 77 FF B0 89 53 B0 (116)
                              [N12:Z] MOTOR_I 0 17 (17)
                              [N12:Z] [undefined] 61 119 255 176 (1031274416)
                              [N9:P] MOTOR_I 0 1 (1)
                              [N9:P] [undefined] 61 119 255 176 (1031274416)
                              [N12:Z] MOTOR_I 0 1 (1)
                              [N12:Z] [undefined] 61 119 255 176 (1031274416)
                              [N9:P] MOTOR_I 0 5 (5)
                              [N9:P] [undefined] 61 119 255 176 (1031274416)
2025-08-15 18:01:04:841 [IN ] C8 24 0C 18 25 A5 0C 01 31 03 CF 00 05 15 CD 25 A5 0C 01 31 05 E6 3D 77 FF B0 8C 6E B0 C8 24 09 0E 25 A5 09 01 31 03 CF 00 22 2F D5 25 A5 09 01 C8 24 09 0A 01 31 05 E6 3D 77 FF B0 89 53 D5 C8 
24 0C 18 25 A5 0C 01 31 03 CF 00 09 19 D1 25 A5 0C 01 31 05 E6 3D 77 FF B0 8C 6E B0 C8 24 09 18 25 A5 09 01 31 03 CF 00 12 1F C5 25 A5 09 01 31 05 E6 3D 77 FF B0 89 53 B0 (121)
                              [N12:Z] MOTOR_I 0 5 (5)
                              [N12:Z] [undefined] 61 119 255 176 (1031274416)
                              [N9:P] MOTOR_I 0 34 (34)
                              [N9:P] [undefined] 61 119 255 176 (1031274416)
                              [N12:Z] MOTOR_I 0 9 (9)
                              [N12:Z] [undefined] 61 119 255 176 (1031274416)
                              [N9:P] MOTOR_I 0 18 (18)
                              [N9:P] [undefined] 61 119 255 176 (1031274416)
2025-08-15 18:01:05:042 [IN ] C8 24 0C 18 25 A5 0C 01 31 03 CF 00 0C 1C D4 25 A5 0C 01 31 05 E6 3D 77 FF B0 8C 6E B0 C8 24 09 18 25 A5 09 01 31 03 CF 00 03 10 B6 25 A5 09 01 31 05 E6 3D 77 FF B0 89 53 B0 C8 24 0C 18 25 A5 
0C 01 31 03 CF 00 08 18 D0 25 A5 0C 01 31 05 E6 3D 77 FF B0 8C 6E B0 C8 24 09 18 25 A5 09 01 31 03 CF 00 09 16 BC 25 A5 09 01 31 05 E6 3D 77 FF B0 89 53 B0 (116)
                              [N12:Z] MOTOR_I 0 12 (12)
                              [N12:Z] [undefined] 61 119 255 176 (1031274416)
                              [N9:P] MOTOR_I 0 3 (3)
                              [N9:P] [undefined] 61 119 255 176 (1031274416)
                              [N12:Z] MOTOR_I 0 8 (8)
                              [N12:Z] [undefined] 61 119 255 176 (1031274416)
                              [N9:P] MOTOR_I 0 9 (9)
                              [N9:P] [undefined] 61 119 255 176 (1031274416)
2025-08-15 18:01:05:244 [IN ] C8 24 0C 18 25 A5 0C 01 31 03 CF 00 07 17 CF 25 A5 0C 01 31 05 E6 3D 77 FF B0 8C 6E B0 C8 24 09 18 25 A5 09 01 31 03 CF 00 1B 28 CE 25 A5 09 01 31 05 E6 3D 77 FF B0 89 53 B0 C8 24 0C 18 25 A5 
0C 01 31 03 CF 00 0E 1E D6 25 A5 0C 01 31 05 E6 3D 77 FF B0 8C 6E B0 C8 24 09 18 25 A5 09 01 31 03 CF 00 15 22 C8 25 A5 09 01 31 05 E6 3D 77 FF B0 89 53 B0 (116)
                              [N12:Z] MOTOR_I 0 7 (7)
                              [N12:Z] [undefined] 61 119 255 176 (1031274416)
                              [N9:P] MOTOR_I 0 27 (27)
                              [N9:P] [undefined] 61 119 255 176 (1031274416)
                              [N12:Z] MOTOR_I 0 14 (14)
                              [N12:Z] [undefined] 61 119 255 176 (1031274416)
                              [N9:P] MOTOR_I 0 21 (21)
                              [N9:P] [undefined] 61 119 255 176 (1031274416)
2025-08-15 18:01:05:445 [IN ] C8 24 0C 18 25 A5 0C 01 31 03 CF 00 11 21 D9 25 A5 0C 01 31 05 E6 3D 77 FF B0 8C 6E B0 C8 24 09 18 25 A5 09 01 31 03 CF 00 19 26 CC 25 A5 09 01 31 05 E6 3D 77 FF B0 89 53 B0 C8 24 0C 18 25 A5 
0C 01 31 03 CF 00 01 11 C9 25 A5 0C 01 31 05 E6 3D 77 FF B0 8C 6E B0 C8 24 09 18 25 A5 09 01 31 03 CF 00 09 16 BC 25 A5 09 01 31 05 E6 3D 77 FF B0 89 53 B0 (116)
                              [N12:Z] MOTOR_I 0 17 (17)
                              [N12:Z] [undefined] 61 119 255 176 (1031274416)
                              [N9:P] MOTOR_I 0 25 (25)
                              [N9:P] [undefined] 61 119 255 176 (1031274416)
                              [N12:Z] MOTOR_I 0 1 (1)
                              [N12:Z] [undefined] 61 119 255 176 (1031274416)
                              [N9:P] MOTOR_I 0 9 (9)
                              [N9:P] [undefined] 61 119 255 176 (1031274416)
2025-08-15 18:01:05:647 [IN ] C8 24 0C 18 25 A5 0C 01 31 03 CF 00 06 16 CE 25 A5 0C 01 31 05 E6 3D 77 FF B0 8C 6E B0 C8 24 09 18 25 A5 09 01 31 03 CF 00 0A 17 BD 25 A5 09 01 31 05 E6 3D 77 FF B0 89 53 B0 C8 24 0C 18 25 A5 
0C 01 31 03 CF 00 00 10 C8 25 A5 0C 01 31 05 E6 3D 77 FF B0 8C 6E B0 C8 24 09 18 25 A5 09 01 31 03 CF 00 1D 2A D0 25 A5 09 01 31 05 E6 3D 77 FF B0 89 53 B0 C8 24 0C 0E 25 A5 0C 01 31 03 CF 00 
0E 1E (130)
                              [N12:Z] MOTOR_I 0 6 (6)
                              [N12:Z] [undefined] 61 119 255 176 (1031274416)
                              [N9:P] MOTOR_I 0 10 (10)
                              [N9:P] [undefined] 61 119 255 176 (1031274416)
                              [N12:Z] MOTOR_I 0 0 (0)
                              [N12:Z] [undefined] 61 119 255 176 (1031274416)
                              [N9:P] MOTOR_I 0 29 (29)
                              [N9:P] [undefined] 61 119 255 176 (1031274416)
2025-08-15 18:01:05:850 [IN ] D6 25 A5 0C 01 C8 24 0C 0A 01 31 05 E6 3D 77 FF B0 8C 6E D6 C8 24 09 18 25 A5 09 01 31 03 CF 00 09 16 BC 25 A5 09 01 31 05 E6 3D 77 FF B0 89 53 B0 C8 24 0C 15 25 A5 0C 01 31 03 CF 00 0F 1F D7 
25 A5 0C 01 31 05 E6 3D 77 FF B0 C8 24 09 18 25 A5 09 01 31 03 CF 00 0D 1A C0 25 A5 09 01 31 05 E6 3D 77 FF B0 89 53 B0 C8 24 0C 1B B0 8C 6E 25 A5 0C 01 31 03 CF 00 04 14 CC 25 A5 0C 01 31 05 
E6 3D 77 FF B0 8C 6E 31 (136)
                              [N12:Z] MOTOR_I 0 14 (14)
                              [N12:Z] [undefined] 61 119 255 176 (1031274416)
                              [N9:P] MOTOR_I 0 9 (9)
                              [N9:P] [undefined] 61 119 255 176 (1031274416)
                              [N12:Z] MOTOR_I 0 15 (15)
                              [N9:P] MOTOR_I 0 13 (13)
                              [N9:P] [undefined] 61 119 255 176 (1031274416)
                              [N12:Z] [undefined] 61 119 255 176 (1031274416)
                              [N12:Z] MOTOR_I 0 4 (4)
                              [N12:Z] [undefined] 61 119 255 176 (1031274416)
2025-08-15 18:01:06:051 [IN ] C8 24 09 18 25 A5 09 01 31 03 CF 00 15 22 C8 25 A5 09 01 31 05 E6 3D 77 FF B0 89 53 B0 C8 24 0C 18 25 A5 0C 01 31 03 CF 00 05 15 CD 25 A5 0C 01 31 05 E6 3D 77 FF B0 8C 6E B0 C8 24 09 18 25 A5 
09 01 31 03 CF 00 20 2D D3 25 A5 09 01 31 05 E6 3D 77 FF B0 89 53 B0 (87)
                              [N9:P] MOTOR_I 0 21 (21)
                              [N9:P] [undefined] 61 119 255 176 (1031274416)
                              [N12:Z] MOTOR_I 0 5 (5)
                              [N12:Z] [undefined] 61 119 255 176 (1031274416)
                              [N9:P] MOTOR_I 0 32 (32)
                              [N9:P] [undefined] 61 119 255 176 (1031274416)
2025-08-15 18:01:06:253 [IN ] C8 24 0C 18 25 A5 0C 01 31 03 CF 00 02 12 CA 25 A5 0C 01 31 05 E6 3D 77 FF B0 8C 6E B0 C8 24 09 18 25 A5 09 01 31 03 CF 00 16 23 C9 25 A5 09 01 31 05 E6 3D 77 FF B0 89 53 B0 C8 24 0C 18 25 A5 
0C 01 31 03 CF 00 05 15 CD 25 A5 0C 01 31 05 E6 3D 77 FF B0 8C 6E B0 C8 24 09 18 25 A5 09 01 31 03 CF 00 0F 1C C2 25 A5 09 01 31 05 E6 3D 77 FF B0 89 53 B0 (116)
                              [N12:Z] MOTOR_I 0 2 (2)
                              [N12:Z] [undefined] 61 119 255 176 (1031274416)
                              [N9:P] MOTOR_I 0 22 (22)
                              [N9:P] [undefined] 61 119 255 176 (1031274416)
                              [N12:Z] MOTOR_I 0 5 (5)
                              [N12:Z] [undefined] 61 119 255 176 (1031274416)
                              [N9:P] MOTOR_I 0 15 (15)
                              [N9:P] [undefined] 61 119 255 176 (1031274416)
2025-08-15 18:01:06:454 [IN ] C8 24 0C 18 25 A5 0C 01 31 03 CF 00 05 15 CD 25 A5 0C 01 31 05 E6 3D 77 FF B0 8C 6E B0 C8 24 09 18 25 A5 09 01 31 03 CF 00 0A 17 BD 25 A5 09 01 31 05 E6 3D 77 FF B0 89 53 B0 C8 24 0C 18 25 A5 
0C 01 31 03 CF 00 09 19 D1 25 A5 0C 01 31 05 E6 3D 77 FF B0 8C 6E B0 C8 24 09 0E 25 A5 09 01 31 03 CF 00 1F 2C D2 25 A5 09 01 C8 24 09 0A 01 31 05 E6 3D 77 FF B0 89 53 D2 (121)
                              [N12:Z] MOTOR_I 0 5 (5)
                              [N12:Z] [undefined] 61 119 255 176 (1031274416)
                              [N9:P] MOTOR_I 0 10 (10)
                              [N9:P] [undefined] 61 119 255 176 (1031274416)
                              [N12:Z] MOTOR_I 0 9 (9)
                              [N12:Z] [undefined] 61 119 255 176 (1031274416)
                              [N9:P] MOTOR_I 0 31 (31)
                              [N9:P] [undefined] 61 119 255 176 (1031274416)
2025-08-15 18:01:06:657 [IN ] C8 24 0C 18 25 A5 0C 01 31 03 CF 00 0A 1A D2 25 A5 0C 01 31 05 E6 3D 77 FF B0 8C 6E B0 C8 24 09 15 25 A5 09 01 31 03 CF 00 0B 18 BE 25 A5 09 01 31 05 E6 3D 77 FF B0 C8 24 0C 18 25 A5 0C 01 31 
03 CF 00 02 12 CA 25 A5 0C 01 31 05 E6 3D 77 FF B0 8C 6E B0 C8 24 09 1B B0 89 53 25 A5 09 01 31 03 CF 00 04 11 B7 25 A5 09 01 31 05 E6 3D 77 FF B0 89 53 31 (116)
                              [N12:Z] MOTOR_I 0 10 (10)
                              [N12:Z] [undefined] 61 119 255 176 (1031274416)
                              [N9:P] MOTOR_I 0 11 (11)
                              [N12:Z] MOTOR_I 0 2 (2)
                              [N12:Z] [undefined] 61 119 255 176 (1031274416)
                              [N9:P] [undefined] 61 119 255 176 (1031274416)
                              [N9:P] MOTOR_I 0 4 (4)
                              [N9:P] [undefined] 61 119 255 176 (1031274416)
2025-08-15 18:01:06:859 [IN ] C8 24 0C 18 25 A5 0C 01 31 03 CF 00 02 12 CA 25 A5 0C 01 31 05 E6 3D 77 FF B0 8C 6E B0 C8 24 09 18 25 A5 09 01 31 03 CF 00 15 22 C8 25 A5 09 01 31 05 E6 3D 77 FF B0 89 53 B0 C8 24 0C 18 25 A5 
0C 01 31 03 CF 00 11 21 D9 25 A5 0C 01 31 05 E6 3D 77 FF B0 8C 6E B0 C8 24 09 18 25 A5 09 01 31 03 CF 00 17 24 CA 25 A5 09 01 31 05 E6 3D 77 FF B0 89 53 B0 (116)
                              [N12:Z] MOTOR_I 0 2 (2)
                              [N12:Z] [undefined] 61 119 255 176 (1031274416)
                              [N9:P] MOTOR_I 0 21 (21)
                              [N9:P] [undefined] 61 119 255 176 (1031274416)
                              [N12:Z] MOTOR_I 0 17 (17)
                              [N12:Z] [undefined] 61 119 255 176 (1031274416)
                              [N9:P] MOTOR_I 0 23 (23)
                              [N9:P] [undefined] 61 119 255 176 (1031274416)
2025-08-15 18:01:07:061 [IN ] C8 24 0C 18 25 A5 0C 01 31 03 CF 00 09 19 D1 25 A5 0C 01 31 05 E6 3D 77 FF B0 8C 6E B0 C8 24 09 18 25 A5 09 01 31 03 CF 00 0C 19 BF 25 A5 09 01 31 05 E6 3D 77 FF B0 89 53 B0 C8 24 06 0B 25 A5 
06 01 31 03 81 5A 4C 62 B4 25 C8 24 0C 18 25 A5 0C 01 31 03 CF 00 03 13 CB 25 A5 0C 01 31 05 E6 3D 77 FF B0 8C 6E B0 C8 24 06 0A 25 A5 06 01 31 02 81 49 04 3E CB C8 24 09 18 25 A5 09 01 31 03 
CF 00 06 13 B9 25 A5 09 01 31 05 E6 3D 77 FF B0 89 53 B0 (147)
                              [N12:Z] MOTOR_I 0 9 (9)
                              [N12:Z] [undefined] 61 119 255 176 (1031274416)
                              [N9:P] MOTOR_I 0 12 (12)
                              [N9:P] [undefined] 61 119 255 176 (1031274416)
                              [N6:H] TPOS 'Z' 76 (76)
                              [N12:Z] MOTOR_I 0 3 (3)
                              [N12:Z] [undefined] 61 119 255 176 (1031274416)
                              [N6:H] TPOS 'I'
                              [N9:P] MOTOR_I 0 6 (6)
                              [N9:P] [undefined] 61 119 255 176 (1031274416)
2025-08-15 18:01:07:264 [IN ] C8 24 0C 18 25 A5 0C 01 31 03 CF 00 04 14 CC 25 A5 0C 01 31 05 E6 3D 77 FF B0 8C 6E B0 C8 24 09 18 25 A5 09 01 31 03 CF 00 11 1E C4 25 A5 09 01 31 05 E6 3D 77 FF B0 89 53 B0 C8 24 0C 18 25 A5 
0C 01 31 03 CF 00 05 15 CD 25 A5 0C 01 31 05 E6 3D 77 FF B0 8C 6E B0 C8 24 09 18 25 A5 09 01 31 03 CF 00 18 25 CB 25 A5 09 01 31 05 E6 3D 77 FF B0 89 53 B0 (116)
                              [N12:Z] MOTOR_I 0 4 (4)
                              [N12:Z] [undefined] 61 119 255 176 (1031274416)
                              [N9:P] MOTOR_I 0 17 (17)
                              [N9:P] [undefined] 61 119 255 176 (1031274416)
                              [N12:Z] MOTOR_I 0 5 (5)
                              [N12:Z] [undefined] 61 119 255 176 (1031274416)
                              [N9:P] MOTOR_I 0 24 (24)
                              [N9:P] [undefined] 61 119 255 176 (1031274416)
2025-08-15 18:01:07:285 [OUT] 25 A5 01 06 31 03 C9 3D 09 4A 0A (11)
                              [N6:H] LFLAG '=' 9 (9)
2025-08-15 18:01:07:286 [IN ] C8 24 0C 18 25 A5 0C 01 31 03 CF 00 0E 1E D6 25 A5 0C 01 31 05 E6 3D 77 FF B0 8C 6E (28)
                              [N12:Z] MOTOR_I 0 14 (14)
                              [N12:Z] [undefined] 61 119 255 176 (1031274416)
2025-08-15 18:01:07:307 [IN ] B0 C8 24 09 18 25 A5 09 01 31 03 CF 00 1A 27 CD 25 A5 09 01 31 05 E6 3D 77 FF B0 89 53 B0 (30)
                              [N9:P] MOTOR_I 0 26 (26)
                              [N9:P] [undefined] 61 119 255 176 (1031274416)
2025-08-15 18:01:07:369 [IN ] C8 24 0C 0E 25 A5 0C 01 31 03 CF 00 06 16 CE 25 A5 0C 01 (19)
                              [N12:Z] MOTOR_I 0 6 (6)
2025-08-15 18:01:07:390 [IN ] C8 24 0C 0A 01 31 05 E6 3D 77 FF B0 8C 6E CE (15)
                              [N12:Z] [undefined] 61 119 255 176 (1031274416)
2025-08-15 18:01:07:432 [IN ] C8 24 09 18 25 A5 09 01 31 03 CF 00 0D 1A C0 25 A5 09 01 31 05 E6 3D 77 FF B0 89 53 B0 (29)
                              [N9:P] MOTOR_I 0 13 (13)
                              [N9:P] [undefined] 61 119 255 176 (1031274416)
2025-08-15 18:01:07:454 [IN ] C8 24 06 0B 25 A5 06 01 31 03 C9 3A 09 47 09 25 (16)
                              [N6:H] LFLAG ':' 9 (9)
2025-08-15 18:01:07:475 [OUT] 25 A5 01 06 31 03 84 00 50 0F 08 (11)
                              [N6:H] VEL 0 80 (80)
2025-08-15 18:01:07:475 [IN ] C8 24 0C 15 25 A5 0C 01 31 03 CF 00 04 14 CC 25 A5 0C 01 31 05 E6 3D 77 FF B0 (26)
                              [N12:Z] MOTOR_I 0 4 (4)
2025-08-15 18:01:07:519 [IN ] C8 24 09 18 25 A5 09 01 31 03 CF 00 0C 19 BF 25 A5 09 01 31 05 E6 3D 77 FF B0 89 53 B0 (29)
                              [N9:P] MOTOR_I 0 12 (12)
                              [N9:P] [undefined] 61 119 255 176 (1031274416)
2025-08-15 18:01:07:561 [IN ] C8 24 0C 1B B0 8C 6E 25 A5 0C 01 31 03 CF 00 0C 1C D4 (18)
2025-08-15 18:01:07:584 [IN ] 25 A5 0C 01 31 05 E6 3D 77 FF B0 8C 6E 31 (14)
                              [N12:Z] [undefined] 61 119 255 176 (1031274416)
                              [N12:Z] MOTOR_I 0 12 (12)
                              [N12:Z] [undefined] 61 119 255 176 (1031274416)
2025-08-15 18:01:07:627 [IN ] C8 24 09 18 25 A5 09 01 31 03 CF 00 0C 19 BF 25 A5 09 01 31 05 E6 3D 77 FF B0 89 53 B0 (29)
                              [N9:P] MOTOR_I 0 12 (12)
                              [N9:P] [undefined] 61 119 255 176 (1031274416)
2025-08-15 18:01:07:649 [IN ] C8 24 06 0C 25 A5 06 01 31 04 84 53 00 50 63 CA A5 (17)
                              [N6:H] VEL 'S' 0 80 (80)
2025-08-15 18:01:07:672 [OUT] 25 A5 01 06 31 05 81 00 19 82 3C 95 BE (13)
                              [N6:H] TPOS 0 25 130 60 (1671740)
2025-08-15 18:01:07:674 [IN ] C8 24 0C 18 25 A5 0C 01 31 03 CF 00 11 21 D9 25 A5 0C 01 31 05 E6 3D 77 FF B0 8C 6E B0 (29)
                              [N12:Z] MOTOR_I 0 17 (17)
                              [N12:Z] [undefined] 61 119 255 176 (1031274416)
2025-08-15 18:01:07:738 [IN ] C8 24 09 18 25 A5 09 01 31 03 CF 00 10 1D C3 25 A5 09 01 31 05 E6 3D 77 FF B0 89 53 B0 (29)
                              [N9:P] MOTOR_I 0 16 (16)
                              [N9:P] [undefined] 61 119 255 176 (1031274416)
2025-08-15 18:01:07:781 [IN ] C8 24 0C 18 25 A5 0C 01 31 03 CF 00 0F 1F D7 25 A5 0C 01 31 05 E6 3D 77 FF B0 8C 6E B0 (29)
                              [N12:Z] MOTOR_I 0 15 (15)
                              [N12:Z] [undefined] 61 119 255 176 (1031274416)
2025-08-15 18:01:07:824 [IN ] C8 24 09 18 25 A5 09 01 31 03 CF 00 09 16 BC 25 A5 09 01 31 05 E6 3D 77 FF B0 89 53 B0 (29)
                              [N9:P] MOTOR_I 0 9 (9)
                              [N9:P] [undefined] 61 119 255 176 (1031274416)
2025-08-15 18:01:07:866 [IN ] C8 24 06 0E 25 A5 06 01 31 06 81 53 00 00 00 00 12 9C 01 (19)
                              [N6:H] TPOS 'S' 0 0 0 0 (0)
2025-08-15 18:01:08:067 [IN ] C8 24 0C 18 25 A5 0C 01 31 03 CF 00 04 14 CC 25 A5 0C 01 31 05 E6 3D 77 FF B0 8C 6E B0 C8 24 09 18 25 A5 09 01 31 03 CF 00 0A 17 BD 25 A5 09 01 31 05 E6 3D 77 FF B0 89 53 B0 C8 24 0C 18 25 A5 
0C 01 31 03 CF 00 01 11 C9 25 A5 0C 01 31 05 E6 3D 77 FF B0 8C 6E B0 C8 24 09 18 25 A5 09 01 31 03 CF 00 21 2E D4 25 A5 09 01 31 05 E6 3D 77 FF B0 89 53 B0 (116)
                              [N12:Z] MOTOR_I 0 4 (4)
                              [N12:Z] [undefined] 61 119 255 176 (1031274416)
                              [N9:P] MOTOR_I 0 10 (10)
                              [N9:P] [undefined] 61 119 255 176 (1031274416)
                              [N12:Z] MOTOR_I 0 1 (1)
                              [N12:Z] [undefined] 61 119 255 176 (1031274416)
                              [N9:P] MOTOR_I 0 33 (33)
                              [N9:P] [undefined] 61 119 255 176 (1031274416)
2025-08-15 18:01:08:269 [IN ] C8 24 0C 18 25 A5 0C 01 31 03 CF 00 01 11 C9 25 A5 0C 01 31 05 E6 3D 77 FF B0 8C 6E B0 C8 24 09 0E 25 A5 09 01 31 03 CF 00 17 24 CA 25 A5 09 01 C8 24 09 0A 01 31 05 E6 3D 77 FF B0 89 53 CA C8 
24 0C 18 25 A5 0C 01 31 03 CF 00 0B 1B D3 25 A5 0C 01 31 05 E6 3D 77 FF B0 8C 6E B0 C8 24 09 15 25 A5 09 01 31 03 CF 00 0E 1B C1 25 A5 09 01 31 05 E6 3D 77 FF B0 (118)
                              [N12:Z] MOTOR_I 0 1 (1)
                              [N12:Z] [undefined] 61 119 255 176 (1031274416)
                              [N9:P] MOTOR_I 0 23 (23)
                              [N9:P] [undefined] 61 119 255 176 (1031274416)
                              [N12:Z] MOTOR_I 0 11 (11)
                              [N12:Z] [undefined] 61 119 255 176 (1031274416)
                              [N9:P] MOTOR_I 0 14 (14)
2025-08-15 18:01:08:472 [IN ] C8 24 0C 18 25 A5 0C 01 31 03 CF 00 08 18 D0 25 A5 0C 01 31 05 E6 3D 77 FF B0 8C 6E B0 C8 24 09 1B B0 89 53 25 A5 09 01 31 03 CF 00 12 1F C5 25 A5 09 01 31 05 E6 3D 77 FF B0 89 53 31 C8 24 0C 
18 25 A5 0C 01 31 03 CF 00 07 17 CF 25 A5 0C 01 31 05 E6 3D 77 FF B0 8C 6E B0 C8 24 09 18 25 A5 09 01 31 03 CF 00 0E 1B C1 25 A5 09 01 31 05 E6 3D 77 FF B0 89 53 B0 (119)
                              [N12:Z] MOTOR_I 0 8 (8)
                              [N12:Z] [undefined] 61 119 255 176 (1031274416)
                              [N9:P] [undefined] 61 119 255 176 (1031274416)
                              [N9:P] MOTOR_I 0 18 (18)
                              [N9:P] [undefined] 61 119 255 176 (1031274416)
                              [N12:Z] MOTOR_I 0 7 (7)
                              [N12:Z] [undefined] 61 119 255 176 (1031274416)
                              [N9:P] MOTOR_I 0 14 (14)
                              [N9:P] [undefined] 61 119 255 176 (1031274416)
2025-08-15 18:01:08:673 [IN ] C8 24 0C 18 25 A5 0C 01 31 03 CF 00 02 12 CA 25 A5 0C 01 31 05 E6 3D 77 FF B0 8C 6E B0 C8 24 09 18 25 A5 09 01 31 03 CF 00 0B 18 BE 25 A5 09 01 31 05 E6 3D 77 FF B0 89 53 B0 C8 24 03 0E 25 A5 
03 01 31 06 81 45 FF EC 49 62 97 EC 01 C8 24 0C 18 25 A5 0C 01 31 03 CF 00 04 14 CC 25 A5 0C 01 31 05 E6 3D 77 FF B0 8C 6E B0 C8 24 09 18 25 A5 09 01 31 03 CF 00 0D 1A C0 25 A5 09 01 31 05 E6 
3D 77 FF B0 89 53 B0 (135)
                              [N12:Z] MOTOR_I 0 2 (2)
                              [N12:Z] [undefined] 61 119 255 176 (1031274416)
                              [N9:P] MOTOR_I 0 11 (11)
                              [N9:P] [undefined] 61 119 255 176 (1031274416)
                              [N3:X] TPOS 'E' 255 236 73 98 (-1291934)
                              [N12:Z] MOTOR_I 0 4 (4)
                              [N12:Z] [undefined] 61 119 255 176 (1031274416)
                              [N9:P] MOTOR_I 0 13 (13)
                              [N9:P] [undefined] 61 119 255 176 (1031274416)
2025-08-15 18:01:08:876 [IN ] C8 24 0C 18 25 A5 0C 01 31 03 CF 00 06 16 CE 25 A5 0C 01 31 05 E6 3D 77 FF B0 8C 6E B0 C8 24 09 18 25 A5 09 01 31 03 CF 00 0E 1B C1 25 A5 09 01 31 05 E6 3D 77 FF B0 89 53 B0 C8 24 0C 18 25 A5 
0C 01 31 03 CF 00 0B 1B D3 25 A5 0C 01 31 05 E6 3D 77 FF B0 8C 6E B0 C8 24 09 18 25 A5 09 01 31 03 CF 00 0E 1B C1 25 A5 09 01 31 05 E6 3D 77 FF B0 89 53 B0 (116)
                              [N12:Z] MOTOR_I 0 6 (6)
                              [N12:Z] [undefined] 61 119 255 176 (1031274416)
                              [N9:P] MOTOR_I 0 14 (14)
                              [N9:P] [undefined] 61 119 255 176 (1031274416)
                              [N12:Z] MOTOR_I 0 11 (11)
                              [N12:Z] [undefined] 61 119 255 176 (1031274416)
                              [N9:P] MOTOR_I 0 14 (14)
                              [N9:P] [undefined] 61 119 255 176 (1031274416)
2025-08-15 18:01:09:077 [IN ] C8 24 0C 18 25 A5 0C 01 31 03 CF 00 08 18 D0 25 A5 0C 01 31 05 E6 3D 77 FF B0 8C 6E B0 C8 24 09 18 25 A5 09 01 31 03 CF 00 0B 18 BE 25 A5 09 01 31 05 E6 3D 77 FF B0 89 53 B0 C8 24 0C 18 25 A5 
0C 01 31 03 CF 00 0B 1B D3 25 A5 0C 01 31 05 E6 3D 77 FF B0 8C 6E B0 C8 24 09 18 25 A5 09 01 31 03 CF 00 0A 17 BD 25 A5 09 01 31 05 E6 3D 77 FF B0 89 53 B0 C8 24 0C 0E 25 A5 0C 01 31 03 CF 00 
0D 1D D5 25 A5 0C 01 (135)
                              [N12:Z] MOTOR_I 0 8 (8)
                              [N12:Z] [undefined] 61 119 255 176 (1031274416)
                              [N9:P] MOTOR_I 0 11 (11)
                              [N9:P] [undefined] 61 119 255 176 (1031274416)
                              [N12:Z] MOTOR_I 0 11 (11)
                              [N12:Z] [undefined] 61 119 255 176 (1031274416)
                              [N9:P] MOTOR_I 0 10 (10)
                              [N9:P] [undefined] 61 119 255 176 (1031274416)
                              [N12:Z] MOTOR_I 0 13 (13)
2025-08-15 18:01:09:099 [OUT] 25 A5 01 03 31 05 81 FF FD 50 01 08 AF (13)
                              [N3:X] TPOS 255 253 80 1 (-176127)
2025-08-15 18:01:09:099 [IN ] C8 24 0C 0A 01 31 05 E6 3D 77 FF B0 8C 6E D5 (15)
                              [N12:Z] [undefined] 61 119 255 176 (1031274416)
2025-08-15 18:01:09:142 [IN ] C8 24 09 18 25 A5 09 01 31 03 CF 00 06 13 B9 25 A5 09 01 31 05 E6 3D 77 FF B0 89 53 B0 (29)
                              [N9:P] MOTOR_I 0 6 (6)
                              [N9:P] [undefined] 61 119 255 176 (1031274416)
2025-08-15 18:01:09:184 [IN ] C8 24 0C 15 25 A5 0C 01 31 03 CF 00 10 20 D8 25 A5 0C 01 31 05 E6 3D 77 FF B0 (26)
                              [N12:Z] MOTOR_I 0 16 (16)
2025-08-15 18:01:09:227 [IN ] C8 24 09 18 25 A5 09 01 31 03 CF 00 0B 18 BE 25 A5 09 01 31 05 E6 3D 77 FF B0 89 53 B0 (29)
                              [N9:P] MOTOR_I 0 11 (11)
                              [N9:P] [undefined] 61 119 255 176 (1031274416)
2025-08-15 18:01:09:269 [IN ] C8 24 03 0E 25 A5 03 01 31 06 81 53 FF EC 49 63 A6 33 01 (19)
                              [N3:X] TPOS 'S' 255 236 73 99 (-1291933)
2025-08-15 18:01:09:471 [IN ] C8 24 0C 1B B0 8C 6E 25 A5 0C 01 31 03 CF 00 12 22 DA 25 A5 0C 01 31 05 E6 3D 77 FF B0 8C 6E 31 C8 24 09 18 25 A5 09 01 31 03 CF 00 1C 29 CF 25 A5 09 01 31 05 E6 3D 77 FF B0 89 53 B0 C8 24 0C 
18 25 A5 0C 01 31 03 CF 00 0A 1A D2 25 A5 0C 01 31 05 E6 3D 77 FF B0 8C 6E B0 C8 24 09 18 25 A5 09 01 31 03 CF 00 11 1E C4 25 A5 09 01 31 05 E6 3D 77 FF B0 89 53 B0 (119)
                              [N12:Z] [undefined] 61 119 255 176 (1031274416)
                              [N12:Z] MOTOR_I 0 18 (18)
                              [N12:Z] [undefined] 61 119 255 176 (1031274416)
                              [N9:P] MOTOR_I 0 28 (28)
                              [N9:P] [undefined] 61 119 255 176 (1031274416)
                              [N12:Z] MOTOR_I 0 10 (10)
                              [N12:Z] [undefined] 61 119 255 176 (1031274416)
                              [N9:P] MOTOR_I 0 17 (17)
                              [N9:P] [undefined] 61 119 255 176 (1031274416)
2025-08-15 18:01:09:673 [IN ] C8 24 0C 18 25 A5 0C 01 31 03 CF 00 00 10 C8 25 A5 0C 01 31 05 E6 3D 77 FF B0 8C 6E B0 C8 24 09 18 25 A5 09 01 31 03 CF 00 10 1D C3 25 A5 09 01 31 05 E6 3D 77 FF B0 89 53 B0 C8 24 0C 18 25 A5 
0C 01 31 03 CF 00 07 17 CF 25 A5 0C 01 31 05 E6 3D 77 FF B0 8C 6E B0 C8 24 09 18 25 A5 09 01 31 03 CF 00 0C 19 BF 25 A5 09 01 31 05 E6 3D 77 FF B0 89 53 B0 (116)
                              [N12:Z] MOTOR_I 0 0 (0)
                              [N12:Z] [undefined] 61 119 255 176 (1031274416)
                              [N9:P] MOTOR_I 0 16 (16)
                              [N9:P] [undefined] 61 119 255 176 (1031274416)
                              [N12:Z] MOTOR_I 0 7 (7)
                              [N12:Z] [undefined] 61 119 255 176 (1031274416)
                              [N9:P] MOTOR_I 0 12 (12)
                              [N9:P] [undefined] 61 119 255 176 (1031274416)
2025-08-15 18:01:09:874 [IN ] C8 24 0C 18 25 A5 0C 01 31 03 CF 00 08 18 D0 25 A5 0C 01 31 05 E6 3D 77 FF B0 8C 6E B0 C8 24 09 18 25 A5 09 01 31 03 CF 00 15 22 C8 25 A5 09 01 31 05 E6 3D 77 FF B0 89 53 B0 C8 24 0C 18 25 A5 
0C 01 31 03 CF 00 17 27 DF 25 A5 0C 01 31 05 E6 3D 77 FF B0 8C 6E B0 C8 24 09 0E 25 A5 09 01 31 03 CF 00 05 12 B8 25 A5 09 01 C8 24 09 0A 01 31 05 E6 3D 77 FF B0 89 53 B8 (121)
                              [N12:Z] MOTOR_I 0 8 (8)
                              [N12:Z] [undefined] 61 119 255 176 (1031274416)
                              [N9:P] MOTOR_I 0 21 (21)
                              [N9:P] [undefined] 61 119 255 176 (1031274416)
                              [N12:Z] MOTOR_I 0 23 (23)
                              [N12:Z] [undefined] 61 119 255 176 (1031274416)
                              [N9:P] MOTOR_I 0 5 (5)
                              [N9:P] [undefined] 61 119 255 176 (1031274416)
2025-08-15 18:01:10:077 [IN ] C8 24 0C 18 25 A5 0C 01 31 03 CF 00 0B 1B D3 25 A5 0C 01 31 05 E6 3D 77 FF B0 8C 6E B0 C8 24 09 15 25 A5 09 01 31 03 CF 00 06 13 B9 25 A5 09 01 31 05 E6 3D 77 FF B0 C8 24 0C 18 25 A5 0C 01 31 
03 CF 00 0B 1B D3 25 A5 0C 01 31 05 E6 3D 77 FF B0 8C 6E B0 C8 24 09 1B B0 89 53 25 A5 09 01 31 03 CF 00 26 33 D9 25 A5 09 01 31 05 E6 3D 77 FF B0 89 53 31 (116)
                              [N12:Z] MOTOR_I 0 11 (11)
                              [N12:Z] [undefined] 61 119 255 176 (1031274416)
                              [N9:P] MOTOR_I 0 6 (6)
                              [N12:Z] MOTOR_I 0 11 (11)
                              [N12:Z] [undefined] 61 119 255 176 (1031274416)
                              [N9:P] [undefined] 61 119 255 176 (1031274416)
                              [N9:P] MOTOR_I 0 38 (38)
                              [N9:P] [undefined] 61 119 255 176 (1031274416)
2025-08-15 18:01:10:279 [IN ] C8 24 0C 18 25 A5 0C 01 31 03 CF 00 01 11 C9 25 A5 0C 01 31 05 E6 3D 77 FF B0 8C 6E B0 C8 24 09 18 25 A5 09 01 31 03 CF 00 1B 28 CE 25 A5 09 01 31 05 E6 3D 77 FF B0 89 53 B0 C8 24 0C 18 25 A5 
0C 01 31 03 CF 00 00 10 C8 25 A5 0C 01 31 05 E6 3D 77 FF B0 8C 6E B0 C8 24 09 18 25 A5 09 01 31 03 CF 00 00 0D B3 25 A5 09 01 31 05 E6 3D 77 00 00 DA A5 B0 (116)
                              [N12:Z] MOTOR_I 0 1 (1)
                              [N12:Z] [undefined] 61 119 255 176 (1031274416)
                              [N9:P] MOTOR_I 0 27 (27)
                              [N9:P] [undefined] 61 119 255 176 (1031274416)
                              [N12:Z] MOTOR_I 0 0 (0)
                              [N12:Z] [undefined] 61 119 255 176 (1031274416)
                              [N9:P] MOTOR_I 0 0 (0)
                              [N9:P] [undefined] 61 119 0 0 (1031208960)
2025-08-15 18:01:10:480 [IN ] C8 24 0C 18 25 A5 0C 01 31 03 CF 00 15 25 DD 25 A5 0C 01 31 05 E6 3D 77 FF B0 8C 6E B0 C8 24 09 0E 25 A5 09 01 31 06 81 45 FF E7 5C 4E 97 2B 01 C8 24 09 18 25 A5 09 01 31 03 CF 00 00 0D B3 25 
A5 09 01 31 05 E6 3D 77 00 00 DA A5 B0 C8 24 04 0E 25 A5 04 01 31 06 81 45 FF FD 4F 42 8F 15 01 C8 24 0C 18 25 A5 0C 01 31 03 CF 00 05 15 CD 25 A5 0C 01 31 05 E6 3D 77 FF B0 8C 6E B0 C8 24 09 
18 25 A5 09 01 31 03 CF 00 00 0D B3 25 A5 09 01 31 05 E6 3D 77 00 00 DA A5 B0 (154)
                              [N12:Z] MOTOR_I 0 21 (21)
                              [N12:Z] [undefined] 61 119 255 176 (1031274416)
                              [N9:P] TPOS 'E' 255 231 92 78 (-1614770)
                              [N9:P] MOTOR_I 0 0 (0)
                              [N9:P] [undefined] 61 119 0 0 (1031208960)
                              [N4:Y] TPOS 'E' 255 253 79 66 (-176318)
                              [N12:Z] MOTOR_I 0 5 (5)
                              [N12:Z] [undefined] 61 119 255 176 (1031274416)
                              [N9:P] MOTOR_I 0 0 (0)
                              [N9:P] [undefined] 61 119 0 0 (1031208960)
2025-08-15 18:01:10:682 [IN ] C8 24 0C 18 25 A5 0C 01 31 03 CF 00 10 20 D8 25 A5 0C 01 31 05 E6 3D 77 FF B0 8C 6E B0 C8 24 09 18 25 A5 09 01 31 03 CF 00 00 0D B3 25 A5 09 01 31 05 E6 3D 77 00 00 DA A5 B0 C8 24 0C 18 25 A5 
0C 01 31 03 CF 00 07 17 CF 25 A5 0C 01 31 05 E6 3D 77 FF B0 8C 6E B0 C8 24 09 18 25 A5 09 01 31 03 CF 00 00 0D B3 25 A5 09 01 31 05 E6 3D 77 00 00 DA A5 B0 (116)
                              [N12:Z] MOTOR_I 0 16 (16)
                              [N12:Z] [undefined] 61 119 255 176 (1031274416)
                              [N9:P] MOTOR_I 0 0 (0)
                              [N9:P] [undefined] 61 119 0 0 (1031208960)
                              [N12:Z] MOTOR_I 0 7 (7)
                              [N12:Z] [undefined] 61 119 255 176 (1031274416)
                              [N9:P] MOTOR_I 0 0 (0)
                              [N9:P] [undefined] 61 119 0 0 (1031208960)
2025-08-15 18:01:10:885 [IN ] C8 24 0C 18 25 A5 0C 01 31 03 CF 00 0B 1B D3 25 A5 0C 01 31 05 E6 3D 77 FF B0 8C 6E B0 C8 24 09 18 25 A5 09 01 31 03 CF 00 00 0D B3 25 A5 09 01 31 05 E6 3D 77 00 00 DA A5 B0 C8 24 0C 0E 25 A5 
0C 01 31 03 CF 00 05 15 CD 25 A5 0C 01 C8 24 0C 0A 01 31 05 E6 3D 77 FF B0 8C 6E CD C8 24 09 18 25 A5 09 01 31 03 CF 00 00 0D B3 25 A5 09 01 31 05 E6 3D 77 00 00 DA A5 B0 C8 24 (123)
                              [N12:Z] MOTOR_I 0 11 (11)
                              [N12:Z] [undefined] 61 119 255 176 (1031274416)
                              [N9:P] MOTOR_I 0 0 (0)
                              [N9:P] [undefined] 61 119 0 0 (1031208960)
                              [N12:Z] MOTOR_I 0 5 (5)
                              [N12:Z] [undefined] 61 119 255 176 (1031274416)
                              [N9:P] MOTOR_I 0 0 (0)
                              [N9:P] [undefined] 61 119 0 0 (1031208960)
2025-08-15 18:01:10:906 [OUT] 25 A5 01 09 31 05 81 FF FF D9 C8 60 BE (13)
                              [N9:P] TPOS 255 255 217 200 (-9784)
2025-08-15 18:01:10:907 [IN ] 0C 15 25 A5 0C 01 31 03 CF 00 0C 1C D4 25 A5 0C 01 31 05 E6 3D 77 FF 00 (24)
                              [N12:Z] MOTOR_I 0 12 (12)
2025-08-15 18:01:10:950 [IN ] C8 24 09 18 25 A5 09 01 31 03 CF 00 00 0D B3 25 A5 09 01 31 05 E6 3D 77 00 00 DA A5 B0 (29)
                              [N9:P] MOTOR_I 0 0 (0)
                              [N9:P] [undefined] 61 119 0 0 (1031208960)
2025-08-15 18:01:11:012 [IN ] C8 24 0C 1B B0 8C 6E 25 A5 0C 01 31 03 CF 00 01 11 C9 25 A5 0C 01 31 05 E6 3D 77 FF B0 8C 6E 31 (32)
                              [N12:Z] [undefined] 61 119 255 176 (1031274416)
                              [N12:Z] MOTOR_I 0 1 (1)
                              [N12:Z] [undefined] 61 119 255 176 (1031274416)
2025-08-15 18:01:11:055 [IN ] C8 24 09 18 25 A5 09 01 31 03 CF 00 00 0D B3 25 A5 09 01 31 05 E6 3D 77 00 00 DA A5 B0 (29)
                              [N9:P] MOTOR_I 0 0 (0)
                              [N9:P] [undefined] 61 119 0 0 (1031208960)
2025-08-15 18:01:11:076 [IN ] C8 24 09 0E 25 A5 09 01 31 06 81 53 FF E7 5C 53 AA 76 01 (19)
                              [N9:P] TPOS 'S' 255 231 92 83 (-1614765)
2025-08-15 18:01:11:278 [IN ] C8 24 0C 18 25 A5 0C 01 31 03 CF 00 03 13 CB 25 A5 0C 01 31 05 E6 3D 77 FF B0 8C 6E B0 C8 24 09 18 25 A5 09 01 31 03 CF 00 0A 17 BD 25 A5 09 01 31 05 E6 3D 77 00 50 2A F5 B0 C8 24 0C 18 25 A5 
0C 01 31 03 CF 00 10 20 D8 25 A5 0C 01 31 05 E6 3D 77 FF B0 8C 6E B0 C8 24 09 18 25 A5 09 01 31 03 CF 00 11 1E C4 25 A5 09 01 31 05 E6 3D 77 00 50 2A F5 B0 (116)
                              [N12:Z] MOTOR_I 0 3 (3)
                              [N12:Z] [undefined] 61 119 255 176 (1031274416)
                              [N9:P] MOTOR_I 0 10 (10)
                              [N9:P] [undefined] 61 119 0 80 (1031209040)
                              [N12:Z] MOTOR_I 0 16 (16)
                              [N12:Z] [undefined] 61 119 255 176 (1031274416)
                              [N9:P] MOTOR_I 0 17 (17)
                              [N9:P] [undefined] 61 119 0 80 (1031209040)
2025-08-15 18:01:11:479 [IN ] C8 24 0C 18 25 A5 0C 01 31 03 CF 00 10 20 D8 25 A5 0C 01 31 05 E6 3D 77 FF B0 8C 6E B0 C8 24 09 18 25 A5 09 01 31 03 CF 00 11 1E C4 25 A5 09 01 31 05 E6 3D 77 00 50 2A F5 B0 C8 24 0C 18 25 A5 
0C 01 31 03 CF 00 0C 1C D4 25 A5 0C 01 31 05 E6 3D 77 FF B0 8C 6E B0 C8 24 09 18 25 A5 09 01 31 03 CF 00 21 2E D4 25 A5 09 01 31 05 E6 3D 77 00 50 2A F5 B0 (116)
                              [N12:Z] MOTOR_I 0 16 (16)
                              [N12:Z] [undefined] 61 119 255 176 (1031274416)
                              [N9:P] MOTOR_I 0 17 (17)
                              [N9:P] [undefined] 61 119 0 80 (1031209040)
                              [N12:Z] MOTOR_I 0 12 (12)
                              [N12:Z] [undefined] 61 119 255 176 (1031274416)
                              [N9:P] MOTOR_I 0 33 (33)
                              [N9:P] [undefined] 61 119 0 80 (1031209040)
2025-08-15 18:01:11:681 [IN ] C8 24 0C 18 25 A5 0C 01 31 03 CF 00 07 17 CF 25 A5 0C 01 31 05 E6 3D 77 FF B0 8C 6E B0 C8 24 09 0E 25 A5 09 01 31 03 CF 00 27 34 DA 25 A5 09 01 C8 24 09 0A 01 31 05 E6 3D 77 00 50 2A F5 DA C8 
24 0C 18 25 A5 0C 01 31 03 CF 00 0C 1C D4 25 A5 0C 01 31 05 E6 3D 77 FF B0 8C 6E B0 C8 24 09 15 25 A5 09 01 31 03 CF 00 13 20 C6 25 A5 09 01 31 05 E6 3D 77 00 B0 (118)
                              [N12:Z] MOTOR_I 0 7 (7)
                              [N12:Z] [undefined] 61 119 255 176 (1031274416)
                              [N9:P] MOTOR_I 0 39 (39)
                              [N9:P] [undefined] 61 119 0 80 (1031209040)
                              [N12:Z] MOTOR_I 0 12 (12)
                              [N12:Z] [undefined] 61 119 255 176 (1031274416)
                              [N9:P] MOTOR_I 0 19 (19)
2025-08-15 18:01:11:884 [IN ] C8 24 0C 18 25 A5 0C 01 31 03 CF 00 07 17 CF 25 A5 0C 01 31 05 E6 3D 77 FF B0 8C 6E B0 C8 24 09 1B 50 2A F5 25 A5 09 01 31 03 CF 00 10 1D C3 25 A5 09 01 31 05 E6 3D 77 00 50 2A F5 31 C8 24 0C 
18 25 A5 0C 01 31 03 CF 00 12 22 DA 25 A5 0C 01 31 05 E6 3D 77 FF B0 8C 6E 50 C8 24 09 18 25 A5 09 01 31 03 CF 00 14 21 C7 25 A5 09 01 31 05 E6 3D 77 00 50 2A F5 50 (119)
                              [N12:Z] MOTOR_I 0 7 (7)
                              [N12:Z] [undefined] 61 119 255 176 (1031274416)
                              [N9:P] [undefined] 61 119 0 80 (1031209040)
                              [N9:P] MOTOR_I 0 16 (16)
                              [N9:P] [undefined] 61 119 0 80 (1031209040)
                              [N12:Z] MOTOR_I 0 18 (18)
                              [N12:Z] [undefined] 61 119 255 176 (1031274416)
                              [N9:P] MOTOR_I 0 20 (20)
                              [N9:P] [undefined] 61 119 0 80 (1031209040)
2025-08-15 18:01:12:086 [IN ] C8 24 0C 18 25 A5 0C 01 31 03 CF 00 0E 1E D6 25 A5 0C 01 31 05 E6 3D 77 FF B0 8C 6E 50 C8 24 09 18 25 A5 09 01 31 03 CF 00 1C 29 CF 25 A5 09 01 31 05 E6 3D 77 00 50 2A F5 50 C8 24 0C 18 25 A5 
0C 01 31 03 CF 00 08 18 D0 25 A5 0C 01 31 05 E6 3D 77 FF B0 8C 6E 50 C8 24 09 18 25 A5 09 01 31 03 CF 00 0C 19 BF 25 A5 09 01 31 05 E6 3D 77 00 50 2A F5 50 (116)
                              [N12:Z] MOTOR_I 0 14 (14)
                              [N12:Z] [undefined] 61 119 255 176 (1031274416)
                              [N9:P] MOTOR_I 0 28 (28)
                              [N9:P] [undefined] 61 119 0 80 (1031209040)
                              [N12:Z] MOTOR_I 0 8 (8)
                              [N12:Z] [undefined] 61 119 255 176 (1031274416)
                              [N9:P] MOTOR_I 0 12 (12)
                              [N9:P] [undefined] 61 119 0 80 (1031209040)
2025-08-15 18:01:12:289 [IN ] C8 24 0C 18 25 A5 0C 01 31 03 CF 00 04 14 CC 25 A5 0C 01 31 05 E6 3D 77 FF B0 8C 6E 50 C8 24 09 18 25 A5 09 01 31 03 CF 00 1E 2B D1 25 A5 09 01 31 05 E6 3D 77 00 50 2A F5 50 C8 24 0C 18 25 A5 
0C 01 31 03 CF 00 07 17 CF 25 A5 0C 01 31 05 E6 3D 77 FF B0 8C 6E 50 C8 24 09 18 25 A5 09 01 31 03 CF 00 10 1D C3 25 A5 09 01 31 05 E6 3D 77 00 50 2A F5 50 (116)
                              [N12:Z] MOTOR_I 0 4 (4)
                              [N12:Z] [undefined] 61 119 255 176 (1031274416)
                              [N9:P] MOTOR_I 0 30 (30)
                              [N9:P] [undefined] 61 119 0 80 (1031209040)
                              [N12:Z] MOTOR_I 0 7 (7)
                              [N12:Z] [undefined] 61 119 255 176 (1031274416)
                              [N9:P] MOTOR_I 0 16 (16)
                              [N9:P] [undefined] 61 119 0 80 (1031209040)
2025-08-15 18:01:12:490 [IN ] C8 24 0C 18 25 A5 0C 01 31 03 CF 00 09 19 D1 25 A5 0C 01 31 05 E6 3D 77 FF B0 8C 6E 50 C8 24 09 18 25 A5 09 01 31 03 CF 00 0D 1A C0 25 A5 09 01 31 05 E6 3D 77 00 50 2A F5 50 C8 24 0C 18 25 A5 
0C 01 31 03 CF 00 15 25 DD 25 A5 0C 01 31 05 E6 3D 77 FF B0 8C 6E 50 C8 24 09 18 25 A5 09 01 31 03 CF 00 15 22 C8 25 A5 09 01 31 05 E6 3D 77 00 50 2A F5 50 (116)
                              [N12:Z] MOTOR_I 0 9 (9)
                              [N12:Z] [undefined] 61 119 255 176 (1031274416)
                              [N9:P] MOTOR_I 0 13 (13)
                              [N9:P] [undefined] 61 119 0 80 (1031209040)
                              [N12:Z] MOTOR_I 0 21 (21)
                              [N12:Z] [undefined] 61 119 255 176 (1031274416)
                              [N9:P] MOTOR_I 0 21 (21)
                              [N9:P] [undefined] 61 119 0 80 (1031209040)
2025-08-15 18:01:12:692 [IN ] C8 24 0C 0E 25 A5 0C 01 31 03 CF 00 07 17 CF 25 A5 0C 01 C8 24 0C 0A 01 31 05 E6 3D 77 FF B0 8C 6E CF C8 24 09 18 25 A5 09 01 31 03 CF 00 09 16 BC 25 A5 09 01 31 05 E6 3D 77 00 50 2A F5 50 C8 
24 0C 15 25 A5 0C 01 31 03 CF 00 06 16 CE 25 A5 0C 01 31 05 E6 3D 77 FF 50 C8 24 09 18 25 A5 09 01 31 03 CF 00 0E 1B C1 25 A5 09 01 31 05 E6 3D 77 00 50 2A F5 50 (118)
                              [N12:Z] MOTOR_I 0 7 (7)
                              [N12:Z] [undefined] 61 119 255 176 (1031274416)
                              [N9:P] MOTOR_I 0 9 (9)
                              [N9:P] [undefined] 61 119 0 80 (1031209040)
                              [N12:Z] MOTOR_I 0 6 (6)
                              [N9:P] MOTOR_I 0 14 (14)
                              [N9:P] [undefined] 61 119 0 80 (1031209040)
2025-08-15 18:01:12:895 [IN ] C8 24 0C 1B B0 8C 6E 25 A5 0C 01 31 03 CF 00 03 13 CB 25 A5 0C 01 31 05 E6 3D 77 FF B0 8C 6E 31 C8 24 09 18 25 A5 09 01 31 03 CF 00 0C 19 BF 25 A5 09 01 31 05 E6 3D 77 00 50 2A F5 B0 C8 24 0C 
18 25 A5 0C 01 31 03 CF 00 11 21 D9 25 A5 0C 01 31 05 E6 3D 77 FF B0 8C 6E B0 C8 24 09 18 25 A5 09 01 31 03 CF 00 16 23 C9 25 A5 09 01 31 05 E6 3D 77 00 50 2A F5 B0 (119)
                              [N12:Z] [undefined] 61 119 255 176 (1031274416)
                              [N12:Z] MOTOR_I 0 3 (3)
                              [N12:Z] [undefined] 61 119 255 176 (1031274416)
                              [N9:P] MOTOR_I 0 12 (12)
                              [N9:P] [undefined] 61 119 0 80 (1031209040)
                              [N12:Z] MOTOR_I 0 17 (17)
                              [N12:Z] [undefined] 61 119 255 176 (1031274416)
                              [N9:P] MOTOR_I 0 22 (22)
                              [N9:P] [undefined] 61 119 0 80 (1031209040)
2025-08-15 18:01:13:097 [IN ] C8 24 0C 18 25 A5 0C 01 31 03 CF 00 09 19 D1 25 A5 0C 01 31 05 E6 3D 77 FF B0 8C 6E B0 C8 24 09 18 25 A5 09 01 31 03 CF 00 06 13 B9 25 A5 09 01 31 05 E6 3D 77 00 50 2A F5 B0 C8 24 0C 18 25 A5 
0C 01 31 03 CF 00 01 11 C9 25 A5 0C 01 31 05 E6 3D 77 FF B0 8C 6E B0 C8 24 09 18 25 A5 09 01 31 03 CF 00 11 1E C4 25 A5 09 01 31 05 E6 3D 77 00 50 2A F5 B0 (116)
                              [N12:Z] MOTOR_I 0 9 (9)
                              [N12:Z] [undefined] 61 119 255 176 (1031274416)
                              [N9:P] MOTOR_I 0 6 (6)
                              [N9:P] [undefined] 61 119 0 80 (1031209040)
                              [N12:Z] MOTOR_I 0 1 (1)
                              [N12:Z] [undefined] 61 119 255 176 (1031274416)
                              [N9:P] MOTOR_I 0 17 (17)
                              [N9:P] [undefined] 61 119 0 80 (1031209040)
2025-08-15 18:01:13:298 [IN ] C8 24 0C 18 25 A5 0C 01 31 03 CF 00 06 16 CE 25 A5 0C 01 31 05 E6 3D 77 FF B0 8C 6E B0 C8 24 09 18 25 A5 09 01 31 03 CF 00 11 1E C4 25 A5 09 01 31 05 E6 3D 77 00 50 2A F5 B0 C8 24 0C 18 25 A5 
0C 01 31 03 CF 00 10 20 D8 25 A5 0C 01 31 05 E6 3D 77 FF B0 8C 6E B0 C8 24 09 0E 25 A5 09 01 31 03 CF 00 11 1E C4 25 A5 09 01 C8 24 09 0A 01 31 05 E6 3D 77 00 50 2A F5 C4 (121)
                              [N12:Z] MOTOR_I 0 6 (6)
                              [N12:Z] [undefined] 61 119 255 176 (1031274416)
                              [N9:P] MOTOR_I 0 17 (17)
                              [N9:P] [undefined] 61 119 0 80 (1031209040)
                              [N12:Z] MOTOR_I 0 16 (16)
                              [N12:Z] [undefined] 61 119 255 176 (1031274416)
                              [N9:P] MOTOR_I 0 17 (17)
                              [N9:P] [undefined] 61 119 0 80 (1031209040)
2025-08-15 18:01:13:501 [IN ] C8 24 0C 18 25 A5 0C 01 31 03 CF 00 17 27 DF 25 A5 0C 01 31 05 E6 3D 77 FF B0 8C 6E B0 C8 24 09 15 25 A5 09 01 31 03 CF 00 1B 28 CE 25 A5 09 01 31 05 E6 3D 77 00 B0 C8 24 0C 18 25 A5 0C 01 31 
03 CF 00 10 20 D8 25 A5 0C 01 31 05 E6 3D 77 FF B0 8C 6E B0 C8 24 09 1B 50 2A F5 25 A5 09 01 31 03 CF 00 05 12 B8 25 A5 09 01 31 05 E6 3D 77 00 50 2A F5 31 (116)
                              [N12:Z] MOTOR_I 0 23 (23)
                              [N12:Z] [undefined] 61 119 255 176 (1031274416)
                              [N9:P] MOTOR_I 0 27 (27)
                              [N12:Z] MOTOR_I 0 16 (16)
                              [N12:Z] [undefined] 61 119 255 176 (1031274416)
                              [N9:P] [undefined] 61 119 0 80 (1031209040)
                              [N9:P] MOTOR_I 0 5 (5)
                              [N9:P] [undefined] 61 119 0 80 (1031209040)
2025-08-15 18:01:13:702 [IN ] C8 24 0C 18 25 A5 0C 01 31 03 CF 00 0B 1B D3 25 A5 0C 01 31 05 E6 3D 77 FF B0 8C 6E 50 C8 24 09 18 25 A5 09 01 31 03 CF 00 13 20 C6 25 A5 09 01 31 05 E6 3D 77 00 50 2A F5 50 C8 24 0C 18 25 A5 
0C 01 31 03 CF 00 05 15 CD 25 A5 0C 01 31 05 E6 3D 77 FF B0 8C 6E 50 C8 24 09 18 25 A5 09 01 31 03 CF 00 0E 1B C1 25 A5 09 01 31 05 E6 3D 77 00 50 2A F5 50 (116)
                              [N12:Z] MOTOR_I 0 11 (11)
                              [N12:Z] [undefined] 61 119 255 176 (1031274416)
                              [N9:P] MOTOR_I 0 19 (19)
                              [N9:P] [undefined] 61 119 0 80 (1031209040)
                              [N12:Z] MOTOR_I 0 5 (5)
                              [N12:Z] [undefined] 61 119 255 176 (1031274416)
                              [N9:P] MOTOR_I 0 14 (14)
                              [N9:P] [undefined] 61 119 0 80 (1031209040)
2025-08-15 18:01:13:903 [IN ] C8 24 0C 18 25 A5 0C 01 31 03 CF 00 04 14 CC 25 A5 0C 01 31 05 E6 3D 77 FF B0 8C 6E 50 C8 24 09 18 25 A5 09 01 31 03 CF 00 08 15 BB 25 A5 09 01 31 05 E6 3D 77 00 50 2A F5 50 C8 24 0C 18 25 A5 
0C 01 31 03 CF 00 02 12 CA 25 A5 0C 01 31 05 E6 3D 77 FF B0 8C 6E 50 C8 24 09 18 25 A5 09 01 31 03 CF 00 09 16 BC 25 A5 09 01 31 05 E6 3D 77 00 50 2A F5 50 (116)
                              [N12:Z] MOTOR_I 0 4 (4)
                              [N12:Z] [undefined] 61 119 255 176 (1031274416)
                              [N9:P] MOTOR_I 0 8 (8)
                              [N9:P] [undefined] 61 119 0 80 (1031209040)
                              [N12:Z] MOTOR_I 0 2 (2)
                              [N12:Z] [undefined] 61 119 255 176 (1031274416)
                              [N9:P] MOTOR_I 0 9 (9)
                              [N9:P] [undefined] 61 119 0 80 (1031209040)
2025-08-15 18:01:14:105 [IN ] C8 24 0C 18 25 A5 0C 01 31 03 CF 00 02 12 CA 25 A5 0C 01 31 05 E6 3D 77 FF B0 8C 6E 50 C8 24 09 18 25 A5 09 01 31 03 CF 00 0C 19 BF 25 A5 09 01 31 05 E6 3D 77 00 50 2A F5 50 C8 24 0C 18 25 A5 
0C 01 31 03 CF 00 07 17 CF 25 A5 0C 01 31 05 E6 3D 77 FF B0 8C 6E 50 C8 24 09 18 25 A5 09 01 31 03 CF 00 0F 1C C2 25 A5 09 01 31 05 E6 3D 77 00 50 2A F5 50 (116)
                              [N12:Z] MOTOR_I 0 2 (2)
                              [N12:Z] [undefined] 61 119 255 176 (1031274416)
                              [N9:P] MOTOR_I 0 12 (12)
                              [N9:P] [undefined] 61 119 0 80 (1031209040)
                              [N12:Z] MOTOR_I 0 7 (7)
                              [N12:Z] [undefined] 61 119 255 176 (1031274416)
                              [N9:P] MOTOR_I 0 15 (15)
                              [N9:P] [undefined] 61 119 0 80 (1031209040)
2025-08-15 18:01:14:307 [IN ] C8 24 0C 18 25 A5 0C 01 31 03 CF 00 02 12 CA 25 A5 0C 01 31 05 E6 3D 77 FF B0 8C 6E 50 C8 24 09 18 25 A5 09 01 31 03 CF 00 12 1F C5 25 A5 09 01 31 05 E6 3D 77 00 50 2A F5 50 C8 24 0C 18 25 A5 
0C 01 31 03 CF 00 0F 1F D7 25 A5 0C 01 31 05 E6 3D 77 FF B0 8C 6E 50 C8 24 09 18 25 A5 09 01 31 03 CF 00 0F 1C C2 25 A5 09 01 31 05 E6 3D 77 00 50 2A F5 50 (116)
                              [N12:Z] MOTOR_I 0 2 (2)
                              [N12:Z] [undefined] 61 119 255 176 (1031274416)
                              [N9:P] MOTOR_I 0 18 (18)
                              [N9:P] [undefined] 61 119 0 80 (1031209040)
                              [N12:Z] MOTOR_I 0 15 (15)
                              [N12:Z] [undefined] 61 119 255 176 (1031274416)
                              [N9:P] MOTOR_I 0 15 (15)
                              [N9:P] [undefined] 61 119 0 80 (1031209040)
2025-08-15 18:01:14:509 [IN ] C8 24 0C 0E 25 A5 0C 01 31 03 CF 00 17 27 DF 25 A5 0C 01 C8 24 0C 0A 01 31 05 E6 3D 77 FF B0 8C 6E DF C8 24 09 18 25 A5 09 01 31 03 CF 00 12 1F C5 25 A5 09 01 31 05 E6 3D 77 00 50 2A F5 50 C8 
24 0C 18 25 A5 0C 01 31 03 CF 00 0B 1B D3 25 A5 0C 01 31 05 E6 3D 77 FF B0 8C 6E 50 C8 24 09 18 25 A5 09 01 31 03 CF 00 1C 29 CF 25 A5 09 01 31 05 E6 3D 77 00 50 2A F5 50 (121)
                              [N12:Z] MOTOR_I 0 23 (23)
                              [N12:Z] [undefined] 61 119 255 176 (1031274416)
                              [N9:P] MOTOR_I 0 18 (18)
                              [N9:P] [undefined] 61 119 0 80 (1031209040)
                              [N12:Z] MOTOR_I 0 11 (11)
                              [N12:Z] [undefined] 61 119 255 176 (1031274416)
                              [N9:P] MOTOR_I 0 28 (28)
                              [N9:P] [undefined] 61 119 0 80 (1031209040)
2025-08-15 18:01:14:710 [IN ] C8 24 0C 18 25 A5 0C 01 31 03 CF 00 01 11 C9 25 A5 0C 01 31 05 E6 3D 77 FF B0 8C 6E 50 C8 24 09 18 25 A5 09 01 31 03 CF 00 12 1F C5 25 A5 09 01 31 05 E6 3D 77 00 50 2A F5 50 C8 24 0C 18 25 A5 
0C 01 31 03 CF 00 0B 1B D3 25 A5 0C 01 31 05 E6 3D 77 FF B0 8C 6E 50 C8 24 09 18 25 A5 09 01 31 03 CF 00 13 20 C6 25 A5 09 01 31 05 E6 3D 77 00 50 2A F5 50 (116)
                              [N12:Z] MOTOR_I 0 1 (1)
                              [N12:Z] [undefined] 61 119 255 176 (1031274416)
                              [N9:P] MOTOR_I 0 18 (18)
                              [N9:P] [undefined] 61 119 0 80 (1031209040)
                              [N12:Z] MOTOR_I 0 11 (11)
                              [N12:Z] [undefined] 61 119 255 176 (1031274416)
                              [N9:P] MOTOR_I 0 19 (19)
                              [N9:P] [undefined] 61 119 0 80 (1031209040)
2025-08-15 18:01:14:912 [IN ] C8 24 0C 18 25 A5 0C 01 31 03 CF 00 07 17 CF 25 A5 0C 01 31 05 E6 3D 77 FF B0 8C 6E 50 C8 24 09 18 25 A5 09 01 31 03 CF 00 09 16 BC 25 A5 09 01 31 05 E6 3D 77 00 50 2A F5 50 C8 24 0C 18 25 A5 
0C 01 31 03 CF 00 0A 1A D2 25 A5 0C 01 31 05 E6 3D 77 FF B0 8C 6E 50 C8 24 09 18 25 A5 09 01 31 03 CF 00 0F 1C C2 25 A5 09 01 31 05 E6 3D 77 00 50 2A F5 50 (116)
                              [N12:Z] MOTOR_I 0 7 (7)
                              [N12:Z] [undefined] 61 119 255 176 (1031274416)
                              [N9:P] MOTOR_I 0 9 (9)
                              [N9:P] [undefined] 61 119 0 80 (1031209040)
                              [N12:Z] MOTOR_I 0 10 (10)
                              [N12:Z] [undefined] 61 119 255 176 (1031274416)
                              [N9:P] MOTOR_I 0 15 (15)
                              [N9:P] [undefined] 61 119 0 80 (1031209040)
2025-08-15 18:01:15:114 [IN ] C8 24 0C 18 25 A5 0C 01 31 03 CF 00 0E 1E D6 25 A5 0C 01 31 05 E6 3D 77 FF B0 8C 6E 50 C8 24 09 18 25 A5 09 01 31 03 CF 00 0C 19 BF 25 A5 09 01 31 05 E6 3D 77 00 50 2A F5 50 C8 24 0C 18 25 A5 
0C 01 31 03 CF 00 11 21 D9 25 A5 0C 01 31 05 E6 3D 77 FF B0 8C 6E 50 C8 24 09 0E 25 A5 09 01 31 03 CF 00 12 1F C5 25 A5 09 01 C8 24 09 0A 01 31 05 E6 3D 77 00 50 2A F5 C5 (121)
                              [N12:Z] MOTOR_I 0 14 (14)
                              [N12:Z] [undefined] 61 119 255 176 (1031274416)
                              [N9:P] MOTOR_I 0 12 (12)
                              [N9:P] [undefined] 61 119 0 80 (1031209040)
                              [N12:Z] MOTOR_I 0 17 (17)
                              [N12:Z] [undefined] 61 119 255 176 (1031274416)
                              [N9:P] MOTOR_I 0 18 (18)
                              [N9:P] [undefined] 61 119 0 80 (1031209040)
2025-08-15 18:01:15:315 [IN ] C8 24 0C 18 25 A5 0C 01 31 03 CF 00 03 13 CB 25 A5 0C 01 31 05 E6 3D 77 FF B0 8C 6E 50 C8 24 09 18 25 A5 09 01 31 03 CF 00 0A 17 BD 25 A5 09 01 31 05 E6 3D 77 00 50 2A F5 50 C8 24 0C 18 25 A5 
0C 01 31 03 CF 00 09 19 D1 25 A5 0C 01 31 05 E6 3D 77 FF B0 8C 6E 50 C8 24 09 18 25 A5 09 01 31 03 CF 00 08 15 BB 25 A5 09 01 31 05 E6 3D 77 00 50 2A F5 50 (116)
                              [N12:Z] MOTOR_I 0 3 (3)
                              [N12:Z] [undefined] 61 119 255 176 (1031274416)
                              [N9:P] MOTOR_I 0 10 (10)
                              [N9:P] [undefined] 61 119 0 80 (1031209040)
                              [N12:Z] MOTOR_I 0 9 (9)
                              [N12:Z] [undefined] 61 119 255 176 (1031274416)
                              [N9:P] MOTOR_I 0 8 (8)
                              [N9:P] [undefined] 61 119 0 80 (1031209040)
2025-08-15 18:01:15:517 [IN ] C8 24 0C 18 25 A5 0C 01 31 03 CF 00 16 26 DE 25 A5 0C 01 31 05 E6 3D 77 FF B0 8C 6E 50 C8 24 09 18 25 A5 09 01 31 03 CF 00 0D 1A C0 25 A5 09 01 31 05 E6 3D 77 00 50 2A F5 50 C8 24 0C 18 25 A5 
0C 01 31 03 CF 00 15 25 DD 25 A5 0C 01 31 05 E6 3D 77 FF B0 8C 6E 50 C8 24 09 18 25 A5 09 01 31 03 CF 00 04 11 B7 25 A5 09 01 31 05 E6 3D 77 00 50 2A F5 50 (116)
                              [N12:Z] MOTOR_I 0 22 (22)
                              [N12:Z] [undefined] 61 119 255 176 (1031274416)
                              [N9:P] MOTOR_I 0 13 (13)
                              [N9:P] [undefined] 61 119 0 80 (1031209040)
                              [N12:Z] MOTOR_I 0 21 (21)
                              [N12:Z] [undefined] 61 119 255 176 (1031274416)
                              [N9:P] MOTOR_I 0 4 (4)
                              [N9:P] [undefined] 61 119 0 80 (1031209040)
2025-08-15 18:01:15:718 [IN ] C8 24 0C 18 25 A5 0C 01 31 03 CF 00 04 14 CC 25 A5 0C 01 31 05 E6 3D 77 FF B0 8C 6E 50 C8 24 09 18 25 A5 09 01 31 03 CF 00 10 1D C3 25 A5 09 01 31 05 E6 3D 77 00 50 2A F5 50 C8 24 0C 18 25 A5 
0C 01 31 03 CF 00 0A 1A D2 25 A5 0C 01 31 05 E6 3D 77 FF B0 8C 6E 50 C8 24 09 18 25 A5 09 01 31 03 CF 00 18 25 CB 25 A5 09 01 31 05 E6 3D 77 00 50 2A F5 50 (116)
                              [N12:Z] MOTOR_I 0 4 (4)
                              [N12:Z] [undefined] 61 119 255 176 (1031274416)
                              [N9:P] MOTOR_I 0 16 (16)
                              [N9:P] [undefined] 61 119 0 80 (1031209040)
                              [N12:Z] MOTOR_I 0 10 (10)
                              [N12:Z] [undefined] 61 119 255 176 (1031274416)
                              [N9:P] MOTOR_I 0 24 (24)
                              [N9:P] [undefined] 61 119 0 80 (1031209040)
2025-08-15 18:01:15:920 [IN ] C8 24 0C 18 25 A5 0C 01 31 03 CF 00 13 23 DB 25 A5 0C 01 31 05 E6 3D 77 FF B0 8C 6E 50 C8 24 09 18 25 A5 09 01 31 03 CF 00 10 1D C3 25 A5 09 01 31 05 E6 3D 77 00 50 2A F5 50 C8 24 0C 18 25 A5 
0C 01 31 03 CF 00 10 20 D8 25 A5 0C 01 31 05 E6 3D 77 FF B0 8C 6E 50 C8 24 09 18 25 A5 09 01 31 03 CF 00 13 20 C6 25 A5 09 01 31 05 E6 3D 77 00 50 2A F5 50 (116)
                              [N12:Z] MOTOR_I 0 19 (19)
                              [N12:Z] [undefined] 61 119 255 176 (1031274416)
                              [N9:P] MOTOR_I 0 16 (16)
                              [N9:P] [undefined] 61 119 0 80 (1031209040)
                              [N12:Z] MOTOR_I 0 16 (16)
                              [N12:Z] [undefined] 61 119 255 176 (1031274416)
                              [N9:P] MOTOR_I 0 19 (19)
                              [N9:P] [undefined] 61 119 0 80 (1031209040)
2025-08-15 18:01:16:122 [IN ] C8 24 0C 18 25 A5 0C 01 31 03 CF 00 12 22 DA 25 A5 0C 01 31 05 E6 3D 77 FF B0 8C 6E 50 C8 24 09 18 25 A5 09 01 31 03 CF 00 05 12 B8 25 A5 09 01 31 05 E6 3D 77 00 50 2A F5 50 C8 24 0C 0E 25 A5 
0C 01 31 03 CF 00 0B 1B D3 25 A5 0C 01 C8 24 0C 0A 01 31 05 E6 3D 77 FF B0 8C 6E D3 C8 24 09 18 25 A5 09 01 31 03 CF 00 0F 1C C2 25 A5 09 01 31 05 E6 3D 77 00 50 2A F5 50 (121)
                              [N12:Z] MOTOR_I 0 18 (18)
                              [N12:Z] [undefined] 61 119 255 176 (1031274416)
                              [N9:P] MOTOR_I 0 5 (5)
                              [N9:P] [undefined] 61 119 0 80 (1031209040)
                              [N12:Z] MOTOR_I 0 11 (11)
                              [N12:Z] [undefined] 61 119 255 176 (1031274416)
                              [N9:P] MOTOR_I 0 15 (15)
                              [N9:P] [undefined] 61 119 0 80 (1031209040)
2025-08-15 18:01:16:323 [IN ] C8 24 0C 18 25 A5 0C 01 31 03 CF 00 07 17 CF 25 A5 0C 01 31 05 E6 3D 77 FF B0 8C 6E 50 C8 24 09 18 25 A5 09 01 31 03 CF 00 19 26 CC 25 A5 09 01 31 05 E6 3D 77 00 50 2A F5 50 C8 24 0C 18 25 A5 
0C 01 31 03 CF 00 0A 1A D2 25 A5 0C 01 31 05 E6 3D 77 FF B0 8C 6E 50 C8 24 09 18 25 A5 09 01 31 03 CF 00 15 22 C8 25 A5 09 01 31 05 E6 3D 77 00 50 2A F5 50 (116)
                              [N12:Z] MOTOR_I 0 7 (7)
                              [N12:Z] [undefined] 61 119 255 176 (1031274416)
                              [N9:P] MOTOR_I 0 25 (25)
                              [N9:P] [undefined] 61 119 0 80 (1031209040)
                              [N12:Z] MOTOR_I 0 10 (10)
                              [N12:Z] [undefined] 61 119 255 176 (1031274416)
                              [N9:P] MOTOR_I 0 21 (21)
                              [N9:P] [undefined] 61 119 0 80 (1031209040)
2025-08-15 18:01:16:525 [IN ] C8 24 0C 18 25 A5 0C 01 31 03 CF 00 0B 1B D3 25 A5 0C 01 31 05 E6 3D 77 FF B0 8C 6E 50 C8 24 09 18 25 A5 09 01 31 03 CF 00 0A 17 BD 25 A5 09 01 31 05 E6 3D 77 00 50 2A F5 50 C8 24 0C 18 25 A5 
0C 01 31 03 CF 00 08 18 D0 25 A5 0C 01 31 05 E6 3D 77 FF B0 8C 6E 50 C8 24 09 18 25 A5 09 01 31 03 CF 00 0C 19 BF 25 A5 09 01 31 05 E6 3D 77 00 50 2A F5 50 (116)
                              [N12:Z] MOTOR_I 0 11 (11)
                              [N12:Z] [undefined] 61 119 255 176 (1031274416)
                              [N9:P] MOTOR_I 0 10 (10)
                              [N9:P] [undefined] 61 119 0 80 (1031209040)
                              [N12:Z] MOTOR_I 0 8 (8)
                              [N12:Z] [undefined] 61 119 255 176 (1031274416)
                              [N9:P] MOTOR_I 0 12 (12)
                              [N9:P] [undefined] 61 119 0 80 (1031209040)
2025-08-15 18:01:16:727 [IN ] C8 24 0C 18 25 A5 0C 01 31 03 CF 00 05 15 CD 25 A5 0C 01 31 05 E6 3D 77 FF B0 8C 6E 50 C8 24 09 18 25 A5 09 01 31 03 CF 00 23 30 D6 25 A5 09 01 31 05 E6 3D 77 00 50 2A F5 50 C8 24 0C 18 25 A5 
0C 01 31 03 CF 00 07 17 CF 25 A5 0C 01 31 05 E6 3D 77 FF B0 8C 6E 50 C8 24 09 18 25 A5 09 01 31 03 CF 00 09 16 BC 25 A5 09 01 31 05 E6 3D 77 00 50 2A F5 50 (116)
                              [N12:Z] MOTOR_I 0 5 (5)
                              [N12:Z] [undefined] 61 119 255 176 (1031274416)
                              [N9:P] MOTOR_I 0 35 (35)
                              [N9:P] [undefined] 61 119 0 80 (1031209040)
                              [N12:Z] MOTOR_I 0 7 (7)
                              [N12:Z] [undefined] 61 119 255 176 (1031274416)
                              [N9:P] MOTOR_I 0 9 (9)
                              [N9:P] [undefined] 61 119 0 80 (1031209040)
2025-08-15 18:01:16:928 [IN ] C8 24 0C 18 25 A5 0C 01 31 03 CF 00 09 19 D1 25 A5 0C 01 31 05 E6 3D 77 FF B0 8C 6E 50 C8 24 09 0E 25 A5 09 01 31 03 CF 00 0B 18 BE 25 A5 09 01 C8 24 09 0A 01 31 05 E6 3D 77 00 50 2A F5 BE C8 
24 0C 18 25 A5 0C 01 31 03 CF 00 07 17 CF 25 A5 0C 01 31 05 E6 3D 77 FF B0 8C 6E 50 C8 24 09 15 25 A5 09 01 31 03 CF 00 0F 1C C2 25 A5 09 01 31 05 E6 3D 77 00 B0 (118)
                              [N12:Z] MOTOR_I 0 9 (9)
                              [N12:Z] [undefined] 61 119 255 176 (1031274416)
                              [N9:P] MOTOR_I 0 11 (11)
                              [N9:P] [undefined] 61 119 0 80 (1031209040)
                              [N12:Z] MOTOR_I 0 7 (7)
                              [N12:Z] [undefined] 61 119 255 176 (1031274416)
                              [N9:P] MOTOR_I 0 15 (15)
2025-08-15 18:01:17:132 [IN ] C8 24 0C 18 25 A5 0C 01 31 03 CF 00 04 14 CC 25 A5 0C 01 31 05 E6 3D 77 FF B0 8C 6E 50 C8 24 09 1B 50 2A F5 25 A5 09 01 31 03 CF 00 10 1D C3 25 A5 09 01 31 05 E6 3D 77 00 50 2A F5 31 C8 24 0C 
18 25 A5 0C 01 31 03 CF 00 0B 1B D3 25 A5 0C 01 31 05 E6 3D 77 FF B0 8C 6E 50 C8 24 09 18 25 A5 09 01 31 03 CF 00 10 1D C3 25 A5 09 01 31 05 E6 3D 77 00 50 2A F5 50 (119)
                              [N12:Z] MOTOR_I 0 4 (4)
                              [N12:Z] [undefined] 61 119 255 176 (1031274416)
                              [N9:P] [undefined] 61 119 0 80 (1031209040)
                              [N9:P] MOTOR_I 0 16 (16)
                              [N9:P] [undefined] 61 119 0 80 (1031209040)
                              [N12:Z] MOTOR_I 0 11 (11)
                              [N12:Z] [undefined] 61 119 255 176 (1031274416)
                              [N9:P] MOTOR_I 0 16 (16)
                              [N9:P] [undefined] 61 119 0 80 (1031209040)
2025-08-15 18:01:17:334 [IN ] C8 24 0C 18 25 A5 0C 01 31 03 CF 00 0B 1B D3 25 A5 0C 01 31 05 E6 3D 77 FF B0 8C 6E 50 C8 24 09 18 25 A5 09 01 31 03 CF 00 09 16 BC 25 A5 09 01 31 05 E6 3D 77 00 50 2A F5 50 C8 24 0C 18 25 A5 
0C 01 31 03 CF 00 08 18 D0 25 A5 0C 01 31 05 E6 3D 77 FF B0 8C 6E 50 C8 24 09 18 25 A5 09 01 31 03 CF 00 22 2F D5 25 A5 09 01 31 05 E6 3D 77 00 50 2A F5 50 (116)
                              [N12:Z] MOTOR_I 0 11 (11)
                              [N12:Z] [undefined] 61 119 255 176 (1031274416)
                              [N9:P] MOTOR_I 0 9 (9)
                              [N9:P] [undefined] 61 119 0 80 (1031209040)
                              [N12:Z] MOTOR_I 0 8 (8)
                              [N12:Z] [undefined] 61 119 255 176 (1031274416)
                              [N9:P] MOTOR_I 0 34 (34)
                              [N9:P] [undefined] 61 119 0 80 (1031209040)
2025-08-15 18:01:17:535 [IN ] C8 24 0C 18 25 A5 0C 01 31 03 CF 00 10 20 D8 25 A5 0C 01 31 05 E6 3D 77 FF B0 8C 6E 50 C8 24 09 18 25 A5 09 01 31 03 CF 00 17 24 CA 25 A5 09 01 31 05 E6 3D 77 00 50 2A F5 50 C8 24 0C 18 25 A5 
0C 01 31 03 CF 00 10 20 D8 25 A5 0C 01 31 05 E6 3D 77 FF B0 8C 6E 50 C8 24 09 18 25 A5 09 01 31 03 CF 00 17 24 CA 25 A5 09 01 31 05 E6 3D 77 00 50 2A F5 50 (116)
                              [N12:Z] MOTOR_I 0 16 (16)
                              [N12:Z] [undefined] 61 119 255 176 (1031274416)
                              [N9:P] MOTOR_I 0 23 (23)
                              [N9:P] [undefined] 61 119 0 80 (1031209040)
                              [N12:Z] MOTOR_I 0 16 (16)
                              [N12:Z] [undefined] 61 119 255 176 (1031274416)
                              [N9:P] MOTOR_I 0 23 (23)
                              [N9:P] [undefined] 61 119 0 80 (1031209040)
2025-08-15 18:01:17:736 [IN ] C8 24 0C 18 25 A5 0C 01 31 03 CF 00 0F 1F D7 25 A5 0C 01 31 05 E6 3D 77 FF B0 8C 6E 50 C8 24 09 18 25 A5 09 01 31 03 CF 00 07 14 BA 25 A5 09 01 31 05 E6 3D 77 00 50 2A F5 50 C8 24 0C 18 25 A5 
0C 01 31 03 CF 00 01 11 C9 25 A5 0C 01 31 05 E6 3D 77 FF B0 8C 6E 50 C8 24 09 18 25 A5 09 01 31 03 CF 00 07 14 BA 25 A5 09 01 31 05 E6 3D 77 00 50 2A F5 50 C8 24 0C 0E 25 A5 0C 01 31 03 CF 00 
16 26 DE 25 A5 0C (134)
                              [N12:Z] MOTOR_I 0 15 (15)
                              [N12:Z] [undefined] 61 119 255 176 (1031274416)
                              [N9:P] MOTOR_I 0 7 (7)
                              [N9:P] [undefined] 61 119 0 80 (1031209040)
                              [N12:Z] MOTOR_I 0 1 (1)
                              [N12:Z] [undefined] 61 119 255 176 (1031274416)
                              [N9:P] MOTOR_I 0 7 (7)
                              [N9:P] [undefined] 61 119 0 80 (1031209040)
                              [N12:Z] MOTOR_I 0 22 (22)
2025-08-15 18:01:17:939 [IN ] 01 C8 24 0C 0A 01 31 05 E6 3D 77 FF B0 8C 6E DE C8 24 09 18 25 A5 09 01 31 03 CF 00 10 1D C3 25 A5 09 01 31 05 E6 3D 77 00 50 2A F5 50 C8 24 0C 15 25 A5 0C 01 31 03 CF 00 0A 1A D2 25 A5 0C 01 
31 05 E6 3D 77 FF 50 C8 24 09 18 25 A5 09 01 31 03 CF 00 24 31 D7 25 A5 09 01 31 05 E6 3D 77 00 50 2A F5 50 (100)
                              [N12:Z] [undefined] 61 119 255 176 (1031274416)
                              [N9:P] MOTOR_I 0 16 (16)
                              [N9:P] [undefined] 61 119 0 80 (1031209040)
                              [N12:Z] MOTOR_I 0 10 (10)
                              [N9:P] MOTOR_I 0 36 (36)
                              [N9:P] [undefined] 61 119 0 80 (1031209040)
2025-08-15 18:01:18:141 [IN ] C8 24 0C 1B B0 8C 6E 25 A5 0C 01 31 03 CF 00 0B 1B D3 25 A5 0C 01 31 05 E6 3D 77 FF B0 8C 6E 31 C8 24 09 18 25 A5 09 01 31 03 CF 00 0B 18 BE 25 A5 09 01 31 05 E6 3D 77 00 50 2A F5 B0 C8 24 0C 
18 25 A5 0C 01 31 03 CF 00 00 10 C8 25 A5 0C 01 31 05 E6 3D 77 FF B0 8C 6E B0 C8 24 09 18 25 A5 09 01 31 03 CF 00 14 21 C7 25 A5 09 01 31 05 E6 3D 77 00 50 2A F5 B0 (119)
                              [N12:Z] [undefined] 61 119 255 176 (1031274416)
                              [N12:Z] MOTOR_I 0 11 (11)
                              [N12:Z] [undefined] 61 119 255 176 (1031274416)
                              [N9:P] MOTOR_I 0 11 (11)
                              [N9:P] [undefined] 61 119 0 80 (1031209040)
                              [N12:Z] MOTOR_I 0 0 (0)
                              [N12:Z] [undefined] 61 119 255 176 (1031274416)
                              [N9:P] MOTOR_I 0 20 (20)
                              [N9:P] [undefined] 61 119 0 80 (1031209040)
2025-08-15 18:01:18:345 [IN ] C8 24 0C 18 25 A5 0C 01 31 03 CF 00 00 10 C8 25 A5 0C 01 31 05 E6 3D 77 FF B0 8C 6E B0 C8 24 09 18 25 A5 09 01 31 03 CF 00 11 1E C4 25 A5 09 01 31 05 E6 3D 77 00 50 2A F5 B0 C8 24 0C 18 25 A5 
0C 01 31 03 CF 00 04 14 CC 25 A5 0C 01 31 05 E6 3D 77 FF B0 8C 6E B0 C8 24 09 18 25 A5 09 01 31 03 CF 00 1E 2B D1 25 A5 09 01 31 05 E6 3D 77 00 50 2A F5 B0 (116)
                              [N12:Z] MOTOR_I 0 0 (0)
                              [N12:Z] [undefined] 61 119 255 176 (1031274416)
                              [N9:P] MOTOR_I 0 17 (17)
                              [N9:P] [undefined] 61 119 0 80 (1031209040)
                              [N12:Z] MOTOR_I 0 4 (4)
                              [N12:Z] [undefined] 61 119 255 176 (1031274416)
                              [N9:P] MOTOR_I 0 30 (30)
                              [N9:P] [undefined] 61 119 0 80 (1031209040)
2025-08-15 18:01:18:546 [IN ] C8 24 0C 18 25 A5 0C 01 31 03 CF 00 07 17 CF 25 A5 0C 01 31 05 E6 3D 77 FF B0 8C 6E B0 C8 24 09 18 25 A5 09 01 31 03 CF 00 18 25 CB 25 A5 09 01 31 05 E6 3D 77 00 50 2A F5 B0 C8 24 0C 18 25 A5 
0C 01 31 03 CF 00 09 19 D1 25 A5 0C 01 31 05 E6 3D 77 FF B0 8C 6E B0 C8 24 09 0E 25 A5 09 01 31 03 CF 00 16 23 C9 25 A5 09 01 C8 24 09 0A 01 31 05 E6 3D 77 00 50 2A F5 C9 (121)
                              [N12:Z] MOTOR_I 0 7 (7)
                              [N12:Z] [undefined] 61 119 255 176 (1031274416)
                              [N9:P] MOTOR_I 0 24 (24)
                              [N9:P] [undefined] 61 119 0 80 (1031209040)
                              [N12:Z] MOTOR_I 0 9 (9)
                              [N12:Z] [undefined] 61 119 255 176 (1031274416)
                              [N9:P] MOTOR_I 0 22 (22)
                              [N9:P] [undefined] 61 119 0 80 (1031209040)
2025-08-15 18:01:18:749 [IN ] C8 24 0C 18 25 A5 0C 01 31 03 CF 00 04 14 CC 25 A5 0C 01 31 05 E6 3D 77 FF B0 8C 6E B0 C8 24 09 15 25 A5 09 01 31 03 CF 00 1A 27 CD 25 A5 09 01 31 05 E6 3D 77 00 B0 C8 24 0C 18 25 A5 0C 01 31 
03 CF 00 02 12 CA 25 A5 0C 01 31 05 E6 3D 77 FF B0 8C 6E B0 C8 24 09 1B 50 2A F5 25 A5 09 01 31 03 CF 00 21 2E D4 25 A5 09 01 31 05 E6 3D 77 00 50 2A F5 31 (116)
                              [N12:Z] MOTOR_I 0 4 (4)
                              [N12:Z] [undefined] 61 119 255 176 (1031274416)
                              [N9:P] MOTOR_I 0 26 (26)
                              [N12:Z] MOTOR_I 0 2 (2)
                              [N12:Z] [undefined] 61 119 255 176 (1031274416)
                              [N9:P] [undefined] 61 119 0 80 (1031209040)
                              [N9:P] MOTOR_I 0 33 (33)
                              [N9:P] [undefined] 61 119 0 80 (1031209040)
2025-08-15 18:01:18:950 [IN ] C8 24 0C 18 25 A5 0C 01 31 03 CF 00 05 15 CD 25 A5 0C 01 31 05 E6 3D 77 FF B0 8C 6E 50 C8 24 09 18 25 A5 09 01 31 03 CF 00 17 24 CA 25 A5 09 01 31 05 E6 3D 77 00 50 2A F5 50 C8 24 0C 18 25 A5 
0C 01 31 03 CF 00 02 12 CA 25 A5 0C 01 31 05 E6 3D 77 FF B0 8C 6E 50 C8 24 09 18 25 A5 09 01 31 03 CF 00 0E 1B C1 25 A5 09 01 31 05 E6 3D 77 00 50 2A F5 50 (116)
                              [N12:Z] MOTOR_I 0 5 (5)
                              [N12:Z] [undefined] 61 119 255 176 (1031274416)
                              [N9:P] MOTOR_I 0 23 (23)
                              [N9:P] [undefined] 61 119 0 80 (1031209040)
                              [N12:Z] MOTOR_I 0 2 (2)
                              [N12:Z] [undefined] 61 119 255 176 (1031274416)
                              [N9:P] MOTOR_I 0 14 (14)
                              [N9:P] [undefined] 61 119 0 80 (1031209040)
2025-08-15 18:01:19:152 [IN ] C8 24 0C 18 25 A5 0C 01 31 03 CF 00 0A 1A D2 25 A5 0C 01 31 05 E6 3D 77 FF B0 8C 6E 50 C8 24 09 18 25 A5 09 01 31 03 CF 00 07 14 BA 25 A5 09 01 31 05 E6 3D 77 00 50 2A F5 50 C8 24 0C 18 25 A5 
0C 01 31 03 CF 00 09 19 D1 25 A5 0C 01 31 05 E6 3D 77 FF B0 8C 6E 50 C8 24 09 18 25 A5 09 01 31 03 CF 00 07 14 BA 25 A5 09 01 31 05 E6 3D 77 00 50 2A F5 50 (116)
                              [N12:Z] MOTOR_I 0 10 (10)
                              [N12:Z] [undefined] 61 119 255 176 (1031274416)
                              [N9:P] MOTOR_I 0 7 (7)
                              [N9:P] [undefined] 61 119 0 80 (1031209040)
                              [N12:Z] MOTOR_I 0 9 (9)
                              [N12:Z] [undefined] 61 119 255 176 (1031274416)
                              [N9:P] MOTOR_I 0 7 (7)
                              [N9:P] [undefined] 61 119 0 80 (1031209040)
2025-08-15 18:01:19:354 [IN ] C8 24 0C 18 25 A5 0C 01 31 03 CF 00 05 15 CD 25 A5 0C 01 31 05 E6 3D 77 FF B0 8C 6E 50 C8 24 09 18 25 A5 09 01 31 03 CF 00 28 35 DB 25 A5 09 01 31 05 E6 3D 77 00 50 2A F5 50 C8 24 06 0E 25 A5 
06 01 31 06 81 45 00 19 82 12 B1 B7 01 C8 24 0C 18 25 A5 0C 01 31 03 CF 00 0F 1F D7 25 A5 0C 01 31 05 E6 3D 77 FF B0 8C 6E 50 C8 24 09 18 25 A5 09 01 31 03 CF 00 0E 1B C1 25 A5 09 01 31 05 E6 
3D 77 00 50 2A F5 50 (135)
                              [N12:Z] MOTOR_I 0 5 (5)
                              [N12:Z] [undefined] 61 119 255 176 (1031274416)
                              [N9:P] MOTOR_I 0 40 (40)
                              [N9:P] [undefined] 61 119 0 80 (1031209040)
                              [N6:H] TPOS 'E' 0 25 130 18 (1671698)
                              [N12:Z] MOTOR_I 0 15 (15)
                              [N12:Z] [undefined] 61 119 255 176 (1031274416)
                              [N9:P] MOTOR_I 0 14 (14)
                              [N9:P] [undefined] 61 119 0 80 (1031209040)
2025-08-15 18:01:19:556 [IN ] C8 24 0C 18 25 A5 0C 01 31 03 CF 00 17 27 DF 25 A5 0C 01 31 05 E6 3D 77 FF B0 8C 6E 50 C8 24 09 18 25 A5 09 01 31 03 CF 00 17 24 CA 25 A5 09 01 31 05 E6 3D 77 00 50 2A F5 50 C8 24 0C 0E 25 A5 
0C 01 31 03 CF 00 07 17 CF 25 A5 0C 01 C8 24 0C 0A 01 31 05 E6 3D 77 FF B0 8C 6E CF C8 24 09 18 25 A5 09 01 31 03 CF 00 10 1D C3 25 A5 09 01 31 05 E6 3D 77 00 50 2A F5 50 (121)
                              [N12:Z] MOTOR_I 0 23 (23)
                              [N12:Z] [undefined] 61 119 255 176 (1031274416)
                              [N9:P] MOTOR_I 0 23 (23)
                              [N9:P] [undefined] 61 119 0 80 (1031209040)
                              [N12:Z] MOTOR_I 0 7 (7)
                              [N12:Z] [undefined] 61 119 255 176 (1031274416)
                              [N9:P] MOTOR_I 0 16 (16)
                              [N9:P] [undefined] 61 119 0 80 (1031209040)
2025-08-15 18:01:19:757 [IN ] C8 24 0C 15 25 A5 0C 01 31 03 CF 00 07 17 CF 25 A5 0C 01 31 05 E6 3D 77 FF 50 C8 24 09 18 25 A5 09 01 31 03 CF 00 11 1E C4 25 A5 09 01 31 05 E6 3D 77 00 50 2A F5 50 C8 24 0C 1B B0 8C 6E 25 A5 
0C 01 31 03 CF 00 01 11 C9 25 A5 0C 01 31 05 E6 3D 77 FF B0 8C 6E 31 C8 24 09 18 25 A5 09 01 31 03 CF 00 14 21 C7 25 A5 09 01 31 05 E6 3D 77 00 50 2A F5 B0 (116)
                              [N12:Z] MOTOR_I 0 7 (7)
                              [N9:P] MOTOR_I 0 17 (17)
                              [N9:P] [undefined] 61 119 0 80 (1031209040)
                              [N12:Z] [undefined] 61 119 255 176 (1031274416)
                              [N12:Z] MOTOR_I 0 1 (1)
                              [N12:Z] [undefined] 61 119 255 176 (1031274416)
                              [N9:P] MOTOR_I 0 20 (20)
                              [N9:P] [undefined] 61 119 0 80 (1031209040)
2025-08-15 18:01:19:779 [OUT] 25 A5 01 06 31 05 81 00 0D 03 C1 8F 21 (13)
                              [N6:H] TPOS 0 13 3 193 (852929)
2025-08-15 18:01:19:779 [IN ] C8 24 0C 18 25 A5 0C 01 31 03 CF 00 17 27 DF 25 A5 0C 01 31 05 E6 3D 77 FF B0 8C 6E B0 (29)
                              [N12:Z] MOTOR_I 0 23 (23)
                              [N12:Z] [undefined] 61 119 255 176 (1031274416)
2025-08-15 18:01:19:822 [IN ] C8 24 09 18 25 A5 09 01 31 03 CF 00 18 25 CB 25 A5 09 01 31 05 E6 3D 77 00 50 2A F5 B0 (29)
                              [N9:P] MOTOR_I 0 24 (24)
                              [N9:P] [undefined] 61 119 0 80 (1031209040)
2025-08-15 18:01:19:864 [IN ] C8 24 0C 18 25 A5 0C 01 31 03 CF 00 0F 1F D7 25 A5 0C 01 31 05 E6 3D 77 FF B0 8C 6E B0 (29)
                              [N12:Z] MOTOR_I 0 15 (15)
                              [N12:Z] [undefined] 61 119 255 176 (1031274416)
2025-08-15 18:01:19:927 [IN ] C8 24 09 18 25 A5 09 01 31 03 CF 00 1A 27 CD 25 A5 09 01 31 05 E6 3D 77 00 50 2A F5 B0 (29)
                              [N9:P] MOTOR_I 0 26 (26)
                              [N9:P] [undefined] 61 119 0 80 (1031209040)
2025-08-15 18:01:19:969 [IN ] C8 24 06 0E 25 A5 06 01 31 06 81 53 00 19 82 12 BF FD 01 C8 24 0C 18 25 A5 0C 01 (27)
                              [N6:H] TPOS 'S' 0 25 130 18 (1671698)
2025-08-15 18:01:20:170 [IN ] 31 03 CF 00 13 23 DB 25 A5 0C 01 31 05 E6 3D 77 FF B0 8C 6E B0 C8 24 09 18 25 A5 09 01 31 03 CF 00 13 20 C6 25 A5 09 01 31 05 E6 3D 77 00 50 2A F5 B0 C8 24 0C 18 25 A5 0C 01 31 03 CF 00 08 18 
D0 25 A5 0C 01 31 05 E6 3D 77 FF B0 8C 6E B0 C8 24 09 18 25 A5 09 01 31 03 CF 00 12 1F C5 25 A5 09 01 31 05 E6 3D 77 00 50 2A F5 B0 C8 24 0C 18 25 A5 0C 01 31 03 CF 00 0C 1C D4 25 A5 0C 01 31 
05 E6 3D 77 FF B0 8C 6E B0 (137)
                              [N12:Z] MOTOR_I 0 19 (19)
                              [N12:Z] [undefined] 61 119 255 176 (1031274416)
                              [N9:P] MOTOR_I 0 19 (19)
                              [N9:P] [undefined] 61 119 0 80 (1031209040)
                              [N12:Z] MOTOR_I 0 8 (8)
                              [N12:Z] [undefined] 61 119 255 176 (1031274416)
                              [N9:P] MOTOR_I 0 18 (18)
                              [N9:P] [undefined] 61 119 0 80 (1031209040)
                              [N12:Z] MOTOR_I 0 12 (12)
                              [N12:Z] [undefined] 61 119 255 176 (1031274416)
2025-08-15 18:01:20:372 [IN ] C8 24 09 18 25 A5 09 01 31 03 CF 00 1C 29 CF 25 A5 09 01 31 05 E6 3D 77 00 50 2A F5 B0 C8 24 0C 18 25 A5 0C 01 31 03 CF 00 14 24 DC 25 A5 0C 01 31 05 E6 3D 77 FF B0 8C 6E B0 C8 24 09 0E 25 A5 
09 01 31 03 CF 00 11 1E C4 25 A5 09 01 C8 24 09 0A 01 31 05 E6 3D 77 00 50 2A F5 C4 (92)
                              [N9:P] MOTOR_I 0 28 (28)
                              [N9:P] [undefined] 61 119 0 80 (1031209040)
                              [N12:Z] MOTOR_I 0 20 (20)
                              [N12:Z] [undefined] 61 119 255 176 (1031274416)
                              [N9:P] MOTOR_I 0 17 (17)
                              [N9:P] [undefined] 61 119 0 80 (1031209040)
2025-08-15 18:01:20:573 [IN ] C8 24 0C 18 25 A5 0C 01 31 03 CF 00 0D 1D D5 25 A5 0C 01 31 05 E6 3D 77 FF B0 8C 6E B0 C8 24 09 18 25 A5 09 01 31 03 CF 00 17 24 CA 25 A5 09 01 31 05 E6 3D 77 00 50 2A F5 B0 C8 24 0C 18 25 A5 
0C 01 31 03 CF 00 10 20 D8 25 A5 0C 01 31 05 E6 3D 77 FF B0 8C 6E B0 C8 24 09 18 25 A5 09 01 31 03 CF 00 1E 2B D1 25 A5 09 01 31 05 E6 3D 77 00 50 2A F5 B0 (116)
                              [N12:Z] MOTOR_I 0 13 (13)
                              [N12:Z] [undefined] 61 119 255 176 (1031274416)
                              [N9:P] MOTOR_I 0 23 (23)
                              [N9:P] [undefined] 61 119 0 80 (1031209040)
                              [N12:Z] MOTOR_I 0 16 (16)
                              [N12:Z] [undefined] 61 119 255 176 (1031274416)
                              [N9:P] MOTOR_I 0 30 (30)
                              [N9:P] [undefined] 61 119 0 80 (1031209040)
2025-08-15 18:01:20:775 [IN ] C8 24 0C 18 25 A5 0C 01 31 03 CF 00 16 26 DE 25 A5 0C 01 31 05 E6 3D 77 FF B0 8C 6E B0 C8 24 09 18 25 A5 09 01 31 03 CF 00 2B 38 DE 25 A5 09 01 31 05 E6 3D 77 00 50 2A F5 B0 C8 24 0C 18 25 A5 
0C 01 31 03 CF 00 06 16 CE 25 A5 0C 01 31 05 E6 3D 77 FF B0 8C 6E B0 C8 24 09 18 25 A5 09 01 31 03 CF 00 16 23 C9 25 A5 09 01 31 05 E6 3D 77 00 50 2A F5 B0 C8 24 0C 18 25 A5 0C 01 31 03 CF 00 
06 16 CE 25 A5 (133)
                              [N12:Z] MOTOR_I 0 22 (22)
                              [N12:Z] [undefined] 61 119 255 176 (1031274416)
                              [N9:P] MOTOR_I 0 43 (43)
                              [N9:P] [undefined] 61 119 0 80 (1031209040)
                              [N12:Z] MOTOR_I 0 6 (6)
                              [N12:Z] [undefined] 61 119 255 176 (1031274416)
                              [N9:P] MOTOR_I 0 22 (22)
                              [N9:P] [undefined] 61 119 0 80 (1031209040)
2025-08-15 18:01:20:977 [IN ] 0C 01 31 05 E6 3D 77 FF B0 8C 6E B0 C8 24 09 18 25 A5 09 01 31 03 CF 00 20 2D D3 25 A5 09 01 31 05 E6 3D 77 00 50 2A F5 B0 C8 24 0C 18 25 A5 0C 01 31 03 CF 00 19 29 E1 25 A5 0C 01 31 05 E6 3D 
77 FF B0 8C 6E B0 C8 24 09 18 25 A5 09 01 31 03 CF 00 1D 2A D0 25 A5 09 01 31 05 E6 3D 77 00 50 2A F5 B0 (99)
                              [N12:Z] MOTOR_I 0 6 (6)
                              [N12:Z] [undefined] 61 119 255 176 (1031274416)
                              [N9:P] MOTOR_I 0 32 (32)
                              [N9:P] [undefined] 61 119 0 80 (1031209040)
                              [N12:Z] MOTOR_I 0 25 (25)
                              [N12:Z] [undefined] 61 119 255 176 (1031274416)
                              [N9:P] MOTOR_I 0 29 (29)
                              [N9:P] [undefined] 61 119 0 80 (1031209040)
2025-08-15 18:01:21:178 [IN ] C8 24 0C 18 25 A5 0C 01 31 03 CF 00 0D 1D D5 25 A5 0C 01 31 05 E6 3D 77 FF B0 8C 6E B0 C8 24 09 18 25 A5 09 01 31 03 CF 00 32 3F E5 25 A5 09 01 31 05 E6 3D 77 00 50 2A F5 B0 C8 24 0C 18 25 A5 
0C 01 31 03 CF 00 03 13 CB 25 A5 0C 01 31 05 E6 3D 77 FF B0 8C 6E B0 C8 24 09 18 25 A5 09 01 31 03 CF 00 24 31 D7 25 A5 09 01 31 05 E6 3D 77 00 50 2A F5 B0 (116)
                              [N12:Z] MOTOR_I 0 13 (13)
                              [N12:Z] [undefined] 61 119 255 176 (1031274416)
                              [N9:P] MOTOR_I 0 50 (50)
                              [N9:P] [undefined] 61 119 0 80 (1031209040)
                              [N12:Z] MOTOR_I 0 3 (3)
                              [N12:Z] [undefined] 61 119 255 176 (1031274416)
                              [N9:P] MOTOR_I 0 36 (36)
                              [N9:P] [undefined] 61 119 0 80 (1031209040)
2025-08-15 18:01:21:380 [IN ] C8 24 0C 18 25 A5 0C 01 31 03 CF 00 0C 1C D4 25 A5 0C 01 31 05 E6 3D 77 FF B0 8C 6E B0 C8 24 09 18 25 A5 09 01 31 03 CF 00 1B 28 CE 25 A5 09 01 31 05 E6 3D 77 00 50 2A F5 B0 C8 24 0C 0E 25 A5 
0C 01 31 03 CF 00 0A 1A D2 25 A5 0C 01 C8 24 0C 0A 01 31 05 E6 3D 77 FF B0 8C 6E D2 C8 24 09 18 25 A5 09 01 31 03 CF 00 00 0D B3 25 A5 09 01 31 05 E6 3D 77 00 00 DA A5 B0 C8 24 09 0E 25 A5 09 
01 31 06 81 45 FF FF DB 4A 2A 6D 01 C8 24 0C 15 25 A5 0C 01 31 03 CF 00 16 26 DE 25 A5 0C 01 31 05 E6 3D 77 FF 00 (166)
                              [N12:Z] MOTOR_I 0 12 (12)
                              [N12:Z] [undefined] 61 119 255 176 (1031274416)
                              [N9:P] MOTOR_I 0 27 (27)
                              [N9:P] [undefined] 61 119 0 80 (1031209040)
                              [N12:Z] MOTOR_I 0 10 (10)
                              [N12:Z] [undefined] 61 119 255 176 (1031274416)
                              [N9:P] MOTOR_I 0 0 (0)
                              [N9:P] [undefined] 61 119 0 0 (1031208960)
                              [N9:P] TPOS 'E' 255 255 219 74 (-9398)
                              [N12:Z] MOTOR_I 0 22 (22)
2025-08-15 18:01:21:604 [OUT] 25 A5 01 08 31 02 D8 3F 53 E7 (10)
                              [N8:R] INTERRUPT '?'
2025-08-15 18:01:21:606 [IN ] C8 24 09 18 25 A5 09 01 31 03 CF 00 00 0D B3 25 A5 09 01 31 05 E6 3D 77 00 00 DA A5 B0 C8 24 0C 1B B0 8C 6E 25 A5 0C 01 31 03 CF 00 11 21 D9 25 A5 0C 01 31 05 E6 3D 77 FF B0 8C 6E 31 C8 24 09 
18 25 A5 09 01 31 03 CF 00 00 0D B3 25 A5 09 01 31 05 E6 3D 77 00 00 DA A5 B0 C8 24 0C 18 25 A5 0C 01 31 03 CF 00 04 14 CC 25 A5 0C 01 31 05 E6 3D 77 FF B0 8C 6E B0 (119)
                              [N9:P] MOTOR_I 0 0 (0)
                              [N9:P] [undefined] 61 119 0 0 (1031208960)
                              [N12:Z] [undefined] 61 119 255 176 (1031274416)
                              [N12:Z] MOTOR_I 0 17 (17)
                              [N12:Z] [undefined] 61 119 255 176 (1031274416)
                              [N9:P] MOTOR_I 0 0 (0)
                              [N9:P] [undefined] 61 119 0 0 (1031208960)
                              [N12:Z] MOTOR_I 0 4 (4)
                              [N12:Z] [undefined] 61 119 255 176 (1031274416)
2025-08-15 18:01:21:907 [IN ] C8 24 09 18 25 A5 09 01 31 03 CF 00 00 0D B3 25 A5 09 01 31 05 E6 3D 77 00 00 DA A5 B0 C8 24 0C 18 25 A5 0C 01 31 03 CF 00 0D 1D D5 25 A5 0C 01 31 05 E6 3D 77 FF B0 8C 6E B0 C8 24 09 18 25 A5 
09 01 31 03 CF 00 00 0D B3 25 A5 09 01 31 05 E6 3D 77 00 00 DA A5 B0 C8 24 08 0C 25 A5 08 01 31 04 D8 3A 01 01 52 92 A5 C8 24 0C 18 25 A5 0C 01 31 03 CF 00 09 19 D1 25 A5 0C 01 31 05 E6 3D 77 
FF B0 8C 6E B0 C8 24 09 18 25 A5 09 01 31 03 CF 00 00 0D B3 25 A5 09 01 31 05 E6 3D 77 00 00 DA A5 B0 C8 24 0C 18 25 A5 0C 01 31 03 CF 00 0A 1A D2 25 A5 0C 01 31 05 E6 3D 77 FF B0 8C 6E B0 (191)
                              [N9:P] MOTOR_I 0 0 (0)
                              [N9:P] [undefined] 61 119 0 0 (1031208960)
                              [N12:Z] MOTOR_I 0 13 (13)
                              [N12:Z] [undefined] 61 119 255 176 (1031274416)
                              [N9:P] MOTOR_I 0 0 (0)
                              [N9:P] [undefined] 61 119 0 0 (1031208960)
                              [N8:R] INTERRUPT ':' 1 1 (257)
                              [N12:Z] MOTOR_I 0 9 (9)
                              [N12:Z] [undefined] 61 119 255 176 (1031274416)
                              [N9:P] MOTOR_I 0 0 (0)
                              [N9:P] [undefined] 61 119 0 0 (1031208960)
                              [N12:Z] MOTOR_I 0 10 (10)
                              [N12:Z] [undefined] 61 119 255 176 (1031274416)
2025-08-15 18:01:21:929 [OUT] 25 A5 01 08 31 03 CA 3D 0B 4F 1B (11)
                              [N8:R] RFLAG '=' 11 (11)
2025-08-15 18:01:21:930 [IN ] C8 24 09 18 25 A5 09 01 31 03 CF 00 00 0D B3 25 A5 09 (18)
2025-08-15 18:01:21:952 [IN ] 01 31 05 E6 3D 77 00 00 DA A5 B0 (11)
                              [N9:P] MOTOR_I 0 0 (0)
                              [N9:P] [undefined] 61 119 0 0 (1031208960)
2025-08-15 18:01:21:994 [IN ] C8 24 0C 18 25 A5 0C 01 31 03 CF 00 16 26 DE 25 A5 0C 01 31 05 E6 3D 77 FF B0 8C 6E B0 (29)
                              [N12:Z] MOTOR_I 0 22 (22)
                              [N12:Z] [undefined] 61 119 255 176 (1031274416)
2025-08-15 18:01:22:036 [IN ] C8 24 09 0E 25 A5 09 01 31 03 CF 00 00 0D B3 25 A5 09 01 C8 24 09 0A 01 31 05 E6 3D 77 00 00 DA A5 B3 (34)
                              [N9:P] MOTOR_I 0 0 (0)
                              [N9:P] [undefined] 61 119 0 0 (1031208960)
2025-08-15 18:01:22:098 [IN ] C8 24 08 0B 25 A5 08 01 31 03 CA 3A 0B 4C 1C 25 C8 24 0C 18 25 A5 0C 01 31 03 CF 00 0C 1C D4 25 A5 0C 01 31 05 E6 3D 77 FF B0 8C 6E B0 (45)
                              [N8:R] RFLAG ':' 11 (11)
                              [N12:Z] MOTOR_I 0 12 (12)
                              [N12:Z] [undefined] 61 119 255 176 (1031274416)
2025-08-15 18:01:22:119 [OUT] 25 A5 01 08 31 03 88 00 50 15 20 (11)
                              [N8:R] RUN 0 80 (80)
2025-08-15 18:01:22:119 [IN ] C8 24 09 15 25 A5 09 01 31 03 CF 00 00 0D B3 25 A5 09 01 31 05 E6 3D 77 00 B0 (26)
                              [N9:P] MOTOR_I 0 0 (0)
2025-08-15 18:01:22:205 [IN ] C8 24 0C 18 25 A5 0C 01 31 03 CF 00 00 10 C8 25 A5 0C 01 31 05 E6 3D 77 FF B0 8C 6E B0 (29)
                              [N12:Z] MOTOR_I 0 0 (0)
                              [N12:Z] [undefined] 61 119 255 176 (1031274416)
2025-08-15 18:01:22:226 [IN ] C8 24 09 1B 00 DA A5 25 A5 09 (10)
2025-08-15 18:01:22:247 [IN ] 01 31 03 CF 00 00 0D B3 25 A5 09 01 31 05 E6 3D 77 00 00 DA A5 31 (22)
                              [N9:P] [undefined] 61 119 0 0 (1031208960)
                              [N9:P] MOTOR_I 0 0 (0)
                              [N9:P] [undefined] 61 119 0 0 (1031208960)
2025-08-15 18:01:22:290 [IN ] C8 24 08 0C 25 A5 08 01 31 04 88 53 00 50 69 EA 0D (17)
                              [N8:R] RUN 'S' 0 80 (80)
2025-08-15 18:01:22:491 [IN ] C8 24 0C 18 25 A5 0C 01 31 03 CF 00 07 17 CF 25 A5 0C 01 31 05 E6 3D 77 FF B0 8C 6E 00 C8 24 09 18 25 A5 09 01 31 03 CF 00 00 0D B3 25 A5 09 01 31 05 E6 3D 77 00 00 DA A5 00 C8 24 0C 18 25 A5 
0C 01 31 03 CF 00 17 27 DF 25 A5 0C 01 31 05 E6 3D 77 FF B0 8C 6E 00 C8 24 09 18 25 A5 09 01 31 03 CF 00 00 0D B3 25 A5 09 01 31 05 E6 3D 77 00 00 DA A5 00 (116)
                              [N12:Z] MOTOR_I 0 7 (7)
                              [N12:Z] [undefined] 61 119 255 176 (1031274416)
                              [N9:P] MOTOR_I 0 0 (0)
                              [N9:P] [undefined] 61 119 0 0 (1031208960)
                              [N12:Z] MOTOR_I 0 23 (23)
                              [N12:Z] [undefined] 61 119 255 176 (1031274416)
                              [N9:P] MOTOR_I 0 0 (0)
                              [N9:P] [undefined] 61 119 0 0 (1031208960)
2025-08-15 18:01:22:692 [IN ] C8 24 0C 18 25 A5 0C 01 31 03 CF 00 06 16 CE 25 A5 0C 01 31 05 E6 3D 77 FF B0 8C 6E 00 C8 24 09 18 25 A5 09 01 31 03 CF 00 00 0D B3 25 A5 09 01 31 05 E6 3D 77 00 00 DA A5 00 C8 24 0C 18 25 A5 
0C 01 31 03 CF 00 06 16 CE 25 A5 0C 01 31 05 E6 3D 77 FF B0 8C 6E 00 C8 24 09 18 25 A5 09 01 31 03 CF 00 00 0D B3 25 A5 09 01 31 05 E6 3D 77 00 00 DA A5 00 C8 24 0C 18 25 A5 0C 01 31 03 CF 00 
07 17 CF 25 A5 0C 01 31 05 E6 3D 77 FF B0 (142)
                              [N12:Z] MOTOR_I 0 6 (6)
                              [N12:Z] [undefined] 61 119 255 176 (1031274416)
                              [N9:P] MOTOR_I 0 0 (0)
                              [N9:P] [undefined] 61 119 0 0 (1031208960)
                              [N12:Z] MOTOR_I 0 6 (6)
                              [N12:Z] [undefined] 61 119 255 176 (1031274416)
                              [N9:P] MOTOR_I 0 0 (0)
                              [N9:P] [undefined] 61 119 0 0 (1031208960)
2025-08-15 18:01:22:894 [IN ] 8C 6E 00 C8 24 09 18 25 A5 09 01 31 03 CF 00 00 0D B3 25 A5 09 01 31 05 E6 3D 77 00 00 DA A5 00 C8 24 0C 18 25 A5 0C 01 31 03 CF 00 09 19 D1 25 A5 0C 01 31 05 E6 3D 77 FF B0 8C 6E 00 C8 24 09 
18 25 A5 09 01 31 03 CF 00 00 0D B3 25 A5 09 01 31 05 E6 3D 77 00 00 DA A5 00 (90)
                              [N12:Z] MOTOR_I 0 7 (7)
                              [N12:Z] [undefined] 61 119 255 176 (1031274416)
                              [N9:P] MOTOR_I 0 0 (0)
                              [N9:P] [undefined] 61 119 0 0 (1031208960)
                              [N12:Z] MOTOR_I 0 9 (9)
                              [N12:Z] [undefined] 61 119 255 176 (1031274416)
                              [N9:P] MOTOR_I 0 0 (0)
                              [N9:P] [undefined] 61 119 0 0 (1031208960)
2025-08-15 18:01:23:095 [IN ] C8 24 0C 18 25 A5 0C 01 31 03 CF 00 0F 1F D7 25 A5 0C 01 31 05 E6 3D 77 FF B0 8C 6E 00 C8 24 09 18 25 A5 09 01 31 03 CF 00 00 0D B3 25 A5 09 01 31 05 E6 3D 77 00 00 DA A5 00 C8 24 0C 0E 25 A5 
0C 01 31 03 CF 00 1B 2B E3 25 A5 0C 01 C8 24 0C 0A 01 31 05 E6 3D 77 FF B0 8C 6E E3 C8 24 09 18 25 A5 09 01 31 03 CF 00 00 0D B3 25 A5 09 01 31 05 E6 3D 77 00 00 DA A5 00 C8 24 0C 15 25 A5 0C 
01 31 03 CF 00 04 14 CC 25 A5 0C 01 31 05 E6 3D 77 FF 00 (147)
                              [N12:Z] MOTOR_I 0 15 (15)
                              [N12:Z] [undefined] 61 119 255 176 (1031274416)
                              [N9:P] MOTOR_I 0 0 (0)
                              [N9:P] [undefined] 61 119 0 0 (1031208960)
                              [N12:Z] MOTOR_I 0 27 (27)
                              [N12:Z] [undefined] 61 119 255 176 (1031274416)
                              [N9:P] MOTOR_I 0 0 (0)
                              [N9:P] [undefined] 61 119 0 0 (1031208960)
                              [N12:Z] MOTOR_I 0 4 (4)
2025-08-15 18:01:23:299 [IN ] C8 24 09 18 25 A5 09 01 31 03 CF 00 00 0D B3 25 A5 09 01 31 05 E6 3D 77 00 00 DA A5 00 C8 24 0C 1B B0 8C 6E 25 A5 0C 01 31 03 CF 00 07 17 CF 25 A5 0C 01 31 05 E6 3D 77 FF B0 8C 6E 31 C8 24 09 
18 25 A5 09 01 31 03 CF 00 00 0D B3 25 A5 09 01 31 05 E6 3D 77 00 00 DA A5 B0 C8 24 0C 18 25 A5 0C 01 31 03 CF 00 08 18 D0 25 A5 0C 01 31 05 E6 3D 77 FF B0 8C 6E B0 (119)
                              [N9:P] MOTOR_I 0 0 (0)
                              [N9:P] [undefined] 61 119 0 0 (1031208960)
                              [N12:Z] [undefined] 61 119 255 176 (1031274416)
                              [N12:Z] MOTOR_I 0 7 (7)
                              [N12:Z] [undefined] 61 119 255 176 (1031274416)
                              [N9:P] MOTOR_I 0 0 (0)
                              [N9:P] [undefined] 61 119 0 0 (1031208960)
                              [N12:Z] MOTOR_I 0 8 (8)
                              [N12:Z] [undefined] 61 119 255 176 (1031274416)
2025-08-15 18:01:23:500 [IN ] C8 24 09 18 25 A5 09 01 31 03 CF 00 00 0D B3 25 A5 09 01 31 05 E6 3D 77 00 00 DA A5 B0 C8 24 0C 18 25 A5 0C 01 31 03 CF 00 0B 1B D3 25 A5 0C 01 31 05 E6 3D 77 FF B0 8C 6E B0 C8 24 09 18 25 A5 
09 01 31 03 CF 00 00 0D B3 25 A5 09 01 31 05 E6 3D 77 00 00 DA A5 B0 C8 24 0C 18 25 A5 0C 01 31 03 CF 00 0E 1E D6 25 A5 0C 01 31 05 E6 3D 77 FF B0 8C 6E B0 (116)
                              [N9:P] MOTOR_I 0 0 (0)
                              [N9:P] [undefined] 61 119 0 0 (1031208960)
                              [N12:Z] MOTOR_I 0 11 (11)
                              [N12:Z] [undefined] 61 119 255 176 (1031274416)
                              [N9:P] MOTOR_I 0 0 (0)
                              [N9:P] [undefined] 61 119 0 0 (1031208960)
                              [N12:Z] MOTOR_I 0 14 (14)
                              [N12:Z] [undefined] 61 119 255 176 (1031274416)
2025-08-15 18:01:23:702 [IN ] C8 24 03 0E 25 A5 03 01 31 06 81 45 FF FD 4F 69 B5 32 01 C8 24 09 18 25 A5 09 01 31 03 CF 00 00 0D B3 25 A5 09 01 31 05 E6 3D 77 00 00 DA A5 B0 C8 24 0C 18 25 A5 0C 01 31 03 CF 00 06 16 CE 25 
A5 0C 01 31 05 E6 3D 77 FF B0 8C 6E B0 C8 24 09 18 25 A5 09 01 31 03 CF 00 00 0D B3 25 A5 09 01 31 05 E6 3D 77 00 00 DA A5 B0 C8 24 0C 18 25 A5 0C 01 31 03 CF 00 10 20 D8 25 A5 0C 01 31 05 E6 
3D 77 FF B0 8C 6E B0 (135)
                              [N3:X] TPOS 'E' 255 253 79 105 (-176279)
                              [N9:P] MOTOR_I 0 0 (0)
                              [N9:P] [undefined] 61 119 0 0 (1031208960)
                              [N12:Z] MOTOR_I 0 6 (6)
                              [N12:Z] [undefined] 61 119 255 176 (1031274416)
                              [N9:P] MOTOR_I 0 0 (0)
                              [N9:P] [undefined] 61 119 0 0 (1031208960)
                              [N12:Z] MOTOR_I 0 16 (16)
                              [N12:Z] [undefined] 61 119 255 176 (1031274416)
2025-08-15 18:01:23:903 [IN ] C8 24 09 0E 25 A5 09 01 31 03 CF 00 00 0D B3 25 A5 09 01 C8 24 09 0A 01 31 05 E6 3D 77 00 00 DA A5 B3 C8 24 0C 18 25 A5 0C 01 31 03 CF 00 0D 1D D5 25 A5 0C 01 31 05 E6 3D 77 FF B0 8C 6E B0 C8 
24 09 15 25 A5 09 01 31 03 CF 00 00 0D B3 25 A5 09 01 31 05 E6 3D 77 00 B0 (89)
                              [N9:P] MOTOR_I 0 0 (0)
                              [N9:P] [undefined] 61 119 0 0 (1031208960)
                              [N12:Z] MOTOR_I 0 13 (13)
                              [N12:Z] [undefined] 61 119 255 176 (1031274416)
                              [N9:P] MOTOR_I 0 0 (0)
2025-08-15 18:01:24:107 [IN ] C8 24 0C 18 25 A5 0C 01 31 03 CF 00 13 23 DB 25 A5 0C 01 31 05 E6 3D 77 FF B0 8C 6E B0 C8 24 09 1B 00 DA A5 25 A5 09 01 31 03 CF 00 00 0D B3 25 A5 09 01 31 05 E6 3D 77 00 00 DA A5 31 C8 24 0C 
18 25 A5 0C 01 31 03 CF 00 12 22 DA 25 A5 0C 01 31 05 E6 3D 77 FF B0 8C 6E 00 C8 24 09 18 25 A5 09 01 31 03 CF 00 00 0D B3 25 A5 09 01 31 05 E6 3D 77 00 00 DA A5 00 C8 24 0C 18 25 A5 (125)
                              [N12:Z] MOTOR_I 0 19 (19)
                              [N12:Z] [undefined] 61 119 255 176 (1031274416)
                              [N9:P] [undefined] 61 119 0 0 (1031208960)
                              [N9:P] MOTOR_I 0 0 (0)
                              [N9:P] [undefined] 61 119 0 0 (1031208960)
                              [N12:Z] MOTOR_I 0 18 (18)
                              [N12:Z] [undefined] 61 119 255 176 (1031274416)
                              [N9:P] MOTOR_I 0 0 (0)
                              [N9:P] [undefined] 61 119 0 0 (1031208960)
2025-08-15 18:01:24:308 [IN ] 0C 01 31 03 CF 00 0A 1A D2 25 A5 0C 01 31 05 E6 3D 77 FF B0 8C 6E 00 C8 24 09 18 25 A5 09 01 31 03 CF 00 00 0D B3 25 A5 09 01 31 05 E6 3D 77 00 00 DA A5 00 C8 24 0C 18 25 A5 0C 01 31 03 CF 00 
08 18 D0 25 A5 0C 01 31 05 E6 3D 77 FF B0 8C 6E 00 C8 24 09 18 25 A5 09 01 31 03 CF 00 00 0D B3 25 A5 09 01 31 05 E6 3D 77 00 00 DA A5 00 C8 24 0C 18 25 A5 0C 01 31 03 CF 00 17 27 DF 25 A5 0C 
01 31 05 E6 3D 77 FF B0 8C 6E 00 (139)
                              [N12:Z] MOTOR_I 0 10 (10)
                              [N12:Z] [undefined] 61 119 255 176 (1031274416)
                              [N9:P] MOTOR_I 0 0 (0)
                              [N9:P] [undefined] 61 119 0 0 (1031208960)
                              [N12:Z] MOTOR_I 0 8 (8)
                              [N12:Z] [undefined] 61 119 255 176 (1031274416)
                              [N9:P] MOTOR_I 0 0 (0)
                              [N9:P] [undefined] 61 119 0 0 (1031208960)
                              [N12:Z] MOTOR_I 0 23 (23)
                              [N12:Z] [undefined] 61 119 255 176 (1031274416)
2025-08-15 18:01:24:510 [IN ] C8 24 09 18 25 A5 09 01 31 03 CF 00 00 0D B3 25 A5 09 01 31 05 E6 3D 77 00 00 DA A5 00 C8 24 0C 18 25 A5 0C 01 31 03 CF 00 17 27 DF 25 A5 0C 01 31 05 E6 3D 77 FF B0 8C 6E 00 C8 24 09 18 25 A5 
09 01 31 03 CF 00 00 0D B3 25 A5 09 01 31 05 E6 3D 77 00 00 DA A5 00 (87)
                              [N9:P] MOTOR_I 0 0 (0)
                              [N9:P] [undefined] 61 119 0 0 (1031208960)
                              [N12:Z] MOTOR_I 0 23 (23)
                              [N12:Z] [undefined] 61 119 255 176 (1031274416)
                              [N9:P] MOTOR_I 0 0 (0)
                              [N9:P] [undefined] 61 119 0 0 (1031208960)
2025-08-15 18:01:24:711 [IN ] C8 24 0C 18 25 A5 0C 01 31 03 CF 00 14 24 DC 25 A5 0C 01 31 05 E6 3D 77 FF B0 8C 6E 00 C8 24 09 18 25 A5 09 01 31 03 CF 00 00 0D B3 25 A5 09 01 31 05 E6 3D 77 00 00 DA A5 00 C8 24 0C 18 25 A5 
0C 01 31 03 CF 00 05 15 CD 25 A5 0C 01 31 05 E6 3D 77 FF B0 8C 6E 00 C8 24 09 18 25 A5 09 01 31 03 CF 00 00 0D B3 25 A5 09 01 31 05 E6 3D 77 00 00 DA A5 00 (116)
                              [N12:Z] MOTOR_I 0 20 (20)
                              [N12:Z] [undefined] 61 119 255 176 (1031274416)
                              [N9:P] MOTOR_I 0 0 (0)
                              [N9:P] [undefined] 61 119 0 0 (1031208960)
                              [N12:Z] MOTOR_I 0 5 (5)
                              [N12:Z] [undefined] 61 119 255 176 (1031274416)
                              [N9:P] MOTOR_I 0 0 (0)
                              [N9:P] [undefined] 61 119 0 0 (1031208960)
2025-08-15 18:01:24:913 [IN ] C8 24 0C 18 25 A5 0C 01 31 03 CF 00 04 14 CC 25 A5 0C 01 31 05 E6 3D 77 FF B0 8C 6E 00 C8 24 09 18 25 A5 09 01 31 03 CF 00 00 0D B3 25 A5 09 01 31 05 E6 3D 77 00 00 DA A5 00 C8 24 0C 0E 25 A5 
0C 01 31 03 CF 00 0F 1F D7 25 A5 0C 01 C8 24 0C 0A 01 31 05 E6 3D 77 FF B0 8C 6E D7 C8 24 09 18 25 A5 09 01 31 03 CF 00 00 0D B3 25 A5 09 01 31 05 E6 3D 77 00 00 DA A5 00 C8 24 0C 18 25 A5 0C 
01 31 03 CF 00 20 30 E8 25 A5 0C 01 31 05 E6 3D 77 FF B0 8C 6E 00 (150)
                              [N12:Z] MOTOR_I 0 4 (4)
                              [N12:Z] [undefined] 61 119 255 176 (1031274416)
                              [N9:P] MOTOR_I 0 0 (0)
                              [N9:P] [undefined] 61 119 0 0 (1031208960)
                              [N12:Z] MOTOR_I 0 15 (15)
                              [N12:Z] [undefined] 61 119 255 176 (1031274416)
                              [N9:P] MOTOR_I 0 0 (0)
                              [N9:P] [undefined] 61 119 0 0 (1031208960)
                              [N12:Z] MOTOR_I 0 32 (32)
                              [N12:Z] [undefined] 61 119 255 176 (1031274416)
2025-08-15 18:01:25:114 [IN ] C8 24 09 18 25 A5 09 01 31 03 CF 00 00 0D B3 25 A5 09 01 31 05 E6 3D 77 00 00 DA A5 00 C8 24 0C 18 25 A5 0C 01 31 03 CF 00 20 30 E8 25 A5 0C 01 31 05 E6 3D 77 FF B0 8C 6E 00 C8 24 09 18 25 A5 
09 01 31 03 CF 00 00 0D B3 25 A5 09 01 31 05 E6 3D 77 00 00 DA A5 00 C8 24 0C 18 25 A5 0C 01 31 03 CF 00 0F 1F D7 25 A5 0C 01 31 05 E6 3D 77 FF B0 8C 6E 00 (116)
                              [N9:P] MOTOR_I 0 0 (0)
                              [N9:P] [undefined] 61 119 0 0 (1031208960)
                              [N12:Z] MOTOR_I 0 32 (32)
                              [N12:Z] [undefined] 61 119 255 176 (1031274416)
                              [N9:P] MOTOR_I 0 0 (0)
                              [N9:P] [undefined] 61 119 0 0 (1031208960)
                              [N12:Z] MOTOR_I 0 15 (15)
                              [N12:Z] [undefined] 61 119 255 176 (1031274416)
2025-08-15 18:01:25:316 [IN ] C8 24 09 18 25 A5 09 01 31 03 CF 00 00 0D B3 25 A5 09 01 31 05 E6 3D 77 00 00 DA A5 00 C8 24 0C 18 25 A5 0C 01 31 03 CF 00 07 17 CF 25 A5 0C 01 31 05 E6 3D 77 FF B0 8C 6E 00 C8 24 09 18 25 A5 
09 01 31 03 CF 00 00 0D B3 25 A5 09 01 31 05 E6 3D 77 00 00 DA A5 00 C8 24 0C 18 25 A5 0C 01 31 03 CF 00 0C 1C D4 25 A5 0C 01 31 05 E6 3D 77 FF B0 8C 6E 00 (116)
                              [N9:P] MOTOR_I 0 0 (0)
                              [N9:P] [undefined] 61 119 0 0 (1031208960)
                              [N12:Z] MOTOR_I 0 7 (7)
                              [N12:Z] [undefined] 61 119 255 176 (1031274416)
                              [N9:P] MOTOR_I 0 0 (0)
                              [N9:P] [undefined] 61 119 0 0 (1031208960)
                              [N12:Z] MOTOR_I 0 12 (12)
                              [N12:Z] [undefined] 61 119 255 176 (1031274416)
2025-08-15 18:01:25:517 [IN ] C8 24 09 18 25 A5 09 01 31 03 CF 00 00 0D B3 25 A5 09 01 31 05 E6 3D 77 00 00 DA A5 00 C8 24 06 0E 25 A5 06 01 31 06 81 45 00 0C FF AF BE 27 01 C8 24 0C 18 25 A5 0C 01 31 03 CF 00 17 27 DF 25 
A5 0C 01 31 05 E6 3D 77 FF B0 8C 6E 00 C8 24 09 0E 25 A5 09 01 31 03 CF 00 00 0D B3 25 A5 09 01 C8 24 09 0A 01 31 05 E6 3D 77 00 00 DA A5 B3 (111)
                              [N9:P] MOTOR_I 0 0 (0)
                              [N9:P] [undefined] 61 119 0 0 (1031208960)
                              [N6:H] TPOS 'E' 0 12 255 175 (851887)
                              [N12:Z] MOTOR_I 0 23 (23)
                              [N12:Z] [undefined] 61 119 255 176 (1031274416)
                              [N9:P] MOTOR_I 0 0 (0)
                              [N9:P] [undefined] 61 119 0 0 (1031208960)
2025-08-15 18:01:25:740 [OUT] 25 A5 01 05 31 02 D8 3F 50 D8 (10)
                              [N5:V] INTERRUPT '?'
2025-08-15 18:01:25:741 [IN ] C8 24 0C 18 25 A5 0C 01 31 03 CF 00 1A 2A E2 25 A5 0C 01 31 05 E6 3D 77 FF B0 8C 6E 00 C8 24 09 0E 25 A5 09 01 31 03 CF 00 00 0D B3 25 A5 09 01 C8 24 09 0A 01 31 05 E6 3D 77 00 00 DA A5 B3 C8 
24 0C 18 25 A5 0C 01 31 03 CF 00 1B 2B E3 25 A5 0C 01 31 05 E6 3D 77 FF B0 8C 6E 00 C8 24 09 18 25 A5 09 01 31 03 CF 00 00 0D B3 25 A5 09 01 31 05 E6 3D 77 00 00 DA A5 00 C8 24 0C 18 25 A5 0C 
01 31 03 CF 00 10 20 D8 25 A5 0C 01 31 05 E6 3D 77 FF B0 8C 6E 00 (150)
                              [N12:Z] MOTOR_I 0 26 (26)
                              [N12:Z] [undefined] 61 119 255 176 (1031274416)
                              [N9:P] MOTOR_I 0 0 (0)
                              [N9:P] [undefined] 61 119 0 0 (1031208960)
                              [N12:Z] MOTOR_I 0 27 (27)
                              [N12:Z] [undefined] 61 119 255 176 (1031274416)
                              [N9:P] MOTOR_I 0 0 (0)
                              [N9:P] [undefined] 61 119 0 0 (1031208960)
                              [N12:Z] MOTOR_I 0 16 (16)
                              [N12:Z] [undefined] 61 119 255 176 (1031274416)
2025-08-15 18:01:26:042 [IN ] C8 24 09 18 25 A5 09 01 31 03 CF 00 00 0D B3 25 A5 09 01 31 05 E6 3D 77 00 00 DA A5 00 C8 24 0C 18 25 A5 0C 01 31 03 CF 00 0D 1D D5 25 A5 0C 01 31 05 E6 3D 77 FF B0 8C 6E 00 C8 24 09 18 25 A5 
09 01 31 03 CF 00 00 0D B3 25 A5 09 01 31 05 E6 3D 77 00 00 DA A5 00 C8 24 05 0C 25 A5 05 01 31 04 D8 3A 01 01 4F 7A A5 C8 24 0C 18 25 A5 0C 01 31 03 CF 00 17 27 DF 25 A5 0C 01 31 05 E6 3D 77 
FF B0 8C 6E 00 C8 24 09 18 25 A5 09 01 31 03 CF 00 00 0D B3 25 A5 09 01 31 05 E6 3D 77 00 00 DA A5 00 C8 24 0C 18 25 A5 0C 01 31 03 CF 00 18 28 E0 25 A5 0C 01 31 05 E6 3D 77 FF B0 8C 6E 00 (191)
                              [N9:P] MOTOR_I 0 0 (0)
                              [N9:P] [undefined] 61 119 0 0 (1031208960)
                              [N12:Z] MOTOR_I 0 13 (13)
                              [N12:Z] [undefined] 61 119 255 176 (1031274416)
                              [N9:P] MOTOR_I 0 0 (0)
                              [N9:P] [undefined] 61 119 0 0 (1031208960)
                              [N5:V] INTERRUPT ':' 1 1 (257)
                              [N12:Z] MOTOR_I 0 23 (23)
                              [N12:Z] [undefined] 61 119 255 176 (1031274416)
                              [N9:P] MOTOR_I 0 0 (0)
                              [N9:P] [undefined] 61 119 0 0 (1031208960)
                              [N12:Z] MOTOR_I 0 24 (24)
                              [N12:Z] [undefined] 61 119 255 176 (1031274416)
2025-08-15 18:01:26:064 [OUT] 25 A5 01 05 31 03 C9 3D 0B 4B 06 (11)
                              [N5:V] LFLAG '=' 11 (11)
2025-08-15 18:01:26:064 [IN ] C8 24 09 18 25 A5 09 01 31 03 CF 00 00 0D B3 25 A5 09 01 31 05 E6 3D 77 00 00 DA A5 00 (29)
                              [N9:P] MOTOR_I 0 0 (0)
                              [N9:P] [undefined] 61 119 0 0 (1031208960)
2025-08-15 18:01:26:128 [IN ] C8 24 0C 18 25 A5 0C 01 31 03 CF 00 0B 1B D3 25 A5 0C 01 31 05 E6 3D 77 FF B0 8C 6E 00 (29)
                              [N12:Z] MOTOR_I 0 11 (11)
                              [N12:Z] [undefined] 61 119 255 176 (1031274416)
2025-08-15 18:01:26:170 [IN ] C8 24 09 18 25 A5 09 01 31 03 CF 00 00 0D B3 25 A5 09 01 31 05 E6 3D 77 00 00 DA A5 00 (29)
                              [N9:P] MOTOR_I 0 0 (0)
                              [N9:P] [undefined] 61 119 0 0 (1031208960)
2025-08-15 18:01:26:233 [IN ] C8 24 05 0B 25 A5 05 01 31 03 C9 3A 0B 48 04 25 C8 24 0C 18 25 A5 0C 01 31 03 CF 00 07 17 CF 25 A5 0C 01 31 05 E6 3D 77 FF B0 8C 6E 00 (45)
                              [N5:V] LFLAG ':' 11 (11)
                              [N12:Z] MOTOR_I 0 7 (7)
                              [N12:Z] [undefined] 61 119 255 176 (1031274416)
2025-08-15 18:01:26:255 [OUT] 25 A5 01 05 31 03 88 FF B0 71 6C (11)
                              [N5:V] RUN 255 176 (-80)
2025-08-15 18:01:26:256 [IN ] C8 24 09 18 25 A5 09 01 31 03 CF 00 00 0D B3 25 A5 09 01 31 05 E6 3D 77 00 00 DA A5 00 (29)
                              [N9:P] MOTOR_I 0 0 (0)
                              [N9:P] [undefined] 61 119 0 0 (1031208960)
2025-08-15 18:01:26:339 [IN ] C8 24 0C 18 25 A5 0C 01 31 03 CF 00 12 22 DA 25 A5 0C 01 31 05 E6 3D 77 FF B0 8C 6E 00 (29)
                              [N12:Z] MOTOR_I 0 18 (18)
                              [N12:Z] [undefined] 61 119 255 176 (1031274416)
2025-08-15 18:01:26:361 [IN ] C8 24 09 18 (4)
2025-08-15 18:01:26:384 [IN ] 25 A5 09 01 31 03 CF 00 00 0D B3 25 A5 09 01 31 05 E6 3D 77 00 00 DA A5 00 (25)
                              [N9:P] MOTOR_I 0 0 (0)
                              [N9:P] [undefined] 61 119 0 0 (1031208960)
2025-08-15 18:01:26:428 [IN ] C8 24 05 0C 25 (5)
2025-08-15 18:01:26:451 [IN ] A5 05 01 31 04 88 53 FF B0 C5 30 A5 C8 24 0C 26 25 A5 0C 01 31 03 CF 00 00 10 C8 25 A5 0C 01 31 05 E6 3D 77 00 00 DD C0 25 A5 0C 01 31 06 81 45 FF BC CD E6 78 42 DD (55)
                              [N5:V] RUN 'S' 255 176 (-80)
                              [N12:Z] MOTOR_I 0 0 (0)
                              [N12:Z] [undefined] 61 119 0 0 (1031208960)
                              [N12:Z] TPOS 'E' 255 188 205 230 (-4403738)
2025-08-15 18:01:26:657 [IN ] C8 24 09 18 25 A5 09 01 31 03 CF 00 00 0D B3 25 A5 09 01 31 05 E6 3D 77 00 00 DA A5 25 C8 24 0C 0E 25 A5 0C 01 31 03 CF 00 00 10 C8 25 A5 0C 01 C8 24 0C 0A 01 31 05 E6 3D 77 00 00 DD C0 C8 C8 
24 09 18 25 A5 09 01 31 03 CF 00 00 0D B3 25 A5 09 01 31 05 E6 3D 77 00 00 DA A5 25 C8 24 0C 15 25 A5 0C 01 31 03 CF 00 00 10 C8 25 A5 0C 01 31 05 E6 3D 77 00 00 (118)
                              [N9:P] MOTOR_I 0 0 (0)
                              [N9:P] [undefined] 61 119 0 0 (1031208960)
                              [N12:Z] MOTOR_I 0 0 (0)
                              [N12:Z] [undefined] 61 119 0 0 (1031208960)
                              [N9:P] MOTOR_I 0 0 (0)
                              [N9:P] [undefined] 61 119 0 0 (1031208960)
                              [N12:Z] MOTOR_I 0 0 (0)
2025-08-15 18:01:26:861 [IN ] C8 24 09 18 25 A5 09 01 31 03 CF 00 00 0D B3 25 A5 09 01 31 05 E6 3D 77 00 00 DA A5 25 C8 24 0C 1B 00 DD C0 25 A5 0C 01 31 03 CF 00 00 10 C8 25 A5 0C 01 31 05 E6 3D 77 00 00 DD C0 01 C8 24 09 
18 25 A5 09 01 31 03 CF 00 00 0D B3 25 A5 09 01 31 05 E6 3D 77 00 00 DA A5 00 C8 24 0C 18 25 A5 0C 01 31 03 CF 00 00 10 C8 25 A5 0C 01 31 05 E6 3D 77 00 00 DD C0 00 C8 24 09 18 25 A5 09 01 31 
03 CF 00 00 0D B3 25 A5 09 01 31 05 E6 3D 77 00 00 DA A5 00 (148)
                              [N9:P] MOTOR_I 0 0 (0)
                              [N9:P] [undefined] 61 119 0 0 (1031208960)
                              [N12:Z] [undefined] 61 119 0 0 (1031208960)
                              [N12:Z] MOTOR_I 0 0 (0)
                              [N12:Z] [undefined] 61 119 0 0 (1031208960)
                              [N9:P] MOTOR_I 0 0 (0)
                              [N9:P] [undefined] 61 119 0 0 (1031208960)
                              [N12:Z] MOTOR_I 0 0 (0)
                              [N12:Z] [undefined] 61 119 0 0 (1031208960)
                              [N9:P] MOTOR_I 0 0 (0)
                              [N9:P] [undefined] 61 119 0 0 (1031208960)
2025-08-15 18:01:26:883 [OUT] 25 A5 01 0C 31 05 81 FF D1 1A 67 15 6D (13)
                              [N12:Z] TPOS 255 209 26 103 (-3073433)
2025-08-15 18:01:26:926 [IN ] C8 24 0C 18 25 A5 0C 01 31 03 CF 00 00 10 C8 25 A5 0C 01 31 05 E6 3D 77 00 00 DD C0 00 (29)
                              [N12:Z] MOTOR_I 0 0 (0)
                              [N12:Z] [undefined] 61 119 0 0 (1031208960)
2025-08-15 18:01:26:989 [IN ] C8 24 09 18 25 A5 09 01 31 03 CF 00 00 0D B3 25 A5 09 01 31 05 E6 3D 77 00 00 DA A5 00 (29)
                              [N9:P] MOTOR_I 0 0 (0)
                              [N9:P] [undefined] 61 119 0 0 (1031208960)
2025-08-15 18:01:27:031 [IN ] C8 24 0C 18 25 A5 0C 01 31 03 CF 00 00 10 C8 25 A5 0C 01 31 05 E6 3D 77 00 00 DD C0 00 (29)
                              [N12:Z] MOTOR_I 0 0 (0)
                              [N12:Z] [undefined] 61 119 0 0 (1031208960)
2025-08-15 18:01:27:072 [IN ] C8 24 0C 0E 25 A5 0C 01 31 06 81 53 FF BC CD E6 86 88 01 C8 24 09 18 25 A5 09 01 31 03 CF 00 00 0D B3 25 A5 09 01 31 05 E6 3D 77 00 00 DA A5 00 (48)
                              [N12:Z] TPOS 'S' 255 188 205 230 (-4403738)
                              [N9:P] MOTOR_I 0 0 (0)
                              [N9:P] [undefined] 61 119 0 0 (1031208960)
2025-08-15 18:01:27:274 [IN ] C8 24 0C 18 25 A5 0C 01 31 03 CF 00 0E 1E D6 25 A5 0C 01 31 05 E6 3D 77 00 50 2D 10 00 C8 24 09 18 25 A5 09 01 31 03 CF 00 00 0D B3 25 A5 09 01 31 05 E6 3D 77 00 00 DA A5 00 C8 24 07 0E 25 A5 
07 01 31 06 81 45 FF AB 15 28 EC AF 01 C8 24 0C 18 25 A5 0C 01 31 03 CF 00 07 17 CF 25 A5 0C 01 31 05 E6 3D 77 00 50 2D 10 00 C8 24 09 0E 25 A5 09 01 31 03 CF 00 00 0D B3 25 A5 09 01 (125)
                              [N12:Z] MOTOR_I 0 14 (14)
                              [N12:Z] [undefined] 61 119 0 80 (1031209040)
                              [N9:P] MOTOR_I 0 0 (0)
                              [N9:P] [undefined] 61 119 0 0 (1031208960)
                              [N7:N] TPOS 'E' 255 171 21 40 (-5565144)
                              [N12:Z] MOTOR_I 0 7 (7)
                              [N12:Z] [undefined] 61 119 0 80 (1031209040)
                              [N9:P] MOTOR_I 0 0 (0)
2025-08-15 18:01:27:477 [IN ] C8 24 09 0A 01 31 05 E6 3D 77 00 00 DA A5 B3 C8 24 0C 18 25 A5 0C 01 31 03 CF 00 12 22 DA 25 A5 0C 01 31 05 E6 3D 77 00 50 2D 10 00 C8 24 09 15 25 A5 09 01 31 03 CF 00 00 0D B3 25 A5 09 01 31 
05 E6 3D 77 00 50 C8 24 0C 18 25 A5 0C 01 31 03 CF 00 0C 1C D4 25 A5 0C 01 31 05 E6 3D 77 00 50 2D 10 00 C8 24 09 1B 00 DA A5 25 A5 09 01 31 03 CF 00 00 0D B3 25 A5 09 01 31 05 E6 3D 77 00 00 
DA A5 01 (131)
                              [N9:P] [undefined] 61 119 0 0 (1031208960)
                              [N12:Z] MOTOR_I 0 18 (18)
                              [N12:Z] [undefined] 61 119 0 80 (1031209040)
                              [N9:P] MOTOR_I 0 0 (0)
                              [N12:Z] MOTOR_I 0 12 (12)
                              [N12:Z] [undefined] 61 119 0 80 (1031209040)
                              [N9:P] [undefined] 61 119 0 0 (1031208960)
                              [N9:P] MOTOR_I 0 0 (0)
                              [N9:P] [undefined] 61 119 0 0 (1031208960)
2025-08-15 18:01:27:679 [IN ] C8 24 0C 18 25 A5 0C 01 31 03 CF 00 08 18 D0 25 A5 0C 01 31 05 E6 3D 77 00 50 2D 10 00 C8 24 09 18 25 A5 09 01 31 03 CF 00 00 0D B3 25 A5 09 01 31 05 E6 3D 77 00 00 DA A5 00 C8 24 0C 18 25 A5 
0C 01 31 03 CF 00 03 13 CB 25 A5 0C 01 31 05 E6 3D 77 00 50 2D 10 00 C8 24 09 18 25 A5 09 01 31 03 CF 00 00 0D B3 25 A5 09 01 31 05 E6 3D 77 00 00 DA A5 00 (116)
                              [N12:Z] MOTOR_I 0 8 (8)
                              [N12:Z] [undefined] 61 119 0 80 (1031209040)
                              [N9:P] MOTOR_I 0 0 (0)
                              [N9:P] [undefined] 61 119 0 0 (1031208960)
                              [N12:Z] MOTOR_I 0 3 (3)
                              [N12:Z] [undefined] 61 119 0 80 (1031209040)
                              [N9:P] MOTOR_I 0 0 (0)
                              [N9:P] [undefined] 61 119 0 0 (1031208960)
2025-08-15 18:01:27:701 [OUT] 25 A5 01 07 31 05 81 FF F3 35 BF A5 39 (13)
                              [N7:N] TPOS 255 243 53 191 (-838209)
2025-08-15 18:01:27:744 [IN ] C8 24 0C 18 25 A5 0C 01 31 03 CF 00 02 12 CA 25 A5 0C 01 31 05 E6 3D 77 00 50 2D 10 00 (29)
                              [N12:Z] MOTOR_I 0 2 (2)
                              [N12:Z] [undefined] 61 119 0 80 (1031209040)
2025-08-15 18:01:27:785 [IN ] C8 24 09 18 25 A5 09 01 31 03 CF 00 00 0D B3 25 A5 09 01 31 05 E6 3D 77 00 00 DA A5 00 (29)
                              [N9:P] MOTOR_I 0 0 (0)
                              [N9:P] [undefined] 61 119 0 0 (1031208960)
2025-08-15 18:01:27:848 [IN ] C8 24 0C 18 25 A5 0C 01 31 03 CF 00 07 17 CF 25 A5 0C 01 31 05 E6 3D 77 00 50 2D 10 00 (29)
                              [N12:Z] MOTOR_I 0 7 (7)
                              [N12:Z] [undefined] 61 119 0 80 (1031209040)
2025-08-15 18:01:27:869 [IN ] C8 24 09 18 25 A5 09 01 31 03 CF 00 00 0D B3 25 A5 09 01 31 05 E6 3D 77 00 00 DA A5 00 (29)
                              [N9:P] MOTOR_I 0 0 (0)
                              [N9:P] [undefined] 61 119 0 0 (1031208960)
2025-08-15 18:01:27:890 [IN ] C8 24 07 0E 25 A5 07 01 31 06 81 53 FF AB 15 28 FA F5 01 (19)
                              [N7:N] TPOS 'S' 255 171 21 40 (-5565144)
2025-08-15 18:01:28:091 [IN ] C8 24 0C 18 25 A5 0C 01 31 03 CF 00 05 15 CD 25 A5 0C 01 31 05 E6 3D 77 00 50 2D 10 00 C8 24 09 18 25 A5 09 01 31 03 CF 00 00 0D B3 25 A5 09 01 31 05 E6 3D 77 00 00 DA A5 00 C8 24 0C 18 25 A5 
0C 01 31 03 CF 00 08 18 D0 25 A5 0C 01 31 05 E6 3D 77 00 50 2D 10 00 C8 24 09 18 25 A5 09 01 31 03 CF 00 00 0D B3 25 A5 09 01 31 05 E6 3D 77 00 00 DA A5 00 (116)
                              [N12:Z] MOTOR_I 0 5 (5)
                              [N12:Z] [undefined] 61 119 0 80 (1031209040)
                              [N9:P] MOTOR_I 0 0 (0)
                              [N9:P] [undefined] 61 119 0 0 (1031208960)
                              [N12:Z] MOTOR_I 0 8 (8)
                              [N12:Z] [undefined] 61 119 0 80 (1031209040)
                              [N9:P] MOTOR_I 0 0 (0)
                              [N9:P] [undefined] 61 119 0 0 (1031208960)
2025-08-15 18:01:28:292 [IN ] C8 24 0C 18 25 A5 0C 01 31 03 CF 00 00 10 C8 25 A5 0C 01 31 05 E6 3D 77 00 50 2D 10 00 C8 24 09 18 25 A5 09 01 31 03 CF 00 00 0D B3 25 A5 09 01 31 05 E6 3D 77 00 00 DA A5 00 C8 24 0C 0E 25 A5 
0C 01 31 03 CF 00 01 11 C9 25 A5 0C 01 C8 24 0C 0A 01 31 05 E6 3D 77 00 50 2D 10 C9 C8 24 09 18 25 A5 09 01 31 03 CF 00 00 0D B3 25 A5 09 01 31 05 E6 3D 77 00 00 DA A5 00 (121)
                              [N12:Z] MOTOR_I 0 0 (0)
                              [N12:Z] [undefined] 61 119 0 80 (1031209040)
                              [N9:P] MOTOR_I 0 0 (0)
                              [N9:P] [undefined] 61 119 0 0 (1031208960)
                              [N12:Z] MOTOR_I 0 1 (1)
                              [N12:Z] [undefined] 61 119 0 80 (1031209040)
                              [N9:P] MOTOR_I 0 0 (0)
                              [N9:P] [undefined] 61 119 0 0 (1031208960)
2025-08-15 18:01:28:496 [IN ] C8 24 0C 15 25 A5 0C 01 31 03 CF 00 0A 1A D2 25 A5 0C 01 31 05 E6 3D 77 00 00 C8 24 09 18 25 A5 09 01 31 03 CF 00 00 0D B3 25 A5 09 01 31 05 E6 3D 77 00 00 DA A5 00 C8 24 0C 1B 50 2D 10 25 A5 
0C 01 31 03 CF 00 15 25 DD 25 A5 0C 01 31 05 E6 3D 77 00 50 2D 10 01 C8 24 09 18 25 A5 09 01 31 03 CF 00 00 0D B3 25 A5 09 01 31 05 E6 3D 77 00 00 DA A5 50 (116)
                              [N12:Z] MOTOR_I 0 10 (10)
                              [N9:P] MOTOR_I 0 0 (0)
                              [N9:P] [undefined] 61 119 0 0 (1031208960)
                              [N12:Z] [undefined] 61 119 0 80 (1031209040)
                              [N12:Z] MOTOR_I 0 21 (21)
                              [N12:Z] [undefined] 61 119 0 80 (1031209040)
                              [N9:P] MOTOR_I 0 0 (0)
                              [N9:P] [undefined] 61 119 0 0 (1031208960)
2025-08-15 18:01:28:700 [IN ] C8 24 0C 18 25 A5 0C 01 31 03 CF 00 0E 1E D6 25 A5 0C 01 31 05 E6 3D 77 00 50 2D 10 50 C8 24 09 18 25 A5 09 01 31 03 CF 00 00 0D B3 25 A5 09 01 31 05 E6 3D 77 00 00 DA A5 50 C8 24 0C 18 25 A5 
0C 01 31 03 CF 00 00 10 C8 25 A5 0C 01 31 05 E6 3D 77 00 50 2D 10 50 C8 24 08 0B 25 A5 08 01 31 03 81 5A 52 6A C8 25 C8 24 08 0A 25 A5 08 01 31 02 81 49 06 4A C8 C8 24 09 18 25 A5 09 01 31 03 
CF 00 00 0D B3 25 A5 09 01 31 05 E6 3D 77 00 00 DA A5 50 (147)
                              [N12:Z] MOTOR_I 0 14 (14)
                              [N12:Z] [undefined] 61 119 0 80 (1031209040)
                              [N9:P] MOTOR_I 0 0 (0)
                              [N9:P] [undefined] 61 119 0 0 (1031208960)
                              [N12:Z] MOTOR_I 0 0 (0)
                              [N12:Z] [undefined] 61 119 0 80 (1031209040)
                              [N8:R] TPOS 'Z' 82 (82)
                              [N8:R] TPOS 'I'
                              [N9:P] MOTOR_I 0 0 (0)
                              [N9:P] [undefined] 61 119 0 0 (1031208960)
2025-08-15 18:01:28:902 [IN ] C8 24 0C 18 25 A5 0C 01 31 03 CF 00 00 10 C8 25 A5 0C 01 31 05 E6 3D 77 00 50 2D 10 50 C8 24 09 18 25 A5 09 01 31 03 CF 00 00 0D B3 25 A5 09 01 31 05 E6 3D 77 00 00 DA A5 50 C8 24 0C 18 25 A5 
0C 01 31 03 CF 00 13 23 DB 25 A5 0C 01 31 05 E6 3D 77 00 50 2D 10 50 C8 24 09 18 25 A5 09 01 31 03 CF 00 00 0D B3 25 A5 09 01 31 05 E6 3D 77 00 00 DA A5 50 (116)
                              [N12:Z] MOTOR_I 0 0 (0)
                              [N12:Z] [undefined] 61 119 0 80 (1031209040)
                              [N9:P] MOTOR_I 0 0 (0)
                              [N9:P] [undefined] 61 119 0 0 (1031208960)
                              [N12:Z] MOTOR_I 0 19 (19)
                              [N12:Z] [undefined] 61 119 0 80 (1031209040)
                              [N9:P] MOTOR_I 0 0 (0)
                              [N9:P] [undefined] 61 119 0 0 (1031208960)
2025-08-15 18:01:28:923 [OUT] 25 A5 01 08 31 03 CA 3D 09 4D 19 (11)
                              [N8:R] RFLAG '=' 9 (9)
2025-08-15 18:01:28:944 [IN ] C8 24 0C 18 25 A5 0C 01 31 03 CF 00 05 15 CD 25 A5 0C 01 31 05 E6 3D 77 00 50 2D 10 50 (29)
                              [N12:Z] MOTOR_I 0 5 (5)
                              [N12:Z] [undefined] 61 119 0 80 (1031209040)
2025-08-15 18:01:28:986 [IN ] C8 24 09 0E 25 A5 09 01 31 03 CF 00 00 0D B3 25 A5 09 01 C8 24 09 0A 01 31 05 E6 3D 77 00 00 DA A5 B3 (34)
                              [N9:P] MOTOR_I 0 0 (0)
                              [N9:P] [undefined] 61 119 0 0 (1031208960)
2025-08-15 18:01:29:048 [IN ] C8 24 0C 18 25 A5 0C 01 31 03 CF 00 0D 1D D5 25 A5 0C 01 31 05 E6 (22)
2025-08-15 18:01:29:069 [IN ] 3D 77 00 50 2D 10 50 C8 24 09 15 25 A5 09 01 31 03 CF 00 00 0D B3 25 A5 09 01 31 05 E6 3D 77 00 50 (33)
                              [N12:Z] MOTOR_I 0 13 (13)
                              [N12:Z] [undefined] 61 119 0 80 (1031209040)
                              [N9:P] MOTOR_I 0 0 (0)
2025-08-15 18:01:29:090 [IN ] C8 24 08 0B 25 A5 08 01 31 03 CA 3A 09 4A 1A 25 (16)
                              [N8:R] RFLAG ':' 9 (9)
2025-08-15 18:01:29:112 [OUT] 25 A5 01 08 31 05 81 FF DC 77 1D 2F DE (13)
                              [N8:R] TPOS 255 220 119 29 (-2328803)
2025-08-15 18:01:29:155 [IN ] C8 24 0C 18 25 A5 0C 01 31 03 CF 00 03 13 CB 25 A5 0C 01 31 05 E6 3D 77 00 50 2D 10 50 (29)
                              [N12:Z] MOTOR_I 0 3 (3)
                              [N12:Z] [undefined] 61 119 0 80 (1031209040)
2025-08-15 18:01:29:197 [IN ] C8 24 09 1B 00 DA A5 25 A5 09 01 31 03 CF 00 00 0D B3 25 A5 09 01 31 05 E6 3D 77 00 00 DA A5 01 (32)
                              [N9:P] [undefined] 61 119 0 0 (1031208960)
                              [N9:P] MOTOR_I 0 0 (0)
                              [N9:P] [undefined] 61 119 0 0 (1031208960)
2025-08-15 18:01:29:261 [IN ] C8 24 0C 18 25 A5 0C 01 31 03 CF 00 12 22 DA 25 A5 0C 01 31 05 E6 3D 77 00 50 2D 10 00 (29)
                              [N12:Z] MOTOR_I 0 18 (18)
                              [N12:Z] [undefined] 61 119 0 80 (1031209040)
2025-08-15 18:01:29:282 [IN ] C8 24 09 18 25 A5 09 01 31 03 CF 00 00 0D B3 25 A5 09 01 31 05 E6 3D 77 00 00 DA A5 00 (29)
                              [N9:P] MOTOR_I 0 0 (0)
                              [N9:P] [undefined] 61 119 0 0 (1031208960)
2025-08-15 18:01:29:304 [IN ] C8 24 08 0E 25 A5 08 01 31 06 81 53 FF FF FF FB 0C A2 01 (19)
                              [N8:R] TPOS 'S' 255 255 255 251 (-5)
2025-08-15 18:01:29:506 [IN ] C8 24 0C 18 25 A5 0C 01 31 03 CF 00 05 15 CD 25 A5 0C 01 31 05 E6 3D 77 00 50 2D 10 00 C8 24 09 18 25 A5 09 01 31 03 CF 00 00 0D B3 25 A5 09 01 31 05 E6 3D 77 00 00 DA A5 00 C8 24 0C 18 25 A5 
0C 01 31 03 CF 00 0D 1D D5 25 A5 0C 01 31 05 E6 3D 77 00 50 2D 10 00 C8 24 09 18 25 A5 09 01 31 03 CF 00 00 0D B3 25 A5 09 01 31 05 E6 3D 77 00 00 DA A5 00 (116)
                              [N12:Z] MOTOR_I 0 5 (5)
                              [N12:Z] [undefined] 61 119 0 80 (1031209040)
                              [N9:P] MOTOR_I 0 0 (0)
                              [N9:P] [undefined] 61 119 0 0 (1031208960)
                              [N12:Z] MOTOR_I 0 13 (13)
                              [N12:Z] [undefined] 61 119 0 80 (1031209040)
                              [N9:P] MOTOR_I 0 0 (0)
                              [N9:P] [undefined] 61 119 0 0 (1031208960)
2025-08-15 18:01:29:708 [IN ] C8 24 0C 18 25 A5 0C 01 31 03 CF 00 05 15 CD 25 A5 0C 01 31 05 E6 3D 77 00 50 2D 10 00 C8 24 09 18 25 A5 09 01 31 03 CF 00 00 0D B3 25 A5 09 01 31 05 E6 3D 77 00 00 DA A5 00 C8 24 0C 18 25 A5 
0C 01 31 03 CF 00 00 10 C8 25 A5 0C 01 31 05 E6 3D 77 00 50 2D 10 00 C8 24 09 18 25 A5 09 01 31 03 CF 00 00 0D B3 25 A5 09 01 31 05 E6 3D 77 00 00 DA A5 00 (116)
                              [N12:Z] MOTOR_I 0 5 (5)
                              [N12:Z] [undefined] 61 119 0 80 (1031209040)
                              [N9:P] MOTOR_I 0 0 (0)
                              [N9:P] [undefined] 61 119 0 0 (1031208960)
                              [N12:Z] MOTOR_I 0 0 (0)
                              [N12:Z] [undefined] 61 119 0 80 (1031209040)
                              [N9:P] MOTOR_I 0 0 (0)
                              [N9:P] [undefined] 61 119 0 0 (1031208960)
2025-08-15 18:01:29:909 [IN ] C8 24 0C 18 25 A5 0C 01 31 03 CF 00 03 13 CB 25 A5 0C 01 31 05 E6 3D 77 00 50 2D 10 00 C8 24 09 18 25 A5 09 01 31 03 CF 00 00 0D B3 25 A5 09 01 31 05 E6 3D 77 00 00 DA A5 00 C8 24 0C 18 25 A5 
0C 01 31 03 CF 00 0E 1E D6 25 A5 0C 01 31 05 E6 3D 77 00 50 2D 10 00 C8 24 09 18 25 A5 09 01 31 03 CF 00 00 0D B3 25 A5 09 01 31 05 E6 3D 77 00 00 DA A5 00 (116)
                              [N12:Z] MOTOR_I 0 3 (3)
                              [N12:Z] [undefined] 61 119 0 80 (1031209040)
                              [N9:P] MOTOR_I 0 0 (0)
                              [N9:P] [undefined] 61 119 0 0 (1031208960)
                              [N12:Z] MOTOR_I 0 14 (14)
                              [N12:Z] [undefined] 61 119 0 80 (1031209040)
                              [N9:P] MOTOR_I 0 0 (0)
                              [N9:P] [undefined] 61 119 0 0 (1031208960)
2025-08-15 18:01:30:111 [IN ] C8 24 0C 18 25 A5 0C 01 31 03 CF 00 0A 1A D2 25 A5 0C 01 31 05 E6 3D 77 00 50 2D 10 00 C8 24 09 18 25 A5 09 01 31 03 CF 00 00 0D B3 25 A5 09 01 31 05 E6 3D 77 00 00 DA A5 00 C8 24 0C 0E 25 A5 
0C 01 31 03 CF 00 00 10 C8 25 A5 0C 01 C8 24 0C 0A 01 31 05 E6 3D 77 00 50 2D 10 C8 C8 24 09 18 25 A5 09 01 31 03 CF 00 00 0D B3 25 A5 09 01 31 05 E6 3D 77 00 00 DA A5 00 (121)
                              [N12:Z] MOTOR_I 0 10 (10)
                              [N12:Z] [undefined] 61 119 0 80 (1031209040)
                              [N9:P] MOTOR_I 0 0 (0)
                              [N9:P] [undefined] 61 119 0 0 (1031208960)
                              [N12:Z] MOTOR_I 0 0 (0)
                              [N12:Z] [undefined] 61 119 0 80 (1031209040)
                              [N9:P] MOTOR_I 0 0 (0)
                              [N9:P] [undefined] 61 119 0 0 (1031208960)
2025-08-15 18:01:30:314 [IN ] C8 24 0C 15 25 A5 0C 01 31 03 CF 00 05 15 CD 25 A5 0C 01 31 05 E6 3D 77 00 00 C8 24 09 18 25 A5 09 01 31 03 CF 00 00 0D B3 25 A5 09 01 31 05 E6 3D 77 00 00 DA A5 00 C8 24 0C 1B 50 2D 10 25 A5 
0C 01 31 03 CF 00 0A 1A D2 25 A5 0C 01 31 05 E6 3D 77 00 50 2D 10 01 C8 24 09 18 25 A5 09 01 31 03 CF 00 00 0D B3 25 A5 09 01 31 05 E6 3D 77 00 00 DA A5 50 (116)
                              [N12:Z] MOTOR_I 0 5 (5)
                              [N9:P] MOTOR_I 0 0 (0)
                              [N9:P] [undefined] 61 119 0 0 (1031208960)
                              [N12:Z] [undefined] 61 119 0 80 (1031209040)
                              [N12:Z] MOTOR_I 0 10 (10)
                              [N12:Z] [undefined] 61 119 0 80 (1031209040)
                              [N9:P] MOTOR_I 0 0 (0)
                              [N9:P] [undefined] 61 119 0 0 (1031208960)
2025-08-15 18:01:30:516 [IN ] C8 24 0C 18 25 A5 0C 01 31 03 CF 00 13 23 DB 25 A5 0C 01 31 05 E6 3D 77 00 50 2D 10 50 C8 24 09 18 25 A5 09 01 31 03 CF 00 00 0D B3 25 A5 09 01 31 05 E6 3D 77 00 00 DA A5 50 C8 24 0C 18 25 A5 
0C 01 31 03 CF 00 0E 1E D6 25 A5 0C 01 31 05 E6 3D 77 00 50 2D 10 50 C8 24 09 18 25 A5 09 01 31 03 CF 00 00 0D B3 25 A5 09 01 31 05 E6 3D 77 00 00 DA A5 50 (116)
                              [N12:Z] MOTOR_I 0 19 (19)
                              [N12:Z] [undefined] 61 119 0 80 (1031209040)
                              [N9:P] MOTOR_I 0 0 (0)
                              [N9:P] [undefined] 61 119 0 0 (1031208960)
                              [N12:Z] MOTOR_I 0 14 (14)
                              [N12:Z] [undefined] 61 119 0 80 (1031209040)
                              [N9:P] MOTOR_I 0 0 (0)
                              [N9:P] [undefined] 61 119 0 0 (1031208960)
2025-08-15 18:01:30:717 [IN ] C8 24 0C 18 25 A5 0C 01 31 03 CF 00 00 10 C8 25 A5 0C 01 31 05 E6 3D 77 00 50 2D 10 50 C8 24 09 18 25 A5 09 01 31 03 CF 00 00 0D B3 25 A5 09 01 31 05 E6 3D 77 00 00 DA A5 50 C8 24 0C 18 25 A5 
0C 01 31 03 CF 00 01 11 C9 25 A5 0C 01 31 05 E6 3D 77 00 50 2D 10 50 C8 24 09 18 25 A5 09 01 31 03 CF 00 00 0D B3 25 A5 09 01 31 05 E6 3D 77 00 00 DA A5 50 (116)
                              [N12:Z] MOTOR_I 0 0 (0)
                              [N12:Z] [undefined] 61 119 0 80 (1031209040)
                              [N9:P] MOTOR_I 0 0 (0)
                              [N9:P] [undefined] 61 119 0 0 (1031208960)
                              [N12:Z] MOTOR_I 0 1 (1)
                              [N12:Z] [undefined] 61 119 0 80 (1031209040)
                              [N9:P] MOTOR_I 0 0 (0)
                              [N9:P] [undefined] 61 119 0 0 (1031208960)
2025-08-15 18:01:30:919 [IN ] C8 24 0C 18 25 A5 0C 01 31 03 CF 00 08 18 D0 25 A5 0C 01 31 05 E6 3D 77 00 50 2D 10 50 C8 24 09 0E 25 A5 09 01 31 03 CF 00 00 0D B3 25 A5 09 01 C8 24 09 0A 01 31 05 E6 3D 77 00 00 DA A5 B3 C8 
24 0C 18 25 A5 0C 01 31 03 CF 00 15 25 DD 25 A5 0C 01 31 05 E6 3D 77 00 50 2D 10 50 C8 24 09 15 25 A5 09 01 31 03 CF 00 00 0D B3 25 A5 09 01 31 05 E6 3D 77 00 50 (118)
                              [N12:Z] MOTOR_I 0 8 (8)
                              [N12:Z] [undefined] 61 119 0 80 (1031209040)
                              [N9:P] MOTOR_I 0 0 (0)
                              [N9:P] [undefined] 61 119 0 0 (1031208960)
                              [N12:Z] MOTOR_I 0 21 (21)
                              [N12:Z] [undefined] 61 119 0 80 (1031209040)
                              [N9:P] MOTOR_I 0 0 (0)
2025-08-15 18:01:31:121 [IN ] C8 24 0C 18 25 A5 0C 01 31 03 CF 00 0A 1A D2 25 A5 0C 01 31 05 E6 3D 77 00 50 2D 10 50 C8 24 09 1B 00 DA A5 25 A5 09 01 31 03 CF 00 00 0D B3 25 A5 09 01 31 05 E6 3D 77 00 00 DA A5 01 C8 24 0C 
18 25 A5 0C 01 31 03 CF 00 02 12 CA 25 A5 0C 01 31 05 E6 3D 77 00 50 2D 10 00 C8 24 09 18 25 A5 09 01 31 03 CF 00 00 0D B3 25 A5 09 01 31 05 E6 3D 77 00 00 DA A5 00 (119)
                              [N12:Z] MOTOR_I 0 10 (10)
                              [N12:Z] [undefined] 61 119 0 80 (1031209040)
                              [N9:P] [undefined] 61 119 0 0 (1031208960)
                              [N9:P] MOTOR_I 0 0 (0)
                              [N9:P] [undefined] 61 119 0 0 (1031208960)
                              [N12:Z] MOTOR_I 0 2 (2)
                              [N12:Z] [undefined] 61 119 0 80 (1031209040)
                              [N9:P] MOTOR_I 0 0 (0)
                              [N9:P] [undefined] 61 119 0 0 (1031208960)
2025-08-15 18:01:31:323 [IN ] C8 24 0C 18 25 A5 0C 01 31 03 CF 00 05 15 CD 25 A5 0C 01 31 05 E6 3D 77 00 50 2D 10 00 C8 24 09 18 25 A5 09 01 31 03 CF 00 00 0D B3 25 A5 09 01 31 05 E6 3D 77 00 00 DA A5 00 C8 24 0C 18 25 A5 
0C 01 31 03 CF 00 0D 1D D5 25 A5 0C 01 31 05 E6 3D 77 00 50 2D 10 00 C8 24 09 18 25 A5 09 01 31 03 CF 00 00 0D B3 25 A5 09 01 31 05 E6 3D 77 00 00 DA A5 00 (116)
                              [N12:Z] MOTOR_I 0 5 (5)
                              [N12:Z] [undefined] 61 119 0 80 (1031209040)
                              [N9:P] MOTOR_I 0 0 (0)
                              [N9:P] [undefined] 61 119 0 0 (1031208960)
                              [N12:Z] MOTOR_I 0 13 (13)
                              [N12:Z] [undefined] 61 119 0 80 (1031209040)
                              [N9:P] MOTOR_I 0 0 (0)
                              [N9:P] [undefined] 61 119 0 0 (1031208960)
2025-08-15 18:01:31:524 [IN ] C8 24 0C 18 25 A5 0C 01 31 03 CF 00 01 11 C9 25 A5 0C 01 31 05 E6 3D 77 00 50 2D 10 00 C8 24 09 18 25 A5 09 01 31 03 CF 00 00 0D B3 25 A5 09 01 31 05 E6 3D 77 00 00 DA A5 00 C8 24 0C 18 25 A5 
0C 01 31 03 CF 00 07 17 CF 25 A5 0C 01 31 05 E6 3D 77 00 50 2D 10 00 C8 24 09 18 25 A5 09 01 31 03 CF 00 00 0D B3 25 A5 09 01 31 05 E6 3D 77 00 00 DA A5 00 (116)
                              [N12:Z] MOTOR_I 0 1 (1)
                              [N12:Z] [undefined] 61 119 0 80 (1031209040)
                              [N9:P] MOTOR_I 0 0 (0)
                              [N9:P] [undefined] 61 119 0 0 (1031208960)
                              [N12:Z] MOTOR_I 0 7 (7)
                              [N12:Z] [undefined] 61 119 0 80 (1031209040)
                              [N9:P] MOTOR_I 0 0 (0)
                              [N9:P] [undefined] 61 119 0 0 (1031208960)
2025-08-15 18:01:31:726 [IN ] C8 24 0C 18 25 A5 0C 01 31 03 CF 00 00 10 C8 25 A5 0C 01 31 05 E6 3D 77 00 50 2D 10 00 C8 24 09 18 25 A5 09 01 31 03 CF 00 00 0D B3 25 A5 09 01 31 05 E6 3D 77 00 00 DA A5 00 C8 24 0C 18 25 A5 
0C 01 31 03 CF 00 00 10 C8 25 A5 0C 01 31 05 E6 3D 77 00 50 2D 10 00 C8 24 09 18 25 A5 09 01 31 03 CF 00 00 0D B3 25 A5 09 01 31 05 E6 3D 77 00 00 DA A5 00 (116)
                              [N12:Z] MOTOR_I 0 0 (0)
                              [N12:Z] [undefined] 61 119 0 80 (1031209040)
                              [N9:P] MOTOR_I 0 0 (0)
                              [N9:P] [undefined] 61 119 0 0 (1031208960)
                              [N12:Z] MOTOR_I 0 0 (0)
                              [N12:Z] [undefined] 61 119 0 80 (1031209040)
                              [N9:P] MOTOR_I 0 0 (0)
                              [N9:P] [undefined] 61 119 0 0 (1031208960)
2025-08-15 18:01:31:929 [IN ] C8 24 0C 0E 25 A5 0C 01 31 03 CF 00 00 10 C8 25 A5 0C 01 C8 24 0C 0A 01 31 05 E6 3D 77 00 50 2D 10 C8 C8 24 09 18 25 A5 09 01 31 03 CF 00 00 0D B3 25 A5 09 01 31 05 E6 3D 77 00 00 DA A5 00 C8 
24 0C 15 25 A5 0C 01 31 03 CF 00 00 10 C8 25 A5 0C 01 31 05 E6 3D 77 00 00 C8 24 09 18 25 A5 09 01 31 03 CF 00 00 0D B3 25 A5 09 01 31 05 E6 3D 77 00 00 DA A5 00 (118)
                              [N12:Z] MOTOR_I 0 0 (0)
                              [N12:Z] [undefined] 61 119 0 80 (1031209040)
                              [N9:P] MOTOR_I 0 0 (0)
                              [N9:P] [undefined] 61 119 0 0 (1031208960)
                              [N12:Z] MOTOR_I 0 0 (0)
                              [N9:P] MOTOR_I 0 0 (0)
                              [N9:P] [undefined] 61 119 0 0 (1031208960)
2025-08-15 18:01:32:131 [IN ] C8 24 0C 1B 50 2D 10 25 A5 0C 01 31 03 CF 00 00 10 C8 25 A5 0C 01 31 05 E6 3D 77 00 50 2D 10 01 C8 24 09 18 25 A5 09 01 31 03 CF 00 00 0D B3 25 A5 09 01 31 05 E6 3D 77 00 00 DA A5 50 C8 24 0C 
18 25 A5 0C 01 31 03 CF 00 06 16 CE 25 A5 0C 01 31 05 E6 3D 77 00 50 2D 10 50 C8 24 05 0B 25 A5 05 01 31 03 81 5A 4C 61 AD 25 C8 24 09 18 25 A5 09 01 31 03 CF 00 00 0D B3 25 A5 09 01 31 05 E6 
3D 77 00 00 DA A5 50 (135)
                              [N12:Z] [undefined] 61 119 0 80 (1031209040)
                              [N12:Z] MOTOR_I 0 0 (0)
                              [N12:Z] [undefined] 61 119 0 80 (1031209040)
                              [N9:P] MOTOR_I 0 0 (0)
                              [N9:P] [undefined] 61 119 0 0 (1031208960)
                              [N12:Z] MOTOR_I 0 6 (6)
                              [N12:Z] [undefined] 61 119 0 80 (1031209040)
                              [N5:V] TPOS 'Z' 76 (76)
                              [N9:P] MOTOR_I 0 0 (0)
                              [N9:P] [undefined] 61 119 0 0 (1031208960)
2025-08-15 18:01:32:334 [IN ] C8 24 05 0A 25 A5 05 01 31 02 81 49 03 38 B3 C8 24 0C 18 25 A5 0C 01 31 03 CF 00 0A 1A D2 25 A5 0C 01 31 05 E6 3D 77 00 50 2D 10 50 C8 24 09 18 25 A5 09 01 31 03 CF 00 00 0D B3 25 A5 09 01 31 
05 E6 3D 77 00 00 DA A5 50 C8 24 0C 18 25 A5 0C 01 31 03 CF 00 0B 1B D3 25 A5 0C 01 31 05 E6 3D 77 00 50 2D 10 50 C8 24 09 18 25 A5 09 01 31 03 CF 00 00 0D B3 25 A5 09 01 31 05 E6 3D 77 00 00 
DA A5 50 (131)
                              [N5:V] TPOS 'I'
                              [N12:Z] MOTOR_I 0 10 (10)
                              [N12:Z] [undefined] 61 119 0 80 (1031209040)
                              [N9:P] MOTOR_I 0 0 (0)
                              [N9:P] [undefined] 61 119 0 0 (1031208960)
                              [N12:Z] MOTOR_I 0 11 (11)
                              [N12:Z] [undefined] 61 119 0 80 (1031209040)
                              [N9:P] MOTOR_I 0 0 (0)
                              [N9:P] [undefined] 61 119 0 0 (1031208960)
2025-08-15 18:01:32:536 [IN ] C8 24 0C 18 25 A5 0C 01 31 03 CF 00 08 18 D0 25 A5 0C 01 31 05 E6 3D 77 00 50 2D 10 50 C8 24 09 18 25 A5 09 01 31 03 CF 00 00 0D B3 25 A5 09 01 31 05 E6 3D 77 00 00 DA A5 50 C8 24 0C 18 25 A5 
0C 01 31 03 CF 00 0E 1E D6 25 A5 0C 01 31 05 E6 3D 77 00 50 2D 10 50 C8 24 09 0E 25 A5 09 01 31 03 CF 00 00 0D B3 25 A5 09 01 C8 24 09 0A 01 31 05 E6 3D 77 00 00 DA A5 B3 (121)
                              [N12:Z] MOTOR_I 0 8 (8)
                              [N12:Z] [undefined] 61 119 0 80 (1031209040)
                              [N9:P] MOTOR_I 0 0 (0)
                              [N9:P] [undefined] 61 119 0 0 (1031208960)
                              [N12:Z] MOTOR_I 0 14 (14)
                              [N12:Z] [undefined] 61 119 0 80 (1031209040)
                              [N9:P] MOTOR_I 0 0 (0)
                              [N9:P] [undefined] 61 119 0 0 (1031208960)
2025-08-15 18:01:32:557 [OUT] 25 A5 01 05 31 03 C9 3D 09 49 04 (11)
                              [N5:V] LFLAG '=' 9 (9)
2025-08-15 18:01:32:579 [IN ] C8 24 0C 18 25 A5 0C 01 31 03 CF 00 07 17 CF 25 A5 0C 01 31 05 E6 3D 77 00 50 2D 10 50 (29)
                              [N12:Z] MOTOR_I 0 7 (7)
                              [N12:Z] [undefined] 61 119 0 80 (1031209040)
2025-08-15 18:01:32:600 [IN ] C8 24 09 15 25 A5 09 01 31 03 CF 00 00 0D B3 25 A5 09 01 31 05 E6 3D 77 00 50 (26)
                              [N9:P] MOTOR_I 0 0 (0)
2025-08-15 18:01:32:685 [IN ] C8 24 0C 18 25 A5 0C 01 31 03 CF 00 05 15 CD 25 A5 0C 01 31 05 E6 3D 77 00 50 2D 10 50 (29)
                              [N12:Z] MOTOR_I 0 5 (5)
                              [N12:Z] [undefined] 61 119 0 80 (1031209040)
2025-08-15 18:01:32:706 [IN ] C8 24 (2)
2025-08-15 18:01:32:727 [IN ] 09 1B 00 DA A5 25 A5 09 01 31 03 CF 00 00 0D B3 25 A5 09 01 31 05 E6 3D 77 00 00 DA A5 01 C8 24 05 0B 25 A5 05 01 31 03 C9 3A 09 46 02 00 (46)
                              [N9:P] [undefined] 61 119 0 0 (1031208960)
                              [N9:P] MOTOR_I 0 0 (0)
                              [N9:P] [undefined] 61 119 0 0 (1031208960)
                              [N5:V] LFLAG ':' 9 (9)
2025-08-15 18:01:32:749 [OUT] 25 A5 01 05 31 03 84 00 50 0E 02 (11)
                              [N5:V] VEL 0 80 (80)
2025-08-15 18:01:32:790 [IN ] C8 24 0C 18 25 A5 0C 01 31 03 CF 00 05 15 CD 25 A5 0C 01 31 05 E6 3D 77 00 50 2D 10 00 (29)
                              [N12:Z] MOTOR_I 0 5 (5)
                              [N12:Z] [undefined] 61 119 0 80 (1031209040)
2025-08-15 18:01:32:811 [IN ] C8 24 09 18 25 A5 09 01 31 03 CF 00 00 0D B3 25 A5 09 01 31 05 E6 3D 77 00 00 DA A5 00 (29)
                              [N9:P] MOTOR_I 0 0 (0)
                              [N9:P] [undefined] 61 119 0 0 (1031208960)
2025-08-15 18:01:32:874 [IN ] C8 24 0C 18 25 A5 0C 01 31 03 CF 00 08 18 D0 25 A5 0C 01 31 05 E6 3D 77 00 50 2D 10 00 (29)
                              [N12:Z] MOTOR_I 0 8 (8)
                              [N12:Z] [undefined] 61 119 0 80 (1031209040)
2025-08-15 18:01:32:916 [IN ] C8 24 05 0C 25 A5 05 01 31 04 84 53 00 50 62 C2 A5 C8 24 09 18 25 A5 09 01 31 03 CF 00 00 0D B3 25 A5 09 01 31 05 E6 3D 77 00 00 DA A5 00 (46)
                              [N5:V] VEL 'S' 0 80 (80)
                              [N9:P] MOTOR_I 0 0 (0)
                              [N9:P] [undefined] 61 119 0 0 (1031208960)
2025-08-15 18:01:32:937 [OUT] 25 A5 01 05 31 05 81 00 19 82 3C 94 B6 (13)
                              [N5:V] TPOS 0 25 130 60 (1671740)
2025-08-15 18:01:33:001 [IN ] C8 24 0C 18 25 A5 0C 01 31 03 CF 00 04 14 CC 25 A5 0C 01 31 05 E6 3D 77 00 50 2D 10 00 (29)
                              [N12:Z] MOTOR_I 0 4 (4)
                              [N12:Z] [undefined] 61 119 0 80 (1031209040)
2025-08-15 18:01:33:023 [IN ] C8 24 09 18 25 A5 09 01 31 03 CF 00 00 0D B3 25 A5 09 01 31 05 E6 3D 77 00 00 DA A5 00 (29)
                              [N9:P] MOTOR_I 0 0 (0)
                              [N9:P] [undefined] 61 119 0 0 (1031208960)
2025-08-15 18:01:33:086 [IN ] C8 24 0C 18 25 A5 0C 01 31 03 CF 00 06 16 CE 25 A5 0C 01 31 05 E6 3D 77 00 50 2D 10 00 (29)
                              [N12:Z] MOTOR_I 0 6 (6)
                              [N12:Z] [undefined] 61 119 0 80 (1031209040)
2025-08-15 18:01:33:128 [IN ] C8 24 05 0E 25 A5 05 01 31 06 81 53 00 00 00 00 11 92 01 C8 24 09 18 25 A5 09 01 31 03 CF 00 00 0D B3 25 A5 09 01 31 05 E6 3D 77 00 00 DA A5 00 (48)
                              [N5:V] TPOS 'S' 0 0 0 0 (0)
                              [N9:P] MOTOR_I 0 0 (0)
                              [N9:P] [undefined] 61 119 0 0 (1031208960)
2025-08-15 18:01:33:330 [IN ] C8 24 0C 18 25 A5 0C 01 31 03 CF 00 0A 1A D2 25 A5 0C 01 31 05 E6 3D 77 00 50 2D 10 00 C8 24 09 18 25 A5 09 01 31 03 CF 00 00 0D B3 25 A5 09 01 31 05 E6 3D 77 00 00 DA A5 00 C8 24 0C 18 25 A5 
0C 01 31 03 CF 00 0D 1D D5 25 A5 0C 01 31 05 E6 3D 77 00 50 2D 10 00 C8 24 09 18 25 A5 09 01 31 03 CF 00 00 0D B3 25 A5 09 01 31 05 E6 3D 77 00 00 DA A5 00 (116)
                              [N12:Z] MOTOR_I 0 10 (10)
                              [N12:Z] [undefined] 61 119 0 80 (1031209040)
                              [N9:P] MOTOR_I 0 0 (0)
                              [N9:P] [undefined] 61 119 0 0 (1031208960)
                              [N12:Z] MOTOR_I 0 13 (13)
                              [N12:Z] [undefined] 61 119 0 80 (1031209040)
                              [N9:P] MOTOR_I 0 0 (0)
                              [N9:P] [undefined] 61 119 0 0 (1031208960)
2025-08-15 18:01:33:532 [IN ] C8 24 0C 18 25 A5 0C 01 31 03 CF 00 07 17 CF 25 A5 0C 01 31 05 E6 3D 77 00 50 2D 10 00 C8 24 09 18 25 A5 09 01 31 03 CF 00 00 0D B3 25 A5 09 01 31 05 E6 3D 77 00 00 DA A5 00 C8 24 0C 18 25 A5 
0C 01 31 03 CF 00 01 11 C9 25 A5 0C 01 31 05 E6 3D 77 00 50 2D 10 00 C8 24 09 18 25 A5 09 01 31 03 CF 00 00 0D B3 25 A5 09 01 31 05 E6 3D 77 00 00 DA A5 00 (116)
                              [N12:Z] MOTOR_I 0 7 (7)
                              [N12:Z] [undefined] 61 119 0 80 (1031209040)
                              [N9:P] MOTOR_I 0 0 (0)
                              [N9:P] [undefined] 61 119 0 0 (1031208960)
                              [N12:Z] MOTOR_I 0 1 (1)
                              [N12:Z] [undefined] 61 119 0 80 (1031209040)
                              [N9:P] MOTOR_I 0 0 (0)
                              [N9:P] [undefined] 61 119 0 0 (1031208960)
2025-08-15 18:01:33:733 [IN ] C8 24 0C 0E 25 A5 0C 01 31 03 CF 00 09 19 D1 25 A5 0C 01 C8 24 0C 0A 01 31 05 E6 3D 77 00 50 2D 10 D1 C8 24 09 18 25 A5 09 01 31 03 CF 00 00 0D B3 25 A5 09 01 31 05 E6 3D 77 00 00 DA A5 00 C8 
24 0C 18 25 A5 0C 01 31 03 CF 00 08 18 D0 25 A5 0C 01 31 05 E6 3D 77 00 50 2D 10 00 C8 24 09 18 25 A5 09 01 31 03 CF 00 00 0D B3 25 A5 09 01 31 05 E6 3D 77 00 00 DA A5 00 (121)
                              [N12:Z] MOTOR_I 0 9 (9)
                              [N12:Z] [undefined] 61 119 0 80 (1031209040)
                              [N9:P] MOTOR_I 0 0 (0)
                              [N9:P] [undefined] 61 119 0 0 (1031208960)
                              [N12:Z] MOTOR_I 0 8 (8)
                              [N12:Z] [undefined] 61 119 0 80 (1031209040)
                              [N9:P] MOTOR_I 0 0 (0)
                              [N9:P] [undefined] 61 119 0 0 (1031208960)
2025-08-15 18:01:33:935 [IN ] C8 24 0C 18 25 A5 0C 01 31 03 CF 00 01 11 C9 25 A5 0C 01 31 05 E6 3D 77 00 50 2D 10 00 C8 24 09 18 25 A5 09 01 31 03 CF 00 00 0D B3 25 A5 09 01 31 05 E6 3D 77 00 00 DA A5 00 C8 24 0C 18 25 A5 
0C 01 31 03 CF 00 0C 1C D4 25 A5 0C 01 31 05 E6 3D 77 00 50 2D 10 00 C8 24 09 18 25 A5 09 01 31 03 CF 00 00 0D B3 25 A5 09 01 31 05 E6 3D 77 00 00 DA A5 00 (116)
                              [N12:Z] MOTOR_I 0 1 (1)
                              [N12:Z] [undefined] 61 119 0 80 (1031209040)
                              [N9:P] MOTOR_I 0 0 (0)
                              [N9:P] [undefined] 61 119 0 0 (1031208960)
                              [N12:Z] MOTOR_I 0 12 (12)
                              [N12:Z] [undefined] 61 119 0 80 (1031209040)
                              [N9:P] MOTOR_I 0 0 (0)
                              [N9:P] [undefined] 61 119 0 0 (1031208960)
2025-08-15 18:01:34:136 [IN ] C8 24 0C 18 25 A5 0C 01 31 03 CF 00 0E 1E D6 25 A5 0C 01 31 05 E6 3D 77 00 50 2D 10 00 C8 24 09 18 25 A5 09 01 31 03 CF 00 00 0D B3 25 A5 09 01 31 05 E6 3D 77 00 00 DA A5 00 C8 24 0C 18 25 A5 
0C 01 31 03 CF 00 01 11 C9 25 A5 0C 01 31 05 E6 3D 77 00 50 2D 10 00 C8 24 09 18 25 A5 09 01 31 03 CF 00 00 0D B3 25 A5 09 01 31 05 E6 3D 77 00 00 DA A5 00 (116)
                              [N12:Z] MOTOR_I 0 14 (14)
                              [N12:Z] [undefined] 61 119 0 80 (1031209040)
                              [N9:P] MOTOR_I 0 0 (0)
                              [N9:P] [undefined] 61 119 0 0 (1031208960)
                              [N12:Z] MOTOR_I 0 1 (1)
                              [N12:Z] [undefined] 61 119 0 80 (1031209040)
                              [N9:P] MOTOR_I 0 0 (0)
                              [N9:P] [undefined] 61 119 0 0 (1031208960)
2025-08-15 18:01:34:339 [IN ] C8 24 0C 18 25 A5 0C 01 31 03 CF 00 06 16 CE 25 A5 0C 01 31 05 E6 3D 77 00 50 2D 10 00 C8 24 09 0E 25 A5 09 01 31 03 CF 00 00 0D B3 25 A5 09 01 C8 24 09 0A 01 31 05 E6 3D 77 00 00 DA A5 B3 C8 
24 0C 18 25 A5 0C 01 31 03 CF 00 00 10 C8 25 A5 0C 01 31 05 E6 3D 77 00 00 DD C0 00 C8 24 09 15 25 A5 09 01 31 03 CF 00 00 0D B3 25 A5 09 01 31 05 E6 3D 77 00 00 C8 24 0C 0E 25 A5 0C 01 31 06 
81 45 FF D1 1D D8 CF 13 01 (137)
                              [N12:Z] MOTOR_I 0 6 (6)
                              [N12:Z] [undefined] 61 119 0 80 (1031209040)
                              [N9:P] MOTOR_I 0 0 (0)
                              [N9:P] [undefined] 61 119 0 0 (1031208960)
                              [N12:Z] MOTOR_I 0 0 (0)
                              [N12:Z] [undefined] 61 119 0 0 (1031208960)
                              [N9:P] MOTOR_I 0 0 (0)
                              [N12:Z] TPOS 'E' 255 209 29 216 (-3072552)
2025-08-15 18:01:34:542 [IN ] C8 24 0C 18 25 A5 0C 01 31 03 CF 00 00 10 C8 25 A5 0C 01 31 05 E6 3D 77 00 00 DD C0 00 C8 24 09 1B 00 DA A5 25 A5 09 01 31 03 CF 00 00 0D B3 25 A5 09 01 31 05 E6 3D 77 00 00 DA A5 01 C8 24 0C 
18 25 A5 0C 01 31 03 CF 00 00 10 C8 25 A5 0C 01 31 05 E6 3D 77 00 00 DD C0 00 C8 24 09 18 25 A5 09 01 31 03 CF 00 00 0D B3 25 A5 09 01 31 05 E6 3D 77 00 00 DA A5 00 (119)
                              [N12:Z] MOTOR_I 0 0 (0)
                              [N12:Z] [undefined] 61 119 0 0 (1031208960)
                              [N9:P] [undefined] 61 119 0 0 (1031208960)
                              [N9:P] MOTOR_I 0 0 (0)
                              [N9:P] [undefined] 61 119 0 0 (1031208960)
                              [N12:Z] MOTOR_I 0 0 (0)
                              [N12:Z] [undefined] 61 119 0 0 (1031208960)
                              [N9:P] MOTOR_I 0 0 (0)
                              [N9:P] [undefined] 61 119 0 0 (1031208960)
2025-08-15 18:01:34:743 [IN ] C8 24 0C 18 25 A5 0C 01 31 03 CF 00 00 10 C8 25 A5 0C 01 31 05 E6 3D 77 00 00 DD C0 00 C8 24 09 18 25 A5 09 01 31 03 CF 00 00 0D B3 25 A5 09 01 31 05 E6 3D 77 00 00 DA A5 00 C8 24 0C 18 25 A5 
0C 01 31 03 CF 00 00 10 C8 25 A5 0C 01 31 05 E6 3D 77 00 00 DD C0 00 C8 24 09 18 25 A5 09 01 31 03 CF 00 00 0D B3 25 A5 09 01 31 05 E6 3D 77 00 00 DA A5 00 (116)
                              [N12:Z] MOTOR_I 0 0 (0)
                              [N12:Z] [undefined] 61 119 0 0 (1031208960)
                              [N9:P] MOTOR_I 0 0 (0)
                              [N9:P] [undefined] 61 119 0 0 (1031208960)
                              [N12:Z] MOTOR_I 0 0 (0)
                              [N12:Z] [undefined] 61 119 0 0 (1031208960)
                              [N9:P] MOTOR_I 0 0 (0)
                              [N9:P] [undefined] 61 119 0 0 (1031208960)
2025-08-15 18:01:34:944 [IN ] C8 24 0C 18 25 A5 0C 01 31 03 CF 00 00 10 C8 25 A5 0C 01 31 05 E6 3D 77 00 00 DD C0 00 C8 24 09 18 25 A5 09 01 31 03 CF 00 00 0D B3 25 A5 09 01 31 05 E6 3D 77 00 00 DA A5 00 C8 24 0C 18 25 A5 
0C 01 31 03 CF 00 00 10 C8 25 A5 0C 01 31 05 E6 3D 77 00 00 DD C0 00 C8 24 09 18 25 A5 09 01 31 03 CF 00 00 0D B3 25 A5 09 01 31 05 E6 3D 77 00 00 DA A5 00 (116)
                              [N12:Z] MOTOR_I 0 0 (0)
                              [N12:Z] [undefined] 61 119 0 0 (1031208960)
                              [N9:P] MOTOR_I 0 0 (0)
                              [N9:P] [undefined] 61 119 0 0 (1031208960)
                              [N12:Z] MOTOR_I 0 0 (0)
                              [N12:Z] [undefined] 61 119 0 0 (1031208960)
                              [N9:P] MOTOR_I 0 0 (0)
                              [N9:P] [undefined] 61 119 0 0 (1031208960)
2025-08-15 18:01:35:146 [IN ] C8 24 0C 18 25 A5 0C 01 31 03 CF 00 00 10 C8 25 A5 0C 01 31 05 E6 3D 77 00 00 DD C0 00 C8 24 09 18 25 A5 09 01 31 03 CF 00 00 0D B3 25 A5 09 01 31 05 E6 3D 77 00 00 DA A5 00 C8 24 0C 18 25 A5 
0C 01 31 03 CF 00 00 10 C8 25 A5 0C 01 31 05 E6 3D 77 00 00 DD C0 00 C8 24 09 18 25 A5 09 01 31 03 CF 00 00 0D B3 25 A5 09 01 31 05 E6 3D 77 00 00 DA A5 00 (116)
                              [N12:Z] MOTOR_I 0 0 (0)
                              [N12:Z] [undefined] 61 119 0 0 (1031208960)
                              [N9:P] MOTOR_I 0 0 (0)
                              [N9:P] [undefined] 61 119 0 0 (1031208960)
                              [N12:Z] MOTOR_I 0 0 (0)
                              [N12:Z] [undefined] 61 119 0 0 (1031208960)
                              [N9:P] MOTOR_I 0 0 (0)
                              [N9:P] [undefined] 61 119 0 0 (1031208960)
2025-08-15 18:01:35:347 [IN ] C8 24 0C 18 25 A5 0C 01 31 03 CF 00 00 10 C8 25 A5 0C 01 31 05 E6 3D 77 00 00 DD C0 00 C8 24 09 18 25 A5 09 01 31 03 CF 00 00 0D B3 25 A5 09 01 31 05 E6 3D 77 00 00 DA A5 00 C8 24 0C 0E 25 A5 
0C 01 31 03 CF 00 00 10 C8 25 A5 0C 01 C8 24 0C 0A 01 31 05 E6 3D 77 00 00 DD C0 C8 C8 24 09 18 25 A5 09 01 31 03 CF 00 00 0D B3 25 A5 09 01 31 05 E6 3D 77 00 00 DA A5 00 (121)
                              [N12:Z] MOTOR_I 0 0 (0)
                              [N12:Z] [undefined] 61 119 0 0 (1031208960)
                              [N9:P] MOTOR_I 0 0 (0)
                              [N9:P] [undefined] 61 119 0 0 (1031208960)
                              [N12:Z] MOTOR_I 0 0 (0)
                              [N12:Z] [undefined] 61 119 0 0 (1031208960)
                              [N9:P] MOTOR_I 0 0 (0)
                              [N9:P] [undefined] 61 119 0 0 (1031208960)
2025-08-15 18:01:35:549 [IN ] C8 24 0C 18 25 A5 0C 01 31 03 CF 00 00 10 C8 25 A5 0C 01 31 05 E6 3D 77 00 00 DD C0 00 C8 24 09 18 25 A5 09 01 31 03 CF 00 00 0D B3 25 A5 09 01 31 05 E6 3D 77 00 00 DA A5 00 C8 24 0C 18 25 A5 
0C 01 31 03 CF 00 00 10 C8 25 A5 0C 01 31 05 E6 3D 77 00 00 DD C0 00 C8 24 09 18 25 A5 09 01 31 03 CF 00 00 0D B3 25 A5 09 01 31 05 E6 3D 77 00 00 DA A5 00 (116)
                              [N12:Z] MOTOR_I 0 0 (0)
                              [N12:Z] [undefined] 61 119 0 0 (1031208960)
                              [N9:P] MOTOR_I 0 0 (0)
                              [N9:P] [undefined] 61 119 0 0 (1031208960)
                              [N12:Z] MOTOR_I 0 0 (0)
                              [N12:Z] [undefined] 61 119 0 0 (1031208960)
                              [N9:P] MOTOR_I 0 0 (0)
                              [N9:P] [undefined] 61 119 0 0 (1031208960)
2025-08-15 18:01:35:750 [IN ] C8 24 0C 18 25 A5 0C 01 31 03 CF 00 00 10 C8 25 A5 0C 01 31 05 E6 3D 77 00 00 DD C0 00 C8 24 09 18 25 A5 09 01 31 03 CF 00 00 0D B3 25 A5 09 01 31 05 E6 3D 77 00 00 DA A5 00 C8 24 0C 18 25 A5 
0C 01 31 03 CF 00 00 10 C8 25 A5 0C 01 31 05 E6 3D 77 00 00 DD C0 00 C8 24 09 18 25 A5 09 01 31 03 CF 00 00 0D B3 25 A5 09 01 31 05 E6 3D 77 00 00 DA A5 00 (116)
                              [N12:Z] MOTOR_I 0 0 (0)
                              [N12:Z] [undefined] 61 119 0 0 (1031208960)
                              [N9:P] MOTOR_I 0 0 (0)
                              [N9:P] [undefined] 61 119 0 0 (1031208960)
                              [N12:Z] MOTOR_I 0 0 (0)
                              [N12:Z] [undefined] 61 119 0 0 (1031208960)
                              [N9:P] MOTOR_I 0 0 (0)
                              [N9:P] [undefined] 61 119 0 0 (1031208960)
2025-08-15 18:01:35:952 [IN ] C8 24 0C 18 25 A5 0C 01 31 03 CF 00 00 10 C8 25 A5 0C 01 31 05 E6 3D 77 00 00 DD C0 00 C8 24 09 18 25 A5 09 01 31 03 CF 00 00 0D B3 25 A5 09 01 31 05 E6 3D 77 00 00 DA A5 00 C8 24 0C 18 25 A5 
0C 01 31 03 CF 00 00 10 C8 25 A5 0C 01 31 05 E6 3D 77 00 00 DD C0 00 C8 24 09 18 25 A5 09 01 31 03 CF 00 00 0D B3 25 A5 09 01 31 05 E6 3D 77 00 00 DA A5 00 (116)
                              [N12:Z] MOTOR_I 0 0 (0)
                              [N12:Z] [undefined] 61 119 0 0 (1031208960)
                              [N9:P] MOTOR_I 0 0 (0)
                              [N9:P] [undefined] 61 119 0 0 (1031208960)
                              [N12:Z] MOTOR_I 0 0 (0)
                              [N12:Z] [undefined] 61 119 0 0 (1031208960)
                              [N9:P] MOTOR_I 0 0 (0)
                              [N9:P] [undefined] 61 119 0 0 (1031208960)
2025-08-15 18:01:36:154 [IN ] C8 24 0C 18 25 A5 0C 01 31 03 CF 00 00 10 C8 25 A5 0C 01 31 05 E6 3D 77 00 00 DD C0 00 C8 24 09 0E 25 A5 09 01 31 03 CF 00 00 0D B3 25 A5 09 01 C8 24 09 0A 01 31 05 E6 3D 77 00 00 DA A5 B3 C8 
24 0C 18 25 A5 0C 01 31 03 CF 00 00 10 C8 25 A5 0C 01 31 05 E6 3D 77 00 00 DD C0 00 C8 24 09 15 25 A5 09 01 31 03 CF 00 00 0D B3 25 A5 09 01 31 05 E6 3D 77 00 00 (118)
                              [N12:Z] MOTOR_I 0 0 (0)
                              [N12:Z] [undefined] 61 119 0 0 (1031208960)
                              [N9:P] MOTOR_I 0 0 (0)
                              [N9:P] [undefined] 61 119 0 0 (1031208960)
                              [N12:Z] MOTOR_I 0 0 (0)
                              [N12:Z] [undefined] 61 119 0 0 (1031208960)
                              [N9:P] MOTOR_I 0 0 (0)
2025-08-15 18:01:36:357 [IN ] C8 24 0C 18 25 A5 0C 01 31 03 CF 00 00 10 C8 25 A5 0C 01 31 05 E6 3D 77 00 00 DD C0 00 C8 24 09 1B 00 DA A5 25 A5 09 01 31 03 CF 00 00 0D B3 25 A5 09 01 31 05 E6 3D 77 00 00 DA A5 01 C8 24 0C 
18 25 A5 0C 01 31 03 CF 00 00 10 C8 25 A5 0C 01 31 05 E6 3D 77 00 00 DD C0 00 C8 24 09 18 25 A5 09 01 31 03 CF 00 00 0D B3 25 A5 09 01 31 05 E6 3D 77 00 00 DA A5 00 (119)
                              [N12:Z] MOTOR_I 0 0 (0)
                              [N12:Z] [undefined] 61 119 0 0 (1031208960)
                              [N9:P] [undefined] 61 119 0 0 (1031208960)
                              [N9:P] MOTOR_I 0 0 (0)
                              [N9:P] [undefined] 61 119 0 0 (1031208960)
                              [N12:Z] MOTOR_I 0 0 (0)
                              [N12:Z] [undefined] 61 119 0 0 (1031208960)
                              [N9:P] MOTOR_I 0 0 (0)
                              [N9:P] [undefined] 61 119 0 0 (1031208960)
2025-08-15 18:01:36:557 [IN ] C8 24 0C 18 25 A5 0C 01 31 03 CF 00 00 10 C8 25 A5 0C 01 31 05 E6 3D 77 00 00 DD C0 00 C8 24 09 18 25 A5 09 01 31 03 CF 00 00 0D B3 25 A5 09 01 31 05 E6 3D 77 00 00 DA A5 00 C8 24 0C 18 25 A5 
0C 01 31 03 CF 00 00 10 C8 25 A5 0C 01 31 05 E6 3D 77 00 00 DD C0 00 C8 24 09 18 25 A5 09 01 31 03 CF 00 00 0D B3 25 A5 09 01 31 05 E6 3D 77 00 00 DA A5 00 (116)
                              [N12:Z] MOTOR_I 0 0 (0)
                              [N12:Z] [undefined] 61 119 0 0 (1031208960)
                              [N9:P] MOTOR_I 0 0 (0)
                              [N9:P] [undefined] 61 119 0 0 (1031208960)
                              [N12:Z] MOTOR_I 0 0 (0)
                              [N12:Z] [undefined] 61 119 0 0 (1031208960)
                              [N9:P] MOTOR_I 0 0 (0)
                              [N9:P] [undefined] 61 119 0 0 (1031208960)
2025-08-15 18:01:36:759 [IN ] C8 24 0C 18 25 A5 0C 01 31 03 CF 00 00 10 C8 25 A5 0C 01 31 05 E6 3D 77 00 00 DD C0 00 C8 24 09 18 25 A5 09 01 31 03 CF 00 00 0D B3 25 A5 09 01 31 05 E6 3D 77 00 00 DA A5 00 C8 24 0C 18 25 A5 
0C 01 31 03 CF 00 00 10 C8 25 A5 0C 01 31 05 E6 3D 77 00 00 DD C0 00 C8 24 09 18 25 A5 09 01 31 03 CF 00 00 0D B3 25 A5 09 01 31 05 E6 3D 77 00 00 DA A5 00 (116)
                              [N12:Z] MOTOR_I 0 0 (0)
                              [N12:Z] [undefined] 61 119 0 0 (1031208960)
                              [N9:P] MOTOR_I 0 0 (0)
                              [N9:P] [undefined] 61 119 0 0 (1031208960)
                              [N12:Z] MOTOR_I 0 0 (0)
                              [N12:Z] [undefined] 61 119 0 0 (1031208960)
                              [N9:P] MOTOR_I 0 0 (0)
                              [N9:P] [undefined] 61 119 0 0 (1031208960)
2025-08-15 18:01:36:961 [IN ] C8 24 0C 18 25 A5 0C 01 31 03 CF 00 00 10 C8 25 A5 0C 01 31 05 E6 3D 77 00 00 DD C0 00 C8 24 09 18 25 A5 09 01 31 03 CF 00 00 0D B3 25 A5 09 01 31 05 E6 3D 77 00 00 DA A5 00 C8 24 0C 18 25 A5 
0C 01 31 03 CF 00 00 10 C8 25 A5 0C 01 31 05 E6 3D 77 00 00 DD C0 00 C8 24 09 18 25 A5 09 01 31 03 CF 00 00 0D B3 25 A5 09 01 31 05 E6 3D 77 00 00 DA A5 00 (116)
                              [N12:Z] MOTOR_I 0 0 (0)
                              [N12:Z] [undefined] 61 119 0 0 (1031208960)
                              [N9:P] MOTOR_I 0 0 (0)
                              [N9:P] [undefined] 61 119 0 0 (1031208960)
                              [N12:Z] MOTOR_I 0 0 (0)
                              [N12:Z] [undefined] 61 119 0 0 (1031208960)
                              [N9:P] MOTOR_I 0 0 (0)
                              [N9:P] [undefined] 61 119 0 0 (1031208960)
2025-08-15 18:01:37:163 [IN ] C8 24 0C 0E 25 A5 0C 01 31 03 CF 00 00 10 C8 25 A5 0C 01 C8 24 0C 0A 01 31 05 E6 3D 77 00 00 DD C0 C8 C8 24 09 18 25 A5 09 01 31 03 CF 00 00 0D B3 25 A5 09 01 31 05 E6 3D 77 00 00 DA A5 00 C8 
24 0C 15 25 A5 0C 01 31 03 CF 00 00 10 C8 25 A5 0C 01 31 05 E6 3D 77 00 00 C8 24 09 18 25 A5 09 01 31 03 CF 00 00 0D B3 25 A5 09 01 31 05 E6 3D 77 00 00 DA A5 00 (118)
                              [N12:Z] MOTOR_I 0 0 (0)
                              [N12:Z] [undefined] 61 119 0 0 (1031208960)
                              [N9:P] MOTOR_I 0 0 (0)
                              [N9:P] [undefined] 61 119 0 0 (1031208960)
                              [N12:Z] MOTOR_I 0 0 (0)
                              [N9:P] MOTOR_I 0 0 (0)
                              [N9:P] [undefined] 61 119 0 0 (1031208960)
2025-08-15 18:01:37:364 [IN ] C8 24 0C 1B 00 DD C0 25 A5 0C 01 31 03 CF 00 00 10 C8 25 A5 0C 01 31 05 E6 3D 77 00 00 DD C0 01 C8 24 09 18 25 A5 09 01 31 03 CF 00 00 0D B3 25 A5 09 01 31 05 E6 3D 77 00 00 DA A5 00 C8 24 0C 
18 25 A5 0C 01 31 03 CF 00 00 10 C8 25 A5 0C 01 31 05 E6 3D 77 00 00 DD C0 00 C8 24 09 18 25 A5 09 01 31 03 CF 00 00 0D B3 25 A5 09 01 31 05 E6 3D 77 00 00 DA A5 00 (119)
                              [N12:Z] [undefined] 61 119 0 0 (1031208960)
                              [N12:Z] MOTOR_I 0 0 (0)
                              [N12:Z] [undefined] 61 119 0 0 (1031208960)
                              [N9:P] MOTOR_I 0 0 (0)
                              [N9:P] [undefined] 61 119 0 0 (1031208960)
                              [N12:Z] MOTOR_I 0 0 (0)
                              [N12:Z] [undefined] 61 119 0 0 (1031208960)
                              [N9:P] MOTOR_I 0 0 (0)
                              [N9:P] [undefined] 61 119 0 0 (1031208960)
2025-08-15 18:01:37:566 [IN ] C8 24 0C 18 25 A5 0C 01 31 03 CF 00 00 10 C8 25 A5 0C 01 31 05 E6 3D 77 00 00 DD C0 00 C8 24 09 18 25 A5 09 01 31 03 CF 00 00 0D B3 25 A5 09 01 31 05 E6 3D 77 00 00 DA A5 00 C8 24 0C 18 25 A5 
0C 01 31 03 CF 00 00 10 C8 25 A5 0C 01 31 05 E6 3D 77 00 00 DD C0 00 C8 24 09 18 25 A5 09 01 31 03 CF 00 00 0D B3 25 A5 09 01 31 05 E6 3D 77 00 00 DA A5 00 (116)
                              [N12:Z] MOTOR_I 0 0 (0)
                              [N12:Z] [undefined] 61 119 0 0 (1031208960)
                              [N9:P] MOTOR_I 0 0 (0)
                              [N9:P] [undefined] 61 119 0 0 (1031208960)
                              [N12:Z] MOTOR_I 0 0 (0)
                              [N12:Z] [undefined] 61 119 0 0 (1031208960)
                              [N9:P] MOTOR_I 0 0 (0)
                              [N9:P] [undefined] 61 119 0 0 (1031208960)
2025-08-15 18:01:37:769 [IN ] C8 24 0C 18 25 A5 0C 01 31 03 CF 00 00 10 C8 25 A5 0C 01 31 05 E6 3D 77 00 00 DD C0 00 C8 24 09 18 25 A5 09 01 31 03 CF 00 00 0D B3 25 A5 09 01 31 05 E6 3D 77 00 00 DA A5 00 C8 24 0C 18 25 A5 
0C 01 31 03 CF 00 00 10 C8 25 A5 0C 01 31 05 E6 3D 77 00 00 DD C0 00 C8 24 09 0E 25 A5 09 01 31 03 CF 00 00 0D B3 25 A5 09 01 C8 24 09 0A 01 31 05 E6 3D 77 00 00 DA A5 B3 (121)
                              [N12:Z] MOTOR_I 0 0 (0)
                              [N12:Z] [undefined] 61 119 0 0 (1031208960)
                              [N9:P] MOTOR_I 0 0 (0)
                              [N9:P] [undefined] 61 119 0 0 (1031208960)
                              [N12:Z] MOTOR_I 0 0 (0)
                              [N12:Z] [undefined] 61 119 0 0 (1031208960)
                              [N9:P] MOTOR_I 0 0 (0)
                              [N9:P] [undefined] 61 119 0 0 (1031208960)
2025-08-15 18:01:37:972 [IN ] C8 24 0C 18 25 A5 0C 01 31 03 CF 00 00 10 C8 25 A5 0C 01 31 05 E6 3D 77 00 00 DD C0 00 C8 24 09 15 25 A5 09 01 31 03 CF 00 00 0D B3 25 A5 09 01 31 05 E6 3D 77 00 00 C8 24 0C 18 25 A5 0C 01 31 
03 CF 00 00 10 C8 25 A5 0C 01 31 05 E6 3D 77 00 00 DD C0 00 C8 24 09 1B 00 DA A5 25 A5 09 01 31 03 CF 00 00 0D B3 25 A5 09 01 31 05 E6 3D 77 00 00 DA A5 01 (116)
                              [N12:Z] MOTOR_I 0 0 (0)
                              [N12:Z] [undefined] 61 119 0 0 (1031208960)
                              [N9:P] MOTOR_I 0 0 (0)
                              [N12:Z] MOTOR_I 0 0 (0)
                              [N12:Z] [undefined] 61 119 0 0 (1031208960)
                              [N9:P] [undefined] 61 119 0 0 (1031208960)
                              [N9:P] MOTOR_I 0 0 (0)
                              [N9:P] [undefined] 61 119 0 0 (1031208960)
2025-08-15 18:01:38:174 [IN ] C8 24 0C 18 25 A5 0C 01 31 03 CF 00 00 10 C8 25 A5 0C 01 31 05 E6 3D 77 00 00 DD C0 00 C8 24 09 18 25 A5 09 01 31 03 CF 00 00 0D B3 25 A5 09 01 31 05 E6 3D 77 00 00 DA A5 00 C8 24 0C 18 25 A5 
0C 01 31 03 CF 00 00 10 C8 25 A5 0C 01 31 05 E6 3D 77 00 00 DD C0 00 C8 24 09 18 25 A5 09 01 31 03 CF 00 00 0D B3 25 A5 09 01 31 05 E6 3D 77 00 00 DA A5 00 (116)
                              [N12:Z] MOTOR_I 0 0 (0)
                              [N12:Z] [undefined] 61 119 0 0 (1031208960)
                              [N9:P] MOTOR_I 0 0 (0)
                              [N9:P] [undefined] 61 119 0 0 (1031208960)
                              [N12:Z] MOTOR_I 0 0 (0)
                              [N12:Z] [undefined] 61 119 0 0 (1031208960)
                              [N9:P] MOTOR_I 0 0 (0)
                              [N9:P] [undefined] 61 119 0 0 (1031208960)
2025-08-15 18:01:38:375 [IN ] C8 24 0C 18 25 A5 0C 01 31 03 CF 00 00 10 C8 25 A5 0C 01 31 05 E6 3D 77 00 00 DD C0 00 C8 24 09 18 25 A5 09 01 31 03 CF 00 00 0D B3 25 A5 09 01 31 05 E6 3D 77 00 00 DA A5 00 C8 24 0C 18 25 A5 
0C 01 31 03 CF 00 00 10 C8 25 A5 0C 01 31 05 E6 3D 77 00 00 DD C0 00 C8 24 09 18 25 A5 09 01 31 03 CF 00 00 0D B3 25 A5 09 01 31 05 E6 3D 77 00 00 DA A5 00 (116)
                              [N12:Z] MOTOR_I 0 0 (0)
                              [N12:Z] [undefined] 61 119 0 0 (1031208960)
                              [N9:P] MOTOR_I 0 0 (0)
                              [N9:P] [undefined] 61 119 0 0 (1031208960)
                              [N12:Z] MOTOR_I 0 0 (0)
                              [N12:Z] [undefined] 61 119 0 0 (1031208960)
                              [N9:P] MOTOR_I 0 0 (0)
                              [N9:P] [undefined] 61 119 0 0 (1031208960)
2025-08-15 18:01:38:577 [IN ] C8 24 0C 18 25 A5 0C 01 31 03 CF 00 00 10 C8 25 A5 0C 01 31 05 E6 3D 77 00 00 DD C0 00 C8 24 09 18 25 A5 09 01 31 03 CF 00 00 0D B3 25 A5 09 01 31 05 E6 3D 77 00 00 DA A5 00 C8 24 0C 18 25 A5 
0C 01 31 03 CF 00 00 10 C8 25 A5 0C 01 31 05 E6 3D 77 00 00 DD C0 00 C8 24 09 18 25 A5 09 01 31 03 CF 00 00 0D B3 25 A5 09 01 31 05 E6 3D 77 00 00 DA A5 00 (116)
                              [N12:Z] MOTOR_I 0 0 (0)
                              [N12:Z] [undefined] 61 119 0 0 (1031208960)
                              [N9:P] MOTOR_I 0 0 (0)
                              [N9:P] [undefined] 61 119 0 0 (1031208960)
                              [N12:Z] MOTOR_I 0 0 (0)
                              [N12:Z] [undefined] 61 119 0 0 (1031208960)
                              [N9:P] MOTOR_I 0 0 (0)
                              [N9:P] [undefined] 61 119 0 0 (1031208960)
2025-08-15 18:01:38:778 [IN ] C8 24 0C 18 25 A5 0C 01 31 03 CF 00 00 10 C8 25 A5 0C 01 31 05 E6 3D 77 00 00 DD C0 00 C8 24 09 18 25 A5 09 01 31 03 CF 00 00 0D B3 25 A5 09 01 31 05 E6 3D 77 00 00 DA A5 00 C8 24 0C 0E 25 A5 
0C 01 31 03 CF 00 00 10 C8 25 A5 0C 01 C8 24 0C 0A 01 31 05 E6 3D 77 00 00 DD C0 C8 C8 24 09 18 25 A5 09 01 31 03 CF 00 00 0D B3 25 A5 09 01 31 05 E6 3D 77 00 00 DA A5 00 (121)
                              [N12:Z] MOTOR_I 0 0 (0)
                              [N12:Z] [undefined] 61 119 0 0 (1031208960)
                              [N9:P] MOTOR_I 0 0 (0)
                              [N9:P] [undefined] 61 119 0 0 (1031208960)
                              [N12:Z] MOTOR_I 0 0 (0)
                              [N12:Z] [undefined] 61 119 0 0 (1031208960)
                              [N9:P] MOTOR_I 0 0 (0)
                              [N9:P] [undefined] 61 119 0 0 (1031208960)
2025-08-15 18:01:38:981 [IN ] C8 24 0C 15 25 A5 0C 01 31 03 CF 00 00 10 C8 25 A5 0C 01 31 05 E6 3D 77 00 00 C8 24 09 18 25 A5 09 01 31 03 CF 00 00 0D B3 25 A5 09 01 31 05 E6 3D 77 00 00 DA A5 00 C8 24 0C 1B 00 DD C0 25 A5 
0C 01 31 03 CF 00 00 10 C8 25 A5 0C 01 31 05 E6 3D 77 00 00 DD C0 01 C8 24 09 18 25 A5 09 01 31 03 CF 00 00 0D B3 25 A5 09 01 31 05 E6 3D 77 00 00 DA A5 00 (116)
                              [N12:Z] MOTOR_I 0 0 (0)
                              [N9:P] MOTOR_I 0 0 (0)
                              [N9:P] [undefined] 61 119 0 0 (1031208960)
                              [N12:Z] [undefined] 61 119 0 0 (1031208960)
                              [N12:Z] MOTOR_I 0 0 (0)
                              [N12:Z] [undefined] 61 119 0 0 (1031208960)
                              [N9:P] MOTOR_I 0 0 (0)
                              [N9:P] [undefined] 61 119 0 0 (1031208960)
2025-08-15 18:01:39:183 [IN ] C8 24 0C 18 25 A5 0C 01 31 03 CF 00 00 10 C8 25 A5 0C 01 31 05 E6 3D 77 00 00 DD C0 00 C8 24 09 18 25 A5 09 01 31 03 CF 00 00 0D B3 25 A5 09 01 31 05 E6 3D 77 00 00 DA A5 00 C8 24 0C 18 25 A5 
0C 01 31 03 CF 00 00 10 C8 25 A5 0C 01 31 05 E6 3D 77 00 00 DD C0 00 C8 24 09 18 25 A5 09 01 31 03 CF 00 00 0D B3 25 A5 09 01 31 05 E6 3D 77 00 00 DA A5 00 (116)
                              [N12:Z] MOTOR_I 0 0 (0)
                              [N12:Z] [undefined] 61 119 0 0 (1031208960)
                              [N9:P] MOTOR_I 0 0 (0)
                              [N9:P] [undefined] 61 119 0 0 (1031208960)
                              [N12:Z] MOTOR_I 0 0 (0)
                              [N12:Z] [undefined] 61 119 0 0 (1031208960)
                              [N9:P] MOTOR_I 0 0 (0)
                              [N9:P] [undefined] 61 119 0 0 (1031208960)
2025-08-15 18:01:39:384 [IN ] C8 24 0C 18 25 A5 0C 01 31 03 CF 00 00 10 C8 25 A5 0C 01 31 05 E6 3D 77 00 00 DD C0 00 C8 24 09 18 25 A5 09 01 31 03 CF 00 00 0D B3 25 A5 09 01 31 05 E6 3D 77 00 00 DA A5 00 C8 24 0C 18 25 A5 
0C 01 31 03 CF 00 00 10 C8 25 A5 0C 01 31 05 E6 3D 77 00 00 DD C0 00 C8 24 09 18 25 A5 09 01 31 03 CF 00 00 0D B3 25 A5 09 01 31 05 E6 3D 77 00 00 DA A5 00 (116)
                              [N12:Z] MOTOR_I 0 0 (0)
                              [N12:Z] [undefined] 61 119 0 0 (1031208960)
                              [N9:P] MOTOR_I 0 0 (0)
                              [N9:P] [undefined] 61 119 0 0 (1031208960)
                              [N12:Z] MOTOR_I 0 0 (0)
                              [N12:Z] [undefined] 61 119 0 0 (1031208960)
                              [N9:P] MOTOR_I 0 0 (0)
                              [N9:P] [undefined] 61 119 0 0 (1031208960)
2025-08-15 18:01:39:586 [IN ] C8 24 0C 18 25 A5 0C 01 31 03 CF 00 00 10 C8 25 A5 0C 01 31 05 E6 3D 77 00 00 DD C0 00 C8 24 09 0E 25 A5 09 01 31 03 CF 00 00 0D B3 25 A5 09 01 C8 24 09 0A 01 31 05 E6 3D 77 00 00 DA A5 B3 C8 
24 0C 18 25 A5 0C 01 31 03 CF 00 00 10 C8 25 A5 0C 01 31 05 E6 3D 77 00 00 DD C0 00 C8 24 09 15 25 A5 09 01 31 03 CF 00 00 0D B3 25 A5 09 01 31 05 E6 3D 77 00 00 (118)
                              [N12:Z] MOTOR_I 0 0 (0)
                              [N12:Z] [undefined] 61 119 0 0 (1031208960)
                              [N9:P] MOTOR_I 0 0 (0)
                              [N9:P] [undefined] 61 119 0 0 (1031208960)
                              [N12:Z] MOTOR_I 0 0 (0)
                              [N12:Z] [undefined] 61 119 0 0 (1031208960)
                              [N9:P] MOTOR_I 0 0 (0)
2025-08-15 18:01:39:788 [IN ] C8 24 0C 18 25 A5 0C 01 31 03 CF 00 00 10 C8 25 A5 0C 01 31 05 E6 3D 77 00 00 DD C0 00 C8 24 09 1B 00 DA A5 25 A5 09 01 31 03 CF 00 00 0D B3 25 A5 09 01 31 05 E6 3D 77 00 00 DA A5 01 C8 24 0C 
18 25 A5 0C 01 31 03 CF 00 00 10 C8 25 A5 0C 01 31 05 E6 3D 77 00 00 DD C0 00 C8 24 09 18 25 A5 09 01 31 03 CF 00 00 0D B3 25 A5 09 01 31 05 E6 3D 77 00 00 DA A5 00 (119)
                              [N12:Z] MOTOR_I 0 0 (0)
                              [N12:Z] [undefined] 61 119 0 0 (1031208960)
                              [N9:P] [undefined] 61 119 0 0 (1031208960)
                              [N9:P] MOTOR_I 0 0 (0)
                              [N9:P] [undefined] 61 119 0 0 (1031208960)
                              [N12:Z] MOTOR_I 0 0 (0)
                              [N12:Z] [undefined] 61 119 0 0 (1031208960)
                              [N9:P] MOTOR_I 0 0 (0)
                              [N9:P] [undefined] 61 119 0 0 (1031208960)
2025-08-15 18:01:39:990 [IN ] C8 24 0C 18 25 A5 0C 01 31 03 CF 00 00 10 C8 25 A5 0C 01 31 05 E6 3D 77 00 00 DD C0 00 C8 24 09 18 25 A5 09 01 31 03 CF 00 00 0D B3 25 A5 09 01 31 05 E6 3D 77 00 00 DA A5 00 C8 24 0C 18 25 A5 
0C 01 31 03 CF 00 00 10 C8 25 A5 0C 01 31 05 E6 3D 77 00 00 DD C0 00 C8 24 09 18 25 A5 09 01 31 03 CF 00 00 0D B3 25 A5 09 01 31 05 E6 3D 77 00 00 DA A5 00 (116)
                              [N12:Z] MOTOR_I 0 0 (0)
                              [N12:Z] [undefined] 61 119 0 0 (1031208960)
                              [N9:P] MOTOR_I 0 0 (0)
                              [N9:P] [undefined] 61 119 0 0 (1031208960)
                              [N12:Z] MOTOR_I 0 0 (0)
                              [N12:Z] [undefined] 61 119 0 0 (1031208960)
                              [N9:P] MOTOR_I 0 0 (0)
                              [N9:P] [undefined] 61 119 0 0 (1031208960)
2025-08-15 18:01:40:191 [IN ] C8 24 0C 18 25 A5 0C 01 31 03 CF 00 00 10 C8 25 A5 0C 01 31 05 E6 3D 77 00 00 DD C0 00 C8 24 09 18 25 A5 09 01 31 03 CF 00 00 0D B3 25 A5 09 01 31 05 E6 3D 77 00 00 DA A5 00 C8 24 0C 18 25 A5 
0C 01 31 03 CF 00 00 10 C8 25 A5 0C 01 31 05 E6 3D 77 00 00 DD C0 00 C8 24 09 18 25 A5 09 01 31 03 CF 00 00 0D B3 25 A5 09 01 31 05 E6 3D 77 00 00 DA A5 00 (116)
                              [N12:Z] MOTOR_I 0 0 (0)
                              [N12:Z] [undefined] 61 119 0 0 (1031208960)
                              [N9:P] MOTOR_I 0 0 (0)
                              [N9:P] [undefined] 61 119 0 0 (1031208960)
                              [N12:Z] MOTOR_I 0 0 (0)
                              [N12:Z] [undefined] 61 119 0 0 (1031208960)
                              [N9:P] MOTOR_I 0 0 (0)
                              [N9:P] [undefined] 61 119 0 0 (1031208960)
2025-08-15 18:01:40:392 [IN ] C8 24 0C 18 25 A5 0C 01 31 03 CF 00 00 10 C8 25 A5 0C 01 31 05 E6 3D 77 00 00 DD C0 00 C8 24 09 18 25 A5 09 01 31 03 CF 00 00 0D B3 25 A5 09 01 31 05 E6 3D 77 00 00 DA A5 00 C8 24 0C 18 25 A5 
0C 01 31 03 CF 00 00 10 C8 25 A5 0C 01 31 05 E6 3D 77 00 00 DD C0 00 C8 24 09 18 25 A5 09 01 31 03 CF 00 00 0D B3 25 A5 09 01 31 05 E6 3D 77 00 00 DA A5 00 (116)
                              [N12:Z] MOTOR_I 0 0 (0)
                              [N12:Z] [undefined] 61 119 0 0 (1031208960)
                              [N9:P] MOTOR_I 0 0 (0)
                              [N9:P] [undefined] 61 119 0 0 (1031208960)
                              [N12:Z] MOTOR_I 0 0 (0)
                              [N12:Z] [undefined] 61 119 0 0 (1031208960)
                              [N9:P] MOTOR_I 0 0 (0)
                              [N9:P] [undefined] 61 119 0 0 (1031208960)
2025-08-15 18:01:40:595 [IN ] C8 24 0C 0E 25 A5 0C 01 31 03 CF 00 00 10 C8 25 A5 0C 01 C8 24 0C 0A 01 31 05 E6 3D 77 00 00 DD C0 C8 C8 24 09 18 25 A5 09 01 31 03 CF 00 00 0D B3 25 A5 09 01 31 05 E6 3D 77 00 00 DA A5 00 C8 
24 0C 15 25 A5 0C 01 31 03 CF 00 00 10 C8 25 A5 0C 01 31 05 E6 3D 77 00 00 C8 24 09 18 25 A5 09 01 31 03 CF 00 00 0D B3 25 A5 09 01 31 05 E6 3D 77 00 00 DA A5 00 (118)
                              [N12:Z] MOTOR_I 0 0 (0)
                              [N12:Z] [undefined] 61 119 0 0 (1031208960)
                              [N9:P] MOTOR_I 0 0 (0)
                              [N9:P] [undefined] 61 119 0 0 (1031208960)
                              [N12:Z] MOTOR_I 0 0 (0)
                              [N9:P] MOTOR_I 0 0 (0)
                              [N9:P] [undefined] 61 119 0 0 (1031208960)
2025-08-15 18:01:40:797 [IN ] C8 24 0C 1B 00 DD C0 25 A5 0C 01 31 03 CF 00 00 10 C8 25 A5 0C 01 31 05 E6 3D 77 00 00 DD C0 01 C8 24 09 18 25 A5 09 01 31 03 CF 00 00 0D B3 25 A5 09 01 31 05 E6 3D 77 00 00 DA A5 00 C8 24 0C 
18 25 A5 0C 01 31 03 CF 00 00 10 C8 25 A5 0C 01 31 05 E6 3D 77 00 00 DD C0 00 C8 24 09 18 25 A5 09 01 31 03 CF 00 00 0D B3 25 A5 09 01 31 05 E6 3D 77 00 00 DA A5 00 (119)
                              [N12:Z] [undefined] 61 119 0 0 (1031208960)
                              [N12:Z] MOTOR_I 0 0 (0)
                              [N12:Z] [undefined] 61 119 0 0 (1031208960)
                              [N9:P] MOTOR_I 0 0 (0)
                              [N9:P] [undefined] 61 119 0 0 (1031208960)
                              [N12:Z] MOTOR_I 0 0 (0)
                              [N12:Z] [undefined] 61 119 0 0 (1031208960)
                              [N9:P] MOTOR_I 0 0 (0)
                              [N9:P] [undefined] 61 119 0 0 (1031208960)
2025-08-15 18:01:40:999 [IN ] C8 24 0C 18 25 A5 0C 01 31 03 CF 00 00 10 C8 25 A5 0C 01 31 05 E6 3D 77 00 00 DD C0 00 C8 24 09 18 25 A5 09 01 31 03 CF 00 00 0D B3 25 A5 09 01 31 05 E6 3D 77 00 00 DA A5 00 C8 24 0C 18 25 A5 
0C 01 31 03 CF 00 00 10 C8 25 A5 0C 01 31 05 E6 3D 77 00 00 DD C0 00 C8 24 09 18 25 A5 09 01 31 03 CF 00 00 0D B3 25 A5 09 01 31 05 E6 3D 77 00 00 DA A5 00 (116)
                              [N12:Z] MOTOR_I 0 0 (0)
                              [N12:Z] [undefined] 61 119 0 0 (1031208960)
                              [N9:P] MOTOR_I 0 0 (0)
                              [N9:P] [undefined] 61 119 0 0 (1031208960)
                              [N12:Z] MOTOR_I 0 0 (0)
                              [N12:Z] [undefined] 61 119 0 0 (1031208960)
                              [N9:P] MOTOR_I 0 0 (0)
                              [N9:P] [undefined] 61 119 0 0 (1031208960)
2025-08-15 18:01:41:200 [IN ] C8 24 0C 18 25 A5 0C 01 31 03 CF 00 00 10 C8 25 A5 0C 01 31 05 E6 3D 77 00 00 DD C0 00 C8 24 09 18 25 A5 09 01 31 03 CF 00 00 0D B3 25 A5 09 01 31 05 E6 3D 77 00 00 DA A5 00 C8 24 0C 18 25 A5 
0C 01 31 03 CF 00 00 10 C8 25 A5 0C 01 31 05 E6 3D 77 00 00 DD C0 00 C8 24 09 0E 25 A5 09 01 31 03 CF 00 00 0D B3 25 A5 09 01 C8 24 09 0A 01 31 05 E6 3D 77 00 00 DA A5 B3 (121)
                              [N12:Z] MOTOR_I 0 0 (0)
                              [N12:Z] [undefined] 61 119 0 0 (1031208960)
                              [N9:P] MOTOR_I 0 0 (0)
                              [N9:P] [undefined] 61 119 0 0 (1031208960)
                              [N12:Z] MOTOR_I 0 0 (0)
                              [N12:Z] [undefined] 61 119 0 0 (1031208960)
                              [N9:P] MOTOR_I 0 0 (0)
                              [N9:P] [undefined] 61 119 0 0 (1031208960)
2025-08-15 18:01:41:404 [IN ] C8 24 0C 18 25 A5 0C 01 31 03 CF 00 00 10 C8 25 A5 0C 01 31 05 E6 3D 77 00 00 DD C0 00 C8 24 09 15 25 A5 09 01 31 03 CF 00 00 0D B3 25 A5 09 01 31 05 E6 3D 77 00 00 C8 24 0C 18 25 A5 0C 01 31 
03 CF 00 00 10 C8 25 A5 0C 01 31 05 E6 3D 77 00 00 DD C0 00 C8 24 09 1B 00 DA A5 25 A5 09 01 31 03 CF 00 00 0D B3 25 A5 09 01 31 05 E6 3D 77 00 00 DA A5 01 (116)
                              [N12:Z] MOTOR_I 0 0 (0)
                              [N12:Z] [undefined] 61 119 0 0 (1031208960)
                              [N9:P] MOTOR_I 0 0 (0)
                              [N12:Z] MOTOR_I 0 0 (0)
                              [N12:Z] [undefined] 61 119 0 0 (1031208960)
                              [N9:P] [undefined] 61 119 0 0 (1031208960)
                              [N9:P] MOTOR_I 0 0 (0)
                              [N9:P] [undefined] 61 119 0 0 (1031208960)
2025-08-15 18:01:41:605 [IN ] C8 24 0C 18 25 A5 0C 01 31 03 CF 00 00 10 C8 25 A5 0C 01 31 05 E6 3D 77 00 00 DD C0 00 C8 24 05 0E 25 A5 05 01 31 06 81 45 00 19 85 8E 2F 2F 01 C8 24 09 18 25 A5 09 01 31 03 CF 00 00 0D B3 25 
A5 09 01 31 05 E6 3D 77 00 00 DA A5 00 C8 24 0C 18 25 A5 0C 01 31 03 CF 00 00 10 C8 25 A5 0C 01 31 05 E6 3D 77 00 00 DD C0 00 C8 24 08 0E 25 A5 08 01 31 06 81 45 FF DC 74 6A BF 4C 01 C8 24 09 
18 25 A5 09 01 31 03 CF 00 00 0D B3 25 A5 09 01 31 05 E6 3D 77 00 00 DA A5 00 (154)
                              [N12:Z] MOTOR_I 0 0 (0)
                              [N12:Z] [undefined] 61 119 0 0 (1031208960)
                              [N5:V] TPOS 'E' 0 25 133 142 (1672590)
                              [N9:P] MOTOR_I 0 0 (0)
                              [N9:P] [undefined] 61 119 0 0 (1031208960)
                              [N12:Z] MOTOR_I 0 0 (0)
                              [N12:Z] [undefined] 61 119 0 0 (1031208960)
                              [N8:R] TPOS 'E' 255 220 116 106 (-2329494)
                              [N9:P] MOTOR_I 0 0 (0)
                              [N9:P] [undefined] 61 119 0 0 (1031208960)
2025-08-15 18:01:41:811 [IN ] C8 24 0C 18 25 A5 0C 01 31 03 CF 00 00 10 C8 25 A5 0C 01 31 05 E6 3D 77 00 00 DD C0 00 C8 24 09 18 25 A5 09 01 31 03 CF 00 00 0D B3 25 A5 09 01 31 05 E6 3D 77 00 00 DA A5 00 C8 24 0C 18 25 A5 
0C 01 31 03 CF 00 00 10 C8 25 A5 0C 01 31 05 E6 3D 77 00 00 DD C0 00 C8 24 09 18 25 A5 09 01 31 03 CF 00 00 0D B3 25 A5 09 01 31 05 E6 3D 77 00 00 DA A5 00 (116)
                              [N12:Z] MOTOR_I 0 0 (0)
                              [N12:Z] [undefined] 61 119 0 0 (1031208960)
                              [N9:P] MOTOR_I 0 0 (0)
                              [N9:P] [undefined] 61 119 0 0 (1031208960)
                              [N12:Z] MOTOR_I 0 0 (0)
                              [N12:Z] [undefined] 61 119 0 0 (1031208960)
                              [N9:P] MOTOR_I 0 0 (0)
                              [N9:P] [undefined] 61 119 0 0 (1031208960)
2025-08-15 18:01:42:012 [IN ] C8 24 0C 18 25 A5 0C 01 31 03 CF 00 00 10 C8 25 A5 0C 01 31 05 E6 3D 77 00 00 DD C0 00 C8 24 09 18 25 A5 09 01 31 03 CF 00 00 0D B3 25 A5 09 01 31 05 E6 3D 77 00 00 DA A5 00 C8 24 0C 18 25 A5 
0C 01 31 03 CF 00 00 10 C8 25 A5 0C 01 31 05 E6 3D 77 00 00 DD C0 00 C8 24 09 18 25 A5 09 01 31 03 CF 00 00 0D B3 25 A5 09 01 31 05 E6 3D 77 00 00 DA A5 00 (116)
                              [N12:Z] MOTOR_I 0 0 (0)
                              [N12:Z] [undefined] 61 119 0 0 (1031208960)
                              [N9:P] MOTOR_I 0 0 (0)
                              [N9:P] [undefined] 61 119 0 0 (1031208960)
                              [N12:Z] MOTOR_I 0 0 (0)
                              [N12:Z] [undefined] 61 119 0 0 (1031208960)
                              [N9:P] MOTOR_I 0 0 (0)
                              [N9:P] [undefined] 61 119 0 0 (1031208960)
2025-08-15 18:01:42:034 [OUT] 25 A5 01 05 31 05 81 00 0D 03 C1 8E 19 (13)
                              [N5:V] TPOS 0 13 3 193 (852929)
2025-08-15 18:01:42:056 [OUT] 25 A5 01 08 31 05 81 FF EE 15 56 18 89 (13)
                              [N8:R] TPOS 255 238 21 86 (-1174186)
2025-08-15 18:01:42:077 [IN ] C8 24 0C 18 25 A5 0C 01 31 03 CF 00 00 10 C8 25 A5 0C 01 31 05 E6 3D 77 00 00 DD C0 00 (29)
                              [N12:Z] MOTOR_I 0 0 (0)
                              [N12:Z] [undefined] 61 119 0 0 (1031208960)
2025-08-15 18:01:42:099 [IN ] C8 24 09 18 25 A5 09 01 31 03 CF 00 00 0D B3 25 A5 09 01 31 05 E6 3D 77 00 00 DA A5 00 (29)
                              [N9:P] MOTOR_I 0 0 (0)
                              [N9:P] [undefined] 61 119 0 0 (1031208960)
2025-08-15 18:01:42:141 [IN ] C8 24 0C 0E 25 A5 0C 01 31 03 CF 00 00 10 C8 25 A5 0C 01 (19)
                              [N12:Z] MOTOR_I 0 0 (0)
2025-08-15 18:01:42:162 [IN ] C8 24 0C 0A 01 31 05 E6 3D 77 00 00 DD C0 C8 (15)
                              [N12:Z] [undefined] 61 119 0 0 (1031208960)
2025-08-15 18:01:42:204 [IN ] C8 24 09 18 25 A5 09 01 31 03 CF 00 00 0D B3 25 A5 09 01 31 05 E6 3D 77 00 00 DA A5 00 (29)
                              [N9:P] MOTOR_I 0 0 (0)
                              [N9:P] [undefined] 61 119 0 0 (1031208960)
2025-08-15 18:01:42:225 [IN ] C8 24 05 0E 25 A5 05 01 31 06 81 53 00 19 85 8E 3D 75 01 (19)
                              [N5:V] TPOS 'S' 0 25 133 142 (1672590)
2025-08-15 18:01:42:246 [IN ] C8 24 0C 15 25 A5 0C 01 31 03 CF 00 00 10 C8 25 A5 0C 01 31 05 E6 3D 77 00 00 (26)
                              [N12:Z] MOTOR_I 0 0 (0)
2025-08-15 18:01:42:288 [IN ] C8 24 09 18 25 A5 09 01 31 03 CF 00 00 0D B3 25 A5 09 01 31 05 E6 3D 77 00 00 DA A5 00 (29)
                              [N9:P] MOTOR_I 0 0 (0)
                              [N9:P] [undefined] 61 119 0 0 (1031208960)
2025-08-15 18:01:42:330 [IN ] C8 24 08 0E 25 A5 08 01 31 06 81 53 FF (13)
2025-08-15 18:01:42:353 [IN ] DC 74 6C CF 94 01 C8 24 0C 1B 00 DD C0 25 A5 0C 01 31 03 CF 00 00 10 C8 25 A5 0C 01 31 05 E6 3D 77 00 00 DD C0 01 (38)
                              [N8:R] TPOS 'S' 255 220 116 108 (-2329492)
                              [N12:Z] [undefined] 61 119 0 0 (1031208960)
                              [N12:Z] MOTOR_I 0 0 (0)
                              [N12:Z] [undefined] 61 119 0 0 (1031208960)
2025-08-15 18:01:42:554 [IN ] C8 24 09 18 25 A5 09 01 31 03 CF 00 00 0D B3 25 A5 09 01 31 05 E6 3D 77 00 00 DA A5 00 C8 24 0C 18 25 A5 0C 01 31 03 CF 00 00 10 C8 25 A5 0C 01 31 05 E6 3D 77 00 00 DD C0 00 C8 24 09 18 25 A5 
09 01 31 03 CF 00 00 0D B3 25 A5 09 01 31 05 E6 3D 77 00 00 DA A5 00 C8 24 0C 18 25 A5 0C 01 31 03 CF 00 00 10 C8 25 A5 0C 01 31 05 E6 3D 77 00 00 DD C0 00 (116)
                              [N9:P] MOTOR_I 0 0 (0)
                              [N9:P] [undefined] 61 119 0 0 (1031208960)
                              [N12:Z] MOTOR_I 0 0 (0)
                              [N12:Z] [undefined] 61 119 0 0 (1031208960)
                              [N9:P] MOTOR_I 0 0 (0)
                              [N9:P] [undefined] 61 119 0 0 (1031208960)
                              [N12:Z] MOTOR_I 0 0 (0)
                              [N12:Z] [undefined] 61 119 0 0 (1031208960)
2025-08-15 18:01:42:755 [IN ] C8 24 09 18 25 A5 09 01 31 03 CF 00 00 0D B3 25 A5 09 01 31 05 E6 3D 77 00 00 DA A5 00 C8 24 0C 18 25 A5 0C 01 31 03 CF 00 00 10 C8 25 A5 0C 01 31 05 E6 3D 77 00 00 DD C0 00 C8 24 09 18 25 A5 
09 01 31 03 CF 00 00 0D B3 25 A5 09 01 31 05 E6 3D 77 00 00 DA A5 00 C8 24 0C 18 25 A5 0C 01 31 03 CF 00 00 10 C8 25 A5 0C 01 31 05 E6 3D 77 00 00 DD C0 00 (116)
                              [N9:P] MOTOR_I 0 0 (0)
                              [N9:P] [undefined] 61 119 0 0 (1031208960)
                              [N12:Z] MOTOR_I 0 0 (0)
                              [N12:Z] [undefined] 61 119 0 0 (1031208960)
                              [N9:P] MOTOR_I 0 0 (0)
                              [N9:P] [undefined] 61 119 0 0 (1031208960)
                              [N12:Z] MOTOR_I 0 0 (0)
                              [N12:Z] [undefined] 61 119 0 0 (1031208960)
2025-08-15 18:01:42:957 [IN ] C8 24 09 18 25 A5 09 01 31 03 CF 00 00 0D B3 25 A5 09 01 31 05 E6 3D 77 00 00 DA A5 00 C8 24 0C 18 25 A5 0C 01 31 03 CF 00 00 10 C8 25 A5 0C 01 31 05 E6 3D 77 00 00 DD C0 00 C8 24 09 18 25 A5 
09 01 31 03 CF 00 00 0D B3 25 A5 09 01 31 05 E6 3D 77 00 00 DA A5 00 C8 24 0C 18 25 A5 0C 01 31 03 CF 00 00 10 C8 25 A5 0C 01 31 05 E6 3D 77 00 00 DD C0 00 (116)
                              [N9:P] MOTOR_I 0 0 (0)
                              [N9:P] [undefined] 61 119 0 0 (1031208960)
                              [N12:Z] MOTOR_I 0 0 (0)
                              [N12:Z] [undefined] 61 119 0 0 (1031208960)
                              [N9:P] MOTOR_I 0 0 (0)
                              [N9:P] [undefined] 61 119 0 0 (1031208960)
                              [N12:Z] MOTOR_I 0 0 (0)
                              [N12:Z] [undefined] 61 119 0 0 (1031208960)
2025-08-15 18:01:43:158 [IN ] C8 24 09 0E 25 A5 09 01 31 03 CF 00 00 0D B3 25 A5 09 01 C8 24 09 0A 01 31 05 E6 3D 77 00 00 DA A5 B3 C8 24 0C 18 25 A5 0C 01 31 03 CF 00 00 10 C8 25 A5 0C 01 31 05 E6 3D 77 00 00 DD C0 00 C8 
24 09 18 25 A5 09 01 31 03 CF 00 00 0D B3 25 A5 09 01 31 05 E6 3D 77 00 00 DA A5 00 (92)
                              [N9:P] MOTOR_I 0 0 (0)
                              [N9:P] [undefined] 61 119 0 0 (1031208960)
                              [N12:Z] MOTOR_I 0 0 (0)
                              [N12:Z] [undefined] 61 119 0 0 (1031208960)
                              [N9:P] MOTOR_I 0 0 (0)
                              [N9:P] [undefined] 61 119 0 0 (1031208960)
2025-08-15 18:01:43:360 [IN ] C8 24 0C 18 25 A5 0C 01 31 03 CF 00 00 10 C8 25 A5 0C 01 31 05 E6 3D 77 00 00 DD C0 00 C8 24 09 18 25 A5 09 01 31 03 CF 00 00 0D B3 25 A5 09 01 31 05 E6 3D 77 00 00 DA A5 00 C8 24 0C 18 25 A5 
0C 01 31 03 CF 00 00 10 C8 25 A5 0C 01 31 05 E6 3D 77 00 00 DD C0 00 C8 24 09 18 25 A5 09 01 31 03 CF 00 00 0D B3 25 A5 09 01 31 05 E6 3D 77 00 00 DA A5 00 C8 24 0C 18 25 A5 0C 01 31 03 CF 00 
00 10 C8 25 A5 0C 01 31 05 (137)
                              [N12:Z] MOTOR_I 0 0 (0)
                              [N12:Z] [undefined] 61 119 0 0 (1031208960)
                              [N9:P] MOTOR_I 0 0 (0)
                              [N9:P] [undefined] 61 119 0 0 (1031208960)
                              [N12:Z] MOTOR_I 0 0 (0)
                              [N12:Z] [undefined] 61 119 0 0 (1031208960)
                              [N9:P] MOTOR_I 0 0 (0)
                              [N9:P] [undefined] 61 119 0 0 (1031208960)
2025-08-15 18:01:43:562 [IN ] E6 3D 77 00 00 DD C0 00 C8 24 09 18 25 A5 09 01 31 03 CF 00 00 0D B3 25 A5 09 01 31 05 E6 3D 77 00 00 DA A5 00 C8 24 0C 18 25 A5 0C 01 31 03 CF 00 00 10 C8 25 A5 0C 01 31 05 E6 3D 77 00 00 DD 
C0 00 C8 24 09 18 25 A5 09 01 31 03 CF 00 00 0D B3 25 A5 09 01 31 05 E6 3D 77 00 00 DA A5 00 C8 24 0C 18 25 A5 0C 01 31 03 CF 00 00 10 C8 25 A5 0C 01 31 05 E6 3D 77 00 00 DD C0 00 (124)
                              [N12:Z] MOTOR_I 0 0 (0)
                              [N12:Z] [undefined] 61 119 0 0 (1031208960)
                              [N9:P] MOTOR_I 0 0 (0)
                              [N9:P] [undefined] 61 119 0 0 (1031208960)
                              [N12:Z] MOTOR_I 0 0 (0)
                              [N12:Z] [undefined] 61 119 0 0 (1031208960)
                              [N9:P] MOTOR_I 0 0 (0)
                              [N9:P] [undefined] 61 119 0 0 (1031208960)
                              [N12:Z] MOTOR_I 0 0 (0)
                              [N12:Z] [undefined] 61 119 0 0 (1031208960)
2025-08-15 18:01:43:765 [IN ] C8 24 09 18 25 A5 09 01 31 03 CF 00 00 0D B3 25 A5 09 01 31 05 E6 3D 77 00 00 DA A5 00 C8 24 0C 18 25 A5 0C 01 31 03 CF 00 00 10 C8 25 A5 0C 01 31 05 E6 3D 77 00 00 DD C0 00 C8 24 09 18 25 A5 
09 01 31 03 CF 00 00 0D B3 25 A5 09 01 31 05 E6 3D 77 00 00 DA A5 00 (87)
                              [N9:P] MOTOR_I 0 0 (0)
                              [N9:P] [undefined] 61 119 0 0 (1031208960)
                              [N12:Z] MOTOR_I 0 0 (0)
                              [N12:Z] [undefined] 61 119 0 0 (1031208960)
                              [N9:P] MOTOR_I 0 0 (0)
                              [N9:P] [undefined] 61 119 0 0 (1031208960)
2025-08-15 18:01:43:966 [IN ] C8 24 0C 18 25 A5 0C 01 31 03 CF 00 00 10 C8 25 A5 0C 01 31 05 E6 3D 77 00 00 DD C0 00 C8 24 09 18 25 A5 09 01 31 03 CF 00 00 0D B3 25 A5 09 01 31 05 E6 3D 77 00 00 DA A5 00 C8 24 0C 18 25 A5 
0C 01 31 03 CF 00 00 10 C8 25 A5 0C 01 31 05 E6 3D 77 00 00 DD C0 00 C8 24 09 18 25 A5 09 01 31 03 CF 00 00 0D B3 25 A5 09 01 31 05 E6 3D 77 00 00 DA A5 00 C8 24 0C 0E 25 A5 0C 01 31 03 CF 00 
00 10 C8 25 A5 0C 01 (135)
                              [N12:Z] MOTOR_I 0 0 (0)
                              [N12:Z] [undefined] 61 119 0 0 (1031208960)
                              [N9:P] MOTOR_I 0 0 (0)
                              [N9:P] [undefined] 61 119 0 0 (1031208960)
                              [N12:Z] MOTOR_I 0 0 (0)
                              [N12:Z] [undefined] 61 119 0 0 (1031208960)
                              [N9:P] MOTOR_I 0 0 (0)
                              [N9:P] [undefined] 61 119 0 0 (1031208960)
                              [N12:Z] MOTOR_I 0 0 (0)
2025-08-15 18:01:44:168 [IN ] C8 24 0C 0A 01 31 05 E6 3D 77 00 00 DD C0 C8 C8 24 09 18 25 A5 09 01 31 03 CF 00 00 0D B3 25 A5 09 01 31 05 E6 3D 77 00 00 DA A5 00 C8 24 0C 18 25 A5 0C 01 31 03 CF 00 00 10 C8 25 A5 0C 01 31 
05 E6 3D 77 00 00 DD C0 00 C8 24 09 18 25 A5 09 01 31 03 CF 00 00 0D B3 25 A5 09 01 31 05 E6 3D 77 00 00 DA A5 00 C8 24 0C 18 25 A5 0C 01 31 03 CF 00 00 10 C8 25 A5 0C 01 31 05 E6 3D 77 00 00 
DD C0 00 (131)
                              [N12:Z] [undefined] 61 119 0 0 (1031208960)
                              [N9:P] MOTOR_I 0 0 (0)
                              [N9:P] [undefined] 61 119 0 0 (1031208960)
                              [N12:Z] MOTOR_I 0 0 (0)
                              [N12:Z] [undefined] 61 119 0 0 (1031208960)
                              [N9:P] MOTOR_I 0 0 (0)
                              [N9:P] [undefined] 61 119 0 0 (1031208960)
                              [N12:Z] MOTOR_I 0 0 (0)
                              [N12:Z] [undefined] 61 119 0 0 (1031208960)
2025-08-15 18:01:44:369 [IN ] C8 24 09 18 25 A5 09 01 31 03 CF 00 00 0D B3 25 A5 09 01 31 05 E6 3D 77 00 00 DA A5 00 C8 24 0C 18 25 A5 0C 01 31 03 CF 00 00 10 C8 25 A5 0C 01 31 05 E6 3D 77 00 00 DD C0 00 C8 24 09 18 25 A5 
09 01 31 03 CF 00 00 0D B3 25 A5 09 01 31 05 E6 3D 77 00 00 DA A5 00 C8 24 0C 18 25 A5 0C 01 31 03 CF 00 00 10 C8 25 A5 0C 01 31 05 E6 3D 77 00 00 DD C0 00 (116)
                              [N9:P] MOTOR_I 0 0 (0)
                              [N9:P] [undefined] 61 119 0 0 (1031208960)
                              [N12:Z] MOTOR_I 0 0 (0)
                              [N12:Z] [undefined] 61 119 0 0 (1031208960)
                              [N9:P] MOTOR_I 0 0 (0)
                              [N9:P] [undefined] 61 119 0 0 (1031208960)
                              [N12:Z] MOTOR_I 0 0 (0)
                              [N12:Z] [undefined] 61 119 0 0 (1031208960)
2025-08-15 18:01:44:571 [IN ] C8 24 09 18 25 A5 09 01 31 03 CF 00 00 0D B3 25 A5 09 01 31 05 E6 3D 77 00 00 DA A5 00 C8 24 0C 18 25 A5 0C 01 31 03 CF 00 00 10 C8 25 A5 0C 01 31 05 E6 3D 77 00 00 DD C0 00 C8 24 09 18 25 A5 
09 01 31 03 CF 00 00 0D B3 25 A5 09 01 31 05 E6 3D 77 00 00 DA A5 00 C8 24 0C 18 25 A5 0C 01 31 03 CF 00 00 10 C8 25 A5 0C 01 31 05 E6 3D 77 00 00 DD C0 00 (116)
                              [N9:P] MOTOR_I 0 0 (0)
                              [N9:P] [undefined] 61 119 0 0 (1031208960)
                              [N12:Z] MOTOR_I 0 0 (0)
                              [N12:Z] [undefined] 61 119 0 0 (1031208960)
                              [N9:P] MOTOR_I 0 0 (0)
                              [N9:P] [undefined] 61 119 0 0 (1031208960)
                              [N12:Z] MOTOR_I 0 0 (0)
                              [N12:Z] [undefined] 61 119 0 0 (1031208960)
2025-08-15 18:01:44:772 [IN ] C8 24 09 18 25 A5 09 01 31 03 CF 00 00 0D B3 25 A5 09 01 31 05 E6 3D 77 00 00 DA A5 00 C8 24 0C 18 25 A5 0C 01 31 03 CF 00 00 10 C8 25 A5 0C 01 31 05 E6 3D 77 00 00 DD C0 00 C8 24 09 0E 25 A5 
09 01 31 03 CF 00 00 0D B3 25 A5 09 01 C8 24 09 0A 01 31 05 E6 3D 77 00 00 DA A5 B3 (92)
                              [N9:P] MOTOR_I 0 0 (0)
                              [N9:P] [undefined] 61 119 0 0 (1031208960)
                              [N12:Z] MOTOR_I 0 0 (0)
                              [N12:Z] [undefined] 61 119 0 0 (1031208960)
                              [N9:P] MOTOR_I 0 0 (0)
                              [N9:P] [undefined] 61 119 0 0 (1031208960)
2025-08-15 18:01:44:974 [IN ] C8 24 0C 18 25 A5 0C 01 31 03 CF 00 00 10 C8 25 A5 0C 01 31 05 E6 3D 77 00 00 DD C0 00 C8 24 09 18 25 A5 09 01 31 03 CF 00 00 0D B3 25 A5 09 01 31 05 E6 3D 77 00 00 DA A5 00 C8 24 0C 18 25 A5 
0C 01 31 03 CF 00 00 10 C8 25 A5 0C 01 31 05 E6 3D 77 00 00 DD C0 00 C8 24 09 18 25 A5 09 01 31 03 CF 00 00 0D B3 25 A5 09 01 31 05 E6 3D 77 00 00 DA A5 00 C8 24 0C 18 25 A5 0C 01 31 03 CF 00 
00 10 C8 25 A5 0C 01 31 05 E6 3D 77 00 00 DD C0 00 (145)
                              [N12:Z] MOTOR_I 0 0 (0)
                              [N12:Z] [undefined] 61 119 0 0 (1031208960)
                              [N9:P] MOTOR_I 0 0 (0)
                              [N9:P] [undefined] 61 119 0 0 (1031208960)
                              [N12:Z] MOTOR_I 0 0 (0)
                              [N12:Z] [undefined] 61 119 0 0 (1031208960)
                              [N9:P] MOTOR_I 0 0 (0)
                              [N9:P] [undefined] 61 119 0 0 (1031208960)
                              [N12:Z] MOTOR_I 0 0 (0)
                              [N12:Z] [undefined] 61 119 0 0 (1031208960)
2025-08-15 18:01:45:175 [IN ] C8 24 09 18 25 A5 09 01 31 03 CF 00 00 0D B3 25 A5 09 01 31 05 E6 3D 77 00 00 DA A5 00 C8 24 0C 18 25 A5 0C 01 31 03 CF 00 00 10 C8 25 A5 0C 01 31 05 E6 3D 77 00 00 DD C0 00 C8 24 09 18 25 A5 
09 01 31 03 CF 00 00 0D B3 25 A5 09 01 31 05 E6 3D 77 00 00 DA A5 00 C8 24 0C 18 25 A5 0C 01 31 03 CF 00 00 10 C8 25 A5 0C 01 31 05 E6 3D 77 00 00 DD C0 00 (116)
                              [N9:P] MOTOR_I 0 0 (0)
                              [N9:P] [undefined] 61 119 0 0 (1031208960)
                              [N12:Z] MOTOR_I 0 0 (0)
                              [N12:Z] [undefined] 61 119 0 0 (1031208960)
                              [N9:P] MOTOR_I 0 0 (0)
                              [N9:P] [undefined] 61 119 0 0 (1031208960)
                              [N12:Z] MOTOR_I 0 0 (0)
                              [N12:Z] [undefined] 61 119 0 0 (1031208960)
2025-08-15 18:01:45:377 [IN ] C8 24 09 18 25 A5 09 01 31 03 CF 00 00 0D B3 25 A5 09 01 31 05 E6 3D 77 00 00 DA A5 00 C8 24 0C 18 25 A5 0C 01 31 03 CF 00 00 10 C8 25 A5 0C 01 31 05 E6 3D 77 00 00 DD C0 00 C8 24 09 18 25 A5 
09 01 31 03 CF 00 00 0D B3 25 A5 09 01 31 05 E6 3D 77 00 00 DA A5 00 (87)
                              [N9:P] MOTOR_I 0 0 (0)
                              [N9:P] [undefined] 61 119 0 0 (1031208960)
                              [N12:Z] MOTOR_I 0 0 (0)
                              [N12:Z] [undefined] 61 119 0 0 (1031208960)
                              [N9:P] MOTOR_I 0 0 (0)
                              [N9:P] [undefined] 61 119 0 0 (1031208960)
2025-08-15 18:01:45:578 [IN ] C8 24 0C 18 25 A5 0C 01 31 03 CF 00 00 10 C8 25 A5 0C 01 31 05 E6 3D 77 00 00 DD C0 00 C8 24 09 18 25 A5 09 01 31 03 CF 00 00 0D B3 25 A5 09 01 31 05 E6 3D 77 00 00 DA A5 00 C8 24 0C 18 25 A5 
0C 01 31 03 CF 00 00 10 C8 25 A5 0C 01 31 05 E6 3D 77 00 00 DD C0 00 C8 24 09 18 25 A5 09 01 31 03 CF 00 00 0D B3 25 A5 09 01 31 05 E6 3D 77 00 00 DA A5 00 C8 24 0C 18 25 A5 (122)
                              [N12:Z] MOTOR_I 0 0 (0)
                              [N12:Z] [undefined] 61 119 0 0 (1031208960)
                              [N9:P] MOTOR_I 0 0 (0)
                              [N9:P] [undefined] 61 119 0 0 (1031208960)
                              [N12:Z] MOTOR_I 0 0 (0)
                              [N12:Z] [undefined] 61 119 0 0 (1031208960)
                              [N9:P] MOTOR_I 0 0 (0)
                              [N9:P] [undefined] 61 119 0 0 (1031208960)
2025-08-15 18:01:45:781 [IN ] 0C 01 31 03 CF 00 00 10 C8 25 A5 0C 01 31 05 E6 3D 77 00 00 DD C0 00 C8 24 09 18 25 A5 09 01 31 03 CF 00 00 0D B3 25 A5 09 01 31 05 E6 3D 77 00 00 DA A5 00 C8 24 0C 0E 25 A5 0C 01 31 03 CF 00 
00 10 C8 25 A5 0C 01 C8 24 0C 0A 01 31 05 E6 3D 77 00 00 DD C0 C8 C8 24 09 18 25 A5 09 01 31 03 CF 00 00 0D B3 25 A5 09 01 31 05 E6 3D 77 00 00 DA A5 00 C8 24 0C 15 25 A5 0C 01 31 03 CF 00 00 
10 C8 25 A5 0C 01 31 05 E6 3D 77 00 00 (141)
                              [N12:Z] MOTOR_I 0 0 (0)
                              [N12:Z] [undefined] 61 119 0 0 (1031208960)
                              [N9:P] MOTOR_I 0 0 (0)
                              [N9:P] [undefined] 61 119 0 0 (1031208960)
                              [N12:Z] MOTOR_I 0 0 (0)
                              [N12:Z] [undefined] 61 119 0 0 (1031208960)
                              [N9:P] MOTOR_I 0 0 (0)
                              [N9:P] [undefined] 61 119 0 0 (1031208960)
                              [N12:Z] MOTOR_I 0 0 (0)
2025-08-15 18:01:45:983 [IN ] C8 24 09 18 25 A5 09 01 31 03 CF 00 00 0D B3 25 A5 09 01 31 05 E6 3D 77 00 00 DA A5 00 C8 24 0C 1B 00 DD C0 25 A5 0C 01 31 03 CF 00 00 10 C8 25 A5 0C 01 31 05 E6 3D 77 00 00 DD C0 01 C8 24 09 
18 25 A5 09 01 31 03 CF 00 00 0D B3 25 A5 09 01 31 05 E6 3D 77 00 00 DA A5 00 C8 24 0C 18 25 A5 0C 01 31 03 CF 00 00 10 C8 25 A5 0C 01 31 05 E6 3D 77 00 00 DD C0 00 (119)
                              [N9:P] MOTOR_I 0 0 (0)
                              [N9:P] [undefined] 61 119 0 0 (1031208960)
                              [N12:Z] [undefined] 61 119 0 0 (1031208960)
                              [N12:Z] MOTOR_I 0 0 (0)
                              [N12:Z] [undefined] 61 119 0 0 (1031208960)
                              [N9:P] MOTOR_I 0 0 (0)
                              [N9:P] [undefined] 61 119 0 0 (1031208960)
                              [N12:Z] MOTOR_I 0 0 (0)
                              [N12:Z] [undefined] 61 119 0 0 (1031208960)
2025-08-15 18:01:46:185 [IN ] C8 24 09 18 25 A5 09 01 31 03 CF 00 00 0D B3 25 A5 09 01 31 05 E6 3D 77 00 00 DA A5 00 C8 24 0C 18 25 A5 0C 01 31 03 CF 00 00 10 C8 25 A5 0C 01 31 05 E6 3D 77 00 00 DD C0 00 C8 24 09 18 25 A5 
09 01 31 03 CF 00 00 0D B3 25 A5 09 01 31 05 E6 3D 77 00 00 DA A5 00 C8 24 0C 18 25 A5 0C 01 31 03 CF 00 00 10 C8 25 A5 0C 01 31 05 E6 3D 77 00 00 DD C0 00 (116)
                              [N9:P] MOTOR_I 0 0 (0)
                              [N9:P] [undefined] 61 119 0 0 (1031208960)
                              [N12:Z] MOTOR_I 0 0 (0)
                              [N12:Z] [undefined] 61 119 0 0 (1031208960)
                              [N9:P] MOTOR_I 0 0 (0)
                              [N9:P] [undefined] 61 119 0 0 (1031208960)
                              [N12:Z] MOTOR_I 0 0 (0)
                              [N12:Z] [undefined] 61 119 0 0 (1031208960)
2025-08-15 18:01:46:386 [IN ] C8 24 09 18 25 A5 09 01 31 03 CF 00 00 0D B3 25 A5 09 01 31 05 E6 3D 77 00 00 DA A5 00 C8 24 0C 18 25 A5 0C 01 31 03 CF 00 00 10 C8 25 A5 0C 01 31 05 E6 3D 77 00 00 DD C0 00 C8 24 09 18 25 A5 
09 01 31 03 CF 00 00 0D B3 25 A5 09 01 31 05 E6 3D 77 00 00 DA A5 00 C8 24 0C 18 25 A5 0C 01 31 03 CF 00 00 10 C8 25 A5 0C 01 31 05 E6 3D 77 00 00 (113)
                              [N9:P] MOTOR_I 0 0 (0)
                              [N9:P] [undefined] 61 119 0 0 (1031208960)
                              [N12:Z] MOTOR_I 0 0 (0)
                              [N12:Z] [undefined] 61 119 0 0 (1031208960)
                              [N9:P] MOTOR_I 0 0 (0)
                              [N9:P] [undefined] 61 119 0 0 (1031208960)
2025-08-15 18:01:46:590 [IN ] DD C0 00 C8 24 09 0E 25 A5 09 01 31 03 CF 00 00 0D B3 25 A5 09 01 C8 24 09 0A 01 31 05 E6 3D 77 00 00 DA A5 B3 C8 24 0C 18 25 A5 0C 01 31 03 CF 00 00 10 C8 25 A5 0C 01 31 05 E6 3D 77 00 00 DD 
C0 00 C8 24 09 15 25 A5 09 01 31 03 CF 00 00 0D B3 25 A5 09 01 31 05 E6 3D 77 00 00 C8 24 0C 18 25 A5 0C 01 31 03 CF 00 00 10 C8 25 A5 0C 01 31 05 E6 3D 77 00 00 DD C0 00 (121)
                              [N12:Z] MOTOR_I 0 0 (0)
                              [N12:Z] [undefined] 61 119 0 0 (1031208960)
                              [N9:P] MOTOR_I 0 0 (0)
                              [N9:P] [undefined] 61 119 0 0 (1031208960)
                              [N12:Z] MOTOR_I 0 0 (0)
                              [N12:Z] [undefined] 61 119 0 0 (1031208960)
                              [N9:P] MOTOR_I 0 0 (0)
                              [N12:Z] MOTOR_I 0 0 (0)
                              [N12:Z] [undefined] 61 119 0 0 (1031208960)
2025-08-15 18:01:46:792 [IN ] C8 24 09 1B 00 DA A5 25 A5 09 01 31 03 CF 00 00 0D B3 25 A5 09 01 31 05 E6 3D 77 00 00 DA A5 01 C8 24 0C 18 25 A5 0C 01 31 03 CF 00 00 10 C8 25 A5 0C 01 31 05 E6 3D 77 00 00 DD C0 00 C8 24 09 
18 25 A5 09 01 31 03 CF 00 00 0D B3 25 A5 09 01 31 05 E6 3D 77 00 00 DA A5 00 C8 24 0C 18 25 A5 0C 01 31 03 CF 00 00 10 C8 25 A5 0C 01 31 05 E6 3D 77 00 00 DD C0 00 (119)
                              [N9:P] [undefined] 61 119 0 0 (1031208960)
                              [N9:P] MOTOR_I 0 0 (0)
                              [N9:P] [undefined] 61 119 0 0 (1031208960)
                              [N12:Z] MOTOR_I 0 0 (0)
                              [N12:Z] [undefined] 61 119 0 0 (1031208960)
                              [N9:P] MOTOR_I 0 0 (0)
                              [N9:P] [undefined] 61 119 0 0 (1031208960)
                              [N12:Z] MOTOR_I 0 0 (0)
                              [N12:Z] [undefined] 61 119 0 0 (1031208960)
2025-08-15 18:01:46:995 [IN ] C8 24 09 18 25 A5 09 01 31 03 CF 00 00 0D B3 25 A5 09 01 31 05 E6 3D 77 00 00 DA A5 00 C8 24 0C 18 25 A5 0C 01 31 03 CF 00 00 10 C8 25 A5 0C 01 31 05 E6 3D 77 00 00 DD C0 00 C8 24 09 18 25 A5 
09 01 31 03 CF 00 00 0D B3 25 A5 09 01 31 05 E6 3D 77 00 00 DA A5 00 C8 24 0C 18 25 A5 0C 01 31 03 CF 00 00 10 C8 25 A5 0C 01 31 05 E6 3D 77 00 00 DD C0 00 (116)
                              [N9:P] MOTOR_I 0 0 (0)
                              [N9:P] [undefined] 61 119 0 0 (1031208960)
                              [N12:Z] MOTOR_I 0 0 (0)
                              [N12:Z] [undefined] 61 119 0 0 (1031208960)
                              [N9:P] MOTOR_I 0 0 (0)
                              [N9:P] [undefined] 61 119 0 0 (1031208960)
                              [N12:Z] MOTOR_I 0 0 (0)
                              [N12:Z] [undefined] 61 119 0 0 (1031208960)
2025-08-15 18:01:47:196 [IN ] C8 24 09 18 25 A5 09 01 31 03 CF 00 00 0D B3 25 A5 09 01 31 05 E6 3D 77 00 00 DA A5 00 C8 24 0C 18 25 A5 0C 01 31 03 CF 00 00 10 C8 25 A5 0C 01 31 05 E6 3D 77 00 00 DD C0 00 C8 24 09 18 25 A5 
09 01 31 03 CF 00 00 0D B3 25 A5 09 01 31 05 E6 3D 77 00 00 DA A5 00 C8 24 0C 18 25 A5 0C 01 31 03 CF 00 00 10 C8 25 A5 0C 01 31 05 E6 3D 77 00 00 DD C0 00 (116)
                              [N9:P] MOTOR_I 0 0 (0)
                              [N9:P] [undefined] 61 119 0 0 (1031208960)
                              [N12:Z] MOTOR_I 0 0 (0)
                              [N12:Z] [undefined] 61 119 0 0 (1031208960)
                              [N9:P] MOTOR_I 0 0 (0)
                              [N9:P] [undefined] 61 119 0 0 (1031208960)
                              [N12:Z] MOTOR_I 0 0 (0)
                              [N12:Z] [undefined] 61 119 0 0 (1031208960)
2025-08-15 18:01:47:398 [IN ] C8 24 09 18 25 A5 09 01 31 03 CF 00 00 0D B3 25 A5 09 01 31 05 E6 3D 77 00 00 DA A5 00 C8 24 0C 18 25 A5 0C 01 31 03 CF 00 00 10 C8 25 A5 0C 01 31 05 E6 3D 77 00 00 DD C0 00 C8 24 09 18 25 A5 
09 01 31 03 CF 00 00 0D B3 25 A5 09 01 31 05 E6 3D 77 00 00 DA A5 00 C8 24 0C 0E 25 A5 0C 01 31 03 CF 00 00 10 C8 25 A5 0C 01 C8 24 0C 0A 01 31 05 E6 3D 77 00 00 DD C0 C8 (121)
                              [N9:P] MOTOR_I 0 0 (0)
                              [N9:P] [undefined] 61 119 0 0 (1031208960)
                              [N12:Z] MOTOR_I 0 0 (0)
                              [N12:Z] [undefined] 61 119 0 0 (1031208960)
                              [N9:P] MOTOR_I 0 0 (0)
                              [N9:P] [undefined] 61 119 0 0 (1031208960)
                              [N12:Z] MOTOR_I 0 0 (0)
                              [N12:Z] [undefined] 61 119 0 0 (1031208960)
2025-08-15 18:01:47:600 [IN ] C8 24 09 18 25 A5 09 01 31 03 CF 00 00 0D B3 25 A5 09 01 31 05 E6 3D 77 00 00 DA A5 00 C8 24 0C 15 25 A5 0C 01 31 03 CF 00 00 10 C8 25 A5 0C 01 31 05 E6 3D 77 00 00 C8 24 09 18 25 A5 09 01 31 
03 CF 00 00 0D B3 25 A5 09 01 31 05 E6 3D 77 00 00 DA A5 00 C8 24 0C 1B 00 DD C0 25 A5 0C 01 31 03 CF 00 00 10 C8 25 A5 0C 01 31 05 E6 3D 77 00 00 DD C0 01 (116)
                              [N9:P] MOTOR_I 0 0 (0)
                              [N9:P] [undefined] 61 119 0 0 (1031208960)
                              [N12:Z] MOTOR_I 0 0 (0)
                              [N9:P] MOTOR_I 0 0 (0)
                              [N9:P] [undefined] 61 119 0 0 (1031208960)
                              [N12:Z] [undefined] 61 119 0 0 (1031208960)
                              [N12:Z] MOTOR_I 0 0 (0)
                              [N12:Z] [undefined] 61 119 0 0 (1031208960)
2025-08-15 18:01:47:802 [IN ] C8 24 09 18 25 A5 09 01 31 03 CF 00 00 0D B3 25 A5 09 01 31 05 E6 3D 77 00 00 DA A5 00 C8 24 0C 18 25 A5 0C 01 31 03 CF 00 00 10 C8 25 A5 0C 01 31 05 E6 3D 77 00 00 DD C0 00 C8 24 09 18 25 A5 
09 01 31 03 CF 00 00 0D B3 25 A5 09 01 31 05 E6 3D 77 00 00 DA A5 00 C8 24 0C 18 25 A5 0C 01 31 03 CF 00 00 10 C8 25 A5 0C 01 31 05 E6 3D 77 00 00 DD C0 00 (116)
                              [N9:P] MOTOR_I 0 0 (0)
                              [N9:P] [undefined] 61 119 0 0 (1031208960)
                              [N12:Z] MOTOR_I 0 0 (0)
                              [N12:Z] [undefined] 61 119 0 0 (1031208960)
                              [N9:P] MOTOR_I 0 0 (0)
                              [N9:P] [undefined] 61 119 0 0 (1031208960)
                              [N12:Z] MOTOR_I 0 0 (0)
                              [N12:Z] [undefined] 61 119 0 0 (1031208960)
2025-08-15 18:01:48:003 [IN ] C8 24 09 18 25 A5 09 01 31 03 CF 00 00 0D B3 25 A5 09 01 31 05 E6 3D 77 00 00 DA A5 00 C8 24 0C 18 25 A5 0C 01 31 03 CF 00 00 10 C8 25 A5 0C 01 31 05 E6 3D 77 00 00 DD C0 00 C8 24 09 18 25 A5 
09 01 31 03 CF 00 00 0D B3 25 A5 09 01 31 05 E6 3D 77 00 00 DA A5 00 C8 24 0C 18 25 A5 0C 01 31 03 CF 00 00 10 C8 25 A5 0C 01 31 05 E6 3D 77 00 00 DD C0 00 (116)
                              [N9:P] MOTOR_I 0 0 (0)
                              [N9:P] [undefined] 61 119 0 0 (1031208960)
                              [N12:Z] MOTOR_I 0 0 (0)
                              [N12:Z] [undefined] 61 119 0 0 (1031208960)
                              [N9:P] MOTOR_I 0 0 (0)
                              [N9:P] [undefined] 61 119 0 0 (1031208960)
                              [N12:Z] MOTOR_I 0 0 (0)
                              [N12:Z] [undefined] 61 119 0 0 (1031208960)
2025-08-15 18:01:48:205 [IN ] C8 24 05 0E 25 A5 05 01 31 06 81 45 00 0D 02 CB DD 42 01 C8 24 09 18 25 A5 09 01 31 03 CF 00 00 0D B3 25 A5 09 01 31 05 E6 3D 77 00 00 DA A5 00 C8 24 0C 18 25 A5 0C 01 31 03 CF 00 00 10 C8 25 
A5 0C 01 31 05 E6 3D 77 00 00 DD C0 00 C8 24 09 0E 25 A5 09 01 31 03 CF 00 00 0D B3 25 A5 09 01 C8 24 09 0A 01 31 05 E6 3D 77 00 00 DA A5 B3 C8 24 0C 18 25 A5 0C 01 31 03 CF 00 00 10 C8 25 A5 
0C 01 31 05 E6 3D 77 00 00 DD C0 00 (140)
                              [N5:V] TPOS 'E' 0 13 2 203 (852683)
                              [N9:P] MOTOR_I 0 0 (0)
                              [N9:P] [undefined] 61 119 0 0 (1031208960)
                              [N12:Z] MOTOR_I 0 0 (0)
                              [N12:Z] [undefined] 61 119 0 0 (1031208960)
                              [N9:P] MOTOR_I 0 0 (0)
                              [N9:P] [undefined] 61 119 0 0 (1031208960)
                              [N12:Z] MOTOR_I 0 0 (0)
                              [N12:Z] [undefined] 61 119 0 0 (1031208960)
2025-08-15 18:01:48:409 [IN ] C8 24 09 15 25 A5 09 01 31 03 CF 00 00 0D B3 25 A5 09 01 31 05 E6 3D 77 00 00 C8 24 0C 18 25 A5 0C 01 31 03 CF 00 00 10 C8 25 A5 0C 01 31 05 E6 3D 77 00 00 DD C0 00 C8 24 09 1B 00 DA A5 25 A5 
09 01 31 03 CF 00 00 0D B3 25 A5 09 01 31 05 E6 3D 77 00 00 DA A5 01 C8 24 0C 18 25 A5 0C 01 31 03 CF 00 00 10 C8 25 A5 0C 01 31 05 E6 3D 77 00 00 DD C0 00 (116)
                              [N9:P] MOTOR_I 0 0 (0)
                              [N12:Z] MOTOR_I 0 0 (0)
                              [N12:Z] [undefined] 61 119 0 0 (1031208960)
                              [N9:P] [undefined] 61 119 0 0 (1031208960)
                              [N9:P] MOTOR_I 0 0 (0)
                              [N9:P] [undefined] 61 119 0 0 (1031208960)
                              [N12:Z] MOTOR_I 0 0 (0)
                              [N12:Z] [undefined] 61 119 0 0 (1031208960)
2025-08-15 18:01:48:430 [OUT] 25 A5 01 03 31 05 81 FF ED B1 30 88 70 (13)
                              [N3:X] TPOS 255 237 177 48 (-1199824)
2025-08-15 18:01:48:452 [OUT] 25 A5 01 04 31 05 81 FF F3 BD 0C 77 7E (13)
                              [N4:Y] TPOS 255 243 189 12 (-803572)
2025-08-15 18:01:48:453 [IN ] C8 24 09 18 25 A5 09 01 31 03 CF 00 00 0D B3 25 A5 09 01 31 05 E6 3D 77 00 00 DA A5 00 (29)
                              [N9:P] MOTOR_I 0 0 (0)
                              [N9:P] [undefined] 61 119 0 0 (1031208960)
2025-08-15 18:01:48:516 [IN ] C8 24 08 0E 25 A5 08 01 31 06 81 45 FF EE 17 8F 99 ED 01 C8 24 0C 18 25 A5 0C 01 31 03 CF 00 00 10 C8 25 A5 0C 01 31 05 E6 3D 77 00 00 DD C0 00 (48)
                              [N8:R] TPOS 'E' 255 238 23 143 (-1173617)
                              [N12:Z] MOTOR_I 0 0 (0)
                              [N12:Z] [undefined] 61 119 0 0 (1031208960)
2025-08-15 18:01:48:538 [IN ] C8 24 09 18 25 A5 09 01 31 03 CF 00 00 0D B3 25 A5 09 01 31 05 E6 3D 77 00 00 DA A5 00 (29)
                              [N9:P] MOTOR_I 0 0 (0)
                              [N9:P] [undefined] 61 119 0 0 (1031208960)
2025-08-15 18:01:48:600 [IN ] C8 24 0C 18 25 A5 0C 01 31 03 (10)
2025-08-15 18:01:48:622 [IN ] CF 00 00 10 C8 25 A5 0C 01 31 05 E6 3D 77 00 00 DD C0 00 C8 24 03 0E 25 A5 03 01 31 06 81 53 FF FD 4F 68 C2 77 01 (38)
                              [N12:Z] MOTOR_I 0 0 (0)
                              [N12:Z] [undefined] 61 119 0 0 (1031208960)
                              [N3:X] TPOS 'S' 255 253 79 104 (-176280)
2025-08-15 18:01:48:643 [IN ] C8 24 09 18 25 A5 09 01 31 03 CF 00 00 0D B3 25 A5 09 01 31 05 E6 3D 77 00 00 DA A5 00 (29)
                              [N9:P] MOTOR_I 0 0 (0)
                              [N9:P] [undefined] 61 119 0 0 (1031208960)
2025-08-15 18:01:48:706 [IN ] C8 24 0C 18 25 A5 0C 01 31 03 CF 00 00 10 C8 25 A5 0C 01 31 05 E6 3D 77 00 00 DD C0 00 (29)
                              [N12:Z] MOTOR_I 0 0 (0)
                              [N12:Z] [undefined] 61 119 0 0 (1031208960)
2025-08-15 18:01:48:748 [IN ] C8 24 09 18 25 A5 09 01 31 03 CF 00 00 0D B3 25 A5 09 01 31 05 E6 3D 77 00 00 DA A5 00 (29)
                              [N9:P] MOTOR_I 0 0 (0)
                              [N9:P] [undefined] 61 119 0 0 (1031208960)
2025-08-15 18:01:48:769 [IN ] C8 24 04 0E 25 A5 04 01 31 06 81 53 FF FD 4F 42 9D 5B 01 (19)
                              [N4:Y] TPOS 'S' 255 253 79 66 (-176318)
2025-08-15 18:01:48:971 [IN ] C8 24 0C 18 25 A5 0C 01 31 03 CF 00 00 10 C8 25 A5 0C 01 31 05 E6 3D 77 00 00 DD C0 00 C8 24 09 18 25 A5 09 01 31 03 CF 00 00 0D B3 25 A5 09 01 31 05 E6 3D 77 00 00 DA A5 00 C8 24 0C 18 25 A5 
0C 01 31 03 CF 00 00 10 C8 25 A5 0C 01 31 05 E6 3D 77 00 00 DD C0 00 C8 24 09 18 25 A5 09 01 31 03 CF 00 00 0D B3 25 A5 09 01 31 05 E6 3D 77 00 00 DA A5 00 (116)
                              [N12:Z] MOTOR_I 0 0 (0)
                              [N12:Z] [undefined] 61 119 0 0 (1031208960)
                              [N9:P] MOTOR_I 0 0 (0)
                              [N9:P] [undefined] 61 119 0 0 (1031208960)
                              [N12:Z] MOTOR_I 0 0 (0)
                              [N12:Z] [undefined] 61 119 0 0 (1031208960)
                              [N9:P] MOTOR_I 0 0 (0)
                              [N9:P] [undefined] 61 119 0 0 (1031208960)
2025-08-15 18:01:49:172 [IN ] C8 24 0C 18 25 A5 0C 01 31 03 CF 00 00 10 C8 25 A5 0C 01 31 05 E6 3D 77 00 00 DD C0 00 C8 24 09 18 25 A5 09 01 31 03 CF 00 00 0D B3 25 A5 09 01 31 05 E6 3D 77 00 00 DA A5 00 C8 24 0C 0E 25 A5 
0C 01 31 03 CF 00 00 10 C8 25 A5 0C 01 C8 24 0C 0A 01 31 05 E6 3D 77 00 00 DD C0 C8 C8 24 09 18 25 A5 09 01 31 03 CF 00 00 0D B3 25 A5 09 01 31 05 E6 3D 77 00 00 DA A5 00 (121)
                              [N12:Z] MOTOR_I 0 0 (0)
                              [N12:Z] [undefined] 61 119 0 0 (1031208960)
                              [N9:P] MOTOR_I 0 0 (0)
                              [N9:P] [undefined] 61 119 0 0 (1031208960)
                              [N12:Z] MOTOR_I 0 0 (0)
                              [N12:Z] [undefined] 61 119 0 0 (1031208960)
                              [N9:P] MOTOR_I 0 0 (0)
                              [N9:P] [undefined] 61 119 0 0 (1031208960)
2025-08-15 18:01:49:374 [IN ] C8 24 0C 15 25 A5 0C 01 31 03 CF 00 00 10 C8 25 A5 0C 01 31 05 E6 3D 77 00 00 C8 24 09 18 25 A5 09 01 31 03 CF 00 00 0D B3 25 A5 09 01 31 05 E6 3D 77 00 00 DA A5 00 C8 24 0C 1B 00 DD C0 25 A5 
0C 01 31 03 CF 00 00 10 C8 25 A5 0C 01 31 05 E6 3D 77 00 00 DD C0 01 C8 24 09 18 25 A5 09 01 31 03 CF 00 00 0D B3 25 A5 09 01 31 05 E6 3D 77 00 00 DA A5 00 (116)
                              [N12:Z] MOTOR_I 0 0 (0)
                              [N9:P] MOTOR_I 0 0 (0)
                              [N9:P] [undefined] 61 119 0 0 (1031208960)
                              [N12:Z] [undefined] 61 119 0 0 (1031208960)
                              [N12:Z] MOTOR_I 0 0 (0)
                              [N12:Z] [undefined] 61 119 0 0 (1031208960)
                              [N9:P] MOTOR_I 0 0 (0)
                              [N9:P] [undefined] 61 119 0 0 (1031208960)
2025-08-15 18:01:49:576 [IN ] C8 24 0C 18 25 A5 0C 01 31 03 CF 00 00 10 C8 25 A5 0C 01 31 05 E6 3D 77 00 00 DD C0 00 C8 24 09 18 25 A5 09 01 31 03 CF 00 00 0D B3 25 A5 09 01 31 05 E6 3D 77 00 00 DA A5 00 C8 24 0C 18 25 A5 
0C 01 31 03 CF 00 00 10 C8 25 A5 0C 01 31 05 E6 3D 77 00 00 DD C0 00 C8 24 09 18 25 A5 09 01 31 03 CF 00 00 0D B3 25 A5 09 01 31 05 E6 3D 77 00 00 DA A5 00 (116)
                              [N12:Z] MOTOR_I 0 0 (0)
                              [N12:Z] [undefined] 61 119 0 0 (1031208960)
                              [N9:P] MOTOR_I 0 0 (0)
                              [N9:P] [undefined] 61 119 0 0 (1031208960)
                              [N12:Z] MOTOR_I 0 0 (0)
                              [N12:Z] [undefined] 61 119 0 0 (1031208960)
                              [N9:P] MOTOR_I 0 0 (0)
                              [N9:P] [undefined] 61 119 0 0 (1031208960)
2025-08-15 18:01:49:777 [IN ] C8 24 0C 18 25 A5 0C 01 31 03 CF 00 00 10 C8 25 A5 0C 01 31 05 E6 3D 77 00 00 DD C0 00 C8 24 09 18 25 A5 09 01 31 03 CF 00 00 0D B3 25 A5 09 01 31 05 E6 3D 77 00 00 DA A5 00 C8 24 0C 18 25 A5 
0C 01 31 03 CF 00 00 10 C8 25 A5 0C 01 31 05 E6 3D 77 00 00 DD C0 00 C8 24 09 18 25 A5 09 01 31 03 CF 00 00 0D B3 25 A5 09 01 31 05 E6 3D 77 00 00 DA A5 00 (116)
                              [N12:Z] MOTOR_I 0 0 (0)
                              [N12:Z] [undefined] 61 119 0 0 (1031208960)
                              [N9:P] MOTOR_I 0 0 (0)
                              [N9:P] [undefined] 61 119 0 0 (1031208960)
                              [N12:Z] MOTOR_I 0 0 (0)
                              [N12:Z] [undefined] 61 119 0 0 (1031208960)
                              [N9:P] MOTOR_I 0 0 (0)
                              [N9:P] [undefined] 61 119 0 0 (1031208960)
2025-08-15 18:01:49:979 [IN ] C8 24 0C 18 25 A5 0C 01 31 03 CF 00 00 10 C8 25 A5 0C 01 31 05 E6 3D 77 00 00 DD C0 00 C8 24 09 0E 25 A5 09 01 31 03 CF 00 00 0D B3 25 A5 09 01 C8 24 09 0A 01 31 05 E6 3D 77 00 00 DA A5 B3 C8 
24 0C 18 25 A5 0C 01 31 03 CF 00 00 10 C8 25 A5 0C 01 31 05 E6 3D 77 00 00 DD C0 00 C8 24 09 15 25 A5 09 01 31 03 CF 00 00 0D B3 25 A5 09 01 31 05 E6 3D 77 00 00 (118)
                              [N12:Z] MOTOR_I 0 0 (0)
                              [N12:Z] [undefined] 61 119 0 0 (1031208960)
                              [N9:P] MOTOR_I 0 0 (0)
                              [N9:P] [undefined] 61 119 0 0 (1031208960)
                              [N12:Z] MOTOR_I 0 0 (0)
                              [N12:Z] [undefined] 61 119 0 0 (1031208960)
                              [N9:P] MOTOR_I 0 0 (0)
2025-08-15 18:01:50:183 [IN ] C8 24 0C 18 25 A5 0C 01 31 03 CF 00 00 10 C8 25 A5 0C 01 31 05 E6 3D 77 00 00 DD C0 00 C8 24 07 0E 25 A5 07 01 31 06 81 45 FF F3 3A 67 98 10 01 C8 24 09 1B 00 DA A5 25 A5 09 01 31 03 CF 00 00 
0D B3 25 A5 09 01 31 05 E6 3D 77 00 00 DA A5 01 C8 24 0C 18 25 A5 0C 01 31 03 CF 00 00 10 C8 25 A5 0C 01 31 05 E6 3D 77 00 00 DD C0 00 C8 24 09 18 25 A5 09 01 31 03 CF 00 00 0D B3 25 A5 09 01 
31 05 E6 3D 77 00 00 DA A5 00 (138)
                              [N12:Z] MOTOR_I 0 0 (0)
                              [N12:Z] [undefined] 61 119 0 0 (1031208960)
                              [N7:N] TPOS 'E' 255 243 58 103 (-837017)
                              [N9:P] [undefined] 61 119 0 0 (1031208960)
                              [N9:P] MOTOR_I 0 0 (0)
                              [N9:P] [undefined] 61 119 0 0 (1031208960)
                              [N12:Z] MOTOR_I 0 0 (0)
                              [N12:Z] [undefined] 61 119 0 0 (1031208960)
                              [N9:P] MOTOR_I 0 0 (0)
                              [N9:P] [undefined] 61 119 0 0 (1031208960)
2025-08-15 18:01:50:384 [IN ] C8 24 0C 18 25 A5 0C 01 31 03 CF 00 00 10 C8 25 A5 0C 01 31 05 E6 3D 77 00 00 DD C0 00 C8 24 09 18 25 A5 09 01 31 03 CF 00 00 0D B3 25 A5 09 01 31 05 E6 3D 77 00 00 DA A5 00 C8 24 0C 18 25 A5 
0C 01 31 03 CF 00 00 10 C8 25 A5 0C 01 31 05 E6 3D 77 00 00 DD C0 00 C8 24 09 18 25 A5 09 01 31 03 CF 00 00 0D B3 25 A5 09 01 31 05 E6 3D 77 00 00 DA A5 00 (116)
                              [N12:Z] MOTOR_I 0 0 (0)
                              [N12:Z] [undefined] 61 119 0 0 (1031208960)
                              [N9:P] MOTOR_I 0 0 (0)
                              [N9:P] [undefined] 61 119 0 0 (1031208960)
                              [N12:Z] MOTOR_I 0 0 (0)
                              [N12:Z] [undefined] 61 119 0 0 (1031208960)
                              [N9:P] MOTOR_I 0 0 (0)
                              [N9:P] [undefined] 61 119 0 0 (1031208960)
2025-08-15 18:01:50:586 [IN ] C8 24 0C 18 25 A5 0C 01 31 03 CF 00 00 10 C8 25 A5 0C 01 31 05 E6 3D 77 00 00 DD C0 00 C8 24 09 18 25 A5 09 01 31 03 CF 00 00 0D B3 25 A5 09 01 31 05 E6 3D 77 00 00 DA A5 00 C8 24 0C 18 25 A5 
0C 01 31 03 CF 00 00 10 C8 25 A5 0C 01 31 05 E6 3D 77 00 00 DD C0 00 C8 24 09 18 25 A5 09 01 31 03 CF 00 00 0D B3 25 A5 09 01 31 05 E6 3D 77 00 00 DA A5 00 (116)
                              [N12:Z] MOTOR_I 0 0 (0)
                              [N12:Z] [undefined] 61 119 0 0 (1031208960)
                              [N9:P] MOTOR_I 0 0 (0)
                              [N9:P] [undefined] 61 119 0 0 (1031208960)
                              [N12:Z] MOTOR_I 0 0 (0)
                              [N12:Z] [undefined] 61 119 0 0 (1031208960)
                              [N9:P] MOTOR_I 0 0 (0)
                              [N9:P] [undefined] 61 119 0 0 (1031208960)
2025-08-15 18:01:50:787 [IN ] C8 24 0C 18 25 A5 0C 01 31 03 CF 00 00 10 C8 25 A5 0C 01 31 05 E6 3D 77 00 00 DD C0 00 C8 24 09 18 25 A5 09 01 31 03 CF 00 00 0D B3 25 A5 09 01 31 05 E6 3D 77 00 00 DA A5 00 C8 24 0C 18 25 A5 
0C 01 31 03 CF 00 00 10 C8 25 A5 0C 01 31 05 E6 3D 77 00 00 DD C0 00 C8 24 09 18 25 A5 09 01 31 03 CF 00 00 0D B3 25 A5 09 01 31 05 E6 3D 77 00 00 DA A5 00 (116)
                              [N12:Z] MOTOR_I 0 0 (0)
                              [N12:Z] [undefined] 61 119 0 0 (1031208960)
                              [N9:P] MOTOR_I 0 0 (0)
                              [N9:P] [undefined] 61 119 0 0 (1031208960)
                              [N12:Z] MOTOR_I 0 0 (0)
                              [N12:Z] [undefined] 61 119 0 0 (1031208960)
                              [N9:P] MOTOR_I 0 0 (0)
                              [N9:P] [undefined] 61 119 0 0 (1031208960)
2025-08-15 18:01:50:989 [IN ] C8 24 0C 0E 25 A5 0C 01 31 03 CF 00 00 10 C8 25 A5 0C 01 C8 24 0C 0A 01 31 05 E6 3D 77 00 00 DD C0 C8 C8 24 09 18 25 A5 09 01 31 03 CF 00 00 0D B3 25 A5 09 01 31 05 E6 3D 77 00 00 DA A5 00 C8 
24 0C 15 25 A5 0C 01 31 03 CF 00 00 10 C8 25 A5 0C 01 31 05 E6 3D 77 00 00 C8 24 09 18 25 A5 09 01 31 03 CF 00 00 0D B3 25 A5 09 01 31 05 E6 3D 77 00 00 DA A5 00 (118)
                              [N12:Z] MOTOR_I 0 0 (0)
                              [N12:Z] [undefined] 61 119 0 0 (1031208960)
                              [N9:P] MOTOR_I 0 0 (0)
                              [N9:P] [undefined] 61 119 0 0 (1031208960)
                              [N12:Z] MOTOR_I 0 0 (0)
                              [N9:P] MOTOR_I 0 0 (0)
                              [N9:P] [undefined] 61 119 0 0 (1031208960)
2025-08-15 18:01:51:191 [IN ] C8 24 0C 1B 00 DD C0 25 A5 0C 01 31 03 CF 00 00 10 C8 25 A5 0C 01 31 05 E6 3D 77 00 00 DD C0 01 C8 24 09 18 25 A5 09 01 31 03 CF 00 00 0D B3 25 A5 09 01 31 05 E6 3D 77 00 00 DA A5 00 C8 24 0C 
18 25 A5 0C 01 31 03 CF 00 00 10 C8 25 A5 0C 01 31 05 E6 3D 77 00 00 DD C0 00 C8 24 09 18 25 A5 09 01 31 03 CF 00 00 0D B3 25 A5 09 01 31 05 E6 3D 77 00 00 DA A5 00 (119)
                              [N12:Z] [undefined] 61 119 0 0 (1031208960)
                              [N12:Z] MOTOR_I 0 0 (0)
                              [N12:Z] [undefined] 61 119 0 0 (1031208960)
                              [N9:P] MOTOR_I 0 0 (0)
                              [N9:P] [undefined] 61 119 0 0 (1031208960)
                              [N12:Z] MOTOR_I 0 0 (0)
                              [N12:Z] [undefined] 61 119 0 0 (1031208960)
                              [N9:P] MOTOR_I 0 0 (0)
                              [N9:P] [undefined] 61 119 0 0 (1031208960)
2025-08-15 18:01:51:393 [IN ] C8 24 0C 18 25 A5 0C 01 31 03 CF 00 00 10 C8 25 A5 0C 01 31 05 E6 3D 77 00 00 DD C0 00 C8 24 09 18 25 A5 09 01 31 03 CF 00 00 0D B3 25 A5 09 01 31 05 E6 3D 77 00 00 DA A5 00 C8 24 0C 18 25 A5 
0C 01 31 03 CF 00 00 10 C8 25 A5 0C 01 31 05 E6 3D 77 00 00 DD C0 00 C8 24 09 18 25 A5 09 01 31 03 CF 00 00 0D B3 25 A5 09 01 31 05 E6 3D 77 00 00 DA A5 00 (116)
                              [N12:Z] MOTOR_I 0 0 (0)
                              [N12:Z] [undefined] 61 119 0 0 (1031208960)
                              [N9:P] MOTOR_I 0 0 (0)
                              [N9:P] [undefined] 61 119 0 0 (1031208960)
                              [N12:Z] MOTOR_I 0 0 (0)
                              [N12:Z] [undefined] 61 119 0 0 (1031208960)
                              [N9:P] MOTOR_I 0 0 (0)
                              [N9:P] [undefined] 61 119 0 0 (1031208960)
2025-08-15 18:01:51:594 [IN ] C8 24 0C 18 25 A5 0C 01 31 03 CF 00 00 10 C8 25 A5 0C 01 31 05 E6 3D 77 00 00 DD C0 00 C8 24 09 18 25 A5 09 01 31 03 CF 00 00 0D B3 25 A5 09 01 31 05 E6 3D 77 00 00 DA A5 00 C8 24 0C 18 25 A5 
0C 01 31 03 CF 00 00 10 C8 25 A5 0C 01 31 05 E6 3D 77 00 00 DD C0 00 C8 24 09 0E 25 A5 09 01 31 03 CF 00 00 0D B3 25 A5 09 01 C8 24 09 0A 01 31 05 E6 3D 77 00 00 DA A5 B3 (121)
                              [N12:Z] MOTOR_I 0 0 (0)
                              [N12:Z] [undefined] 61 119 0 0 (1031208960)
                              [N9:P] MOTOR_I 0 0 (0)
                              [N9:P] [undefined] 61 119 0 0 (1031208960)
                              [N12:Z] MOTOR_I 0 0 (0)
                              [N12:Z] [undefined] 61 119 0 0 (1031208960)
                              [N9:P] MOTOR_I 0 0 (0)
                              [N9:P] [undefined] 61 119 0 0 (1031208960)
2025-08-15 18:01:51:797 [IN ] C8 24 0C 18 25 A5 0C 01 31 03 CF 00 00 10 C8 25 A5 0C 01 31 05 E6 3D 77 00 00 DD C0 00 C8 24 09 15 25 A5 09 01 31 03 CF 00 00 0D B3 25 A5 09 01 31 05 E6 3D 77 00 00 C8 24 0C 18 25 A5 0C 01 31 
03 CF 00 00 10 C8 25 A5 0C 01 31 05 E6 3D 77 00 00 DD C0 00 C8 24 09 1B 00 DA A5 25 A5 09 01 31 03 CF 00 00 0D B3 25 A5 09 01 31 05 E6 3D 77 00 00 DA A5 01 (116)
                              [N12:Z] MOTOR_I 0 0 (0)
                              [N12:Z] [undefined] 61 119 0 0 (1031208960)
                              [N9:P] MOTOR_I 0 0 (0)
                              [N12:Z] MOTOR_I 0 0 (0)
                              [N12:Z] [undefined] 61 119 0 0 (1031208960)
                              [N9:P] [undefined] 61 119 0 0 (1031208960)
                              [N9:P] MOTOR_I 0 0 (0)
                              [N9:P] [undefined] 61 119 0 0 (1031208960)
2025-08-15 18:01:51:998 [IN ] C8 24 0C 18 25 A5 0C 01 31 03 CF 00 00 10 C8 25 A5 0C 01 31 05 E6 3D 77 00 00 DD C0 00 C8 24 09 18 25 A5 09 01 31 03 CF 00 00 0D B3 25 A5 09 01 31 05 E6 3D 77 00 00 DA A5 00 C8 24 0C 18 25 A5 
0C 01 31 03 CF 00 00 10 C8 25 A5 0C 01 31 05 E6 3D 77 00 00 DD C0 00 C8 24 09 18 25 A5 09 01 31 03 CF 00 00 0D B3 25 A5 09 01 31 05 E6 3D 77 00 00 DA A5 00 (116)
                              [N12:Z] MOTOR_I 0 0 (0)
                              [N12:Z] [undefined] 61 119 0 0 (1031208960)
                              [N9:P] MOTOR_I 0 0 (0)
                              [N9:P] [undefined] 61 119 0 0 (1031208960)
                              [N12:Z] MOTOR_I 0 0 (0)
                              [N12:Z] [undefined] 61 119 0 0 (1031208960)
                              [N9:P] MOTOR_I 0 0 (0)
                              [N9:P] [undefined] 61 119 0 0 (1031208960)
2025-08-15 18:01:52:200 [IN ] C8 24 0C 18 25 A5 0C 01 31 03 CF 00 00 10 C8 25 A5 0C 01 31 05 E6 3D 77 00 00 DD C0 00 C8 24 09 18 25 A5 09 01 31 03 CF 00 00 0D B3 25 A5 09 01 31 05 E6 3D 77 00 00 DA A5 00 C8 24 0C 18 25 A5 
0C 01 31 03 CF 00 00 10 C8 25 A5 0C 01 31 05 E6 3D 77 00 00 DD C0 00 C8 24 09 18 25 A5 09 01 31 03 CF 00 00 0D B3 25 A5 09 01 31 05 E6 3D 77 00 00 DA A5 00 (116)
                              [N12:Z] MOTOR_I 0 0 (0)
                              [N12:Z] [undefined] 61 119 0 0 (1031208960)
                              [N9:P] MOTOR_I 0 0 (0)
                              [N9:P] [undefined] 61 119 0 0 (1031208960)
                              [N12:Z] MOTOR_I 0 0 (0)
                              [N12:Z] [undefined] 61 119 0 0 (1031208960)
                              [N9:P] MOTOR_I 0 0 (0)
                              [N9:P] [undefined] 61 119 0 0 (1031208960)
2025-08-15 18:01:52:401 [IN ] C8 24 0C 18 25 A5 0C 01 31 03 CF 00 00 10 C8 25 A5 0C 01 31 05 E6 3D 77 00 00 DD C0 00 C8 24 09 18 25 A5 09 01 31 03 CF 00 00 0D B3 25 A5 09 01 31 05 E6 3D 77 00 00 DA A5 00 C8 24 0C 18 25 A5 
0C 01 31 03 CF 00 00 10 C8 25 A5 0C 01 31 05 E6 3D 77 00 00 DD C0 00 C8 24 09 18 25 A5 09 01 31 03 CF 00 00 0D B3 25 A5 09 01 31 05 E6 3D 77 00 00 DA A5 00 C8 24 04 0E 25 A5 04 01 31 06 81 45 
FF F3 BA D7 85 62 01 (135)
                              [N12:Z] MOTOR_I 0 0 (0)
                              [N12:Z] [undefined] 61 119 0 0 (1031208960)
                              [N9:P] MOTOR_I 0 0 (0)
                              [N9:P] [undefined] 61 119 0 0 (1031208960)
                              [N12:Z] MOTOR_I 0 0 (0)
                              [N12:Z] [undefined] 61 119 0 0 (1031208960)
                              [N9:P] MOTOR_I 0 0 (0)
                              [N9:P] [undefined] 61 119 0 0 (1031208960)
                              [N4:Y] TPOS 'E' 255 243 186 215 (-804137)
2025-08-15 18:01:52:604 [IN ] C8 24 0C 18 25 A5 0C 01 31 03 CF 00 00 10 C8 25 A5 0C 01 31 05 E6 3D 77 00 00 DD C0 00 C8 24 09 18 25 A5 09 01 31 03 CF 00 00 0D B3 25 A5 09 01 31 05 E6 3D 77 00 00 DA A5 00 C8 24 0C 0E 25 A5 
0C 01 31 03 CF 00 00 10 C8 25 A5 0C 01 C8 24 0C 0A 01 31 05 E6 3D 77 00 00 DD C0 C8 C8 24 09 18 25 A5 09 01 31 03 CF 00 00 0D B3 25 A5 09 01 31 05 E6 3D 77 00 00 DA A5 00 (121)
                              [N12:Z] MOTOR_I 0 0 (0)
                              [N12:Z] [undefined] 61 119 0 0 (1031208960)
                              [N9:P] MOTOR_I 0 0 (0)
                              [N9:P] [undefined] 61 119 0 0 (1031208960)
                              [N12:Z] MOTOR_I 0 0 (0)
                              [N12:Z] [undefined] 61 119 0 0 (1031208960)
                              [N9:P] MOTOR_I 0 0 (0)
                              [N9:P] [undefined] 61 119 0 0 (1031208960)
2025-08-15 18:01:52:805 [IN ] C8 24 0C 15 25 A5 0C 01 31 03 CF 00 00 10 C8 25 A5 0C 01 31 05 E6 3D 77 00 00 C8 24 09 18 25 A5 09 01 31 03 CF 00 00 0D B3 25 A5 09 01 31 05 E6 3D 77 00 00 DA A5 00 C8 24 0C 1B 00 DD C0 25 A5 
0C 01 31 03 CF 00 00 10 C8 25 A5 0C 01 31 05 E6 3D 77 00 00 DD C0 01 C8 24 09 18 25 A5 09 01 31 03 CF 00 00 0D B3 25 A5 09 01 31 05 E6 3D 77 00 00 DA A5 00 (116)
                              [N12:Z] MOTOR_I 0 0 (0)
                              [N9:P] MOTOR_I 0 0 (0)
                              [N9:P] [undefined] 61 119 0 0 (1031208960)
                              [N12:Z] [undefined] 61 119 0 0 (1031208960)
                              [N12:Z] MOTOR_I 0 0 (0)
                              [N12:Z] [undefined] 61 119 0 0 (1031208960)
                              [N9:P] MOTOR_I 0 0 (0)
                              [N9:P] [undefined] 61 119 0 0 (1031208960)
2025-08-15 18:01:53:007 [IN ] C8 24 0C 18 25 A5 0C 01 31 03 CF 00 00 10 C8 25 A5 0C 01 31 05 E6 3D 77 00 00 DD C0 00 C8 24 09 18 25 A5 09 01 31 03 CF 00 00 0D B3 25 A5 09 01 31 05 E6 3D 77 00 00 DA A5 00 C8 24 0C 18 25 A5 
0C 01 31 03 CF 00 00 10 C8 25 A5 0C 01 31 05 E6 3D 77 00 00 DD C0 00 C8 24 09 18 25 A5 09 01 31 03 CF 00 00 0D B3 25 A5 09 01 31 05 E6 3D 77 00 00 DA A5 00 (116)
                              [N12:Z] MOTOR_I 0 0 (0)
                              [N12:Z] [undefined] 61 119 0 0 (1031208960)
                              [N9:P] MOTOR_I 0 0 (0)
                              [N9:P] [undefined] 61 119 0 0 (1031208960)
                              [N12:Z] MOTOR_I 0 0 (0)
                              [N12:Z] [undefined] 61 119 0 0 (1031208960)
                              [N9:P] MOTOR_I 0 0 (0)
                              [N9:P] [undefined] 61 119 0 0 (1031208960)
2025-08-15 18:01:53:208 [IN ] C8 24 0C 18 25 A5 0C 01 31 03 CF 00 00 10 C8 25 A5 0C 01 31 05 E6 3D 77 00 00 DD C0 00 C8 24 09 18 25 A5 09 01 31 03 CF 00 00 0D B3 25 A5 09 01 31 05 E6 3D 77 00 00 DA A5 00 C8 24 0C 18 25 A5 
0C 01 31 03 CF 00 00 10 C8 25 A5 0C 01 31 05 E6 3D 77 00 00 DD C0 00 C8 24 09 18 25 A5 09 01 31 03 CF 00 00 0D B3 25 A5 09 01 31 05 E6 3D 77 00 00 DA A5 00 (116)
                              [N12:Z] MOTOR_I 0 0 (0)
                              [N12:Z] [undefined] 61 119 0 0 (1031208960)
                              [N9:P] MOTOR_I 0 0 (0)
                              [N9:P] [undefined] 61 119 0 0 (1031208960)
                              [N12:Z] MOTOR_I 0 0 (0)
                              [N12:Z] [undefined] 61 119 0 0 (1031208960)
                              [N9:P] MOTOR_I 0 0 (0)
                              [N9:P] [undefined] 61 119 0 0 (1031208960)
2025-08-15 18:01:53:410 [IN ] C8 24 0C 18 25 A5 0C 01 31 03 CF 00 00 10 C8 25 A5 0C 01 31 05 E6 3D 77 00 00 DD C0 00 C8 24 09 0E 25 A5 09 01 31 03 CF 00 00 0D B3 25 A5 09 01 C8 24 09 0A 01 31 05 E6 3D 77 00 00 DA A5 B3 C8 
24 0C 18 25 A5 0C 01 31 03 CF 00 00 10 C8 25 A5 0C 01 31 05 E6 3D 77 00 00 DD C0 00 C8 24 09 15 25 A5 09 01 31 03 CF 00 00 0D B3 25 A5 09 01 31 05 E6 3D 77 00 00 (118)
                              [N12:Z] MOTOR_I 0 0 (0)
                              [N12:Z] [undefined] 61 119 0 0 (1031208960)
                              [N9:P] MOTOR_I 0 0 (0)
                              [N9:P] [undefined] 61 119 0 0 (1031208960)
                              [N12:Z] MOTOR_I 0 0 (0)
                              [N12:Z] [undefined] 61 119 0 0 (1031208960)
                              [N9:P] MOTOR_I 0 0 (0)
2025-08-15 18:01:53:612 [IN ] C8 24 0C 18 25 A5 0C 01 31 03 CF 00 00 10 C8 25 A5 0C 01 31 05 E6 3D 77 00 00 DD C0 00 C8 24 09 1B 00 DA A5 25 A5 09 01 31 03 CF 00 00 0D B3 25 A5 09 01 31 05 E6 3D 77 00 00 DA A5 01 C8 24 0C 
18 25 A5 0C 01 31 03 CF 00 00 10 C8 25 A5 0C 01 31 05 E6 3D 77 00 00 DD C0 00 C8 24 09 18 25 A5 09 01 31 03 CF 00 00 0D B3 25 A5 09 01 31 05 E6 3D 77 00 00 DA A5 00 (119)
                              [N12:Z] MOTOR_I 0 0 (0)
                              [N12:Z] [undefined] 61 119 0 0 (1031208960)
                              [N9:P] [undefined] 61 119 0 0 (1031208960)
                              [N9:P] MOTOR_I 0 0 (0)
                              [N9:P] [undefined] 61 119 0 0 (1031208960)
                              [N12:Z] MOTOR_I 0 0 (0)
                              [N12:Z] [undefined] 61 119 0 0 (1031208960)
                              [N9:P] MOTOR_I 0 0 (0)
                              [N9:P] [undefined] 61 119 0 0 (1031208960)
2025-08-15 18:01:53:813 [IN ] C8 24 0C 18 25 A5 0C 01 31 03 CF 00 00 10 C8 25 A5 0C 01 31 05 E6 3D 77 00 00 DD C0 00 C8 24 09 18 25 A5 09 01 31 03 CF 00 00 0D B3 25 A5 09 01 31 05 E6 3D 77 00 00 DA A5 00 C8 24 0C 18 25 A5 
0C 01 31 03 CF 00 00 10 C8 25 A5 0C 01 31 05 E6 3D 77 00 00 DD C0 00 C8 24 09 18 25 A5 09 01 31 03 CF 00 00 0D B3 25 A5 09 01 31 05 E6 3D 77 00 00 DA A5 00 (116)
                              [N12:Z] MOTOR_I 0 0 (0)
                              [N12:Z] [undefined] 61 119 0 0 (1031208960)
                              [N9:P] MOTOR_I 0 0 (0)
                              [N9:P] [undefined] 61 119 0 0 (1031208960)
                              [N12:Z] MOTOR_I 0 0 (0)
                              [N12:Z] [undefined] 61 119 0 0 (1031208960)
                              [N9:P] MOTOR_I 0 0 (0)
                              [N9:P] [undefined] 61 119 0 0 (1031208960)
2025-08-15 18:01:54:015 [IN ] C8 24 0C 18 25 A5 0C 01 31 03 CF 00 00 10 C8 25 A5 0C 01 31 05 E6 3D 77 00 00 DD C0 00 C8 24 09 18 25 A5 09 01 31 03 CF 00 00 0D B3 25 A5 09 01 31 05 E6 3D 77 00 00 DA A5 00 C8 24 0C 18 25 A5 
0C 01 31 03 CF 00 00 10 C8 25 A5 0C 01 31 05 E6 3D 77 00 00 DD C0 00 C8 24 09 18 25 A5 09 01 31 03 CF 00 00 0D B3 25 A5 09 01 31 05 E6 3D 77 00 00 DA A5 00 (116)
                              [N12:Z] MOTOR_I 0 0 (0)
                              [N12:Z] [undefined] 61 119 0 0 (1031208960)
                              [N9:P] MOTOR_I 0 0 (0)
                              [N9:P] [undefined] 61 119 0 0 (1031208960)
                              [N12:Z] MOTOR_I 0 0 (0)
                              [N12:Z] [undefined] 61 119 0 0 (1031208960)
                              [N9:P] MOTOR_I 0 0 (0)
                              [N9:P] [undefined] 61 119 0 0 (1031208960)
2025-08-15 18:01:54:216 [IN ] C8 24 0C 18 25 A5 0C 01 31 03 CF 00 00 10 C8 25 A5 0C 01 31 05 E6 3D 77 00 00 DD C0 00 C8 24 09 18 25 A5 09 01 31 03 CF 00 00 0D B3 25 A5 09 01 31 05 E6 3D 77 00 00 DA A5 00 C8 24 0C 18 25 A5 
0C 01 31 03 CF 00 00 10 C8 25 A5 0C 01 31 05 E6 3D 77 00 00 DD C0 00 C8 24 09 18 25 A5 09 01 31 03 CF 00 00 0D B3 25 A5 09 01 31 05 E6 3D 77 00 00 DA A5 00 (116)
                              [N12:Z] MOTOR_I 0 0 (0)
                              [N12:Z] [undefined] 61 119 0 0 (1031208960)
                              [N9:P] MOTOR_I 0 0 (0)
                              [N9:P] [undefined] 61 119 0 0 (1031208960)
                              [N12:Z] MOTOR_I 0 0 (0)
                              [N12:Z] [undefined] 61 119 0 0 (1031208960)
                              [N9:P] MOTOR_I 0 0 (0)
                              [N9:P] [undefined] 61 119 0 0 (1031208960)
2025-08-15 18:01:54:418 [IN ] C8 24 0C 0E 25 A5 0C 01 31 03 CF 00 00 10 C8 25 A5 0C 01 C8 24 0C 0A 01 31 05 E6 3D 77 00 00 DD C0 C8 C8 24 09 18 25 A5 09 01 31 03 CF 00 00 0D B3 25 A5 09 01 31 05 E6 3D 77 00 00 DA A5 00 C8 
24 0C 15 25 A5 0C 01 31 03 CF 00 00 10 C8 25 A5 0C 01 31 05 E6 3D 77 00 00 C8 24 09 18 25 A5 09 01 31 03 CF 00 00 0D B3 25 A5 09 01 31 05 E6 3D 77 00 00 DA A5 00 (118)
                              [N12:Z] MOTOR_I 0 0 (0)
                              [N12:Z] [undefined] 61 119 0 0 (1031208960)
                              [N9:P] MOTOR_I 0 0 (0)
                              [N9:P] [undefined] 61 119 0 0 (1031208960)
                              [N12:Z] MOTOR_I 0 0 (0)
                              [N9:P] MOTOR_I 0 0 (0)
                              [N9:P] [undefined] 61 119 0 0 (1031208960)
2025-08-15 18:01:54:620 [IN ] C8 24 0C 1B 00 DD C0 25 A5 0C 01 31 03 CF 00 00 10 C8 25 A5 0C 01 31 05 E6 3D 77 00 00 DD C0 01 C8 24 09 18 25 A5 09 01 31 03 CF 00 00 0D B3 25 A5 09 01 31 05 E6 3D 77 00 00 DA A5 00 C8 24 0C 
18 25 A5 0C 01 31 03 CF 00 00 10 C8 25 A5 0C 01 31 05 E6 3D 77 00 00 DD C0 00 C8 24 09 18 25 A5 09 01 31 03 CF 00 00 0D B3 25 A5 09 01 31 05 E6 3D 77 00 00 DA A5 00 C8 24 03 0E 25 A5 03 01 31 
06 81 45 FF ED AF 7B 17 D4 01 (138)
                              [N12:Z] [undefined] 61 119 0 0 (1031208960)
                              [N12:Z] MOTOR_I 0 0 (0)
                              [N12:Z] [undefined] 61 119 0 0 (1031208960)
                              [N9:P] MOTOR_I 0 0 (0)
                              [N9:P] [undefined] 61 119 0 0 (1031208960)
                              [N12:Z] MOTOR_I 0 0 (0)
                              [N12:Z] [undefined] 61 119 0 0 (1031208960)
                              [N9:P] MOTOR_I 0 0 (0)
                              [N9:P] [undefined] 61 119 0 0 (1031208960)
                              [N3:X] TPOS 'E' 255 237 175 123 (-1200261)
