2025-08-15 18:18:38:367 [OUT] 25 A5 01 0A 31 05 D6 3D FF 00 00 53 ED (13)
                              [N10:HMI] HMILED '=' 255 0 0 (16711680)
2025-08-15 18:18:38:390 [OUT] 25 A5 01 03 31 02 D8 3F 4E CE (10)
                              [N3:X] INTERRUPT '?'
2025-08-15 18:18:38:391 [IN ] C8 24 09 18 25 A5 09 01 31 03 CF 00 00 0D B3 25 A5 09 01 31 05 E6 3D 77 00 00 DA A5 00 (29)
                              [N9:P] MOTOR_I 0 0 (0)
                              [N9:P] [undefined] 61 119 0 0 (1031208960)
2025-08-15 18:18:38:693 [IN ] C8 24 0C 18 25 A5 0C 01 31 03 CF 00 00 10 C8 25 A5 0C 01 31 05 E6 3D 77 00 00 DD C0 00 C8 24 09 18 25 A5 09 01 31 03 CF 00 00 0D B3 25 A5 09 01 31 05 E6 3D 77 00 00 DA A5 00 C8 24 0C 18 25 A5 
0C 01 31 03 CF 00 00 10 C8 25 A5 0C 01 31 05 E6 3D 77 00 00 DD C0 00 C8 24 09 18 25 A5 09 01 31 03 CF 00 00 0D B3 25 A5 09 01 31 05 E6 3D 77 00 00 DA A5 00 C8 24 0A 0D 25 A5 0A 01 31 05 D6 3A 
FF 00 00 50 EA 09 C8 24 0C 18 25 A5 0C 01 31 03 CF 00 00 10 C8 25 A5 0C 01 31 05 E6 3D 77 00 00 DD C0 00 C8 24 03 0C 25 A5 03 01 31 04 D8 3A 01 01 4D 6A A5 C8 24 09 18 25 A5 09 01 31 03 CF 00 
00 0D B3 25 A5 09 01 31 05 E6 3D 77 00 00 DA A5 00 (209)
                              [N12:Z] MOTOR_I 0 0 (0)
                              [N12:Z] [undefined] 61 119 0 0 (1031208960)
                              [N9:P] MOTOR_I 0 0 (0)
                              [N9:P] [undefined] 61 119 0 0 (1031208960)
                              [N12:Z] MOTOR_I 0 0 (0)
                              [N12:Z] [undefined] 61 119 0 0 (1031208960)
                              [N9:P] MOTOR_I 0 0 (0)
                              [N9:P] [undefined] 61 119 0 0 (1031208960)
                              [N10:HMI] HMILED ':' 255 0 0 (16711680)
                              [N12:Z] MOTOR_I 0 0 (0)
                              [N12:Z] [undefined] 61 119 0 0 (1031208960)
                              [N3:X] INTERRUPT ':' 1 1 (257)
                              [N9:P] MOTOR_I 0 0 (0)
                              [N9:P] [undefined] 61 119 0 0 (1031208960)
2025-08-15 18:18:38:715 [OUT] 25 A5 01 09 31 03 C9 3D 09 4D 1C (11)
                              [N9:P] LFLAG '=' 9 (9)
2025-08-15 18:18:38:738 [OUT] 25 A5 01 04 31 02 D8 3F 4F D3 (10)
                              [N4:Y] INTERRUPT '?'
2025-08-15 18:18:38:739 [IN ] C8 24 0C 18 25 A5 0C 01 31 03 CF 00 00 10 C8 25 A5 0C 01 31 05 E6 3D 77 00 00 DD C0 00 C8 24 09 0E 25 A5 09 01 31 03 CF 00 00 0D B3 25 A5 09 01 (48)
                              [N12:Z] MOTOR_I 0 0 (0)
                              [N12:Z] [undefined] 61 119 0 0 (1031208960)
                              [N9:P] MOTOR_I 0 0 (0)
2025-08-15 18:18:39:041 [IN ] C8 24 09 0A 01 31 05 E6 3D 77 00 00 DA A5 B3 C8 24 0C 18 25 A5 0C 01 31 03 CF 00 00 10 C8 25 A5 0C 01 31 05 E6 3D 77 00 00 DD C0 00 C8 24 09 15 25 A5 09 01 31 03 CF 00 00 0D B3 25 A5 09 01 31 
05 E6 3D 77 00 00 C8 24 09 0E 00 DA A5 25 A5 09 01 31 03 C9 3A 09 4A 1E 01 C8 24 0C 18 25 A5 0C 01 31 03 CF 00 00 10 C8 25 A5 0C 01 31 05 E6 3D 77 00 00 DD C0 00 C8 24 09 18 25 A5 09 01 31 03 
CF 00 00 0D B3 25 A5 09 01 31 05 E6 3D 77 00 00 DA A5 00 C8 24 04 0C 25 A5 04 01 31 04 D8 3A 01 01 4E 72 A5 C8 24 0C 18 25 A5 0C 01 31 03 CF 00 00 10 C8 25 A5 0C 01 31 05 E6 3D 77 00 00 DD C0 
00 C8 24 09 18 25 A5 09 01 31 03 CF 00 00 0D B3 25 A5 09 01 31 05 E6 3D 77 00 00 DA A5 00 (222)
                              [N9:P] [undefined] 61 119 0 0 (1031208960)
                              [N12:Z] MOTOR_I 0 0 (0)
                              [N12:Z] [undefined] 61 119 0 0 (1031208960)
                              [N9:P] MOTOR_I 0 0 (0)
                              [N9:P] [undefined] 61 119 0 0 (1031208960)
                              [N9:P] LFLAG ':' 9 (9)
                              [N12:Z] MOTOR_I 0 0 (0)
                              [N12:Z] [undefined] 61 119 0 0 (1031208960)
                              [N9:P] MOTOR_I 0 0 (0)
                              [N9:P] [undefined] 61 119 0 0 (1031208960)
                              [N4:Y] INTERRUPT ':' 1 1 (257)
                              [N12:Z] MOTOR_I 0 0 (0)
                              [N12:Z] [undefined] 61 119 0 0 (1031208960)
                              [N9:P] MOTOR_I 0 0 (0)
                              [N9:P] [undefined] 61 119 0 0 (1031208960)
2025-08-15 18:18:39:062 [OUT] 25 A5 01 09 31 03 CA 3D 09 4E 1F (11)
                              [N9:P] RFLAG '=' 9 (9)
2025-08-15 18:18:39:084 [OUT] 25 A5 01 0C 31 02 D8 3F 57 FB (10)
                              [N12:Z] INTERRUPT '?'
2025-08-15 18:18:39:386 [IN ] C8 24 0C 18 25 A5 0C 01 31 03 CF 00 00 10 C8 25 A5 0C 01 31 05 E6 3D 77 00 00 DD C0 00 C8 24 09 18 25 A5 09 01 31 03 CF 00 00 0D B3 25 A5 09 01 31 05 E6 3D 77 00 00 DA A5 00 C8 24 0C 18 25 A5 
0C 01 31 03 CF 00 00 10 C8 25 A5 0C 01 31 05 E6 3D 77 00 00 DD C0 00 C8 24 09 0B 25 A5 09 01 31 03 CA 3A 09 4B 21 25 C8 24 09 18 25 A5 09 01 31 03 CF 00 00 0D B3 25 A5 09 01 31 05 E6 3D 77 00 
00 DA A5 00 C8 24 0C 18 25 A5 0C 01 31 03 CF 00 00 10 C8 25 A5 0C 01 31 05 E6 3D 77 00 00 DD C0 00 C8 24 0C 0C 25 A5 0C 01 31 04 D8 3A 01 01 56 B2 A5 C8 24 09 18 25 A5 09 01 31 03 CF 00 00 0D 
B3 25 A5 09 01 31 05 E6 3D 77 00 00 DA A5 00 (207)
                              [N12:Z] MOTOR_I 0 0 (0)
                              [N12:Z] [undefined] 61 119 0 0 (1031208960)
                              [N9:P] MOTOR_I 0 0 (0)
                              [N9:P] [undefined] 61 119 0 0 (1031208960)
                              [N12:Z] MOTOR_I 0 0 (0)
                              [N12:Z] [undefined] 61 119 0 0 (1031208960)
                              [N9:P] RFLAG ':' 9 (9)
                              [N9:P] MOTOR_I 0 0 (0)
                              [N9:P] [undefined] 61 119 0 0 (1031208960)
                              [N12:Z] MOTOR_I 0 0 (0)
                              [N12:Z] [undefined] 61 119 0 0 (1031208960)
                              [N12:Z] INTERRUPT ':' 1 1 (257)
                              [N9:P] MOTOR_I 0 0 (0)
                              [N9:P] [undefined] 61 119 0 0 (1031208960)
2025-08-15 18:18:39:408 [OUT] 25 A5 01 08 31 03 C9 3D 09 4C 16 (11)
                              [N8:R] LFLAG '=' 9 (9)
2025-08-15 18:18:39:408 [IN ] C8 24 0C 0E 25 A5 0C 01 31 03 CF 00 00 10 C8 25 A5 0C 01 (19)
                              [N12:Z] MOTOR_I 0 0 (0)
2025-08-15 18:18:39:430 [OUT] 25 A5 01 03 31 03 C9 3D 0B 49 FA (11)
                              [N3:X] LFLAG '=' 11 (11)
2025-08-15 18:18:39:431 [IN ] C8 24 0C 0A 01 31 05 E6 3D 77 00 00 DD C0 C8 (15)
                              [N12:Z] [undefined] 61 119 0 0 (1031208960)
2025-08-15 18:18:39:453 [OUT] 25 A5 01 04 31 03 C9 3D 0B 4A 00 (11)
                              [N4:Y] LFLAG '=' 11 (11)
2025-08-15 18:18:39:453 [IN ] C8 24 09 18 25 A5 09 01 31 03 CF 00 00 0D B3 25 A5 09 01 31 05 E6 3D 77 00 00 DA A5 00 (29)
                              [N9:P] MOTOR_I 0 0 (0)
                              [N9:P] [undefined] 61 119 0 0 (1031208960)
2025-08-15 18:18:39:475 [OUT] 25 A5 01 0C 31 03 C9 3D 0B 52 30 (11)
                              [N12:Z] LFLAG '=' 11 (11)
2025-08-15 18:18:39:518 [IN ] C8 24 0C 15 25 A5 0C 01 31 03 CF 00 00 10 C8 25 A5 0C 01 31 05 E6 3D 77 00 00 (26)
                              [N12:Z] MOTOR_I 0 0 (0)
2025-08-15 18:18:39:561 [IN ] C8 24 09 18 25 A5 09 01 31 03 CF 00 00 0D B3 25 A5 09 01 31 05 E6 3D 77 00 00 DA A5 00 (29)
                              [N9:P] MOTOR_I 0 0 (0)
                              [N9:P] [undefined] 61 119 0 0 (1031208960)
2025-08-15 18:18:39:582 [IN ] C8 24 08 0B 25 A5 08 01 31 03 C9 3A 09 49 17 25 (16)
                              [N8:R] LFLAG ':' 9 (9)
2025-08-15 18:18:39:604 [OUT] 25 A5 01 08 31 03 CA 3D 09 4D 19 (11)
                              [N8:R] RFLAG '=' 9 (9)
2025-08-15 18:18:39:605 [IN ] C8 24 0C 1B 00 DD C0 25 A5 0C 01 31 03 CF 00 00 10 C8 25 A5 0C 01 31 05 E6 3D 77 00 00 DD C0 05 (32)
                              [N12:Z] [undefined] 61 119 0 0 (1031208960)
                              [N12:Z] MOTOR_I 0 0 (0)
                              [N12:Z] [undefined] 61 119 0 0 (1031208960)
2025-08-15 18:18:39:648 [IN ] C8 24 09 18 25 A5 09 01 31 03 CF 00 00 0D B3 25 A5 09 01 31 05 E6 3D 77 00 00 DA A5 00 (29)
                              [N9:P] MOTOR_I 0 0 (0)
                              [N9:P] [undefined] 61 119 0 0 (1031208960)
2025-08-15 18:18:39:691 [IN ] C8 24 03 0B 25 A5 03 01 31 03 C9 3A 0B 46 F6 25 (16)
                              [N3:X] LFLAG ':' 11 (11)
2025-08-15 18:18:39:712 [OUT] 25 A5 01 03 31 03 88 00 50 10 02 (11)
                              [N3:X] RUN 0 80 (80)
2025-08-15 18:18:39:712 [IN ] C8 24 0C 18 25 A5 0C 01 31 03 CF 00 00 10 C8 25 A5 0C 01 31 05 E6 3D 77 00 00 DD C0 00 (29)
                              [N12:Z] MOTOR_I 0 0 (0)
                              [N12:Z] [undefined] 61 119 0 0 (1031208960)
2025-08-15 18:18:39:755 [IN ] C8 24 09 18 25 A5 09 01 31 03 CF 00 00 0D B3 25 A5 09 01 31 05 E6 3D 77 00 00 DA A5 00 (29)
                              [N9:P] MOTOR_I 0 0 (0)
                              [N9:P] [undefined] 61 119 0 0 (1031208960)
2025-08-15 18:18:39:776 [IN ] C8 24 04 0B 25 A5 04 01 31 03 C9 3A 0B (13)
2025-08-15 18:18:39:797 [IN ] 47 FD 25 (3)
                              [N4:Y] LFLAG ':' 11 (11)
2025-08-15 18:18:39:818 [OUT] 25 A5 01 04 31 03 88 00 50 11 08 (11)
                              [N4:Y] RUN 0 80 (80)
2025-08-15 18:18:39:818 [IN ] C8 24 0C 18 25 A5 0C 01 31 03 CF 00 00 10 C8 25 A5 0C 01 31 05 E6 3D 77 00 00 DD C0 00 (29)
                              [N12:Z] MOTOR_I 0 0 (0)
                              [N12:Z] [undefined] 61 119 0 0 (1031208960)
2025-08-15 18:18:39:861 [IN ] C8 24 09 18 25 A5 09 01 31 03 CF 00 00 0D B3 25 A5 09 01 31 05 E6 3D 77 00 00 DA A5 00 (29)
                              [N9:P] MOTOR_I 0 0 (0)
                              [N9:P] [undefined] 61 119 0 0 (1031208960)
2025-08-15 18:18:39:882 [IN ] C8 24 0C 0B 25 A5 0C 01 31 03 C9 3A 0B 4F 35 25 (16)
                              [N12:Z] LFLAG ':' 11 (11)
2025-08-15 18:18:39:903 [OUT] 25 A5 01 0C 31 03 88 00 50 19 38 (11)
                              [N12:Z] RUN 0 80 (80)
2025-08-15 18:18:39:903 [IN ] C8 24 0C 18 25 A5 0C 01 31 03 CF 00 00 10 C8 25 A5 0C 01 31 05 E6 3D 77 00 00 (26)
2025-08-15 18:18:39:925 [IN ] DD C0 00 (3)
                              [N12:Z] MOTOR_I 0 0 (0)
                              [N12:Z] [undefined] 61 119 0 0 (1031208960)
2025-08-15 18:18:39:946 [IN ] C8 24 09 18 25 A5 09 01 31 03 CF 00 00 0D B3 25 A5 09 01 31 05 E6 3D 77 00 00 DA (27)
2025-08-15 18:18:39:967 [IN ] A5 00 (2)
                              [N9:P] MOTOR_I 0 0 (0)
                              [N9:P] [undefined] 61 119 0 0 (1031208960)
2025-08-15 18:18:40:009 [IN ] C8 24 08 0B 25 (5)
2025-08-15 18:18:40:030 [IN ] A5 08 01 31 03 CA 3A 09 4A 1A 25 C8 24 0C 18 25 A5 0C 01 31 03 CF 00 00 10 C8 25 A5 0C 01 31 05 E6 3D 77 00 00 DD C0 00 (40)
                              [N8:R] RFLAG ':' 9 (9)
                              [N12:Z] MOTOR_I 0 0 (0)
                              [N12:Z] [undefined] 61 119 0 0 (1031208960)
2025-08-15 18:18:40:072 [IN ] C8 24 09 18 25 A5 09 01 31 03 CF 00 00 0D B3 25 A5 09 01 31 05 E6 3D 77 00 00 DA A5 00 (29)
                              [N9:P] MOTOR_I 0 0 (0)
                              [N9:P] [undefined] 61 119 0 0 (1031208960)
2025-08-15 18:18:40:114 [IN ] C8 24 0C 18 25 A5 0C 01 31 03 CF 00 00 10 C8 25 A5 0C 01 31 05 E6 3D 77 00 00 DD C0 00 (29)
                              [N12:Z] MOTOR_I 0 0 (0)
                              [N12:Z] [undefined] 61 119 0 0 (1031208960)
2025-08-15 18:18:40:134 [IN ] C8 24 03 0C 25 A5 03 01 31 04 88 53 00 50 64 C2 A5 (17)
                              [N3:X] RUN 'S' 0 80 (80)
2025-08-15 18:18:40:155 [IN ] C8 24 09 18 25 A5 09 01 31 03 CF 00 00 0D B3 25 A5 09 01 31 05 E6 3D 77 00 00 DA A5 00 (29)
                              [N9:P] MOTOR_I 0 0 (0)
                              [N9:P] [undefined] 61 119 0 0 (1031208960)
2025-08-15 18:18:40:218 [IN ] C8 24 0C 18 25 A5 0C 01 31 03 CF 00 00 10 C8 25 A5 0C 01 31 05 E6 3D 77 00 00 DD C0 00 C8 24 04 0C 25 A5 04 01 31 04 88 53 00 50 65 CA A5 (46)
                              [N12:Z] MOTOR_I 0 0 (0)
                              [N12:Z] [undefined] 61 119 0 0 (1031208960)
                              [N4:Y] RUN 'S' 0 80 (80)
2025-08-15 18:18:40:260 [IN ] C8 24 09 18 25 A5 09 01 (8)
2025-08-15 18:18:40:281 [IN ] 31 03 CF 00 00 0D B3 25 A5 09 01 31 05 E6 3D 77 00 00 DA A5 00 (21)
                              [N9:P] MOTOR_I 0 0 (0)
                              [N9:P] [undefined] 61 119 0 0 (1031208960)
2025-08-15 18:18:40:324 [IN ] C8 24 0C 18 25 A5 0C 01 31 03 CF 00 00 10 C8 25 A5 0C 01 31 05 E6 3D 77 00 00 DD C0 00 (29)
                              [N12:Z] MOTOR_I 0 0 (0)
                              [N12:Z] [undefined] 61 119 0 0 (1031208960)
2025-08-15 18:18:40:345 [IN ] C8 24 0C 0C 25 A5 0C 01 31 04 88 53 00 50 6D 0A A5 (17)
                              [N12:Z] RUN 'S' 0 80 (80)
2025-08-15 18:18:40:546 [IN ] C8 24 09 18 25 A5 09 01 31 03 CF 00 00 0D B3 25 A5 09 01 31 05 E6 3D 77 00 00 DA A5 00 C8 24 0C 18 25 A5 0C 01 31 03 CF 00 06 16 CE 25 A5 0C 01 31 05 E6 3D 77 00 50 2D 10 00 C8 24 09 18 25 A5 
09 01 31 03 CF 00 00 0D B3 25 A5 09 01 31 05 E6 3D 77 00 00 DA A5 00 C8 24 0C 18 25 A5 0C 01 31 03 CF 00 0A 1A D2 25 A5 0C 01 31 05 E6 3D 77 00 50 2D 10 00 (116)
                              [N9:P] MOTOR_I 0 0 (0)
                              [N9:P] [undefined] 61 119 0 0 (1031208960)
                              [N12:Z] MOTOR_I 0 6 (6)
                              [N12:Z] [undefined] 61 119 0 80 (1031209040)
                              [N9:P] MOTOR_I 0 0 (0)
                              [N9:P] [undefined] 61 119 0 0 (1031208960)
                              [N12:Z] MOTOR_I 0 10 (10)
                              [N12:Z] [undefined] 61 119 0 80 (1031209040)
2025-08-15 18:18:40:748 [IN ] C8 24 09 0E 25 A5 09 01 31 03 CF 00 00 0D B3 25 A5 09 01 C8 24 09 0A 01 31 05 E6 3D 77 00 00 DA A5 B3 C8 24 0C 18 25 A5 0C 01 31 03 CF 00 04 14 CC 25 A5 0C 01 31 05 E6 3D 77 00 50 2D 10 00 C8 
24 09 15 25 A5 09 01 31 03 CF 00 00 0D B3 25 A5 09 01 31 05 E6 3D 77 00 50 C8 24 0C 18 25 A5 0C 01 31 03 CF 00 03 13 CB 25 A5 0C 01 31 05 E6 3D 77 00 50 2D 10 00 C8 24 09 1B 00 DA A5 25 A5 09 
01 31 03 CF 00 00 0D B3 25 A5 09 01 31 05 E6 3D 77 00 00 DA A5 05 (150)
                              [N9:P] MOTOR_I 0 0 (0)
                              [N9:P] [undefined] 61 119 0 0 (1031208960)
                              [N12:Z] MOTOR_I 0 4 (4)
                              [N12:Z] [undefined] 61 119 0 80 (1031209040)
                              [N9:P] MOTOR_I 0 0 (0)
                              [N12:Z] MOTOR_I 0 3 (3)
                              [N12:Z] [undefined] 61 119 0 80 (1031209040)
                              [N9:P] [undefined] 61 119 0 0 (1031208960)
                              [N9:P] MOTOR_I 0 0 (0)
                              [N9:P] [undefined] 61 119 0 0 (1031208960)
2025-08-15 18:18:40:950 [IN ] C8 24 0C 18 25 A5 0C 01 31 03 CF 00 05 15 CD 25 A5 0C 01 31 05 E6 3D 77 00 50 2D 10 00 C8 24 09 18 25 A5 09 01 31 03 CF 00 00 0D B3 25 A5 09 01 31 05 E6 3D 77 00 00 DA A5 00 C8 24 0C 18 25 A5 
0C 01 31 03 CF 00 02 12 CA 25 A5 0C 01 31 05 E6 3D 77 00 50 2D 10 00 (87)
                              [N12:Z] MOTOR_I 0 5 (5)
                              [N12:Z] [undefined] 61 119 0 80 (1031209040)
                              [N9:P] MOTOR_I 0 0 (0)
                              [N9:P] [undefined] 61 119 0 0 (1031208960)
                              [N12:Z] MOTOR_I 0 2 (2)
                              [N12:Z] [undefined] 61 119 0 80 (1031209040)
2025-08-15 18:18:41:151 [IN ] C8 24 09 18 25 A5 09 01 31 03 CF 00 00 0D B3 25 A5 09 01 31 05 E6 3D 77 00 00 DA A5 00 C8 24 0C 18 25 A5 0C 01 31 03 CF 00 0E 1E D6 25 A5 0C 01 31 05 E6 3D 77 00 50 2D 10 00 C8 24 09 18 25 A5 
09 01 31 03 CF 00 00 0D B3 25 A5 09 01 31 05 E6 3D 77 00 00 DA A5 00 C8 24 0C 18 25 A5 0C 01 31 03 CF 00 04 14 CC 25 A5 0C 01 31 05 E6 3D 77 00 50 2D 10 00 (116)
                              [N9:P] MOTOR_I 0 0 (0)
                              [N9:P] [undefined] 61 119 0 0 (1031208960)
                              [N12:Z] MOTOR_I 0 14 (14)
                              [N12:Z] [undefined] 61 119 0 80 (1031209040)
                              [N9:P] MOTOR_I 0 0 (0)
                              [N9:P] [undefined] 61 119 0 0 (1031208960)
                              [N12:Z] MOTOR_I 0 4 (4)
                              [N12:Z] [undefined] 61 119 0 80 (1031209040)
2025-08-15 18:18:41:354 [IN ] C8 24 09 18 25 A5 09 01 31 03 CF 00 00 0D B3 25 A5 09 01 31 05 E6 3D 77 00 00 DA A5 00 C8 24 0C 0E 25 A5 0C 01 31 03 CF 00 09 19 D1 25 A5 0C 01 C8 24 0C 0A 01 31 05 E6 3D 77 00 50 2D 10 D1 C8 
24 09 18 25 A5 09 01 31 03 CF 00 00 0D B3 25 A5 09 01 31 05 E6 3D 77 00 00 DA A5 00 C8 24 0C 18 25 A5 0C 01 31 03 CF 00 0A 1A D2 25 A5 0C 01 31 05 E6 3D 77 00 50 2D 10 00 C8 24 09 18 25 A5 09 
01 31 03 CF (132)
                              [N9:P] MOTOR_I 0 0 (0)
                              [N9:P] [undefined] 61 119 0 0 (1031208960)
                              [N12:Z] MOTOR_I 0 9 (9)
                              [N12:Z] [undefined] 61 119 0 80 (1031209040)
                              [N9:P] MOTOR_I 0 0 (0)
                              [N9:P] [undefined] 61 119 0 0 (1031208960)
                              [N12:Z] MOTOR_I 0 10 (10)
                              [N12:Z] [undefined] 61 119 0 80 (1031209040)
2025-08-15 18:18:41:555 [IN ] 00 00 0D B3 25 A5 09 01 31 05 E6 3D 77 00 00 DA A5 00 C8 24 0C 18 25 A5 0C 01 31 03 CF 00 02 12 CA 25 A5 0C 01 31 05 E6 3D 77 00 50 2D 10 00 C8 24 09 18 25 A5 09 01 31 03 CF 00 00 0D B3 25 A5 
09 01 31 05 E6 3D 77 00 00 DA A5 00 C8 24 0C 18 25 A5 0C 01 31 03 CF 00 04 14 CC 25 A5 0C 01 31 05 E6 3D 77 00 50 2D 10 00 (105)
                              [N9:P] MOTOR_I 0 0 (0)
                              [N9:P] [undefined] 61 119 0 0 (1031208960)
                              [N12:Z] MOTOR_I 0 2 (2)
                              [N12:Z] [undefined] 61 119 0 80 (1031209040)
                              [N9:P] MOTOR_I 0 0 (0)
                              [N9:P] [undefined] 61 119 0 0 (1031208960)
                              [N12:Z] MOTOR_I 0 4 (4)
                              [N12:Z] [undefined] 61 119 0 80 (1031209040)
2025-08-15 18:18:41:757 [IN ] C8 24 09 18 25 A5 09 01 31 03 CF 00 00 0D B3 25 A5 09 01 31 05 E6 3D 77 00 00 DA A5 00 C8 24 0C 18 25 A5 0C 01 31 03 CF 00 01 11 C9 25 A5 0C 01 31 05 E6 3D 77 00 50 2D 10 00 C8 24 09 18 25 A5 
09 01 31 03 CF 00 00 0D B3 25 A5 09 01 31 05 E6 3D 77 00 00 DA A5 00 C8 24 0C 18 25 A5 0C 01 31 03 CF 00 02 12 CA 25 A5 0C 01 31 05 E6 3D 77 00 50 2D 10 00 (116)
                              [N9:P] MOTOR_I 0 0 (0)
                              [N9:P] [undefined] 61 119 0 0 (1031208960)
                              [N12:Z] MOTOR_I 0 1 (1)
                              [N12:Z] [undefined] 61 119 0 80 (1031209040)
                              [N9:P] MOTOR_I 0 0 (0)
                              [N9:P] [undefined] 61 119 0 0 (1031208960)
                              [N12:Z] MOTOR_I 0 2 (2)
                              [N12:Z] [undefined] 61 119 0 80 (1031209040)
2025-08-15 18:18:41:958 [IN ] C8 24 09 18 25 A5 09 01 31 03 CF 00 00 0D B3 25 A5 09 01 31 05 E6 3D 77 00 00 DA A5 00 C8 24 0C 18 25 A5 0C 01 31 03 CF 00 0B 1B D3 25 A5 0C 01 31 05 E6 3D 77 00 50 2D 10 00 C8 24 09 18 25 A5 
09 01 31 03 CF 00 00 0D B3 25 A5 09 01 31 05 E6 3D 77 00 00 DA A5 00 C8 24 0C 18 25 A5 0C 01 31 03 CF 00 02 12 CA 25 A5 0C 01 31 05 E6 3D 77 00 50 2D 10 00 (116)
                              [N9:P] MOTOR_I 0 0 (0)
                              [N9:P] [undefined] 61 119 0 0 (1031208960)
                              [N12:Z] MOTOR_I 0 11 (11)
                              [N12:Z] [undefined] 61 119 0 80 (1031209040)
                              [N9:P] MOTOR_I 0 0 (0)
                              [N9:P] [undefined] 61 119 0 0 (1031208960)
                              [N12:Z] MOTOR_I 0 2 (2)
                              [N12:Z] [undefined] 61 119 0 80 (1031209040)
2025-08-15 18:18:42:160 [IN ] C8 24 09 18 25 A5 09 01 31 03 CF 00 00 0D B3 25 A5 09 01 31 05 E6 3D 77 00 00 DA A5 00 C8 24 0C 18 25 A5 0C 01 31 03 CF 00 01 11 C9 25 A5 0C 01 31 05 E6 3D 77 00 50 2D 10 00 C8 24 09 18 25 A5 
09 01 31 03 CF 00 00 0D B3 25 A5 09 01 31 05 E6 3D 77 00 00 DA A5 00 C8 24 0C 18 25 A5 0C 01 31 03 CF 00 0A 1A D2 25 A5 0C 01 31 05 E6 3D 77 00 50 2D 10 00 (116)
                              [N9:P] MOTOR_I 0 0 (0)
                              [N9:P] [undefined] 61 119 0 0 (1031208960)
                              [N12:Z] MOTOR_I 0 1 (1)
                              [N12:Z] [undefined] 61 119 0 80 (1031209040)
                              [N9:P] MOTOR_I 0 0 (0)
                              [N9:P] [undefined] 61 119 0 0 (1031208960)
                              [N12:Z] MOTOR_I 0 10 (10)
                              [N12:Z] [undefined] 61 119 0 80 (1031209040)
2025-08-15 18:18:42:361 [IN ] C8 24 09 18 25 A5 09 01 31 03 CF 00 00 0D B3 25 A5 09 01 31 05 E6 3D 77 00 00 DA A5 00 C8 24 0C 18 25 A5 0C 01 31 03 CF 00 06 16 CE 25 A5 0C 01 31 05 E6 3D 77 00 50 2D 10 00 C8 24 09 18 25 A5 
09 01 31 03 CF 00 00 0D B3 25 A5 09 01 31 05 E6 3D 77 00 00 DA A5 00 C8 24 0C 18 25 A5 0C 01 31 03 CF 00 09 19 D1 25 A5 0C 01 31 05 E6 3D 77 00 50 2D 10 00 C8 24 09 0E 25 A5 09 01 31 03 CF 00 
00 0D B3 25 A5 09 01 (135)
                              [N9:P] MOTOR_I 0 0 (0)
                              [N9:P] [undefined] 61 119 0 0 (1031208960)
                              [N12:Z] MOTOR_I 0 6 (6)
                              [N12:Z] [undefined] 61 119 0 80 (1031209040)
                              [N9:P] MOTOR_I 0 0 (0)
                              [N9:P] [undefined] 61 119 0 0 (1031208960)
                              [N12:Z] MOTOR_I 0 9 (9)
                              [N12:Z] [undefined] 61 119 0 80 (1031209040)
                              [N9:P] MOTOR_I 0 0 (0)
2025-08-15 18:18:42:564 [IN ] C8 24 09 0A 01 31 05 E6 3D 77 00 00 DA A5 B3 C8 24 0C 18 25 A5 0C 01 31 03 CF 00 0E 1E D6 25 A5 0C 01 31 05 E6 3D 77 00 50 2D 10 00 C8 24 09 15 25 A5 09 01 31 03 CF 00 00 0D B3 25 A5 09 01 31 
05 E6 3D 77 00 50 C8 24 0C 18 25 A5 0C 01 31 03 CF 00 01 11 C9 25 A5 0C 01 31 05 E6 3D 77 00 50 2D 10 00 (99)
                              [N9:P] [undefined] 61 119 0 0 (1031208960)
                              [N12:Z] MOTOR_I 0 14 (14)
                              [N12:Z] [undefined] 61 119 0 80 (1031209040)
                              [N9:P] MOTOR_I 0 0 (0)
                              [N12:Z] MOTOR_I 0 1 (1)
                              [N12:Z] [undefined] 61 119 0 80 (1031209040)
2025-08-15 18:18:42:765 [IN ] C8 24 09 1B 00 DA A5 25 A5 09 01 31 03 CF 00 00 0D B3 25 A5 09 01 31 05 E6 3D 77 00 00 DA A5 05 C8 24 0C 18 25 A5 0C 01 31 03 CF 00 0C 1C D4 25 A5 0C 01 31 05 E6 3D 77 00 50 2D 10 00 C8 24 09 
18 25 A5 09 01 31 03 CF 00 00 0D B3 25 A5 09 01 31 05 E6 3D 77 00 00 DA A5 00 C8 24 0C 18 25 A5 0C 01 31 03 CF 00 06 16 CE 25 A5 0C 01 31 05 E6 3D 77 00 50 2D 10 00 (119)
                              [N9:P] [undefined] 61 119 0 0 (1031208960)
                              [N9:P] MOTOR_I 0 0 (0)
                              [N9:P] [undefined] 61 119 0 0 (1031208960)
                              [N12:Z] MOTOR_I 0 12 (12)
                              [N12:Z] [undefined] 61 119 0 80 (1031209040)
                              [N9:P] MOTOR_I 0 0 (0)
                              [N9:P] [undefined] 61 119 0 0 (1031208960)
                              [N12:Z] MOTOR_I 0 6 (6)
                              [N12:Z] [undefined] 61 119 0 80 (1031209040)
2025-08-15 18:18:42:967 [IN ] C8 24 09 18 25 A5 09 01 31 03 CF 00 00 0D B3 25 A5 09 01 31 05 E6 3D 77 00 00 DA A5 00 C8 24 0C 18 25 A5 0C 01 31 03 CF 00 00 10 C8 25 A5 0C 01 31 05 E6 3D 77 00 50 2D 10 00 C8 24 09 18 25 A5 
09 01 31 03 CF 00 00 0D B3 25 A5 09 01 31 05 E6 3D 77 00 00 DA A5 00 C8 24 0C 0E 25 A5 0C 01 31 03 CF 00 0C 1C D4 25 A5 0C 01 C8 24 0C 0A 01 31 05 E6 3D 77 00 50 2D 10 D4 C8 24 09 18 25 A5 09 
01 31 03 CF 00 00 0D B3 25 A5 09 01 31 05 E6 3D 77 00 00 DA A5 00 (150)
                              [N9:P] MOTOR_I 0 0 (0)
                              [N9:P] [undefined] 61 119 0 0 (1031208960)
                              [N12:Z] MOTOR_I 0 0 (0)
                              [N12:Z] [undefined] 61 119 0 80 (1031209040)
                              [N9:P] MOTOR_I 0 0 (0)
                              [N9:P] [undefined] 61 119 0 0 (1031208960)
                              [N12:Z] MOTOR_I 0 12 (12)
                              [N12:Z] [undefined] 61 119 0 80 (1031209040)
                              [N9:P] MOTOR_I 0 0 (0)
                              [N9:P] [undefined] 61 119 0 0 (1031208960)
2025-08-15 18:18:43:169 [IN ] C8 24 0C 15 25 A5 0C 01 31 03 CF 00 0A 1A D2 25 A5 0C 01 31 05 E6 3D 77 00 00 C8 24 09 18 25 A5 09 01 31 03 CF 00 00 0D B3 25 A5 09 01 31 05 E6 3D 77 00 00 DA A5 00 C8 24 0C 1B 50 2D 10 25 A5 
0C 01 31 03 CF 00 0D 1D D5 25 A5 0C 01 31 05 E6 3D 77 00 50 2D 10 05 (87)
                              [N12:Z] MOTOR_I 0 10 (10)
                              [N9:P] MOTOR_I 0 0 (0)
                              [N9:P] [undefined] 61 119 0 0 (1031208960)
                              [N12:Z] [undefined] 61 119 0 80 (1031209040)
                              [N12:Z] MOTOR_I 0 13 (13)
                              [N12:Z] [undefined] 61 119 0 80 (1031209040)
2025-08-15 18:18:43:371 [IN ] C8 24 09 18 25 A5 09 01 31 03 CF 00 00 0D B3 25 A5 09 01 31 05 E6 3D 77 00 00 DA A5 50 C8 24 0C 18 25 A5 0C 01 31 03 CF 00 08 18 D0 25 A5 0C 01 31 05 E6 3D 77 00 50 2D 10 50 C8 24 09 18 25 A5 
09 01 31 03 CF 00 00 0D B3 25 A5 09 01 31 05 E6 3D 77 00 00 DA A5 50 C8 24 0C 18 25 A5 0C 01 31 03 CF 00 05 15 CD 25 A5 0C 01 31 05 E6 3D 77 00 50 2D 10 50 (116)
                              [N9:P] MOTOR_I 0 0 (0)
                              [N9:P] [undefined] 61 119 0 0 (1031208960)
                              [N12:Z] MOTOR_I 0 8 (8)
                              [N12:Z] [undefined] 61 119 0 80 (1031209040)
                              [N9:P] MOTOR_I 0 0 (0)
                              [N9:P] [undefined] 61 119 0 0 (1031208960)
                              [N12:Z] MOTOR_I 0 5 (5)
                              [N12:Z] [undefined] 61 119 0 80 (1031209040)
2025-08-15 18:18:43:572 [IN ] C8 24 09 18 25 A5 09 01 31 03 CF 00 00 0D B3 25 A5 09 01 31 05 E6 3D 77 00 00 DA A5 50 C8 24 0C 18 25 A5 0C 01 31 03 CF 00 00 10 C8 25 A5 0C 01 31 05 E6 3D 77 00 50 2D 10 50 C8 24 09 18 25 A5 
09 01 31 03 CF 00 00 0D B3 25 A5 09 01 31 05 E6 3D 77 00 00 DA A5 50 C8 24 0C 18 25 A5 0C 01 31 03 CF 00 0E 1E D6 25 A5 0C 01 31 05 E6 3D 77 00 50 2D 10 50 C8 24 09 18 25 A5 09 (123)
                              [N9:P] MOTOR_I 0 0 (0)
                              [N9:P] [undefined] 61 119 0 0 (1031208960)
                              [N12:Z] MOTOR_I 0 0 (0)
                              [N12:Z] [undefined] 61 119 0 80 (1031209040)
                              [N9:P] MOTOR_I 0 0 (0)
                              [N9:P] [undefined] 61 119 0 0 (1031208960)
                              [N12:Z] MOTOR_I 0 14 (14)
                              [N12:Z] [undefined] 61 119 0 80 (1031209040)
2025-08-15 18:18:43:774 [IN ] 01 31 03 CF 00 00 0D B3 25 A5 09 01 31 05 E6 3D 77 00 00 DA A5 50 C8 24 0C 18 25 A5 0C 01 31 03 CF 00 02 12 CA 25 A5 0C 01 31 05 E6 3D 77 00 50 2D 10 50 C8 24 09 18 25 A5 09 01 31 03 CF 00 00 
0D B3 25 A5 09 01 31 05 E6 3D 77 00 00 DA A5 50 C8 24 0C 18 25 A5 0C 01 31 03 CF 00 05 15 CD 25 A5 0C 01 31 05 E6 3D 77 00 50 2D 10 50 (109)
                              [N9:P] MOTOR_I 0 0 (0)
                              [N9:P] [undefined] 61 119 0 0 (1031208960)
                              [N12:Z] MOTOR_I 0 2 (2)
                              [N12:Z] [undefined] 61 119 0 80 (1031209040)
                              [N9:P] MOTOR_I 0 0 (0)
                              [N9:P] [undefined] 61 119 0 0 (1031208960)
                              [N12:Z] MOTOR_I 0 5 (5)
                              [N12:Z] [undefined] 61 119 0 80 (1031209040)
2025-08-15 18:18:43:975 [IN ] C8 24 09 18 25 A5 09 01 31 03 CF 00 00 0D B3 25 A5 09 01 31 05 E6 3D 77 00 00 DA A5 50 C8 24 0C 18 25 A5 0C 01 31 03 CF 00 09 19 D1 25 A5 0C 01 31 05 E6 3D 77 00 50 2D 10 50 C8 24 09 18 25 A5 
09 01 31 03 CF 00 00 0D B3 25 A5 09 01 31 05 E6 3D 77 00 00 DA A5 50 C8 24 0C 18 25 A5 0C 01 31 03 CF 00 02 12 CA 25 A5 0C 01 31 05 E6 3D 77 00 50 2D 10 50 (116)
                              [N9:P] MOTOR_I 0 0 (0)
                              [N9:P] [undefined] 61 119 0 0 (1031208960)
                              [N12:Z] MOTOR_I 0 9 (9)
                              [N12:Z] [undefined] 61 119 0 80 (1031209040)
                              [N9:P] MOTOR_I 0 0 (0)
                              [N9:P] [undefined] 61 119 0 0 (1031208960)
                              [N12:Z] MOTOR_I 0 2 (2)
                              [N12:Z] [undefined] 61 119 0 80 (1031209040)
2025-08-15 18:18:44:177 [IN ] C8 24 09 18 25 A5 09 01 31 03 CF 00 00 0D B3 25 A5 09 01 31 05 E6 3D 77 00 00 DA A5 50 C8 24 0C 18 25 A5 0C 01 31 03 CF 00 00 10 C8 25 A5 0C 01 31 05 E6 3D 77 00 50 2D 10 50 C8 24 09 18 25 A5 
09 01 31 03 CF 00 00 0D B3 25 A5 09 01 31 05 E6 3D 77 00 00 DA A5 50 C8 24 0C 18 25 A5 0C 01 31 03 CF 00 07 17 CF 25 A5 0C 01 31 05 E6 3D 77 00 50 2D 10 50 (116)
                              [N9:P] MOTOR_I 0 0 (0)
                              [N9:P] [undefined] 61 119 0 0 (1031208960)
                              [N12:Z] MOTOR_I 0 0 (0)
                              [N12:Z] [undefined] 61 119 0 80 (1031209040)
                              [N9:P] MOTOR_I 0 0 (0)
                              [N9:P] [undefined] 61 119 0 0 (1031208960)
                              [N12:Z] MOTOR_I 0 7 (7)
                              [N12:Z] [undefined] 61 119 0 80 (1031209040)
2025-08-15 18:18:44:379 [IN ] C8 24 09 0E 25 A5 09 01 31 03 CF 00 00 0D B3 25 A5 09 01 C8 24 09 0A 01 31 05 E6 3D 77 00 00 DA A5 B3 C8 24 0C 18 25 A5 0C 01 31 03 CF 00 0C 1C D4 25 A5 0C 01 31 05 E6 3D 77 00 50 2D 10 50 C8 
24 09 15 25 A5 09 01 31 03 CF 00 00 0D B3 25 A5 09 01 31 05 E6 3D 77 00 50 C8 24 0C 18 25 A5 0C 01 31 03 CF 00 00 10 C8 25 A5 0C 01 31 05 E6 3D 77 00 50 2D 10 50 C8 24 09 1B 00 DA A5 25 A5 09 
01 31 03 CF 00 00 0D B3 25 A5 09 01 31 05 E6 3D 77 00 00 DA A5 (149)
                              [N9:P] MOTOR_I 0 0 (0)
                              [N9:P] [undefined] 61 119 0 0 (1031208960)
                              [N12:Z] MOTOR_I 0 12 (12)
                              [N12:Z] [undefined] 61 119 0 80 (1031209040)
                              [N9:P] MOTOR_I 0 0 (0)
                              [N12:Z] MOTOR_I 0 0 (0)
                              [N12:Z] [undefined] 61 119 0 80 (1031209040)
                              [N9:P] [undefined] 61 119 0 0 (1031208960)
                              [N9:P] MOTOR_I 0 0 (0)
                              [N9:P] [undefined] 61 119 0 0 (1031208960)
2025-08-15 18:18:44:580 [IN ] 05 C8 24 0C 18 25 A5 0C 01 31 03 CF 00 00 10 C8 25 A5 0C 01 31 05 E6 3D 77 00 50 2D 10 00 C8 24 09 18 25 A5 09 01 31 03 CF 00 00 0D B3 25 A5 09 01 31 05 E6 3D 77 00 00 DA A5 00 C8 24 0C 18 25 
A5 0C 01 31 03 CF 00 08 18 D0 25 A5 0C 01 31 05 E6 3D 77 00 50 2D 10 00 C8 24 09 18 25 A5 09 01 31 03 CF 00 00 0D B3 25 A5 09 01 31 05 E6 3D 77 00 00 DA A5 00 (117)
                              [N12:Z] MOTOR_I 0 0 (0)
                              [N12:Z] [undefined] 61 119 0 80 (1031209040)
                              [N9:P] MOTOR_I 0 0 (0)
                              [N9:P] [undefined] 61 119 0 0 (1031208960)
                              [N12:Z] MOTOR_I 0 8 (8)
                              [N12:Z] [undefined] 61 119 0 80 (1031209040)
                              [N9:P] MOTOR_I 0 0 (0)
                              [N9:P] [undefined] 61 119 0 0 (1031208960)
2025-08-15 18:18:44:782 [IN ] C8 24 0C 18 25 A5 0C 01 31 03 CF 00 07 17 CF 25 A5 0C 01 31 05 E6 3D 77 00 50 2D 10 00 C8 24 09 18 25 A5 09 01 31 03 CF 00 00 0D B3 25 A5 09 01 31 05 E6 3D 77 00 00 DA A5 00 C8 24 0C 0E 25 A5 
0C 01 31 03 CF 00 0B 1B D3 25 A5 0C 01 C8 24 0C 0A 01 31 05 E6 3D 77 00 50 2D 10 D3 (92)
                              [N12:Z] MOTOR_I 0 7 (7)
                              [N12:Z] [undefined] 61 119 0 80 (1031209040)
                              [N9:P] MOTOR_I 0 0 (0)
                              [N9:P] [undefined] 61 119 0 0 (1031208960)
                              [N12:Z] MOTOR_I 0 11 (11)
                              [N12:Z] [undefined] 61 119 0 80 (1031209040)
2025-08-15 18:18:44:984 [IN ] C8 24 09 18 25 A5 09 01 31 03 CF 00 00 0D B3 25 A5 09 01 31 05 E6 3D 77 00 00 DA A5 00 C8 24 0C 15 25 A5 0C 01 31 03 CF 00 0A 1A D2 25 A5 0C 01 31 05 E6 3D 77 00 00 C8 24 09 18 25 A5 09 01 31 
03 CF 00 00 0D B3 25 A5 09 01 31 05 E6 3D 77 00 00 DA A5 00 C8 24 0C 1B 50 2D 10 25 A5 0C 01 31 03 CF 00 04 14 CC 25 A5 0C 01 31 05 E6 3D 77 00 50 2D 10 05 (116)
                              [N9:P] MOTOR_I 0 0 (0)
                              [N9:P] [undefined] 61 119 0 0 (1031208960)
                              [N12:Z] MOTOR_I 0 10 (10)
                              [N9:P] MOTOR_I 0 0 (0)
                              [N9:P] [undefined] 61 119 0 0 (1031208960)
                              [N12:Z] [undefined] 61 119 0 80 (1031209040)
                              [N12:Z] MOTOR_I 0 4 (4)
                              [N12:Z] [undefined] 61 119 0 80 (1031209040)
2025-08-15 18:18:45:186 [IN ] C8 24 09 18 25 A5 09 01 31 03 CF 00 00 0D B3 25 A5 09 01 31 05 E6 3D 77 00 00 DA A5 50 C8 24 0C 18 25 A5 0C 01 31 03 CF 00 04 14 CC 25 A5 0C 01 31 05 E6 3D 77 00 50 2D 10 50 C8 24 09 18 25 A5 
09 01 31 03 CF 00 00 0D B3 25 A5 09 01 31 05 E6 3D 77 00 00 DA A5 50 C8 24 0C 18 25 A5 0C 01 31 03 CF 00 07 17 CF 25 A5 0C 01 31 05 E6 3D 77 00 50 2D 10 50 (116)
                              [N9:P] MOTOR_I 0 0 (0)
                              [N9:P] [undefined] 61 119 0 0 (1031208960)
                              [N12:Z] MOTOR_I 0 4 (4)
                              [N12:Z] [undefined] 61 119 0 80 (1031209040)
                              [N9:P] MOTOR_I 0 0 (0)
                              [N9:P] [undefined] 61 119 0 0 (1031208960)
                              [N12:Z] MOTOR_I 0 7 (7)
                              [N12:Z] [undefined] 61 119 0 80 (1031209040)
2025-08-15 18:18:45:387 [IN ] C8 24 09 18 25 A5 09 01 31 03 CF 00 00 0D B3 25 A5 09 01 31 05 E6 3D 77 00 00 DA A5 50 C8 24 0C 18 25 A5 0C 01 31 03 CF 00 00 10 C8 25 A5 0C 01 31 05 E6 3D 77 00 50 2D 10 50 C8 24 09 18 25 A5 
09 01 31 03 CF 00 00 0D B3 25 A5 09 01 31 05 E6 3D 77 00 00 DA A5 50 C8 24 0C 18 25 A5 0C 01 31 03 CF 00 05 15 CD 25 A5 0C 01 31 05 E6 3D 77 00 50 2D 10 50 (116)
                              [N9:P] MOTOR_I 0 0 (0)
                              [N9:P] [undefined] 61 119 0 0 (1031208960)
                              [N12:Z] MOTOR_I 0 0 (0)
                              [N12:Z] [undefined] 61 119 0 80 (1031209040)
                              [N9:P] MOTOR_I 0 0 (0)
                              [N9:P] [undefined] 61 119 0 0 (1031208960)
                              [N12:Z] MOTOR_I 0 5 (5)
                              [N12:Z] [undefined] 61 119 0 80 (1031209040)
2025-08-15 18:18:45:589 [IN ] C8 24 09 18 25 A5 09 01 31 03 CF 00 00 0D B3 25 A5 09 01 31 05 E6 3D 77 00 00 DA A5 50 C8 24 0C 18 25 A5 0C 01 31 03 CF 00 08 18 D0 25 A5 0C 01 31 05 E6 3D 77 00 50 2D 10 50 C8 24 09 18 25 A5 
09 01 31 03 CF 00 00 0D B3 25 A5 09 01 31 05 E6 3D 77 00 00 DA A5 50 C8 24 0C 18 25 A5 0C 01 31 03 CF 00 09 19 D1 25 A5 0C 01 31 05 E6 3D 77 00 50 2D 10 50 (116)
                              [N9:P] MOTOR_I 0 0 (0)
                              [N9:P] [undefined] 61 119 0 0 (1031208960)
                              [N12:Z] MOTOR_I 0 8 (8)
                              [N12:Z] [undefined] 61 119 0 80 (1031209040)
                              [N9:P] MOTOR_I 0 0 (0)
                              [N9:P] [undefined] 61 119 0 0 (1031208960)
                              [N12:Z] MOTOR_I 0 9 (9)
                              [N12:Z] [undefined] 61 119 0 80 (1031209040)
2025-08-15 18:18:45:790 [IN ] C8 24 09 18 25 A5 09 01 31 03 CF 00 00 0D B3 25 A5 09 01 31 05 E6 3D 77 00 00 DA A5 50 C8 24 0C 18 25 A5 0C 01 31 03 CF 00 10 20 D8 25 A5 0C 01 31 05 E6 3D 77 00 50 2D 10 50 C8 24 09 18 25 A5 
09 01 31 03 CF 00 00 0D B3 25 A5 09 01 31 05 E6 3D 77 00 00 DA A5 50 C8 24 0C 18 25 A5 0C 01 31 03 CF 00 06 16 CE 25 A5 0C 01 31 05 E6 3D 77 00 50 2D 10 50 (116)
                              [N9:P] MOTOR_I 0 0 (0)
                              [N9:P] [undefined] 61 119 0 0 (1031208960)
                              [N12:Z] MOTOR_I 0 16 (16)
                              [N12:Z] [undefined] 61 119 0 80 (1031209040)
                              [N9:P] MOTOR_I 0 0 (0)
                              [N9:P] [undefined] 61 119 0 0 (1031208960)
                              [N12:Z] MOTOR_I 0 6 (6)
                              [N12:Z] [undefined] 61 119 0 80 (1031209040)
2025-08-15 18:18:45:992 [IN ] C8 24 09 18 25 A5 09 01 31 03 CF 00 00 0D B3 25 A5 09 01 31 05 E6 3D 77 00 00 DA A5 50 C8 24 0C 18 25 A5 0C 01 31 03 CF 00 03 13 CB 25 A5 0C 01 31 05 E6 3D 77 00 50 2D 10 50 C8 24 09 0E 25 A5 
09 01 31 03 CF 00 00 0D B3 25 A5 09 01 C8 24 09 0A 01 31 05 E6 3D 77 00 00 DA A5 B3 C8 24 0C 18 25 A5 0C 01 31 03 CF 00 04 14 CC 25 A5 0C 01 31 05 E6 3D 77 00 50 2D 10 50 C8 24 09 0E 25 A5 09 
01 31 03 CF 00 00 0D B3 25 A5 09 01 (140)
                              [N9:P] MOTOR_I 0 0 (0)
                              [N9:P] [undefined] 61 119 0 0 (1031208960)
                              [N12:Z] MOTOR_I 0 3 (3)
                              [N12:Z] [undefined] 61 119 0 80 (1031209040)
                              [N9:P] MOTOR_I 0 0 (0)
                              [N9:P] [undefined] 61 119 0 0 (1031208960)
                              [N12:Z] MOTOR_I 0 4 (4)
                              [N12:Z] [undefined] 61 119 0 80 (1031209040)
                              [N9:P] MOTOR_I 0 0 (0)
2025-08-15 18:18:46:193 [IN ] C8 24 09 0A 01 31 05 E6 3D 77 00 00 DA A5 B3 C8 24 0C 18 25 A5 0C 01 31 03 CF 00 0A 1A D2 25 A5 0C 01 31 05 E6 3D 77 00 50 2D 10 50 C8 24 09 18 25 A5 09 01 31 03 CF 00 00 0D B3 25 A5 09 01 31 
05 E6 3D 77 00 00 DA A5 50 C8 24 0C 18 25 A5 0C 01 31 03 CF 00 04 14 CC 25 A5 0C 01 31 05 E6 3D 77 00 50 2D 10 50 C8 24 09 18 25 A5 09 01 31 03 CF 00 00 0D B3 25 A5 09 01 31 05 E6 3D 77 00 00 
DA A5 50 (131)
                              [N9:P] [undefined] 61 119 0 0 (1031208960)
                              [N12:Z] MOTOR_I 0 10 (10)
                              [N12:Z] [undefined] 61 119 0 80 (1031209040)
                              [N9:P] MOTOR_I 0 0 (0)
                              [N9:P] [undefined] 61 119 0 0 (1031208960)
                              [N12:Z] MOTOR_I 0 4 (4)
                              [N12:Z] [undefined] 61 119 0 80 (1031209040)
                              [N9:P] MOTOR_I 0 0 (0)
                              [N9:P] [undefined] 61 119 0 0 (1031208960)
2025-08-15 18:18:46:395 [IN ] C8 24 0C 18 25 A5 0C 01 31 03 CF 00 02 12 CA 25 A5 0C 01 31 05 E6 3D 77 00 50 2D 10 50 C8 24 09 18 25 A5 09 01 31 03 CF 00 00 0D B3 25 A5 09 01 31 05 E6 3D 77 00 00 DA A5 50 C8 24 0C 18 25 A5 
0C 01 31 03 CF 00 0B 1B D3 25 A5 0C 01 31 05 E6 3D 77 00 50 2D 10 50 (87)
                              [N12:Z] MOTOR_I 0 2 (2)
                              [N12:Z] [undefined] 61 119 0 80 (1031209040)
                              [N9:P] MOTOR_I 0 0 (0)
                              [N9:P] [undefined] 61 119 0 0 (1031208960)
                              [N12:Z] MOTOR_I 0 11 (11)
                              [N12:Z] [undefined] 61 119 0 80 (1031209040)
2025-08-15 18:18:46:597 [IN ] C8 24 09 18 25 A5 09 01 31 03 CF 00 00 0D B3 25 A5 09 01 31 05 E6 3D 77 00 00 DA A5 50 C8 24 0C 18 25 A5 0C 01 31 03 CF 00 06 16 CE 25 A5 0C 01 31 05 E6 3D 77 00 50 2D 10 50 C8 24 09 18 25 A5 
09 01 31 03 CF 00 00 0D B3 25 A5 09 01 31 05 E6 3D 77 00 00 DA A5 50 C8 24 0C 0E 25 A5 0C 01 31 03 CF 00 06 16 CE 25 A5 0C 01 C8 24 0C 0A 01 31 05 E6 3D 77 00 50 2D 10 CE C8 24 09 18 25 A5 09 
01 31 03 CF 00 00 0D B3 25 A5 09 01 31 05 E6 3D 77 00 00 DA (148)
                              [N9:P] MOTOR_I 0 0 (0)
                              [N9:P] [undefined] 61 119 0 0 (1031208960)
                              [N12:Z] MOTOR_I 0 6 (6)
                              [N12:Z] [undefined] 61 119 0 80 (1031209040)
                              [N9:P] MOTOR_I 0 0 (0)
                              [N9:P] [undefined] 61 119 0 0 (1031208960)
                              [N12:Z] MOTOR_I 0 6 (6)
                              [N12:Z] [undefined] 61 119 0 80 (1031209040)
2025-08-15 18:18:46:799 [IN ] A5 50 C8 24 0C 15 25 A5 0C 01 31 03 CF 00 06 16 CE 25 A5 0C 01 31 05 E6 3D 77 00 00 C8 24 09 18 25 A5 09 01 31 03 CF 00 00 0D B3 25 A5 09 01 31 05 E6 3D 77 00 00 DA A5 50 C8 24 0C 1B 50 2D 10 
25 A5 0C 01 31 03 CF 00 03 13 CB 25 A5 0C 01 31 05 E6 3D 77 00 50 2D 10 05 (89)
                              [N9:P] MOTOR_I 0 0 (0)
                              [N9:P] [undefined] 61 119 0 0 (1031208960)
                              [N12:Z] MOTOR_I 0 6 (6)
                              [N9:P] MOTOR_I 0 0 (0)
                              [N9:P] [undefined] 61 119 0 0 (1031208960)
                              [N12:Z] [undefined] 61 119 0 80 (1031209040)
                              [N12:Z] MOTOR_I 0 3 (3)
                              [N12:Z] [undefined] 61 119 0 80 (1031209040)
2025-08-15 18:18:47:001 [IN ] C8 24 09 18 25 A5 09 01 31 03 CF 00 00 0D B3 25 A5 09 01 31 05 E6 3D 77 00 00 DA A5 50 C8 24 0C 18 25 A5 0C 01 31 03 CF 00 0D 1D D5 25 A5 0C 01 31 05 E6 3D 77 00 50 2D 10 50 C8 24 09 18 25 A5 
09 01 31 03 CF 00 00 0D B3 25 A5 09 01 31 05 E6 3D 77 00 00 DA A5 50 C8 24 0C 18 25 A5 0C 01 31 03 CF 00 01 11 C9 25 A5 0C 01 31 05 E6 3D 77 00 50 2D 10 50 (116)
                              [N9:P] MOTOR_I 0 0 (0)
                              [N9:P] [undefined] 61 119 0 0 (1031208960)
                              [N12:Z] MOTOR_I 0 13 (13)
                              [N12:Z] [undefined] 61 119 0 80 (1031209040)
                              [N9:P] MOTOR_I 0 0 (0)
                              [N9:P] [undefined] 61 119 0 0 (1031208960)
                              [N12:Z] MOTOR_I 0 1 (1)
                              [N12:Z] [undefined] 61 119 0 80 (1031209040)
2025-08-15 18:18:47:203 [IN ] C8 24 09 18 25 A5 09 01 31 03 CF 00 00 0D B3 25 A5 09 01 31 05 E6 3D 77 00 00 DA A5 50 C8 24 0C 18 25 A5 0C 01 31 03 CF 00 06 16 CE 25 A5 0C 01 31 05 E6 3D 77 00 50 2D 10 50 C8 24 09 18 25 A5 
09 01 31 03 CF 00 00 0D B3 25 A5 09 01 31 05 E6 3D 77 00 00 DA A5 50 C8 24 0C 18 25 A5 0C 01 31 03 CF 00 01 11 C9 25 A5 0C 01 31 05 E6 3D 77 00 50 2D 10 50 (116)
                              [N9:P] MOTOR_I 0 0 (0)
                              [N9:P] [undefined] 61 119 0 0 (1031208960)
                              [N12:Z] MOTOR_I 0 6 (6)
                              [N12:Z] [undefined] 61 119 0 80 (1031209040)
                              [N9:P] MOTOR_I 0 0 (0)
                              [N9:P] [undefined] 61 119 0 0 (1031208960)
                              [N12:Z] MOTOR_I 0 1 (1)
                              [N12:Z] [undefined] 61 119 0 80 (1031209040)
2025-08-15 18:18:47:405 [IN ] C8 24 09 18 25 A5 09 01 31 03 CF 00 00 0D B3 25 A5 09 01 31 05 E6 3D 77 00 00 DA A5 50 C8 24 0C 18 25 A5 0C 01 31 03 CF 00 07 17 CF 25 A5 0C 01 31 05 E6 3D 77 00 50 2D 10 50 C8 24 09 18 25 A5 
09 01 31 03 CF 00 00 0D B3 25 A5 09 01 31 05 E6 3D 77 00 00 DA A5 50 C8 24 0C 18 25 A5 0C 01 31 03 CF 00 01 11 C9 25 A5 0C 01 31 05 E6 3D 77 00 50 2D 10 50 (116)
                              [N9:P] MOTOR_I 0 0 (0)
                              [N9:P] [undefined] 61 119 0 0 (1031208960)
                              [N12:Z] MOTOR_I 0 7 (7)
                              [N12:Z] [undefined] 61 119 0 80 (1031209040)
                              [N9:P] MOTOR_I 0 0 (0)
                              [N9:P] [undefined] 61 119 0 0 (1031208960)
                              [N12:Z] MOTOR_I 0 1 (1)
                              [N12:Z] [undefined] 61 119 0 80 (1031209040)
2025-08-15 18:18:47:606 [IN ] C8 24 09 18 25 A5 09 01 31 03 CF 00 00 0D B3 25 A5 09 01 31 05 E6 3D 77 00 00 DA A5 50 C8 24 0C 18 25 A5 0C 01 31 03 CF 00 05 15 CD 25 A5 0C 01 31 05 E6 3D 77 00 50 2D 10 50 C8 24 09 18 25 A5 
09 01 31 03 CF 00 00 0D B3 25 A5 09 01 31 05 E6 3D 77 00 00 DA A5 50 C8 24 0C 18 25 A5 0C 01 31 03 CF 00 04 14 CC 25 A5 0C 01 31 05 E6 3D 77 00 50 2D 10 50 (116)
                              [N9:P] MOTOR_I 0 0 (0)
                              [N9:P] [undefined] 61 119 0 0 (1031208960)
                              [N12:Z] MOTOR_I 0 5 (5)
                              [N12:Z] [undefined] 61 119 0 80 (1031209040)
                              [N9:P] MOTOR_I 0 0 (0)
                              [N9:P] [undefined] 61 119 0 0 (1031208960)
                              [N12:Z] MOTOR_I 0 4 (4)
                              [N12:Z] [undefined] 61 119 0 80 (1031209040)
2025-08-15 18:18:47:807 [IN ] C8 24 09 18 25 A5 09 01 31 03 CF 00 00 0D B3 25 A5 09 01 31 05 E6 3D 77 00 00 DA A5 50 C8 24 0C 18 25 A5 0C 01 31 03 CF 00 00 10 C8 25 A5 0C 01 31 05 E6 3D 77 00 50 2D 10 50 C8 24 09 0E 25 A5 
09 01 31 03 CF 00 00 0D B3 25 A5 09 01 C8 24 09 0A 01 31 05 E6 3D 77 00 00 DA A5 B3 C8 24 0C 18 25 A5 0C 01 31 03 CF 00 00 10 C8 25 A5 0C 01 31 05 E6 3D 77 00 50 2D 10 50 C8 24 09 15 25 A5 09 
01 31 03 CF 00 00 0D B3 25 A5 09 01 31 05 E6 3D 77 00 50 (147)
                              [N9:P] MOTOR_I 0 0 (0)
                              [N9:P] [undefined] 61 119 0 0 (1031208960)
                              [N12:Z] MOTOR_I 0 0 (0)
                              [N12:Z] [undefined] 61 119 0 80 (1031209040)
                              [N9:P] MOTOR_I 0 0 (0)
                              [N9:P] [undefined] 61 119 0 0 (1031208960)
                              [N12:Z] MOTOR_I 0 0 (0)
                              [N12:Z] [undefined] 61 119 0 80 (1031209040)
                              [N9:P] MOTOR_I 0 0 (0)
2025-08-15 18:18:48:011 [IN ] C8 24 0C 18 25 A5 0C 01 31 03 CF 00 05 15 CD 25 A5 0C 01 31 05 E6 3D 77 00 50 2D 10 50 C8 24 09 1B 00 DA A5 25 A5 09 01 31 03 CF 00 00 0D B3 25 A5 09 01 31 05 E6 3D 77 00 00 DA A5 05 C8 24 04 
0B 25 A5 04 01 31 03 81 5A 4C 60 A6 00 C8 24 0C 18 25 A5 0C 01 31 03 CF 00 07 17 CF 25 A5 0C 01 31 05 E6 3D 77 00 50 2D 10 00 C8 24 09 18 25 A5 09 01 31 03 CF (117)
                              [N12:Z] MOTOR_I 0 5 (5)
                              [N12:Z] [undefined] 61 119 0 80 (1031209040)
                              [N9:P] [undefined] 61 119 0 0 (1031208960)
                              [N9:P] MOTOR_I 0 0 (0)
                              [N9:P] [undefined] 61 119 0 0 (1031208960)
                              [N4:Y] TPOS 'Z' 76 (76)
                              [N12:Z] MOTOR_I 0 7 (7)
                              [N12:Z] [undefined] 61 119 0 80 (1031209040)
2025-08-15 18:18:48:212 [IN ] 00 00 0D B3 25 A5 09 01 31 05 E6 3D 77 00 00 DA A5 00 C8 24 04 0A 25 A5 04 01 31 02 81 49 02 32 B3 C8 24 0C 18 25 A5 0C 01 31 03 CF 00 05 15 CD 25 A5 0C 01 31 05 E6 3D 77 00 50 2D 10 00 C8 24 
09 18 25 A5 09 01 31 03 CF 00 00 0D B3 25 A5 09 01 31 05 E6 3D 77 00 00 DA A5 00 C8 24 0C 18 25 A5 0C 01 31 03 CF 00 04 14 CC 25 A5 0C 01 31 05 E6 3D 77 00 50 2D 10 00 C8 24 09 18 25 A5 09 01 
31 03 CF 00 00 0D B3 25 A5 09 01 31 05 E6 3D 77 00 00 DA A5 00 (149)
                              [N9:P] MOTOR_I 0 0 (0)
                              [N9:P] [undefined] 61 119 0 0 (1031208960)
                              [N4:Y] TPOS 'I'
                              [N12:Z] MOTOR_I 0 5 (5)
                              [N12:Z] [undefined] 61 119 0 80 (1031209040)
                              [N9:P] MOTOR_I 0 0 (0)
                              [N9:P] [undefined] 61 119 0 0 (1031208960)
                              [N12:Z] MOTOR_I 0 4 (4)
                              [N12:Z] [undefined] 61 119 0 80 (1031209040)
                              [N9:P] MOTOR_I 0 0 (0)
                              [N9:P] [undefined] 61 119 0 0 (1031208960)
2025-08-15 18:18:48:436 [OUT] 25 A5 01 09 31 02 D8 3F 54 EC (10)
                              [N9:P] INTERRUPT '?'
2025-08-15 18:18:48:437 [IN ] C8 24 0C 18 25 A5 0C 01 31 03 CF 00 08 18 D0 25 A5 0C 01 31 05 E6 3D 77 00 50 2D 10 00 C8 24 09 18 25 A5 09 01 31 03 CF 00 00 0D B3 25 A5 09 01 31 05 E6 3D 77 00 00 DA A5 00 C8 24 0C 0E 25 A5 
0C 01 31 03 CF 00 04 14 CC 25 A5 0C 01 C8 24 0C 0A 01 31 05 E6 3D 77 00 50 2D 10 CC C8 24 09 18 25 A5 09 01 31 03 CF 00 00 0D B3 25 A5 09 01 31 05 E6 3D 77 00 00 DA A5 00 (121)
                              [N12:Z] MOTOR_I 0 8 (8)
                              [N12:Z] [undefined] 61 119 0 80 (1031209040)
                              [N9:P] MOTOR_I 0 0 (0)
                              [N9:P] [undefined] 61 119 0 0 (1031208960)
                              [N12:Z] MOTOR_I 0 4 (4)
                              [N12:Z] [undefined] 61 119 0 80 (1031209040)
                              [N9:P] MOTOR_I 0 0 (0)
                              [N9:P] [undefined] 61 119 0 0 (1031208960)
2025-08-15 18:18:48:741 [IN ] C8 24 0C 15 25 A5 0C 01 31 03 CF 00 08 18 D0 25 A5 0C 01 31 05 E6 3D 77 00 00 C8 24 09 18 25 A5 09 01 31 03 CF 00 00 0D B3 25 A5 09 01 31 05 E6 3D 77 00 00 DA A5 00 C8 24 0C 1B 50 2D 10 25 A5 
0C 01 31 03 CF 00 00 10 C8 25 A5 0C 01 31 05 E6 3D 77 00 50 2D 10 05 C8 24 09 0C 25 A5 09 01 31 04 D8 3A 01 01 53 9A 10 C8 24 09 18 25 A5 09 01 31 03 CF 00 00 0D B3 25 A5 09 01 31 05 E6 3D 77 
00 00 DA A5 50 C8 24 0C 18 25 A5 0C 01 31 03 CF 00 09 19 D1 25 A5 0C 01 31 05 E6 3D 77 00 50 2D 10 50 C8 24 09 18 25 A5 09 01 31 03 CF 00 00 0D B3 25 A5 09 01 31 05 E6 3D 77 00 00 DA A5 50 (191)
                              [N12:Z] MOTOR_I 0 8 (8)
                              [N9:P] MOTOR_I 0 0 (0)
                              [N9:P] [undefined] 61 119 0 0 (1031208960)
                              [N12:Z] [undefined] 61 119 0 80 (1031209040)
                              [N12:Z] MOTOR_I 0 0 (0)
                              [N12:Z] [undefined] 61 119 0 80 (1031209040)
                              [N9:P] INTERRUPT ':' 1 1 (257)
                              [N9:P] MOTOR_I 0 0 (0)
                              [N9:P] [undefined] 61 119 0 0 (1031208960)
                              [N12:Z] MOTOR_I 0 9 (9)
                              [N12:Z] [undefined] 61 119 0 80 (1031209040)
                              [N9:P] MOTOR_I 0 0 (0)
                              [N9:P] [undefined] 61 119 0 0 (1031208960)
2025-08-15 18:18:48:762 [OUT] 25 A5 01 04 31 03 C9 3D 09 48 FE (11)
                              [N4:Y] LFLAG '=' 9 (9)
2025-08-15 18:18:48:785 [OUT] 25 A5 01 07 31 02 D8 3F 52 E2 (10)
                              [N7:N] INTERRUPT '?'
2025-08-15 18:18:48:785 [IN ] C8 24 0C 18 25 A5 0C 01 31 03 CF 00 0B 1B D3 25 A5 0C 01 31 05 E6 3D 77 00 50 2D 10 50 (29)
                              [N12:Z] MOTOR_I 0 11 (11)
                              [N12:Z] [undefined] 61 119 0 80 (1031209040)
2025-08-15 18:18:49:087 [IN ] C8 24 09 18 25 A5 09 01 31 03 CF 00 00 0D B3 25 A5 09 01 31 05 E6 3D 77 00 00 DA A5 50 C8 24 0C 18 25 A5 0C 01 31 03 CF 00 02 12 CA 25 A5 0C 01 31 05 E6 3D 77 00 50 2D 10 50 C8 24 04 0B 25 A5 
04 01 31 03 C9 3A 09 45 FB 25 C8 24 09 18 25 A5 09 01 31 03 CF 00 00 0D B3 25 A5 09 01 31 05 E6 3D 77 00 00 DA A5 50 C8 24 0C 18 25 A5 0C 01 31 03 CF 00 03 13 CB 25 A5 0C 01 31 05 E6 3D 77 00 
50 2D 10 50 C8 24 07 0C 25 A5 07 01 31 04 D8 3A 01 01 51 8A A5 C8 24 09 18 25 A5 09 01 31 03 CF 00 00 0D B3 25 A5 09 01 31 05 E6 3D 77 00 00 DA A5 50 C8 24 0C 18 25 A5 0C 01 31 03 CF 00 0D 1D 
D5 25 A5 0C 01 31 05 E6 3D 77 00 50 2D 10 50 (207)
                              [N9:P] MOTOR_I 0 0 (0)
                              [N9:P] [undefined] 61 119 0 0 (1031208960)
                              [N12:Z] MOTOR_I 0 2 (2)
                              [N12:Z] [undefined] 61 119 0 80 (1031209040)
                              [N4:Y] LFLAG ':' 9 (9)
                              [N9:P] MOTOR_I 0 0 (0)
                              [N9:P] [undefined] 61 119 0 0 (1031208960)
                              [N12:Z] MOTOR_I 0 3 (3)
                              [N12:Z] [undefined] 61 119 0 80 (1031209040)
                              [N7:N] INTERRUPT ':' 1 1 (257)
                              [N9:P] MOTOR_I 0 0 (0)
                              [N9:P] [undefined] 61 119 0 0 (1031208960)
                              [N12:Z] MOTOR_I 0 13 (13)
                              [N12:Z] [undefined] 61 119 0 80 (1031209040)
2025-08-15 18:18:49:108 [OUT] 25 A5 01 09 31 03 C9 3D 0B 4F 1E (11)
                              [N9:P] LFLAG '=' 11 (11)
2025-08-15 18:18:49:129 [OUT] 25 A5 01 07 31 03 C9 3D 0B 4D 12 (11)
                              [N7:N] LFLAG '=' 11 (11)
2025-08-15 18:18:49:129 [IN ] C8 24 09 (3)
2025-08-15 18:18:49:151 [IN ] 18 25 A5 09 01 31 03 CF 00 00 0D B3 25 A5 09 01 31 05 E6 3D 77 00 00 DA A5 50 (26)
                              [N9:P] MOTOR_I 0 0 (0)
                              [N9:P] [undefined] 61 119 0 0 (1031208960)
2025-08-15 18:18:49:193 [IN ] C8 24 0C 18 25 A5 0C 01 31 03 CF 00 05 15 CD 25 A5 0C 01 31 05 E6 3D 77 00 50 2D 10 50 (29)
                              [N12:Z] MOTOR_I 0 5 (5)
                              [N12:Z] [undefined] 61 119 0 80 (1031209040)
2025-08-15 18:18:49:235 [IN ] C8 24 09 18 25 A5 09 01 31 03 CF 00 00 0D B3 25 A5 09 01 31 05 E6 3D 77 00 00 DA A5 50 (29)
                              [N9:P] MOTOR_I 0 0 (0)
                              [N9:P] [undefined] 61 119 0 0 (1031208960)
2025-08-15 18:18:49:277 [IN ] C8 24 09 0B 25 A5 09 01 31 03 C9 3A 0B 4C 20 25 C8 24 0C 18 25 A5 0C 01 31 03 CF 00 06 16 CE 25 A5 0C 01 31 05 E6 3D 77 00 50 2D 10 50 (45)
                              [N9:P] LFLAG ':' 11 (11)
                              [N12:Z] MOTOR_I 0 6 (6)
                              [N12:Z] [undefined] 61 119 0 80 (1031209040)
2025-08-15 18:18:49:298 [OUT] 25 A5 01 09 31 03 88 00 50 16 26 (11)
                              [N9:P] RUN 0 80 (80)
2025-08-15 18:18:49:340 [IN ] C8 24 09 18 25 A5 09 01 31 03 CF 00 00 0D B3 25 A5 09 01 31 05 E6 3D 77 00 00 DA A5 50 (29)
                              [N9:P] MOTOR_I 0 0 (0)
                              [N9:P] [undefined] 61 119 0 0 (1031208960)
2025-08-15 18:18:49:382 [IN ] C8 24 07 0B 25 A5 07 01 31 03 C9 3A 0B 4A 12 25 (16)
                              [N7:N] LFLAG ':' 11 (11)
2025-08-15 18:18:49:403 [OUT] 25 A5 01 07 31 03 88 00 50 14 1A (11)
                              [N7:N] RUN 0 80 (80)
2025-08-15 18:18:49:404 [IN ] C8 24 0C 18 25 A5 0C 01 31 03 CF 00 06 16 CE 25 A5 0C 01 31 05 E6 3D 77 00 50 2D 10 50 (29)
                              [N12:Z] MOTOR_I 0 6 (6)
                              [N12:Z] [undefined] 61 119 0 80 (1031209040)
2025-08-15 18:18:49:446 [IN ] C8 24 09 18 25 A5 09 01 31 03 CF 00 00 0D B3 25 A5 09 01 31 05 E6 3D 77 00 00 DA A5 50 (29)
                              [N9:P] MOTOR_I 0 0 (0)
                              [N9:P] [undefined] 61 119 0 0 (1031208960)
2025-08-15 18:18:49:487 [IN ] C8 24 09 0C 25 A5 09 01 31 04 88 53 00 50 6A F2 A5 C8 24 0C 18 25 A5 0C 01 31 03 CF 00 05 15 CD 25 A5 0C 01 31 05 E6 3D 77 00 50 2D 10 50 (46)
                              [N9:P] RUN 'S' 0 80 (80)
                              [N12:Z] MOTOR_I 0 5 (5)
                              [N12:Z] [undefined] 61 119 0 80 (1031209040)
2025-08-15 18:18:49:529 [IN ] C8 24 09 0E 25 A5 09 01 31 03 CF 00 2C 39 DF 25 A5 09 01 (19)
                              [N9:P] MOTOR_I 0 44 (44)
2025-08-15 18:18:49:550 [IN ] C8 24 09 0A 01 31 05 E6 3D 77 00 50 2A F5 DF C8 24 09 0B 25 A5 09 01 31 03 81 5A 4C 65 C9 25 (31)
                              [N9:P] [undefined] 61 119 0 80 (1031209040)
                              [N9:P] TPOS 'Z' 76 (76)
2025-08-15 18:18:49:592 [IN ] C8 24 09 0A 25 A5 09 01 31 02 81 49 07 50 C9 C8 24 0C 18 25 A5 0C 01 31 03 CF 00 07 17 CF 25 A5 0C 01 31 05 E6 3D 77 00 50 2D 10 50 (44)
                              [N9:P] TPOS 'I'
                              [N12:Z] MOTOR_I 0 7 (7)
                              [N12:Z] [undefined] 61 119 0 80 (1031209040)
2025-08-15 18:18:49:615 [IN ] C8 24 07 0C 25 A5 07 01 31 04 88 53 00 50 68 E2 A5 C8 24 09 15 25 A5 09 01 31 03 CF 00 00 0D B3 25 A5 09 01 31 05 E6 3D 77 00 50 (43)
                              [N7:N] RUN 'S' 0 80 (80)
                              [N9:P] MOTOR_I 0 0 (0)
2025-08-15 18:18:49:636 [OUT] 25 A5 01 09 31 03 C9 3D 09 4D 1C (11)
                              [N9:P] LFLAG '=' 9 (9)
2025-08-15 18:18:49:657 [OUT] 25 A5 01 04 31 05 81 FF EE 88 01 32 FA (13)
                              [N4:Y] TPOS 255 238 136 1 (-1144831)
2025-08-15 18:18:49:699 [IN ] C8 24 0C 18 25 A5 0C 01 31 03 CF 00 00 10 C8 25 A5 0C 01 31 05 E6 3D 77 00 50 2D 10 50 (29)
                              [N12:Z] MOTOR_I 0 0 (0)
                              [N12:Z] [undefined] 61 119 0 80 (1031209040)
2025-08-15 18:18:49:742 [IN ] C8 24 09 1B 00 DA A5 25 A5 09 01 31 03 CF 00 00 0D B3 25 A5 09 01 31 05 E6 3D 77 00 00 DA A5 05 (32)
                              [N9:P] [undefined] 61 119 0 0 (1031208960)
                              [N9:P] MOTOR_I 0 0 (0)
                              [N9:P] [undefined] 61 119 0 0 (1031208960)
2025-08-15 18:18:49:806 [IN ] C8 24 09 0B 25 A5 09 01 31 03 C9 3A 09 4A 1E 00 C8 24 0C 18 25 A5 0C 01 31 03 CF 00 06 16 CE 25 A5 0C 01 31 05 E6 3D 77 00 50 2D 10 00 (45)
                              [N9:P] LFLAG ':' 9 (9)
                              [N12:Z] MOTOR_I 0 6 (6)
                              [N12:Z] [undefined] 61 119 0 80 (1031209040)
2025-08-15 18:18:49:827 [IN ] C8 24 09 18 25 A5 09 01 31 03 CF 00 00 0D B3 25 A5 09 01 31 05 E6 3D 77 00 00 DA A5 00 (29)
                              [N9:P] MOTOR_I 0 0 (0)
                              [N9:P] [undefined] 61 119 0 0 (1031208960)
2025-08-15 18:18:49:890 [IN ] C8 24 0C 18 25 A5 0C 01 31 03 CF 00 02 12 (14)
2025-08-15 18:18:49:911 [IN ] CA 25 A5 0C 01 31 05 E6 3D 77 00 50 2D 10 00 (15)
                              [N12:Z] MOTOR_I 0 2 (2)
                              [N12:Z] [undefined] 61 119 0 80 (1031209040)
2025-08-15 18:18:49:932 [IN ] C8 24 04 0E 25 A5 04 01 31 06 81 53 00 00 00 00 10 88 01 C8 24 09 18 25 A5 09 01 31 03 CF 00 00 0D B3 25 A5 09 01 31 05 E6 3D 77 00 00 (45)
                              [N4:Y] TPOS 'S' 0 0 0 0 (0)
2025-08-15 18:18:50:133 [IN ] DA A5 00 C8 24 0C 18 25 A5 0C 01 31 03 CF 00 00 10 C8 25 A5 0C 01 31 05 E6 3D 77 00 50 2D 10 00 C8 24 09 18 25 A5 09 01 31 03 CF 00 00 0D B3 25 A5 09 01 31 05 E6 3D 77 00 00 DA A5 00 C8 24 0C 
18 25 A5 0C 01 31 03 CF 00 08 18 D0 25 A5 0C 01 31 05 E6 3D 77 00 50 2D 10 00 C8 24 09 18 25 A5 09 01 31 03 CF 00 00 0D B3 25 A5 09 01 31 05 E6 3D 77 00 00 DA A5 00 (119)
                              [N9:P] MOTOR_I 0 0 (0)
                              [N9:P] [undefined] 61 119 0 0 (1031208960)
                              [N12:Z] MOTOR_I 0 0 (0)
                              [N12:Z] [undefined] 61 119 0 80 (1031209040)
                              [N9:P] MOTOR_I 0 0 (0)
                              [N9:P] [undefined] 61 119 0 0 (1031208960)
                              [N12:Z] MOTOR_I 0 8 (8)
                              [N12:Z] [undefined] 61 119 0 80 (1031209040)
                              [N9:P] MOTOR_I 0 0 (0)
                              [N9:P] [undefined] 61 119 0 0 (1031208960)
2025-08-15 18:18:50:335 [IN ] C8 24 0C 0E 25 A5 0C 01 31 03 CF 00 02 12 CA 25 A5 0C 01 C8 24 0C 0A 01 31 05 E6 3D 77 00 50 2D 10 CA C8 24 09 18 25 A5 09 01 31 03 CF 00 00 0D B3 25 A5 09 01 31 05 E6 3D 77 00 00 DA A5 00 C8 
24 0C 15 25 A5 0C 01 31 03 CF 00 06 16 CE 25 A5 0C 01 31 05 E6 3D 77 00 00 C8 24 09 18 25 A5 09 01 31 03 CF 00 00 0D B3 25 A5 09 01 31 05 E6 3D 77 00 00 DA A5 00 (118)
                              [N12:Z] MOTOR_I 0 2 (2)
                              [N12:Z] [undefined] 61 119 0 80 (1031209040)
                              [N9:P] MOTOR_I 0 0 (0)
                              [N9:P] [undefined] 61 119 0 0 (1031208960)
                              [N12:Z] MOTOR_I 0 6 (6)
                              [N9:P] MOTOR_I 0 0 (0)
                              [N9:P] [undefined] 61 119 0 0 (1031208960)
2025-08-15 18:18:50:538 [IN ] C8 24 0C 1B 50 2D 10 25 A5 0C 01 31 03 CF 00 09 19 D1 25 A5 0C 01 31 05 E6 3D 77 00 50 2D 10 05 C8 24 09 18 25 A5 09 01 31 03 CF 00 00 0D B3 25 A5 09 01 31 05 E6 3D 77 00 00 DA A5 50 C8 24 0C 
18 25 A5 0C 01 31 03 CF 00 02 12 CA 25 A5 0C 01 31 05 E6 3D 77 00 50 2D 10 50 (90)
                              [N12:Z] [undefined] 61 119 0 80 (1031209040)
                              [N12:Z] MOTOR_I 0 9 (9)
                              [N12:Z] [undefined] 61 119 0 80 (1031209040)
                              [N9:P] MOTOR_I 0 0 (0)
                              [N9:P] [undefined] 61 119 0 0 (1031208960)
                              [N12:Z] MOTOR_I 0 2 (2)
                              [N12:Z] [undefined] 61 119 0 80 (1031209040)
2025-08-15 18:18:50:739 [IN ] C8 24 09 18 25 A5 09 01 31 03 CF 00 00 0D B3 25 A5 09 01 31 05 E6 3D 77 00 00 DA A5 50 C8 24 0C 18 25 A5 0C 01 31 03 CF 00 0D 1D D5 25 A5 0C 01 31 05 E6 3D 77 00 50 2D 10 50 C8 24 09 18 25 A5 
09 01 31 03 CF 00 00 0D B3 25 A5 09 01 31 05 E6 3D 77 00 00 DA A5 50 C8 24 0C 18 25 A5 0C 01 31 03 CF 00 09 19 D1 25 A5 0C 01 31 05 E6 3D 77 00 50 2D 10 50 C8 24 09 18 25 A5 09 01 31 03 CF 00 
00 0D B3 25 A5 09 01 31 05 E6 3D 77 00 00 DA A5 50 (145)
                              [N9:P] MOTOR_I 0 0 (0)
                              [N9:P] [undefined] 61 119 0 0 (1031208960)
                              [N12:Z] MOTOR_I 0 13 (13)
                              [N12:Z] [undefined] 61 119 0 80 (1031209040)
                              [N9:P] MOTOR_I 0 0 (0)
                              [N9:P] [undefined] 61 119 0 0 (1031208960)
                              [N12:Z] MOTOR_I 0 9 (9)
                              [N12:Z] [undefined] 61 119 0 80 (1031209040)
                              [N9:P] MOTOR_I 0 0 (0)
                              [N9:P] [undefined] 61 119 0 0 (1031208960)
2025-08-15 18:18:50:941 [IN ] C8 24 0C 18 25 A5 0C 01 31 03 CF 00 05 15 CD 25 A5 0C 01 31 05 E6 3D 77 00 50 2D 10 50 C8 24 09 18 25 A5 09 01 31 03 CF 00 00 0D B3 25 A5 09 01 31 05 E6 3D 77 00 00 DA A5 50 C8 24 0C 18 25 A5 
0C 01 31 03 CF 00 00 10 C8 25 A5 0C 01 31 05 E6 3D 77 00 50 2D 10 50 C8 24 09 18 25 A5 09 01 31 03 CF 00 00 0D B3 25 A5 09 01 31 05 E6 3D 77 00 00 DA A5 50 (116)
                              [N12:Z] MOTOR_I 0 5 (5)
                              [N12:Z] [undefined] 61 119 0 80 (1031209040)
                              [N9:P] MOTOR_I 0 0 (0)
                              [N9:P] [undefined] 61 119 0 0 (1031208960)
                              [N12:Z] MOTOR_I 0 0 (0)
                              [N12:Z] [undefined] 61 119 0 80 (1031209040)
                              [N9:P] MOTOR_I 0 0 (0)
                              [N9:P] [undefined] 61 119 0 0 (1031208960)
2025-08-15 18:18:51:142 [IN ] C8 24 0C 18 25 A5 0C 01 31 03 CF 00 06 16 CE 25 A5 0C 01 31 05 E6 3D 77 00 50 2D 10 50 C8 24 09 18 25 A5 09 01 31 03 CF 00 00 0D B3 25 A5 09 01 31 05 E6 3D 77 00 00 DA A5 50 C8 24 0C 18 25 A5 
0C 01 31 03 CF 00 11 21 D9 25 A5 0C 01 31 05 E6 3D 77 00 50 2D 10 50 (87)
                              [N12:Z] MOTOR_I 0 6 (6)
                              [N12:Z] [undefined] 61 119 0 80 (1031209040)
                              [N9:P] MOTOR_I 0 0 (0)
                              [N9:P] [undefined] 61 119 0 0 (1031208960)
                              [N12:Z] MOTOR_I 0 17 (17)
                              [N12:Z] [undefined] 61 119 0 80 (1031209040)
2025-08-15 18:18:51:343 [IN ] C8 24 09 18 25 A5 09 01 31 03 CF 00 00 0D B3 25 A5 09 01 31 05 E6 3D 77 00 00 DA A5 50 C8 24 0C 18 25 A5 0C 01 31 03 CF 00 0D 1D D5 25 A5 0C 01 31 05 E6 3D 77 00 50 2D 10 50 C8 24 09 18 25 A5 
09 01 31 03 CF 00 00 0D B3 25 A5 09 01 31 05 E6 3D 77 00 00 DA A5 50 C8 24 0C 18 25 A5 0C 01 31 03 CF 00 10 20 D8 25 A5 0C 01 31 05 E6 3D 77 00 50 2D 10 50 C8 24 09 0E 25 A5 09 01 31 03 CF 00 
00 0D B3 25 A5 09 01 (135)
                              [N9:P] MOTOR_I 0 0 (0)
                              [N9:P] [undefined] 61 119 0 0 (1031208960)
                              [N12:Z] MOTOR_I 0 13 (13)
                              [N12:Z] [undefined] 61 119 0 80 (1031209040)
                              [N9:P] MOTOR_I 0 0 (0)
                              [N9:P] [undefined] 61 119 0 0 (1031208960)
                              [N12:Z] MOTOR_I 0 16 (16)
                              [N12:Z] [undefined] 61 119 0 80 (1031209040)
                              [N9:P] MOTOR_I 0 0 (0)
2025-08-15 18:18:51:546 [IN ] C8 24 09 0A 01 31 05 E6 3D 77 00 00 DA A5 B3 C8 24 0C 18 25 A5 0C 01 31 03 CF 00 02 12 CA 25 A5 0C 01 31 05 E6 3D 77 00 50 2D 10 50 C8 24 09 15 25 A5 09 01 31 03 CF 00 00 0D B3 25 A5 09 01 31 
05 E6 3D 77 00 50 C8 24 0C 18 25 A5 0C 01 31 03 CF 00 01 11 C9 25 A5 0C 01 31 05 E6 3D 77 00 50 2D 10 50 C8 24 09 1B 00 DA A5 25 A5 09 01 31 03 CF 00 00 0D B3 25 A5 09 01 31 05 E6 3D 77 00 00 
DA A5 05 (131)
                              [N9:P] [undefined] 61 119 0 0 (1031208960)
                              [N12:Z] MOTOR_I 0 2 (2)
                              [N12:Z] [undefined] 61 119 0 80 (1031209040)
                              [N9:P] MOTOR_I 0 0 (0)
                              [N12:Z] MOTOR_I 0 1 (1)
                              [N12:Z] [undefined] 61 119 0 80 (1031209040)
                              [N9:P] [undefined] 61 119 0 0 (1031208960)
                              [N9:P] MOTOR_I 0 0 (0)
                              [N9:P] [undefined] 61 119 0 0 (1031208960)
2025-08-15 18:18:51:747 [IN ] C8 24 0C 18 25 A5 0C 01 31 03 CF 00 0A 1A D2 25 A5 0C 01 31 05 E6 3D 77 00 50 2D 10 00 C8 24 09 18 25 A5 09 01 31 03 CF 00 00 0D B3 25 A5 09 01 31 05 E6 3D 77 00 00 DA A5 00 C8 24 0C 18 25 A5 
0C 01 31 03 CF 00 0A 1A D2 25 A5 0C 01 31 05 E6 3D 77 00 50 2D 10 00 C8 24 09 18 25 A5 09 01 31 03 CF 00 00 0D B3 25 A5 09 01 31 05 E6 3D 77 00 00 DA A5 00 (116)
                              [N12:Z] MOTOR_I 0 10 (10)
                              [N12:Z] [undefined] 61 119 0 80 (1031209040)
                              [N9:P] MOTOR_I 0 0 (0)
                              [N9:P] [undefined] 61 119 0 0 (1031208960)
                              [N12:Z] MOTOR_I 0 10 (10)
                              [N12:Z] [undefined] 61 119 0 80 (1031209040)
                              [N9:P] MOTOR_I 0 0 (0)
                              [N9:P] [undefined] 61 119 0 0 (1031208960)
2025-08-15 18:18:51:949 [IN ] C8 24 0C 18 25 A5 0C 01 31 03 CF 00 08 18 D0 25 A5 0C 01 31 05 E6 3D 77 00 50 2D 10 00 C8 24 09 18 25 A5 09 01 31 03 CF 00 00 0D B3 25 A5 09 01 31 05 E6 3D 77 00 00 DA A5 00 C8 24 0C 18 25 A5 
0C 01 31 03 CF 00 06 16 CE 25 A5 0C 01 31 05 E6 3D 77 00 50 2D 10 00 C8 24 09 18 25 A5 09 01 31 03 CF 00 00 0D B3 25 A5 09 01 31 05 E6 3D 77 00 00 DA A5 00 (116)
                              [N12:Z] MOTOR_I 0 8 (8)
                              [N12:Z] [undefined] 61 119 0 80 (1031209040)
                              [N9:P] MOTOR_I 0 0 (0)
                              [N9:P] [undefined] 61 119 0 0 (1031208960)
                              [N12:Z] MOTOR_I 0 6 (6)
                              [N12:Z] [undefined] 61 119 0 80 (1031209040)
                              [N9:P] MOTOR_I 0 0 (0)
                              [N9:P] [undefined] 61 119 0 0 (1031208960)
2025-08-15 18:18:52:150 [IN ] C8 24 0C 0E 25 A5 0C 01 31 03 CF 00 01 11 C9 25 A5 0C 01 C8 24 0C 0A 01 31 05 E6 3D 77 00 50 2D 10 C9 C8 24 09 18 25 A5 09 01 31 03 CF 00 00 0D B3 25 A5 09 01 31 05 E6 3D 77 00 00 DA A5 00 C8 
24 0C 15 25 A5 0C 01 31 03 CF 00 0F 1F D7 25 A5 0C 01 31 05 E6 3D 77 00 00 C8 24 09 18 25 A5 09 01 31 03 CF 00 00 0D B3 25 A5 09 01 31 05 (110)
                              [N12:Z] MOTOR_I 0 1 (1)
                              [N12:Z] [undefined] 61 119 0 80 (1031209040)
                              [N9:P] MOTOR_I 0 0 (0)
                              [N9:P] [undefined] 61 119 0 0 (1031208960)
                              [N12:Z] MOTOR_I 0 15 (15)
2025-08-15 18:18:52:353 [IN ] E6 3D 77 00 00 DA A5 00 C8 24 0C 1B 50 2D 10 25 A5 0C 01 31 03 CF 00 0E 1E D6 25 A5 0C 01 31 05 E6 3D 77 00 50 2D 10 05 C8 24 09 18 25 A5 09 01 31 03 CF 00 00 0D B3 25 A5 09 01 31 05 E6 3D 77 
00 00 DA A5 50 C8 24 0C 18 25 A5 0C 01 31 03 CF 00 06 16 CE 25 A5 0C 01 31 05 E6 3D 77 00 50 2D 10 50 C8 24 09 18 25 A5 09 01 31 03 CF 00 00 0D B3 25 A5 09 01 31 05 E6 3D 77 00 00 DA A5 50 (127)
                              [N9:P] MOTOR_I 0 0 (0)
                              [N9:P] [undefined] 61 119 0 0 (1031208960)
                              [N12:Z] [undefined] 61 119 0 80 (1031209040)
                              [N12:Z] MOTOR_I 0 14 (14)
                              [N12:Z] [undefined] 61 119 0 80 (1031209040)
                              [N9:P] MOTOR_I 0 0 (0)
                              [N9:P] [undefined] 61 119 0 0 (1031208960)
                              [N12:Z] MOTOR_I 0 6 (6)
                              [N12:Z] [undefined] 61 119 0 80 (1031209040)
                              [N9:P] MOTOR_I 0 0 (0)
                              [N9:P] [undefined] 61 119 0 0 (1031208960)
2025-08-15 18:18:52:554 [IN ] C8 24 0C 18 25 A5 0C 01 31 03 CF 00 08 18 D0 25 A5 0C 01 31 05 E6 3D 77 00 50 2D 10 50 C8 24 09 18 25 A5 09 01 31 03 CF 00 00 0D B3 25 A5 09 01 31 05 E6 3D 77 00 00 DA A5 50 C8 24 0C 18 25 A5 
0C 01 31 03 CF 00 03 13 CB 25 A5 0C 01 31 05 E6 3D 77 00 50 2D 10 50 C8 24 09 18 25 A5 09 01 31 03 CF 00 00 0D B3 25 A5 09 01 31 05 E6 3D 77 00 00 DA A5 50 (116)
                              [N12:Z] MOTOR_I 0 8 (8)
                              [N12:Z] [undefined] 61 119 0 80 (1031209040)
                              [N9:P] MOTOR_I 0 0 (0)
                              [N9:P] [undefined] 61 119 0 0 (1031208960)
                              [N12:Z] MOTOR_I 0 3 (3)
                              [N12:Z] [undefined] 61 119 0 80 (1031209040)
                              [N9:P] MOTOR_I 0 0 (0)
                              [N9:P] [undefined] 61 119 0 0 (1031208960)
2025-08-15 18:18:52:756 [IN ] C8 24 0C 18 25 A5 0C 01 31 03 CF 00 06 16 CE 25 A5 0C 01 31 05 E6 3D 77 00 50 2D 10 50 C8 24 09 18 25 A5 09 01 31 03 CF 00 00 0D B3 25 A5 09 01 31 05 E6 3D 77 00 00 DA A5 50 C8 24 0C 18 25 A5 
0C 01 31 03 CF 00 01 11 C9 25 A5 0C 01 31 05 E6 3D 77 00 50 2D 10 50 (87)
                              [N12:Z] MOTOR_I 0 6 (6)
                              [N12:Z] [undefined] 61 119 0 80 (1031209040)
                              [N9:P] MOTOR_I 0 0 (0)
                              [N9:P] [undefined] 61 119 0 0 (1031208960)
                              [N12:Z] MOTOR_I 0 1 (1)
                              [N12:Z] [undefined] 61 119 0 80 (1031209040)
2025-08-15 18:18:52:957 [IN ] C8 24 09 18 25 A5 09 01 31 03 CF 00 00 0D B3 25 A5 09 01 31 05 E6 3D 77 00 00 DA A5 50 C8 24 0C 18 25 A5 0C 01 31 03 CF 00 02 12 CA 25 A5 0C 01 31 05 E6 3D 77 00 50 2D 10 50 C8 24 09 18 25 A5 
09 01 31 03 CF 00 00 0D B3 25 A5 09 01 31 05 E6 3D 77 00 00 DA A5 50 C8 24 0C 18 25 A5 0C 01 31 03 CF 00 07 17 CF 25 A5 0C 01 31 05 E6 3D 77 00 50 2D 10 50 C8 24 09 18 25 A5 09 01 31 03 CF 00 
00 0D B3 25 A5 09 01 31 05 E6 3D 77 00 00 DA A5 50 (145)
                              [N9:P] MOTOR_I 0 0 (0)
                              [N9:P] [undefined] 61 119 0 0 (1031208960)
                              [N12:Z] MOTOR_I 0 2 (2)
                              [N12:Z] [undefined] 61 119 0 80 (1031209040)
                              [N9:P] MOTOR_I 0 0 (0)
                              [N9:P] [undefined] 61 119 0 0 (1031208960)
                              [N12:Z] MOTOR_I 0 7 (7)
                              [N12:Z] [undefined] 61 119 0 80 (1031209040)
                              [N9:P] MOTOR_I 0 0 (0)
                              [N9:P] [undefined] 61 119 0 0 (1031208960)
2025-08-15 18:18:53:159 [IN ] C8 24 0C 18 25 A5 0C 01 31 03 CF 00 0C 1C D4 25 A5 0C 01 31 05 E6 3D 77 00 50 2D 10 50 C8 24 09 18 25 A5 09 01 31 03 CF 00 00 0D B3 25 A5 09 01 31 05 E6 3D 77 00 00 DA A5 50 C8 24 0C 18 25 A5 
0C 01 31 03 CF 00 00 10 C8 25 A5 0C 01 31 05 E6 3D 77 00 50 2D 10 50 C8 24 09 0E 25 A5 09 01 31 03 CF 00 00 0D B3 25 A5 09 01 (106)
                              [N12:Z] MOTOR_I 0 12 (12)
                              [N12:Z] [undefined] 61 119 0 80 (1031209040)
                              [N9:P] MOTOR_I 0 0 (0)
                              [N9:P] [undefined] 61 119 0 0 (1031208960)
                              [N12:Z] MOTOR_I 0 0 (0)
                              [N12:Z] [undefined] 61 119 0 80 (1031209040)
                              [N9:P] MOTOR_I 0 0 (0)
2025-08-15 18:18:53:363 [IN ] C8 24 09 0A 01 31 05 E6 3D 77 00 00 DA A5 B3 C8 24 0C 18 25 A5 0C 01 31 03 CF 00 00 10 C8 25 A5 0C 01 31 05 E6 3D 77 00 50 2D 10 50 C8 24 09 15 25 A5 09 01 31 03 CF 00 00 0D B3 25 A5 09 01 31 
05 E6 3D 77 00 50 C8 24 03 0B 25 A5 03 01 31 03 81 5A 4C 5F 9F 25 C8 24 03 0A 25 A5 03 01 31 02 81 49 01 2C 9F C8 24 0C 18 25 A5 0C 01 31 03 CF 00 04 14 CC 25 A5 0C 01 31 05 E6 3D 77 00 50 2D 
10 50 C8 24 09 1B 00 DA A5 25 A5 09 01 31 03 CF 00 00 0D B3 25 A5 09 01 31 05 E6 3D 77 00 00 DA A5 05 (162)
                              [N9:P] [undefined] 61 119 0 0 (1031208960)
                              [N12:Z] MOTOR_I 0 0 (0)
                              [N12:Z] [undefined] 61 119 0 80 (1031209040)
                              [N9:P] MOTOR_I 0 0 (0)
                              [N3:X] TPOS 'Z' 76 (76)
                              [N3:X] TPOS 'I'
                              [N12:Z] MOTOR_I 0 4 (4)
                              [N12:Z] [undefined] 61 119 0 80 (1031209040)
                              [N9:P] [undefined] 61 119 0 0 (1031208960)
                              [N9:P] MOTOR_I 0 0 (0)
                              [N9:P] [undefined] 61 119 0 0 (1031208960)
2025-08-15 18:18:53:565 [IN ] C8 24 0C 18 25 A5 0C 01 31 03 CF 00 0D 1D D5 25 A5 0C 01 31 05 E6 3D 77 00 50 2D 10 00 C8 24 09 18 25 A5 09 01 31 03 CF 00 00 0D B3 25 A5 09 01 31 05 E6 3D 77 00 00 DA A5 00 C8 24 0C 18 25 A5 
0C 01 31 03 CF 00 0F 1F D7 25 A5 0C 01 31 05 E6 3D 77 00 50 2D 10 00 C8 24 09 18 25 A5 09 01 31 03 CF 00 00 0D B3 25 A5 09 01 31 05 E6 3D 77 00 00 DA A5 00 (116)
                              [N12:Z] MOTOR_I 0 13 (13)
                              [N12:Z] [undefined] 61 119 0 80 (1031209040)
                              [N9:P] MOTOR_I 0 0 (0)
                              [N9:P] [undefined] 61 119 0 0 (1031208960)
                              [N12:Z] MOTOR_I 0 15 (15)
                              [N12:Z] [undefined] 61 119 0 80 (1031209040)
                              [N9:P] MOTOR_I 0 0 (0)
                              [N9:P] [undefined] 61 119 0 0 (1031208960)
2025-08-15 18:18:53:586 [OUT] 25 A5 01 03 31 03 C9 3D 09 47 F8 (11)
                              [N3:X] LFLAG '=' 9 (9)
2025-08-15 18:18:53:628 [IN ] C8 24 07 0B 25 A5 07 01 31 03 81 5A 4C 63 BB 25 C8 24 0C 18 25 A5 0C 01 31 03 CF 00 02 12 CA 25 A5 0C 01 31 05 E6 3D 77 00 50 2D 10 00 (45)
                              [N7:N] TPOS 'Z' 76 (76)
                              [N12:Z] MOTOR_I 0 2 (2)
                              [N12:Z] [undefined] 61 119 0 80 (1031209040)
2025-08-15 18:18:53:650 [IN ] C8 24 07 0A 25 A5 07 01 31 02 81 49 05 44 CA (15)
                              [N7:N] TPOS 'I'
2025-08-15 18:18:53:673 [IN ] C8 24 09 18 25 A5 09 01 31 03 CF 00 00 0D B3 25 A5 09 01 31 05 E6 3D 77 00 00 DA A5 00 (29)
                              [N9:P] MOTOR_I 0 0 (0)
                              [N9:P] [undefined] 61 119 0 0 (1031208960)
2025-08-15 18:18:53:694 [OUT] 25 A5 01 07 31 03 C9 3D 09 4B 10 (11)
                              [N7:N] LFLAG '=' 9 (9)
2025-08-15 18:18:53:736 [IN ] C8 24 0C 18 25 A5 0C 01 31 03 CF 00 00 10 C8 25 A5 0C 01 31 05 E6 3D 77 00 50 2D 10 00 (29)
                              [N12:Z] MOTOR_I 0 0 (0)
                              [N12:Z] [undefined] 61 119 0 80 (1031209040)
2025-08-15 18:18:53:756 [IN ] C8 24 03 0B 25 A5 03 01 31 03 C9 3A 09 44 F4 25 C8 24 09 18 25 A5 09 01 31 03 CF 00 00 0D B3 25 A5 09 01 31 05 E6 3D 77 00 00 DA A5 00 (45)
                              [N3:X] LFLAG ':' 9 (9)
                              [N9:P] MOTOR_I 0 0 (0)
                              [N9:P] [undefined] 61 119 0 0 (1031208960)
2025-08-15 18:18:53:819 [IN ] C8 24 0C 0E 25 A5 0C 01 31 03 CF 00 03 13 CB 25 A5 0C 01 (19)
                              [N12:Z] MOTOR_I 0 3 (3)
2025-08-15 18:18:53:840 [IN ] C8 24 0C 0A 01 31 05 E6 3D 77 00 50 2D 10 CB (15)
                              [N12:Z] [undefined] 61 119 0 80 (1031209040)
2025-08-15 18:18:53:861 [IN ] C8 24 07 0B 25 A5 07 01 31 03 (10)
2025-08-15 18:18:53:882 [IN ] C9 3A 09 48 10 25 C8 24 09 18 25 A5 09 01 31 03 CF 00 00 0D B3 25 A5 09 01 31 05 E6 3D 77 00 00 DA A5 00 (35)
                              [N7:N] LFLAG ':' 9 (9)
                              [N9:P] MOTOR_I 0 0 (0)
                              [N9:P] [undefined] 61 119 0 0 (1031208960)
2025-08-15 18:18:54:085 [IN ] C8 24 0C 15 25 A5 0C 01 31 03 CF 00 00 10 C8 25 A5 0C 01 31 05 E6 3D 77 00 00 C8 24 09 18 25 A5 09 01 31 03 CF 00 00 0D B3 25 A5 09 01 31 05 E6 3D 77 00 00 DA A5 00 C8 24 0C 1B 50 2D 10 25 A5 
0C 01 31 03 CF 00 03 13 CB 25 A5 0C 01 31 05 E6 3D 77 00 50 2D 10 05 C8 24 09 18 25 A5 09 01 31 03 CF 00 00 0D B3 25 A5 09 01 31 05 E6 3D 77 00 00 DA A5 50 (116)
                              [N12:Z] MOTOR_I 0 0 (0)
                              [N9:P] MOTOR_I 0 0 (0)
                              [N9:P] [undefined] 61 119 0 0 (1031208960)
                              [N12:Z] [undefined] 61 119 0 80 (1031209040)
                              [N12:Z] MOTOR_I 0 3 (3)
                              [N12:Z] [undefined] 61 119 0 80 (1031209040)
                              [N9:P] MOTOR_I 0 0 (0)
                              [N9:P] [undefined] 61 119 0 0 (1031208960)
2025-08-15 18:18:54:286 [IN ] C8 24 0C 18 25 A5 0C 01 31 03 CF 00 0B 1B D3 25 A5 0C 01 31 05 E6 3D 77 00 50 2D 10 50 C8 24 09 18 25 A5 09 01 31 03 CF 00 00 0D B3 25 A5 09 01 31 05 E6 3D 77 00 00 DA A5 50 C8 24 0C 18 25 A5 
0C 01 31 03 CF 00 04 14 CC 25 A5 0C 01 31 05 E6 3D 77 00 50 2D 10 50 C8 24 09 18 25 A5 09 01 31 03 CF 00 00 0D B3 25 A5 09 01 31 05 E6 3D 77 00 00 DA A5 50 (116)
                              [N12:Z] MOTOR_I 0 11 (11)
                              [N12:Z] [undefined] 61 119 0 80 (1031209040)
                              [N9:P] MOTOR_I 0 0 (0)
                              [N9:P] [undefined] 61 119 0 0 (1031208960)
                              [N12:Z] MOTOR_I 0 4 (4)
                              [N12:Z] [undefined] 61 119 0 80 (1031209040)
                              [N9:P] MOTOR_I 0 0 (0)
                              [N9:P] [undefined] 61 119 0 0 (1031208960)
2025-08-15 18:18:54:488 [IN ] C8 24 0C 18 25 A5 0C 01 31 03 CF 00 02 12 CA 25 A5 0C 01 31 05 E6 3D 77 00 50 2D 10 50 C8 24 09 18 25 A5 09 01 31 03 CF 00 00 0D B3 25 A5 09 01 31 05 E6 3D 77 00 00 DA A5 50 C8 24 0C 18 25 A5 
0C 01 31 03 CF 00 05 15 CD 25 A5 0C 01 31 05 E6 3D 77 00 50 2D 10 50 C8 24 09 18 25 A5 09 01 31 03 CF 00 00 0D B3 25 A5 09 01 31 05 E6 3D 77 00 00 DA A5 50 (116)
                              [N12:Z] MOTOR_I 0 2 (2)
                              [N12:Z] [undefined] 61 119 0 80 (1031209040)
                              [N9:P] MOTOR_I 0 0 (0)
                              [N9:P] [undefined] 61 119 0 0 (1031208960)
                              [N12:Z] MOTOR_I 0 5 (5)
                              [N12:Z] [undefined] 61 119 0 80 (1031209040)
                              [N9:P] MOTOR_I 0 0 (0)
                              [N9:P] [undefined] 61 119 0 0 (1031208960)
2025-08-15 18:18:54:692 [IN ] C8 24 0C 18 25 A5 0C 01 31 03 CF 00 00 10 C8 25 A5 0C 01 31 05 E6 3D 77 00 50 2D 10 50 C8 24 09 18 25 A5 09 01 31 03 CF 00 00 0D B3 25 A5 09 01 31 05 E6 3D 77 00 00 DA A5 50 C8 24 0C 18 25 A5 
0C 01 31 03 CF 00 01 11 C9 25 A5 0C 01 31 05 E6 3D 77 00 50 2D 10 50 C8 24 09 18 25 A5 09 01 31 03 CF 00 00 0D B3 25 A5 09 01 31 05 E6 3D 77 00 00 DA A5 50 (116)
                              [N12:Z] MOTOR_I 0 0 (0)
                              [N12:Z] [undefined] 61 119 0 80 (1031209040)
                              [N9:P] MOTOR_I 0 0 (0)
                              [N9:P] [undefined] 61 119 0 0 (1031208960)
                              [N12:Z] MOTOR_I 0 1 (1)
                              [N12:Z] [undefined] 61 119 0 80 (1031209040)
                              [N9:P] MOTOR_I 0 0 (0)
                              [N9:P] [undefined] 61 119 0 0 (1031208960)
2025-08-15 18:18:54:895 [IN ] C8 24 0C 18 25 A5 0C 01 31 03 CF 00 0B 1B D3 25 A5 0C 01 31 05 E6 3D 77 00 50 2D 10 50 C8 24 09 18 25 A5 09 01 31 03 CF 00 00 0D B3 25 A5 09 01 31 05 E6 3D 77 00 00 DA A5 50 C8 24 0C 18 25 A5 
0C 01 31 03 CF 00 09 19 D1 25 A5 0C 01 31 05 E6 3D 77 00 50 2D 10 50 C8 24 09 18 25 A5 09 01 31 03 CF 00 00 0D B3 25 A5 09 01 31 05 E6 3D 77 00 00 DA A5 50 (116)
                              [N12:Z] MOTOR_I 0 11 (11)
                              [N12:Z] [undefined] 61 119 0 80 (1031209040)
                              [N9:P] MOTOR_I 0 0 (0)
                              [N9:P] [undefined] 61 119 0 0 (1031208960)
                              [N12:Z] MOTOR_I 0 9 (9)
                              [N12:Z] [undefined] 61 119 0 80 (1031209040)
                              [N9:P] MOTOR_I 0 0 (0)
                              [N9:P] [undefined] 61 119 0 0 (1031208960)
2025-08-15 18:18:55:098 [IN ] C8 24 0C 18 25 A5 0C 01 31 03 CF 00 0C 1C D4 25 A5 0C 01 31 05 E6 3D 77 00 50 2D 10 50 C8 24 09 0E 25 A5 09 01 31 03 CF 00 00 0D B3 25 A5 09 01 C8 24 09 0A 01 31 05 E6 3D 77 00 00 DA A5 B3 C8 
24 0C 18 25 A5 0C 01 31 03 CF 00 0A 1A D2 25 A5 0C 01 31 05 E6 3D 77 00 50 2D 10 50 C8 24 09 15 25 A5 09 01 31 03 CF 00 00 0D B3 25 A5 09 01 31 05 E6 3D 77 00 50 (118)
                              [N12:Z] MOTOR_I 0 12 (12)
                              [N12:Z] [undefined] 61 119 0 80 (1031209040)
                              [N9:P] MOTOR_I 0 0 (0)
                              [N9:P] [undefined] 61 119 0 0 (1031208960)
                              [N12:Z] MOTOR_I 0 10 (10)
                              [N12:Z] [undefined] 61 119 0 80 (1031209040)
                              [N9:P] MOTOR_I 0 0 (0)
2025-08-15 18:18:55:302 [IN ] C8 24 0C 18 25 A5 0C 01 31 03 CF 00 0C 1C D4 25 A5 0C 01 31 05 E6 3D 77 00 50 2D 10 50 C8 24 09 1B 00 DA A5 25 A5 09 01 31 03 CF 00 00 0D B3 25 A5 09 01 31 05 E6 3D 77 00 00 DA A5 05 C8 24 0C 
18 25 A5 0C 01 31 03 CF 00 09 19 D1 25 A5 0C 01 31 05 E6 3D 77 00 50 2D 10 00 C8 24 09 18 25 A5 09 01 31 03 CF 00 00 0D B3 25 A5 09 01 31 05 E6 3D 77 00 00 DA A5 00 (119)
                              [N12:Z] MOTOR_I 0 12 (12)
                              [N12:Z] [undefined] 61 119 0 80 (1031209040)
                              [N9:P] [undefined] 61 119 0 0 (1031208960)
                              [N9:P] MOTOR_I 0 0 (0)
                              [N9:P] [undefined] 61 119 0 0 (1031208960)
                              [N12:Z] MOTOR_I 0 9 (9)
                              [N12:Z] [undefined] 61 119 0 80 (1031209040)
                              [N9:P] MOTOR_I 0 0 (0)
                              [N9:P] [undefined] 61 119 0 0 (1031208960)
2025-08-15 18:18:55:503 [IN ] C8 24 0C 18 25 A5 0C 01 31 03 CF 00 06 16 CE 25 A5 0C 01 31 05 E6 3D 77 00 50 2D 10 00 C8 24 09 18 25 A5 09 01 31 03 CF 00 00 0D B3 25 A5 09 01 31 05 E6 3D 77 00 00 DA A5 00 C8 24 0C 18 25 A5 
0C 01 31 03 CF 00 0C 1C D4 25 A5 0C 01 31 05 E6 3D 77 00 50 2D 10 00 C8 24 09 18 25 A5 09 01 31 03 CF 00 00 0D B3 25 A5 09 01 31 05 E6 3D 77 00 00 DA A5 00 (116)
                              [N12:Z] MOTOR_I 0 6 (6)
                              [N12:Z] [undefined] 61 119 0 80 (1031209040)
                              [N9:P] MOTOR_I 0 0 (0)
                              [N9:P] [undefined] 61 119 0 0 (1031208960)
                              [N12:Z] MOTOR_I 0 12 (12)
                              [N12:Z] [undefined] 61 119 0 80 (1031209040)
                              [N9:P] MOTOR_I 0 0 (0)
                              [N9:P] [undefined] 61 119 0 0 (1031208960)
2025-08-15 18:18:55:704 [IN ] C8 24 0C 18 25 A5 0C 01 31 03 CF 00 0E 1E D6 25 A5 0C 01 31 05 E6 3D 77 00 50 2D 10 00 C8 24 09 18 25 A5 09 01 31 03 CF 00 00 0D B3 25 A5 09 01 31 05 E6 3D 77 00 00 DA A5 00 C8 24 0C 0E 25 A5 
0C 01 31 03 CF 00 01 11 C9 25 A5 0C 01 C8 24 0C 0A 01 31 05 E6 3D 77 00 50 2D 10 C9 C8 24 09 18 25 A5 09 01 31 03 CF 00 00 0D B3 25 A5 09 01 31 05 E6 3D 77 00 00 DA A5 00 (121)
                              [N12:Z] MOTOR_I 0 14 (14)
                              [N12:Z] [undefined] 61 119 0 80 (1031209040)
                              [N9:P] MOTOR_I 0 0 (0)
                              [N9:P] [undefined] 61 119 0 0 (1031208960)
                              [N12:Z] MOTOR_I 0 1 (1)
                              [N12:Z] [undefined] 61 119 0 80 (1031209040)
                              [N9:P] MOTOR_I 0 0 (0)
                              [N9:P] [undefined] 61 119 0 0 (1031208960)
2025-08-15 18:18:55:906 [IN ] C8 24 0C 18 25 A5 0C 01 31 03 CF 00 09 19 D1 25 A5 0C 01 31 05 E6 3D 77 00 50 2D 10 00 C8 24 09 18 25 A5 09 01 31 03 CF 00 00 0D B3 25 A5 09 01 31 05 E6 3D 77 00 00 DA A5 00 C8 24 0C 18 25 A5 
0C 01 31 03 CF 00 03 13 CB 25 A5 0C 01 31 05 E6 3D 77 00 50 2D 10 00 C8 24 09 18 25 A5 09 01 31 03 CF 00 00 0D B3 25 A5 09 01 31 05 E6 3D 77 00 00 DA A5 00 (116)
                              [N12:Z] MOTOR_I 0 9 (9)
                              [N12:Z] [undefined] 61 119 0 80 (1031209040)
                              [N9:P] MOTOR_I 0 0 (0)
                              [N9:P] [undefined] 61 119 0 0 (1031208960)
                              [N12:Z] MOTOR_I 0 3 (3)
                              [N12:Z] [undefined] 61 119 0 80 (1031209040)
                              [N9:P] MOTOR_I 0 0 (0)
                              [N9:P] [undefined] 61 119 0 0 (1031208960)
2025-08-15 18:18:56:107 [IN ] C8 24 0C 18 25 A5 0C 01 31 03 CF 00 0E 1E D6 25 A5 0C 01 31 05 E6 3D 77 00 50 2D 10 00 C8 24 09 18 25 A5 09 01 31 03 CF 00 00 0D B3 25 A5 09 01 31 05 E6 3D 77 00 00 DA A5 00 C8 24 0C 18 25 A5 
0C 01 31 03 CF 00 03 13 CB 25 A5 0C 01 31 05 E6 3D 77 00 50 2D 10 00 C8 24 09 18 25 A5 09 01 31 03 CF 00 00 0D B3 25 A5 09 01 31 05 E6 3D 77 00 00 DA A5 00 (116)
                              [N12:Z] MOTOR_I 0 14 (14)
                              [N12:Z] [undefined] 61 119 0 80 (1031209040)
                              [N9:P] MOTOR_I 0 0 (0)
                              [N9:P] [undefined] 61 119 0 0 (1031208960)
                              [N12:Z] MOTOR_I 0 3 (3)
                              [N12:Z] [undefined] 61 119 0 80 (1031209040)
                              [N9:P] MOTOR_I 0 0 (0)
                              [N9:P] [undefined] 61 119 0 0 (1031208960)
2025-08-15 18:18:56:309 [IN ] C8 24 0C 18 25 A5 0C 01 31 03 CF 00 0D 1D D5 25 A5 0C 01 31 05 E6 3D 77 00 50 2D 10 00 C8 24 09 18 25 A5 09 01 31 03 CF 00 00 0D B3 25 A5 09 01 31 05 E6 3D 77 00 00 DA A5 00 C8 24 0C 18 25 A5 
0C 01 31 03 CF 00 09 19 D1 25 A5 0C 01 31 05 E6 3D 77 00 50 2D 10 00 C8 24 09 18 25 A5 09 01 31 03 CF 00 00 0D B3 25 A5 09 01 31 05 E6 3D 77 00 00 DA A5 00 (116)
                              [N12:Z] MOTOR_I 0 13 (13)
                              [N12:Z] [undefined] 61 119 0 80 (1031209040)
                              [N9:P] MOTOR_I 0 0 (0)
                              [N9:P] [undefined] 61 119 0 0 (1031208960)
                              [N12:Z] MOTOR_I 0 9 (9)
                              [N12:Z] [undefined] 61 119 0 80 (1031209040)
                              [N9:P] MOTOR_I 0 0 (0)
                              [N9:P] [undefined] 61 119 0 0 (1031208960)
2025-08-15 18:18:56:510 [IN ] C8 24 0C 18 25 A5 0C 01 31 03 CF 00 02 12 CA 25 A5 0C 01 31 05 E6 3D 77 00 50 2D 10 00 C8 24 09 18 25 A5 09 01 31 03 CF 00 00 0D B3 25 A5 09 01 31 05 E6 3D 77 00 00 DA A5 00 C8 24 0C 18 25 A5 
0C 01 31 03 CF 00 02 12 CA 25 A5 0C 01 31 05 E6 3D 77 00 50 2D 10 00 C8 24 09 18 25 A5 09 01 31 03 CF 00 00 0D B3 25 A5 09 01 31 05 E6 3D 77 00 00 DA A5 00 (116)
                              [N12:Z] MOTOR_I 0 2 (2)
                              [N12:Z] [undefined] 61 119 0 80 (1031209040)
                              [N9:P] MOTOR_I 0 0 (0)
                              [N9:P] [undefined] 61 119 0 0 (1031208960)
                              [N12:Z] MOTOR_I 0 2 (2)
                              [N12:Z] [undefined] 61 119 0 80 (1031209040)
                              [N9:P] MOTOR_I 0 0 (0)
                              [N9:P] [undefined] 61 119 0 0 (1031208960)
2025-08-15 18:18:56:711 [IN ] C8 24 0C 18 25 A5 0C 01 31 03 CF 00 05 15 CD 25 A5 0C 01 31 05 E6 3D 77 00 50 2D 10 00 C8 24 09 18 25 A5 09 01 31 03 CF 00 00 0D B3 25 A5 09 01 31 05 E6 3D 77 00 00 DA A5 00 C8 24 04 0E 25 A5 
04 01 31 06 81 45 FF EE 86 21 96 35 01 C8 24 0C 18 25 A5 0C 01 31 03 CF 00 00 10 C8 25 A5 0C 01 31 05 E6 3D 77 00 50 2D 10 00 C8 24 09 18 25 A5 09 01 31 03 CF 00 00 0D B3 25 A5 09 01 31 05 E6 
3D 77 00 00 DA A5 00 (135)
                              [N12:Z] MOTOR_I 0 5 (5)
                              [N12:Z] [undefined] 61 119 0 80 (1031209040)
                              [N9:P] MOTOR_I 0 0 (0)
                              [N9:P] [undefined] 61 119 0 0 (1031208960)
                              [N4:Y] TPOS 'E' 255 238 134 33 (-1145311)
                              [N12:Z] MOTOR_I 0 0 (0)
                              [N12:Z] [undefined] 61 119 0 80 (1031209040)
                              [N9:P] MOTOR_I 0 0 (0)
                              [N9:P] [undefined] 61 119 0 0 (1031208960)
2025-08-15 18:18:56:915 [IN ] C8 24 0C 18 25 A5 0C 01 31 03 CF 00 0E 1E D6 25 A5 0C 01 31 05 E6 3D 77 00 50 2D 10 00 C8 24 09 0E 25 A5 09 01 31 03 CF 00 00 0D B3 25 A5 09 01 C8 24 09 0A 01 31 05 E6 3D 77 00 00 DA A5 B3 C8 
24 0C 0B 25 A5 0C 01 31 03 81 5A 4C 68 DE 25 C8 24 0C 18 25 A5 0C 01 31 03 CF 00 00 10 C8 25 A5 0C 01 31 05 E6 3D 77 00 00 DD C0 00 C8 24 0C 0A 25 A5 0C 01 31 02 81 49 0A 62 C8 C8 24 09 15 25 
A5 09 01 31 03 CF 00 00 0D B3 25 A5 09 01 31 05 E6 3D 77 00 00 (149)
                              [N12:Z] MOTOR_I 0 14 (14)
                              [N12:Z] [undefined] 61 119 0 80 (1031209040)
                              [N9:P] MOTOR_I 0 0 (0)
                              [N9:P] [undefined] 61 119 0 0 (1031208960)
                              [N12:Z] TPOS 'Z' 76 (76)
                              [N12:Z] MOTOR_I 0 0 (0)
                              [N12:Z] [undefined] 61 119 0 0 (1031208960)
                              [N12:Z] TPOS 'I'
                              [N9:P] MOTOR_I 0 0 (0)
2025-08-15 18:18:56:936 [OUT] 25 A5 01 09 31 05 81 FF E7 5D 56 5A 0C (13)
                              [N9:P] TPOS 255 231 93 86 (-1614506)
2025-08-15 18:18:56:958 [OUT] 25 A5 01 0C 31 03 C9 3D 09 50 2E (11)
                              [N12:Z] LFLAG '=' 9 (9)
2025-08-15 18:18:56:959 [IN ] C8 24 0C 18 25 A5 0C 01 31 03 CF 00 00 10 C8 25 A5 0C 01 31 05 E6 3D 77 00 00 DD C0 00 (29)
                              [N12:Z] MOTOR_I 0 0 (0)
                              [N12:Z] [undefined] 61 119 0 0 (1031208960)
2025-08-15 18:18:56:981 [OUT] 25 A5 01 04 31 05 81 FF FD 50 01 09 B7 (13)
                              [N4:Y] TPOS 255 253 80 1 (-176127)
2025-08-15 18:18:56:983 [IN ] C8 24 09 1B 00 DA A5 25 A5 09 01 31 03 CF 00 00 0D B3 25 A5 09 01 31 05 E6 3D 77 00 00 DA A5 05 (32)
                              [N9:P] [undefined] 61 119 0 0 (1031208960)
                              [N9:P] MOTOR_I 0 0 (0)
                              [N9:P] [undefined] 61 119 0 0 (1031208960)
2025-08-15 18:18:57:004 [OUT] 25 A5 01 07 31 05 81 FF AB 19 75 F7 DF (13)
                              [N7:N] TPOS 255 171 25 117 (-5564043)
2025-08-15 18:18:57:025 [OUT] 25 A5 01 03 31 05 81 FF EC 4A AB 9B 1A (13)
                              [N3:X] TPOS 255 236 74 171 (-1291605)
2025-08-15 18:18:57:048 [OUT] 25 A5 01 06 31 02 D8 3F 51 DD (10)
                              [N6:H] INTERRUPT '?'
2025-08-15 18:18:57:048 [IN ] C8 24 0C 18 25 A5 0C 01 31 03 CF 00 00 10 C8 25 A5 0C 01 31 05 E6 3D 77 00 00 DD C0 00 (29)
                              [N12:Z] MOTOR_I 0 0 (0)
                              [N12:Z] [undefined] 61 119 0 0 (1031208960)
2025-08-15 18:18:57:349 [IN ] C8 24 09 18 25 A5 09 01 31 03 CF 00 00 0D B3 25 A5 09 01 31 05 E6 3D 77 00 00 DA A5 00 C8 24 09 0E 25 A5 09 01 31 06 81 53 FF FF FF FD 0F AE 01 C8 24 0C 18 25 A5 0C 01 31 03 CF 00 00 10 C8 25 
A5 0C 01 31 05 E6 3D 77 00 00 DD C0 00 C8 24 09 18 25 A5 09 01 31 03 CF 00 1D 2A D0 25 A5 09 01 31 05 E6 3D 77 FF B0 89 53 00 C8 24 0C 12 25 A5 0C 01 31 03 C9 3A 09 4D 33 25 A5 0C 01 31 03 CF 
3D C8 24 0C 11 00 00 10 C8 25 A5 0C 01 31 05 E6 3D 77 00 00 DD C0 CF C8 24 09 18 25 A5 09 01 31 03 CF 00 16 23 C9 25 A5 09 01 31 05 E6 3D 77 FF B0 89 53 00 C8 24 0C 0E 25 A5 0C 01 31 03 CF 00 
00 10 C8 25 A5 0C 01 C8 24 0C 0A 01 31 05 E6 3D 77 00 00 DD C0 C8 (214)
                              [N9:P] MOTOR_I 0 0 (0)
                              [N9:P] [undefined] 61 119 0 0 (1031208960)
                              [N9:P] TPOS 'S' 255 255 255 253 (-3)
                              [N12:Z] MOTOR_I 0 0 (0)
                              [N12:Z] [undefined] 61 119 0 0 (1031208960)
                              [N9:P] MOTOR_I 0 29 (29)
                              [N9:P] [undefined] 61 119 255 176 (1031274416)
                              [N12:Z] LFLAG ':' 9 (9)
                              [N12:Z] MOTOR_I 0 0 (0)
                              [N12:Z] [undefined] 61 119 0 0 (1031208960)
                              [N9:P] MOTOR_I 0 22 (22)
                              [N9:P] [undefined] 61 119 255 176 (1031274416)
                              [N12:Z] MOTOR_I 0 0 (0)
                              [N12:Z] [undefined] 61 119 0 0 (1031208960)
2025-08-15 18:18:57:653 [IN ] C8 24 04 0E 25 A5 04 01 31 06 81 53 FF EE 86 22 A5 7C 01 C8 24 09 18 25 A5 09 01 31 03 CF 00 2E 3B E1 25 A5 09 01 31 05 E6 3D 77 FF B0 89 53 00 C8 24 0C 15 25 A5 0C 01 31 03 CF 00 00 10 C8 25 
A5 0C 01 31 05 E6 3D 77 00 B0 C8 24 07 0E 25 A5 07 01 31 06 81 53 FF FF FF FB 0B 98 01 C8 24 09 18 25 A5 09 01 31 03 CF 00 12 1F C5 25 A5 09 01 31 05 E6 3D 77 FF B0 89 53 00 C8 24 0C 1B 00 DD 
C0 25 A5 0C 01 31 03 CF 00 00 10 C8 25 A5 0C 01 31 05 E6 3D 77 00 00 DD C0 05 C8 24 09 18 25 A5 09 01 31 03 CF 00 1A 27 CD 25 A5 09 01 31 05 E6 3D 77 FF B0 89 53 00 C8 24 03 0E 25 A5 03 01 31 
06 81 53 FF FF FF FF 0B 74 01 C8 24 0C 18 25 A5 0C 01 31 03 CF 00 00 10 C8 25 A5 0C 01 31 05 E6 3D 77 00 00 DD C0 00 (231)
                              [N4:Y] TPOS 'S' 255 238 134 34 (-1145310)
                              [N9:P] MOTOR_I 0 46 (46)
                              [N9:P] [undefined] 61 119 255 176 (1031274416)
                              [N12:Z] MOTOR_I 0 0 (0)
                              [N7:N] TPOS 'S' 255 255 255 251 (-5)
                              [N9:P] MOTOR_I 0 18 (18)
                              [N9:P] [undefined] 61 119 255 176 (1031274416)
                              [N12:Z] [undefined] 61 119 0 0 (1031208960)
                              [N12:Z] MOTOR_I 0 0 (0)
                              [N12:Z] [undefined] 61 119 0 0 (1031208960)
                              [N9:P] MOTOR_I 0 26 (26)
                              [N9:P] [undefined] 61 119 255 176 (1031274416)
                              [N3:X] TPOS 'S' 255 255 255 255 (-1)
                              [N12:Z] MOTOR_I 0 0 (0)
                              [N12:Z] [undefined] 61 119 0 0 (1031208960)
2025-08-15 18:18:57:955 [IN ] C8 24 09 18 25 A5 09 01 31 03 CF 00 19 26 CC 25 A5 09 01 31 05 E6 3D 77 FF B0 89 53 00 C8 24 06 0C 25 A5 06 01 31 04 D8 3A 01 01 50 82 A5 C8 24 0C 18 25 A5 0C 01 31 03 CF 00 00 10 C8 25 A5 0C 
01 31 05 E6 3D 77 00 00 DD C0 00 C8 24 09 18 25 A5 09 01 31 03 CF 00 2C 39 DF 25 A5 09 01 31 05 E6 3D 77 FF B0 89 53 00 C8 24 0C 18 25 A5 0C 01 31 03 CF 00 00 10 C8 25 A5 0C 01 31 05 E6 3D 77 
00 00 DD C0 00 C8 24 09 18 25 A5 09 01 31 03 CF 00 12 1F C5 25 A5 09 01 31 05 E6 3D 77 FF B0 89 53 00 C8 24 0C 18 25 A5 0C 01 31 03 CF 00 00 10 C8 25 A5 0C 01 31 05 E6 3D 77 00 00 DD C0 00 (191)
                              [N9:P] MOTOR_I 0 25 (25)
                              [N9:P] [undefined] 61 119 255 176 (1031274416)
                              [N6:H] INTERRUPT ':' 1 1 (257)
                              [N12:Z] MOTOR_I 0 0 (0)
                              [N12:Z] [undefined] 61 119 0 0 (1031208960)
                              [N9:P] MOTOR_I 0 44 (44)
                              [N9:P] [undefined] 61 119 255 176 (1031274416)
                              [N12:Z] MOTOR_I 0 0 (0)
                              [N12:Z] [undefined] 61 119 0 0 (1031208960)
                              [N9:P] MOTOR_I 0 18 (18)
                              [N9:P] [undefined] 61 119 255 176 (1031274416)
                              [N12:Z] MOTOR_I 0 0 (0)
                              [N12:Z] [undefined] 61 119 0 0 (1031208960)
2025-08-15 18:18:57:976 [OUT] 25 A5 01 0C 31 05 81 FF BC D0 00 4F 33 (13)
                              [N12:Z] TPOS 255 188 208 0 (-4403200)
2025-08-15 18:18:57:998 [OUT] 25 A5 01 06 31 03 C9 3D 0B 4C 0C (11)
                              [N6:H] LFLAG '=' 11 (11)
2025-08-15 18:18:58:019 [IN ] C8 24 09 18 25 A5 09 01 31 03 CF 00 1F 2C D2 25 A5 09 01 31 05 E6 3D 77 FF B0 89 53 00 (29)
                              [N9:P] MOTOR_I 0 31 (31)
                              [N9:P] [undefined] 61 119 255 176 (1031274416)
2025-08-15 18:18:58:061 [IN ] C8 24 0C 18 25 A5 0C 01 31 03 CF 00 00 10 C8 25 A5 0C 01 31 05 E6 3D 77 00 00 DD C0 00 (29)
                              [N12:Z] MOTOR_I 0 0 (0)
                              [N12:Z] [undefined] 61 119 0 0 (1031208960)
2025-08-15 18:18:58:102 [IN ] C8 24 09 18 25 A5 09 01 31 03 CF 00 19 26 CC 25 A5 09 01 31 05 E6 3D 77 FF B0 89 53 00 (29)
                              [N9:P] MOTOR_I 0 25 (25)
                              [N9:P] [undefined] 61 119 255 176 (1031274416)
2025-08-15 18:18:58:165 [IN ] C8 24 0C 26 25 A5 0C 01 31 06 81 53 FF FF FF FD 12 CC 25 A5 0C 01 31 03 CF 00 46 56 0E 25 A5 0C 01 31 05 E6 3D 77 FF B0 8C 6E DD (43)
                              [N12:Z] TPOS 'S' 255 255 255 253 (-3)
                              [N12:Z] MOTOR_I 0 70 (70)
                              [N12:Z] [undefined] 61 119 255 176 (1031274416)
2025-08-15 18:18:58:207 [IN ] C8 24 09 18 25 A5 09 01 31 03 CF 00 15 22 C8 25 A5 09 01 31 05 E6 3D 77 FF B0 89 53 0E (29)
                              [N9:P] MOTOR_I 0 21 (21)
                              [N9:P] [undefined] 61 119 255 176 (1031274416)
2025-08-15 18:18:58:270 [IN ] C8 24 0C 18 25 A5 0C 01 31 03 CF 00 0C 1C D4 25 A5 0C 01 31 05 E6 3D 77 FF B0 8C 6E 0E C8 24 06 0B 25 A5 06 01 31 03 C9 3A 0B 49 0B 25 (45)
                              [N12:Z] MOTOR_I 0 12 (12)
                              [N12:Z] [undefined] 61 119 255 176 (1031274416)
                              [N6:H] LFLAG ':' 11 (11)
2025-08-15 18:18:58:291 [OUT] 25 A5 01 06 31 03 88 FF B0 72 72 (11)
                              [N6:H] RUN 255 176 (-80)
2025-08-15 18:18:58:313 [IN ] C8 24 09 18 25 A5 09 01 31 03 CF 00 27 34 DA 25 A5 09 01 31 05 E6 3D 77 FF B0 89 53 0E (29)
                              [N9:P] MOTOR_I 0 39 (39)
                              [N9:P] [undefined] 61 119 255 176 (1031274416)
2025-08-15 18:18:58:355 [IN ] C8 24 0C 18 25 A5 0C 01 31 03 CF 00 03 13 CB 25 A5 0C 01 31 05 E6 3D 77 FF B0 8C 6E 0E (29)
                              [N12:Z] MOTOR_I 0 3 (3)
                              [N12:Z] [undefined] 61 119 255 176 (1031274416)
2025-08-15 18:18:58:418 [IN ] C8 24 09 18 25 A5 09 01 31 03 CF 00 20 2D D3 25 A5 09 01 31 05 E6 3D 77 FF B0 89 53 0E (29)
                              [N9:P] MOTOR_I 0 32 (32)
                              [N9:P] [undefined] 61 119 255 176 (1031274416)
2025-08-15 18:18:58:460 [IN ] C8 24 06 0C 25 A5 06 01 31 04 88 53 FF B0 C6 38 A5 C8 24 0C 18 25 A5 0C 01 31 03 CF 00 00 10 C8 25 A5 0C 01 31 05 E6 3D 77 (41)
                              [N6:H] RUN 'S' 255 176 (-80)
2025-08-15 18:18:58:662 [IN ] FF B0 8C 6E 0E C8 24 09 18 25 A5 09 01 31 03 CF 00 0F 1C C2 25 A5 09 01 31 05 E6 3D 77 FF B0 89 53 0E C8 24 0C 18 25 A5 0C 01 31 03 CF 00 00 10 C8 25 A5 0C 01 31 05 E6 3D 77 FF B0 8C 6E 0E C8 
24 09 0E 25 A5 09 01 31 03 CF 00 14 21 C7 25 A5 09 01 C8 24 09 0A 01 31 05 E6 3D 77 FF B0 89 53 C7 C8 24 0C 18 25 A5 0C 01 31 03 CF 00 02 12 CA 25 A5 0C 01 31 05 E6 3D 77 FF B0 8C 6E 0E (126)
                              [N12:Z] MOTOR_I 0 0 (0)
                              [N12:Z] [undefined] 61 119 255 176 (1031274416)
                              [N9:P] MOTOR_I 0 15 (15)
                              [N9:P] [undefined] 61 119 255 176 (1031274416)
                              [N12:Z] MOTOR_I 0 0 (0)
                              [N12:Z] [undefined] 61 119 255 176 (1031274416)
                              [N9:P] MOTOR_I 0 20 (20)
                              [N9:P] [undefined] 61 119 255 176 (1031274416)
                              [N12:Z] MOTOR_I 0 2 (2)
                              [N12:Z] [undefined] 61 119 255 176 (1031274416)
2025-08-15 18:18:58:864 [IN ] C8 24 09 15 25 A5 09 01 31 03 CF 00 20 2D D3 25 A5 09 01 31 05 E6 3D 77 FF B0 C8 24 0C 18 25 A5 0C 01 31 03 CF 00 0C 1C D4 25 A5 0C 01 31 05 E6 3D 77 FF B0 8C 6E 0E C8 24 09 1B B0 89 53 25 A5 
09 01 31 03 CF 00 1A 27 CD 25 A5 09 01 31 05 E6 3D 77 FF B0 89 53 0C C8 24 0C 18 25 A5 0C 01 31 03 CF 00 0C 1C D4 25 A5 0C 01 31 05 E6 3D 77 FF B0 8C 6E B0 (116)
                              [N9:P] MOTOR_I 0 32 (32)
                              [N12:Z] MOTOR_I 0 12 (12)
                              [N12:Z] [undefined] 61 119 255 176 (1031274416)
                              [N9:P] [undefined] 61 119 255 176 (1031274416)
                              [N9:P] MOTOR_I 0 26 (26)
                              [N9:P] [undefined] 61 119 255 176 (1031274416)
                              [N12:Z] MOTOR_I 0 12 (12)
                              [N12:Z] [undefined] 61 119 255 176 (1031274416)
2025-08-15 18:18:59:066 [IN ] C8 24 09 18 25 A5 09 01 31 03 CF 00 06 13 B9 25 A5 09 01 31 05 E6 3D 77 FF B0 89 53 B0 C8 24 0C 18 25 A5 0C 01 31 03 CF 00 0D 1D D5 25 A5 0C 01 31 05 E6 3D 77 FF B0 8C 6E B0 C8 24 09 18 25 A5 
09 01 31 03 CF 00 14 21 C7 25 A5 09 01 31 05 E6 3D 77 FF B0 89 53 B0 (87)
                              [N9:P] MOTOR_I 0 6 (6)
                              [N9:P] [undefined] 61 119 255 176 (1031274416)
                              [N12:Z] MOTOR_I 0 13 (13)
                              [N12:Z] [undefined] 61 119 255 176 (1031274416)
                              [N9:P] MOTOR_I 0 20 (20)
                              [N9:P] [undefined] 61 119 255 176 (1031274416)
2025-08-15 18:18:59:267 [IN ] C8 24 0C 18 25 A5 0C 01 31 03 CF 00 06 16 CE 25 A5 0C 01 31 05 E6 3D 77 FF B0 8C 6E B0 C8 24 09 18 25 A5 09 01 31 03 CF 00 24 31 D7 25 A5 09 01 31 05 E6 3D 77 FF B0 89 53 B0 C8 24 0C 0E 25 A5 
0C 01 31 03 CF 00 0E 1E D6 25 A5 0C 01 C8 24 0C 0A 01 31 05 E6 3D 77 FF B0 8C 6E D6 C8 24 09 18 25 A5 09 01 31 03 CF 00 0B 18 BE 25 A5 09 01 31 05 E6 3D 77 FF B0 89 53 B0 C8 24 0C 15 25 A5 0C 
01 31 03 CF 00 03 13 CB 25 A5 0C 01 31 05 E6 3D 77 FF B0 (147)
                              [N12:Z] MOTOR_I 0 6 (6)
                              [N12:Z] [undefined] 61 119 255 176 (1031274416)
                              [N9:P] MOTOR_I 0 36 (36)
                              [N9:P] [undefined] 61 119 255 176 (1031274416)
                              [N12:Z] MOTOR_I 0 14 (14)
                              [N12:Z] [undefined] 61 119 255 176 (1031274416)
                              [N9:P] MOTOR_I 0 11 (11)
                              [N9:P] [undefined] 61 119 255 176 (1031274416)
                              [N12:Z] MOTOR_I 0 3 (3)
2025-08-15 18:18:59:473 [IN ] C8 24 09 18 25 A5 09 01 31 03 CF 00 12 1F C5 25 A5 09 01 31 05 E6 3D 77 FF B0 89 53 B0 C8 24 0C 1B B0 8C 6E 25 A5 0C 01 31 03 CF 00 0A 1A D2 25 A5 0C 01 31 05 E6 3D 77 FF B0 8C 6E 0C C8 24 09 
18 25 A5 09 01 31 03 CF 00 19 26 CC 25 A5 09 01 31 05 E6 3D 77 FF B0 89 53 B0 C8 24 0C 18 25 A5 0C 01 31 03 CF 00 05 15 CD 25 A5 0C 01 31 05 E6 3D 77 FF B0 8C 6E B0 (119)
                              [N9:P] MOTOR_I 0 18 (18)
                              [N9:P] [undefined] 61 119 255 176 (1031274416)
                              [N12:Z] [undefined] 61 119 255 176 (1031274416)
                              [N12:Z] MOTOR_I 0 10 (10)
                              [N12:Z] [undefined] 61 119 255 176 (1031274416)
                              [N9:P] MOTOR_I 0 25 (25)
                              [N9:P] [undefined] 61 119 255 176 (1031274416)
                              [N12:Z] MOTOR_I 0 5 (5)
                              [N12:Z] [undefined] 61 119 255 176 (1031274416)
2025-08-15 18:18:59:675 [IN ] C8 24 09 18 25 A5 09 01 31 03 CF 00 0D 1A C0 25 A5 09 01 31 05 E6 3D 77 FF B0 89 53 B0 C8 24 0C 18 25 A5 0C 01 31 03 CF 00 0F 1F D7 25 A5 0C 01 31 05 E6 3D 77 FF B0 8C 6E B0 C8 24 09 18 25 A5 
09 01 31 03 CF 00 0F 1C C2 25 A5 09 01 31 05 E6 3D 77 FF B0 89 53 B0 C8 24 0C 18 25 A5 0C 01 31 03 CF 00 04 14 CC 25 A5 0C 01 31 05 E6 3D 77 FF B0 8C 6E B0 (116)
                              [N9:P] MOTOR_I 0 13 (13)
                              [N9:P] [undefined] 61 119 255 176 (1031274416)
                              [N12:Z] MOTOR_I 0 15 (15)
                              [N12:Z] [undefined] 61 119 255 176 (1031274416)
                              [N9:P] MOTOR_I 0 15 (15)
                              [N9:P] [undefined] 61 119 255 176 (1031274416)
                              [N12:Z] MOTOR_I 0 4 (4)
                              [N12:Z] [undefined] 61 119 255 176 (1031274416)
2025-08-15 18:18:59:876 [IN ] C8 24 09 18 25 A5 09 01 31 03 CF 00 07 14 BA 25 A5 09 01 31 05 E6 3D 77 FF B0 89 53 B0 C8 24 0C 18 25 A5 0C 01 31 03 CF 00 0F 1F D7 25 A5 0C 01 31 05 E6 3D 77 FF B0 8C 6E B0 C8 24 09 18 25 A5 
09 01 31 03 CF 00 01 0E B4 25 A5 09 01 31 05 E6 3D 77 FF B0 89 53 B0 C8 24 0C 18 25 A5 0C 01 31 03 CF 00 06 16 CE 25 A5 0C 01 31 05 E6 3D 77 FF B0 8C 6E B0 (116)
                              [N9:P] MOTOR_I 0 7 (7)
                              [N9:P] [undefined] 61 119 255 176 (1031274416)
                              [N12:Z] MOTOR_I 0 15 (15)
                              [N12:Z] [undefined] 61 119 255 176 (1031274416)
                              [N9:P] MOTOR_I 0 1 (1)
                              [N9:P] [undefined] 61 119 255 176 (1031274416)
                              [N12:Z] MOTOR_I 0 6 (6)
                              [N12:Z] [undefined] 61 119 255 176 (1031274416)
2025-08-15 18:19:00:078 [IN ] C8 24 09 18 25 A5 09 01 31 03 CF 00 15 22 C8 25 A5 09 01 31 05 E6 3D 77 FF B0 89 53 B0 C8 24 0C 18 25 A5 0C 01 31 03 CF 00 10 20 D8 25 A5 0C 01 31 05 E6 3D 77 FF B0 8C 6E B0 C8 24 09 18 25 A5 
09 01 31 03 CF 00 15 22 C8 25 A5 09 01 31 05 E6 3D 77 FF B0 89 53 B0 C8 24 0C 18 25 A5 0C 01 31 03 CF 00 06 16 CE 25 A5 0C 01 31 05 E6 3D 77 FF B0 8C 6E B0 (116)
                              [N9:P] MOTOR_I 0 21 (21)
                              [N9:P] [undefined] 61 119 255 176 (1031274416)
                              [N12:Z] MOTOR_I 0 16 (16)
                              [N12:Z] [undefined] 61 119 255 176 (1031274416)
                              [N9:P] MOTOR_I 0 21 (21)
                              [N9:P] [undefined] 61 119 255 176 (1031274416)
                              [N12:Z] MOTOR_I 0 6 (6)
                              [N12:Z] [undefined] 61 119 255 176 (1031274416)
2025-08-15 18:19:00:279 [IN ] C8 24 09 18 25 A5 09 01 31 03 CF 00 09 16 BC 25 A5 09 01 31 05 E6 3D 77 FF B0 89 53 B0 C8 24 0C 18 25 A5 0C 01 31 03 CF 00 0F 1F D7 25 A5 0C 01 31 05 E6 3D 77 FF B0 8C 6E B0 C8 24 09 18 25 A5 
09 01 31 03 CF 00 11 1E C4 25 A5 09 01 31 05 E6 3D 77 FF B0 89 53 B0 C8 24 0C 18 25 A5 0C 01 31 03 CF 00 0C 1C D4 25 A5 0C 01 31 05 E6 3D 77 FF B0 8C 6E B0 (116)
                              [N9:P] MOTOR_I 0 9 (9)
                              [N9:P] [undefined] 61 119 255 176 (1031274416)
                              [N12:Z] MOTOR_I 0 15 (15)
                              [N12:Z] [undefined] 61 119 255 176 (1031274416)
                              [N9:P] MOTOR_I 0 17 (17)
                              [N9:P] [undefined] 61 119 255 176 (1031274416)
                              [N12:Z] MOTOR_I 0 12 (12)
                              [N12:Z] [undefined] 61 119 255 176 (1031274416)
2025-08-15 18:19:00:481 [IN ] C8 24 09 0E 25 A5 09 01 31 03 CF 00 13 20 C6 25 A5 09 01 C8 24 09 0A 01 31 05 E6 3D 77 FF B0 89 53 C6 C8 24 0C 18 25 A5 0C 01 31 03 CF 00 04 14 CC 25 A5 0C 01 31 05 E6 3D 77 FF B0 8C 6E B0 C8 
24 09 0E 25 A5 09 01 31 03 CF 00 10 1D C3 25 A5 09 01 C8 24 09 0A 01 31 05 E6 3D 77 FF B0 89 53 C3 C8 24 0C 18 25 A5 0C 01 31 03 CF 00 04 14 CC 25 A5 0C 01 31 05 E6 3D 77 FF B0 8C 6E B0 (126)
                              [N9:P] MOTOR_I 0 19 (19)
                              [N9:P] [undefined] 61 119 255 176 (1031274416)
                              [N12:Z] MOTOR_I 0 4 (4)
                              [N12:Z] [undefined] 61 119 255 176 (1031274416)
                              [N9:P] MOTOR_I 0 16 (16)
                              [N9:P] [undefined] 61 119 255 176 (1031274416)
                              [N12:Z] MOTOR_I 0 4 (4)
                              [N12:Z] [undefined] 61 119 255 176 (1031274416)
2025-08-15 18:19:00:682 [IN ] C8 24 09 18 25 A5 09 01 31 03 CF 00 09 16 BC 25 A5 09 01 31 05 E6 3D 77 FF B0 89 53 B0 C8 24 0C 18 25 A5 0C 01 31 03 CF 00 01 11 C9 25 A5 0C 01 31 05 E6 3D 77 FF B0 8C 6E B0 C8 24 09 18 25 A5 
09 01 31 03 CF 00 03 10 B6 25 A5 09 01 31 05 E6 3D 77 FF B0 89 53 B0 C8 24 0C 18 25 A5 0C 01 31 03 CF 00 01 11 C9 25 A5 (104)
                              [N9:P] MOTOR_I 0 9 (9)
                              [N9:P] [undefined] 61 119 255 176 (1031274416)
                              [N12:Z] MOTOR_I 0 1 (1)
                              [N12:Z] [undefined] 61 119 255 176 (1031274416)
                              [N9:P] MOTOR_I 0 3 (3)
                              [N9:P] [undefined] 61 119 255 176 (1031274416)
2025-08-15 18:19:00:884 [IN ] 0C 01 31 05 E6 3D 77 FF B0 8C 6E B0 C8 24 09 18 25 A5 09 01 31 03 CF 00 13 20 C6 25 A5 09 01 31 05 E6 3D 77 FF B0 89 53 B0 C8 24 0C 18 25 A5 0C 01 31 03 CF 00 0D 1D D5 25 A5 0C 01 31 05 E6 3D 
77 FF B0 8C 6E B0 C8 24 09 18 25 A5 09 01 31 03 CF 00 0F 1C C2 25 A5 09 01 31 05 E6 3D 77 FF B0 89 53 B0 C8 24 0C 18 25 A5 0C 01 31 03 CF 00 0D 1D D5 25 A5 0C 01 31 05 E6 3D 77 FF B0 8C 6E B0 (128)
                              [N12:Z] MOTOR_I 0 1 (1)
                              [N12:Z] [undefined] 61 119 255 176 (1031274416)
                              [N9:P] MOTOR_I 0 19 (19)
                              [N9:P] [undefined] 61 119 255 176 (1031274416)
                              [N12:Z] MOTOR_I 0 13 (13)
                              [N12:Z] [undefined] 61 119 255 176 (1031274416)
                              [N9:P] MOTOR_I 0 15 (15)
                              [N9:P] [undefined] 61 119 255 176 (1031274416)
                              [N12:Z] MOTOR_I 0 13 (13)
                              [N12:Z] [undefined] 61 119 255 176 (1031274416)
2025-08-15 18:19:01:085 [IN ] C8 24 09 18 25 A5 09 01 31 03 CF 00 1C 29 CF 25 A5 09 01 31 05 E6 3D 77 FF B0 89 53 B0 C8 24 0C 0E 25 A5 0C 01 31 03 CF 00 06 16 CE 25 A5 0C 01 C8 24 0C 0A 01 31 05 E6 3D 77 FF B0 8C 6E CE C8 
24 09 18 25 A5 09 01 31 03 CF 00 0C 19 BF 25 A5 09 01 31 05 E6 3D 77 FF B0 89 53 B0 C8 24 0C 15 25 A5 0C 01 31 03 CF 00 01 11 C9 25 A5 0C 01 31 05 E6 3D 77 FF B0 (118)
                              [N9:P] MOTOR_I 0 28 (28)
                              [N9:P] [undefined] 61 119 255 176 (1031274416)
                              [N12:Z] MOTOR_I 0 6 (6)
                              [N12:Z] [undefined] 61 119 255 176 (1031274416)
                              [N9:P] MOTOR_I 0 12 (12)
                              [N9:P] [undefined] 61 119 255 176 (1031274416)
                              [N12:Z] MOTOR_I 0 1 (1)
2025-08-15 18:19:01:289 [IN ] C8 24 09 18 25 A5 09 01 31 03 CF 00 15 22 C8 25 A5 09 01 31 05 E6 3D 77 FF B0 89 53 B0 C8 24 0C 1B B0 8C 6E 25 A5 0C 01 31 03 CF 00 02 12 CA 25 A5 0C 01 31 05 E6 3D 77 FF B0 8C 6E 0C C8 24 09 
18 25 A5 09 01 31 03 CF 00 0D 1A C0 25 A5 09 01 31 05 E6 3D 77 FF B0 89 53 B0 C8 24 0C 18 25 A5 0C 01 31 03 CF 00 06 16 CE 25 A5 0C 01 31 05 E6 3D 77 FF B0 8C 6E B0 (119)
                              [N9:P] MOTOR_I 0 21 (21)
                              [N9:P] [undefined] 61 119 255 176 (1031274416)
                              [N12:Z] [undefined] 61 119 255 176 (1031274416)
                              [N12:Z] MOTOR_I 0 2 (2)
                              [N12:Z] [undefined] 61 119 255 176 (1031274416)
                              [N9:P] MOTOR_I 0 13 (13)
                              [N9:P] [undefined] 61 119 255 176 (1031274416)
                              [N12:Z] MOTOR_I 0 6 (6)
                              [N12:Z] [undefined] 61 119 255 176 (1031274416)
2025-08-15 18:19:01:489 [IN ] C8 24 09 18 25 A5 09 01 31 03 CF 00 0F 1C C2 25 A5 09 01 31 05 E6 3D 77 FF B0 89 53 B0 C8 24 0C 18 25 A5 0C 01 31 03 CF 00 0A 1A D2 25 A5 0C 01 31 05 E6 3D 77 FF B0 8C 6E B0 C8 24 09 18 25 A5 
09 01 31 03 CF 00 04 11 B7 25 A5 09 01 31 05 E6 3D 77 FF B0 89 53 B0 C8 24 0C 18 25 A5 0C 01 31 03 CF 00 14 24 DC 25 A5 0C 01 31 05 E6 3D 77 FF B0 8C 6E B0 (116)
                              [N9:P] MOTOR_I 0 15 (15)
                              [N9:P] [undefined] 61 119 255 176 (1031274416)
                              [N12:Z] MOTOR_I 0 10 (10)
                              [N12:Z] [undefined] 61 119 255 176 (1031274416)
                              [N9:P] MOTOR_I 0 4 (4)
                              [N9:P] [undefined] 61 119 255 176 (1031274416)
                              [N12:Z] MOTOR_I 0 20 (20)
                              [N12:Z] [undefined] 61 119 255 176 (1031274416)
2025-08-15 18:19:01:691 [IN ] C8 24 09 18 25 A5 09 01 31 03 CF 00 08 15 BB 25 A5 09 01 31 05 E6 3D 77 FF B0 89 53 B0 C8 24 0C 18 25 A5 0C 01 31 03 CF 00 12 22 DA 25 A5 0C 01 31 05 E6 3D 77 FF B0 8C 6E B0 C8 24 09 18 25 A5 
09 01 31 03 CF 00 06 13 B9 25 A5 09 01 31 05 E6 3D 77 FF B0 89 53 B0 C8 24 0C 18 25 A5 0C 01 31 03 CF 00 03 13 CB 25 A5 0C 01 31 05 E6 3D 77 FF B0 8C 6E B0 (116)
                              [N9:P] MOTOR_I 0 8 (8)
                              [N9:P] [undefined] 61 119 255 176 (1031274416)
                              [N12:Z] MOTOR_I 0 18 (18)
                              [N12:Z] [undefined] 61 119 255 176 (1031274416)
                              [N9:P] MOTOR_I 0 6 (6)
                              [N9:P] [undefined] 61 119 255 176 (1031274416)
                              [N12:Z] MOTOR_I 0 3 (3)
                              [N12:Z] [undefined] 61 119 255 176 (1031274416)
2025-08-15 18:19:01:892 [IN ] C8 24 09 18 25 A5 09 01 31 03 CF 00 16 23 C9 25 A5 09 01 31 05 E6 3D 77 FF B0 89 53 B0 C8 24 0C 18 25 A5 0C 01 31 03 CF 00 07 17 CF 25 A5 0C 01 31 05 E6 3D 77 FF B0 8C 6E B0 C8 24 09 18 25 A5 
09 01 31 03 CF 00 0A 17 BD 25 A5 09 01 31 05 E6 3D 77 FF B0 89 53 B0 C8 24 0C 18 25 A5 0C 01 31 03 CF 00 08 18 D0 25 A5 0C 01 31 05 E6 3D 77 FF B0 8C 6E B0 (116)
                              [N9:P] MOTOR_I 0 22 (22)
                              [N9:P] [undefined] 61 119 255 176 (1031274416)
                              [N12:Z] MOTOR_I 0 7 (7)
                              [N12:Z] [undefined] 61 119 255 176 (1031274416)
                              [N9:P] MOTOR_I 0 10 (10)
                              [N9:P] [undefined] 61 119 255 176 (1031274416)
                              [N12:Z] MOTOR_I 0 8 (8)
                              [N12:Z] [undefined] 61 119 255 176 (1031274416)
2025-08-15 18:19:02:094 [IN ] C8 24 09 18 25 A5 09 01 31 03 CF 00 06 13 B9 25 A5 09 01 31 05 E6 3D 77 FF B0 89 53 B0 C8 24 0C 18 25 A5 0C 01 31 03 CF 00 02 12 CA 25 A5 0C 01 31 05 E6 3D 77 FF B0 8C 6E B0 C8 24 09 18 25 A5 
09 01 31 03 CF 00 17 24 CA 25 A5 09 01 31 05 E6 3D 77 FF B0 89 53 B0 C8 24 0C 18 25 A5 0C 01 31 03 CF 00 0B 1B D3 25 A5 0C 01 31 05 E6 3D 77 FF B0 8C 6E B0 (116)
                              [N9:P] MOTOR_I 0 6 (6)
                              [N9:P] [undefined] 61 119 255 176 (1031274416)
                              [N12:Z] MOTOR_I 0 2 (2)
                              [N12:Z] [undefined] 61 119 255 176 (1031274416)
                              [N9:P] MOTOR_I 0 23 (23)
                              [N9:P] [undefined] 61 119 255 176 (1031274416)
                              [N12:Z] MOTOR_I 0 11 (11)
                              [N12:Z] [undefined] 61 119 255 176 (1031274416)
2025-08-15 18:19:02:297 [IN ] C8 24 09 0E 25 A5 09 01 31 03 CF 00 16 23 C9 25 A5 09 01 C8 24 09 0A 01 31 05 E6 3D 77 FF B0 89 53 C9 C8 24 0C 18 25 A5 0C 01 31 03 CF 00 09 19 D1 25 A5 0C 01 31 05 E6 3D 77 FF B0 8C 6E B0 C8 
24 09 15 25 A5 09 01 31 03 CF 00 0F 1C C2 25 A5 09 01 31 05 E6 3D 77 FF B0 C8 24 0C 18 25 A5 0C 01 31 03 CF 00 0F 1F D7 25 A5 0C 01 31 05 E6 3D 77 FF B0 8C 6E B0 (118)
                              [N9:P] MOTOR_I 0 22 (22)
                              [N9:P] [undefined] 61 119 255 176 (1031274416)
                              [N12:Z] MOTOR_I 0 9 (9)
                              [N12:Z] [undefined] 61 119 255 176 (1031274416)
                              [N9:P] MOTOR_I 0 15 (15)
                              [N12:Z] MOTOR_I 0 15 (15)
                              [N12:Z] [undefined] 61 119 255 176 (1031274416)
2025-08-15 18:19:02:499 [IN ] C8 24 09 1B B0 89 53 25 A5 09 01 31 03 CF 00 17 24 CA 25 A5 09 01 31 05 E6 3D 77 FF B0 89 53 0C C8 24 0C 18 25 A5 0C 01 31 03 CF 00 02 12 CA 25 A5 0C 01 31 05 E6 3D 77 FF B0 8C 6E B0 C8 24 09 
18 25 A5 09 01 31 03 CF 00 1B 28 CE 25 A5 09 01 31 05 E6 3D 77 FF B0 89 53 B0 C8 24 0C 18 25 A5 0C 01 31 03 CF 00 00 10 C8 25 A5 0C 01 31 05 E6 3D 77 FF B0 8C 6E B0 (119)
                              [N9:P] [undefined] 61 119 255 176 (1031274416)
                              [N9:P] MOTOR_I 0 23 (23)
                              [N9:P] [undefined] 61 119 255 176 (1031274416)
                              [N12:Z] MOTOR_I 0 2 (2)
                              [N12:Z] [undefined] 61 119 255 176 (1031274416)
                              [N9:P] MOTOR_I 0 27 (27)
                              [N9:P] [undefined] 61 119 255 176 (1031274416)
                              [N12:Z] MOTOR_I 0 0 (0)
                              [N12:Z] [undefined] 61 119 255 176 (1031274416)
2025-08-15 18:19:02:699 [IN ] C8 24 09 18 25 A5 09 01 31 03 CF 00 08 15 BB 25 A5 09 01 31 05 E6 3D 77 FF B0 89 53 B0 C8 24 0C 18 25 A5 0C 01 31 03 CF 00 00 10 C8 25 A5 0C 01 31 05 E6 3D 77 FF B0 8C 6E B0 C8 24 09 18 25 A5 
09 01 31 03 CF 00 0E 1B C1 25 A5 09 01 31 05 E6 3D 77 FF B0 89 53 B0 C8 24 0C 18 25 A5 0C 01 31 03 CF 00 0A 1A D2 25 A5 0C 01 31 05 E6 3D 77 FF B0 8C 6E B0 (116)
                              [N9:P] MOTOR_I 0 8 (8)
                              [N9:P] [undefined] 61 119 255 176 (1031274416)
                              [N12:Z] MOTOR_I 0 0 (0)
                              [N12:Z] [undefined] 61 119 255 176 (1031274416)
                              [N9:P] MOTOR_I 0 14 (14)
                              [N9:P] [undefined] 61 119 255 176 (1031274416)
                              [N12:Z] MOTOR_I 0 10 (10)
                              [N12:Z] [undefined] 61 119 255 176 (1031274416)
2025-08-15 18:19:02:901 [IN ] C8 24 09 18 25 A5 09 01 31 03 CF 00 10 1D C3 25 A5 09 01 31 05 E6 3D 77 FF B0 89 53 B0 C8 24 0C 0E 25 A5 0C 01 31 03 CF 00 1E 2E E6 25 A5 0C 01 C8 24 0C 0A 01 31 05 E6 3D 77 FF B0 8C 6E E6 C8 
24 09 18 25 A5 09 01 31 03 CF 00 19 26 CC 25 A5 09 01 31 05 E6 3D 77 FF B0 89 53 B0 C8 24 0C 15 25 A5 0C 01 31 03 CF 00 14 24 DC 25 A5 0C 01 31 05 E6 3D 77 FF B0 (118)
                              [N9:P] MOTOR_I 0 16 (16)
                              [N9:P] [undefined] 61 119 255 176 (1031274416)
                              [N12:Z] MOTOR_I 0 30 (30)
                              [N12:Z] [undefined] 61 119 255 176 (1031274416)
                              [N9:P] MOTOR_I 0 25 (25)
                              [N9:P] [undefined] 61 119 255 176 (1031274416)
                              [N12:Z] MOTOR_I 0 20 (20)
2025-08-15 18:19:03:103 [IN ] C8 24 09 18 25 A5 09 01 31 03 CF 00 19 26 CC 25 A5 09 01 31 05 E6 3D 77 FF B0 89 53 B0 C8 24 0C 1B B0 8C 6E 25 A5 0C 01 31 03 CF 00 03 13 CB 25 A5 0C 01 31 05 E6 3D 77 FF B0 8C 6E 0C C8 24 09 
18 25 A5 09 01 31 03 CF 00 05 12 B8 25 A5 09 01 31 05 E6 3D 77 FF B0 89 53 B0 C8 24 0C 18 25 A5 0C 01 31 03 CF 00 01 11 C9 25 A5 0C 01 31 05 E6 3D 77 FF B0 8C 6E B0 (119)
                              [N9:P] MOTOR_I 0 25 (25)
                              [N9:P] [undefined] 61 119 255 176 (1031274416)
                              [N12:Z] [undefined] 61 119 255 176 (1031274416)
                              [N12:Z] MOTOR_I 0 3 (3)
                              [N12:Z] [undefined] 61 119 255 176 (1031274416)
                              [N9:P] MOTOR_I 0 5 (5)
                              [N9:P] [undefined] 61 119 255 176 (1031274416)
                              [N12:Z] MOTOR_I 0 1 (1)
                              [N12:Z] [undefined] 61 119 255 176 (1031274416)
2025-08-15 18:19:03:305 [IN ] C8 24 09 18 25 A5 09 01 31 03 CF 00 0B 18 BE 25 A5 09 01 31 05 E6 3D 77 FF B0 89 53 B0 C8 24 0C 18 25 A5 0C 01 31 03 CF 00 05 15 CD 25 A5 0C 01 31 05 E6 3D 77 FF B0 8C 6E B0 C8 24 09 18 25 A5 
09 01 31 03 CF 00 0C 19 BF 25 A5 09 01 31 05 E6 3D 77 FF B0 89 53 B0 C8 24 0C 18 25 A5 0C 01 31 03 CF 00 0B 1B D3 25 A5 0C 01 31 05 E6 3D 77 FF B0 8C 6E B0 (116)
                              [N9:P] MOTOR_I 0 11 (11)
                              [N9:P] [undefined] 61 119 255 176 (1031274416)
                              [N12:Z] MOTOR_I 0 5 (5)
                              [N12:Z] [undefined] 61 119 255 176 (1031274416)
                              [N9:P] MOTOR_I 0 12 (12)
                              [N9:P] [undefined] 61 119 255 176 (1031274416)
                              [N12:Z] MOTOR_I 0 11 (11)
                              [N12:Z] [undefined] 61 119 255 176 (1031274416)
2025-08-15 18:19:03:506 [IN ] C8 24 09 18 25 A5 09 01 31 03 CF 00 26 33 D9 25 A5 09 01 31 05 E6 3D 77 FF B0 89 53 B0 C8 24 0C 18 25 A5 0C 01 31 03 CF 00 10 20 D8 25 A5 0C 01 31 05 E6 3D 77 FF B0 8C 6E B0 C8 24 09 18 25 A5 
09 01 31 03 CF 00 08 15 BB 25 A5 09 01 31 05 E6 3D 77 FF B0 89 53 B0 C8 24 0C 18 25 A5 0C 01 31 03 CF 00 15 25 DD 25 A5 0C 01 31 05 E6 3D 77 FF B0 8C 6E B0 (116)
                              [N9:P] MOTOR_I 0 38 (38)
                              [N9:P] [undefined] 61 119 255 176 (1031274416)
                              [N12:Z] MOTOR_I 0 16 (16)
                              [N12:Z] [undefined] 61 119 255 176 (1031274416)
                              [N9:P] MOTOR_I 0 8 (8)
                              [N9:P] [undefined] 61 119 255 176 (1031274416)
                              [N12:Z] MOTOR_I 0 21 (21)
                              [N12:Z] [undefined] 61 119 255 176 (1031274416)
2025-08-15 18:19:03:708 [IN ] C8 24 09 18 25 A5 09 01 31 03 CF 00 11 1E C4 25 A5 09 01 31 05 E6 3D 77 FF B0 89 53 B0 C8 24 0C 18 25 A5 0C 01 31 03 CF 00 01 11 C9 25 A5 0C 01 31 05 E6 3D 77 FF B0 8C 6E B0 C8 24 09 18 25 A5 
09 01 31 03 CF 00 14 21 C7 25 A5 09 01 31 05 E6 3D 77 FF B0 89 53 B0 C8 24 0C 18 25 A5 0C 01 31 03 CF 00 00 10 C8 25 A5 0C 01 31 05 E6 3D 77 FF B0 8C 6E B0 (116)
                              [N9:P] MOTOR_I 0 17 (17)
                              [N9:P] [undefined] 61 119 255 176 (1031274416)
                              [N12:Z] MOTOR_I 0 1 (1)
                              [N12:Z] [undefined] 61 119 255 176 (1031274416)
                              [N9:P] MOTOR_I 0 20 (20)
                              [N9:P] [undefined] 61 119 255 176 (1031274416)
                              [N12:Z] MOTOR_I 0 0 (0)
                              [N12:Z] [undefined] 61 119 255 176 (1031274416)
2025-08-15 18:19:03:909 [IN ] C8 24 09 18 25 A5 09 01 31 03 CF 00 18 25 CB 25 A5 09 01 31 05 E6 3D 77 FF B0 89 53 B0 C8 24 0C 18 25 A5 0C 01 31 03 CF 00 08 18 D0 25 A5 0C 01 31 05 E6 3D 77 FF B0 8C 6E B0 C8 24 09 18 25 A5 
09 01 31 03 CF 00 1F 2C D2 25 A5 09 01 31 05 E6 3D 77 FF B0 89 53 B0 C8 24 0C 18 25 A5 0C 01 31 03 CF 00 0B 1B D3 25 A5 0C 01 31 05 E6 3D 77 FF B0 8C 6E B0 (116)
                              [N9:P] MOTOR_I 0 24 (24)
                              [N9:P] [undefined] 61 119 255 176 (1031274416)
                              [N12:Z] MOTOR_I 0 8 (8)
                              [N12:Z] [undefined] 61 119 255 176 (1031274416)
                              [N9:P] MOTOR_I 0 31 (31)
                              [N9:P] [undefined] 61 119 255 176 (1031274416)
                              [N12:Z] MOTOR_I 0 11 (11)
                              [N12:Z] [undefined] 61 119 255 176 (1031274416)
2025-08-15 18:19:04:112 [IN ] C8 24 09 0E 25 A5 09 01 31 03 CF 00 14 21 C7 25 A5 09 01 C8 24 09 0A 01 31 05 E6 3D 77 FF B0 89 53 C7 C8 24 06 0B 25 A5 06 01 31 03 81 5A 4C 62 B4 25 C8 24 0C 18 25 A5 0C 01 31 03 CF 00 0A 1A 
D2 25 A5 0C 01 31 05 E6 3D 77 FF B0 8C 6E B0 C8 24 06 0A 25 A5 06 01 31 02 81 49 04 3E D2 C8 24 09 15 25 A5 09 01 31 03 CF 00 18 25 CB 25 A5 09 01 31 05 E6 3D 77 FF B0 C8 24 0C 18 25 A5 0C 01 
31 03 CF 00 06 16 CE 25 A5 0C 01 31 05 E6 3D 77 FF B0 8C 6E B0 (149)
                              [N9:P] MOTOR_I 0 20 (20)
                              [N9:P] [undefined] 61 119 255 176 (1031274416)
                              [N6:H] TPOS 'Z' 76 (76)
                              [N12:Z] MOTOR_I 0 10 (10)
                              [N12:Z] [undefined] 61 119 255 176 (1031274416)
                              [N6:H] TPOS 'I'
                              [N9:P] MOTOR_I 0 24 (24)
                              [N12:Z] MOTOR_I 0 6 (6)
                              [N12:Z] [undefined] 61 119 255 176 (1031274416)
2025-08-15 18:19:04:315 [IN ] C8 24 09 1B B0 89 53 25 A5 09 01 31 03 CF 00 0F 1C C2 25 A5 09 01 31 05 E6 3D 77 FF B0 89 53 0C C8 24 0C 18 25 A5 0C 01 31 03 CF 00 06 16 CE 25 A5 0C 01 31 05 E6 3D 77 FF B0 8C 6E B0 C8 24 09 
18 25 A5 09 01 31 03 CF 00 17 24 CA 25 A5 09 01 31 05 E6 3D 77 FF B0 89 53 B0 C8 24 0C 18 25 A5 0C 01 31 03 CF 00 0C 1C D4 25 A5 0C 01 31 05 E6 3D 77 FF B0 8C 6E B0 (119)
                              [N9:P] [undefined] 61 119 255 176 (1031274416)
                              [N9:P] MOTOR_I 0 15 (15)
                              [N9:P] [undefined] 61 119 255 176 (1031274416)
                              [N12:Z] MOTOR_I 0 6 (6)
                              [N12:Z] [undefined] 61 119 255 176 (1031274416)
                              [N9:P] MOTOR_I 0 23 (23)
                              [N9:P] [undefined] 61 119 255 176 (1031274416)
                              [N12:Z] MOTOR_I 0 12 (12)
                              [N12:Z] [undefined] 61 119 255 176 (1031274416)
2025-08-15 18:19:04:336 [OUT] 25 A5 01 06 31 03 C9 3D 09 4A 0A (11)
                              [N6:H] LFLAG '=' 9 (9)
2025-08-15 18:19:04:337 [IN ] C8 24 09 18 25 A5 09 01 31 03 CF (11)
2025-08-15 18:19:04:358 [IN ] 00 0D 1A C0 25 A5 09 01 31 05 E6 3D 77 FF B0 89 53 B0 (18)
                              [N9:P] MOTOR_I 0 13 (13)
                              [N9:P] [undefined] 61 119 255 176 (1031274416)
2025-08-15 18:19:04:421 [IN ] C8 24 0C 18 25 A5 0C 01 31 03 CF 00 0C 1C D4 25 A5 0C 01 31 05 E6 3D 77 FF B0 8C 6E B0 (29)
                              [N12:Z] MOTOR_I 0 12 (12)
                              [N12:Z] [undefined] 61 119 255 176 (1031274416)
2025-08-15 18:19:04:443 [IN ] C8 24 09 18 25 A5 09 01 31 03 CF 00 17 24 CA 25 A5 09 01 31 05 E6 3D 77 FF B0 89 53 B0 (29)
                              [N9:P] MOTOR_I 0 23 (23)
                              [N9:P] [undefined] 61 119 255 176 (1031274416)
2025-08-15 18:19:04:506 [IN ] C8 24 06 0B 25 A5 06 01 31 03 C9 3A 09 47 09 25 C8 24 0C 18 25 A5 0C 01 31 03 CF 00 09 19 D1 25 A5 0C 01 31 05 E6 3D 77 FF B0 8C 6E B0 (45)
                              [N6:H] LFLAG ':' 9 (9)
                              [N12:Z] MOTOR_I 0 9 (9)
                              [N12:Z] [undefined] 61 119 255 176 (1031274416)
2025-08-15 18:19:04:527 [OUT] 25 A5 01 06 31 03 84 00 50 0F 08 (11)
                              [N6:H] VEL 0 80 (80)
2025-08-15 18:19:04:548 [IN ] C8 24 09 18 25 A5 09 01 31 03 CF 00 0C 19 BF 25 A5 09 01 31 05 E6 3D 77 FF B0 89 53 B0 (29)
                              [N9:P] MOTOR_I 0 12 (12)
                              [N9:P] [undefined] 61 119 255 176 (1031274416)
2025-08-15 18:19:04:611 [IN ] C8 24 0C 0E 25 A5 0C 01 31 03 CF 00 02 12 CA 25 A5 0C 01 (19)
                              [N12:Z] MOTOR_I 0 2 (2)
2025-08-15 18:19:04:632 [IN ] C8 24 0C 0A 01 31 05 E6 3D 77 FF B0 8C 6E CA (15)
                              [N12:Z] [undefined] 61 119 255 176 (1031274416)
2025-08-15 18:19:04:654 [IN ] C8 24 09 18 25 A5 09 01 31 03 CF 00 12 1F C5 25 A5 09 01 31 05 E6 3D 77 FF B0 89 53 B0 (29)
                              [N9:P] MOTOR_I 0 18 (18)
                              [N9:P] [undefined] 61 119 255 176 (1031274416)
2025-08-15 18:19:04:716 [IN ] C8 24 06 0C 25 A5 06 01 31 04 84 53 00 50 63 CA A5 C8 24 0C 15 25 A5 0C 01 31 03 CF 00 0D 1D D5 25 A5 0C 01 31 05 E6 3D 77 FF B0 (43)
                              [N6:H] VEL 'S' 0 80 (80)
                              [N12:Z] MOTOR_I 0 13 (13)
2025-08-15 18:19:04:737 [OUT] 25 A5 01 06 31 05 81 00 19 82 3C 95 BE (13)
                              [N6:H] TPOS 0 25 130 60 (1671740)
2025-08-15 18:19:04:759 [IN ] C8 24 09 18 25 A5 09 01 31 03 CF 00 09 16 BC 25 A5 09 01 31 05 E6 3D 77 FF B0 89 53 B0 (29)
                              [N9:P] MOTOR_I 0 9 (9)
                              [N9:P] [undefined] 61 119 255 176 (1031274416)
2025-08-15 18:19:04:801 [IN ] C8 24 0C 1B B0 8C 6E 25 A5 0C 01 31 03 CF 00 13 23 DB 25 A5 0C 01 31 05 E6 3D 77 FF B0 8C 6E 0C (32)
                              [N12:Z] [undefined] 61 119 255 176 (1031274416)
                              [N12:Z] MOTOR_I 0 19 (19)
                              [N12:Z] [undefined] 61 119 255 176 (1031274416)
2025-08-15 18:19:04:844 [IN ] C8 24 09 18 25 A5 09 01 31 03 CF 00 15 22 C8 25 A5 09 01 31 05 E6 3D 77 FF B0 89 53 B0 (29)
                              [N9:P] MOTOR_I 0 21 (21)
                              [N9:P] [undefined] 61 119 255 176 (1031274416)
2025-08-15 18:19:04:907 [IN ] C8 24 0C 18 25 A5 0C 01 31 03 CF 00 09 19 D1 25 A5 0C 01 31 05 E6 3D 77 FF B0 8C 6E B0 C8 24 06 0E 25 A5 06 01 31 06 81 53 00 00 00 01 13 9D 01 (48)
                              [N12:Z] MOTOR_I 0 9 (9)
                              [N12:Z] [undefined] 61 119 255 176 (1031274416)
                              [N6:H] TPOS 'S' 0 0 0 1 (1)
2025-08-15 18:19:05:108 [IN ] C8 24 09 18 25 A5 09 01 31 03 CF 00 13 20 C6 25 A5 09 01 31 05 E6 3D 77 FF B0 89 53 B0 C8 24 0C 18 25 A5 0C 01 31 03 CF 00 02 12 CA 25 A5 0C 01 31 05 E6 3D 77 FF B0 8C 6E B0 C8 24 09 18 25 A5 
09 01 31 03 CF 00 11 1E C4 25 A5 09 01 31 05 E6 3D 77 FF B0 89 53 B0 C8 24 0C 18 25 A5 0C 01 31 03 CF 00 00 10 C8 25 A5 0C 01 31 05 (108)
                              [N9:P] MOTOR_I 0 19 (19)
                              [N9:P] [undefined] 61 119 255 176 (1031274416)
                              [N12:Z] MOTOR_I 0 2 (2)
                              [N12:Z] [undefined] 61 119 255 176 (1031274416)
                              [N9:P] MOTOR_I 0 17 (17)
                              [N9:P] [undefined] 61 119 255 176 (1031274416)
2025-08-15 18:19:05:309 [IN ] E6 3D 77 FF B0 8C 6E B0 C8 24 09 18 25 A5 09 01 31 03 CF 00 05 12 B8 25 A5 09 01 31 05 E6 3D 77 FF B0 89 53 B0 C8 24 0C 18 25 A5 0C 01 31 03 CF 00 09 19 D1 25 A5 0C 01 31 05 E6 3D 77 FF B0 8C 
6E B0 C8 24 09 18 25 A5 09 01 31 03 CF 00 11 1E C4 25 A5 09 01 31 05 E6 3D 77 FF B0 89 53 B0 C8 24 0C 18 25 A5 0C 01 31 03 CF 00 18 28 E0 25 A5 0C 01 31 05 E6 3D 77 FF B0 8C 6E B0 (124)
                              [N12:Z] MOTOR_I 0 0 (0)
                              [N12:Z] [undefined] 61 119 255 176 (1031274416)
                              [N9:P] MOTOR_I 0 5 (5)
                              [N9:P] [undefined] 61 119 255 176 (1031274416)
                              [N12:Z] MOTOR_I 0 9 (9)
                              [N12:Z] [undefined] 61 119 255 176 (1031274416)
                              [N9:P] MOTOR_I 0 17 (17)
                              [N9:P] [undefined] 61 119 255 176 (1031274416)
                              [N12:Z] MOTOR_I 0 24 (24)
                              [N12:Z] [undefined] 61 119 255 176 (1031274416)
2025-08-15 18:19:05:511 [IN ] C8 24 09 18 25 A5 09 01 31 03 CF 00 1F 2C D2 25 A5 09 01 31 05 E6 3D 77 FF B0 89 53 B0 C8 24 0C 18 25 A5 0C 01 31 03 CF 00 11 21 D9 25 A5 0C 01 31 05 E6 3D 77 FF B0 8C 6E B0 C8 24 09 18 25 A5 
09 01 31 03 CF 00 14 21 C7 25 A5 09 01 31 05 E6 3D 77 FF B0 89 53 B0 (87)
                              [N9:P] MOTOR_I 0 31 (31)
                              [N9:P] [undefined] 61 119 255 176 (1031274416)
                              [N12:Z] MOTOR_I 0 17 (17)
                              [N12:Z] [undefined] 61 119 255 176 (1031274416)
                              [N9:P] MOTOR_I 0 20 (20)
                              [N9:P] [undefined] 61 119 255 176 (1031274416)
2025-08-15 18:19:05:712 [IN ] C8 24 0C 18 25 A5 0C 01 31 03 CF 00 09 19 D1 25 A5 0C 01 31 05 E6 3D 77 FF B0 8C 6E B0 C8 24 03 0E 25 A5 03 01 31 06 81 45 FF EC 49 77 AC 01 01 C8 24 09 18 25 A5 09 01 31 03 CF 00 05 12 B8 25 
A5 09 01 31 05 E6 3D 77 FF B0 89 53 B0 C8 24 0C 18 25 A5 0C 01 31 03 CF 00 04 14 CC 25 A5 0C 01 31 05 E6 3D 77 FF B0 8C 6E B0 C8 24 09 18 25 A5 09 01 31 03 CF 00 05 12 B8 25 A5 09 01 31 05 E6 
3D 77 FF B0 89 53 B0 (135)
                              [N12:Z] MOTOR_I 0 9 (9)
                              [N12:Z] [undefined] 61 119 255 176 (1031274416)
                              [N3:X] TPOS 'E' 255 236 73 119 (-1291913)
                              [N9:P] MOTOR_I 0 5 (5)
                              [N9:P] [undefined] 61 119 255 176 (1031274416)
                              [N12:Z] MOTOR_I 0 4 (4)
                              [N12:Z] [undefined] 61 119 255 176 (1031274416)
                              [N9:P] MOTOR_I 0 5 (5)
                              [N9:P] [undefined] 61 119 255 176 (1031274416)
2025-08-15 18:19:05:915 [IN ] C8 24 0C 18 25 A5 0C 01 31 03 CF 00 03 13 CB 25 A5 0C 01 31 05 E6 3D 77 FF B0 8C 6E B0 C8 24 09 0E 25 A5 09 01 31 03 CF 00 0D 1A C0 25 A5 09 01 C8 24 09 0A 01 31 05 E6 3D 77 FF B0 89 53 C0 C8 
24 0C 18 25 A5 0C 01 31 03 CF 00 10 20 D8 25 A5 0C 01 31 05 E6 3D 77 FF B0 8C 6E B0 C8 24 09 15 25 A5 09 01 31 03 CF 00 21 2E D4 25 A5 09 01 31 05 E6 3D 77 FF B0 C8 24 0C 18 25 A5 0C 01 31 03 
CF 00 03 13 CB 25 A5 0C 01 31 05 E6 3D 77 FF B0 8C 6E B0 (147)
                              [N12:Z] MOTOR_I 0 3 (3)
                              [N12:Z] [undefined] 61 119 255 176 (1031274416)
                              [N9:P] MOTOR_I 0 13 (13)
                              [N9:P] [undefined] 61 119 255 176 (1031274416)
                              [N12:Z] MOTOR_I 0 16 (16)
                              [N12:Z] [undefined] 61 119 255 176 (1031274416)
                              [N9:P] MOTOR_I 0 33 (33)
                              [N12:Z] MOTOR_I 0 3 (3)
                              [N12:Z] [undefined] 61 119 255 176 (1031274416)
2025-08-15 18:19:06:117 [IN ] C8 24 09 1B B0 89 53 25 A5 09 01 31 03 CF 00 1C 29 CF 25 A5 09 01 31 05 E6 3D 77 FF B0 89 53 0C C8 24 0C 18 25 A5 0C 01 31 03 CF 00 0E 1E D6 25 A5 0C 01 31 05 E6 3D 77 FF B0 8C 6E B0 C8 24 09 
18 25 A5 09 01 31 03 CF 00 07 14 BA 25 A5 09 01 31 05 E6 3D 77 FF B0 89 53 B0 (90)
                              [N9:P] [undefined] 61 119 255 176 (1031274416)
                              [N9:P] MOTOR_I 0 28 (28)
                              [N9:P] [undefined] 61 119 255 176 (1031274416)
                              [N12:Z] MOTOR_I 0 14 (14)
                              [N12:Z] [undefined] 61 119 255 176 (1031274416)
                              [N9:P] MOTOR_I 0 7 (7)
                              [N9:P] [undefined] 61 119 255 176 (1031274416)
2025-08-15 18:19:06:138 [OUT] 25 A5 01 03 31 05 81 FF FD 50 01 08 AF (13)
                              [N3:X] TPOS 255 253 80 1 (-176127)
2025-08-15 18:19:06:139 [IN ] C8 24 0C 18 25 A5 0C 01 31 03 CF 00 07 17 CF 25 A5 0C 01 31 05 E6 3D 77 FF B0 8C 6E B0 (29)
                              [N12:Z] MOTOR_I 0 7 (7)
                              [N12:Z] [undefined] 61 119 255 176 (1031274416)
2025-08-15 18:19:06:160 [IN ] C8 24 09 18 25 A5 09 01 31 03 CF 00 0D 1A C0 25 A5 09 01 31 05 E6 3D 77 FF B0 89 53 B0 (29)
                              [N9:P] MOTOR_I 0 13 (13)
                              [N9:P] [undefined] 61 119 255 176 (1031274416)
2025-08-15 18:19:06:223 [IN ] C8 24 0C 18 25 A5 0C 01 31 03 CF 00 18 (13)
2025-08-15 18:19:06:244 [IN ] 28 E0 25 A5 0C 01 31 05 E6 3D 77 FF B0 8C 6E B0 (16)
                              [N12:Z] MOTOR_I 0 24 (24)
                              [N12:Z] [undefined] 61 119 255 176 (1031274416)
2025-08-15 18:19:06:265 [IN ] C8 24 09 18 25 A5 09 01 31 03 CF 00 0B 18 BE 25 A5 09 01 31 05 E6 3D 77 FF B0 89 53 B0 (29)
                              [N9:P] MOTOR_I 0 11 (11)
                              [N9:P] [undefined] 61 119 255 176 (1031274416)
2025-08-15 18:19:06:328 [IN ] C8 24 03 0E 25 A5 03 01 31 06 81 53 FF EC 49 77 BA 47 01 C8 24 0C 18 25 A5 0C 01 31 03 CF 00 08 18 D0 25 A5 0C 01 31 05 E6 3D 77 FF B0 8C 6E B0 (48)
                              [N3:X] TPOS 'S' 255 236 73 119 (-1291913)
                              [N12:Z] MOTOR_I 0 8 (8)
                              [N12:Z] [undefined] 61 119 255 176 (1031274416)
2025-08-15 18:19:06:531 [IN ] C8 24 09 18 25 A5 09 01 31 03 CF 00 0D 1A C0 25 A5 09 01 31 05 E6 3D 77 FF B0 89 53 B0 C8 24 0C 0E 25 A5 0C 01 31 03 CF 00 07 17 CF 25 A5 0C 01 C8 24 0C 0A 01 31 05 E6 3D 77 FF B0 8C 6E CF C8 
24 09 18 25 A5 09 01 31 03 CF 00 07 14 BA 25 A5 09 01 31 05 E6 3D 77 FF B0 89 53 B0 C8 24 0C 15 25 A5 0C 01 31 03 CF 00 00 10 C8 25 A5 0C 01 31 05 E6 3D 77 FF B0 (118)
                              [N9:P] MOTOR_I 0 13 (13)
                              [N9:P] [undefined] 61 119 255 176 (1031274416)
                              [N12:Z] MOTOR_I 0 7 (7)
                              [N12:Z] [undefined] 61 119 255 176 (1031274416)
                              [N9:P] MOTOR_I 0 7 (7)
                              [N9:P] [undefined] 61 119 255 176 (1031274416)
                              [N12:Z] MOTOR_I 0 0 (0)
2025-08-15 18:19:06:734 [IN ] C8 24 09 18 25 A5 09 01 31 03 CF 00 0B 18 BE 25 A5 09 01 31 05 E6 3D 77 FF B0 89 53 B0 C8 24 0C 1B B0 8C 6E 25 A5 0C 01 31 03 CF 00 05 15 CD 25 A5 0C 01 31 05 E6 3D 77 FF B0 8C 6E 0C C8 24 09 
18 25 A5 09 01 31 03 CF 00 13 20 C6 25 A5 09 01 31 05 E6 3D 77 FF B0 89 53 B0 C8 24 0C 18 25 A5 0C 01 31 03 CF 00 07 17 CF 25 A5 0C 01 31 05 E6 3D 77 FF B0 8C 6E B0 (119)
                              [N9:P] MOTOR_I 0 11 (11)
                              [N9:P] [undefined] 61 119 255 176 (1031274416)
                              [N12:Z] [undefined] 61 119 255 176 (1031274416)
                              [N12:Z] MOTOR_I 0 5 (5)
                              [N12:Z] [undefined] 61 119 255 176 (1031274416)
                              [N9:P] MOTOR_I 0 19 (19)
                              [N9:P] [undefined] 61 119 255 176 (1031274416)
                              [N12:Z] MOTOR_I 0 7 (7)
                              [N12:Z] [undefined] 61 119 255 176 (1031274416)
2025-08-15 18:19:06:935 [IN ] C8 24 09 18 25 A5 09 01 31 03 CF 00 0D 1A C0 25 A5 09 01 31 05 E6 3D 77 FF B0 89 53 B0 C8 24 0C 18 25 A5 0C 01 31 03 CF 00 12 22 DA 25 A5 0C 01 31 05 E6 3D 77 FF B0 8C 6E B0 C8 24 09 18 25 A5 
09 01 31 03 CF 00 05 12 B8 25 A5 09 01 31 05 E6 3D 77 FF B0 89 53 B0 C8 24 0C 18 25 A5 0C 01 31 03 CF 00 0E 1E D6 25 A5 0C 01 31 05 E6 3D 77 FF B0 8C 6E B0 (116)
                              [N9:P] MOTOR_I 0 13 (13)
                              [N9:P] [undefined] 61 119 255 176 (1031274416)
                              [N12:Z] MOTOR_I 0 18 (18)
                              [N12:Z] [undefined] 61 119 255 176 (1031274416)
                              [N9:P] MOTOR_I 0 5 (5)
                              [N9:P] [undefined] 61 119 255 176 (1031274416)
                              [N12:Z] MOTOR_I 0 14 (14)
                              [N12:Z] [undefined] 61 119 255 176 (1031274416)
2025-08-15 18:19:07:136 [IN ] C8 24 09 18 25 A5 09 01 31 03 CF 00 0E 1B C1 25 A5 09 01 31 05 E6 3D 77 FF B0 89 53 B0 C8 24 0C 18 25 A5 0C 01 31 03 CF 00 0A 1A D2 25 A5 0C 01 31 05 E6 3D 77 FF B0 8C 6E B0 C8 24 09 18 25 A5 
09 01 31 03 CF 00 1D 2A D0 25 A5 09 01 31 05 E6 3D 77 FF B0 89 53 B0 C8 24 0C 18 25 A5 0C 01 31 03 CF 00 05 15 CD 25 A5 0C 01 31 05 E6 3D 77 FF B0 8C 6E B0 (116)
                              [N9:P] MOTOR_I 0 14 (14)
                              [N9:P] [undefined] 61 119 255 176 (1031274416)
                              [N12:Z] MOTOR_I 0 10 (10)
                              [N12:Z] [undefined] 61 119 255 176 (1031274416)
                              [N9:P] MOTOR_I 0 29 (29)
                              [N9:P] [undefined] 61 119 255 176 (1031274416)
                              [N12:Z] MOTOR_I 0 5 (5)
                              [N12:Z] [undefined] 61 119 255 176 (1031274416)
2025-08-15 18:19:07:338 [IN ] C8 24 09 18 25 A5 09 01 31 03 CF 00 00 0D B3 25 A5 09 01 31 05 E6 3D 77 00 00 DA A5 B0 C8 24 09 0E 25 A5 09 01 31 06 81 45 FF E7 5C 5C A5 39 01 C8 24 0C 18 25 A5 0C 01 31 03 CF 00 09 19 D1 25 
A5 0C 01 31 05 E6 3D 77 FF B0 8C 6E B0 C8 24 09 18 25 A5 09 01 31 03 CF 00 00 0D B3 25 A5 09 01 31 05 E6 3D 77 00 00 DA A5 B0 C8 24 0C 18 25 A5 0C 01 31 03 CF 00 05 15 CD 25 A5 0C 01 31 05 E6 
3D 77 FF B0 8C 6E B0 C8 24 04 0E 25 A5 04 01 31 06 81 45 FF FD 4F 7C C9 4F 01 (154)
                              [N9:P] MOTOR_I 0 0 (0)
                              [N9:P] [undefined] 61 119 0 0 (1031208960)
                              [N9:P] TPOS 'E' 255 231 92 92 (-1614756)
                              [N12:Z] MOTOR_I 0 9 (9)
                              [N12:Z] [undefined] 61 119 255 176 (1031274416)
                              [N9:P] MOTOR_I 0 0 (0)
                              [N9:P] [undefined] 61 119 0 0 (1031208960)
                              [N12:Z] MOTOR_I 0 5 (5)
                              [N12:Z] [undefined] 61 119 255 176 (1031274416)
                              [N4:Y] TPOS 'E' 255 253 79 124 (-176260)
2025-08-15 18:19:07:540 [IN ] C8 24 09 18 25 A5 09 01 31 03 CF 00 00 0D B3 25 A5 09 01 31 05 E6 3D 77 00 00 DA A5 B0 C8 24 0C 18 25 A5 0C 01 31 03 CF 00 00 10 C8 25 A5 0C 01 31 05 E6 3D 77 FF B0 8C 6E B0 C8 24 09 18 25 A5 
09 01 31 03 CF 00 00 0D B3 25 A5 09 01 31 05 E6 3D 77 00 00 DA A5 B0 C8 24 0C 18 25 A5 0C 01 31 03 CF 00 0D 1D D5 25 A5 0C 01 31 05 E6 3D 77 FF B0 8C 6E B0 (116)
                              [N9:P] MOTOR_I 0 0 (0)
                              [N9:P] [undefined] 61 119 0 0 (1031208960)
                              [N12:Z] MOTOR_I 0 0 (0)
                              [N12:Z] [undefined] 61 119 255 176 (1031274416)
                              [N9:P] MOTOR_I 0 0 (0)
                              [N9:P] [undefined] 61 119 0 0 (1031208960)
                              [N12:Z] MOTOR_I 0 13 (13)
                              [N12:Z] [undefined] 61 119 255 176 (1031274416)
2025-08-15 18:19:07:742 [IN ] C8 24 09 0E 25 A5 09 01 31 03 CF 00 00 0D B3 25 A5 09 01 C8 24 09 0A 01 31 05 E6 3D 77 00 00 DA A5 B3 C8 24 0C 18 25 A5 0C 01 31 03 CF 00 05 15 CD 25 A5 0C 01 31 05 E6 3D 77 FF B0 8C 6E B0 C8 
24 09 15 25 A5 09 01 31 03 CF 00 00 0D B3 25 A5 09 01 31 05 E6 3D 77 00 B0 C8 24 0C 18 25 A5 0C 01 31 03 CF 00 13 23 DB 25 A5 0C 01 31 05 E6 3D 77 FF B0 8C 6E B0 (118)
                              [N9:P] MOTOR_I 0 0 (0)
                              [N9:P] [undefined] 61 119 0 0 (1031208960)
                              [N12:Z] MOTOR_I 0 5 (5)
                              [N12:Z] [undefined] 61 119 255 176 (1031274416)
                              [N9:P] MOTOR_I 0 0 (0)
                              [N12:Z] MOTOR_I 0 19 (19)
                              [N12:Z] [undefined] 61 119 255 176 (1031274416)
2025-08-15 18:19:07:764 [OUT] 25 A5 01 09 31 05 81 FF FF D9 C8 60 BE (13)
                              [N9:P] TPOS 255 255 217 200 (-9784)
2025-08-15 18:19:07:765 [IN ] C8 24 09 1B 00 DA A5 25 A5 09 01 31 03 CF 00 00 0D B3 25 A5 09 01 31 05 E6 3D 77 00 00 DA A5 0C (32)
                              [N9:P] [undefined] 61 119 0 0 (1031208960)
                              [N9:P] MOTOR_I 0 0 (0)
                              [N9:P] [undefined] 61 119 0 0 (1031208960)
2025-08-15 18:19:07:849 [IN ] C8 24 0C 18 25 A5 0C 01 31 03 CF 00 0E 1E D6 25 A5 0C 01 31 05 E6 3D 77 FF B0 8C 6E 00 (29)
                              [N12:Z] MOTOR_I 0 14 (14)
                              [N12:Z] [undefined] 61 119 255 176 (1031274416)
2025-08-15 18:19:07:870 [IN ] C8 24 09 18 25 A5 09 01 31 03 CF 00 00 0D B3 25 A5 09 01 31 05 E6 3D 77 00 00 DA A5 00 (29)
                              [N9:P] MOTOR_I 0 0 (0)
                              [N9:P] [undefined] 61 119 0 0 (1031208960)
2025-08-15 18:19:07:933 [IN ] C8 24 09 0E 25 A5 09 01 31 06 81 53 FF E7 (14)
2025-08-15 18:19:07:954 [IN ] 5C 60 B7 83 01 C8 24 0C 18 25 A5 0C 01 31 03 CF 00 05 15 CD 25 A5 0C 01 31 05 E6 3D 77 FF B0 8C 6E 00 (34)
                              [N9:P] TPOS 'S' 255 231 92 96 (-1614752)
                              [N12:Z] MOTOR_I 0 5 (5)
                              [N12:Z] [undefined] 61 119 255 176 (1031274416)
2025-08-15 18:19:08:155 [IN ] C8 24 09 18 25 A5 09 01 31 03 CF 00 1A 27 CD 25 A5 09 01 31 05 E6 3D 77 00 50 2A F5 00 C8 24 0C 18 25 A5 0C 01 31 03 CF 00 06 16 CE 25 A5 0C 01 31 05 E6 3D 77 FF B0 8C 6E 00 C8 24 09 18 25 A5 
09 01 31 03 CF 00 0B 18 BE 25 A5 09 01 31 05 E6 3D 77 00 50 2A F5 00 C8 24 0C 18 25 A5 0C 01 31 03 CF 00 01 11 C9 25 A5 0C 01 31 05 E6 3D 77 FF B0 8C 6E 00 (116)
                              [N9:P] MOTOR_I 0 26 (26)
                              [N9:P] [undefined] 61 119 0 80 (1031209040)
                              [N12:Z] MOTOR_I 0 6 (6)
                              [N12:Z] [undefined] 61 119 255 176 (1031274416)
                              [N9:P] MOTOR_I 0 11 (11)
                              [N9:P] [undefined] 61 119 0 80 (1031209040)
                              [N12:Z] MOTOR_I 0 1 (1)
                              [N12:Z] [undefined] 61 119 255 176 (1031274416)
2025-08-15 18:19:08:356 [IN ] C8 24 09 18 25 A5 09 01 31 03 CF 00 09 16 BC 25 A5 09 01 31 05 E6 3D 77 00 50 2A F5 00 C8 24 0C 0E 25 A5 0C 01 31 03 CF 00 16 26 DE 25 A5 0C 01 C8 24 0C 0A 01 31 05 E6 3D 77 FF B0 8C 6E DE C8 
24 09 18 25 A5 09 01 31 03 CF 00 0F 1C C2 25 A5 09 01 31 05 E6 3D 77 00 50 2A F5 00 C8 24 0C 15 25 A5 0C 01 31 03 CF 00 10 20 D8 25 A5 0C 01 31 05 E6 3D 77 FF 50 (118)
                              [N9:P] MOTOR_I 0 9 (9)
                              [N9:P] [undefined] 61 119 0 80 (1031209040)
                              [N12:Z] MOTOR_I 0 22 (22)
                              [N12:Z] [undefined] 61 119 255 176 (1031274416)
                              [N9:P] MOTOR_I 0 15 (15)
                              [N9:P] [undefined] 61 119 0 80 (1031209040)
                              [N12:Z] MOTOR_I 0 16 (16)
2025-08-15 18:19:08:559 [IN ] C8 24 09 18 25 A5 09 01 31 03 CF 00 13 20 C6 25 A5 09 01 31 05 E6 3D 77 00 50 2A F5 00 C8 24 0C 1B B0 8C 6E 25 A5 0C 01 31 03 CF 00 0B 1B D3 25 A5 0C 01 31 05 E6 3D 77 FF B0 8C 6E 0C C8 24 09 
18 25 A5 09 01 31 03 CF 00 16 23 C9 25 A5 09 01 31 05 E6 3D 77 00 50 2A F5 B0 C8 24 0C 18 25 A5 0C 01 31 03 CF 00 08 18 D0 25 A5 0C 01 31 05 E6 3D 77 FF B0 8C 6E B0 (119)
                              [N9:P] MOTOR_I 0 19 (19)
                              [N9:P] [undefined] 61 119 0 80 (1031209040)
                              [N12:Z] [undefined] 61 119 255 176 (1031274416)
                              [N12:Z] MOTOR_I 0 11 (11)
                              [N12:Z] [undefined] 61 119 255 176 (1031274416)
                              [N9:P] MOTOR_I 0 22 (22)
                              [N9:P] [undefined] 61 119 0 80 (1031209040)
                              [N12:Z] MOTOR_I 0 8 (8)
                              [N12:Z] [undefined] 61 119 255 176 (1031274416)
2025-08-15 18:19:08:760 [IN ] C8 24 09 18 25 A5 09 01 31 03 CF 00 0D 1A C0 25 A5 09 01 31 05 E6 3D 77 00 50 2A F5 B0 C8 24 0C 18 25 A5 0C 01 31 03 CF 00 03 13 CB 25 A5 0C 01 31 05 E6 3D 77 FF B0 8C 6E B0 C8 24 09 18 25 A5 
09 01 31 03 CF 00 18 25 CB 25 A5 09 01 31 05 E6 3D 77 00 50 2A F5 B0 C8 24 0C 18 25 A5 0C 01 31 03 CF 00 0A 1A D2 25 A5 0C 01 31 05 E6 3D 77 FF B0 8C 6E B0 (116)
                              [N9:P] MOTOR_I 0 13 (13)
                              [N9:P] [undefined] 61 119 0 80 (1031209040)
                              [N12:Z] MOTOR_I 0 3 (3)
                              [N12:Z] [undefined] 61 119 255 176 (1031274416)
                              [N9:P] MOTOR_I 0 24 (24)
                              [N9:P] [undefined] 61 119 0 80 (1031209040)
                              [N12:Z] MOTOR_I 0 10 (10)
                              [N12:Z] [undefined] 61 119 255 176 (1031274416)
2025-08-15 18:19:08:962 [IN ] C8 24 09 18 25 A5 09 01 31 03 CF 00 0D 1A C0 25 A5 09 01 31 05 E6 3D 77 00 50 2A F5 B0 C8 24 0C 18 25 A5 0C 01 31 03 CF 00 03 13 CB 25 A5 0C 01 31 05 E6 3D 77 FF B0 8C 6E B0 C8 24 09 18 25 A5 
09 01 31 03 CF 00 05 12 B8 25 A5 09 01 31 05 E6 3D 77 00 50 2A F5 B0 C8 24 0C 18 25 A5 0C 01 31 03 CF 00 00 10 C8 25 A5 0C 01 31 05 E6 3D 77 FF B0 8C 6E B0 (116)
                              [N9:P] MOTOR_I 0 13 (13)
                              [N9:P] [undefined] 61 119 0 80 (1031209040)
                              [N12:Z] MOTOR_I 0 3 (3)
                              [N12:Z] [undefined] 61 119 255 176 (1031274416)
                              [N9:P] MOTOR_I 0 5 (5)
                              [N9:P] [undefined] 61 119 0 80 (1031209040)
                              [N12:Z] MOTOR_I 0 0 (0)
                              [N12:Z] [undefined] 61 119 255 176 (1031274416)
2025-08-15 18:19:09:163 [IN ] C8 24 09 18 25 A5 09 01 31 03 CF 00 12 1F C5 25 A5 09 01 31 05 E6 3D 77 00 50 2A F5 B0 C8 24 0C 18 25 A5 0C 01 31 03 CF 00 00 10 C8 25 A5 0C 01 31 05 E6 3D 77 FF B0 8C 6E B0 C8 24 09 18 25 A5 
09 01 31 03 CF 00 14 21 C7 25 A5 09 01 31 05 E6 3D 77 00 50 2A F5 B0 C8 24 0C 18 25 A5 0C 01 31 03 CF 00 00 10 C8 25 A5 0C 01 31 05 E6 3D 77 FF B0 8C 6E B0 (116)
                              [N9:P] MOTOR_I 0 18 (18)
                              [N9:P] [undefined] 61 119 0 80 (1031209040)
                              [N12:Z] MOTOR_I 0 0 (0)
                              [N12:Z] [undefined] 61 119 255 176 (1031274416)
                              [N9:P] MOTOR_I 0 20 (20)
                              [N9:P] [undefined] 61 119 0 80 (1031209040)
                              [N12:Z] MOTOR_I 0 0 (0)
                              [N12:Z] [undefined] 61 119 255 176 (1031274416)
2025-08-15 18:19:09:365 [IN ] C8 24 09 18 25 A5 09 01 31 03 CF 00 0F 1C C2 25 A5 09 01 31 05 E6 3D 77 00 50 2A F5 B0 C8 24 0C 18 25 A5 0C 01 31 03 CF 00 0B 1B D3 25 A5 0C 01 31 05 E6 3D 77 FF B0 8C 6E B0 C8 24 09 18 25 A5 
09 01 31 03 CF 00 0F 1C C2 25 A5 09 01 31 05 E6 3D 77 00 50 2A F5 B0 C8 24 0C 18 25 A5 0C 01 31 03 CF 00 1A 2A E2 25 A5 0C 01 31 05 E6 3D 77 FF B0 8C 6E B0 (116)
                              [N9:P] MOTOR_I 0 15 (15)
                              [N9:P] [undefined] 61 119 0 80 (1031209040)
                              [N12:Z] MOTOR_I 0 11 (11)
                              [N12:Z] [undefined] 61 119 255 176 (1031274416)
                              [N9:P] MOTOR_I 0 15 (15)
                              [N9:P] [undefined] 61 119 0 80 (1031209040)
                              [N12:Z] MOTOR_I 0 26 (26)
                              [N12:Z] [undefined] 61 119 255 176 (1031274416)
2025-08-15 18:19:09:567 [IN ] C8 24 09 0E 25 A5 09 01 31 03 CF 00 04 11 B7 25 A5 09 01 C8 24 09 0A 01 31 05 E6 3D 77 00 50 2A F5 B7 C8 24 0C 18 25 A5 0C 01 31 03 CF 00 09 19 D1 25 A5 0C 01 31 05 E6 3D 77 FF B0 8C 6E B0 C8 
24 09 15 25 A5 09 01 31 03 CF 00 03 10 B6 25 A5 09 01 31 05 E6 3D 77 00 B0 C8 24 0C 18 25 A5 0C 01 31 03 CF 00 01 11 C9 25 A5 0C 01 31 05 E6 3D 77 FF B0 8C 6E B0 (118)
                              [N9:P] MOTOR_I 0 4 (4)
                              [N9:P] [undefined] 61 119 0 80 (1031209040)
                              [N12:Z] MOTOR_I 0 9 (9)
                              [N12:Z] [undefined] 61 119 255 176 (1031274416)
                              [N9:P] MOTOR_I 0 3 (3)
                              [N12:Z] MOTOR_I 0 1 (1)
                              [N12:Z] [undefined] 61 119 255 176 (1031274416)
2025-08-15 18:19:09:770 [IN ] C8 24 09 1B 50 2A F5 25 A5 09 01 31 03 CF 00 17 24 CA 25 A5 09 01 31 05 E6 3D 77 00 50 2A F5 0C C8 24 0C 18 25 A5 0C 01 31 03 CF 00 07 17 CF 25 A5 0C 01 31 05 E6 3D 77 FF B0 8C 6E 50 C8 24 09 
18 25 A5 09 01 31 03 CF 00 24 31 D7 25 A5 09 01 31 05 E6 3D 77 00 50 2A F5 50 C8 24 0C 18 25 A5 0C 01 31 03 CF 00 0C 1C D4 25 A5 0C 01 31 05 E6 3D 77 FF B0 8C 6E 50 (119)
                              [N9:P] [undefined] 61 119 0 80 (1031209040)
                              [N9:P] MOTOR_I 0 23 (23)
                              [N9:P] [undefined] 61 119 0 80 (1031209040)
                              [N12:Z] MOTOR_I 0 7 (7)
                              [N12:Z] [undefined] 61 119 255 176 (1031274416)
                              [N9:P] MOTOR_I 0 36 (36)
                              [N9:P] [undefined] 61 119 0 80 (1031209040)
                              [N12:Z] MOTOR_I 0 12 (12)
                              [N12:Z] [undefined] 61 119 255 176 (1031274416)
2025-08-15 18:19:09:970 [IN ] C8 24 09 18 25 A5 09 01 31 03 CF 00 0D 1A C0 25 A5 09 01 31 05 E6 3D 77 00 50 2A F5 50 C8 24 0C 18 25 A5 0C 01 31 03 CF 00 05 15 CD 25 A5 0C 01 31 05 E6 3D 77 FF B0 8C 6E 50 C8 24 09 18 25 A5 
09 01 31 03 CF 00 06 13 B9 25 A5 09 01 31 05 E6 3D 77 00 50 2A F5 50 C8 24 0C 18 25 A5 0C 01 31 03 CF 00 0C 1C D4 25 A5 0C 01 31 05 E6 3D 77 FF B0 8C 6E 50 (116)
                              [N9:P] MOTOR_I 0 13 (13)
                              [N9:P] [undefined] 61 119 0 80 (1031209040)
                              [N12:Z] MOTOR_I 0 5 (5)
                              [N12:Z] [undefined] 61 119 255 176 (1031274416)
                              [N9:P] MOTOR_I 0 6 (6)
                              [N9:P] [undefined] 61 119 0 80 (1031209040)
                              [N12:Z] MOTOR_I 0 12 (12)
                              [N12:Z] [undefined] 61 119 255 176 (1031274416)
2025-08-15 18:19:10:172 [IN ] C8 24 09 18 25 A5 09 01 31 03 CF 00 19 26 CC 25 A5 09 01 31 05 E6 3D 77 00 50 2A F5 50 C8 24 0C 0E 25 A5 0C 01 31 03 CF 00 06 16 CE 25 A5 0C 01 C8 24 0C 0A 01 31 05 E6 3D 77 FF B0 8C 6E CE C8 
24 09 18 25 A5 09 01 31 03 CF 00 22 2F D5 25 A5 09 01 31 05 E6 3D 77 00 50 2A F5 50 C8 24 0C 15 25 A5 0C 01 31 03 CF 00 0A 1A D2 25 A5 0C 01 31 05 E6 3D 77 FF 50 (118)
                              [N9:P] MOTOR_I 0 25 (25)
                              [N9:P] [undefined] 61 119 0 80 (1031209040)
                              [N12:Z] MOTOR_I 0 6 (6)
                              [N12:Z] [undefined] 61 119 255 176 (1031274416)
                              [N9:P] MOTOR_I 0 34 (34)
                              [N9:P] [undefined] 61 119 0 80 (1031209040)
                              [N12:Z] MOTOR_I 0 10 (10)
2025-08-15 18:19:10:374 [IN ] C8 24 09 18 25 A5 09 01 31 03 CF 00 17 24 CA 25 A5 09 01 31 05 E6 3D 77 00 50 2A F5 50 C8 24 0C 1B B0 8C 6E 25 A5 0C 01 31 03 CF 00 11 21 D9 25 A5 0C 01 31 05 E6 3D 77 FF B0 8C 6E 0C C8 24 09 
18 25 A5 09 01 31 03 CF 00 10 1D C3 25 A5 09 01 31 05 E6 3D 77 00 50 2A F5 B0 C8 24 0C 18 25 A5 0C 01 31 03 CF 00 03 13 CB 25 A5 0C 01 31 05 E6 3D 77 FF B0 8C 6E B0 (119)
                              [N9:P] MOTOR_I 0 23 (23)
                              [N9:P] [undefined] 61 119 0 80 (1031209040)
                              [N12:Z] [undefined] 61 119 255 176 (1031274416)
                              [N12:Z] MOTOR_I 0 17 (17)
                              [N12:Z] [undefined] 61 119 255 176 (1031274416)
                              [N9:P] MOTOR_I 0 16 (16)
                              [N9:P] [undefined] 61 119 0 80 (1031209040)
                              [N12:Z] MOTOR_I 0 3 (3)
                              [N12:Z] [undefined] 61 119 255 176 (1031274416)
2025-08-15 18:19:10:576 [IN ] C8 24 09 18 25 A5 09 01 31 03 CF 00 17 24 CA 25 A5 09 01 31 05 E6 3D 77 00 50 2A F5 B0 C8 24 0C 18 25 A5 0C 01 31 03 CF 00 09 19 D1 25 A5 0C 01 31 05 E6 3D 77 FF B0 8C 6E B0 C8 24 09 18 25 A5 
09 01 31 03 CF 00 25 32 D8 25 A5 09 01 31 05 E6 3D 77 00 50 2A F5 B0 C8 24 0C 18 25 A5 0C 01 31 03 CF 00 01 11 C9 25 A5 0C 01 31 05 E6 3D 77 FF B0 8C 6E B0 (116)
                              [N9:P] MOTOR_I 0 23 (23)
                              [N9:P] [undefined] 61 119 0 80 (1031209040)
                              [N12:Z] MOTOR_I 0 9 (9)
                              [N12:Z] [undefined] 61 119 255 176 (1031274416)
                              [N9:P] MOTOR_I 0 37 (37)
                              [N9:P] [undefined] 61 119 0 80 (1031209040)
                              [N12:Z] MOTOR_I 0 1 (1)
                              [N12:Z] [undefined] 61 119 255 176 (1031274416)
2025-08-15 18:19:10:777 [IN ] C8 24 09 18 25 A5 09 01 31 03 CF 00 11 1E C4 25 A5 09 01 31 05 E6 3D 77 00 50 2A F5 B0 C8 24 0C 18 25 A5 0C 01 31 03 CF 00 0F 1F D7 25 A5 0C 01 31 05 E6 3D 77 FF B0 8C 6E B0 C8 24 09 18 25 A5 
09 01 31 03 CF 00 0D 1A C0 25 A5 09 01 31 05 E6 3D 77 00 50 2A F5 B0 C8 24 0C 18 25 A5 0C 01 31 03 CF 00 19 29 E1 25 A5 0C 01 31 05 E6 3D 77 FF B0 8C 6E B0 (116)
                              [N9:P] MOTOR_I 0 17 (17)
                              [N9:P] [undefined] 61 119 0 80 (1031209040)
                              [N12:Z] MOTOR_I 0 15 (15)
                              [N12:Z] [undefined] 61 119 255 176 (1031274416)
                              [N9:P] MOTOR_I 0 13 (13)
                              [N9:P] [undefined] 61 119 0 80 (1031209040)
                              [N12:Z] MOTOR_I 0 25 (25)
                              [N12:Z] [undefined] 61 119 255 176 (1031274416)
2025-08-15 18:19:10:979 [IN ] C8 24 09 18 25 A5 09 01 31 03 CF 00 06 13 B9 25 A5 09 01 31 05 E6 3D 77 00 50 2A F5 B0 C8 24 0C 18 25 A5 0C 01 31 03 CF 00 06 16 CE 25 A5 0C 01 31 05 E6 3D 77 FF B0 8C 6E B0 C8 24 09 18 25 A5 
09 01 31 03 CF 00 19 26 CC 25 A5 09 01 31 05 E6 3D 77 00 50 2A F5 B0 C8 24 0C 18 25 A5 0C 01 31 03 CF 00 03 13 CB 25 A5 0C 01 31 05 E6 3D 77 FF B0 8C 6E B0 (116)
                              [N9:P] MOTOR_I 0 6 (6)
                              [N9:P] [undefined] 61 119 0 80 (1031209040)
                              [N12:Z] MOTOR_I 0 6 (6)
                              [N12:Z] [undefined] 61 119 255 176 (1031274416)
                              [N9:P] MOTOR_I 0 25 (25)
                              [N9:P] [undefined] 61 119 0 80 (1031209040)
                              [N12:Z] MOTOR_I 0 3 (3)
                              [N12:Z] [undefined] 61 119 255 176 (1031274416)
2025-08-15 18:19:11:180 [IN ] C8 24 09 18 25 A5 09 01 31 03 CF 00 0E 1B C1 25 A5 09 01 31 05 E6 3D 77 00 50 2A F5 B0 C8 24 0C 18 25 A5 0C 01 31 03 CF 00 09 19 D1 25 A5 0C 01 31 05 E6 3D 77 FF B0 8C 6E B0 C8 24 09 18 25 A5 
09 01 31 03 CF 00 0D 1A C0 25 A5 09 01 31 05 E6 3D 77 00 50 2A F5 B0 C8 24 0C 18 25 A5 0C 01 31 03 CF 00 01 11 C9 25 A5 0C 01 31 05 E6 3D 77 FF B0 8C 6E B0 (116)
                              [N9:P] MOTOR_I 0 14 (14)
                              [N9:P] [undefined] 61 119 0 80 (1031209040)
                              [N12:Z] MOTOR_I 0 9 (9)
                              [N12:Z] [undefined] 61 119 255 176 (1031274416)
                              [N9:P] MOTOR_I 0 13 (13)
                              [N9:P] [undefined] 61 119 0 80 (1031209040)
                              [N12:Z] MOTOR_I 0 1 (1)
                              [N12:Z] [undefined] 61 119 255 176 (1031274416)
2025-08-15 18:19:11:383 [IN ] C8 24 09 0E 25 A5 09 01 31 03 CF 00 1B 28 CE 25 A5 09 01 C8 24 09 0A 01 31 05 E6 3D 77 00 50 2A F5 CE C8 24 0C 18 25 A5 0C 01 31 03 CF 00 10 20 D8 25 A5 0C 01 31 05 E6 3D 77 FF B0 8C 6E B0 C8 
24 09 15 25 A5 09 01 31 03 CF 00 20 2D D3 25 A5 09 01 31 05 E6 3D 77 00 B0 C8 24 0C 18 25 A5 0C 01 31 03 CF 00 10 20 D8 25 A5 0C 01 31 05 E6 3D 77 FF B0 8C 6E B0 (118)
                              [N9:P] MOTOR_I 0 27 (27)
                              [N9:P] [undefined] 61 119 0 80 (1031209040)
                              [N12:Z] MOTOR_I 0 16 (16)
                              [N12:Z] [undefined] 61 119 255 176 (1031274416)
                              [N9:P] MOTOR_I 0 32 (32)
                              [N12:Z] MOTOR_I 0 16 (16)
                              [N12:Z] [undefined] 61 119 255 176 (1031274416)
2025-08-15 18:19:11:585 [IN ] C8 24 09 1B 50 2A F5 25 A5 09 01 31 03 CF 00 11 1E C4 25 A5 09 01 31 05 E6 3D 77 00 50 2A F5 0C C8 24 0C 18 25 A5 0C 01 31 03 CF 00 0C 1C D4 25 A5 0C 01 31 05 E6 3D 77 FF B0 8C 6E 50 C8 24 09 
18 25 A5 09 01 31 03 CF 00 09 16 BC 25 A5 09 01 31 05 E6 3D 77 00 50 2A F5 50 C8 24 0C 18 25 A5 0C 01 31 03 CF 00 0F 1F D7 25 A5 0C 01 31 05 E6 3D 77 FF B0 8C 6E 50 (119)
                              [N9:P] [undefined] 61 119 0 80 (1031209040)
                              [N9:P] MOTOR_I 0 17 (17)
                              [N9:P] [undefined] 61 119 0 80 (1031209040)
                              [N12:Z] MOTOR_I 0 12 (12)
                              [N12:Z] [undefined] 61 119 255 176 (1031274416)
                              [N9:P] MOTOR_I 0 9 (9)
                              [N9:P] [undefined] 61 119 0 80 (1031209040)
                              [N12:Z] MOTOR_I 0 15 (15)
                              [N12:Z] [undefined] 61 119 255 176 (1031274416)
2025-08-15 18:19:11:787 [IN ] C8 24 09 18 25 A5 09 01 31 03 CF 00 08 15 BB 25 A5 09 01 31 05 E6 3D 77 00 50 2A F5 50 C8 24 0C 18 25 A5 0C 01 31 03 CF 00 07 17 CF 25 A5 0C 01 31 05 E6 3D 77 FF B0 8C 6E 50 C8 24 09 18 25 A5 
09 01 31 03 CF 00 09 16 BC 25 A5 09 01 31 05 E6 3D 77 00 50 2A F5 50 C8 24 0C 18 25 A5 0C 01 31 03 CF 00 07 17 CF 25 A5 0C 01 31 05 E6 3D 77 FF B0 8C 6E 50 (116)
                              [N9:P] MOTOR_I 0 8 (8)
                              [N9:P] [undefined] 61 119 0 80 (1031209040)
                              [N12:Z] MOTOR_I 0 7 (7)
                              [N12:Z] [undefined] 61 119 255 176 (1031274416)
                              [N9:P] MOTOR_I 0 9 (9)
                              [N9:P] [undefined] 61 119 0 80 (1031209040)
                              [N12:Z] MOTOR_I 0 7 (7)
                              [N12:Z] [undefined] 61 119 255 176 (1031274416)
2025-08-15 18:19:11:988 [IN ] C8 24 09 18 25 A5 09 01 31 03 CF 00 16 23 C9 25 A5 09 01 31 05 E6 3D 77 00 50 2A F5 50 C8 24 0C 0E 25 A5 0C 01 31 03 CF 00 04 14 CC 25 A5 0C 01 C8 24 0C 0A 01 31 05 E6 3D 77 FF B0 8C 6E CC C8 
24 09 18 25 A5 09 01 31 03 CF 00 09 16 BC 25 A5 09 01 31 05 E6 3D 77 00 50 2A F5 50 C8 24 0C 18 25 A5 0C 01 31 03 CF 00 0F 1F D7 25 A5 0C 01 31 05 E6 3D 77 FF B0 8C 6E 50 (121)
                              [N9:P] MOTOR_I 0 22 (22)
                              [N9:P] [undefined] 61 119 0 80 (1031209040)
                              [N12:Z] MOTOR_I 0 4 (4)
                              [N12:Z] [undefined] 61 119 255 176 (1031274416)
                              [N9:P] MOTOR_I 0 9 (9)
                              [N9:P] [undefined] 61 119 0 80 (1031209040)
                              [N12:Z] MOTOR_I 0 15 (15)
                              [N12:Z] [undefined] 61 119 255 176 (1031274416)
2025-08-15 18:19:12:189 [IN ] C8 24 09 18 25 A5 09 01 31 03 CF 00 11 1E C4 25 A5 09 01 31 05 E6 3D 77 00 50 2A F5 50 C8 24 0C 18 25 A5 0C 01 31 03 CF 00 0B 1B D3 25 A5 0C 01 31 05 E6 3D 77 FF B0 8C 6E 50 C8 24 09 18 25 A5 
09 01 31 03 CF 00 0C 19 BF 25 A5 09 01 31 05 E6 3D 77 00 50 2A F5 50 C8 24 0C 18 25 A5 0C 01 31 03 CF 00 0C 1C D4 25 A5 0C 01 31 05 E6 3D 77 FF B0 8C 6E 50 (116)
                              [N9:P] MOTOR_I 0 17 (17)
                              [N9:P] [undefined] 61 119 0 80 (1031209040)
                              [N12:Z] MOTOR_I 0 11 (11)
                              [N12:Z] [undefined] 61 119 255 176 (1031274416)
                              [N9:P] MOTOR_I 0 12 (12)
                              [N9:P] [undefined] 61 119 0 80 (1031209040)
                              [N12:Z] MOTOR_I 0 12 (12)
                              [N12:Z] [undefined] 61 119 255 176 (1031274416)
2025-08-15 18:19:12:391 [IN ] C8 24 09 18 25 A5 09 01 31 03 CF 00 0A 17 BD 25 A5 09 01 31 05 E6 3D 77 00 50 2A F5 50 C8 24 0C 18 25 A5 0C 01 31 03 CF 00 0A 1A D2 25 A5 0C 01 31 05 E6 3D 77 FF B0 8C 6E 50 C8 24 09 18 25 A5 
09 01 31 03 CF 00 0E 1B C1 25 A5 09 01 31 05 E6 3D 77 00 50 2A F5 50 C8 24 0C 18 25 A5 0C 01 31 03 CF 00 07 17 CF 25 A5 0C 01 31 05 E6 3D 77 FF B0 8C 6E 50 (116)
                              [N9:P] MOTOR_I 0 10 (10)
                              [N9:P] [undefined] 61 119 0 80 (1031209040)
                              [N12:Z] MOTOR_I 0 10 (10)
                              [N12:Z] [undefined] 61 119 255 176 (1031274416)
                              [N9:P] MOTOR_I 0 14 (14)
                              [N9:P] [undefined] 61 119 0 80 (1031209040)
                              [N12:Z] MOTOR_I 0 7 (7)
                              [N12:Z] [undefined] 61 119 255 176 (1031274416)
2025-08-15 18:19:12:594 [IN ] C8 24 09 18 25 A5 09 01 31 03 CF 00 11 1E C4 25 A5 09 01 31 05 E6 3D 77 00 50 2A F5 50 C8 24 0C 18 25 A5 0C 01 31 03 CF 00 01 11 C9 25 A5 0C 01 31 05 E6 3D 77 FF B0 8C 6E 50 C8 24 09 18 25 A5 
09 01 31 03 CF 00 0B 18 BE 25 A5 09 01 31 05 E6 3D 77 00 50 2A F5 50 C8 24 0C 18 25 A5 0C 01 31 03 CF 00 03 13 CB 25 A5 0C 01 31 05 E6 3D 77 FF B0 8C 6E 50 (116)
                              [N9:P] MOTOR_I 0 17 (17)
                              [N9:P] [undefined] 61 119 0 80 (1031209040)
                              [N12:Z] MOTOR_I 0 1 (1)
                              [N12:Z] [undefined] 61 119 255 176 (1031274416)
                              [N9:P] MOTOR_I 0 11 (11)
                              [N9:P] [undefined] 61 119 0 80 (1031209040)
                              [N12:Z] MOTOR_I 0 3 (3)
                              [N12:Z] [undefined] 61 119 255 176 (1031274416)
2025-08-15 18:19:12:796 [IN ] C8 24 09 18 25 A5 09 01 31 03 CF 00 0C 19 BF 25 A5 09 01 31 05 E6 3D 77 00 50 2A F5 50 C8 24 0C 18 25 A5 0C 01 31 03 CF 00 0E 1E D6 25 A5 0C 01 31 05 E6 3D 77 FF B0 8C 6E 50 C8 24 09 18 25 A5 
09 01 31 03 CF 00 09 16 BC 25 A5 09 01 31 05 E6 3D 77 00 50 2A F5 50 C8 24 0C 18 25 A5 0C 01 31 03 CF 00 1A 2A E2 25 A5 0C 01 31 05 E6 3D 77 FF B0 8C 6E 50 (116)
                              [N9:P] MOTOR_I 0 12 (12)
                              [N9:P] [undefined] 61 119 0 80 (1031209040)
                              [N12:Z] MOTOR_I 0 14 (14)
                              [N12:Z] [undefined] 61 119 255 176 (1031274416)
                              [N9:P] MOTOR_I 0 9 (9)
                              [N9:P] [undefined] 61 119 0 80 (1031209040)
                              [N12:Z] MOTOR_I 0 26 (26)
                              [N12:Z] [undefined] 61 119 255 176 (1031274416)
2025-08-15 18:19:12:999 [IN ] C8 24 09 18 25 A5 09 01 31 03 CF 00 07 14 BA 25 A5 09 01 31 05 E6 3D 77 00 50 2A F5 50 C8 24 0C 18 25 A5 0C 01 31 03 CF 00 07 17 CF 25 A5 0C 01 31 05 E6 3D 77 FF B0 8C 6E 50 C8 24 09 18 25 A5 
09 01 31 03 CF 00 0D 1A C0 25 A5 09 01 31 05 E6 3D 77 00 50 2A F5 50 C8 24 0C 18 25 A5 0C 01 31 03 CF 00 03 13 CB 25 A5 0C 01 31 05 E6 3D 77 FF B0 8C 6E 50 (116)
                              [N9:P] MOTOR_I 0 7 (7)
                              [N9:P] [undefined] 61 119 0 80 (1031209040)
                              [N12:Z] MOTOR_I 0 7 (7)
                              [N12:Z] [undefined] 61 119 255 176 (1031274416)
                              [N9:P] MOTOR_I 0 13 (13)
                              [N9:P] [undefined] 61 119 0 80 (1031209040)
                              [N12:Z] MOTOR_I 0 3 (3)
                              [N12:Z] [undefined] 61 119 255 176 (1031274416)
2025-08-15 18:19:13:205 [IN ] C8 24 09 0E 25 A5 09 01 31 03 CF 00 18 25 CB 25 A5 09 01 C8 24 09 0A 01 31 05 E6 3D 77 00 50 2A F5 CB C8 24 0C 18 25 A5 0C 01 31 03 CF 00 07 17 CF 25 A5 0C 01 31 05 E6 3D 77 FF B0 8C 6E 50 C8 
24 09 15 25 A5 09 01 31 03 CF 00 05 12 B8 25 A5 09 01 31 05 E6 3D 77 00 B0 C8 24 0C 18 25 A5 0C 01 31 03 CF 00 0E 1E D6 25 A5 0C 01 31 05 E6 3D 77 FF B0 8C 6E 50 C8 24 (120)
                              [N9:P] MOTOR_I 0 24 (24)
                              [N9:P] [undefined] 61 119 0 80 (1031209040)
                              [N12:Z] MOTOR_I 0 7 (7)
                              [N12:Z] [undefined] 61 119 255 176 (1031274416)
                              [N9:P] MOTOR_I 0 5 (5)
                              [N12:Z] MOTOR_I 0 14 (14)
                              [N12:Z] [undefined] 61 119 255 176 (1031274416)
2025-08-15 18:19:13:408 [IN ] 09 1B 50 2A F5 25 A5 09 01 31 03 CF 00 08 15 BB 25 A5 09 01 31 05 E6 3D 77 00 50 2A F5 0C C8 24 0C 18 25 A5 0C 01 31 03 CF 00 0B 1B D3 25 A5 0C 01 31 05 E6 3D 77 FF B0 8C 6E 50 C8 24 09 18 25 
A5 09 01 31 03 CF 00 0B 18 BE 25 A5 09 01 31 05 E6 3D 77 00 50 2A F5 50 C8 24 0C 18 25 A5 0C 01 31 03 CF 00 07 17 CF 25 A5 0C 01 31 05 E6 3D 77 FF B0 8C 6E 50 C8 24 09 18 25 A5 09 01 31 03 CF 
00 14 21 C7 25 A5 09 01 31 05 E6 3D 77 00 50 2A F5 50 (146)
                              [N9:P] [undefined] 61 119 0 80 (1031209040)
                              [N9:P] MOTOR_I 0 8 (8)
                              [N9:P] [undefined] 61 119 0 80 (1031209040)
                              [N12:Z] MOTOR_I 0 11 (11)
                              [N12:Z] [undefined] 61 119 255 176 (1031274416)
                              [N9:P] MOTOR_I 0 11 (11)
                              [N9:P] [undefined] 61 119 0 80 (1031209040)
                              [N12:Z] MOTOR_I 0 7 (7)
                              [N12:Z] [undefined] 61 119 255 176 (1031274416)
                              [N9:P] MOTOR_I 0 20 (20)
                              [N9:P] [undefined] 61 119 0 80 (1031209040)
2025-08-15 18:19:13:608 [IN ] C8 24 0C 18 25 A5 0C 01 31 03 CF 00 0F 1F D7 25 A5 0C 01 31 05 E6 3D 77 FF B0 8C 6E 50 C8 24 09 18 25 A5 09 01 31 03 CF 00 0F 1C C2 25 A5 09 01 31 05 E6 3D 77 00 50 2A F5 50 C8 24 0C 0E 25 A5 
0C 01 31 03 CF 00 0E 1E D6 25 A5 0C 01 C8 24 0C 0A 01 31 05 E6 3D 77 FF B0 8C 6E D6 (92)
                              [N12:Z] MOTOR_I 0 15 (15)
                              [N12:Z] [undefined] 61 119 255 176 (1031274416)
                              [N9:P] MOTOR_I 0 15 (15)
                              [N9:P] [undefined] 61 119 0 80 (1031209040)
                              [N12:Z] MOTOR_I 0 14 (14)
                              [N12:Z] [undefined] 61 119 255 176 (1031274416)
2025-08-15 18:19:13:811 [IN ] C8 24 09 18 25 A5 09 01 31 03 CF 00 0C 19 BF 25 A5 09 01 31 05 E6 3D 77 00 50 2A F5 50 C8 24 0C 15 25 A5 0C 01 31 03 CF 00 07 17 CF 25 A5 0C 01 31 05 E6 3D 77 FF 50 C8 24 09 18 25 A5 09 01 31 
03 CF 00 07 14 BA 25 A5 09 01 31 05 E6 3D 77 00 50 2A F5 50 C8 24 0C 1B B0 8C 6E 25 A5 0C 01 31 03 CF 00 0A 1A D2 25 A5 0C 01 31 05 E6 3D 77 FF B0 8C 6E 0C (116)
                              [N9:P] MOTOR_I 0 12 (12)
                              [N9:P] [undefined] 61 119 0 80 (1031209040)
                              [N12:Z] MOTOR_I 0 7 (7)
                              [N9:P] MOTOR_I 0 7 (7)
                              [N9:P] [undefined] 61 119 0 80 (1031209040)
                              [N12:Z] [undefined] 61 119 255 176 (1031274416)
                              [N12:Z] MOTOR_I 0 10 (10)
                              [N12:Z] [undefined] 61 119 255 176 (1031274416)
2025-08-15 18:19:14:012 [IN ] C8 24 09 18 25 A5 09 01 31 03 CF 00 11 1E C4 25 A5 09 01 31 05 E6 3D 77 00 50 2A F5 B0 C8 24 0C 18 25 A5 0C 01 31 03 CF 00 08 18 D0 25 A5 0C 01 31 05 E6 3D 77 FF B0 8C 6E B0 C8 24 09 18 25 A5 
09 01 31 03 CF 00 1D 2A D0 25 A5 09 01 31 05 E6 3D 77 00 50 2A F5 B0 C8 24 0C 18 25 A5 0C 01 31 03 CF 00 02 12 CA 25 A5 0C 01 31 05 E6 3D 77 FF B0 8C 6E B0 C8 24 09 18 25 A5 09 01 31 03 CF 00 
0B (129)
                              [N9:P] MOTOR_I 0 17 (17)
                              [N9:P] [undefined] 61 119 0 80 (1031209040)
                              [N12:Z] MOTOR_I 0 8 (8)
                              [N12:Z] [undefined] 61 119 255 176 (1031274416)
                              [N9:P] MOTOR_I 0 29 (29)
                              [N9:P] [undefined] 61 119 0 80 (1031209040)
                              [N12:Z] MOTOR_I 0 2 (2)
                              [N12:Z] [undefined] 61 119 255 176 (1031274416)
2025-08-15 18:19:14:214 [IN ] 18 BE 25 A5 09 01 31 05 E6 3D 77 00 50 2A F5 B0 C8 24 0C 18 25 A5 0C 01 31 03 CF 00 06 16 CE 25 A5 0C 01 31 05 E6 3D 77 FF B0 8C 6E B0 C8 24 09 18 25 A5 09 01 31 03 CF 00 08 15 BB 25 A5 09 01 
31 05 E6 3D 77 00 50 2A F5 B0 C8 24 0C 18 25 A5 0C 01 31 03 CF 00 0A 1A D2 25 A5 0C 01 31 05 E6 3D 77 FF B0 8C 6E B0 (103)
                              [N9:P] MOTOR_I 0 11 (11)
                              [N9:P] [undefined] 61 119 0 80 (1031209040)
                              [N12:Z] MOTOR_I 0 6 (6)
                              [N12:Z] [undefined] 61 119 255 176 (1031274416)
                              [N9:P] MOTOR_I 0 8 (8)
                              [N9:P] [undefined] 61 119 0 80 (1031209040)
                              [N12:Z] MOTOR_I 0 10 (10)
                              [N12:Z] [undefined] 61 119 255 176 (1031274416)
2025-08-15 18:19:14:415 [IN ] C8 24 09 18 25 A5 09 01 31 03 CF 00 17 24 CA 25 A5 09 01 31 05 E6 3D 77 00 50 2A F5 B0 C8 24 0C 18 25 A5 0C 01 31 03 CF 00 10 20 D8 25 A5 0C 01 31 05 E6 3D 77 FF B0 8C 6E B0 C8 24 09 18 25 A5 
09 01 31 03 CF 00 11 1E C4 25 A5 09 01 31 05 E6 3D 77 00 50 2A F5 B0 C8 24 0C 18 25 A5 0C 01 31 03 CF 00 0D 1D D5 25 A5 0C 01 31 05 E6 3D 77 FF B0 8C 6E B0 (116)
                              [N9:P] MOTOR_I 0 23 (23)
                              [N9:P] [undefined] 61 119 0 80 (1031209040)
                              [N12:Z] MOTOR_I 0 16 (16)
                              [N12:Z] [undefined] 61 119 255 176 (1031274416)
                              [N9:P] MOTOR_I 0 17 (17)
                              [N9:P] [undefined] 61 119 0 80 (1031209040)
                              [N12:Z] MOTOR_I 0 13 (13)
                              [N12:Z] [undefined] 61 119 255 176 (1031274416)
2025-08-15 18:19:14:617 [IN ] C8 24 09 18 25 A5 09 01 31 03 CF 00 18 25 CB 25 A5 09 01 31 05 E6 3D 77 00 50 2A F5 B0 C8 24 0C 18 25 A5 0C 01 31 03 CF 00 02 12 CA 25 A5 0C 01 31 05 E6 3D 77 FF B0 8C 6E B0 C8 24 09 18 25 A5 
09 01 31 03 CF 00 16 23 C9 25 A5 09 01 31 05 E6 3D 77 00 50 2A F5 B0 C8 24 0C 18 25 A5 0C 01 31 03 CF 00 00 10 C8 25 A5 0C 01 31 05 E6 3D 77 FF B0 8C 6E B0 (116)
                              [N9:P] MOTOR_I 0 24 (24)
                              [N9:P] [undefined] 61 119 0 80 (1031209040)
                              [N12:Z] MOTOR_I 0 2 (2)
                              [N12:Z] [undefined] 61 119 255 176 (1031274416)
                              [N9:P] MOTOR_I 0 22 (22)
                              [N9:P] [undefined] 61 119 0 80 (1031209040)
                              [N12:Z] MOTOR_I 0 0 (0)
                              [N12:Z] [undefined] 61 119 255 176 (1031274416)
2025-08-15 18:19:14:818 [IN ] C8 24 09 18 25 A5 09 01 31 03 CF 00 1E 2B D1 25 A5 09 01 31 05 E6 3D 77 00 50 2A F5 B0 C8 24 0C 18 25 A5 0C 01 31 03 CF 00 09 19 D1 25 A5 0C 01 31 05 E6 3D 77 FF B0 8C 6E B0 C8 24 09 18 25 A5 
09 01 31 03 CF 00 09 16 BC 25 A5 09 01 31 05 E6 3D 77 00 50 2A F5 B0 C8 24 0C 18 25 A5 0C 01 31 03 CF 00 18 28 E0 25 A5 0C 01 31 05 E6 3D 77 FF B0 8C 6E B0 C8 24 09 0E 25 A5 09 01 31 03 CF 00 
20 2D D3 25 A5 09 01 (135)
                              [N9:P] MOTOR_I 0 30 (30)
                              [N9:P] [undefined] 61 119 0 80 (1031209040)
                              [N12:Z] MOTOR_I 0 9 (9)
                              [N12:Z] [undefined] 61 119 255 176 (1031274416)
                              [N9:P] MOTOR_I 0 9 (9)
                              [N9:P] [undefined] 61 119 0 80 (1031209040)
                              [N12:Z] MOTOR_I 0 24 (24)
                              [N12:Z] [undefined] 61 119 255 176 (1031274416)
                              [N9:P] MOTOR_I 0 32 (32)
2025-08-15 18:19:15:021 [IN ] C8 24 09 0A 01 31 05 E6 3D 77 00 50 2A F5 D3 C8 24 0C 18 25 A5 0C 01 31 03 CF 00 08 18 D0 25 A5 0C 01 31 05 E6 3D 77 FF B0 8C 6E B0 C8 24 09 15 25 A5 09 01 31 03 CF 00 0C 19 BF 25 A5 09 01 31 
05 E6 3D 77 00 B0 C8 24 0C 18 25 A5 0C 01 31 03 CF 00 0B 1B D3 25 A5 0C 01 31 05 E6 3D 77 FF B0 8C 6E B0 C8 24 09 1B 50 2A F5 25 A5 09 01 31 03 CF 00 0A 17 BD 25 A5 09 01 31 05 E6 3D 77 00 50 
2A F5 0C (131)
                              [N9:P] [undefined] 61 119 0 80 (1031209040)
                              [N12:Z] MOTOR_I 0 8 (8)
                              [N12:Z] [undefined] 61 119 255 176 (1031274416)
                              [N9:P] MOTOR_I 0 12 (12)
                              [N12:Z] MOTOR_I 0 11 (11)
                              [N12:Z] [undefined] 61 119 255 176 (1031274416)
                              [N9:P] [undefined] 61 119 0 80 (1031209040)
                              [N9:P] MOTOR_I 0 10 (10)
                              [N9:P] [undefined] 61 119 0 80 (1031209040)
2025-08-15 18:19:15:222 [IN ] C8 24 0C 18 25 A5 0C 01 31 03 CF 00 06 16 CE 25 A5 0C 01 31 05 E6 3D 77 FF B0 8C 6E 50 C8 24 09 18 25 A5 09 01 31 03 CF 00 1B 28 CE 25 A5 09 01 31 05 E6 3D 77 00 50 2A F5 50 C8 24 0C 18 25 A5 
0C 01 31 03 CF 00 07 17 CF 25 A5 0C 01 31 05 E6 3D 77 FF B0 8C 6E 50 (87)
                              [N12:Z] MOTOR_I 0 6 (6)
                              [N12:Z] [undefined] 61 119 255 176 (1031274416)
                              [N9:P] MOTOR_I 0 27 (27)
                              [N9:P] [undefined] 61 119 0 80 (1031209040)
                              [N12:Z] MOTOR_I 0 7 (7)
                              [N12:Z] [undefined] 61 119 255 176 (1031274416)
2025-08-15 18:19:15:424 [IN ] C8 24 09 18 25 A5 09 01 31 03 CF 00 20 2D D3 25 A5 09 01 31 05 E6 3D 77 00 50 2A F5 50 C8 24 0C 18 25 A5 0C 01 31 03 CF 00 1D 2D E5 25 A5 0C 01 31 05 E6 3D 77 FF B0 8C 6E 50 C8 24 09 18 25 A5 
09 01 31 03 CF 00 05 12 B8 25 A5 09 01 31 05 E6 3D 77 00 50 2A F5 50 C8 24 0C 18 25 A5 0C 01 31 03 CF 00 05 15 CD 25 A5 0C 01 31 05 E6 3D 77 FF B0 8C 6E 50 (116)
                              [N9:P] MOTOR_I 0 32 (32)
                              [N9:P] [undefined] 61 119 0 80 (1031209040)
                              [N12:Z] MOTOR_I 0 29 (29)
                              [N12:Z] [undefined] 61 119 255 176 (1031274416)
                              [N9:P] MOTOR_I 0 5 (5)
                              [N9:P] [undefined] 61 119 0 80 (1031209040)
                              [N12:Z] MOTOR_I 0 5 (5)
                              [N12:Z] [undefined] 61 119 255 176 (1031274416)
2025-08-15 18:19:15:625 [IN ] C8 24 09 18 25 A5 09 01 31 03 CF 00 09 16 BC 25 A5 09 01 31 05 E6 3D 77 00 50 2A F5 50 C8 24 0C 0E 25 A5 0C 01 31 03 CF 00 05 15 CD 25 A5 0C 01 C8 24 0C 0A 01 31 05 E6 3D 77 FF B0 8C 6E CD C8 
24 09 18 25 A5 09 01 31 03 CF 00 14 21 C7 25 A5 09 01 31 05 E6 3D 77 00 50 2A F5 50 C8 24 0C 18 25 A5 0C 01 31 03 CF 00 08 18 D0 25 A5 0C 01 31 05 E6 3D 77 FF B0 8C 6E 50 (121)
                              [N9:P] MOTOR_I 0 9 (9)
                              [N9:P] [undefined] 61 119 0 80 (1031209040)
                              [N12:Z] MOTOR_I 0 5 (5)
                              [N12:Z] [undefined] 61 119 255 176 (1031274416)
                              [N9:P] MOTOR_I 0 20 (20)
                              [N9:P] [undefined] 61 119 0 80 (1031209040)
                              [N12:Z] MOTOR_I 0 8 (8)
                              [N12:Z] [undefined] 61 119 255 176 (1031274416)
2025-08-15 18:19:15:826 [IN ] C8 24 09 18 25 A5 09 01 31 03 CF 00 0D 1A C0 25 A5 09 01 31 05 E6 3D 77 00 50 2A F5 50 C8 24 0C 18 25 A5 0C 01 31 03 CF 00 0B 1B D3 25 A5 0C 01 31 05 E6 3D 77 FF B0 8C 6E 50 C8 24 09 18 25 A5 
09 01 31 03 CF 00 10 1D C3 25 A5 09 01 31 05 E6 3D 77 00 50 2A F5 50 C8 24 0C 18 25 A5 0C 01 31 03 CF 00 19 29 E1 25 A5 0C 01 31 05 E6 3D 77 FF B0 8C 6E 50 (116)
                              [N9:P] MOTOR_I 0 13 (13)
                              [N9:P] [undefined] 61 119 0 80 (1031209040)
                              [N12:Z] MOTOR_I 0 11 (11)
                              [N12:Z] [undefined] 61 119 255 176 (1031274416)
                              [N9:P] MOTOR_I 0 16 (16)
                              [N9:P] [undefined] 61 119 0 80 (1031209040)
                              [N12:Z] MOTOR_I 0 25 (25)
                              [N12:Z] [undefined] 61 119 255 176 (1031274416)
2025-08-15 18:19:16:028 [IN ] C8 24 09 18 25 A5 09 01 31 03 CF 00 05 12 B8 25 A5 09 01 31 05 E6 3D 77 00 50 2A F5 50 C8 24 0C 18 25 A5 0C 01 31 03 CF 00 0F 1F D7 25 A5 0C 01 31 05 E6 3D 77 FF B0 8C 6E 50 C8 24 09 18 25 A5 
09 01 31 03 CF 00 11 1E C4 25 A5 09 01 31 05 E6 3D 77 00 50 2A F5 50 C8 24 0C 18 25 A5 0C 01 31 03 CF 00 05 15 CD 25 A5 0C 01 31 05 E6 3D 77 FF B0 8C 6E 50 (116)
                              [N9:P] MOTOR_I 0 5 (5)
                              [N9:P] [undefined] 61 119 0 80 (1031209040)
                              [N12:Z] MOTOR_I 0 15 (15)
                              [N12:Z] [undefined] 61 119 255 176 (1031274416)
                              [N9:P] MOTOR_I 0 17 (17)
                              [N9:P] [undefined] 61 119 0 80 (1031209040)
                              [N12:Z] MOTOR_I 0 5 (5)
                              [N12:Z] [undefined] 61 119 255 176 (1031274416)
2025-08-15 18:19:16:229 [IN ] C8 24 09 18 25 A5 09 01 31 03 CF 00 16 23 C9 25 A5 09 01 31 05 E6 3D 77 00 50 2A F5 50 C8 24 0C 18 25 A5 0C 01 31 03 CF 00 07 17 CF 25 A5 0C 01 31 05 E6 3D 77 FF B0 8C 6E 50 C8 24 09 18 25 A5 
09 01 31 03 CF 00 17 24 CA 25 A5 09 01 31 05 E6 3D 77 00 50 2A F5 50 C8 24 0C 18 25 A5 0C 01 31 03 CF 00 03 13 CB 25 A5 0C 01 31 05 E6 3D 77 FF B0 8C 6E 50 (116)
                              [N9:P] MOTOR_I 0 22 (22)
                              [N9:P] [undefined] 61 119 0 80 (1031209040)
                              [N12:Z] MOTOR_I 0 7 (7)
                              [N12:Z] [undefined] 61 119 255 176 (1031274416)
                              [N9:P] MOTOR_I 0 23 (23)
                              [N9:P] [undefined] 61 119 0 80 (1031209040)
                              [N12:Z] MOTOR_I 0 3 (3)
                              [N12:Z] [undefined] 61 119 255 176 (1031274416)
2025-08-15 18:19:16:431 [IN ] C8 24 09 18 25 A5 09 01 31 03 CF 00 07 14 BA 25 A5 09 01 31 05 E6 3D 77 00 50 2A F5 50 C8 24 06 0E 25 A5 06 01 31 06 81 45 00 19 82 29 C8 CE 01 C8 24 0C 18 25 A5 0C 01 31 03 CF 00 14 24 DC 25 
A5 0C 01 31 05 E6 3D 77 FF B0 8C 6E 50 C8 24 09 18 25 A5 09 01 31 03 CF 00 1E 2B D1 25 A5 09 01 31 05 E6 3D 77 00 50 2A F5 50 C8 24 0C 18 25 A5 0C 01 31 03 CF 00 18 28 E0 25 A5 0C 01 31 05 E6 
3D 77 FF B0 8C 6E 50 (135)
                              [N9:P] MOTOR_I 0 7 (7)
                              [N9:P] [undefined] 61 119 0 80 (1031209040)
                              [N6:H] TPOS 'E' 0 25 130 41 (1671721)
                              [N12:Z] MOTOR_I 0 20 (20)
                              [N12:Z] [undefined] 61 119 255 176 (1031274416)
                              [N9:P] MOTOR_I 0 30 (30)
                              [N9:P] [undefined] 61 119 0 80 (1031209040)
                              [N12:Z] MOTOR_I 0 24 (24)
                              [N12:Z] [undefined] 61 119 255 176 (1031274416)
2025-08-15 18:19:16:634 [IN ] C8 24 09 18 25 A5 09 01 31 03 CF 00 22 2F D5 25 A5 09 01 31 05 E6 3D 77 00 50 2A F5 50 C8 24 0C 18 25 A5 0C 01 31 03 CF 00 08 18 D0 25 A5 0C 01 31 05 E6 3D 77 FF B0 8C 6E 50 C8 24 09 18 25 A5 
09 01 31 03 CF 00 0C 19 BF 25 A5 09 01 31 05 E6 3D 77 00 50 2A F5 50 C8 24 0C 18 25 A5 0C 01 31 03 CF 00 06 16 CE 25 A5 0C 01 31 05 E6 3D 77 FF B0 8C 6E 50 C8 24 09 0E 25 A5 09 01 31 03 CF 00 
19 26 CC 25 A5 09 01 (135)
                              [N9:P] MOTOR_I 0 34 (34)
                              [N9:P] [undefined] 61 119 0 80 (1031209040)
                              [N12:Z] MOTOR_I 0 8 (8)
                              [N12:Z] [undefined] 61 119 255 176 (1031274416)
                              [N9:P] MOTOR_I 0 12 (12)
                              [N9:P] [undefined] 61 119 0 80 (1031209040)
                              [N12:Z] MOTOR_I 0 6 (6)
                              [N12:Z] [undefined] 61 119 255 176 (1031274416)
                              [N9:P] MOTOR_I 0 25 (25)
2025-08-15 18:19:16:837 [IN ] C8 24 09 0A 01 31 05 E6 3D 77 00 50 2A F5 CC C8 24 0C 18 25 A5 0C 01 31 03 CF 00 0C 1C D4 25 A5 0C 01 31 05 E6 3D 77 FF B0 8C 6E 50 C8 24 09 15 25 A5 09 01 31 03 CF 00 1C 29 CF 25 A5 09 01 31 
05 E6 3D 77 00 B0 C8 24 0C 18 25 A5 0C 01 31 03 CF 00 0A 1A D2 25 A5 0C 01 31 05 E6 3D 77 FF B0 8C 6E 50 (99)
                              [N9:P] [undefined] 61 119 0 80 (1031209040)
                              [N12:Z] MOTOR_I 0 12 (12)
                              [N12:Z] [undefined] 61 119 255 176 (1031274416)
                              [N9:P] MOTOR_I 0 28 (28)
                              [N12:Z] MOTOR_I 0 10 (10)
                              [N12:Z] [undefined] 61 119 255 176 (1031274416)
2025-08-15 18:19:16:858 [OUT] 25 A5 01 06 31 05 81 00 0D 03 C1 8F 21 (13)
                              [N6:H] TPOS 0 13 3 193 (852929)
2025-08-15 18:19:16:859 [IN ] C8 24 09 1B 50 2A F5 25 A5 09 01 31 03 CF 00 19 26 CC 25 A5 09 01 31 05 E6 3D 77 00 50 2A F5 0C (32)
                              [N9:P] [undefined] 61 119 0 80 (1031209040)
                              [N9:P] MOTOR_I 0 25 (25)
                              [N9:P] [undefined] 61 119 0 80 (1031209040)
2025-08-15 18:19:16:922 [IN ] C8 24 0C 18 25 A5 0C 01 31 03 CF 00 13 23 DB 25 A5 0C 01 31 05 E6 3D 77 FF B0 8C 6E 50 (29)
                              [N12:Z] MOTOR_I 0 19 (19)
                              [N12:Z] [undefined] 61 119 255 176 (1031274416)
2025-08-15 18:19:16:943 [IN ] C8 24 09 18 25 A5 09 01 31 03 CF 00 2A 37 DD 25 A5 09 01 31 05 E6 3D 77 00 50 2A F5 50 (29)
                              [N9:P] MOTOR_I 0 42 (42)
                              [N9:P] [undefined] 61 119 0 80 (1031209040)
2025-08-15 18:19:17:005 [IN ] C8 24 0C 18 25 A5 0C 01 31 03 CF 00 09 19 D1 25 A5 0C 01 31 05 E6 (22)
2025-08-15 18:19:17:026 [IN ] 3D 77 FF B0 8C 6E 50 (7)
                              [N12:Z] MOTOR_I 0 9 (9)
                              [N12:Z] [undefined] 61 119 255 176 (1031274416)
2025-08-15 18:19:17:047 [IN ] C8 24 06 0E 25 A5 06 01 31 06 81 53 00 19 82 29 D6 14 01 C8 24 09 18 25 A5 09 01 31 03 CF 00 14 21 C7 25 A5 09 01 31 05 E6 3D 77 00 50 2A F5 50 (48)
                              [N6:H] TPOS 'S' 0 25 130 41 (1671721)
                              [N9:P] MOTOR_I 0 20 (20)
                              [N9:P] [undefined] 61 119 0 80 (1031209040)
2025-08-15 18:19:17:249 [IN ] C8 24 0C 18 25 A5 0C 01 31 03 CF 00 1C 2C E4 25 A5 0C 01 31 05 E6 3D 77 FF B0 8C 6E 50 C8 24 09 18 25 A5 09 01 31 03 CF 00 16 23 C9 25 A5 09 01 31 05 E6 3D 77 00 50 2A F5 50 C8 24 0C 0E 25 A5 
0C 01 31 03 CF 00 02 12 CA 25 A5 0C 01 C8 24 0C 0A 01 31 05 E6 3D 77 FF B0 8C 6E CA C8 24 09 18 25 A5 09 01 31 03 CF 00 25 32 D8 25 A5 09 01 31 05 E6 3D 77 00 50 2A F5 50 (121)
                              [N12:Z] MOTOR_I 0 28 (28)
                              [N12:Z] [undefined] 61 119 255 176 (1031274416)
                              [N9:P] MOTOR_I 0 22 (22)
                              [N9:P] [undefined] 61 119 0 80 (1031209040)
                              [N12:Z] MOTOR_I 0 2 (2)
                              [N12:Z] [undefined] 61 119 255 176 (1031274416)
                              [N9:P] MOTOR_I 0 37 (37)
                              [N9:P] [undefined] 61 119 0 80 (1031209040)
2025-08-15 18:19:17:450 [IN ] C8 24 0C 0E 25 A5 0C 01 31 03 CF 00 07 17 CF 25 A5 0C 01 C8 24 0C 0A 01 31 05 E6 3D 77 FF B0 8C 6E CF C8 24 09 18 25 A5 09 01 31 03 CF 00 27 34 DA 25 A5 09 01 31 05 E6 3D 77 00 50 2A F5 50 C8 
24 0C 18 25 A5 0C 01 31 03 CF 00 0F 1F D7 25 A5 0C 01 31 05 E6 3D 77 FF B0 8C 6E 50 C8 24 09 18 25 A5 09 01 31 03 CF 00 25 32 D8 25 A5 09 01 31 05 E6 3D 77 00 50 2A F5 50 (121)
                              [N12:Z] MOTOR_I 0 7 (7)
                              [N12:Z] [undefined] 61 119 255 176 (1031274416)
                              [N9:P] MOTOR_I 0 39 (39)
                              [N9:P] [undefined] 61 119 0 80 (1031209040)
                              [N12:Z] MOTOR_I 0 15 (15)
                              [N12:Z] [undefined] 61 119 255 176 (1031274416)
                              [N9:P] MOTOR_I 0 37 (37)
                              [N9:P] [undefined] 61 119 0 80 (1031209040)
2025-08-15 18:19:17:651 [IN ] C8 24 0C 18 25 A5 0C 01 31 03 CF 00 0E 1E D6 25 A5 0C 01 31 05 E6 3D 77 FF B0 8C 6E 50 C8 24 09 18 25 A5 09 01 31 03 CF 00 1A 27 CD 25 A5 09 01 31 05 E6 3D 77 00 50 2A F5 50 C8 24 0C 18 25 A5 
0C 01 31 03 CF 00 08 18 D0 25 A5 0C 01 31 05 E6 3D 77 FF B0 8C 6E 50 (87)
                              [N12:Z] MOTOR_I 0 14 (14)
                              [N12:Z] [undefined] 61 119 255 176 (1031274416)
                              [N9:P] MOTOR_I 0 26 (26)
                              [N9:P] [undefined] 61 119 0 80 (1031209040)
                              [N12:Z] MOTOR_I 0 8 (8)
                              [N12:Z] [undefined] 61 119 255 176 (1031274416)
2025-08-15 18:19:17:853 [IN ] C8 24 09 18 25 A5 09 01 31 03 CF 00 0B 18 BE 25 A5 09 01 31 05 E6 3D 77 00 50 2A F5 50 C8 24 0C 18 25 A5 0C 01 31 03 CF 00 09 19 D1 25 A5 0C 01 31 05 E6 3D 77 FF B0 8C 6E 50 C8 24 09 18 25 A5 
09 01 31 03 CF 00 1A 27 CD 25 A5 09 01 31 05 E6 3D 77 00 50 2A F5 50 C8 24 0C 18 25 A5 0C 01 31 03 CF 00 1C 2C E4 25 A5 0C 01 31 05 E6 3D 77 FF B0 8C 6E 50 C8 24 09 18 25 A5 09 01 31 03 CF 00 
1D 2A D0 25 A5 09 01 31 05 E6 3D 77 00 50 2A F5 50 (145)
                              [N9:P] MOTOR_I 0 11 (11)
                              [N9:P] [undefined] 61 119 0 80 (1031209040)
                              [N12:Z] MOTOR_I 0 9 (9)
                              [N12:Z] [undefined] 61 119 255 176 (1031274416)
                              [N9:P] MOTOR_I 0 26 (26)
                              [N9:P] [undefined] 61 119 0 80 (1031209040)
                              [N12:Z] MOTOR_I 0 28 (28)
                              [N12:Z] [undefined] 61 119 255 176 (1031274416)
                              [N9:P] MOTOR_I 0 29 (29)
                              [N9:P] [undefined] 61 119 0 80 (1031209040)
2025-08-15 18:19:18:054 [IN ] C8 24 0C 18 25 A5 0C 01 31 03 CF 00 11 21 D9 25 A5 0C 01 31 05 E6 3D 77 FF B0 8C 6E 50 C8 24 09 18 25 A5 09 01 31 03 CF 00 2D 3A E0 25 A5 09 01 31 05 E6 3D 77 00 50 2A F5 50 C8 24 0C 18 25 A5 
0C 01 31 03 CF 00 07 17 CF 25 A5 0C 01 31 05 E6 3D 77 FF B0 8C 6E 50 (87)
                              [N12:Z] MOTOR_I 0 17 (17)
                              [N12:Z] [undefined] 61 119 255 176 (1031274416)
                              [N9:P] MOTOR_I 0 45 (45)
                              [N9:P] [undefined] 61 119 0 80 (1031209040)
                              [N12:Z] MOTOR_I 0 7 (7)
                              [N12:Z] [undefined] 61 119 255 176 (1031274416)
2025-08-15 18:19:18:255 [IN ] C8 24 09 18 25 A5 09 01 31 03 CF 00 18 25 CB 25 A5 09 01 31 05 E6 3D 77 00 50 2A F5 50 C8 24 0C 18 25 A5 0C 01 31 03 CF 00 05 15 CD 25 A5 0C 01 31 05 E6 3D 77 FF B0 8C 6E 50 C8 24 09 18 25 A5 
09 01 31 03 CF 00 00 0D B3 25 A5 09 01 31 05 E6 3D 77 00 00 DA A5 50 C8 24 09 0E 25 A5 09 01 31 06 81 45 FF FF DB 63 43 86 01 C8 24 0C 18 25 A5 0C 01 31 03 CF 00 05 15 CD 25 A5 0C 01 31 05 E6 
3D 77 FF B0 8C 6E 50 (135)
                              [N9:P] MOTOR_I 0 24 (24)
                              [N9:P] [undefined] 61 119 0 80 (1031209040)
                              [N12:Z] MOTOR_I 0 5 (5)
                              [N12:Z] [undefined] 61 119 255 176 (1031274416)
                              [N9:P] MOTOR_I 0 0 (0)
                              [N9:P] [undefined] 61 119 0 0 (1031208960)
                              [N9:P] TPOS 'E' 255 255 219 99 (-9373)
                              [N12:Z] MOTOR_I 0 5 (5)
                              [N12:Z] [undefined] 61 119 255 176 (1031274416)
2025-08-15 18:19:18:479 [OUT] 25 A5 01 08 31 02 D8 3F 53 E7 (10)
                              [N8:R] INTERRUPT '?'
2025-08-15 18:19:18:480 [IN ] C8 24 09 18 25 A5 09 01 31 03 CF 00 00 0D B3 25 A5 09 01 31 05 E6 3D 77 00 00 DA A5 50 C8 24 0C 18 25 A5 0C 01 31 03 CF 00 0F 1F D7 25 A5 0C 01 31 05 E6 3D 77 FF B0 8C 6E 50 C8 24 09 0E 25 A5 
09 01 31 03 CF 00 00 0D B3 25 A5 09 01 C8 24 09 0A 01 31 05 E6 3D 77 00 00 DA A5 B3 C8 24 0C 18 25 A5 0C 01 31 03 CF 00 0B 1B D3 25 A5 0C 01 31 05 E6 3D 77 FF B0 8C 6E 50 C8 24 09 15 25 A5 09 
01 31 03 CF 00 00 0D B3 25 A5 09 01 31 05 E6 3D 77 00 B0 (147)
                              [N9:P] MOTOR_I 0 0 (0)
                              [N9:P] [undefined] 61 119 0 0 (1031208960)
                              [N12:Z] MOTOR_I 0 15 (15)
                              [N12:Z] [undefined] 61 119 255 176 (1031274416)
                              [N9:P] MOTOR_I 0 0 (0)
                              [N9:P] [undefined] 61 119 0 0 (1031208960)
                              [N12:Z] MOTOR_I 0 11 (11)
                              [N12:Z] [undefined] 61 119 255 176 (1031274416)
                              [N9:P] MOTOR_I 0 0 (0)
2025-08-15 18:19:18:783 [IN ] C8 24 0C 18 25 A5 0C 01 31 03 CF 00 13 23 DB 25 A5 0C 01 31 05 E6 3D 77 FF B0 8C 6E 50 C8 24 09 1B 00 DA A5 25 A5 09 01 31 03 CF 00 00 0D B3 25 A5 09 01 31 05 E6 3D 77 00 00 DA A5 0C C8 24 0C 
18 25 A5 0C 01 31 03 CF 00 05 15 CD 25 A5 0C 01 31 05 E6 3D 77 FF B0 8C 6E 00 C8 24 08 0C 25 A5 08 01 31 04 D8 3A 01 01 52 92 A5 C8 24 09 18 25 A5 09 01 31 03 CF 00 00 0D B3 25 A5 09 01 31 05 
E6 3D 77 00 00 DA A5 00 C8 24 0C 18 25 A5 0C 01 31 03 CF 00 07 17 CF 25 A5 0C 01 31 05 E6 3D 77 FF B0 8C 6E 00 C8 24 09 18 25 A5 09 01 31 03 CF 00 00 0D B3 25 A5 09 01 31 05 E6 3D 77 00 00 DA 
A5 00 (194)
                              [N12:Z] MOTOR_I 0 19 (19)
                              [N12:Z] [undefined] 61 119 255 176 (1031274416)
                              [N9:P] [undefined] 61 119 0 0 (1031208960)
                              [N9:P] MOTOR_I 0 0 (0)
                              [N9:P] [undefined] 61 119 0 0 (1031208960)
                              [N12:Z] MOTOR_I 0 5 (5)
                              [N12:Z] [undefined] 61 119 255 176 (1031274416)
                              [N8:R] INTERRUPT ':' 1 1 (257)
                              [N9:P] MOTOR_I 0 0 (0)
                              [N9:P] [undefined] 61 119 0 0 (1031208960)
                              [N12:Z] MOTOR_I 0 7 (7)
                              [N12:Z] [undefined] 61 119 255 176 (1031274416)
                              [N9:P] MOTOR_I 0 0 (0)
                              [N9:P] [undefined] 61 119 0 0 (1031208960)
2025-08-15 18:19:18:803 [OUT] 25 A5 01 08 31 03 CA 3D 0B 4F 1B (11)
                              [N8:R] RFLAG '=' 11 (11)
2025-08-15 18:19:18:825 [IN ] C8 24 0C 18 25 A5 0C 01 31 03 CF 00 14 24 DC 25 A5 0C 01 31 05 E6 3D 77 FF B0 8C 6E 00 (29)
                              [N12:Z] MOTOR_I 0 20 (20)
                              [N12:Z] [undefined] 61 119 255 176 (1031274416)
2025-08-15 18:19:18:869 [IN ] C8 24 09 18 25 A5 09 01 31 03 CF 00 00 0D B3 25 A5 09 01 31 05 E6 3D 77 00 00 DA A5 00 (29)
                              [N9:P] MOTOR_I 0 0 (0)
                              [N9:P] [undefined] 61 119 0 0 (1031208960)
2025-08-15 18:19:18:932 [IN ] C8 24 0C 18 25 A5 0C 01 31 03 CF 00 0C 1C D4 25 A5 0C 01 31 05 E6 3D 77 FF B0 8C 6E 00 (29)
                              [N12:Z] MOTOR_I 0 12 (12)
                              [N12:Z] [undefined] 61 119 255 176 (1031274416)
2025-08-15 18:19:18:953 [IN ] C8 24 09 18 25 A5 09 01 31 03 CF 00 00 0D B3 25 A5 09 01 31 05 E6 3D 77 00 00 DA A5 00 (29)
                              [N9:P] MOTOR_I 0 0 (0)
                              [N9:P] [undefined] 61 119 0 0 (1031208960)
2025-08-15 18:19:18:973 [IN ] C8 24 08 0B 25 A5 08 01 31 03 CA 3A 0B 4C 1C 25 (16)
                              [N8:R] RFLAG ':' 11 (11)
2025-08-15 18:19:18:994 [OUT] 25 A5 01 08 31 03 88 00 50 15 20 (11)
                              [N8:R] RUN 0 80 (80)
2025-08-15 18:19:19:016 [IN ] C8 24 0C 0E 25 A5 0C 01 31 03 CF 00 1F 2F E7 25 A5 0C 01 (19)
                              [N12:Z] MOTOR_I 0 31 (31)
2025-08-15 18:19:19:037 [IN ] C8 24 0C 0A 01 31 05 E6 3D 77 FF B0 8C 6E E7 (15)
                              [N12:Z] [undefined] 61 119 255 176 (1031274416)
2025-08-15 18:19:19:079 [IN ] C8 24 09 18 25 A5 09 01 31 03 CF 00 00 0D B3 25 A5 09 01 31 05 E6 3D 77 00 00 DA A5 00 (29)
                              [N9:P] MOTOR_I 0 0 (0)
                              [N9:P] [undefined] 61 119 0 0 (1031208960)
2025-08-15 18:19:19:121 [IN ] C8 24 0C 15 25 A5 0C 01 31 03 CF 00 0D 1D D5 25 A5 0C 01 31 05 E6 3D 77 FF 00 (26)
                              [N12:Z] MOTOR_I 0 13 (13)
2025-08-15 18:19:19:164 [IN ] C8 24 08 0C 25 A5 08 01 31 04 88 53 00 50 69 EA A5 C8 24 09 18 25 A5 09 01 31 03 CF 00 00 0D B3 25 A5 09 01 31 05 E6 3D 77 00 00 DA A5 00 (46)
                              [N8:R] RUN 'S' 0 80 (80)
                              [N9:P] MOTOR_I 0 0 (0)
                              [N9:P] [undefined] 61 119 0 0 (1031208960)
2025-08-15 18:19:19:366 [IN ] C8 24 0C 1B B0 8C 6E 25 A5 0C 01 31 03 CF 00 07 17 CF 25 A5 0C 01 31 05 E6 3D 77 FF B0 8C 6E 0C C8 24 09 18 25 A5 09 01 31 03 CF 00 00 0D B3 25 A5 09 01 31 05 E6 3D 77 00 00 DA A5 B0 C8 24 0C 
18 25 A5 0C 01 31 03 CF 00 03 13 CB 25 A5 0C 01 31 05 E6 3D 77 FF B0 8C 6E B0 C8 24 09 18 25 A5 09 01 31 03 CF 00 00 0D B3 25 A5 09 01 31 05 E6 3D 77 00 00 DA A5 B0 (119)
                              [N12:Z] [undefined] 61 119 255 176 (1031274416)
                              [N12:Z] MOTOR_I 0 7 (7)
                              [N12:Z] [undefined] 61 119 255 176 (1031274416)
                              [N9:P] MOTOR_I 0 0 (0)
                              [N9:P] [undefined] 61 119 0 0 (1031208960)
                              [N12:Z] MOTOR_I 0 3 (3)
                              [N12:Z] [undefined] 61 119 255 176 (1031274416)
                              [N9:P] MOTOR_I 0 0 (0)
                              [N9:P] [undefined] 61 119 0 0 (1031208960)
2025-08-15 18:19:19:568 [IN ] C8 24 0C 18 25 A5 0C 01 31 03 CF 00 0A 1A D2 25 A5 0C 01 31 05 E6 3D 77 FF B0 8C 6E B0 C8 24 09 18 25 A5 09 01 31 03 CF 00 00 0D B3 25 A5 09 01 31 05 E6 3D 77 00 00 DA A5 B0 C8 24 0C 18 25 A5 
0C 01 31 03 CF 00 0B 1B D3 25 A5 0C 01 31 05 E6 3D 77 FF B0 8C 6E B0 C8 24 09 18 25 A5 09 01 31 03 CF (98)
                              [N12:Z] MOTOR_I 0 10 (10)
                              [N12:Z] [undefined] 61 119 255 176 (1031274416)
                              [N9:P] MOTOR_I 0 0 (0)
                              [N9:P] [undefined] 61 119 0 0 (1031208960)
                              [N12:Z] MOTOR_I 0 11 (11)
                              [N12:Z] [undefined] 61 119 255 176 (1031274416)
2025-08-15 18:19:19:769 [IN ] 00 00 0D B3 25 A5 09 01 31 05 E6 3D 77 00 00 DA A5 B0 C8 24 0C 18 25 A5 0C 01 31 03 CF 00 01 11 C9 25 A5 0C 01 31 05 E6 3D 77 FF B0 8C 6E B0 C8 24 09 18 25 A5 09 01 31 03 CF 00 00 0D B3 25 A5 
09 01 31 05 E6 3D 77 00 00 DA A5 B0 C8 24 0C 18 25 A5 0C 01 31 03 CF 00 11 21 D9 25 A5 0C 01 31 05 E6 3D 77 FF B0 8C 6E B0 C8 24 09 18 25 A5 09 01 31 03 CF 00 00 0D B3 25 A5 09 01 31 05 E6 3D 
77 00 00 DA A5 B0 (134)
                              [N9:P] MOTOR_I 0 0 (0)
                              [N9:P] [undefined] 61 119 0 0 (1031208960)
                              [N12:Z] MOTOR_I 0 1 (1)
                              [N12:Z] [undefined] 61 119 255 176 (1031274416)
                              [N9:P] MOTOR_I 0 0 (0)
                              [N9:P] [undefined] 61 119 0 0 (1031208960)
                              [N12:Z] MOTOR_I 0 17 (17)
                              [N12:Z] [undefined] 61 119 255 176 (1031274416)
                              [N9:P] MOTOR_I 0 0 (0)
                              [N9:P] [undefined] 61 119 0 0 (1031208960)
2025-08-15 18:19:19:971 [IN ] C8 24 0C 18 25 A5 0C 01 31 03 CF 00 0C 1C D4 25 A5 0C 01 31 05 E6 3D 77 FF B0 8C 6E B0 C8 24 09 18 25 A5 09 01 31 03 CF 00 00 0D B3 25 A5 09 01 31 05 E6 3D 77 00 00 DA A5 B0 C8 24 0C 18 25 A5 
0C 01 31 03 CF 00 19 29 E1 25 A5 0C 01 31 05 E6 3D 77 FF B0 8C 6E B0 (87)
                              [N12:Z] MOTOR_I 0 12 (12)
                              [N12:Z] [undefined] 61 119 255 176 (1031274416)
                              [N9:P] MOTOR_I 0 0 (0)
                              [N9:P] [undefined] 61 119 0 0 (1031208960)
                              [N12:Z] MOTOR_I 0 25 (25)
                              [N12:Z] [undefined] 61 119 255 176 (1031274416)
2025-08-15 18:19:20:172 [IN ] C8 24 09 18 25 A5 09 01 31 03 CF 00 00 0D B3 25 A5 09 01 31 05 E6 3D 77 00 00 DA A5 B0 C8 24 0C 18 25 A5 0C 01 31 03 CF 00 28 38 F0 25 A5 0C 01 31 05 E6 3D 77 FF B0 8C 6E B0 C8 24 09 18 25 A5 
09 01 31 03 CF 00 00 0D B3 25 A5 09 01 31 05 E6 3D 77 00 00 DA A5 B0 C8 24 0C 18 25 A5 0C 01 31 03 CF 00 12 22 DA 25 A5 0C 01 31 05 E6 3D 77 FF B0 8C 6E B0 C8 24 09 0E 25 A5 09 01 31 03 CF 00 
00 0D B3 25 A5 09 01 (135)
                              [N9:P] MOTOR_I 0 0 (0)
                              [N9:P] [undefined] 61 119 0 0 (1031208960)
                              [N12:Z] MOTOR_I 0 40 (40)
                              [N12:Z] [undefined] 61 119 255 176 (1031274416)
                              [N9:P] MOTOR_I 0 0 (0)
                              [N9:P] [undefined] 61 119 0 0 (1031208960)
                              [N12:Z] MOTOR_I 0 18 (18)
                              [N12:Z] [undefined] 61 119 255 176 (1031274416)
                              [N9:P] MOTOR_I 0 0 (0)
2025-08-15 18:19:20:375 [IN ] C8 24 09 0A 01 31 05 E6 3D 77 00 00 DA A5 B3 C8 24 03 0E 25 A5 03 01 31 06 81 45 FF FD 4F 0F 5B D8 01 C8 24 0C 18 25 A5 0C 01 31 03 CF 00 03 13 CB 25 A5 0C 01 31 05 E6 3D 77 FF B0 8C 6E B0 C8 
24 09 15 25 A5 09 01 31 03 CF 00 00 0D B3 25 A5 09 01 31 05 E6 3D 77 00 B0 C8 24 0C 18 25 A5 0C 01 31 03 CF 00 0F 1F D7 25 A5 0C 01 31 05 E6 3D 77 FF B0 8C 6E B0 C8 24 09 1B 00 DA A5 25 A5 09 
01 31 03 CF 00 00 0D B3 25 A5 09 01 31 05 E6 3D 77 00 00 DA A5 0C (150)
                              [N9:P] [undefined] 61 119 0 0 (1031208960)
                              [N3:X] TPOS 'E' 255 253 79 15 (-176369)
                              [N12:Z] MOTOR_I 0 3 (3)
                              [N12:Z] [undefined] 61 119 255 176 (1031274416)
                              [N9:P] MOTOR_I 0 0 (0)
                              [N12:Z] MOTOR_I 0 15 (15)
                              [N12:Z] [undefined] 61 119 255 176 (1031274416)
                              [N9:P] [undefined] 61 119 0 0 (1031208960)
                              [N9:P] MOTOR_I 0 0 (0)
                              [N9:P] [undefined] 61 119 0 0 (1031208960)
2025-08-15 18:19:20:576 [IN ] C8 24 0C 18 25 A5 0C 01 31 03 CF 00 16 26 DE 25 A5 0C 01 31 05 E6 3D 77 FF B0 8C 6E 00 C8 24 09 18 25 A5 09 01 31 03 CF 00 00 0D B3 25 A5 09 01 31 05 E6 3D 77 00 00 DA A5 00 C8 24 0C 18 25 A5 
0C 01 31 03 CF 00 11 21 D9 25 A5 0C 01 31 05 E6 3D 77 FF B0 8C 6E 00 C8 24 09 18 25 A5 09 01 31 03 CF 00 00 0D B3 25 A5 09 01 31 05 E6 3D 77 00 00 DA A5 00 (116)
                              [N12:Z] MOTOR_I 0 22 (22)
                              [N12:Z] [undefined] 61 119 255 176 (1031274416)
                              [N9:P] MOTOR_I 0 0 (0)
                              [N9:P] [undefined] 61 119 0 0 (1031208960)
                              [N12:Z] MOTOR_I 0 17 (17)
                              [N12:Z] [undefined] 61 119 255 176 (1031274416)
                              [N9:P] MOTOR_I 0 0 (0)
                              [N9:P] [undefined] 61 119 0 0 (1031208960)
2025-08-15 18:19:20:778 [IN ] C8 24 0C 18 25 A5 0C 01 31 03 CF 00 14 24 DC 25 A5 0C 01 31 05 E6 3D 77 FF B0 8C 6E 00 C8 24 09 18 25 A5 09 01 31 03 CF 00 00 0D B3 25 A5 09 01 31 05 E6 3D 77 00 00 DA A5 00 C8 24 0C 18 25 A5 
0C 01 31 03 CF 00 0E 1E D6 25 A5 0C 01 31 05 E6 3D 77 FF B0 8C 6E 00 C8 24 09 18 25 A5 09 01 31 03 CF 00 00 0D B3 25 A5 09 01 31 05 E6 3D 77 00 00 DA A5 00 (116)
                              [N12:Z] MOTOR_I 0 20 (20)
                              [N12:Z] [undefined] 61 119 255 176 (1031274416)
                              [N9:P] MOTOR_I 0 0 (0)
                              [N9:P] [undefined] 61 119 0 0 (1031208960)
                              [N12:Z] MOTOR_I 0 14 (14)
                              [N12:Z] [undefined] 61 119 255 176 (1031274416)
                              [N9:P] MOTOR_I 0 0 (0)
                              [N9:P] [undefined] 61 119 0 0 (1031208960)
2025-08-15 18:19:20:981 [IN ] C8 24 0C 0E 25 A5 0C 01 31 03 CF 00 0F 1F D7 25 A5 0C 01 C8 24 0C 0A 01 31 05 E6 3D 77 FF B0 8C 6E D7 C8 24 09 18 25 A5 09 01 31 03 CF 00 00 0D B3 25 A5 09 01 31 05 E6 3D 77 00 00 DA A5 00 C8 
24 0C 15 25 A5 0C 01 31 03 CF 00 18 28 E0 25 A5 0C 01 31 05 E6 3D 77 FF 00 C8 24 09 18 25 A5 09 01 31 03 CF 00 00 0D B3 25 A5 09 01 31 05 E6 3D 77 00 00 DA A5 00 (118)
                              [N12:Z] MOTOR_I 0 15 (15)
                              [N12:Z] [undefined] 61 119 255 176 (1031274416)
                              [N9:P] MOTOR_I 0 0 (0)
                              [N9:P] [undefined] 61 119 0 0 (1031208960)
                              [N12:Z] MOTOR_I 0 24 (24)
                              [N9:P] MOTOR_I 0 0 (0)
                              [N9:P] [undefined] 61 119 0 0 (1031208960)
2025-08-15 18:19:21:182 [IN ] C8 24 0C 1B B0 8C 6E 25 A5 0C 01 31 03 CF 00 11 21 D9 25 A5 0C 01 31 05 E6 3D 77 FF B0 8C 6E 0C C8 24 09 18 25 A5 09 01 31 03 CF 00 00 0D B3 25 A5 09 01 31 05 E6 3D 77 00 00 DA A5 B0 C8 24 0C 
18 25 A5 0C 01 31 03 CF 00 07 17 CF 25 A5 0C 01 31 05 E6 3D 77 FF B0 8C 6E B0 C8 24 09 18 25 A5 09 01 31 03 CF 00 00 0D B3 25 A5 09 01 31 05 E6 3D 77 00 00 DA A5 B0 (119)
                              [N12:Z] [undefined] 61 119 255 176 (1031274416)
                              [N12:Z] MOTOR_I 0 17 (17)
                              [N12:Z] [undefined] 61 119 255 176 (1031274416)
                              [N9:P] MOTOR_I 0 0 (0)
                              [N9:P] [undefined] 61 119 0 0 (1031208960)
                              [N12:Z] MOTOR_I 0 7 (7)
                              [N12:Z] [undefined] 61 119 255 176 (1031274416)
                              [N9:P] MOTOR_I 0 0 (0)
                              [N9:P] [undefined] 61 119 0 0 (1031208960)
2025-08-15 18:19:21:384 [IN ] C8 24 0C 18 25 A5 0C 01 31 03 CF 00 0D 1D D5 25 A5 0C 01 31 05 E6 3D 77 FF B0 8C 6E B0 C8 24 09 18 25 A5 09 01 31 03 CF 00 00 0D B3 25 A5 09 01 31 05 E6 3D 77 00 00 DA A5 B0 C8 24 0C 18 25 A5 
0C 01 31 03 CF 00 05 15 CD 25 A5 0C 01 31 05 E6 3D 77 FF B0 8C 6E B0 C8 24 09 18 25 A5 09 01 31 03 CF 00 00 0D B3 25 A5 09 01 31 05 E6 3D 77 00 00 DA A5 B0 (116)
                              [N12:Z] MOTOR_I 0 13 (13)
                              [N12:Z] [undefined] 61 119 255 176 (1031274416)
                              [N9:P] MOTOR_I 0 0 (0)
                              [N9:P] [undefined] 61 119 0 0 (1031208960)
                              [N12:Z] MOTOR_I 0 5 (5)
                              [N12:Z] [undefined] 61 119 255 176 (1031274416)
                              [N9:P] MOTOR_I 0 0 (0)
                              [N9:P] [undefined] 61 119 0 0 (1031208960)
2025-08-15 18:19:21:586 [IN ] C8 24 0C 18 25 A5 0C 01 31 03 CF 00 1A 2A E2 25 A5 0C 01 31 05 E6 3D 77 FF B0 8C 6E B0 C8 24 09 18 25 A5 09 01 31 03 CF 00 00 0D B3 25 A5 09 01 31 05 E6 3D 77 00 00 DA A5 B0 C8 24 0C 18 25 A5 
0C 01 31 03 CF 00 09 19 D1 25 A5 0C 01 31 05 E6 3D 77 FF B0 8C 6E B0 (87)
                              [N12:Z] MOTOR_I 0 26 (26)
                              [N12:Z] [undefined] 61 119 255 176 (1031274416)
                              [N9:P] MOTOR_I 0 0 (0)
                              [N9:P] [undefined] 61 119 0 0 (1031208960)
                              [N12:Z] MOTOR_I 0 9 (9)
                              [N12:Z] [undefined] 61 119 255 176 (1031274416)
2025-08-15 18:19:21:787 [IN ] C8 24 09 18 25 A5 09 01 31 03 CF 00 00 0D B3 25 A5 09 01 31 05 E6 3D 77 00 00 DA A5 B0 C8 24 0C 18 25 A5 0C 01 31 03 CF 00 0C 1C D4 25 A5 0C 01 31 05 E6 3D 77 FF B0 8C 6E B0 C8 24 09 18 25 A5 
09 01 31 03 CF 00 00 0D B3 25 A5 09 01 31 05 E6 3D 77 00 00 DA A5 B0 C8 24 0C 18 25 A5 0C 01 31 03 CF 00 06 16 CE 25 A5 0C 01 31 05 E6 3D 77 FF B0 8C 6E B0 C8 24 09 18 25 A5 (122)
                              [N9:P] MOTOR_I 0 0 (0)
                              [N9:P] [undefined] 61 119 0 0 (1031208960)
                              [N12:Z] MOTOR_I 0 12 (12)
                              [N12:Z] [undefined] 61 119 255 176 (1031274416)
                              [N9:P] MOTOR_I 0 0 (0)
                              [N9:P] [undefined] 61 119 0 0 (1031208960)
                              [N12:Z] MOTOR_I 0 6 (6)
                              [N12:Z] [undefined] 61 119 255 176 (1031274416)
2025-08-15 18:19:21:988 [IN ] 09 01 31 03 CF 00 00 0D B3 25 A5 09 01 31 05 E6 3D 77 00 00 DA A5 B0 C8 24 0C 18 25 A5 0C 01 31 03 CF 00 0B 1B D3 25 A5 0C 01 31 05 E6 3D 77 FF B0 8C 6E B0 C8 24 09 18 25 A5 09 01 31 03 CF 00 
00 0D B3 25 A5 09 01 31 05 E6 3D 77 00 00 DA A5 B0 C8 24 0C 18 25 A5 0C 01 31 03 CF 00 0F 1F D7 25 A5 0C 01 31 05 E6 3D 77 FF B0 8C 6E B0 C8 24 09 0E 25 A5 09 01 31 03 CF 00 00 0D B3 25 A5 09 
01 C8 24 09 0A 01 31 05 E6 3D 77 00 00 DA A5 B3 (144)
                              [N9:P] MOTOR_I 0 0 (0)
                              [N9:P] [undefined] 61 119 0 0 (1031208960)
                              [N12:Z] MOTOR_I 0 11 (11)
                              [N12:Z] [undefined] 61 119 255 176 (1031274416)
                              [N9:P] MOTOR_I 0 0 (0)
                              [N9:P] [undefined] 61 119 0 0 (1031208960)
                              [N12:Z] MOTOR_I 0 15 (15)
                              [N12:Z] [undefined] 61 119 255 176 (1031274416)
                              [N9:P] MOTOR_I 0 0 (0)
                              [N9:P] [undefined] 61 119 0 0 (1031208960)
2025-08-15 18:19:22:191 [IN ] C8 24 0C 18 25 A5 0C 01 31 03 CF 00 21 31 E9 25 A5 0C 01 31 05 E6 3D 77 FF B0 8C 6E B0 C8 24 09 15 25 A5 09 01 31 03 CF 00 00 0D B3 25 A5 09 01 31 05 E6 3D 77 00 B0 C8 24 0C 18 25 A5 0C 01 31 
03 CF 00 06 16 CE 25 A5 0C 01 31 05 E6 3D 77 FF B0 8C 6E B0 C8 24 09 1B 00 DA A5 25 A5 09 01 31 03 CF 00 00 0D B3 25 A5 09 01 31 05 E6 3D 77 00 00 DA A5 0C (116)
                              [N12:Z] MOTOR_I 0 33 (33)
                              [N12:Z] [undefined] 61 119 255 176 (1031274416)
                              [N9:P] MOTOR_I 0 0 (0)
                              [N12:Z] MOTOR_I 0 6 (6)
                              [N12:Z] [undefined] 61 119 255 176 (1031274416)
                              [N9:P] [undefined] 61 119 0 0 (1031208960)
                              [N9:P] MOTOR_I 0 0 (0)
                              [N9:P] [undefined] 61 119 0 0 (1031208960)
2025-08-15 18:19:22:392 [IN ] C8 24 0C 18 25 A5 0C 01 31 03 CF 00 04 14 CC 25 A5 0C 01 31 05 E6 3D 77 FF B0 8C 6E 00 C8 24 09 18 25 A5 09 01 31 03 CF 00 00 0D B3 25 A5 09 01 31 05 E6 3D 77 00 00 DA A5 00 C8 24 0C 18 25 A5 
0C 01 31 03 CF 00 0F 1F D7 25 A5 0C 01 31 05 E6 3D 77 FF B0 8C 6E 00 C8 24 09 18 25 A5 09 01 31 03 CF 00 00 0D B3 25 A5 09 01 31 05 E6 3D 77 00 00 DA A5 00 C8 24 (118)
                              [N12:Z] MOTOR_I 0 4 (4)
                              [N12:Z] [undefined] 61 119 255 176 (1031274416)
                              [N9:P] MOTOR_I 0 0 (0)
                              [N9:P] [undefined] 61 119 0 0 (1031208960)
                              [N12:Z] MOTOR_I 0 15 (15)
                              [N12:Z] [undefined] 61 119 255 176 (1031274416)
                              [N9:P] MOTOR_I 0 0 (0)
                              [N9:P] [undefined] 61 119 0 0 (1031208960)
2025-08-15 18:19:22:593 [IN ] 06 0E 25 A5 06 01 31 06 81 45 00 0C FF A8 B7 20 01 C8 24 0C 18 25 A5 0C 01 31 03 CF 00 1B 2B E3 25 A5 0C 01 31 05 E6 3D 77 FF B0 8C 6E 00 C8 24 09 18 25 A5 09 01 31 03 CF 00 00 0D B3 25 A5 09 
01 31 05 E6 3D 77 00 00 DA A5 00 C8 24 0C 18 25 A5 0C 01 31 03 CF 00 10 20 D8 25 A5 0C 01 31 05 E6 3D 77 FF B0 8C 6E 00 C8 24 09 18 25 A5 09 01 31 03 CF 00 00 0D B3 25 A5 09 01 31 05 E6 3D 77 
00 00 DA A5 00 (133)
                              [N6:H] TPOS 'E' 0 12 255 168 (851880)
                              [N12:Z] MOTOR_I 0 27 (27)
                              [N12:Z] [undefined] 61 119 255 176 (1031274416)
                              [N9:P] MOTOR_I 0 0 (0)
                              [N9:P] [undefined] 61 119 0 0 (1031208960)
                              [N12:Z] MOTOR_I 0 16 (16)
                              [N12:Z] [undefined] 61 119 255 176 (1031274416)
                              [N9:P] MOTOR_I 0 0 (0)
                              [N9:P] [undefined] 61 119 0 0 (1031208960)
2025-08-15 18:19:22:816 [OUT] 25 A5 01 05 31 02 D8 3F 50 D8 (10)
                              [N5:V] INTERRUPT '?'
2025-08-15 18:19:22:817 [IN ] C8 24 0C 0E 25 A5 0C 01 31 03 CF 00 0C 1C D4 25 A5 0C 01 C8 24 0C 0A 01 31 05 E6 3D 77 FF B0 8C 6E D4 C8 24 09 18 25 A5 09 01 31 03 CF 00 00 0D B3 25 A5 09 01 31 05 E6 3D 77 00 00 DA A5 00 C8 
24 0C 15 25 A5 0C 01 31 03 CF 00 0A 1A D2 25 A5 0C 01 31 05 E6 3D 77 FF 00 C8 24 09 18 25 A5 09 01 31 03 CF 00 00 0D B3 25 A5 09 01 31 05 E6 3D 77 00 00 DA A5 00 (118)
                              [N12:Z] MOTOR_I 0 12 (12)
                              [N12:Z] [undefined] 61 119 255 176 (1031274416)
                              [N9:P] MOTOR_I 0 0 (0)
                              [N9:P] [undefined] 61 119 0 0 (1031208960)
                              [N12:Z] MOTOR_I 0 10 (10)
                              [N9:P] MOTOR_I 0 0 (0)
                              [N9:P] [undefined] 61 119 0 0 (1031208960)
2025-08-15 18:19:23:118 [IN ] C8 24 0C 1B B0 8C 6E 25 A5 0C 01 31 03 CF 00 14 24 DC 25 A5 0C 01 31 05 E6 3D 77 FF B0 8C 6E 0C C8 24 09 18 25 A5 09 01 31 03 CF 00 00 0D B3 25 A5 09 01 31 05 E6 3D 77 00 00 DA A5 B0 C8 24 0C 
18 25 A5 0C 01 31 03 CF 00 13 23 DB 25 A5 0C 01 31 05 E6 3D 77 FF B0 8C 6E B0 C8 24 05 0C 25 A5 05 01 31 04 D8 3A 01 01 4F 7A A5 C8 24 09 18 25 A5 09 01 31 03 CF 00 00 0D B3 25 A5 09 01 31 05 
E6 3D 77 00 00 DA A5 B0 C8 24 0C 18 25 A5 0C 01 31 03 CF 00 1D 2D E5 25 A5 0C 01 31 05 E6 3D 77 FF B0 8C 6E B0 C8 24 09 18 25 A5 09 01 31 03 CF 00 00 0D B3 25 A5 09 01 31 05 E6 3D 77 00 00 DA 
A5 B0 (194)
                              [N12:Z] [undefined] 61 119 255 176 (1031274416)
                              [N12:Z] MOTOR_I 0 20 (20)
                              [N12:Z] [undefined] 61 119 255 176 (1031274416)
                              [N9:P] MOTOR_I 0 0 (0)
                              [N9:P] [undefined] 61 119 0 0 (1031208960)
                              [N12:Z] MOTOR_I 0 19 (19)
                              [N12:Z] [undefined] 61 119 255 176 (1031274416)
                              [N5:V] INTERRUPT ':' 1 1 (257)
                              [N9:P] MOTOR_I 0 0 (0)
                              [N9:P] [undefined] 61 119 0 0 (1031208960)
                              [N12:Z] MOTOR_I 0 29 (29)
                              [N12:Z] [undefined] 61 119 255 176 (1031274416)
                              [N9:P] MOTOR_I 0 0 (0)
                              [N9:P] [undefined] 61 119 0 0 (1031208960)
2025-08-15 18:19:23:140 [OUT] 25 A5 01 05 31 03 C9 3D 0B 4B 06 (11)
                              [N5:V] LFLAG '=' 11 (11)
2025-08-15 18:19:23:161 [IN ] C8 24 0C 18 25 A5 0C 01 31 03 CF 00 0A 1A D2 25 A5 0C 01 31 05 E6 3D 77 FF B0 8C 6E B0 (29)
                              [N12:Z] MOTOR_I 0 10 (10)
                              [N12:Z] [undefined] 61 119 255 176 (1031274416)
2025-08-15 18:19:23:204 [IN ] C8 24 09 18 25 A5 09 01 31 03 CF 00 00 0D B3 25 A5 09 01 31 05 E6 3D 77 00 00 DA A5 B0 (29)
                              [N9:P] MOTOR_I 0 0 (0)
                              [N9:P] [undefined] 61 119 0 0 (1031208960)
2025-08-15 18:19:23:266 [IN ] C8 24 0C 18 25 A5 0C 01 31 03 CF 00 06 16 CE 25 A5 0C 01 31 05 E6 3D 77 FF B0 8C 6E B0 (29)
                              [N12:Z] MOTOR_I 0 6 (6)
                              [N12:Z] [undefined] 61 119 255 176 (1031274416)
2025-08-15 18:19:23:308 [IN ] C8 24 09 18 25 A5 09 01 31 03 CF 00 00 0D B3 25 A5 09 01 31 05 E6 3D 77 00 00 DA A5 B0 (29)
                              [N9:P] MOTOR_I 0 0 (0)
                              [N9:P] [undefined] 61 119 0 0 (1031208960)
2025-08-15 18:19:23:329 [IN ] C8 24 05 0B 25 A5 05 01 31 03 C9 3A 0B 48 04 25 (16)
                              [N5:V] LFLAG ':' 11 (11)
2025-08-15 18:19:23:350 [OUT] 25 A5 01 05 31 03 88 FF B0 71 6C (11)
                              [N5:V] RUN 255 176 (-80)
2025-08-15 18:19:23:350 [IN ] C8 24 0C 18 25 A5 0C 01 31 03 CF 00 10 20 D8 25 A5 0C 01 31 05 E6 3D 77 FF B0 8C 6E B0 (29)
                              [N12:Z] MOTOR_I 0 16 (16)
                              [N12:Z] [undefined] 61 119 255 176 (1031274416)
2025-08-15 18:19:23:393 [IN ] C8 24 09 18 25 A5 09 01 31 03 CF 00 00 0D B3 25 A5 09 01 31 05 E6 3D 77 00 00 DA A5 B0 (29)
                              [N9:P] MOTOR_I 0 0 (0)
                              [N9:P] [undefined] 61 119 0 0 (1031208960)
2025-08-15 18:19:23:456 [IN ] C8 24 0C 18 25 A5 0C 01 31 03 CF 00 00 10 C8 25 A5 0C 01 31 05 E6 3D 77 00 00 DD C0 B0 (29)
                              [N12:Z] MOTOR_I 0 0 (0)
                              [N12:Z] [undefined] 61 119 0 0 (1031208960)
2025-08-15 18:19:23:477 [IN ] C8 24 0C 0E 25 A5 0C 01 31 06 81 45 FF BC CD 88 1A E4 01 (19)
                              [N12:Z] TPOS 'E' 255 188 205 136 (-4403832)
2025-08-15 18:19:23:520 [IN ] C8 24 09 18 25 A5 09 01 31 03 CF 00 00 0D B3 25 A5 09 01 31 05 E6 3D 77 00 00 DA A5 B0 C8 24 05 0C 25 A5 05 01 31 04 88 53 FF B0 C5 30 A5 (46)
                              [N9:P] MOTOR_I 0 0 (0)
                              [N9:P] [undefined] 61 119 0 0 (1031208960)
                              [N5:V] RUN 'S' 255 176 (-80)
2025-08-15 18:19:23:541 [OUT] 25 A5 01 0C 31 05 81 FF D1 1A 67 15 6D (13)
                              [N12:Z] TPOS 255 209 26 103 (-3073433)
2025-08-15 18:19:23:562 [IN ] C8 24 0C 18 25 A5 0C 01 31 03 CF 00 00 10 C8 25 A5 0C 01 31 05 E6 3D 77 00 00 DD C0 B0 (29)
                              [N12:Z] MOTOR_I 0 0 (0)
                              [N12:Z] [undefined] 61 119 0 0 (1031208960)
2025-08-15 18:19:23:604 [IN ] C8 24 09 18 25 A5 09 01 31 03 CF 00 00 0D B3 25 A5 09 01 31 05 E6 3D 77 00 00 DA A5 B0 (29)
                              [N9:P] MOTOR_I 0 0 (0)
                              [N9:P] [undefined] 61 119 0 0 (1031208960)
2025-08-15 18:19:23:666 [IN ] C8 24 0C 18 25 A5 0C 01 31 03 CF 00 00 10 C8 25 A5 0C 01 31 05 E6 3D 77 00 00 DD C0 B0 (29)
                              [N12:Z] MOTOR_I 0 0 (0)
                              [N12:Z] [undefined] 61 119 0 0 (1031208960)
2025-08-15 18:19:23:708 [IN ] C8 24 09 18 25 A5 09 01 31 03 CF 00 00 0D B3 25 A5 09 01 (19)
2025-08-15 18:19:23:729 [IN ] 31 05 E6 3D 77 00 00 DA A5 B0 C8 24 0C 0E 25 A5 0C 01 31 06 81 53 FF BC CD 88 28 2A 01 (29)
                              [N9:P] MOTOR_I 0 0 (0)
                              [N9:P] [undefined] 61 119 0 0 (1031208960)
                              [N12:Z] TPOS 'S' 255 188 205 136 (-4403832)
2025-08-15 18:19:23:930 [IN ] C8 24 0C 18 25 A5 0C 01 31 03 CF 00 0F 1F D7 25 A5 0C 01 31 05 E6 3D 77 00 50 2D 10 B0 C8 24 09 0E 25 A5 09 01 31 03 CF 00 00 0D B3 25 A5 09 01 C8 24 09 0A 01 31 05 E6 3D 77 00 00 DA A5 B3 C8 
24 0C 18 25 A5 0C 01 31 03 CF 00 06 16 CE 25 A5 0C 01 31 05 E6 3D 77 00 50 2D 10 B0 C8 24 09 15 25 A5 09 01 31 03 CF 00 00 0D B3 25 A5 09 01 31 05 E6 3D 77 00 50 (118)
                              [N12:Z] MOTOR_I 0 15 (15)
                              [N12:Z] [undefined] 61 119 0 80 (1031209040)
                              [N9:P] MOTOR_I 0 0 (0)
                              [N9:P] [undefined] 61 119 0 0 (1031208960)
                              [N12:Z] MOTOR_I 0 6 (6)
                              [N12:Z] [undefined] 61 119 0 80 (1031209040)
                              [N9:P] MOTOR_I 0 0 (0)
2025-08-15 18:19:24:133 [IN ] C8 24 0C 18 25 A5 0C 01 31 03 CF 00 0D 1D D5 25 A5 0C 01 31 05 E6 3D 77 00 50 2D 10 B0 C8 24 09 1B 00 DA A5 25 A5 09 01 31 03 CF 00 00 0D B3 25 A5 09 01 31 05 E6 3D 77 00 00 DA A5 0C C8 24 0C 
18 25 A5 0C 01 31 03 CF 00 10 20 D8 25 A5 0C 01 31 05 E6 3D 77 00 50 2D 10 00 C8 24 09 18 25 A5 09 01 31 03 CF 00 00 0D B3 25 A5 09 01 31 05 E6 3D 77 00 00 DA A5 00 (119)
                              [N12:Z] MOTOR_I 0 13 (13)
                              [N12:Z] [undefined] 61 119 0 80 (1031209040)
                              [N9:P] [undefined] 61 119 0 0 (1031208960)
                              [N9:P] MOTOR_I 0 0 (0)
                              [N9:P] [undefined] 61 119 0 0 (1031208960)
                              [N12:Z] MOTOR_I 0 16 (16)
                              [N12:Z] [undefined] 61 119 0 80 (1031209040)
                              [N9:P] MOTOR_I 0 0 (0)
                              [N9:P] [undefined] 61 119 0 0 (1031208960)
2025-08-15 18:19:24:334 [IN ] C8 24 0C 18 25 A5 0C 01 31 03 CF 00 13 23 DB 25 A5 0C 01 31 05 E6 3D 77 00 50 2D 10 00 C8 24 09 18 25 A5 09 01 31 03 CF 00 00 0D B3 25 A5 09 01 31 05 E6 3D 77 00 00 DA A5 00 C8 24 07 0E 25 A5 
07 01 31 06 81 45 FF AB 15 1D E1 A4 01 C8 24 0C 18 25 A5 0C 01 31 03 CF 00 0D 1D D5 25 A5 0C 01 31 05 E6 3D 77 00 50 2D 10 00 C8 24 09 18 25 A5 09 01 31 03 CF 00 00 0D B3 25 A5 09 01 31 05 E6 
3D 77 00 00 DA A5 00 (135)
                              [N12:Z] MOTOR_I 0 19 (19)
                              [N12:Z] [undefined] 61 119 0 80 (1031209040)
                              [N9:P] MOTOR_I 0 0 (0)
                              [N9:P] [undefined] 61 119 0 0 (1031208960)
                              [N7:N] TPOS 'E' 255 171 21 29 (-5565155)
                              [N12:Z] MOTOR_I 0 13 (13)
                              [N12:Z] [undefined] 61 119 0 80 (1031209040)
                              [N9:P] MOTOR_I 0 0 (0)
                              [N9:P] [undefined] 61 119 0 0 (1031208960)
2025-08-15 18:19:24:537 [IN ] C8 24 0C 18 25 A5 0C 01 31 03 CF 00 00 10 C8 25 A5 0C 01 31 05 E6 3D 77 00 50 2D 10 00 C8 24 09 18 25 A5 09 01 31 03 CF 00 00 0D B3 25 A5 09 01 31 05 E6 3D 77 00 00 DA A5 00 C8 24 0C 0E 25 A5 
0C 01 31 03 CF 00 0C 1C D4 25 A5 0C 01 C8 24 0C 0A 01 31 05 E6 3D 77 00 50 2D 10 D4 C8 24 09 18 25 A5 09 01 31 03 CF 00 00 0D B3 25 A5 09 01 31 05 E6 3D 77 00 00 DA A5 00 (121)
                              [N12:Z] MOTOR_I 0 0 (0)
                              [N12:Z] [undefined] 61 119 0 80 (1031209040)
                              [N9:P] MOTOR_I 0 0 (0)
                              [N9:P] [undefined] 61 119 0 0 (1031208960)
                              [N12:Z] MOTOR_I 0 12 (12)
                              [N12:Z] [undefined] 61 119 0 80 (1031209040)
                              [N9:P] MOTOR_I 0 0 (0)
                              [N9:P] [undefined] 61 119 0 0 (1031208960)
2025-08-15 18:19:24:741 [IN ] C8 24 0C 15 25 A5 0C 01 31 03 CF 00 08 18 D0 25 A5 0C 01 31 05 E6 3D 77 00 00 C8 24 09 18 25 A5 09 01 31 03 CF 00 00 0D B3 25 A5 09 01 31 05 E6 3D 77 00 00 DA A5 00 C8 24 0C 1B 50 2D 10 25 A5 
0C 01 31 03 CF 00 01 11 C9 25 A5 0C 01 31 05 E6 3D 77 00 50 2D 10 0C C8 24 09 18 25 A5 09 01 31 03 CF 00 00 0D B3 25 A5 09 01 31 05 E6 3D 77 00 00 DA A5 50 (116)
                              [N12:Z] MOTOR_I 0 8 (8)
                              [N9:P] MOTOR_I 0 0 (0)
                              [N9:P] [undefined] 61 119 0 0 (1031208960)
                              [N12:Z] [undefined] 61 119 0 80 (1031209040)
                              [N12:Z] MOTOR_I 0 1 (1)
                              [N12:Z] [undefined] 61 119 0 80 (1031209040)
                              [N9:P] MOTOR_I 0 0 (0)
                              [N9:P] [undefined] 61 119 0 0 (1031208960)
2025-08-15 18:19:24:762 [OUT] 25 A5 01 07 31 05 81 FF F3 35 BF A5 39 (13)
                              [N7:N] TPOS 255 243 53 191 (-838209)
2025-08-15 18:19:24:762 [IN ] C8 24 0C 18 25 A5 0C 01 31 03 CF 00 0C 1C D4 25 A5 0C 01 31 05 (21)
2025-08-15 18:19:24:784 [IN ] E6 3D 77 00 50 2D 10 50 (8)
                              [N12:Z] MOTOR_I 0 12 (12)
                              [N12:Z] [undefined] 61 119 0 80 (1031209040)
2025-08-15 18:19:24:805 [IN ] C8 24 09 18 25 A5 09 01 31 03 CF 00 00 0D B3 25 A5 09 01 31 05 E6 (22)
2025-08-15 18:19:24:826 [IN ] 3D 77 00 00 DA A5 50 (7)
                              [N9:P] MOTOR_I 0 0 (0)
                              [N9:P] [undefined] 61 119 0 0 (1031208960)
2025-08-15 18:19:24:868 [IN ] C8 24 0C 18 25 A5 0C 01 31 03 CF 00 04 14 CC 25 A5 0C 01 31 05 E6 3D 77 00 50 2D 10 50 (29)
                              [N12:Z] MOTOR_I 0 4 (4)
                              [N12:Z] [undefined] 61 119 0 80 (1031209040)
2025-08-15 18:19:24:910 [IN ] C8 24 09 18 25 A5 09 01 31 03 CF 00 00 0D B3 25 A5 09 01 31 05 E6 3D 77 00 00 DA A5 50 (29)
                              [N9:P] MOTOR_I 0 0 (0)
                              [N9:P] [undefined] 61 119 0 0 (1031208960)
2025-08-15 18:19:24:952 [IN ] C8 24 07 0E 25 A5 07 01 31 06 81 53 FF AB 15 1D EF EA 01 (19)
                              [N7:N] TPOS 'S' 255 171 21 29 (-5565155)
2025-08-15 18:19:25:154 [IN ] C8 24 0C 18 25 A5 0C 01 31 03 CF 00 07 17 CF 25 A5 0C 01 31 05 E6 3D 77 00 50 2D 10 50 C8 24 09 18 25 A5 09 01 31 03 CF 00 00 0D B3 25 A5 09 01 31 05 E6 3D 77 00 00 DA A5 50 C8 24 0C 18 25 A5 
0C 01 31 03 CF 00 13 23 DB 25 A5 0C 01 31 05 E6 3D 77 00 50 2D 10 50 C8 24 09 18 25 A5 09 01 31 03 CF 00 00 0D B3 25 A5 09 01 31 05 E6 3D 77 00 00 DA A5 50 (116)
                              [N12:Z] MOTOR_I 0 7 (7)
                              [N12:Z] [undefined] 61 119 0 80 (1031209040)
                              [N9:P] MOTOR_I 0 0 (0)
                              [N9:P] [undefined] 61 119 0 0 (1031208960)
                              [N12:Z] MOTOR_I 0 19 (19)
                              [N12:Z] [undefined] 61 119 0 80 (1031209040)
                              [N9:P] MOTOR_I 0 0 (0)
                              [N9:P] [undefined] 61 119 0 0 (1031208960)
2025-08-15 18:19:25:355 [IN ] C8 24 0C 18 25 A5 0C 01 31 03 CF 00 04 14 CC 25 A5 0C 01 31 05 E6 3D 77 00 50 2D 10 50 C8 24 09 18 25 A5 09 01 31 03 CF 00 00 0D B3 25 A5 09 01 31 05 E6 3D 77 00 00 DA A5 50 C8 24 0C 18 25 A5 
0C 01 31 03 CF 00 04 14 CC 25 A5 0C 01 31 05 E6 3D 77 00 50 2D 10 50 C8 24 09 18 25 A5 09 01 31 03 CF 00 00 0D B3 25 A5 09 01 31 05 E6 3D 77 00 00 DA A5 50 (116)
                              [N12:Z] MOTOR_I 0 4 (4)
                              [N12:Z] [undefined] 61 119 0 80 (1031209040)
                              [N9:P] MOTOR_I 0 0 (0)
                              [N9:P] [undefined] 61 119 0 0 (1031208960)
                              [N12:Z] MOTOR_I 0 4 (4)
                              [N12:Z] [undefined] 61 119 0 80 (1031209040)
                              [N9:P] MOTOR_I 0 0 (0)
                              [N9:P] [undefined] 61 119 0 0 (1031208960)
2025-08-15 18:19:25:557 [IN ] C8 24 0C 18 25 A5 0C 01 31 03 CF 00 0D 1D D5 25 A5 0C 01 31 05 E6 3D 77 00 50 2D 10 50 C8 24 09 18 25 A5 09 01 31 03 CF 00 00 0D B3 25 A5 09 01 31 05 E6 3D 77 00 00 DA A5 50 C8 24 0C 18 25 A5 
0C 01 31 03 CF 00 04 14 CC 25 A5 0C 01 31 05 E6 3D 77 00 50 2D 10 50 C8 24 09 18 25 A5 09 01 31 03 CF 00 00 0D B3 25 A5 09 01 31 05 E6 3D 77 00 00 DA A5 50 C8 24 08 0B 25 A5 08 01 31 03 81 5A 
52 6A C8 25 (132)
                              [N12:Z] MOTOR_I 0 13 (13)
                              [N12:Z] [undefined] 61 119 0 80 (1031209040)
                              [N9:P] MOTOR_I 0 0 (0)
                              [N9:P] [undefined] 61 119 0 0 (1031208960)
                              [N12:Z] MOTOR_I 0 4 (4)
                              [N12:Z] [undefined] 61 119 0 80 (1031209040)
                              [N9:P] MOTOR_I 0 0 (0)
                              [N9:P] [undefined] 61 119 0 0 (1031208960)
                              [N8:R] TPOS 'Z' 82 (82)
2025-08-15 18:19:25:758 [IN ] C8 24 0C 18 25 A5 0C 01 31 03 CF 00 04 14 CC 25 A5 0C 01 31 05 E6 3D 77 00 50 2D 10 50 C8 24 08 0A 25 A5 08 01 31 02 81 49 06 4A CC C8 24 09 0E 25 A5 09 01 31 03 CF 00 00 0D B3 25 A5 09 01 C8 
24 09 0A 01 31 05 E6 3D 77 00 00 DA A5 B3 C8 24 0C 18 25 A5 0C 01 31 03 CF 00 0D 1D D5 25 A5 0C 01 31 05 E6 3D 77 00 50 2D 10 50 C8 24 09 15 25 A5 09 01 31 03 CF 00 00 0D B3 25 A5 09 01 31 05 
E6 3D 77 00 50 (133)
                              [N12:Z] MOTOR_I 0 4 (4)
                              [N12:Z] [undefined] 61 119 0 80 (1031209040)
                              [N8:R] TPOS 'I'
                              [N9:P] MOTOR_I 0 0 (0)
                              [N9:P] [undefined] 61 119 0 0 (1031208960)
                              [N12:Z] MOTOR_I 0 13 (13)
                              [N12:Z] [undefined] 61 119 0 80 (1031209040)
                              [N9:P] MOTOR_I 0 0 (0)
2025-08-15 18:19:25:962 [IN ] C8 24 0C 18 25 A5 0C 01 31 03 CF 00 00 10 C8 25 A5 0C 01 31 05 E6 3D 77 00 50 2D 10 50 C8 24 09 1B 00 DA A5 25 A5 09 01 31 03 CF 00 00 0D B3 25 A5 09 01 31 05 E6 3D 77 00 00 DA A5 0C C8 24 0C 
18 25 A5 0C 01 31 03 CF 00 05 15 CD 25 A5 0C 01 31 05 E6 3D 77 00 50 2D 10 00 C8 24 09 18 25 A5 09 01 31 03 CF 00 00 0D B3 25 A5 09 01 31 05 E6 3D 77 00 00 DA A5 00 (119)
                              [N12:Z] MOTOR_I 0 0 (0)
                              [N12:Z] [undefined] 61 119 0 80 (1031209040)
                              [N9:P] [undefined] 61 119 0 0 (1031208960)
                              [N9:P] MOTOR_I 0 0 (0)
                              [N9:P] [undefined] 61 119 0 0 (1031208960)
                              [N12:Z] MOTOR_I 0 5 (5)
                              [N12:Z] [undefined] 61 119 0 80 (1031209040)
                              [N9:P] MOTOR_I 0 0 (0)
                              [N9:P] [undefined] 61 119 0 0 (1031208960)
2025-08-15 18:19:25:984 [OUT] 25 A5 01 08 31 03 CA 3D 09 4D 19 (11)
                              [N8:R] RFLAG '=' 9 (9)
2025-08-15 18:19:25:985 [IN ] C8 24 0C 18 25 A5 0C 01 31 03 CF 00 0D 1D D5 25 A5 0C 01 31 05 E6 3D 77 00 50 2D 10 00 (29)
                              [N12:Z] MOTOR_I 0 13 (13)
                              [N12:Z] [undefined] 61 119 0 80 (1031209040)
2025-08-15 18:19:26:027 [IN ] C8 24 09 18 25 A5 09 01 31 03 CF 00 00 0D B3 25 A5 09 01 31 05 E6 3D 77 00 00 DA A5 00 (29)
                              [N9:P] MOTOR_I 0 0 (0)
                              [N9:P] [undefined] 61 119 0 0 (1031208960)
2025-08-15 18:19:26:090 [IN ] C8 24 0C 18 25 A5 0C 01 31 03 CF 00 0E 1E D6 25 A5 0C 01 31 05 E6 3D 77 00 50 2D 10 00 (29)
                              [N12:Z] MOTOR_I 0 14 (14)
                              [N12:Z] [undefined] 61 119 0 80 (1031209040)
2025-08-15 18:19:26:110 [IN ] C8 24 09 18 25 A5 09 01 31 03 CF 00 00 0D B3 25 A5 09 01 31 05 E6 3D 77 00 00 DA A5 00 (29)
                              [N9:P] MOTOR_I 0 0 (0)
                              [N9:P] [undefined] 61 119 0 0 (1031208960)
2025-08-15 18:19:26:152 [IN ] C8 24 08 0B 25 A5 08 01 31 03 CA 3A 09 4A 1A 25 (16)
                              [N8:R] RFLAG ':' 9 (9)
2025-08-15 18:19:26:173 [OUT] 25 A5 01 08 31 05 81 FF DC 77 1D 2F DE (13)
                              [N8:R] TPOS 255 220 119 29 (-2328803)
2025-08-15 18:19:26:194 [IN ] C8 24 0C 18 25 A5 0C 01 31 03 CF 00 08 18 D0 25 A5 0C 01 31 05 E6 3D 77 00 50 2D 10 00 (29)
                              [N12:Z] MOTOR_I 0 8 (8)
                              [N12:Z] [undefined] 61 119 0 80 (1031209040)
2025-08-15 18:19:26:216 [IN ] C8 24 09 18 25 A5 (6)
2025-08-15 18:19:26:237 [IN ] 09 01 31 03 CF 00 00 0D B3 25 A5 09 01 31 05 E6 3D 77 00 00 DA A5 00 (23)
                              [N9:P] MOTOR_I 0 0 (0)
                              [N9:P] [undefined] 61 119 0 0 (1031208960)
2025-08-15 18:19:26:279 [IN ] C8 24 0C 0E 25 A5 0C 01 31 03 CF 00 08 18 D0 25 A5 0C 01 (19)
                              [N12:Z] MOTOR_I 0 8 (8)
2025-08-15 18:19:26:300 [IN ] C8 24 0C 0A 01 31 05 E6 3D 77 00 50 2D 10 D0 (15)
                              [N12:Z] [undefined] 61 119 0 80 (1031209040)
2025-08-15 18:19:26:321 [IN ] C8 24 09 18 25 A5 09 01 31 03 CF 00 00 0D B3 25 A5 09 01 31 05 E6 3D 77 00 00 DA A5 00 (29)
                              [N9:P] MOTOR_I 0 0 (0)
                              [N9:P] [undefined] 61 119 0 0 (1031208960)
2025-08-15 18:19:26:363 [IN ] C8 24 08 0E 25 A5 08 01 31 06 81 53 FF FF FF FC 0D A3 01 (19)
                              [N8:R] TPOS 'S' 255 255 255 252 (-4)
2025-08-15 18:19:26:565 [IN ] C8 24 0C 15 25 A5 0C 01 31 03 CF 00 05 15 CD 25 A5 0C 01 31 05 E6 3D 77 00 00 C8 24 09 18 25 A5 09 01 31 03 CF 00 00 0D B3 25 A5 09 01 31 05 E6 3D 77 00 00 DA A5 00 C8 24 0C 1B 50 2D 10 25 A5 
0C 01 31 03 CF 00 02 12 CA 25 A5 0C 01 31 05 E6 3D 77 00 50 2D 10 0C C8 24 09 18 25 A5 09 01 31 03 CF 00 00 0D B3 25 A5 09 01 31 05 E6 3D 77 00 00 DA A5 50 (116)
                              [N12:Z] MOTOR_I 0 5 (5)
                              [N9:P] MOTOR_I 0 0 (0)
                              [N9:P] [undefined] 61 119 0 0 (1031208960)
                              [N12:Z] [undefined] 61 119 0 80 (1031209040)
                              [N12:Z] MOTOR_I 0 2 (2)
                              [N12:Z] [undefined] 61 119 0 80 (1031209040)
                              [N9:P] MOTOR_I 0 0 (0)
                              [N9:P] [undefined] 61 119 0 0 (1031208960)
2025-08-15 18:19:26:767 [IN ] C8 24 0C 18 25 A5 0C 01 31 03 CF 00 07 17 CF 25 A5 0C 01 31 05 E6 3D 77 00 50 2D 10 50 C8 24 09 18 25 A5 09 01 31 03 CF 00 00 0D B3 25 A5 09 01 31 05 E6 3D 77 00 00 DA A5 50 C8 24 0C 18 25 A5 
0C 01 31 03 CF 00 0A 1A D2 25 A5 0C 01 31 05 E6 3D 77 00 50 2D 10 50 C8 24 09 18 25 A5 09 01 31 03 CF 00 00 0D B3 25 A5 09 01 31 05 E6 3D 77 00 00 DA A5 50 (116)
                              [N12:Z] MOTOR_I 0 7 (7)
                              [N12:Z] [undefined] 61 119 0 80 (1031209040)
                              [N9:P] MOTOR_I 0 0 (0)
                              [N9:P] [undefined] 61 119 0 0 (1031208960)
                              [N12:Z] MOTOR_I 0 10 (10)
                              [N12:Z] [undefined] 61 119 0 80 (1031209040)
                              [N9:P] MOTOR_I 0 0 (0)
                              [N9:P] [undefined] 61 119 0 0 (1031208960)
2025-08-15 18:19:26:968 [IN ] C8 24 0C 18 25 A5 0C 01 31 03 CF 00 01 11 C9 25 A5 0C 01 31 05 E6 3D 77 00 50 2D 10 50 C8 24 09 18 25 A5 09 01 31 03 CF 00 00 0D B3 25 A5 09 01 31 05 E6 3D 77 00 00 DA A5 50 C8 24 0C 18 25 A5 
0C 01 31 03 CF 00 0C 1C D4 25 A5 0C 01 31 05 E6 3D 77 00 50 2D 10 50 C8 24 09 18 25 A5 09 01 31 03 CF 00 00 0D B3 25 A5 09 01 31 05 E6 3D 77 00 00 DA A5 50 (116)
                              [N12:Z] MOTOR_I 0 1 (1)
                              [N12:Z] [undefined] 61 119 0 80 (1031209040)
                              [N9:P] MOTOR_I 0 0 (0)
                              [N9:P] [undefined] 61 119 0 0 (1031208960)
                              [N12:Z] MOTOR_I 0 12 (12)
                              [N12:Z] [undefined] 61 119 0 80 (1031209040)
                              [N9:P] MOTOR_I 0 0 (0)
                              [N9:P] [undefined] 61 119 0 0 (1031208960)
2025-08-15 18:19:27:170 [IN ] C8 24 0C 18 25 A5 0C 01 31 03 CF 00 0E 1E D6 25 A5 0C 01 31 05 E6 3D 77 00 50 2D 10 50 C8 24 09 18 25 A5 09 01 31 03 CF 00 00 0D B3 25 A5 09 01 31 05 E6 3D 77 00 00 DA A5 50 C8 24 0C 18 25 A5 
0C 01 31 03 CF 00 03 13 CB 25 A5 0C 01 31 05 E6 3D 77 00 50 2D 10 50 C8 24 09 18 25 A5 09 01 31 03 CF 00 00 0D B3 25 A5 09 01 31 05 E6 3D 77 00 00 DA A5 50 (116)
                              [N12:Z] MOTOR_I 0 14 (14)
                              [N12:Z] [undefined] 61 119 0 80 (1031209040)
                              [N9:P] MOTOR_I 0 0 (0)
                              [N9:P] [undefined] 61 119 0 0 (1031208960)
                              [N12:Z] MOTOR_I 0 3 (3)
                              [N12:Z] [undefined] 61 119 0 80 (1031209040)
                              [N9:P] MOTOR_I 0 0 (0)
                              [N9:P] [undefined] 61 119 0 0 (1031208960)
2025-08-15 18:19:27:371 [IN ] C8 24 0C 18 25 A5 0C 01 31 03 CF 00 02 12 CA 25 A5 0C 01 31 05 E6 3D 77 00 50 2D 10 50 C8 24 09 18 25 A5 09 01 31 03 CF 00 00 0D B3 25 A5 09 01 31 05 E6 3D 77 00 00 DA A5 50 C8 24 0C 18 25 A5 
0C 01 31 03 CF 00 05 15 CD 25 A5 0C 01 31 05 E6 3D 77 00 50 2D 10 50 C8 24 09 18 25 A5 09 01 31 03 CF 00 00 0D B3 25 A5 09 01 31 05 E6 3D 77 00 00 DA A5 50 (116)
                              [N12:Z] MOTOR_I 0 2 (2)
                              [N12:Z] [undefined] 61 119 0 80 (1031209040)
                              [N9:P] MOTOR_I 0 0 (0)
                              [N9:P] [undefined] 61 119 0 0 (1031208960)
                              [N12:Z] MOTOR_I 0 5 (5)
                              [N12:Z] [undefined] 61 119 0 80 (1031209040)
                              [N9:P] MOTOR_I 0 0 (0)
                              [N9:P] [undefined] 61 119 0 0 (1031208960)
2025-08-15 18:19:27:572 [IN ] C8 24 0C 18 25 A5 0C 01 31 03 CF 00 0E 1E D6 25 A5 0C 01 31 05 E6 3D 77 00 50 2D 10 50 C8 24 09 0E 25 A5 09 01 31 03 CF 00 00 0D B3 25 A5 09 01 C8 24 09 0A 01 31 05 E6 3D 77 00 00 DA A5 B3 C8 
24 0C 18 25 A5 0C 01 31 03 CF 00 00 10 C8 25 A5 0C 01 31 05 E6 3D 77 00 50 2D 10 50 C8 24 09 15 25 A5 09 01 31 03 CF 00 00 0D B3 25 A5 09 01 31 05 E6 3D 77 00 50 (118)
                              [N12:Z] MOTOR_I 0 14 (14)
                              [N12:Z] [undefined] 61 119 0 80 (1031209040)
                              [N9:P] MOTOR_I 0 0 (0)
                              [N9:P] [undefined] 61 119 0 0 (1031208960)
                              [N12:Z] MOTOR_I 0 0 (0)
                              [N12:Z] [undefined] 61 119 0 80 (1031209040)
                              [N9:P] MOTOR_I 0 0 (0)
2025-08-15 18:19:27:775 [IN ] C8 24 0C 18 25 A5 0C 01 31 03 CF 00 00 10 C8 25 A5 0C 01 31 05 E6 3D 77 00 50 2D 10 50 C8 24 09 1B 00 DA A5 25 A5 09 01 31 03 CF 00 00 0D B3 25 A5 09 01 31 05 E6 3D 77 00 00 DA A5 0C C8 24 0C 
18 25 A5 0C 01 31 03 CF 00 00 10 C8 25 A5 0C 01 31 05 E6 3D 77 00 50 2D 10 00 C8 24 09 18 25 A5 09 01 31 03 CF 00 00 0D B3 25 A5 09 01 31 05 E6 3D 77 00 00 DA A5 00 (119)
                              [N12:Z] MOTOR_I 0 0 (0)
                              [N12:Z] [undefined] 61 119 0 80 (1031209040)
                              [N9:P] [undefined] 61 119 0 0 (1031208960)
                              [N9:P] MOTOR_I 0 0 (0)
                              [N9:P] [undefined] 61 119 0 0 (1031208960)
                              [N12:Z] MOTOR_I 0 0 (0)
                              [N12:Z] [undefined] 61 119 0 80 (1031209040)
                              [N9:P] MOTOR_I 0 0 (0)
                              [N9:P] [undefined] 61 119 0 0 (1031208960)
2025-08-15 18:19:27:976 [IN ] C8 24 0C 18 25 A5 0C 01 31 03 CF 00 01 11 C9 25 A5 0C 01 31 05 E6 3D 77 00 50 2D 10 00 C8 24 09 18 25 A5 09 01 31 03 CF 00 00 0D B3 25 A5 09 01 31 05 E6 3D 77 00 00 DA A5 00 C8 24 0C 18 25 A5 
0C 01 31 03 CF 00 07 17 CF 25 A5 0C 01 31 05 E6 3D 77 00 50 2D 10 00 C8 24 09 18 25 A5 09 01 31 03 CF 00 00 0D B3 25 A5 09 01 31 05 E6 3D 77 00 00 DA A5 00 (116)
                              [N12:Z] MOTOR_I 0 1 (1)
                              [N12:Z] [undefined] 61 119 0 80 (1031209040)
                              [N9:P] MOTOR_I 0 0 (0)
                              [N9:P] [undefined] 61 119 0 0 (1031208960)
                              [N12:Z] MOTOR_I 0 7 (7)
                              [N12:Z] [undefined] 61 119 0 80 (1031209040)
                              [N9:P] MOTOR_I 0 0 (0)
                              [N9:P] [undefined] 61 119 0 0 (1031208960)
2025-08-15 18:19:28:178 [IN ] C8 24 0C 18 25 A5 0C 01 31 03 CF 00 04 14 CC 25 A5 0C 01 31 05 E6 3D 77 00 50 2D 10 00 C8 24 09 18 25 A5 09 01 31 03 CF 00 00 0D B3 25 A5 09 01 31 05 E6 3D 77 00 00 DA A5 00 C8 24 0C 0E 25 A5 
0C 01 31 03 CF 00 04 14 CC 25 A5 0C 01 C8 24 0C 0A 01 31 05 E6 3D 77 00 50 2D 10 CC C8 24 09 18 25 A5 09 01 31 03 CF 00 00 0D B3 25 A5 09 01 31 05 E6 3D 77 00 00 DA A5 00 (121)
                              [N12:Z] MOTOR_I 0 4 (4)
                              [N12:Z] [undefined] 61 119 0 80 (1031209040)
                              [N9:P] MOTOR_I 0 0 (0)
                              [N9:P] [undefined] 61 119 0 0 (1031208960)
                              [N12:Z] MOTOR_I 0 4 (4)
                              [N12:Z] [undefined] 61 119 0 80 (1031209040)
                              [N9:P] MOTOR_I 0 0 (0)
                              [N9:P] [undefined] 61 119 0 0 (1031208960)
2025-08-15 18:19:28:379 [IN ] C8 24 0C 18 25 A5 0C 01 31 03 CF 00 08 18 D0 25 A5 0C 01 31 05 E6 3D 77 00 50 2D 10 00 C8 24 09 18 25 A5 09 01 31 03 CF 00 00 0D B3 25 A5 09 01 31 05 E6 3D 77 00 00 DA A5 00 C8 24 0C 18 25 A5 
0C 01 31 03 CF 00 0C 1C D4 25 A5 0C 01 31 05 E6 3D 77 00 50 2D 10 00 C8 24 09 18 25 A5 09 01 31 03 CF 00 00 0D B3 25 A5 09 01 31 05 E6 3D 77 00 00 DA A5 00 (116)
                              [N12:Z] MOTOR_I 0 8 (8)
                              [N12:Z] [undefined] 61 119 0 80 (1031209040)
                              [N9:P] MOTOR_I 0 0 (0)
                              [N9:P] [undefined] 61 119 0 0 (1031208960)
                              [N12:Z] MOTOR_I 0 12 (12)
                              [N12:Z] [undefined] 61 119 0 80 (1031209040)
                              [N9:P] MOTOR_I 0 0 (0)
                              [N9:P] [undefined] 61 119 0 0 (1031208960)
2025-08-15 18:19:28:581 [IN ] C8 24 0C 18 25 A5 0C 01 31 03 CF 00 02 12 CA 25 A5 0C 01 31 05 E6 3D 77 00 50 2D 10 00 C8 24 09 18 25 A5 09 01 31 03 CF 00 00 0D B3 25 A5 09 01 31 05 E6 3D 77 00 00 DA A5 00 C8 24 0C 18 25 A5 
0C 01 31 03 CF 00 0B 1B D3 25 A5 0C 01 31 05 E6 3D 77 00 50 2D 10 00 C8 24 09 18 25 A5 09 01 31 03 CF 00 00 0D B3 25 A5 09 01 31 05 E6 3D 77 00 00 DA A5 00 (116)
                              [N12:Z] MOTOR_I 0 2 (2)
                              [N12:Z] [undefined] 61 119 0 80 (1031209040)
                              [N9:P] MOTOR_I 0 0 (0)
                              [N9:P] [undefined] 61 119 0 0 (1031208960)
                              [N12:Z] MOTOR_I 0 11 (11)
                              [N12:Z] [undefined] 61 119 0 80 (1031209040)
                              [N9:P] MOTOR_I 0 0 (0)
                              [N9:P] [undefined] 61 119 0 0 (1031208960)
2025-08-15 18:19:28:782 [IN ] C8 24 0C 18 25 A5 0C 01 31 03 CF 00 00 10 C8 25 A5 0C 01 31 05 E6 3D 77 00 50 2D 10 00 C8 24 09 18 25 A5 09 01 31 03 CF 00 00 0D B3 25 A5 09 01 31 05 E6 3D 77 00 00 DA A5 00 C8 24 0C 18 25 A5 
0C 01 31 03 CF 00 0F 1F D7 25 A5 0C 01 31 05 E6 3D 77 00 50 2D 10 00 C8 24 09 18 25 A5 09 01 31 03 CF 00 00 0D B3 25 A5 09 01 31 05 E6 3D 77 00 00 DA A5 00 (116)
                              [N12:Z] MOTOR_I 0 0 (0)
                              [N12:Z] [undefined] 61 119 0 80 (1031209040)
                              [N9:P] MOTOR_I 0 0 (0)
                              [N9:P] [undefined] 61 119 0 0 (1031208960)
                              [N12:Z] MOTOR_I 0 15 (15)
                              [N12:Z] [undefined] 61 119 0 80 (1031209040)
                              [N9:P] MOTOR_I 0 0 (0)
                              [N9:P] [undefined] 61 119 0 0 (1031208960)
2025-08-15 18:19:28:983 [IN ] C8 24 0C 18 25 A5 0C 01 31 03 CF 00 0B 1B D3 25 A5 0C 01 31 05 E6 3D 77 00 50 2D 10 00 C8 24 09 18 25 A5 09 01 31 03 CF 00 00 0D B3 25 A5 09 01 31 05 E6 3D 77 00 00 DA A5 00 C8 24 0C 18 25 A5 
0C 01 31 03 CF 00 09 19 D1 25 A5 0C 01 31 05 E6 3D 77 00 50 2D 10 00 C8 24 09 18 25 A5 09 01 31 03 CF 00 00 0D B3 25 A5 09 01 31 05 E6 3D 77 00 00 DA A5 00 (116)
                              [N12:Z] MOTOR_I 0 11 (11)
                              [N12:Z] [undefined] 61 119 0 80 (1031209040)
                              [N9:P] MOTOR_I 0 0 (0)
                              [N9:P] [undefined] 61 119 0 0 (1031208960)
                              [N12:Z] MOTOR_I 0 9 (9)
                              [N12:Z] [undefined] 61 119 0 80 (1031209040)
                              [N9:P] MOTOR_I 0 0 (0)
                              [N9:P] [undefined] 61 119 0 0 (1031208960)
2025-08-15 18:19:29:184 [IN ] C8 24 0C 18 25 A5 0C 01 31 03 CF 00 05 15 CD 25 A5 0C 01 31 05 E6 3D 77 00 50 2D 10 00 C8 24 09 18 25 A5 09 01 31 03 CF 00 00 0D B3 25 A5 09 01 31 05 E6 3D 77 00 00 DA A5 00 C8 24 0C 18 25 A5 
0C 01 31 03 CF 00 03 13 CB 25 A5 0C 01 31 05 E6 3D 77 00 50 2D 10 00 C8 24 09 18 25 A5 09 01 31 03 CF 00 00 0D B3 25 A5 09 01 31 05 E6 3D 77 00 00 DA A5 00 (116)
                              [N12:Z] MOTOR_I 0 5 (5)
                              [N12:Z] [undefined] 61 119 0 80 (1031209040)
                              [N9:P] MOTOR_I 0 0 (0)
                              [N9:P] [undefined] 61 119 0 0 (1031208960)
                              [N12:Z] MOTOR_I 0 3 (3)
                              [N12:Z] [undefined] 61 119 0 80 (1031209040)
                              [N9:P] MOTOR_I 0 0 (0)
                              [N9:P] [undefined] 61 119 0 0 (1031208960)
2025-08-15 18:19:29:387 [IN ] C8 24 0C 18 25 A5 0C 01 31 03 CF 00 00 10 C8 25 A5 0C 01 31 05 E6 3D 77 00 50 2D 10 00 C8 24 05 0B 25 A5 05 01 31 03 81 5A 4C 61 AD 25 C8 24 09 0E 25 A5 09 01 31 03 CF 00 00 0D B3 25 A5 09 01 
C8 24 09 0A 01 31 05 E6 3D 77 00 00 DA A5 B3 C8 24 05 0A 25 A5 05 01 31 02 81 49 03 38 B3 C8 24 0C 18 25 A5 0C 01 31 03 CF 00 09 19 D1 25 A5 0C 01 31 05 E6 3D 77 00 50 2D 10 00 C8 24 09 15 25 
A5 09 01 31 03 CF 00 00 0D B3 25 A5 09 01 31 05 E6 3D 77 00 50 (149)
                              [N12:Z] MOTOR_I 0 0 (0)
                              [N12:Z] [undefined] 61 119 0 80 (1031209040)
                              [N5:V] TPOS 'Z' 76 (76)
                              [N9:P] MOTOR_I 0 0 (0)
                              [N9:P] [undefined] 61 119 0 0 (1031208960)
                              [N5:V] TPOS 'I'
                              [N12:Z] MOTOR_I 0 9 (9)
                              [N12:Z] [undefined] 61 119 0 80 (1031209040)
                              [N9:P] MOTOR_I 0 0 (0)
2025-08-15 18:19:29:589 [IN ] C8 24 0C 18 25 A5 0C 01 31 03 CF 00 0C 1C D4 25 A5 0C 01 31 05 E6 3D 77 00 50 2D 10 00 C8 24 09 1B 00 DA A5 25 A5 09 01 31 03 CF 00 00 0D B3 25 A5 09 01 31 05 E6 3D 77 00 00 DA A5 0C C8 24 0C 
18 25 A5 0C 01 31 03 CF 00 00 10 C8 25 A5 0C 01 31 05 E6 3D 77 00 50 2D 10 00 C8 24 09 18 25 A5 09 01 31 03 CF 00 00 0D B3 25 A5 09 01 31 05 E6 3D 77 00 00 DA A5 00 (119)
                              [N12:Z] MOTOR_I 0 12 (12)
                              [N12:Z] [undefined] 61 119 0 80 (1031209040)
                              [N9:P] [undefined] 61 119 0 0 (1031208960)
                              [N9:P] MOTOR_I 0 0 (0)
                              [N9:P] [undefined] 61 119 0 0 (1031208960)
                              [N12:Z] MOTOR_I 0 0 (0)
                              [N12:Z] [undefined] 61 119 0 80 (1031209040)
                              [N9:P] MOTOR_I 0 0 (0)
                              [N9:P] [undefined] 61 119 0 0 (1031208960)
2025-08-15 18:19:29:610 [OUT] 25 A5 01 05 31 03 C9 3D 09 49 04 (11)
                              [N5:V] LFLAG '=' 9 (9)
2025-08-15 18:19:29:611 [IN ] C8 24 0C 18 25 A5 0C 01 31 03 CF 00 00 10 C8 25 A5 0C 01 31 05 E6 3D 77 00 50 2D 10 00 (29)
                              [N12:Z] MOTOR_I 0 0 (0)
                              [N12:Z] [undefined] 61 119 0 80 (1031209040)
2025-08-15 18:19:29:653 [IN ] C8 24 09 18 25 A5 09 01 31 03 CF 00 00 0D B3 25 A5 09 01 31 05 E6 3D 77 00 00 DA A5 00 (29)
                              [N9:P] MOTOR_I 0 0 (0)
                              [N9:P] [undefined] 61 119 0 0 (1031208960)
2025-08-15 18:19:29:716 [IN ] C8 24 0C 18 25 A5 0C 01 31 03 CF 00 05 15 CD 25 A5 0C 01 31 05 E6 3D 77 00 50 2D 10 00 (29)
                              [N12:Z] MOTOR_I 0 5 (5)
                              [N12:Z] [undefined] 61 119 0 80 (1031209040)
2025-08-15 18:19:29:737 [IN ] C8 24 09 18 25 A5 09 01 31 03 CF 00 00 0D B3 25 A5 09 01 31 05 E6 3D 77 00 00 DA A5 00 (29)
                              [N9:P] MOTOR_I 0 0 (0)
                              [N9:P] [undefined] 61 119 0 0 (1031208960)
2025-08-15 18:19:29:779 [IN ] C8 24 05 0B 25 A5 05 01 31 03 C9 3A 09 46 02 25 (16)
                              [N5:V] LFLAG ':' 9 (9)
2025-08-15 18:19:29:800 [OUT] 25 A5 01 05 31 03 84 00 50 0E 02 (11)
                              [N5:V] VEL 0 80 (80)
2025-08-15 18:19:29:801 [IN ] C8 24 0C 0E 25 A5 0C 01 31 03 CF 00 0F 1F D7 25 A5 0C 01 (19)
                              [N12:Z] MOTOR_I 0 15 (15)
2025-08-15 18:19:29:822 [IN ] C8 24 0C 0A 01 31 05 E6 3D 77 00 50 2D 10 D7 (15)
                              [N12:Z] [undefined] 61 119 0 80 (1031209040)
2025-08-15 18:19:29:863 [IN ] C8 24 09 18 25 A5 09 01 31 03 CF 00 00 0D B3 25 A5 09 01 31 05 E6 3D 77 00 00 DA A5 00 (29)
                              [N9:P] MOTOR_I 0 0 (0)
                              [N9:P] [undefined] 61 119 0 0 (1031208960)
2025-08-15 18:19:29:905 [IN ] C8 24 0C 0E 25 A5 0C 01 31 03 CF 00 00 10 C8 25 A5 0C 01 (19)
                              [N12:Z] MOTOR_I 0 0 (0)
2025-08-15 18:19:29:926 [IN ] C8 24 0C 0A 01 31 05 E6 3D 77 00 50 2D 10 C8 (15)
                              [N12:Z] [undefined] 61 119 0 80 (1031209040)
2025-08-15 18:19:29:947 [IN ] C8 24 09 18 25 A5 09 01 31 03 CF 00 00 0D B3 25 A5 09 01 31 05 E6 3D 77 00 00 DA A5 00 (29)
                              [N9:P] MOTOR_I 0 0 (0)
                              [N9:P] [undefined] 61 119 0 0 (1031208960)
2025-08-15 18:19:29:968 [IN ] C8 24 05 0C 25 A5 05 01 31 04 84 53 00 50 62 C2 A5 (17)
                              [N5:V] VEL 'S' 0 80 (80)
2025-08-15 18:19:29:989 [OUT] 25 A5 01 05 31 05 81 00 19 82 3C 94 B6 (13)
                              [N5:V] TPOS 0 25 130 60 (1671740)
2025-08-15 18:19:30:011 [IN ] C8 24 0C 18 25 A5 0C 01 31 03 CF 00 01 11 C9 25 A5 0C 01 31 05 E6 3D 77 00 50 2D 10 00 (29)
                              [N12:Z] MOTOR_I 0 1 (1)
                              [N12:Z] [undefined] 61 119 0 80 (1031209040)
2025-08-15 18:19:30:053 [IN ] C8 24 09 18 25 A5 09 01 31 03 CF 00 00 0D B3 25 A5 09 01 31 05 E6 3D 77 00 00 DA A5 00 (29)
                              [N9:P] MOTOR_I 0 0 (0)
                              [N9:P] [undefined] 61 119 0 0 (1031208960)
2025-08-15 18:19:30:116 [IN ] C8 24 0C 18 25 A5 0C 01 31 03 CF 00 08 18 D0 25 A5 0C 01 31 05 E6 3D 77 00 50 2D 10 00 (29)
                              [N12:Z] MOTOR_I 0 8 (8)
                              [N12:Z] [undefined] 61 119 0 80 (1031209040)
2025-08-15 18:19:30:158 [IN ] C8 24 09 18 25 A5 09 01 31 03 CF 00 00 0D B3 25 A5 09 01 31 05 E6 3D 77 00 00 DA A5 00 C8 24 (31)
                              [N9:P] MOTOR_I 0 0 (0)
                              [N9:P] [undefined] 61 119 0 0 (1031208960)
2025-08-15 18:19:30:179 [IN ] 05 0E 25 A5 05 01 31 06 81 53 00 00 00 00 11 92 01 (17)
                              [N5:V] TPOS 'S' 0 0 0 0 (0)
2025-08-15 18:19:30:380 [IN ] C8 24 0C 18 25 A5 0C 01 31 03 CF 00 06 16 CE 25 A5 0C 01 31 05 E6 3D 77 00 50 2D 10 00 C8 24 09 18 25 A5 09 01 31 03 CF 00 00 0D B3 25 A5 09 01 31 05 E6 3D 77 00 00 DA A5 00 C8 24 0C 18 25 A5 
0C 01 31 03 CF 00 0C 1C D4 25 A5 0C 01 31 05 E6 3D 77 00 50 2D 10 00 C8 24 09 18 25 A5 09 01 31 03 CF 00 00 0D B3 25 A5 09 01 31 05 E6 3D 77 00 00 DA A5 00 (116)
                              [N12:Z] MOTOR_I 0 6 (6)
                              [N12:Z] [undefined] 61 119 0 80 (1031209040)
                              [N9:P] MOTOR_I 0 0 (0)
                              [N9:P] [undefined] 61 119 0 0 (1031208960)
                              [N12:Z] MOTOR_I 0 12 (12)
                              [N12:Z] [undefined] 61 119 0 80 (1031209040)
                              [N9:P] MOTOR_I 0 0 (0)
                              [N9:P] [undefined] 61 119 0 0 (1031208960)
2025-08-15 18:19:30:583 [IN ] C8 24 0C 18 25 A5 0C 01 31 03 CF 00 09 19 D1 25 A5 0C 01 31 05 E6 3D 77 00 50 2D 10 00 C8 24 09 18 25 A5 09 01 31 03 CF 00 00 0D B3 25 A5 09 01 31 05 E6 3D 77 00 00 DA A5 00 C8 24 0C 18 25 A5 
0C 01 31 03 CF 00 08 18 D0 25 A5 0C 01 31 05 E6 3D 77 00 50 2D 10 00 C8 24 09 18 25 A5 09 01 31 03 CF 00 00 0D B3 25 A5 09 01 31 05 E6 3D 77 00 00 DA A5 00 (116)
                              [N12:Z] MOTOR_I 0 9 (9)
                              [N12:Z] [undefined] 61 119 0 80 (1031209040)
                              [N9:P] MOTOR_I 0 0 (0)
                              [N9:P] [undefined] 61 119 0 0 (1031208960)
                              [N12:Z] MOTOR_I 0 8 (8)
                              [N12:Z] [undefined] 61 119 0 80 (1031209040)
                              [N9:P] MOTOR_I 0 0 (0)
                              [N9:P] [undefined] 61 119 0 0 (1031208960)
2025-08-15 18:19:30:785 [IN ] C8 24 0C 18 25 A5 0C 01 31 03 CF 00 00 10 C8 25 A5 0C 01 31 05 E6 3D 77 00 50 2D 10 00 C8 24 09 18 25 A5 09 01 31 03 CF 00 00 0D B3 25 A5 09 01 31 05 E6 3D 77 00 00 DA A5 00 C8 24 0C 18 25 A5 
0C 01 31 03 CF 00 0D 1D D5 25 A5 0C 01 31 05 E6 3D 77 00 50 2D 10 00 C8 24 09 18 25 A5 09 01 31 03 CF 00 00 0D B3 25 A5 09 01 31 05 E6 3D 77 00 00 DA A5 00 (116)
                              [N12:Z] MOTOR_I 0 0 (0)
                              [N12:Z] [undefined] 61 119 0 80 (1031209040)
                              [N9:P] MOTOR_I 0 0 (0)
                              [N9:P] [undefined] 61 119 0 0 (1031208960)
                              [N12:Z] MOTOR_I 0 13 (13)
                              [N12:Z] [undefined] 61 119 0 80 (1031209040)
                              [N9:P] MOTOR_I 0 0 (0)
                              [N9:P] [undefined] 61 119 0 0 (1031208960)
2025-08-15 18:19:30:987 [IN ] C8 24 0C 18 25 A5 0C 01 31 03 CF 00 07 17 CF 25 A5 0C 01 31 05 E6 3D 77 00 50 2D 10 00 C8 24 09 18 25 A5 09 01 31 03 CF 00 00 0D B3 25 A5 09 01 31 05 E6 3D 77 00 00 DA A5 00 C8 24 0C 18 25 A5 
0C 01 31 03 CF 00 00 10 C8 25 A5 0C 01 31 05 E6 3D 77 00 00 DD C0 00 C8 24 09 18 25 A5 09 01 31 03 CF 00 00 0D B3 25 A5 09 01 31 05 E6 3D 77 00 00 DA A5 00 C8 24 0C 0E 25 A5 0C 01 31 06 81 45 
FF D1 1D 9D 94 D8 01 (135)
                              [N12:Z] MOTOR_I 0 7 (7)
                              [N12:Z] [undefined] 61 119 0 80 (1031209040)
                              [N9:P] MOTOR_I 0 0 (0)
                              [N9:P] [undefined] 61 119 0 0 (1031208960)
                              [N12:Z] MOTOR_I 0 0 (0)
                              [N12:Z] [undefined] 61 119 0 0 (1031208960)
                              [N9:P] MOTOR_I 0 0 (0)
                              [N9:P] [undefined] 61 119 0 0 (1031208960)
                              [N12:Z] TPOS 'E' 255 209 29 157 (-3072611)
2025-08-15 18:19:31:191 [IN ] C8 24 0C 18 25 A5 0C 01 31 03 CF 00 00 10 C8 25 A5 0C 01 31 05 E6 3D 77 00 00 DD C0 00 C8 24 09 0E 25 A5 09 01 31 03 CF 00 00 0D B3 25 A5 09 01 C8 24 09 0A 01 31 05 E6 3D 77 00 00 DA A5 B3 C8 
24 0C 18 25 A5 0C 01 31 03 CF 00 00 10 C8 25 A5 0C 01 31 05 E6 3D 77 00 00 DD C0 00 C8 24 09 15 25 A5 09 01 31 03 CF 00 00 0D B3 25 A5 09 01 31 05 E6 3D 77 00 00 (118)
                              [N12:Z] MOTOR_I 0 0 (0)
                              [N12:Z] [undefined] 61 119 0 0 (1031208960)
                              [N9:P] MOTOR_I 0 0 (0)
                              [N9:P] [undefined] 61 119 0 0 (1031208960)
                              [N12:Z] MOTOR_I 0 0 (0)
                              [N12:Z] [undefined] 61 119 0 0 (1031208960)
                              [N9:P] MOTOR_I 0 0 (0)
2025-08-15 18:19:31:394 [IN ] C8 24 0C 18 25 A5 0C 01 31 03 CF 00 00 10 C8 25 A5 0C 01 31 05 E6 3D 77 00 00 DD C0 00 C8 24 09 1B 00 DA A5 25 A5 09 01 31 03 CF 00 00 0D B3 25 A5 09 01 31 05 E6 3D 77 00 00 DA A5 0C C8 24 0C 
18 25 A5 0C 01 31 03 CF 00 00 10 C8 25 A5 0C 01 31 05 E6 3D 77 00 00 DD C0 00 C8 24 09 18 25 A5 09 01 31 03 CF 00 00 0D B3 25 A5 09 01 31 05 E6 3D 77 00 00 DA A5 00 (119)
                              [N12:Z] MOTOR_I 0 0 (0)
                              [N12:Z] [undefined] 61 119 0 0 (1031208960)
                              [N9:P] [undefined] 61 119 0 0 (1031208960)
                              [N9:P] MOTOR_I 0 0 (0)
                              [N9:P] [undefined] 61 119 0 0 (1031208960)
                              [N12:Z] MOTOR_I 0 0 (0)
                              [N12:Z] [undefined] 61 119 0 0 (1031208960)
                              [N9:P] MOTOR_I 0 0 (0)
                              [N9:P] [undefined] 61 119 0 0 (1031208960)
2025-08-15 18:19:31:596 [IN ] C8 24 0C 18 25 A5 0C 01 31 03 CF 00 00 10 C8 25 A5 0C 01 31 05 E6 3D 77 00 00 DD C0 00 C8 24 09 18 25 A5 09 01 31 03 CF 00 00 0D B3 25 A5 09 01 31 05 E6 3D 77 00 00 DA A5 00 C8 24 0C 18 25 A5 
0C 01 31 03 CF 00 00 10 C8 25 A5 0C 01 31 05 E6 3D 77 00 00 DD C0 00 C8 24 09 18 25 A5 09 01 31 03 CF 00 00 0D B3 25 A5 09 01 31 05 E6 3D 77 00 00 DA A5 00 (116)
                              [N12:Z] MOTOR_I 0 0 (0)
                              [N12:Z] [undefined] 61 119 0 0 (1031208960)
                              [N9:P] MOTOR_I 0 0 (0)
                              [N9:P] [undefined] 61 119 0 0 (1031208960)
                              [N12:Z] MOTOR_I 0 0 (0)
                              [N12:Z] [undefined] 61 119 0 0 (1031208960)
                              [N9:P] MOTOR_I 0 0 (0)
                              [N9:P] [undefined] 61 119 0 0 (1031208960)
2025-08-15 18:19:31:798 [IN ] C8 24 0C 0E 25 A5 0C 01 31 03 CF 00 00 10 C8 25 A5 0C 01 C8 24 0C 0A 01 31 05 E6 3D 77 00 00 DD C0 C8 C8 24 09 18 25 A5 09 01 31 03 CF 00 00 0D B3 25 A5 09 01 31 05 E6 3D 77 00 00 DA A5 00 C8 
24 0C 15 25 A5 0C 01 31 03 CF 00 00 10 C8 25 A5 0C 01 31 05 E6 3D 77 00 00 C8 24 09 18 25 A5 09 01 31 03 CF 00 00 0D B3 25 A5 09 01 31 05 E6 3D 77 00 00 DA A5 00 (118)
                              [N12:Z] MOTOR_I 0 0 (0)
                              [N12:Z] [undefined] 61 119 0 0 (1031208960)
                              [N9:P] MOTOR_I 0 0 (0)
                              [N9:P] [undefined] 61 119 0 0 (1031208960)
                              [N12:Z] MOTOR_I 0 0 (0)
                              [N9:P] MOTOR_I 0 0 (0)
                              [N9:P] [undefined] 61 119 0 0 (1031208960)
2025-08-15 18:19:32:001 [IN ] C8 24 0C 1B 00 DD C0 25 A5 0C 01 31 03 CF 00 00 10 C8 25 A5 0C 01 31 05 E6 3D 77 00 00 DD C0 0C C8 24 09 18 25 A5 09 01 31 03 CF 00 00 0D B3 25 A5 09 01 31 05 E6 3D 77 00 00 DA A5 00 C8 24 0C 
18 25 A5 0C 01 31 03 CF 00 00 10 C8 25 A5 0C 01 31 05 E6 3D 77 00 00 DD C0 00 C8 24 09 18 25 A5 09 01 31 03 CF 00 00 0D B3 25 A5 09 01 31 05 E6 3D 77 00 00 DA A5 00 (119)
                              [N12:Z] [undefined] 61 119 0 0 (1031208960)
                              [N12:Z] MOTOR_I 0 0 (0)
                              [N12:Z] [undefined] 61 119 0 0 (1031208960)
                              [N9:P] MOTOR_I 0 0 (0)
                              [N9:P] [undefined] 61 119 0 0 (1031208960)
                              [N12:Z] MOTOR_I 0 0 (0)
                              [N12:Z] [undefined] 61 119 0 0 (1031208960)
                              [N9:P] MOTOR_I 0 0 (0)
                              [N9:P] [undefined] 61 119 0 0 (1031208960)
2025-08-15 18:19:32:202 [IN ] C8 24 0C 18 25 A5 0C 01 31 03 CF 00 00 10 C8 25 A5 0C 01 31 05 E6 3D 77 00 00 DD C0 00 C8 24 09 18 25 A5 09 01 31 03 CF 00 00 0D B3 25 A5 09 01 31 05 E6 3D 77 00 00 DA A5 00 C8 24 0C 18 25 A5 
0C 01 31 03 CF 00 00 10 C8 25 A5 0C 01 31 05 E6 3D 77 00 00 DD C0 00 C8 24 09 18 25 A5 09 01 31 03 CF 00 00 0D B3 25 A5 09 01 31 05 E6 3D 77 00 00 DA A5 00 (116)
                              [N12:Z] MOTOR_I 0 0 (0)
                              [N12:Z] [undefined] 61 119 0 0 (1031208960)
                              [N9:P] MOTOR_I 0 0 (0)
                              [N9:P] [undefined] 61 119 0 0 (1031208960)
                              [N12:Z] MOTOR_I 0 0 (0)
                              [N12:Z] [undefined] 61 119 0 0 (1031208960)
                              [N9:P] MOTOR_I 0 0 (0)
                              [N9:P] [undefined] 61 119 0 0 (1031208960)
2025-08-15 18:19:32:404 [IN ] C8 24 0C 18 25 A5 0C 01 31 03 CF 00 00 10 C8 25 A5 0C 01 31 05 E6 3D 77 00 00 DD C0 00 C8 24 09 18 25 A5 09 01 31 03 CF 00 00 0D B3 25 A5 09 01 31 05 E6 3D 77 00 00 DA A5 00 C8 24 0C 18 25 A5 
0C 01 31 03 CF 00 00 10 C8 25 A5 0C 01 31 05 E6 3D 77 00 00 DD C0 00 C8 24 09 18 25 A5 09 01 31 03 CF 00 00 0D B3 25 A5 09 01 31 05 E6 3D 77 00 00 DA A5 00 (116)
                              [N12:Z] MOTOR_I 0 0 (0)
                              [N12:Z] [undefined] 61 119 0 0 (1031208960)
                              [N9:P] MOTOR_I 0 0 (0)
                              [N9:P] [undefined] 61 119 0 0 (1031208960)
                              [N12:Z] MOTOR_I 0 0 (0)
                              [N12:Z] [undefined] 61 119 0 0 (1031208960)
                              [N9:P] MOTOR_I 0 0 (0)
                              [N9:P] [undefined] 61 119 0 0 (1031208960)
2025-08-15 18:19:32:605 [IN ] C8 24 0C 18 25 A5 0C 01 31 03 CF 00 00 10 C8 25 A5 0C 01 31 05 E6 3D 77 00 00 DD C0 00 C8 24 09 18 25 A5 09 01 31 03 CF 00 00 0D B3 25 A5 09 01 31 05 E6 3D 77 00 00 DA A5 00 C8 24 0C 18 25 A5 
0C 01 31 03 CF 00 00 10 C8 25 A5 0C 01 31 05 E6 3D 77 00 00 DD C0 00 C8 24 09 18 25 A5 09 01 31 03 CF 00 00 0D B3 25 A5 09 01 31 05 E6 3D 77 00 00 DA A5 00 (116)
                              [N12:Z] MOTOR_I 0 0 (0)
                              [N12:Z] [undefined] 61 119 0 0 (1031208960)
                              [N9:P] MOTOR_I 0 0 (0)
                              [N9:P] [undefined] 61 119 0 0 (1031208960)
                              [N12:Z] MOTOR_I 0 0 (0)
                              [N12:Z] [undefined] 61 119 0 0 (1031208960)
                              [N9:P] MOTOR_I 0 0 (0)
                              [N9:P] [undefined] 61 119 0 0 (1031208960)
2025-08-15 18:19:32:807 [IN ] C8 24 0C 18 25 A5 0C 01 31 03 CF 00 00 10 C8 25 A5 0C 01 31 05 E6 3D 77 00 00 DD C0 00 C8 24 09 18 25 A5 09 01 31 03 CF 00 00 0D B3 25 A5 09 01 31 05 E6 3D 77 00 00 DA A5 00 C8 24 0C 18 25 A5 
0C 01 31 03 CF 00 00 10 C8 25 A5 0C 01 31 05 E6 3D 77 00 00 DD C0 00 C8 24 09 0E 25 A5 09 01 31 03 CF 00 00 0D B3 25 A5 09 01 C8 24 09 0A 01 31 05 E6 3D 77 00 00 DA A5 B3 (121)
                              [N12:Z] MOTOR_I 0 0 (0)
                              [N12:Z] [undefined] 61 119 0 0 (1031208960)
                              [N9:P] MOTOR_I 0 0 (0)
                              [N9:P] [undefined] 61 119 0 0 (1031208960)
                              [N12:Z] MOTOR_I 0 0 (0)
                              [N12:Z] [undefined] 61 119 0 0 (1031208960)
                              [N9:P] MOTOR_I 0 0 (0)
                              [N9:P] [undefined] 61 119 0 0 (1031208960)
2025-08-15 18:19:33:009 [IN ] C8 24 0C 18 25 A5 0C 01 31 03 CF 00 00 10 C8 25 A5 0C 01 31 05 E6 3D 77 00 00 DD C0 00 C8 24 09 15 25 A5 09 01 31 03 CF 00 00 0D B3 25 A5 09 01 31 05 E6 3D 77 00 00 C8 24 0C 18 25 A5 0C 01 31 
03 CF 00 00 10 C8 25 A5 0C 01 31 05 E6 3D 77 00 00 DD C0 00 C8 24 09 1B 00 DA A5 25 A5 09 01 31 03 CF 00 00 0D B3 25 A5 09 01 31 05 E6 3D 77 00 00 DA A5 0C (116)
                              [N12:Z] MOTOR_I 0 0 (0)
                              [N12:Z] [undefined] 61 119 0 0 (1031208960)
                              [N9:P] MOTOR_I 0 0 (0)
                              [N12:Z] MOTOR_I 0 0 (0)
                              [N12:Z] [undefined] 61 119 0 0 (1031208960)
                              [N9:P] [undefined] 61 119 0 0 (1031208960)
                              [N9:P] MOTOR_I 0 0 (0)
                              [N9:P] [undefined] 61 119 0 0 (1031208960)
2025-08-15 18:19:33:211 [IN ] C8 24 0C 18 25 A5 0C 01 31 03 CF 00 00 10 C8 25 A5 0C 01 31 05 E6 3D 77 00 00 DD C0 00 C8 24 09 18 25 A5 09 01 31 03 CF 00 00 0D B3 25 A5 09 01 31 05 E6 3D 77 00 00 DA A5 00 C8 24 0C 18 25 A5 
0C 01 31 03 CF 00 00 10 C8 25 A5 0C 01 31 05 E6 3D 77 00 00 DD C0 00 C8 24 09 18 25 A5 09 01 31 03 CF 00 00 0D B3 25 A5 09 01 31 05 E6 3D 77 00 00 DA A5 00 (116)
                              [N12:Z] MOTOR_I 0 0 (0)
                              [N12:Z] [undefined] 61 119 0 0 (1031208960)
                              [N9:P] MOTOR_I 0 0 (0)
                              [N9:P] [undefined] 61 119 0 0 (1031208960)
                              [N12:Z] MOTOR_I 0 0 (0)
                              [N12:Z] [undefined] 61 119 0 0 (1031208960)
                              [N9:P] MOTOR_I 0 0 (0)
                              [N9:P] [undefined] 61 119 0 0 (1031208960)
2025-08-15 18:19:33:412 [IN ] C8 24 0C 18 25 A5 0C 01 31 03 CF 00 00 10 C8 25 A5 0C 01 31 05 E6 3D 77 00 00 DD C0 00 C8 24 09 18 25 A5 09 01 31 03 CF 00 00 0D B3 25 A5 09 01 31 05 E6 3D 77 00 00 DA A5 00 C8 24 0C 18 25 A5 
0C 01 31 03 CF 00 00 10 C8 25 A5 0C 01 31 05 E6 3D 77 00 00 DD C0 00 C8 24 09 18 25 A5 09 01 31 03 CF 00 00 0D B3 25 A5 09 01 31 05 E6 3D 77 00 00 DA A5 00 (116)
                              [N12:Z] MOTOR_I 0 0 (0)
                              [N12:Z] [undefined] 61 119 0 0 (1031208960)
                              [N9:P] MOTOR_I 0 0 (0)
                              [N9:P] [undefined] 61 119 0 0 (1031208960)
                              [N12:Z] MOTOR_I 0 0 (0)
                              [N12:Z] [undefined] 61 119 0 0 (1031208960)
                              [N9:P] MOTOR_I 0 0 (0)
                              [N9:P] [undefined] 61 119 0 0 (1031208960)
2025-08-15 18:19:33:615 [IN ] C8 24 0C 0E 25 A5 0C 01 31 03 CF 00 00 10 C8 25 A5 0C 01 C8 24 0C 0A 01 31 05 E6 3D 77 00 00 DD C0 C8 C8 24 09 18 25 A5 09 01 31 03 CF 00 00 0D B3 25 A5 09 01 31 05 E6 3D 77 00 00 DA A5 00 C8 
24 0C 15 25 A5 0C 01 31 03 CF 00 00 10 C8 25 A5 0C 01 31 05 E6 3D 77 00 00 C8 24 09 18 25 A5 09 01 31 03 CF 00 00 0D B3 25 A5 09 01 31 05 E6 3D 77 00 00 DA A5 00 (118)
                              [N12:Z] MOTOR_I 0 0 (0)
                              [N12:Z] [undefined] 61 119 0 0 (1031208960)
                              [N9:P] MOTOR_I 0 0 (0)
                              [N9:P] [undefined] 61 119 0 0 (1031208960)
                              [N12:Z] MOTOR_I 0 0 (0)
                              [N9:P] MOTOR_I 0 0 (0)
                              [N9:P] [undefined] 61 119 0 0 (1031208960)
2025-08-15 18:19:33:816 [IN ] C8 24 0C 1B 00 DD C0 25 A5 0C 01 31 03 CF 00 00 10 C8 25 A5 0C 01 31 05 E6 3D 77 00 00 DD C0 0C C8 24 09 18 25 A5 09 01 31 03 CF 00 00 0D B3 25 A5 09 01 31 05 E6 3D 77 00 00 DA A5 00 C8 24 0C 
18 25 A5 0C 01 31 03 CF 00 00 10 C8 25 A5 0C 01 31 05 E6 3D 77 00 00 DD C0 00 C8 24 09 18 25 A5 09 01 31 03 CF 00 00 0D B3 25 A5 09 01 31 05 E6 3D 77 00 00 DA A5 00 (119)
                              [N12:Z] [undefined] 61 119 0 0 (1031208960)
                              [N12:Z] MOTOR_I 0 0 (0)
                              [N12:Z] [undefined] 61 119 0 0 (1031208960)
                              [N9:P] MOTOR_I 0 0 (0)
                              [N9:P] [undefined] 61 119 0 0 (1031208960)
                              [N12:Z] MOTOR_I 0 0 (0)
                              [N12:Z] [undefined] 61 119 0 0 (1031208960)
                              [N9:P] MOTOR_I 0 0 (0)
                              [N9:P] [undefined] 61 119 0 0 (1031208960)
2025-08-15 18:19:34:018 [IN ] C8 24 0C 18 25 A5 0C 01 31 03 CF 00 00 10 C8 25 A5 0C 01 31 05 E6 3D 77 00 00 DD C0 00 C8 24 09 18 25 A5 09 01 31 03 CF 00 00 0D B3 25 A5 09 01 31 05 E6 3D 77 00 00 DA A5 00 C8 24 0C 18 25 A5 
0C 01 31 03 CF 00 00 10 C8 25 A5 0C 01 31 05 E6 3D 77 00 00 DD C0 00 C8 24 09 18 25 A5 09 01 31 03 CF 00 00 0D B3 25 A5 09 01 31 05 E6 3D 77 00 00 DA A5 00 (116)
                              [N12:Z] MOTOR_I 0 0 (0)
                              [N12:Z] [undefined] 61 119 0 0 (1031208960)
                              [N9:P] MOTOR_I 0 0 (0)
                              [N9:P] [undefined] 61 119 0 0 (1031208960)
                              [N12:Z] MOTOR_I 0 0 (0)
                              [N12:Z] [undefined] 61 119 0 0 (1031208960)
                              [N9:P] MOTOR_I 0 0 (0)
                              [N9:P] [undefined] 61 119 0 0 (1031208960)
2025-08-15 18:19:34:219 [IN ] C8 24 0C 18 25 A5 0C 01 31 03 CF 00 00 10 C8 25 A5 0C 01 31 05 E6 3D 77 00 00 DD C0 00 C8 24 09 18 25 A5 09 01 31 03 CF 00 00 0D B3 25 A5 09 01 31 05 E6 3D 77 00 00 DA A5 00 C8 24 0C 18 25 A5 
0C 01 31 03 CF 00 00 10 C8 25 A5 0C 01 31 05 E6 3D 77 00 00 DD C0 00 C8 24 09 18 25 A5 09 01 31 03 CF 00 00 0D B3 25 A5 09 01 31 05 E6 3D 77 00 00 DA A5 00 (116)
                              [N12:Z] MOTOR_I 0 0 (0)
                              [N12:Z] [undefined] 61 119 0 0 (1031208960)
                              [N9:P] MOTOR_I 0 0 (0)
                              [N9:P] [undefined] 61 119 0 0 (1031208960)
                              [N12:Z] MOTOR_I 0 0 (0)
                              [N12:Z] [undefined] 61 119 0 0 (1031208960)
                              [N9:P] MOTOR_I 0 0 (0)
                              [N9:P] [undefined] 61 119 0 0 (1031208960)
2025-08-15 18:19:34:421 [IN ] C8 24 0C 18 25 A5 0C 01 31 03 CF 00 00 10 C8 25 A5 0C 01 31 05 E6 3D 77 00 00 DD C0 00 C8 24 09 18 25 A5 09 01 31 03 CF 00 00 0D B3 25 A5 09 01 31 05 E6 3D 77 00 00 DA A5 00 C8 24 0C 18 25 A5 
0C 01 31 03 CF 00 00 10 C8 25 A5 0C 01 31 05 E6 3D 77 00 00 DD C0 00 C8 24 09 18 25 A5 09 01 31 03 CF 00 00 0D B3 25 A5 09 01 31 05 E6 3D 77 00 00 DA A5 00 (116)
                              [N12:Z] MOTOR_I 0 0 (0)
                              [N12:Z] [undefined] 61 119 0 0 (1031208960)
                              [N9:P] MOTOR_I 0 0 (0)
                              [N9:P] [undefined] 61 119 0 0 (1031208960)
                              [N12:Z] MOTOR_I 0 0 (0)
                              [N12:Z] [undefined] 61 119 0 0 (1031208960)
                              [N9:P] MOTOR_I 0 0 (0)
                              [N9:P] [undefined] 61 119 0 0 (1031208960)
2025-08-15 18:19:34:624 [IN ] C8 24 0C 18 25 A5 0C 01 31 03 CF 00 00 10 C8 25 A5 0C 01 31 05 E6 3D 77 00 00 DD C0 00 C8 24 09 18 25 A5 09 01 31 03 CF 00 00 0D B3 25 A5 09 01 31 05 E6 3D 77 00 00 DA A5 00 C8 24 0C 18 25 A5 
0C 01 31 03 CF 00 00 10 C8 25 A5 0C 01 31 05 E6 3D 77 00 00 DD C0 00 C8 24 09 0E 25 A5 09 01 31 03 CF 00 00 0D B3 25 A5 09 01 C8 24 09 0A 01 31 05 E6 3D 77 00 00 DA A5 B3 (121)
                              [N12:Z] MOTOR_I 0 0 (0)
                              [N12:Z] [undefined] 61 119 0 0 (1031208960)
                              [N9:P] MOTOR_I 0 0 (0)
                              [N9:P] [undefined] 61 119 0 0 (1031208960)
                              [N12:Z] MOTOR_I 0 0 (0)
                              [N12:Z] [undefined] 61 119 0 0 (1031208960)
                              [N9:P] MOTOR_I 0 0 (0)
                              [N9:P] [undefined] 61 119 0 0 (1031208960)
2025-08-15 18:19:34:826 [IN ] C8 24 0C 18 25 A5 0C 01 31 03 CF 00 00 10 C8 25 A5 0C 01 31 05 E6 3D 77 00 00 DD C0 00 C8 24 09 15 25 A5 09 01 31 03 CF 00 00 0D B3 25 A5 09 01 31 05 E6 3D 77 00 00 C8 24 0C 18 25 A5 0C 01 31 
03 CF 00 00 10 C8 25 A5 0C 01 31 05 E6 3D 77 00 00 DD C0 00 C8 24 09 1B 00 DA A5 25 A5 09 01 31 03 CF 00 00 0D B3 25 A5 09 01 31 05 E6 3D 77 00 00 DA A5 0C (116)
                              [N12:Z] MOTOR_I 0 0 (0)
                              [N12:Z] [undefined] 61 119 0 0 (1031208960)
                              [N9:P] MOTOR_I 0 0 (0)
                              [N12:Z] MOTOR_I 0 0 (0)
                              [N12:Z] [undefined] 61 119 0 0 (1031208960)
                              [N9:P] [undefined] 61 119 0 0 (1031208960)
                              [N9:P] MOTOR_I 0 0 (0)
                              [N9:P] [undefined] 61 119 0 0 (1031208960)
2025-08-15 18:19:35:028 [IN ] C8 24 0C 18 25 A5 0C 01 31 03 CF 00 00 10 C8 25 A5 0C 01 31 05 E6 3D 77 00 00 DD C0 00 C8 24 09 18 25 A5 09 01 31 03 CF 00 00 0D B3 25 A5 09 01 31 05 E6 3D 77 00 00 DA A5 00 C8 24 0C 18 25 A5 
0C 01 31 03 CF 00 00 10 C8 25 A5 0C 01 31 05 E6 3D 77 00 00 DD C0 00 C8 24 09 18 25 A5 09 01 31 03 CF 00 00 0D B3 25 A5 09 01 31 05 E6 3D 77 00 00 DA A5 00 (116)
                              [N12:Z] MOTOR_I 0 0 (0)
                              [N12:Z] [undefined] 61 119 0 0 (1031208960)
                              [N9:P] MOTOR_I 0 0 (0)
                              [N9:P] [undefined] 61 119 0 0 (1031208960)
                              [N12:Z] MOTOR_I 0 0 (0)
                              [N12:Z] [undefined] 61 119 0 0 (1031208960)
                              [N9:P] MOTOR_I 0 0 (0)
                              [N9:P] [undefined] 61 119 0 0 (1031208960)
2025-08-15 18:19:35:229 [IN ] C8 24 0C 18 25 A5 0C 01 31 03 CF 00 00 10 C8 25 A5 0C 01 31 05 E6 3D 77 00 00 DD C0 00 C8 24 09 18 25 A5 09 01 31 03 CF 00 00 0D B3 25 A5 09 01 31 05 E6 3D 77 00 00 DA A5 00 C8 24 0C 18 25 A5 
0C 01 31 03 CF 00 00 10 C8 25 A5 0C 01 31 05 E6 3D 77 00 00 DD C0 00 C8 24 09 18 25 A5 09 01 31 03 CF 00 00 0D B3 25 A5 09 01 31 05 E6 3D 77 00 00 DA A5 00 (116)
                              [N12:Z] MOTOR_I 0 0 (0)
                              [N12:Z] [undefined] 61 119 0 0 (1031208960)
                              [N9:P] MOTOR_I 0 0 (0)
                              [N9:P] [undefined] 61 119 0 0 (1031208960)
                              [N12:Z] MOTOR_I 0 0 (0)
                              [N12:Z] [undefined] 61 119 0 0 (1031208960)
                              [N9:P] MOTOR_I 0 0 (0)
                              [N9:P] [undefined] 61 119 0 0 (1031208960)
2025-08-15 18:19:35:431 [IN ] C8 24 0C 0E 25 A5 0C 01 31 03 CF 00 00 10 C8 25 A5 0C 01 C8 24 0C 0A 01 31 05 E6 3D 77 00 00 DD C0 C8 C8 24 09 18 25 A5 09 01 31 03 CF 00 00 0D B3 25 A5 09 01 31 05 E6 3D 77 00 00 DA A5 00 C8 
24 0C 15 25 A5 0C 01 31 03 CF 00 00 10 C8 25 A5 0C 01 31 05 E6 3D 77 00 00 C8 24 09 18 25 A5 09 01 31 03 CF 00 00 0D B3 25 A5 09 01 31 05 E6 3D 77 00 00 DA A5 00 (118)
                              [N12:Z] MOTOR_I 0 0 (0)
                              [N12:Z] [undefined] 61 119 0 0 (1031208960)
                              [N9:P] MOTOR_I 0 0 (0)
                              [N9:P] [undefined] 61 119 0 0 (1031208960)
                              [N12:Z] MOTOR_I 0 0 (0)
                              [N9:P] MOTOR_I 0 0 (0)
                              [N9:P] [undefined] 61 119 0 0 (1031208960)
2025-08-15 18:19:35:633 [IN ] C8 24 0C 1B 00 DD C0 25 A5 0C 01 31 03 CF 00 00 10 C8 25 A5 0C 01 31 05 E6 3D 77 00 00 DD C0 0C C8 24 09 18 25 A5 09 01 31 03 CF 00 00 0D B3 25 A5 09 01 31 05 E6 3D 77 00 00 DA A5 00 C8 24 0C 
18 25 A5 0C 01 31 03 CF 00 00 10 C8 25 A5 0C 01 31 05 E6 3D 77 00 00 DD C0 00 C8 24 09 18 25 A5 09 01 31 03 CF 00 00 0D B3 25 A5 09 01 31 05 E6 3D 77 00 00 DA A5 00 (119)
                              [N12:Z] [undefined] 61 119 0 0 (1031208960)
                              [N12:Z] MOTOR_I 0 0 (0)
                              [N12:Z] [undefined] 61 119 0 0 (1031208960)
                              [N9:P] MOTOR_I 0 0 (0)
                              [N9:P] [undefined] 61 119 0 0 (1031208960)
                              [N12:Z] MOTOR_I 0 0 (0)
                              [N12:Z] [undefined] 61 119 0 0 (1031208960)
                              [N9:P] MOTOR_I 0 0 (0)
                              [N9:P] [undefined] 61 119 0 0 (1031208960)
2025-08-15 18:19:35:834 [IN ] C8 24 0C 18 25 A5 0C 01 31 03 CF 00 00 10 C8 25 A5 0C 01 31 05 E6 3D 77 00 00 DD C0 00 C8 24 09 18 25 A5 09 01 31 03 CF 00 00 0D B3 25 A5 09 01 31 05 E6 3D 77 00 00 DA A5 00 C8 24 0C 18 25 A5 
0C 01 31 03 CF 00 00 10 C8 25 A5 0C 01 31 05 E6 3D 77 00 00 DD C0 00 C8 24 09 18 25 A5 09 01 31 03 CF 00 00 0D B3 25 A5 09 01 31 05 E6 3D 77 00 00 DA A5 00 (116)
                              [N12:Z] MOTOR_I 0 0 (0)
                              [N12:Z] [undefined] 61 119 0 0 (1031208960)
                              [N9:P] MOTOR_I 0 0 (0)
                              [N9:P] [undefined] 61 119 0 0 (1031208960)
                              [N12:Z] MOTOR_I 0 0 (0)
                              [N12:Z] [undefined] 61 119 0 0 (1031208960)
                              [N9:P] MOTOR_I 0 0 (0)
                              [N9:P] [undefined] 61 119 0 0 (1031208960)
2025-08-15 18:19:36:036 [IN ] C8 24 0C 18 25 A5 0C 01 31 03 CF 00 00 10 C8 25 A5 0C 01 31 05 E6 3D 77 00 00 DD C0 00 C8 24 09 18 25 A5 09 01 31 03 CF 00 00 0D B3 25 A5 09 01 31 05 E6 3D 77 00 00 DA A5 00 C8 24 0C 18 25 A5 
0C 01 31 03 CF 00 00 10 C8 25 A5 0C 01 31 05 E6 3D 77 00 00 DD C0 00 C8 24 09 18 25 A5 09 01 31 03 CF 00 00 0D B3 25 A5 09 01 31 05 E6 3D 77 00 00 DA A5 00 (116)
                              [N12:Z] MOTOR_I 0 0 (0)
                              [N12:Z] [undefined] 61 119 0 0 (1031208960)
                              [N9:P] MOTOR_I 0 0 (0)
                              [N9:P] [undefined] 61 119 0 0 (1031208960)
                              [N12:Z] MOTOR_I 0 0 (0)
                              [N12:Z] [undefined] 61 119 0 0 (1031208960)
                              [N9:P] MOTOR_I 0 0 (0)
                              [N9:P] [undefined] 61 119 0 0 (1031208960)
2025-08-15 18:19:36:237 [IN ] C8 24 0C 18 25 A5 0C 01 31 03 CF 00 00 10 C8 25 A5 0C 01 31 05 E6 3D 77 00 00 DD C0 00 C8 24 09 18 25 A5 09 01 31 03 CF 00 00 0D B3 25 A5 09 01 31 05 E6 3D 77 00 00 DA A5 00 C8 24 0C 18 25 A5 
0C 01 31 03 CF 00 00 10 C8 25 A5 0C 01 31 05 E6 3D 77 00 00 DD C0 00 C8 24 09 18 25 A5 09 01 31 03 CF 00 00 0D B3 25 A5 09 01 31 05 E6 3D 77 00 00 DA A5 00 (116)
                              [N12:Z] MOTOR_I 0 0 (0)
                              [N12:Z] [undefined] 61 119 0 0 (1031208960)
                              [N9:P] MOTOR_I 0 0 (0)
                              [N9:P] [undefined] 61 119 0 0 (1031208960)
                              [N12:Z] MOTOR_I 0 0 (0)
                              [N12:Z] [undefined] 61 119 0 0 (1031208960)
                              [N9:P] MOTOR_I 0 0 (0)
                              [N9:P] [undefined] 61 119 0 0 (1031208960)
2025-08-15 18:19:36:438 [IN ] C8 24 0C 18 25 A5 0C 01 31 03 CF 00 00 10 C8 25 A5 0C 01 31 05 E6 3D 77 00 00 DD C0 00 C8 24 09 18 25 A5 09 01 31 03 CF 00 00 0D B3 25 A5 09 01 31 05 E6 3D 77 00 00 DA A5 00 C8 24 0C 18 25 A5 
0C 01 31 03 CF 00 00 10 C8 25 A5 0C 01 31 05 E6 3D 77 00 00 DD C0 00 C8 24 09 0E 25 A5 09 01 31 03 CF 00 00 0D B3 25 A5 09 01 C8 24 09 0A 01 31 05 E6 3D 77 00 00 DA A5 B3 (121)
                              [N12:Z] MOTOR_I 0 0 (0)
                              [N12:Z] [undefined] 61 119 0 0 (1031208960)
                              [N9:P] MOTOR_I 0 0 (0)
                              [N9:P] [undefined] 61 119 0 0 (1031208960)
                              [N12:Z] MOTOR_I 0 0 (0)
                              [N12:Z] [undefined] 61 119 0 0 (1031208960)
                              [N9:P] MOTOR_I 0 0 (0)
                              [N9:P] [undefined] 61 119 0 0 (1031208960)
2025-08-15 18:19:36:641 [IN ] C8 24 0C 18 25 A5 0C 01 31 03 CF 00 00 10 C8 25 A5 0C 01 31 05 E6 3D 77 00 00 DD C0 00 C8 24 09 15 25 A5 09 01 31 03 CF 00 00 0D B3 25 A5 09 01 31 05 E6 3D 77 00 00 C8 24 0C 18 25 A5 0C 01 31 
03 CF 00 00 10 C8 25 A5 0C 01 31 05 E6 3D 77 00 00 DD C0 00 C8 24 09 1B 00 DA A5 25 A5 09 01 31 03 CF 00 00 0D B3 25 A5 09 01 31 05 E6 3D 77 00 00 DA A5 0C (116)
                              [N12:Z] MOTOR_I 0 0 (0)
                              [N12:Z] [undefined] 61 119 0 0 (1031208960)
                              [N9:P] MOTOR_I 0 0 (0)
                              [N12:Z] MOTOR_I 0 0 (0)
                              [N12:Z] [undefined] 61 119 0 0 (1031208960)
                              [N9:P] [undefined] 61 119 0 0 (1031208960)
                              [N9:P] MOTOR_I 0 0 (0)
                              [N9:P] [undefined] 61 119 0 0 (1031208960)
2025-08-15 18:19:36:843 [IN ] C8 24 0C 18 25 A5 0C 01 31 03 CF 00 00 10 C8 25 A5 0C 01 31 05 E6 3D 77 00 00 DD C0 00 C8 24 09 18 25 A5 09 01 31 03 CF 00 00 0D B3 25 A5 09 01 31 05 E6 3D 77 00 00 DA A5 00 C8 24 0C 18 25 A5 
0C 01 31 03 CF 00 00 10 C8 25 A5 0C 01 31 05 E6 3D 77 00 00 DD C0 00 C8 24 09 18 25 A5 09 01 31 03 CF 00 00 0D B3 25 A5 09 01 31 05 E6 3D 77 00 00 DA A5 00 (116)
                              [N12:Z] MOTOR_I 0 0 (0)
                              [N12:Z] [undefined] 61 119 0 0 (1031208960)
                              [N9:P] MOTOR_I 0 0 (0)
                              [N9:P] [undefined] 61 119 0 0 (1031208960)
                              [N12:Z] MOTOR_I 0 0 (0)
                              [N12:Z] [undefined] 61 119 0 0 (1031208960)
                              [N9:P] MOTOR_I 0 0 (0)
                              [N9:P] [undefined] 61 119 0 0 (1031208960)
2025-08-15 18:19:37:044 [IN ] C8 24 0C 18 25 A5 0C 01 31 03 CF 00 00 10 C8 25 A5 0C 01 31 05 E6 3D 77 00 00 DD C0 00 C8 24 09 18 25 A5 09 01 31 03 CF 00 00 0D B3 25 A5 09 01 31 05 E6 3D 77 00 00 DA A5 00 C8 24 0C 18 25 A5 
0C 01 31 03 CF 00 00 10 C8 25 A5 0C 01 31 05 E6 3D 77 00 00 DD C0 00 C8 24 09 18 25 A5 09 01 31 03 CF 00 00 0D B3 25 A5 09 01 31 05 E6 3D 77 00 00 DA A5 00 (116)
                              [N12:Z] MOTOR_I 0 0 (0)
                              [N12:Z] [undefined] 61 119 0 0 (1031208960)
                              [N9:P] MOTOR_I 0 0 (0)
                              [N9:P] [undefined] 61 119 0 0 (1031208960)
                              [N12:Z] MOTOR_I 0 0 (0)
                              [N12:Z] [undefined] 61 119 0 0 (1031208960)
                              [N9:P] MOTOR_I 0 0 (0)
                              [N9:P] [undefined] 61 119 0 0 (1031208960)
2025-08-15 18:19:37:247 [IN ] C8 24 0C 0E 25 A5 0C 01 31 03 CF 00 00 10 C8 25 A5 0C 01 C8 24 0C 0A 01 31 05 E6 3D 77 00 00 DD C0 C8 C8 24 09 18 25 A5 09 01 31 03 CF 00 00 0D B3 25 A5 09 01 31 05 E6 3D 77 00 00 DA A5 00 C8 
24 0C 15 25 A5 0C 01 31 03 CF 00 00 10 C8 25 A5 0C 01 31 05 E6 3D 77 00 00 C8 24 09 18 25 A5 09 01 31 03 CF 00 00 0D B3 25 A5 09 01 31 05 E6 3D 77 00 00 DA A5 00 (118)
                              [N12:Z] MOTOR_I 0 0 (0)
                              [N12:Z] [undefined] 61 119 0 0 (1031208960)
                              [N9:P] MOTOR_I 0 0 (0)
                              [N9:P] [undefined] 61 119 0 0 (1031208960)
                              [N12:Z] MOTOR_I 0 0 (0)
                              [N9:P] MOTOR_I 0 0 (0)
                              [N9:P] [undefined] 61 119 0 0 (1031208960)
2025-08-15 18:19:37:448 [IN ] C8 24 0C 1B 00 DD C0 25 A5 0C 01 31 03 CF 00 00 10 C8 25 A5 0C 01 31 05 E6 3D 77 00 00 DD C0 0C C8 24 09 18 25 A5 09 01 31 03 CF 00 00 0D B3 25 A5 09 01 31 05 E6 3D 77 00 00 DA A5 00 C8 24 0C 
18 25 A5 0C 01 31 03 CF 00 00 10 C8 25 A5 0C 01 31 05 E6 3D 77 00 00 DD C0 00 C8 24 09 18 25 A5 09 01 31 03 CF 00 00 0D B3 25 A5 09 01 31 05 E6 3D 77 00 00 DA A5 00 (119)
                              [N12:Z] [undefined] 61 119 0 0 (1031208960)
                              [N12:Z] MOTOR_I 0 0 (0)
                              [N12:Z] [undefined] 61 119 0 0 (1031208960)
                              [N9:P] MOTOR_I 0 0 (0)
                              [N9:P] [undefined] 61 119 0 0 (1031208960)
                              [N12:Z] MOTOR_I 0 0 (0)
                              [N12:Z] [undefined] 61 119 0 0 (1031208960)
                              [N9:P] MOTOR_I 0 0 (0)
                              [N9:P] [undefined] 61 119 0 0 (1031208960)
2025-08-15 18:19:37:650 [IN ] C8 24 0C 18 25 A5 0C 01 31 03 CF 00 00 10 C8 25 A5 0C 01 31 05 E6 3D 77 00 00 DD C0 00 C8 24 09 18 25 A5 09 01 31 03 CF 00 00 0D B3 25 A5 09 01 31 05 E6 3D 77 00 00 DA A5 00 C8 24 0C 18 25 A5 
0C 01 31 03 CF 00 00 10 C8 25 A5 0C 01 31 05 E6 3D 77 00 00 DD C0 00 C8 24 09 18 25 A5 09 01 31 03 CF 00 00 0D B3 25 A5 09 01 31 05 E6 3D 77 00 00 DA A5 00 (116)
                              [N12:Z] MOTOR_I 0 0 (0)
                              [N12:Z] [undefined] 61 119 0 0 (1031208960)
                              [N9:P] MOTOR_I 0 0 (0)
                              [N9:P] [undefined] 61 119 0 0 (1031208960)
                              [N12:Z] MOTOR_I 0 0 (0)
                              [N12:Z] [undefined] 61 119 0 0 (1031208960)
                              [N9:P] MOTOR_I 0 0 (0)
                              [N9:P] [undefined] 61 119 0 0 (1031208960)
2025-08-15 18:19:37:852 [IN ] C8 24 0C 18 25 A5 0C 01 31 03 CF 00 00 10 C8 25 A5 0C 01 31 05 E6 3D 77 00 00 DD C0 00 C8 24 09 18 25 A5 09 01 31 03 CF 00 00 0D B3 25 A5 09 01 31 05 E6 3D 77 00 00 DA A5 00 C8 24 0C 18 25 A5 
0C 01 31 03 CF 00 00 10 C8 25 A5 0C 01 31 05 E6 3D 77 00 00 DD C0 00 C8 24 09 18 25 A5 09 01 31 03 CF 00 00 0D B3 25 A5 09 01 31 05 E6 3D 77 00 00 DA A5 00 (116)
                              [N12:Z] MOTOR_I 0 0 (0)
                              [N12:Z] [undefined] 61 119 0 0 (1031208960)
                              [N9:P] MOTOR_I 0 0 (0)
                              [N9:P] [undefined] 61 119 0 0 (1031208960)
                              [N12:Z] MOTOR_I 0 0 (0)
                              [N12:Z] [undefined] 61 119 0 0 (1031208960)
                              [N9:P] MOTOR_I 0 0 (0)
                              [N9:P] [undefined] 61 119 0 0 (1031208960)
2025-08-15 18:19:38:053 [IN ] C8 24 0C 18 25 A5 0C 01 31 03 CF 00 00 10 C8 25 A5 0C 01 31 05 E6 3D 77 00 00 DD C0 00 C8 24 09 18 25 A5 09 01 31 03 CF 00 00 0D B3 25 A5 09 01 31 05 E6 3D 77 00 00 DA A5 00 C8 24 0C 18 25 A5 
0C 01 31 03 CF 00 00 10 C8 25 A5 0C 01 31 05 E6 3D 77 00 00 DD C0 00 C8 24 09 18 25 A5 09 01 31 03 CF 00 00 0D B3 25 A5 09 01 31 05 E6 3D 77 00 00 DA A5 00 (116)
                              [N12:Z] MOTOR_I 0 0 (0)
                              [N12:Z] [undefined] 61 119 0 0 (1031208960)
                              [N9:P] MOTOR_I 0 0 (0)
                              [N9:P] [undefined] 61 119 0 0 (1031208960)
                              [N12:Z] MOTOR_I 0 0 (0)
                              [N12:Z] [undefined] 61 119 0 0 (1031208960)
                              [N9:P] MOTOR_I 0 0 (0)
                              [N9:P] [undefined] 61 119 0 0 (1031208960)
2025-08-15 18:19:38:255 [IN ] C8 24 0C 18 25 A5 0C 01 31 03 CF 00 00 10 C8 25 A5 0C 01 31 05 E6 3D 77 00 00 DD C0 00 C8 24 09 18 25 A5 09 01 31 03 CF 00 00 0D B3 25 A5 09 01 31 05 E6 3D 77 00 00 DA A5 00 C8 24 0C 18 25 A5 
0C 01 31 03 CF 00 00 10 C8 25 A5 0C 01 31 05 E6 3D 77 00 00 DD C0 00 C8 24 09 0E 25 A5 09 01 31 03 CF 00 00 0D B3 25 A5 09 01 C8 24 09 0A 01 31 05 E6 3D 77 00 00 DA A5 B3 (121)
                              [N12:Z] MOTOR_I 0 0 (0)
                              [N12:Z] [undefined] 61 119 0 0 (1031208960)
                              [N9:P] MOTOR_I 0 0 (0)
                              [N9:P] [undefined] 61 119 0 0 (1031208960)
                              [N12:Z] MOTOR_I 0 0 (0)
                              [N12:Z] [undefined] 61 119 0 0 (1031208960)
                              [N9:P] MOTOR_I 0 0 (0)
                              [N9:P] [undefined] 61 119 0 0 (1031208960)
2025-08-15 18:19:38:457 [IN ] C8 24 0C 18 25 A5 0C 01 31 03 CF 00 00 10 C8 25 A5 0C 01 31 05 E6 3D 77 00 00 DD C0 00 C8 24 09 15 25 A5 09 01 31 03 CF 00 00 0D B3 25 A5 09 01 31 05 E6 3D 77 00 00 C8 24 0C 18 25 A5 0C 01 31 
03 CF 00 00 10 C8 25 A5 0C 01 31 05 E6 3D 77 00 00 DD C0 00 C8 24 09 1B 00 DA A5 25 A5 09 01 31 03 CF 00 00 0D B3 25 A5 09 01 31 05 E6 3D 77 00 00 DA A5 0C (116)
                              [N12:Z] MOTOR_I 0 0 (0)
                              [N12:Z] [undefined] 61 119 0 0 (1031208960)
                              [N9:P] MOTOR_I 0 0 (0)
                              [N12:Z] MOTOR_I 0 0 (0)
                              [N12:Z] [undefined] 61 119 0 0 (1031208960)
                              [N9:P] [undefined] 61 119 0 0 (1031208960)
                              [N9:P] MOTOR_I 0 0 (0)
                              [N9:P] [undefined] 61 119 0 0 (1031208960)
2025-08-15 18:19:38:659 [IN ] C8 24 0C 18 25 A5 0C 01 31 03 CF 00 00 10 C8 25 A5 0C 01 31 05 E6 3D 77 00 00 DD C0 00 C8 24 09 18 25 A5 09 01 31 03 CF 00 00 0D B3 25 A5 09 01 31 05 E6 3D 77 00 00 DA A5 00 C8 24 05 0E 25 A5 
05 01 31 06 81 45 00 19 85 84 25 25 01 C8 24 0C 18 25 A5 0C 01 31 03 CF 00 00 10 C8 25 A5 0C 01 31 05 E6 3D 77 00 00 DD C0 00 C8 24 08 0E 25 A5 08 01 31 06 81 45 FF DC 74 B5 0A 97 01 C8 24 09 
18 25 A5 09 01 31 03 CF 00 00 0D B3 25 A5 09 01 31 05 E6 3D 77 00 00 DA A5 00 (154)
                              [N12:Z] MOTOR_I 0 0 (0)
                              [N12:Z] [undefined] 61 119 0 0 (1031208960)
                              [N9:P] MOTOR_I 0 0 (0)
                              [N9:P] [undefined] 61 119 0 0 (1031208960)
                              [N5:V] TPOS 'E' 0 25 133 132 (1672580)
                              [N12:Z] MOTOR_I 0 0 (0)
                              [N12:Z] [undefined] 61 119 0 0 (1031208960)
                              [N8:R] TPOS 'E' 255 220 116 181 (-2329419)
                              [N9:P] MOTOR_I 0 0 (0)
                              [N9:P] [undefined] 61 119 0 0 (1031208960)
2025-08-15 18:19:38:861 [IN ] C8 24 0C 18 25 A5 0C 01 31 03 CF 00 00 10 C8 25 A5 0C 01 31 05 E6 3D 77 00 00 DD C0 00 C8 24 09 18 25 A5 09 01 31 03 CF 00 00 0D B3 25 A5 09 01 31 05 E6 3D 77 00 00 DA A5 00 C8 24 0C 0E 25 A5 
0C 01 31 03 CF 00 00 10 C8 25 A5 0C 01 C8 24 0C 0A 01 31 05 E6 3D 77 00 00 DD C0 C8 C8 24 09 18 25 A5 09 01 31 03 CF 00 00 0D B3 25 A5 09 01 31 05 E6 3D 77 00 00 DA A5 00 C8 24 0C 15 25 A5 0C 
01 31 03 CF 00 00 10 C8 25 A5 0C 01 31 05 E6 3D (144)
                              [N12:Z] MOTOR_I 0 0 (0)
                              [N12:Z] [undefined] 61 119 0 0 (1031208960)
                              [N9:P] MOTOR_I 0 0 (0)
                              [N9:P] [undefined] 61 119 0 0 (1031208960)
                              [N12:Z] MOTOR_I 0 0 (0)
                              [N12:Z] [undefined] 61 119 0 0 (1031208960)
                              [N9:P] MOTOR_I 0 0 (0)
                              [N9:P] [undefined] 61 119 0 0 (1031208960)
2025-08-15 18:19:39:064 [IN ] 77 00 00 C8 24 09 18 25 A5 09 01 31 03 CF 00 00 0D B3 25 A5 09 01 31 05 E6 3D 77 00 00 DA A5 00 C8 24 0C 1B 00 DD C0 25 A5 0C 01 31 03 CF 00 00 10 C8 25 A5 0C 01 31 05 E6 3D 77 00 00 DD C0 0C 
C8 24 09 18 25 A5 09 01 31 03 CF 00 00 0D B3 25 A5 09 01 31 05 E6 3D 77 00 00 DA A5 00 (93)
                              [N12:Z] MOTOR_I 0 0 (0)
                              [N9:P] MOTOR_I 0 0 (0)
                              [N9:P] [undefined] 61 119 0 0 (1031208960)
                              [N12:Z] [undefined] 61 119 0 0 (1031208960)
                              [N12:Z] MOTOR_I 0 0 (0)
                              [N12:Z] [undefined] 61 119 0 0 (1031208960)
                              [N9:P] MOTOR_I 0 0 (0)
                              [N9:P] [undefined] 61 119 0 0 (1031208960)
2025-08-15 18:19:39:086 [OUT] 25 A5 01 05 31 05 81 00 0D 03 C1 8E 19 (13)
                              [N5:V] TPOS 0 13 3 193 (852929)
2025-08-15 18:19:39:087 [IN ] C8 24 0C 18 25 A5 0C 01 31 03 CF 00 00 10 C8 25 A5 0C 01 31 05 E6 3D 77 00 00 DD C0 00 (29)
                              [N12:Z] MOTOR_I 0 0 (0)
                              [N12:Z] [undefined] 61 119 0 0 (1031208960)
2025-08-15 18:19:39:108 [OUT] 25 A5 01 08 31 05 81 FF EE 15 56 18 89 (13)
                              [N8:R] TPOS 255 238 21 86 (-1174186)
2025-08-15 18:19:39:129 [IN ] C8 24 09 18 25 A5 09 01 31 03 CF 00 00 0D B3 25 A5 09 01 31 05 E6 3D 77 00 00 DA A5 00 (29)
                              [N9:P] MOTOR_I 0 0 (0)
                              [N9:P] [undefined] 61 119 0 0 (1031208960)
2025-08-15 18:19:39:171 [IN ] C8 24 0C 18 (4)
2025-08-15 18:19:39:192 [IN ] 25 A5 0C 01 31 03 CF 00 00 10 C8 25 A5 0C 01 31 05 E6 3D 77 00 00 DD C0 00 (25)
                              [N12:Z] MOTOR_I 0 0 (0)
                              [N12:Z] [undefined] 61 119 0 0 (1031208960)
2025-08-15 18:19:39:213 [IN ] C8 24 09 18 25 (5)
2025-08-15 18:19:39:234 [IN ] A5 09 01 31 03 CF 00 00 0D B3 25 A5 09 01 31 05 E6 3D 77 00 00 DA A5 00 (24)
                              [N9:P] MOTOR_I 0 0 (0)
                              [N9:P] [undefined] 61 119 0 0 (1031208960)
2025-08-15 18:19:39:276 [IN ] C8 24 05 0E 25 A5 05 01 31 06 81 53 00 19 85 84 33 6B 01 C8 24 0C 18 25 A5 0C 01 31 03 CF 00 00 10 C8 25 A5 0C 01 31 05 E6 3D 77 00 00 DD C0 00 (48)
                              [N5:V] TPOS 'S' 0 25 133 132 (1672580)
                              [N12:Z] MOTOR_I 0 0 (0)
                              [N12:Z] [undefined] 61 119 0 0 (1031208960)
2025-08-15 18:19:39:338 [IN ] C8 24 09 18 25 A5 09 01 31 03 CF 00 00 0D B3 25 A5 09 01 31 05 E6 3D 77 00 00 DA A5 00 (29)
                              [N9:P] MOTOR_I 0 0 (0)
                              [N9:P] [undefined] 61 119 0 0 (1031208960)
2025-08-15 18:19:39:380 [IN ] C8 24 0C 18 25 A5 0C 01 31 03 CF 00 00 10 C8 25 A5 0C 01 31 05 E6 3D 77 00 00 DD C0 00 (29)
                              [N12:Z] MOTOR_I 0 0 (0)
                              [N12:Z] [undefined] 61 119 0 0 (1031208960)
2025-08-15 18:19:39:401 [IN ] C8 24 08 0E 25 A5 08 01 31 06 81 53 FF DC 74 BA 1D E2 01 (19)
                              [N8:R] TPOS 'S' 255 220 116 186 (-2329414)
2025-08-15 18:19:39:602 [IN ] C8 24 09 18 25 A5 09 01 31 03 CF 00 00 0D B3 25 A5 09 01 31 05 E6 3D 77 00 00 DA A5 00 C8 24 0C 18 25 A5 0C 01 31 03 CF 00 00 10 C8 25 A5 0C 01 31 05 E6 3D 77 00 00 DD C0 00 C8 24 09 18 25 A5 
09 01 31 03 CF 00 00 0D B3 25 A5 09 01 31 05 E6 3D 77 00 00 DA A5 00 C8 24 0C 18 25 A5 0C 01 31 03 CF 00 00 10 C8 25 A5 0C 01 31 05 E6 3D 77 00 00 DD C0 00 (116)
                              [N9:P] MOTOR_I 0 0 (0)
                              [N9:P] [undefined] 61 119 0 0 (1031208960)
                              [N12:Z] MOTOR_I 0 0 (0)
                              [N12:Z] [undefined] 61 119 0 0 (1031208960)
                              [N9:P] MOTOR_I 0 0 (0)
                              [N9:P] [undefined] 61 119 0 0 (1031208960)
                              [N12:Z] MOTOR_I 0 0 (0)
                              [N12:Z] [undefined] 61 119 0 0 (1031208960)
2025-08-15 18:19:39:804 [IN ] C8 24 09 18 25 A5 09 01 31 03 CF 00 00 0D B3 25 A5 09 01 31 05 E6 3D 77 00 00 DA A5 00 C8 24 0C 18 25 A5 0C 01 31 03 CF 00 00 10 C8 25 A5 0C 01 31 05 E6 3D 77 00 00 DD C0 00 C8 24 09 18 25 A5 
09 01 31 03 CF 00 00 0D B3 25 A5 09 01 31 05 E6 3D 77 00 00 DA A5 00 C8 24 0C 18 25 A5 0C 01 31 03 CF 00 00 10 C8 25 A5 0C 01 31 05 E6 3D 77 00 00 DD C0 00 (116)
                              [N9:P] MOTOR_I 0 0 (0)
                              [N9:P] [undefined] 61 119 0 0 (1031208960)
                              [N12:Z] MOTOR_I 0 0 (0)
                              [N12:Z] [undefined] 61 119 0 0 (1031208960)
                              [N9:P] MOTOR_I 0 0 (0)
                              [N9:P] [undefined] 61 119 0 0 (1031208960)
                              [N12:Z] MOTOR_I 0 0 (0)
                              [N12:Z] [undefined] 61 119 0 0 (1031208960)
2025-08-15 18:19:40:005 [IN ] C8 24 09 18 25 A5 09 01 31 03 CF 00 00 0D B3 25 A5 09 01 31 05 E6 3D 77 00 00 DA A5 00 C8 24 0C 18 25 A5 0C 01 31 03 CF 00 00 10 C8 25 A5 0C 01 31 05 E6 3D 77 00 00 DD C0 00 C8 24 09 0E 25 A5 
09 01 31 03 CF 00 00 0D B3 25 A5 09 01 C8 24 09 0A 01 31 05 E6 3D 77 00 00 DA A5 B3 C8 24 0C 18 25 A5 0C 01 31 03 CF 00 00 10 C8 25 A5 0C 01 31 05 E6 3D 77 00 00 DD C0 00 (121)
                              [N9:P] MOTOR_I 0 0 (0)
                              [N9:P] [undefined] 61 119 0 0 (1031208960)
                              [N12:Z] MOTOR_I 0 0 (0)
                              [N12:Z] [undefined] 61 119 0 0 (1031208960)
                              [N9:P] MOTOR_I 0 0 (0)
                              [N9:P] [undefined] 61 119 0 0 (1031208960)
                              [N12:Z] MOTOR_I 0 0 (0)
                              [N12:Z] [undefined] 61 119 0 0 (1031208960)
2025-08-15 18:19:40:207 [IN ] C8 24 09 15 25 A5 09 01 31 03 CF 00 00 0D B3 25 A5 09 01 31 05 E6 3D 77 00 00 C8 24 0C 18 25 A5 0C 01 31 03 CF 00 00 10 C8 25 A5 0C 01 31 05 E6 3D 77 00 00 DD C0 00 C8 24 09 1B 00 DA A5 25 A5 
09 01 31 03 CF 00 00 0D B3 25 A5 09 01 31 05 E6 3D 77 00 00 DA A5 0C C8 24 0C 18 25 A5 0C 01 31 03 CF 00 00 10 C8 25 A5 0C 01 31 05 E6 3D 77 00 00 DD C0 00 (116)
                              [N9:P] MOTOR_I 0 0 (0)
                              [N12:Z] MOTOR_I 0 0 (0)
                              [N12:Z] [undefined] 61 119 0 0 (1031208960)
                              [N9:P] [undefined] 61 119 0 0 (1031208960)
                              [N9:P] MOTOR_I 0 0 (0)
                              [N9:P] [undefined] 61 119 0 0 (1031208960)
                              [N12:Z] MOTOR_I 0 0 (0)
                              [N12:Z] [undefined] 61 119 0 0 (1031208960)
2025-08-15 18:19:40:409 [IN ] C8 24 09 18 25 A5 09 01 31 03 CF 00 00 0D B3 25 A5 09 01 31 05 E6 3D 77 00 00 DA A5 00 C8 24 0C 18 25 A5 0C 01 31 03 CF 00 00 10 C8 25 A5 0C 01 31 05 E6 3D 77 00 00 DD C0 00 C8 24 09 18 25 A5 
09 01 31 03 CF 00 00 0D B3 25 A5 09 01 31 05 E6 3D 77 00 00 DA A5 00 C8 24 0C 18 25 A5 0C 01 31 03 CF 00 00 10 C8 25 A5 0C 01 31 05 E6 3D 77 00 00 DD C0 00 (116)
                              [N9:P] MOTOR_I 0 0 (0)
                              [N9:P] [undefined] 61 119 0 0 (1031208960)
                              [N12:Z] MOTOR_I 0 0 (0)
                              [N12:Z] [undefined] 61 119 0 0 (1031208960)
                              [N9:P] MOTOR_I 0 0 (0)
                              [N9:P] [undefined] 61 119 0 0 (1031208960)
                              [N12:Z] MOTOR_I 0 0 (0)
                              [N12:Z] [undefined] 61 119 0 0 (1031208960)
2025-08-15 18:19:40:610 [IN ] C8 24 09 18 25 A5 09 01 31 03 CF 00 00 0D B3 25 A5 09 01 31 05 E6 3D 77 00 00 DA A5 00 C8 24 0C 18 25 A5 0C 01 31 03 CF 00 00 10 C8 25 A5 0C 01 31 05 E6 3D 77 00 00 DD C0 00 C8 24 09 18 25 A5 
09 01 31 03 CF 00 00 0D B3 25 A5 09 01 31 05 E6 3D 77 00 00 DA A5 00 C8 24 0C 0E 25 A5 0C 01 31 03 CF 00 00 10 C8 25 A5 0C 01 C8 24 0C 0A 01 31 05 E6 3D 77 00 00 DD C0 C8 (121)
                              [N9:P] MOTOR_I 0 0 (0)
                              [N9:P] [undefined] 61 119 0 0 (1031208960)
                              [N12:Z] MOTOR_I 0 0 (0)
                              [N12:Z] [undefined] 61 119 0 0 (1031208960)
                              [N9:P] MOTOR_I 0 0 (0)
                              [N9:P] [undefined] 61 119 0 0 (1031208960)
                              [N12:Z] MOTOR_I 0 0 (0)
                              [N12:Z] [undefined] 61 119 0 0 (1031208960)
2025-08-15 18:19:40:813 [IN ] C8 24 09 18 25 A5 09 01 31 03 CF 00 00 0D B3 25 A5 09 01 31 05 E6 3D 77 00 00 DA A5 00 C8 24 0C 15 25 A5 0C 01 31 03 CF 00 00 10 C8 25 A5 0C 01 31 05 E6 3D 77 00 00 C8 24 09 18 25 A5 09 01 31 
03 CF 00 00 0D B3 25 A5 09 01 31 05 E6 3D 77 00 00 DA A5 00 C8 24 0C 1B 00 DD C0 25 A5 0C 01 31 03 CF 00 00 10 C8 25 A5 0C 01 31 05 E6 3D 77 00 00 DD C0 0C (116)
                              [N9:P] MOTOR_I 0 0 (0)
                              [N9:P] [undefined] 61 119 0 0 (1031208960)
                              [N12:Z] MOTOR_I 0 0 (0)
                              [N9:P] MOTOR_I 0 0 (0)
                              [N9:P] [undefined] 61 119 0 0 (1031208960)
                              [N12:Z] [undefined] 61 119 0 0 (1031208960)
                              [N12:Z] MOTOR_I 0 0 (0)
                              [N12:Z] [undefined] 61 119 0 0 (1031208960)
2025-08-15 18:19:41:015 [IN ] C8 24 09 18 25 A5 09 01 31 03 CF 00 00 0D B3 25 A5 09 01 31 05 E6 3D 77 00 00 DA A5 00 C8 24 0C 18 25 A5 0C 01 31 03 CF 00 00 10 C8 25 A5 0C 01 31 05 E6 3D 77 00 00 DD C0 00 C8 24 09 18 25 A5 
09 01 31 03 CF 00 00 0D B3 25 A5 09 01 31 05 E6 3D 77 00 00 DA A5 00 C8 24 0C 18 25 A5 0C 01 31 03 CF 00 00 10 C8 25 A5 0C 01 31 05 E6 3D 77 00 00 DD C0 00 (116)
                              [N9:P] MOTOR_I 0 0 (0)
                              [N9:P] [undefined] 61 119 0 0 (1031208960)
                              [N12:Z] MOTOR_I 0 0 (0)
                              [N12:Z] [undefined] 61 119 0 0 (1031208960)
                              [N9:P] MOTOR_I 0 0 (0)
                              [N9:P] [undefined] 61 119 0 0 (1031208960)
                              [N12:Z] MOTOR_I 0 0 (0)
                              [N12:Z] [undefined] 61 119 0 0 (1031208960)
2025-08-15 18:19:41:216 [IN ] C8 24 09 18 25 A5 09 01 31 03 CF 00 00 0D B3 25 A5 09 01 31 05 E6 3D 77 00 00 DA A5 00 C8 24 0C 18 25 A5 0C 01 31 03 CF 00 00 10 C8 25 A5 0C 01 31 05 E6 3D 77 00 00 DD C0 00 C8 24 09 18 25 A5 
09 01 31 03 CF 00 00 0D B3 25 A5 09 01 31 05 E6 3D 77 00 00 DA A5 00 C8 24 0C 18 25 A5 0C 01 31 03 CF 00 00 10 C8 25 A5 0C 01 31 05 E6 3D 77 00 00 DD C0 00 (116)
                              [N9:P] MOTOR_I 0 0 (0)
                              [N9:P] [undefined] 61 119 0 0 (1031208960)
                              [N12:Z] MOTOR_I 0 0 (0)
                              [N12:Z] [undefined] 61 119 0 0 (1031208960)
                              [N9:P] MOTOR_I 0 0 (0)
                              [N9:P] [undefined] 61 119 0 0 (1031208960)
                              [N12:Z] MOTOR_I 0 0 (0)
                              [N12:Z] [undefined] 61 119 0 0 (1031208960)
2025-08-15 18:19:41:418 [IN ] C8 24 09 18 25 A5 09 01 31 03 CF 00 00 0D B3 25 A5 09 01 31 05 E6 3D 77 00 00 DA A5 00 C8 24 0C 18 25 A5 0C 01 31 03 CF 00 00 10 C8 25 A5 0C 01 31 05 E6 3D 77 00 00 DD C0 00 C8 24 09 18 25 A5 
09 01 31 03 CF 00 00 0D B3 25 A5 09 01 31 05 E6 3D 77 00 00 DA A5 00 C8 24 0C 18 25 A5 0C 01 31 03 CF 00 00 10 C8 25 A5 0C 01 31 05 E6 3D 77 00 00 DD C0 00 (116)
                              [N9:P] MOTOR_I 0 0 (0)
                              [N9:P] [undefined] 61 119 0 0 (1031208960)
                              [N12:Z] MOTOR_I 0 0 (0)
                              [N12:Z] [undefined] 61 119 0 0 (1031208960)
                              [N9:P] MOTOR_I 0 0 (0)
                              [N9:P] [undefined] 61 119 0 0 (1031208960)
                              [N12:Z] MOTOR_I 0 0 (0)
                              [N12:Z] [undefined] 61 119 0 0 (1031208960)
2025-08-15 18:19:41:619 [IN ] C8 24 09 18 25 A5 09 01 31 03 CF 00 00 0D B3 25 A5 09 01 31 05 E6 3D 77 00 00 DA A5 00 C8 24 0C 18 25 A5 0C 01 31 03 CF 00 00 10 C8 25 A5 0C 01 31 05 E6 3D 77 00 00 DD C0 00 C8 24 09 18 25 A5 
09 01 31 03 CF 00 00 0D B3 25 A5 09 01 31 05 E6 3D 77 00 00 DA A5 00 C8 24 0C 18 25 A5 0C 01 31 03 CF 00 00 10 C8 25 A5 0C 01 31 05 E6 3D 77 00 00 DD C0 00 (116)
                              [N9:P] MOTOR_I 0 0 (0)
                              [N9:P] [undefined] 61 119 0 0 (1031208960)
                              [N12:Z] MOTOR_I 0 0 (0)
                              [N12:Z] [undefined] 61 119 0 0 (1031208960)
                              [N9:P] MOTOR_I 0 0 (0)
                              [N9:P] [undefined] 61 119 0 0 (1031208960)
                              [N12:Z] MOTOR_I 0 0 (0)
                              [N12:Z] [undefined] 61 119 0 0 (1031208960)
2025-08-15 18:19:41:821 [IN ] C8 24 09 18 25 A5 09 01 31 03 CF 00 00 0D B3 25 A5 09 01 31 05 E6 3D 77 00 00 DA A5 00 C8 24 0C 18 25 A5 0C 01 31 03 CF 00 00 10 C8 25 A5 0C 01 31 05 E6 3D 77 00 00 DD C0 00 C8 24 09 0E 25 A5 
09 01 31 03 CF 00 00 0D B3 25 A5 09 01 C8 24 09 0A 01 31 05 E6 3D 77 00 00 DA A5 B3 C8 24 0C 18 25 A5 0C 01 31 03 CF 00 00 10 C8 25 A5 0C 01 31 05 E6 3D 77 00 00 DD C0 00 (121)
                              [N9:P] MOTOR_I 0 0 (0)
                              [N9:P] [undefined] 61 119 0 0 (1031208960)
                              [N12:Z] MOTOR_I 0 0 (0)
                              [N12:Z] [undefined] 61 119 0 0 (1031208960)
                              [N9:P] MOTOR_I 0 0 (0)
                              [N9:P] [undefined] 61 119 0 0 (1031208960)
                              [N12:Z] MOTOR_I 0 0 (0)
                              [N12:Z] [undefined] 61 119 0 0 (1031208960)
2025-08-15 18:19:42:023 [IN ] C8 24 09 15 25 A5 09 01 31 03 CF 00 00 0D B3 25 A5 09 01 31 05 E6 3D 77 00 00 C8 24 0C 18 25 A5 0C 01 31 03 CF 00 00 10 C8 25 A5 0C 01 31 05 E6 3D 77 00 00 DD C0 00 C8 24 09 1B 00 DA A5 25 A5 
09 01 31 03 CF 00 00 0D B3 25 A5 09 01 31 05 E6 3D 77 00 00 DA A5 0C C8 24 0C 18 25 A5 0C 01 31 03 CF 00 00 10 C8 25 A5 0C 01 31 05 E6 3D 77 00 00 DD C0 00 (116)
                              [N9:P] MOTOR_I 0 0 (0)
                              [N12:Z] MOTOR_I 0 0 (0)
                              [N12:Z] [undefined] 61 119 0 0 (1031208960)
                              [N9:P] [undefined] 61 119 0 0 (1031208960)
                              [N9:P] MOTOR_I 0 0 (0)
                              [N9:P] [undefined] 61 119 0 0 (1031208960)
                              [N12:Z] MOTOR_I 0 0 (0)
                              [N12:Z] [undefined] 61 119 0 0 (1031208960)
2025-08-15 18:19:42:225 [IN ] C8 24 09 18 25 A5 09 01 31 03 CF 00 00 0D B3 25 A5 09 01 31 05 E6 3D 77 00 00 DA A5 00 C8 24 0C 18 25 A5 0C 01 31 03 CF 00 00 10 C8 25 A5 0C 01 31 05 E6 3D 77 00 00 DD C0 00 C8 24 09 18 25 A5 
09 01 31 03 CF 00 00 0D B3 25 A5 09 01 31 05 E6 3D 77 00 00 DA A5 00 C8 24 0C 18 25 A5 0C 01 31 03 CF 00 00 10 C8 25 A5 0C 01 31 05 E6 3D 77 00 00 DD C0 00 (116)
                              [N9:P] MOTOR_I 0 0 (0)
                              [N9:P] [undefined] 61 119 0 0 (1031208960)
                              [N12:Z] MOTOR_I 0 0 (0)
                              [N12:Z] [undefined] 61 119 0 0 (1031208960)
                              [N9:P] MOTOR_I 0 0 (0)
                              [N9:P] [undefined] 61 119 0 0 (1031208960)
                              [N12:Z] MOTOR_I 0 0 (0)
                              [N12:Z] [undefined] 61 119 0 0 (1031208960)
2025-08-15 18:19:42:426 [IN ] C8 24 09 18 25 A5 09 01 31 03 CF 00 00 0D B3 25 A5 09 01 31 05 E6 3D 77 00 00 DA A5 00 C8 24 0C 18 25 A5 0C 01 31 03 CF 00 00 10 C8 25 A5 0C 01 31 05 E6 3D 77 00 00 DD C0 00 C8 24 09 18 25 A5 
09 01 31 03 CF 00 00 0D B3 25 A5 09 01 31 05 E6 3D 77 00 00 DA A5 00 C8 24 0C 0E 25 A5 0C 01 31 03 CF 00 00 10 C8 25 A5 0C 01 C8 24 0C 0A 01 31 05 E6 3D 77 00 00 DD C0 C8 (121)
                              [N9:P] MOTOR_I 0 0 (0)
                              [N9:P] [undefined] 61 119 0 0 (1031208960)
                              [N12:Z] MOTOR_I 0 0 (0)
                              [N12:Z] [undefined] 61 119 0 0 (1031208960)
                              [N9:P] MOTOR_I 0 0 (0)
                              [N9:P] [undefined] 61 119 0 0 (1031208960)
                              [N12:Z] MOTOR_I 0 0 (0)
                              [N12:Z] [undefined] 61 119 0 0 (1031208960)
2025-08-15 18:19:42:630 [IN ] C8 24 09 18 25 A5 09 01 31 03 CF 00 00 0D B3 25 A5 09 01 31 05 E6 3D 77 00 00 DA A5 00 C8 24 0C 15 25 A5 0C 01 31 03 CF 00 00 10 C8 25 A5 0C 01 31 05 E6 3D 77 00 00 C8 24 09 18 25 A5 09 01 31 
03 CF 00 00 0D B3 25 A5 09 01 31 05 E6 3D 77 00 00 DA A5 00 C8 24 0C 1B 00 DD C0 25 A5 0C 01 31 03 CF 00 00 10 C8 25 A5 0C 01 31 05 E6 3D 77 00 00 DD C0 0C (116)
                              [N9:P] MOTOR_I 0 0 (0)
                              [N9:P] [undefined] 61 119 0 0 (1031208960)
                              [N12:Z] MOTOR_I 0 0 (0)
                              [N9:P] MOTOR_I 0 0 (0)
                              [N9:P] [undefined] 61 119 0 0 (1031208960)
                              [N12:Z] [undefined] 61 119 0 0 (1031208960)
                              [N12:Z] MOTOR_I 0 0 (0)
                              [N12:Z] [undefined] 61 119 0 0 (1031208960)
2025-08-15 18:19:42:831 [IN ] C8 24 09 18 25 A5 09 01 31 03 CF 00 00 0D B3 25 A5 09 01 31 05 E6 3D 77 00 00 DA A5 00 C8 24 0C 18 25 A5 0C 01 31 03 CF 00 00 10 C8 25 A5 0C 01 31 05 E6 3D 77 00 00 DD C0 00 C8 24 09 18 25 A5 
09 01 31 03 CF 00 00 0D B3 25 A5 09 01 31 05 E6 3D 77 00 00 DA A5 00 C8 24 0C 18 25 A5 0C 01 31 03 CF 00 00 10 C8 25 A5 0C 01 31 05 E6 3D 77 00 00 DD C0 00 (116)
                              [N9:P] MOTOR_I 0 0 (0)
                              [N9:P] [undefined] 61 119 0 0 (1031208960)
                              [N12:Z] MOTOR_I 0 0 (0)
                              [N12:Z] [undefined] 61 119 0 0 (1031208960)
                              [N9:P] MOTOR_I 0 0 (0)
                              [N9:P] [undefined] 61 119 0 0 (1031208960)
                              [N12:Z] MOTOR_I 0 0 (0)
                              [N12:Z] [undefined] 61 119 0 0 (1031208960)
2025-08-15 18:19:43:033 [IN ] C8 24 09 18 25 A5 09 01 31 03 CF 00 00 0D B3 25 A5 09 01 31 05 E6 3D 77 00 00 DA A5 00 C8 24 0C 18 25 A5 0C 01 31 03 CF 00 00 10 C8 25 A5 0C 01 31 05 E6 3D 77 00 00 DD C0 00 C8 24 09 18 25 A5 
09 01 31 03 CF 00 00 0D B3 25 A5 09 01 31 05 E6 3D 77 00 00 DA A5 00 C8 24 0C 18 25 A5 0C 01 31 03 CF 00 00 10 C8 25 A5 0C 01 31 05 E6 3D 77 00 00 DD C0 00 (116)
                              [N9:P] MOTOR_I 0 0 (0)
                              [N9:P] [undefined] 61 119 0 0 (1031208960)
                              [N12:Z] MOTOR_I 0 0 (0)
                              [N12:Z] [undefined] 61 119 0 0 (1031208960)
                              [N9:P] MOTOR_I 0 0 (0)
                              [N9:P] [undefined] 61 119 0 0 (1031208960)
                              [N12:Z] MOTOR_I 0 0 (0)
                              [N12:Z] [undefined] 61 119 0 0 (1031208960)
2025-08-15 18:19:43:234 [IN ] C8 24 09 18 25 A5 09 01 31 03 CF 00 00 0D B3 25 A5 09 01 31 05 E6 3D 77 00 00 DA A5 00 C8 24 0C 18 25 A5 0C 01 31 03 CF 00 00 10 C8 25 A5 0C 01 31 05 E6 3D 77 00 00 DD C0 00 C8 24 09 18 25 A5 
09 01 31 03 CF 00 00 0D B3 25 A5 09 01 31 05 E6 3D 77 00 00 DA A5 00 C8 24 0C 18 25 A5 0C 01 31 03 CF 00 00 10 C8 25 A5 0C 01 31 05 E6 3D 77 00 00 DD C0 00 (116)
                              [N9:P] MOTOR_I 0 0 (0)
                              [N9:P] [undefined] 61 119 0 0 (1031208960)
                              [N12:Z] MOTOR_I 0 0 (0)
                              [N12:Z] [undefined] 61 119 0 0 (1031208960)
                              [N9:P] MOTOR_I 0 0 (0)
                              [N9:P] [undefined] 61 119 0 0 (1031208960)
                              [N12:Z] MOTOR_I 0 0 (0)
                              [N12:Z] [undefined] 61 119 0 0 (1031208960)
2025-08-15 18:19:43:436 [IN ] C8 24 09 18 25 A5 09 01 31 03 CF 00 00 0D B3 25 A5 09 01 31 05 E6 3D 77 00 00 DA A5 00 C8 24 0C 18 25 A5 0C 01 31 03 CF 00 00 10 C8 25 A5 0C 01 31 05 E6 3D 77 00 00 DD C0 00 C8 24 09 18 25 A5 
09 01 31 03 CF 00 00 0D B3 25 A5 09 01 31 05 E6 3D 77 00 00 DA A5 00 C8 24 0C 18 25 A5 0C 01 31 03 CF 00 00 10 C8 25 A5 0C 01 31 05 E6 3D 77 00 00 DD C0 00 (116)
                              [N9:P] MOTOR_I 0 0 (0)
                              [N9:P] [undefined] 61 119 0 0 (1031208960)
                              [N12:Z] MOTOR_I 0 0 (0)
                              [N12:Z] [undefined] 61 119 0 0 (1031208960)
                              [N9:P] MOTOR_I 0 0 (0)
                              [N9:P] [undefined] 61 119 0 0 (1031208960)
                              [N12:Z] MOTOR_I 0 0 (0)
                              [N12:Z] [undefined] 61 119 0 0 (1031208960)
2025-08-15 18:19:43:637 [IN ] C8 24 09 18 25 A5 09 01 31 03 CF 00 00 0D B3 25 A5 09 01 31 05 E6 3D 77 00 00 DA A5 00 C8 24 0C 18 25 A5 0C 01 31 03 CF 00 00 10 C8 25 A5 0C 01 31 05 E6 3D 77 00 00 DD C0 00 C8 24 09 0E 25 A5 
09 01 31 03 CF 00 00 0D B3 25 A5 09 01 C8 24 09 0A 01 31 05 E6 3D 77 00 00 DA A5 B3 C8 24 0C 18 25 A5 0C 01 31 03 CF 00 00 10 C8 25 A5 0C 01 31 05 E6 3D 77 00 00 DD C0 00 C8 24 09 (124)
                              [N9:P] MOTOR_I 0 0 (0)
                              [N9:P] [undefined] 61 119 0 0 (1031208960)
                              [N12:Z] MOTOR_I 0 0 (0)
                              [N12:Z] [undefined] 61 119 0 0 (1031208960)
                              [N9:P] MOTOR_I 0 0 (0)
                              [N9:P] [undefined] 61 119 0 0 (1031208960)
                              [N12:Z] MOTOR_I 0 0 (0)
                              [N12:Z] [undefined] 61 119 0 0 (1031208960)
2025-08-15 18:19:43:841 [IN ] 15 25 A5 09 01 31 03 CF 00 00 0D B3 25 A5 09 01 31 05 E6 3D 77 00 00 C8 24 0C 18 25 A5 0C 01 31 03 CF 00 00 10 C8 25 A5 0C 01 31 05 E6 3D 77 00 00 DD C0 00 C8 24 09 1B 00 DA A5 25 A5 09 01 31 
03 CF 00 00 0D B3 25 A5 09 01 31 05 E6 3D 77 00 00 DA A5 0C C8 24 0C 18 25 A5 0C 01 31 03 CF 00 00 10 C8 25 A5 0C 01 31 05 E6 3D 77 00 00 DD C0 00 (113)
                              [N9:P] MOTOR_I 0 0 (0)
                              [N12:Z] MOTOR_I 0 0 (0)
                              [N12:Z] [undefined] 61 119 0 0 (1031208960)
                              [N9:P] [undefined] 61 119 0 0 (1031208960)
                              [N9:P] MOTOR_I 0 0 (0)
                              [N9:P] [undefined] 61 119 0 0 (1031208960)
                              [N12:Z] MOTOR_I 0 0 (0)
                              [N12:Z] [undefined] 61 119 0 0 (1031208960)
2025-08-15 18:19:44:041 [IN ] C8 24 09 18 25 A5 09 01 31 03 CF 00 00 0D B3 25 A5 09 01 31 05 E6 3D 77 00 00 DA A5 00 C8 24 0C 18 25 A5 0C 01 31 03 CF 00 00 10 C8 25 A5 0C 01 31 05 E6 3D 77 00 00 DD C0 00 C8 24 09 18 25 A5 
09 01 31 03 CF 00 00 0D B3 25 A5 09 01 31 05 E6 3D 77 00 00 DA A5 00 C8 24 0C 18 25 A5 0C 01 31 03 CF 00 00 10 C8 25 A5 0C 01 31 05 E6 3D 77 00 00 DD C0 00 (116)
                              [N9:P] MOTOR_I 0 0 (0)
                              [N9:P] [undefined] 61 119 0 0 (1031208960)
                              [N12:Z] MOTOR_I 0 0 (0)
                              [N12:Z] [undefined] 61 119 0 0 (1031208960)
                              [N9:P] MOTOR_I 0 0 (0)
                              [N9:P] [undefined] 61 119 0 0 (1031208960)
                              [N12:Z] MOTOR_I 0 0 (0)
                              [N12:Z] [undefined] 61 119 0 0 (1031208960)
2025-08-15 18:19:44:242 [IN ] C8 24 09 18 25 A5 09 01 31 03 CF 00 00 0D B3 25 A5 09 01 31 05 E6 3D 77 00 00 DA A5 00 C8 24 0C 0E 25 A5 0C 01 31 03 CF 00 00 10 C8 25 A5 0C 01 C8 24 0C 0A 01 31 05 E6 3D 77 00 00 DD C0 C8 C8 
24 09 18 25 A5 09 01 31 03 CF 00 00 0D B3 25 A5 09 01 31 05 E6 3D 77 00 00 DA A5 00 C8 24 0C 0E 25 A5 0C 01 31 03 CF 00 00 10 C8 25 A5 0C 01 C8 24 0C 0A 01 31 05 E6 3D 77 00 00 DD C0 C8 (126)
                              [N9:P] MOTOR_I 0 0 (0)
                              [N9:P] [undefined] 61 119 0 0 (1031208960)
                              [N12:Z] MOTOR_I 0 0 (0)
                              [N12:Z] [undefined] 61 119 0 0 (1031208960)
                              [N9:P] MOTOR_I 0 0 (0)
                              [N9:P] [undefined] 61 119 0 0 (1031208960)
                              [N12:Z] MOTOR_I 0 0 (0)
                              [N12:Z] [undefined] 61 119 0 0 (1031208960)
2025-08-15 18:19:44:444 [IN ] C8 24 09 18 25 A5 09 01 31 03 CF 00 00 0D B3 25 A5 09 01 31 05 E6 3D 77 00 00 DA A5 00 C8 24 0C 18 25 A5 0C 01 31 03 CF 00 00 10 C8 25 A5 0C 01 31 05 E6 3D 77 00 00 DD C0 00 C8 24 09 18 25 A5 
09 01 31 03 CF 00 00 0D B3 25 A5 09 01 31 05 E6 3D 77 00 00 DA A5 00 C8 24 0C 18 25 A5 0C 01 31 03 CF 00 00 10 C8 25 A5 0C 01 31 05 E6 3D 77 00 00 DD C0 00 (116)
                              [N9:P] MOTOR_I 0 0 (0)
                              [N9:P] [undefined] 61 119 0 0 (1031208960)
                              [N12:Z] MOTOR_I 0 0 (0)
                              [N12:Z] [undefined] 61 119 0 0 (1031208960)
                              [N9:P] MOTOR_I 0 0 (0)
                              [N9:P] [undefined] 61 119 0 0 (1031208960)
                              [N12:Z] MOTOR_I 0 0 (0)
                              [N12:Z] [undefined] 61 119 0 0 (1031208960)
2025-08-15 18:19:44:645 [IN ] C8 24 09 18 25 A5 09 01 31 03 CF 00 00 0D B3 25 A5 09 01 31 05 E6 3D 77 00 00 DA A5 00 C8 24 0C 18 25 A5 0C 01 31 03 CF 00 00 10 C8 25 A5 0C 01 31 05 E6 3D 77 00 00 DD C0 00 C8 24 09 18 25 A5 
09 01 31 03 CF 00 00 0D B3 25 A5 09 01 31 05 E6 3D 77 00 00 DA A5 00 C8 24 0C 18 25 A5 0C 01 31 03 CF 00 00 10 C8 25 A5 0C 01 31 05 E6 3D 77 00 00 DD C0 00 (116)
                              [N9:P] MOTOR_I 0 0 (0)
                              [N9:P] [undefined] 61 119 0 0 (1031208960)
                              [N12:Z] MOTOR_I 0 0 (0)
                              [N12:Z] [undefined] 61 119 0 0 (1031208960)
                              [N9:P] MOTOR_I 0 0 (0)
                              [N9:P] [undefined] 61 119 0 0 (1031208960)
                              [N12:Z] MOTOR_I 0 0 (0)
                              [N12:Z] [undefined] 61 119 0 0 (1031208960)
2025-08-15 18:19:44:847 [IN ] C8 24 09 18 25 A5 09 01 31 03 CF 00 00 0D B3 25 A5 09 01 31 05 E6 3D 77 00 00 DA A5 00 C8 24 0C 18 25 A5 0C 01 31 03 CF 00 00 10 C8 25 A5 0C 01 31 05 E6 3D 77 00 00 DD C0 00 C8 24 09 18 25 A5 
09 01 31 03 CF 00 00 0D B3 25 A5 09 01 31 05 E6 3D 77 00 00 DA A5 00 C8 24 0C 18 25 A5 0C 01 31 03 CF 00 00 10 C8 25 A5 0C 01 31 05 E6 3D 77 00 00 DD C0 00 (116)
                              [N9:P] MOTOR_I 0 0 (0)
                              [N9:P] [undefined] 61 119 0 0 (1031208960)
                              [N12:Z] MOTOR_I 0 0 (0)
                              [N12:Z] [undefined] 61 119 0 0 (1031208960)
                              [N9:P] MOTOR_I 0 0 (0)
                              [N9:P] [undefined] 61 119 0 0 (1031208960)
                              [N12:Z] MOTOR_I 0 0 (0)
                              [N12:Z] [undefined] 61 119 0 0 (1031208960)
2025-08-15 18:19:45:048 [IN ] C8 24 09 18 25 A5 09 01 31 03 CF 00 00 0D B3 25 A5 09 01 31 05 E6 3D 77 00 00 DA A5 00 C8 24 0C 18 25 A5 0C 01 31 03 CF 00 00 10 C8 25 A5 0C 01 31 05 E6 3D 77 00 00 DD C0 00 C8 24 09 18 25 A5 
09 01 31 03 CF 00 00 0D B3 25 A5 09 01 31 05 E6 3D 77 00 00 DA A5 00 C8 24 0C 18 25 A5 0C 01 31 03 CF 00 00 10 C8 25 A5 0C 01 31 05 E6 3D 77 00 00 DD C0 00 (116)
                              [N9:P] MOTOR_I 0 0 (0)
                              [N9:P] [undefined] 61 119 0 0 (1031208960)
                              [N12:Z] MOTOR_I 0 0 (0)
                              [N12:Z] [undefined] 61 119 0 0 (1031208960)
                              [N9:P] MOTOR_I 0 0 (0)
                              [N9:P] [undefined] 61 119 0 0 (1031208960)
                              [N12:Z] MOTOR_I 0 0 (0)
                              [N12:Z] [undefined] 61 119 0 0 (1031208960)
2025-08-15 18:19:45:250 [IN ] C8 24 09 18 25 A5 09 01 31 03 CF 00 00 0D B3 25 A5 09 01 31 05 E6 3D 77 00 00 DA A5 00 C8 24 05 0E 25 A5 05 01 31 06 81 45 00 0D 02 B7 C9 2E 01 C8 24 0C 18 25 A5 0C 01 31 03 CF 00 00 10 C8 25 
A5 0C 01 31 05 E6 3D 77 00 00 DD C0 00 C8 24 09 18 25 A5 09 01 31 03 CF 00 00 0D B3 25 A5 09 01 31 05 E6 3D 77 00 00 DA A5 00 C8 24 0C 18 25 A5 0C 01 31 03 CF 00 00 10 C8 25 A5 0C 01 31 05 E6 
3D 77 00 00 DD C0 00 (135)
                              [N9:P] MOTOR_I 0 0 (0)
                              [N9:P] [undefined] 61 119 0 0 (1031208960)
                              [N5:V] TPOS 'E' 0 13 2 183 (852663)
                              [N12:Z] MOTOR_I 0 0 (0)
                              [N12:Z] [undefined] 61 119 0 0 (1031208960)
                              [N9:P] MOTOR_I 0 0 (0)
                              [N9:P] [undefined] 61 119 0 0 (1031208960)
                              [N12:Z] MOTOR_I 0 0 (0)
                              [N12:Z] [undefined] 61 119 0 0 (1031208960)
2025-08-15 18:19:45:452 [IN ] C8 24 09 18 25 A5 09 01 31 03 CF 00 00 0D B3 25 A5 09 01 31 05 E6 3D 77 00 00 DA A5 00 C8 24 0C 18 25 A5 0C 01 31 03 CF 00 00 10 C8 25 A5 0C 01 31 05 E6 3D 77 00 00 DD C0 00 C8 24 09 0E 25 A5 
09 01 31 03 CF 00 00 0D B3 25 A5 09 01 C8 24 09 0A 01 31 05 E6 3D 77 00 00 DA A5 B3 C8 24 0C 18 25 A5 0C 01 31 03 CF 00 00 10 C8 25 A5 0C 01 31 05 E6 3D 77 00 00 DD C0 00 (121)
                              [N9:P] MOTOR_I 0 0 (0)
                              [N9:P] [undefined] 61 119 0 0 (1031208960)
                              [N12:Z] MOTOR_I 0 0 (0)
                              [N12:Z] [undefined] 61 119 0 0 (1031208960)
                              [N9:P] MOTOR_I 0 0 (0)
                              [N9:P] [undefined] 61 119 0 0 (1031208960)
                              [N12:Z] MOTOR_I 0 0 (0)
                              [N12:Z] [undefined] 61 119 0 0 (1031208960)
2025-08-15 18:19:45:473 [OUT] 25 A5 01 03 31 05 81 FF ED B1 30 88 70 (13)
                              [N3:X] TPOS 255 237 177 48 (-1199824)
2025-08-15 18:19:45:474 [IN ] C8 24 09 15 25 A5 09 01 31 03 CF 00 00 0D B3 25 A5 09 01 31 05 E6 3D 77 00 00 (26)
                              [N9:P] MOTOR_I 0 0 (0)
2025-08-15 18:19:45:495 [OUT] 25 A5 01 04 31 05 81 FF F3 BD 0C 77 7E (13)
                              [N4:Y] TPOS 255 243 189 12 (-803572)
2025-08-15 18:19:45:538 [IN ] C8 24 08 0E 25 A5 08 01 31 06 81 45 FF EE 18 10 1B 70 01 C8 24 0C 18 (23)
                              [N8:R] TPOS 'E' 255 238 24 16 (-1173488)
2025-08-15 18:19:45:561 [IN ] 25 A5 0C 01 31 03 CF 00 00 10 C8 25 A5 0C 01 31 05 E6 3D 77 00 00 DD C0 00 C8 24 09 1B 00 DA A5 25 A5 09 01 31 03 CF 00 00 (41)
                              [N12:Z] MOTOR_I 0 0 (0)
                              [N12:Z] [undefined] 61 119 0 0 (1031208960)
2025-08-15 18:19:45:583 [IN ] 0D B3 25 A5 09 01 31 05 E6 3D 77 00 00 DA A5 0C (16)
                              [N9:P] [undefined] 61 119 0 0 (1031208960)
                              [N9:P] MOTOR_I 0 0 (0)
                              [N9:P] [undefined] 61 119 0 0 (1031208960)
2025-08-15 18:19:45:646 [IN ] C8 24 0C 18 25 A5 0C 01 31 03 CF 00 00 10 C8 25 A5 0C 01 31 05 E6 3D 77 00 00 DD C0 00 C8 24 03 0E 25 A5 03 01 31 06 81 53 FF FD 4F 0F 69 1E 01 (48)
                              [N12:Z] MOTOR_I 0 0 (0)
                              [N12:Z] [undefined] 61 119 0 0 (1031208960)
                              [N3:X] TPOS 'S' 255 253 79 15 (-176369)
2025-08-15 18:19:45:667 [IN ] C8 24 09 18 25 A5 09 01 31 03 CF 00 00 0D B3 25 A5 09 01 31 05 E6 3D 77 00 00 DA A5 00 (29)
                              [N9:P] MOTOR_I 0 0 (0)
                              [N9:P] [undefined] 61 119 0 0 (1031208960)
2025-08-15 18:19:45:751 [IN ] C8 24 0C 18 25 A5 0C 01 31 03 CF 00 00 10 C8 25 A5 0C 01 31 05 E6 3D 77 00 00 DD C0 00 (29)
                              [N12:Z] MOTOR_I 0 0 (0)
                              [N12:Z] [undefined] 61 119 0 0 (1031208960)
2025-08-15 18:19:45:772 [IN ] C8 24 09 18 25 A5 09 01 31 03 CF 00 00 0D B3 25 A5 09 01 31 05 E6 3D 77 00 00 DA A5 00 (29)
                              [N9:P] MOTOR_I 0 0 (0)
                              [N9:P] [undefined] 61 119 0 0 (1031208960)
2025-08-15 18:19:45:793 [IN ] C8 24 04 0E 25 A5 04 01 31 06 81 53 FF FD 4F 7C D7 95 01 (19)
                              [N4:Y] TPOS 'S' 255 253 79 124 (-176260)
2025-08-15 18:19:45:994 [IN ] C8 24 0C 18 25 A5 0C 01 31 03 CF 00 00 10 C8 25 A5 0C 01 31 05 E6 3D 77 00 00 DD C0 00 C8 24 09 18 25 A5 09 01 31 03 CF 00 00 0D B3 25 A5 09 01 31 05 E6 3D 77 00 00 DA A5 00 C8 24 0C 0E 25 A5 
0C 01 31 03 CF 00 00 10 C8 25 A5 0C 01 C8 24 0C 0A 01 31 05 E6 3D 77 00 00 DD C0 C8 C8 24 09 18 25 A5 09 01 31 03 CF 00 00 0D B3 25 A5 09 01 31 05 E6 3D 77 00 00 DA A5 00 (121)
                              [N12:Z] MOTOR_I 0 0 (0)
                              [N12:Z] [undefined] 61 119 0 0 (1031208960)
                              [N9:P] MOTOR_I 0 0 (0)
                              [N9:P] [undefined] 61 119 0 0 (1031208960)
                              [N12:Z] MOTOR_I 0 0 (0)
                              [N12:Z] [undefined] 61 119 0 0 (1031208960)
                              [N9:P] MOTOR_I 0 0 (0)
                              [N9:P] [undefined] 61 119 0 0 (1031208960)
2025-08-15 18:19:46:196 [IN ] C8 24 0C 15 25 A5 0C 01 31 03 CF 00 00 10 C8 25 A5 0C 01 31 05 E6 3D 77 00 00 C8 24 09 18 25 A5 09 01 31 03 CF 00 00 0D B3 25 A5 09 01 31 05 E6 3D 77 00 00 DA A5 00 C8 24 0C 1B 00 DD C0 25 A5 
0C 01 31 03 CF 00 00 10 C8 25 A5 0C 01 31 05 E6 3D 77 00 00 DD C0 0C C8 24 09 18 25 A5 09 01 31 03 CF 00 00 0D B3 25 A5 09 01 31 05 E6 3D 77 00 00 DA A5 00 (116)
                              [N12:Z] MOTOR_I 0 0 (0)
                              [N9:P] MOTOR_I 0 0 (0)
                              [N9:P] [undefined] 61 119 0 0 (1031208960)
                              [N12:Z] [undefined] 61 119 0 0 (1031208960)
                              [N12:Z] MOTOR_I 0 0 (0)
                              [N12:Z] [undefined] 61 119 0 0 (1031208960)
                              [N9:P] MOTOR_I 0 0 (0)
                              [N9:P] [undefined] 61 119 0 0 (1031208960)
2025-08-15 18:19:46:398 [IN ] C8 24 0C 18 25 A5 0C 01 31 03 CF 00 00 10 C8 25 A5 0C 01 31 05 E6 3D 77 00 00 DD C0 00 C8 24 09 18 25 A5 09 01 31 03 CF 00 00 0D B3 25 A5 09 01 31 05 E6 3D 77 00 00 DA A5 00 C8 24 0C 18 25 A5 
0C 01 31 03 CF 00 00 10 C8 25 A5 0C 01 31 05 E6 3D 77 00 00 DD C0 00 C8 24 09 18 25 A5 09 01 31 03 CF 00 00 0D B3 25 A5 09 01 31 05 E6 3D 77 00 00 DA A5 00 (116)
                              [N12:Z] MOTOR_I 0 0 (0)
                              [N12:Z] [undefined] 61 119 0 0 (1031208960)
                              [N9:P] MOTOR_I 0 0 (0)
                              [N9:P] [undefined] 61 119 0 0 (1031208960)
                              [N12:Z] MOTOR_I 0 0 (0)
                              [N12:Z] [undefined] 61 119 0 0 (1031208960)
                              [N9:P] MOTOR_I 0 0 (0)
                              [N9:P] [undefined] 61 119 0 0 (1031208960)
2025-08-15 18:19:46:599 [IN ] C8 24 0C 18 25 A5 0C 01 31 03 CF 00 00 10 C8 25 A5 0C 01 31 05 E6 3D 77 00 00 DD C0 00 C8 24 09 18 25 A5 09 01 31 03 CF 00 00 0D B3 25 A5 09 01 31 05 E6 3D 77 00 00 DA A5 00 C8 24 0C 18 25 A5 
0C 01 31 03 CF 00 00 10 C8 25 A5 0C 01 31 05 E6 3D 77 00 00 DD C0 00 C8 24 09 18 25 A5 09 01 31 03 CF 00 00 0D B3 25 A5 09 01 31 05 E6 3D 77 00 00 DA A5 00 (116)
                              [N12:Z] MOTOR_I 0 0 (0)
                              [N12:Z] [undefined] 61 119 0 0 (1031208960)
                              [N9:P] MOTOR_I 0 0 (0)
                              [N9:P] [undefined] 61 119 0 0 (1031208960)
                              [N12:Z] MOTOR_I 0 0 (0)
                              [N12:Z] [undefined] 61 119 0 0 (1031208960)
                              [N9:P] MOTOR_I 0 0 (0)
                              [N9:P] [undefined] 61 119 0 0 (1031208960)
2025-08-15 18:19:46:801 [IN ] C8 24 0C 18 25 A5 0C 01 31 03 CF 00 00 10 C8 25 A5 0C 01 31 05 E6 3D 77 00 00 DD C0 00 C8 24 09 18 25 A5 09 01 31 03 CF 00 00 0D B3 25 A5 09 01 31 05 E6 3D 77 00 00 DA A5 00 C8 24 0C 18 25 A5 
0C 01 31 03 CF 00 00 10 C8 25 A5 0C 01 31 05 E6 3D 77 00 00 DD C0 00 C8 24 09 18 25 A5 09 01 31 03 CF 00 00 0D B3 25 A5 09 01 31 05 E6 3D 77 00 00 DA A5 00 (116)
                              [N12:Z] MOTOR_I 0 0 (0)
                              [N12:Z] [undefined] 61 119 0 0 (1031208960)
                              [N9:P] MOTOR_I 0 0 (0)
                              [N9:P] [undefined] 61 119 0 0 (1031208960)
                              [N12:Z] MOTOR_I 0 0 (0)
                              [N12:Z] [undefined] 61 119 0 0 (1031208960)
                              [N9:P] MOTOR_I 0 0 (0)
                              [N9:P] [undefined] 61 119 0 0 (1031208960)
2025-08-15 18:19:47:002 [IN ] C8 24 0C 18 25 A5 0C 01 31 03 CF 00 00 10 C8 25 A5 0C 01 31 05 E6 3D 77 00 00 DD C0 00 C8 24 09 18 25 A5 09 01 31 03 CF 00 00 0D B3 25 A5 09 01 31 05 E6 3D 77 00 00 DA A5 00 C8 24 0C 18 25 A5 
0C 01 31 03 CF 00 00 10 C8 25 A5 0C 01 31 05 E6 3D 77 00 00 DD C0 00 C8 24 09 18 25 A5 09 01 31 03 CF 00 00 0D B3 25 A5 09 01 31 05 E6 3D 77 00 00 DA A5 00 (116)
                              [N12:Z] MOTOR_I 0 0 (0)
                              [N12:Z] [undefined] 61 119 0 0 (1031208960)
                              [N9:P] MOTOR_I 0 0 (0)
                              [N9:P] [undefined] 61 119 0 0 (1031208960)
                              [N12:Z] MOTOR_I 0 0 (0)
                              [N12:Z] [undefined] 61 119 0 0 (1031208960)
                              [N9:P] MOTOR_I 0 0 (0)
                              [N9:P] [undefined] 61 119 0 0 (1031208960)
2025-08-15 18:19:47:205 [IN ] C8 24 0C 18 25 A5 0C 01 31 03 CF 00 00 10 C8 25 A5 0C 01 31 05 E6 3D 77 00 00 DD C0 00 C8 24 07 0E 25 A5 07 01 31 06 81 45 FF F3 3A 5E 8F 07 01 C8 24 09 0E 25 A5 09 01 31 03 CF 00 00 0D B3 25 
A5 09 01 C8 24 09 0A 01 31 05 E6 3D 77 00 00 DA A5 B3 C8 24 0C 18 25 A5 0C 01 31 03 CF 00 00 10 C8 25 A5 0C 01 31 05 E6 3D 77 00 00 DD C0 00 C8 24 09 15 25 A5 09 01 31 03 CF 00 00 0D B3 25 A5 
09 01 31 05 E6 3D 77 00 00 (137)
                              [N12:Z] MOTOR_I 0 0 (0)
                              [N12:Z] [undefined] 61 119 0 0 (1031208960)
                              [N7:N] TPOS 'E' 255 243 58 94 (-837026)
                              [N9:P] MOTOR_I 0 0 (0)
                              [N9:P] [undefined] 61 119 0 0 (1031208960)
                              [N12:Z] MOTOR_I 0 0 (0)
                              [N12:Z] [undefined] 61 119 0 0 (1031208960)
                              [N9:P] MOTOR_I 0 0 (0)
2025-08-15 18:19:47:407 [IN ] C8 24 0C 18 25 A5 0C 01 31 03 CF 00 00 10 C8 25 A5 0C 01 31 05 E6 3D 77 00 00 DD C0 00 C8 24 09 1B 00 DA A5 25 A5 09 01 31 03 CF 00 00 0D B3 25 A5 09 01 31 05 E6 3D 77 00 00 DA A5 0C C8 24 0C 
18 25 A5 0C 01 31 03 CF 00 00 10 C8 25 A5 0C 01 31 05 E6 3D 77 00 00 DD C0 00 C8 24 09 18 25 A5 09 01 31 03 CF 00 00 0D B3 25 A5 09 01 31 05 E6 3D 77 00 00 DA A5 00 (119)
                              [N12:Z] MOTOR_I 0 0 (0)
                              [N12:Z] [undefined] 61 119 0 0 (1031208960)
                              [N9:P] [undefined] 61 119 0 0 (1031208960)
                              [N9:P] MOTOR_I 0 0 (0)
                              [N9:P] [undefined] 61 119 0 0 (1031208960)
                              [N12:Z] MOTOR_I 0 0 (0)
                              [N12:Z] [undefined] 61 119 0 0 (1031208960)
                              [N9:P] MOTOR_I 0 0 (0)
                              [N9:P] [undefined] 61 119 0 0 (1031208960)
2025-08-15 18:19:47:610 [IN ] C8 24 0C 18 25 A5 0C 01 31 03 CF 00 00 10 C8 25 A5 0C 01 31 05 E6 3D 77 00 00 DD C0 00 C8 24 09 18 25 A5 09 01 31 03 CF 00 00 0D B3 25 A5 09 01 31 05 E6 3D 77 00 00 DA A5 00 C8 24 0C 18 25 A5 
0C 01 31 03 CF 00 00 10 C8 25 A5 0C 01 31 05 E6 3D 77 00 00 DD C0 00 C8 24 09 18 25 A5 09 01 31 03 CF 00 00 0D B3 25 A5 09 01 31 05 E6 3D 77 00 00 DA A5 00 (116)
                              [N12:Z] MOTOR_I 0 0 (0)
                              [N12:Z] [undefined] 61 119 0 0 (1031208960)
                              [N9:P] MOTOR_I 0 0 (0)
                              [N9:P] [undefined] 61 119 0 0 (1031208960)
                              [N12:Z] MOTOR_I 0 0 (0)
                              [N12:Z] [undefined] 61 119 0 0 (1031208960)
                              [N9:P] MOTOR_I 0 0 (0)
                              [N9:P] [undefined] 61 119 0 0 (1031208960)
2025-08-15 18:19:47:812 [IN ] C8 24 0C 18 25 A5 0C 01 31 03 CF 00 00 10 C8 25 A5 0C 01 31 05 E6 3D 77 00 00 DD C0 00 C8 24 09 18 25 A5 09 01 31 03 CF 00 00 0D B3 25 A5 09 01 31 05 E6 3D 77 00 00 DA A5 00 C8 24 0C 0E 25 A5 
0C 01 31 03 CF 00 00 10 C8 25 A5 0C 01 C8 24 0C 0A 01 31 05 E6 3D 77 00 00 DD C0 C8 C8 24 09 18 25 A5 09 01 31 03 CF 00 00 0D B3 25 A5 09 01 31 05 E6 3D 77 00 00 DA A5 00 (121)
                              [N12:Z] MOTOR_I 0 0 (0)
                              [N12:Z] [undefined] 61 119 0 0 (1031208960)
                              [N9:P] MOTOR_I 0 0 (0)
                              [N9:P] [undefined] 61 119 0 0 (1031208960)
                              [N12:Z] MOTOR_I 0 0 (0)
                              [N12:Z] [undefined] 61 119 0 0 (1031208960)
                              [N9:P] MOTOR_I 0 0 (0)
                              [N9:P] [undefined] 61 119 0 0 (1031208960)
2025-08-15 18:19:48:023 [IN ] C8 24 0C 15 25 A5 0C 01 31 03 CF 00 00 10 C8 25 A5 0C 01 31 05 E6 3D 77 00 00 C8 24 09 18 25 A5 09 01 31 03 CF 00 00 0D B3 25 A5 09 01 31 05 E6 3D 77 00 00 DA A5 00 C8 24 0C 1B 00 DD C0 25 A5 
0C 01 31 03 CF 00 00 10 C8 25 A5 0C 01 31 05 E6 3D 77 00 00 DD C0 0C C8 24 09 18 25 A5 09 01 31 03 CF 00 00 0D B3 25 A5 09 01 31 05 E6 3D 77 00 00 DA A5 00 (116)
                              [N12:Z] MOTOR_I 0 0 (0)
                              [N9:P] MOTOR_I 0 0 (0)
                              [N9:P] [undefined] 61 119 0 0 (1031208960)
                              [N12:Z] [undefined] 61 119 0 0 (1031208960)
                              [N12:Z] MOTOR_I 0 0 (0)
                              [N12:Z] [undefined] 61 119 0 0 (1031208960)
                              [N9:P] MOTOR_I 0 0 (0)
                              [N9:P] [undefined] 61 119 0 0 (1031208960)
2025-08-15 18:19:48:224 [IN ] C8 24 0C 18 25 A5 0C 01 31 03 CF 00 00 10 C8 25 A5 0C 01 31 05 E6 3D 77 00 00 DD C0 00 C8 24 09 18 25 A5 09 01 31 03 CF 00 00 0D B3 25 A5 09 01 31 05 E6 3D 77 00 00 DA A5 00 C8 24 0C 18 25 A5 
0C 01 31 03 CF 00 00 10 C8 25 A5 0C 01 31 05 E6 3D 77 00 00 DD C0 00 C8 24 09 18 25 A5 09 01 31 03 CF 00 00 0D B3 25 A5 09 01 31 05 E6 3D 77 00 00 DA A5 00 (116)
                              [N12:Z] MOTOR_I 0 0 (0)
                              [N12:Z] [undefined] 61 119 0 0 (1031208960)
                              [N9:P] MOTOR_I 0 0 (0)
                              [N9:P] [undefined] 61 119 0 0 (1031208960)
                              [N12:Z] MOTOR_I 0 0 (0)
                              [N12:Z] [undefined] 61 119 0 0 (1031208960)
                              [N9:P] MOTOR_I 0 0 (0)
                              [N9:P] [undefined] 61 119 0 0 (1031208960)
2025-08-15 18:19:48:427 [IN ] C8 24 0C 18 25 A5 0C 01 31 03 CF 00 00 10 C8 25 A5 0C 01 31 05 E6 3D 77 00 00 DD C0 00 C8 24 09 18 25 A5 09 01 31 03 CF 00 00 0D B3 25 A5 09 01 31 05 E6 3D 77 00 00 DA A5 00 C8 24 0C 18 25 A5 
0C 01 31 03 CF 00 00 10 C8 25 A5 0C 01 31 05 E6 3D 77 00 00 DD C0 00 C8 24 09 18 25 A5 09 01 31 03 CF 00 00 0D B3 25 A5 09 01 31 05 E6 3D 77 00 00 DA A5 00 (116)
                              [N12:Z] MOTOR_I 0 0 (0)
                              [N12:Z] [undefined] 61 119 0 0 (1031208960)
                              [N9:P] MOTOR_I 0 0 (0)
                              [N9:P] [undefined] 61 119 0 0 (1031208960)
                              [N12:Z] MOTOR_I 0 0 (0)
                              [N12:Z] [undefined] 61 119 0 0 (1031208960)
                              [N9:P] MOTOR_I 0 0 (0)
                              [N9:P] [undefined] 61 119 0 0 (1031208960)
2025-08-15 18:19:48:631 [IN ] C8 24 0C 18 25 A5 0C 01 31 03 CF 00 00 10 C8 25 A5 0C 01 31 05 E6 3D 77 00 00 DD C0 00 C8 24 09 18 25 A5 09 01 31 03 CF 00 00 0D B3 25 A5 09 01 31 05 E6 3D 77 00 00 DA A5 00 C8 24 0C 18 25 A5 
0C 01 31 03 CF 00 00 10 C8 25 A5 0C 01 31 05 E6 3D 77 00 00 DD C0 00 C8 24 09 18 25 A5 09 01 31 03 CF 00 00 0D B3 25 A5 09 01 31 05 E6 3D 77 00 00 DA A5 00 (116)
                              [N12:Z] MOTOR_I 0 0 (0)
                              [N12:Z] [undefined] 61 119 0 0 (1031208960)
                              [N9:P] MOTOR_I 0 0 (0)
                              [N9:P] [undefined] 61 119 0 0 (1031208960)
                              [N12:Z] MOTOR_I 0 0 (0)
                              [N12:Z] [undefined] 61 119 0 0 (1031208960)
                              [N9:P] MOTOR_I 0 0 (0)
                              [N9:P] [undefined] 61 119 0 0 (1031208960)
2025-08-15 18:19:48:832 [IN ] C8 24 0C 18 25 A5 0C 01 31 03 CF 00 00 10 C8 25 A5 0C 01 31 05 E6 3D 77 00 00 DD C0 00 C8 24 09 18 25 A5 09 01 31 03 CF 00 00 0D B3 25 A5 09 01 31 05 E6 3D 77 00 00 DA A5 00 C8 24 0C 18 25 A5 
0C 01 31 03 CF 00 00 10 C8 25 A5 0C 01 31 05 E6 3D 77 00 00 DD C0 00 C8 24 09 18 25 A5 09 01 31 03 CF 00 00 0D B3 25 A5 09 01 31 05 E6 3D 77 00 00 DA A5 00 (116)
                              [N12:Z] MOTOR_I 0 0 (0)
                              [N12:Z] [undefined] 61 119 0 0 (1031208960)
                              [N9:P] MOTOR_I 0 0 (0)
                              [N9:P] [undefined] 61 119 0 0 (1031208960)
                              [N12:Z] MOTOR_I 0 0 (0)
                              [N12:Z] [undefined] 61 119 0 0 (1031208960)
                              [N9:P] MOTOR_I 0 0 (0)
                              [N9:P] [undefined] 61 119 0 0 (1031208960)
2025-08-15 18:19:49:034 [IN ] C8 24 0C 18 25 A5 0C 01 31 03 CF 00 00 10 C8 25 A5 0C 01 31 05 E6 3D 77 00 00 DD C0 00 C8 24 09 0E 25 A5 09 01 31 03 CF 00 00 0D B3 25 A5 09 01 C8 24 09 0A 01 31 05 E6 3D 77 00 00 DA A5 B3 C8 
24 0C 18 25 A5 0C 01 31 03 CF 00 00 10 C8 25 A5 0C 01 31 05 E6 3D 77 00 00 DD C0 00 C8 24 09 15 25 A5 09 01 31 03 CF 00 00 0D B3 25 A5 09 01 31 05 E6 3D 77 00 00 (118)
                              [N12:Z] MOTOR_I 0 0 (0)
                              [N12:Z] [undefined] 61 119 0 0 (1031208960)
                              [N9:P] MOTOR_I 0 0 (0)
                              [N9:P] [undefined] 61 119 0 0 (1031208960)
                              [N12:Z] MOTOR_I 0 0 (0)
                              [N12:Z] [undefined] 61 119 0 0 (1031208960)
                              [N9:P] MOTOR_I 0 0 (0)
2025-08-15 18:19:49:237 [IN ] C8 24 0C 18 25 A5 0C 01 31 03 CF 00 00 10 C8 25 A5 0C 01 31 05 E6 3D 77 00 00 DD C0 00 C8 24 09 1B 00 DA A5 25 A5 09 01 31 03 CF 00 00 0D B3 25 A5 09 01 31 05 E6 3D 77 00 00 DA A5 0C C8 24 0C 
18 25 A5 0C 01 31 03 CF 00 00 10 C8 25 A5 0C 01 31 05 E6 3D 77 00 00 DD C0 00 C8 24 09 18 25 A5 09 01 31 03 CF 00 00 0D B3 25 A5 09 01 31 05 E6 3D 77 00 00 DA A5 00 (119)
                              [N12:Z] MOTOR_I 0 0 (0)
                              [N12:Z] [undefined] 61 119 0 0 (1031208960)
                              [N9:P] [undefined] 61 119 0 0 (1031208960)
                              [N9:P] MOTOR_I 0 0 (0)
                              [N9:P] [undefined] 61 119 0 0 (1031208960)
                              [N12:Z] MOTOR_I 0 0 (0)
                              [N12:Z] [undefined] 61 119 0 0 (1031208960)
                              [N9:P] MOTOR_I 0 0 (0)
                              [N9:P] [undefined] 61 119 0 0 (1031208960)
2025-08-15 18:19:49:439 [IN ] C8 24 0C 18 25 A5 0C 01 31 03 CF 00 00 10 C8 25 A5 0C 01 31 05 E6 3D 77 00 00 DD C0 00 C8 24 09 18 25 A5 09 01 31 03 CF 00 00 0D B3 25 A5 09 01 31 05 E6 3D 77 00 00 DA A5 00 C8 24 0C 18 25 A5 
0C 01 31 03 CF 00 00 10 C8 25 A5 0C 01 31 05 E6 3D 77 00 00 DD C0 00 C8 24 09 18 25 A5 09 01 31 03 CF 00 00 0D B3 25 A5 09 01 31 05 E6 3D 77 00 00 DA A5 00 C8 24 04 0E 25 A5 04 01 31 06 81 45 
FF F3 BA DF 8D 6A 01 (135)
                              [N12:Z] MOTOR_I 0 0 (0)
                              [N12:Z] [undefined] 61 119 0 0 (1031208960)
                              [N9:P] MOTOR_I 0 0 (0)
                              [N9:P] [undefined] 61 119 0 0 (1031208960)
                              [N12:Z] MOTOR_I 0 0 (0)
                              [N12:Z] [undefined] 61 119 0 0 (1031208960)
                              [N9:P] MOTOR_I 0 0 (0)
                              [N9:P] [undefined] 61 119 0 0 (1031208960)
                              [N4:Y] TPOS 'E' 255 243 186 223 (-804129)
2025-08-15 18:19:49:641 [IN ] C8 24 0C 18 25 A5 0C 01 31 03 CF 00 00 10 C8 25 A5 0C 01 31 05 E6 3D 77 00 00 DD C0 00 C8 24 09 18 25 A5 09 01 31 03 CF 00 00 0D B3 25 A5 09 01 31 05 E6 3D 77 00 00 DA A5 00 C8 24 0C 0E 25 A5 
0C 01 31 03 CF 00 00 10 C8 25 A5 0C 01 C8 24 0C 0A 01 31 05 E6 3D 77 00 00 DD C0 C8 C8 24 09 18 25 A5 09 01 31 03 CF 00 00 0D B3 25 A5 09 01 31 05 E6 3D 77 00 00 DA A5 00 (121)
                              [N12:Z] MOTOR_I 0 0 (0)
                              [N12:Z] [undefined] 61 119 0 0 (1031208960)
                              [N9:P] MOTOR_I 0 0 (0)
                              [N9:P] [undefined] 61 119 0 0 (1031208960)
                              [N12:Z] MOTOR_I 0 0 (0)
                              [N12:Z] [undefined] 61 119 0 0 (1031208960)
                              [N9:P] MOTOR_I 0 0 (0)
                              [N9:P] [undefined] 61 119 0 0 (1031208960)
2025-08-15 18:19:49:843 [IN ] C8 24 0C 15 25 A5 0C 01 31 03 CF 00 00 10 C8 25 A5 0C 01 31 05 E6 3D 77 00 00 C8 24 09 18 25 A5 09 01 31 03 CF 00 00 0D B3 25 A5 09 01 31 05 E6 3D 77 00 00 DA A5 00 C8 24 0C 1B 00 DD C0 25 A5 
0C 01 31 03 CF 00 00 10 C8 25 A5 0C 01 31 05 E6 3D 77 00 00 DD C0 0C C8 24 09 18 25 A5 09 01 31 03 CF 00 00 0D B3 25 A5 09 01 31 05 E6 3D 77 00 00 DA A5 00 (116)
                              [N12:Z] MOTOR_I 0 0 (0)
                              [N9:P] MOTOR_I 0 0 (0)
                              [N9:P] [undefined] 61 119 0 0 (1031208960)
                              [N12:Z] [undefined] 61 119 0 0 (1031208960)
                              [N12:Z] MOTOR_I 0 0 (0)
                              [N12:Z] [undefined] 61 119 0 0 (1031208960)
                              [N9:P] MOTOR_I 0 0 (0)
                              [N9:P] [undefined] 61 119 0 0 (1031208960)
2025-08-15 18:19:50:045 [IN ] C8 24 0C 18 25 A5 0C 01 31 03 CF 00 00 10 C8 25 A5 0C 01 31 05 E6 3D 77 00 00 DD C0 00 C8 24 09 18 25 A5 09 01 31 03 CF 00 00 0D B3 25 A5 09 01 31 05 E6 3D 77 00 00 DA A5 00 C8 24 0C 18 25 A5 
0C 01 31 03 CF 00 00 10 C8 25 A5 0C 01 31 05 E6 3D 77 00 00 DD C0 00 C8 24 09 18 25 A5 09 01 31 03 CF 00 00 0D B3 25 A5 09 01 31 05 E6 3D 77 00 00 DA A5 00 (116)
                              [N12:Z] MOTOR_I 0 0 (0)
                              [N12:Z] [undefined] 61 119 0 0 (1031208960)
                              [N9:P] MOTOR_I 0 0 (0)
                              [N9:P] [undefined] 61 119 0 0 (1031208960)
                              [N12:Z] MOTOR_I 0 0 (0)
                              [N12:Z] [undefined] 61 119 0 0 (1031208960)
                              [N9:P] MOTOR_I 0 0 (0)
                              [N9:P] [undefined] 61 119 0 0 (1031208960)
2025-08-15 18:19:50:246 [IN ] C8 24 0C 18 25 A5 0C 01 31 03 CF 00 00 10 C8 25 A5 0C 01 31 05 E6 3D 77 00 00 DD C0 00 C8 24 09 18 25 A5 09 01 31 03 CF 00 00 0D B3 25 A5 09 01 31 05 E6 3D 77 00 00 DA A5 00 C8 24 0C 18 25 A5 
0C 01 31 03 CF 00 00 10 C8 25 A5 0C 01 31 05 E6 3D 77 00 00 DD C0 00 C8 24 09 18 25 A5 09 01 31 03 CF 00 00 0D B3 25 A5 09 01 31 05 E6 3D 77 00 00 DA A5 00 (116)
                              [N12:Z] MOTOR_I 0 0 (0)
                              [N12:Z] [undefined] 61 119 0 0 (1031208960)
                              [N9:P] MOTOR_I 0 0 (0)
                              [N9:P] [undefined] 61 119 0 0 (1031208960)
                              [N12:Z] MOTOR_I 0 0 (0)
                              [N12:Z] [undefined] 61 119 0 0 (1031208960)
                              [N9:P] MOTOR_I 0 0 (0)
                              [N9:P] [undefined] 61 119 0 0 (1031208960)
2025-08-15 18:19:50:448 [IN ] C8 24 0C 18 25 A5 0C 01 31 03 CF 00 00 10 C8 25 A5 0C 01 31 05 E6 3D 77 00 00 DD C0 00 C8 24 09 18 25 A5 09 01 31 03 CF 00 00 0D B3 25 A5 09 01 31 05 E6 3D 77 00 00 DA A5 00 C8 24 0C 18 25 A5 
0C 01 31 03 CF 00 00 10 C8 25 A5 0C 01 31 05 E6 3D 77 00 00 DD C0 00 C8 24 09 18 25 A5 09 01 31 03 CF 00 00 0D B3 25 A5 09 01 31 05 E6 3D 77 00 00 DA A5 00 (116)
                              [N12:Z] MOTOR_I 0 0 (0)
                              [N12:Z] [undefined] 61 119 0 0 (1031208960)
                              [N9:P] MOTOR_I 0 0 (0)
                              [N9:P] [undefined] 61 119 0 0 (1031208960)
                              [N12:Z] MOTOR_I 0 0 (0)
                              [N12:Z] [undefined] 61 119 0 0 (1031208960)
                              [N9:P] MOTOR_I 0 0 (0)
                              [N9:P] [undefined] 61 119 0 0 (1031208960)
2025-08-15 18:19:50:649 [IN ] C8 24 0C 18 25 A5 0C 01 31 03 CF 00 00 10 C8 25 A5 0C 01 31 05 E6 3D 77 00 00 DD C0 00 C8 24 09 18 25 A5 09 01 31 03 CF 00 00 0D B3 25 A5 09 01 31 05 E6 3D 77 00 00 DA A5 00 C8 24 0C 18 25 A5 
0C 01 31 03 CF 00 00 10 C8 25 A5 0C 01 31 05 E6 3D 77 00 00 DD C0 00 C8 24 09 18 25 A5 09 01 31 03 CF 00 00 0D B3 25 A5 09 01 31 05 E6 3D 77 00 00 DA A5 00 (116)
                              [N12:Z] MOTOR_I 0 0 (0)
                              [N12:Z] [undefined] 61 119 0 0 (1031208960)
                              [N9:P] MOTOR_I 0 0 (0)
                              [N9:P] [undefined] 61 119 0 0 (1031208960)
                              [N12:Z] MOTOR_I 0 0 (0)
                              [N12:Z] [undefined] 61 119 0 0 (1031208960)
                              [N9:P] MOTOR_I 0 0 (0)
                              [N9:P] [undefined] 61 119 0 0 (1031208960)
2025-08-15 18:19:50:851 [IN ] C8 24 0C 18 25 A5 0C 01 31 03 CF 00 00 10 C8 25 A5 0C 01 31 05 E6 3D 77 00 00 DD C0 00 C8 24 09 0E 25 A5 09 01 31 03 CF 00 00 0D B3 25 A5 09 01 C8 24 09 0A 01 31 05 E6 3D 77 00 00 DA A5 B3 C8 
24 0C 18 25 A5 0C 01 31 03 CF 00 00 10 C8 25 A5 0C 01 31 05 E6 3D 77 00 00 DD C0 00 C8 24 09 15 25 A5 09 01 31 03 CF 00 00 0D B3 25 A5 09 01 31 05 E6 3D 77 00 00 (118)
                              [N12:Z] MOTOR_I 0 0 (0)
                              [N12:Z] [undefined] 61 119 0 0 (1031208960)
                              [N9:P] MOTOR_I 0 0 (0)
                              [N9:P] [undefined] 61 119 0 0 (1031208960)
                              [N12:Z] MOTOR_I 0 0 (0)
                              [N12:Z] [undefined] 61 119 0 0 (1031208960)
                              [N9:P] MOTOR_I 0 0 (0)
2025-08-15 18:19:51:053 [IN ] C8 24 0C 18 25 A5 0C 01 31 03 CF 00 00 10 C8 25 A5 0C 01 31 05 E6 3D 77 00 00 DD C0 00 C8 24 09 1B 00 DA A5 25 A5 09 01 31 03 CF 00 00 0D B3 25 A5 09 01 31 05 E6 3D 77 00 00 DA A5 0C C8 24 0C 
18 25 A5 0C 01 31 03 CF 00 00 10 C8 25 A5 0C 01 31 05 E6 3D 77 00 00 DD C0 00 C8 24 09 18 25 A5 09 01 31 03 CF 00 00 0D B3 25 A5 09 01 31 05 E6 3D 77 00 00 DA A5 00 (119)
                              [N12:Z] MOTOR_I 0 0 (0)
                              [N12:Z] [undefined] 61 119 0 0 (1031208960)
                              [N9:P] [undefined] 61 119 0 0 (1031208960)
                              [N9:P] MOTOR_I 0 0 (0)
                              [N9:P] [undefined] 61 119 0 0 (1031208960)
                              [N12:Z] MOTOR_I 0 0 (0)
                              [N12:Z] [undefined] 61 119 0 0 (1031208960)
                              [N9:P] MOTOR_I 0 0 (0)
                              [N9:P] [undefined] 61 119 0 0 (1031208960)
2025-08-15 18:19:51:255 [IN ] C8 24 0C 18 25 A5 0C 01 31 03 CF 00 00 10 C8 25 A5 0C 01 31 05 E6 3D 77 00 00 DD C0 00 C8 24 09 18 25 A5 09 01 31 03 CF 00 00 0D B3 25 A5 09 01 31 05 E6 3D 77 00 00 DA A5 00 C8 24 0C 18 25 A5 
0C 01 31 03 CF 00 00 10 C8 25 A5 0C 01 31 05 E6 3D 77 00 00 DD C0 00 C8 24 09 18 25 A5 09 01 31 03 CF 00 00 0D B3 25 A5 09 01 31 05 E6 3D 77 00 00 DA A5 00 (116)
                              [N12:Z] MOTOR_I 0 0 (0)
                              [N12:Z] [undefined] 61 119 0 0 (1031208960)
                              [N9:P] MOTOR_I 0 0 (0)
                              [N9:P] [undefined] 61 119 0 0 (1031208960)
                              [N12:Z] MOTOR_I 0 0 (0)
                              [N12:Z] [undefined] 61 119 0 0 (1031208960)
                              [N9:P] MOTOR_I 0 0 (0)
                              [N9:P] [undefined] 61 119 0 0 (1031208960)
2025-08-15 18:19:51:456 [IN ] C8 24 0C 0E 25 A5 0C 01 31 03 CF 00 00 10 C8 25 A5 0C 01 C8 24 0C 0A 01 31 05 E6 3D 77 00 00 DD C0 C8 C8 24 09 18 25 A5 09 01 31 03 CF 00 00 0D B3 25 A5 09 01 31 05 E6 3D 77 00 00 DA A5 00 C8 
24 0C 0E 25 A5 0C 01 31 03 CF 00 00 10 C8 25 A5 0C 01 C8 24 0C 0A 01 31 05 E6 3D 77 00 00 DD C0 C8 C8 24 09 18 25 A5 09 01 31 03 CF 00 00 0D B3 25 A5 09 01 31 05 E6 3D 77 00 00 DA A5 00 (126)
                              [N12:Z] MOTOR_I 0 0 (0)
                              [N12:Z] [undefined] 61 119 0 0 (1031208960)
                              [N9:P] MOTOR_I 0 0 (0)
                              [N9:P] [undefined] 61 119 0 0 (1031208960)
                              [N12:Z] MOTOR_I 0 0 (0)
                              [N12:Z] [undefined] 61 119 0 0 (1031208960)
                              [N9:P] MOTOR_I 0 0 (0)
                              [N9:P] [undefined] 61 119 0 0 (1031208960)
2025-08-15 18:19:51:657 [IN ] C8 24 0C 18 25 A5 0C 01 31 03 CF 00 00 10 C8 25 A5 0C 01 31 05 E6 3D 77 00 00 DD C0 00 C8 24 09 18 25 A5 09 01 31 03 CF 00 00 0D B3 25 A5 09 01 31 05 E6 3D 77 00 00 DA A5 00 C8 24 0C 18 25 A5 
0C 01 31 03 CF 00 00 10 C8 25 A5 0C 01 31 05 E6 3D 77 00 00 DD C0 00 C8 24 09 18 25 A5 09 01 31 03 CF 00 00 0D B3 25 A5 09 01 31 05 E6 3D 77 00 00 DA A5 00 (116)
                              [N12:Z] MOTOR_I 0 0 (0)
                              [N12:Z] [undefined] 61 119 0 0 (1031208960)
                              [N9:P] MOTOR_I 0 0 (0)
                              [N9:P] [undefined] 61 119 0 0 (1031208960)
                              [N12:Z] MOTOR_I 0 0 (0)
                              [N12:Z] [undefined] 61 119 0 0 (1031208960)
                              [N9:P] MOTOR_I 0 0 (0)
                              [N9:P] [undefined] 61 119 0 0 (1031208960)
2025-08-15 18:19:51:860 [IN ] C8 24 03 0E 25 A5 03 01 31 06 81 45 FF ED AF 82 1E DB 01 C8 24 0C 18 25 A5 0C 01 31 03 CF 00 00 10 C8 25 A5 0C 01 31 05 E6 3D 77 00 00 DD C0 00 C8 24 09 18 25 A5 09 01 31 03 CF 00 00 0D B3 25 
A5 09 01 31 05 E6 3D 77 00 00 DA A5 00 C8 24 0C 18 25 A5 0C 01 31 03 CF 00 00 10 C8 25 A5 0C 01 31 05 E6 3D 77 00 00 DD C0 00 C8 24 09 18 25 A5 09 01 31 03 CF 00 00 0D B3 25 A5 09 01 31 05 E6 
3D 77 00 00 DA A5 00 (135)
                              [N3:X] TPOS 'E' 255 237 175 130 (-1200254)
                              [N12:Z] MOTOR_I 0 0 (0)
                              [N12:Z] [undefined] 61 119 0 0 (1031208960)
                              [N9:P] MOTOR_I 0 0 (0)
                              [N9:P] [undefined] 61 119 0 0 (1031208960)
                              [N12:Z] MOTOR_I 0 0 (0)
                              [N12:Z] [undefined] 61 119 0 0 (1031208960)
                              [N9:P] MOTOR_I 0 0 (0)
                              [N9:P] [undefined] 61 119 0 0 (1031208960)
