2026-03-20 18:51:51:912 [OUT] 25 A5 01 0A 31 05 D6 3D FF 00 00 53 ED (13)
                              [N10:HMI] HMILED '=' 255 0 0 (16711680)
2026-03-20 18:51:51:935 [OUT] 25 A5 01 03 31 02 D8 3F 4E CE (10)
                              [N3:X] INTERRUPT '?'
2026-03-20 18:51:51:936 [IN ] C8 24 03 18 25 A5 03 01 31 03 CF 00 00 07 89 25 A5 03 01 31 05 E6 3D 77 00 00 D4 6F 00 (29)
                              [N3:X] MOTOR_I 0 0 (0)
                              [N3:X] [undefined] 61 119 0 0 (1031208960)
2026-03-20 18:51:52:237 [IN ] C8 24 03 18 25 A5 03 01 31 03 CF 00 00 07 89 25 A5 03 01 31 05 E6 3D 77 00 00 D4 6F 00 C8 24 0A 0D 25 A5 0A 01 31 05 D6 3A FF 00 00 50 EA 03 C8 24 03 18 25 A5 03 01 31 03 CF 00 00 07 89 25 A5 
03 01 31 05 E6 3D 77 00 00 D4 6F 00 C8 24 03 0C 25 A5 03 01 31 04 D8 3A 01 01 4D 6A A5 (93)
                              [N3:X] MOTOR_I 0 0 (0)
                              [N3:X] [undefined] 61 119 0 0 (1031208960)
                              [N10:HMI] HMILED ':' 255 0 0 (16711680)
                              [N3:X] MOTOR_I 0 0 (0)
                              [N3:X] [undefined] 61 119 0 0 (1031208960)
                              [N3:X] INTERRUPT ':' 1 1 (257)
2026-03-20 18:51:52:239 [IN ] C8 24 03 18 25 A5 03 01 31 03 CF 00 00 07 89 25 A5 03 01 31 05 E6 3D 77 00 00 D4 6F 00 (29)
                              [N3:X] MOTOR_I 0 0 (0)
                              [N3:X] [undefined] 61 119 0 0 (1031208960)
2026-03-20 18:51:52:260 [OUT] 25 A5 01 09 31 03 C9 3D 09 4D 1C (11)
                              [N9:P] LFLAG '=' 9 (9)
2026-03-20 18:51:52:282 [OUT] 25 A5 01 04 31 02 D8 3F 4F D3 (10)
                              [N4:Y] INTERRUPT '?'
2026-03-20 18:51:52:584 [IN ] C8 24 03 18 25 A5 03 01 31 03 CF 00 00 07 89 25 A5 03 01 31 05 E6 3D 77 00 00 D4 6F 00 C8 24 09 0B 25 A5 09 01 31 03 C9 3A 09 4A 1E 25 C8 24 03 18 25 A5 03 01 31 03 CF 00 00 07 89 25 A5 03 01 
31 05 E6 3D 77 00 00 D4 6F 00 C8 24 04 0C 25 A5 04 01 31 04 D8 3A 01 01 4E 72 A5 C8 24 03 18 25 A5 03 01 31 03 CF 00 00 07 89 25 A5 03 01 31 05 E6 3D 77 00 00 D4 6F 00 (120)
                              [N3:X] MOTOR_I 0 0 (0)
                              [N3:X] [undefined] 61 119 0 0 (1031208960)
                              [N9:P] LFLAG ':' 9 (9)
                              [N3:X] MOTOR_I 0 0 (0)
                              [N3:X] [undefined] 61 119 0 0 (1031208960)
                              [N4:Y] INTERRUPT ':' 1 1 (257)
                              [N3:X] MOTOR_I 0 0 (0)
                              [N3:X] [undefined] 61 119 0 0 (1031208960)
2026-03-20 18:51:52:606 [OUT] 25 A5 01 09 31 03 CA 3D 09 4E 1F (11)
                              [N9:P] RFLAG '=' 9 (9)
2026-03-20 18:51:52:628 [OUT] 25 A5 01 0C 31 02 D8 3F 57 FB (10)
                              [N12:Z] INTERRUPT '?'
2026-03-20 18:51:52:932 [IN ] C8 24 03 18 25 A5 03 01 31 03 CF 00 00 07 89 25 A5 03 01 31 05 E6 3D 77 00 00 D4 6F 00 C8 24 03 18 25 A5 03 01 31 03 CF 00 00 07 89 25 A5 03 01 31 05 E6 3D 77 00 00 D4 6F 00 C8 24 09 0B 25 A5 
09 01 31 03 CA 3A 09 4B 21 25 C8 24 03 18 25 A5 03 01 31 03 CF 00 00 07 89 25 A5 03 01 31 05 E6 3D 77 00 00 D4 6F 00 C8 24 0C 0C 25 A5 0C 01 31 04 D8 3A 01 01 56 B2 A5 C8 24 03 0E 25 A5 03 01 
31 03 CF 00 (132)
                              [N3:X] MOTOR_I 0 0 (0)
                              [N3:X] [undefined] 61 119 0 0 (1031208960)
                              [N3:X] MOTOR_I 0 0 (0)
                              [N3:X] [undefined] 61 119 0 0 (1031208960)
                              [N9:P] RFLAG ':' 9 (9)
                              [N3:X] MOTOR_I 0 0 (0)
                              [N3:X] [undefined] 61 119 0 0 (1031208960)
                              [N12:Z] INTERRUPT ':' 1 1 (257)
2026-03-20 18:51:52:954 [OUT] 25 A5 01 08 31 03 C9 3D 09 4C 16 (11)
                              [N8:R] LFLAG '=' 9 (9)
2026-03-20 18:51:52:955 [IN ] 00 07 89 25 A5 03 01 (7)
                              [N3:X] MOTOR_I 0 0 (0)
2026-03-20 18:51:52:976 [OUT] 25 A5 01 03 31 03 C9 3D 0B 49 FA (11)
                              [N3:X] LFLAG '=' 11 (11)
2026-03-20 18:51:52:977 [IN ] C8 24 03 0A 01 31 05 E6 3D 77 00 00 D4 6F 89 (15)
                              [N3:X] [undefined] 61 119 0 0 (1031208960)
2026-03-20 18:51:52:998 [OUT] 25 A5 01 04 31 03 C9 3D 0B 4A 00 (11)
                              [N4:Y] LFLAG '=' 11 (11)
2026-03-20 18:51:53:020 [OUT] 25 A5 01 0C 31 03 C9 3D 0B 52 30 (11)
                              [N12:Z] LFLAG '=' 11 (11)
2026-03-20 18:51:53:043 [IN ] C8 24 03 15 25 A5 03 01 31 03 CF 00 00 07 89 25 A5 03 01 31 05 E6 3D 77 00 00 (26)
                              [N3:X] MOTOR_I 0 0 (0)
2026-03-20 18:51:53:107 [IN ] C8 24 08 0B 25 A5 08 01 31 03 C9 3A 09 49 17 25 (16)
                              [N8:R] LFLAG ':' 9 (9)
2026-03-20 18:51:53:128 [OUT] 25 A5 01 08 31 03 CA 3D 09 4D 19 (11)
                              [N8:R] RFLAG '=' 9 (9)
2026-03-20 18:51:53:154 [IN ] C8 24 03 1B 00 D4 6F 25 A5 03 01 31 03 CF 00 00 07 89 25 A5 03 01 31 05 E6 3D 77 00 00 D4 6F 00 (32)
                              [N3:X] [undefined] 61 119 0 0 (1031208960)
                              [N3:X] MOTOR_I 0 0 (0)
                              [N3:X] [undefined] 61 119 0 0 (1031208960)
2026-03-20 18:51:53:238 [IN ] C8 24 03 0B 25 A5 03 01 31 03 C9 3A 0B 46 F6 00 (16)
                              [N3:X] LFLAG ':' 11 (11)
2026-03-20 18:51:53:260 [OUT] 25 A5 01 03 31 03 88 00 50 10 02 (11)
                              [N3:X] RUN 0 80 (80)
2026-03-20 18:51:53:263 [IN ] C8 24 03 18 25 A5 03 01 31 03 CF 00 00 07 89 25 A5 03 01 31 05 E6 3D 77 00 00 D4 6F 00 (29)
                              [N3:X] MOTOR_I 0 0 (0)
                              [N3:X] [undefined] 61 119 0 0 (1031208960)
2026-03-20 18:51:53:325 [IN ] C8 24 04 0B 25 A5 04 01 31 03 C9 3A 0B 47 FD 25 (16)
                              [N4:Y] LFLAG ':' 11 (11)
2026-03-20 18:51:53:348 [OUT] 25 A5 01 04 31 03 88 00 50 11 08 (11)
                              [N4:Y] RUN 0 80 (80)
2026-03-20 18:51:53:351 [IN ] C8 24 03 18 25 A5 03 01 31 03 CF 00 00 07 89 25 A5 03 01 31 05 E6 3D 77 00 00 D4 6F 00 (29)
                              [N3:X] MOTOR_I 0 0 (0)
                              [N3:X] [undefined] 61 119 0 0 (1031208960)
2026-03-20 18:51:53:454 [IN ] C8 24 0C 0B 25 A5 0C 01 31 03 C9 3A 0B 4F 35 25 C8 24 03 18 25 A5 03 01 31 03 CF 00 00 07 89 25 A5 03 01 31 05 E6 3D 77 00 00 D4 6F 00 (45)
                              [N12:Z] LFLAG ':' 11 (11)
                              [N3:X] MOTOR_I 0 0 (0)
                              [N3:X] [undefined] 61 119 0 0 (1031208960)
2026-03-20 18:51:53:475 [OUT] 25 A5 01 0C 31 03 88 00 50 19 38 (11)
                              [N12:Z] RUN 0 80 (80)
2026-03-20 18:51:53:557 [IN ] C8 24 03 18 25 A5 03 01 31 03 CF 00 00 07 89 25 A5 03 01 31 05 E6 3D 77 00 00 D4 6F 00 C8 24 08 0B 25 A5 08 01 31 03 CA 3A 09 4A 1A 25 (45)
                              [N3:X] MOTOR_I 0 0 (0)
                              [N3:X] [undefined] 61 119 0 0 (1031208960)
                              [N8:R] RFLAG ':' 9 (9)
2026-03-20 18:51:53:660 [IN ] C8 24 03 18 25 A5 03 01 31 03 CF 00 00 07 89 25 A5 03 01 31 05 E6 3D 77 00 00 D4 6F 00 (29)
                              [N3:X] MOTOR_I 0 0 (0)
                              [N3:X] [undefined] 61 119 0 0 (1031208960)
2026-03-20 18:51:53:681 [IN ] C8 24 03 0C 25 A5 03 01 31 04 88 53 00 50 64 C2 A5 (17)
                              [N3:X] RUN 'S' 0 80 (80)
2026-03-20 18:51:53:764 [IN ] C8 24 03 18 25 A5 03 01 31 03 CF 00 56 5D DF 25 A5 03 01 31 05 E6 3D 77 00 50 24 BF 00 (29)
                              [N3:X] MOTOR_I 0 86 (86)
                              [N3:X] [undefined] 61 119 0 80 (1031209040)
2026-03-20 18:51:53:785 [IN ] C8 24 04 0C 25 A5 04 01 31 04 88 53 00 50 65 CA A5 (17)
                              [N4:Y] RUN 'S' 0 80 (80)
2026-03-20 18:51:53:867 [IN ] C8 24 03 18 25 A5 03 01 31 03 CF 00 3C 43 C5 25 A5 03 01 31 05 E6 3D 77 00 50 24 BF 00 (29)
                              [N3:X] MOTOR_I 0 60 (60)
                              [N3:X] [undefined] 61 119 0 80 (1031209040)
2026-03-20 18:51:53:889 [IN ] C8 24 0C 0C 25 A5 0C 01 31 04 88 53 00 50 6D 0A A5 (17)
                              [N12:Z] RUN 'S' 0 80 (80)
2026-03-20 18:51:54:090 [IN ] C8 24 03 18 25 A5 03 01 31 03 CF 00 4D 54 D6 25 A5 03 01 31 05 E6 3D 77 00 50 24 BF 00 C8 24 03 18 25 A5 03 01 31 03 CF 00 41 48 CA 25 A5 03 01 31 05 E6 3D 77 00 50 24 BF 00 (58)
                              [N3:X] MOTOR_I 0 77 (77)
                              [N3:X] [undefined] 61 119 0 80 (1031209040)
                              [N3:X] MOTOR_I 0 65 (65)
                              [N3:X] [undefined] 61 119 0 80 (1031209040)
2026-03-20 18:51:54:291 [IN ] C8 24 03 18 25 A5 03 01 31 03 CF 00 3A 41 C3 25 A5 03 01 31 05 E6 3D 77 00 50 24 BF 00 C8 24 03 0E 25 A5 03 01 31 03 CF 00 4F 56 D8 25 A5 03 01 C8 24 03 0A 01 31 05 E6 3D 77 00 50 24 BF D8 (63)
                              [N3:X] MOTOR_I 0 58 (58)
                              [N3:X] [undefined] 61 119 0 80 (1031209040)
                              [N3:X] MOTOR_I 0 79 (79)
                              [N3:X] [undefined] 61 119 0 80 (1031209040)
2026-03-20 18:51:54:492 [IN ] C8 24 03 15 25 A5 03 01 31 03 CF 00 56 5D DF 25 A5 03 01 31 05 E6 3D 77 00 50 C8 24 03 1B 50 24 BF 25 A5 03 01 31 03 CF 00 46 4D CF 25 A5 03 01 31 05 E6 3D 77 00 50 24 BF 00 (58)
                              [N3:X] MOTOR_I 0 86 (86)
                              [N3:X] [undefined] 61 119 0 80 (1031209040)
                              [N3:X] MOTOR_I 0 70 (70)
                              [N3:X] [undefined] 61 119 0 80 (1031209040)
2026-03-20 18:51:54:693 [IN ] C8 24 03 18 25 A5 03 01 31 03 CF 00 50 57 D9 25 A5 03 01 31 05 E6 3D 77 00 50 24 BF 50 C8 24 03 18 25 A5 03 01 31 03 CF 00 46 4D CF 25 A5 03 01 31 05 E6 3D 77 00 50 24 BF 50 (58)
                              [N3:X] MOTOR_I 0 80 (80)
                              [N3:X] [undefined] 61 119 0 80 (1031209040)
                              [N3:X] MOTOR_I 0 70 (70)
                              [N3:X] [undefined] 61 119 0 80 (1031209040)
2026-03-20 18:51:54:895 [IN ] C8 24 03 18 25 A5 03 01 31 03 CF 00 34 3B BD 25 A5 03 01 31 05 E6 3D 77 00 50 24 BF 50 C8 24 03 18 25 A5 03 01 31 03 CF 00 53 5A DC 25 A5 03 01 31 05 E6 3D 77 00 50 24 BF 50 (58)
                              [N3:X] MOTOR_I 0 52 (52)
                              [N3:X] [undefined] 61 119 0 80 (1031209040)
                              [N3:X] MOTOR_I 0 83 (83)
                              [N3:X] [undefined] 61 119 0 80 (1031209040)
2026-03-20 18:51:55:096 [IN ] C8 24 03 18 25 A5 03 01 31 03 CF 00 34 3B BD 25 A5 03 01 31 05 E6 3D 77 00 50 24 BF 50 C8 24 03 18 25 A5 03 01 31 03 CF 00 32 39 BB 25 A5 03 01 31 05 E6 3D 77 00 50 24 BF 50 (58)
                              [N3:X] MOTOR_I 0 52 (52)
                              [N3:X] [undefined] 61 119 0 80 (1031209040)
                              [N3:X] MOTOR_I 0 50 (50)
                              [N3:X] [undefined] 61 119 0 80 (1031209040)
2026-03-20 18:51:55:297 [IN ] C8 24 03 18 25 A5 03 01 31 03 CF 00 56 5D DF 25 A5 03 01 31 05 E6 3D 77 00 50 24 BF 50 C8 24 03 18 25 A5 03 01 31 03 CF 00 2F 36 B8 25 A5 03 01 31 05 E6 3D 77 00 50 24 BF 50 (58)
                              [N3:X] MOTOR_I 0 86 (86)
                              [N3:X] [undefined] 61 119 0 80 (1031209040)
                              [N3:X] MOTOR_I 0 47 (47)
                              [N3:X] [undefined] 61 119 0 80 (1031209040)
2026-03-20 18:51:55:498 [IN ] C8 24 03 18 25 A5 03 01 31 03 CF 00 4D 54 D6 25 A5 03 01 31 05 E6 3D 77 00 50 24 BF 50 C8 24 03 18 25 A5 03 01 31 03 CF 00 4A 51 D3 25 A5 03 01 31 05 E6 3D 77 00 50 24 BF 50 (58)
                              [N3:X] MOTOR_I 0 77 (77)
                              [N3:X] [undefined] 61 119 0 80 (1031209040)
                              [N3:X] MOTOR_I 0 74 (74)
                              [N3:X] [undefined] 61 119 0 80 (1031209040)
2026-03-20 18:51:55:700 [IN ] C8 24 03 0E 25 A5 03 01 31 03 CF 00 4F 56 D8 25 A5 03 01 C8 24 03 0A 01 31 05 E6 3D 77 00 50 24 BF D8 C8 24 03 18 25 A5 03 01 31 03 CF 00 36 3D BF 25 A5 03 01 31 05 E6 3D 77 00 50 24 BF 50 (63)
                              [N3:X] MOTOR_I 0 79 (79)
                              [N3:X] [undefined] 61 119 0 80 (1031209040)
                              [N3:X] MOTOR_I 0 54 (54)
                              [N3:X] [undefined] 61 119 0 80 (1031209040)
2026-03-20 18:51:55:901 [IN ] C8 24 03 18 25 A5 03 01 31 03 CF 00 4D 54 D6 25 A5 03 01 31 05 E6 3D 77 00 50 24 BF 50 C8 24 03 18 25 A5 03 01 31 03 CF 00 4F 56 D8 25 A5 03 01 31 05 E6 3D 77 00 50 24 BF 50 (58)
                              [N3:X] MOTOR_I 0 77 (77)
                              [N3:X] [undefined] 61 119 0 80 (1031209040)
                              [N3:X] MOTOR_I 0 79 (79)
                              [N3:X] [undefined] 61 119 0 80 (1031209040)
2026-03-20 18:51:56:102 [IN ] C8 24 03 18 25 A5 03 01 31 03 CF 00 50 57 D9 25 A5 03 01 31 05 E6 3D 77 00 50 24 BF 50 C8 24 03 18 25 A5 03 01 31 03 CF 00 3B 42 C4 25 A5 03 01 31 05 E6 3D 77 00 50 24 BF 50 (58)
                              [N3:X] MOTOR_I 0 80 (80)
                              [N3:X] [undefined] 61 119 0 80 (1031209040)
                              [N3:X] MOTOR_I 0 59 (59)
                              [N3:X] [undefined] 61 119 0 80 (1031209040)
2026-03-20 18:51:56:304 [IN ] C8 24 03 18 25 A5 03 01 31 03 CF 00 4B 52 D4 25 A5 03 01 31 05 E6 3D 77 00 50 24 BF 50 C8 24 03 18 25 A5 03 01 31 03 CF 00 43 4A CC 25 A5 03 01 31 05 E6 3D 77 00 50 24 BF 50 (58)
                              [N3:X] MOTOR_I 0 75 (75)
                              [N3:X] [undefined] 61 119 0 80 (1031209040)
                              [N3:X] MOTOR_I 0 67 (67)
                              [N3:X] [undefined] 61 119 0 80 (1031209040)
2026-03-20 18:51:56:505 [IN ] C8 24 03 18 25 A5 03 01 31 03 CF 00 46 4D CF 25 A5 03 01 31 05 E6 3D 77 00 50 24 BF 50 C8 24 03 18 25 A5 03 01 31 03 CF 00 2D 34 B6 25 A5 03 01 31 05 E6 3D 77 00 50 24 BF 50 (58)
                              [N3:X] MOTOR_I 0 70 (70)
                              [N3:X] [undefined] 61 119 0 80 (1031209040)
                              [N3:X] MOTOR_I 0 45 (45)
                              [N3:X] [undefined] 61 119 0 80 (1031209040)
2026-03-20 18:51:56:707 [IN ] C8 24 03 18 25 A5 03 01 31 03 CF 00 35 3C BE 25 A5 03 01 31 05 E6 3D 77 00 50 24 BF 50 C8 24 03 18 25 A5 03 01 31 03 CF 00 4A 51 D3 25 A5 03 01 31 05 E6 3D 77 00 50 24 BF 50 (58)
                              [N3:X] MOTOR_I 0 53 (53)
                              [N3:X] [undefined] 61 119 0 80 (1031209040)
                              [N3:X] MOTOR_I 0 74 (74)
                              [N3:X] [undefined] 61 119 0 80 (1031209040)
2026-03-20 18:51:56:909 [IN ] C8 24 03 18 25 A5 03 01 31 03 CF 00 48 4F D1 25 A5 03 01 31 05 E6 3D 77 00 50 24 BF 50 C8 24 03 0E 25 A5 03 01 31 03 CF 00 33 3A BC 25 A5 03 01 C8 24 03 0A 01 31 05 E6 3D 77 00 50 24 BF BC (63)
                              [N3:X] MOTOR_I 0 72 (72)
                              [N3:X] [undefined] 61 119 0 80 (1031209040)
                              [N3:X] MOTOR_I 0 51 (51)
                              [N3:X] [undefined] 61 119 0 80 (1031209040)
2026-03-20 18:51:57:110 [IN ] C8 24 03 18 25 A5 03 01 31 03 CF 00 4C 53 D5 25 A5 03 01 31 05 E6 3D 77 00 50 24 BF 50 C8 24 03 18 25 A5 03 01 31 03 CF 00 38 3F C1 25 A5 03 01 31 05 E6 3D 77 00 50 24 BF 50 (58)
                              [N3:X] MOTOR_I 0 76 (76)
                              [N3:X] [undefined] 61 119 0 80 (1031209040)
                              [N3:X] MOTOR_I 0 56 (56)
                              [N3:X] [undefined] 61 119 0 80 (1031209040)
2026-03-20 18:51:57:311 [IN ] C8 24 03 18 25 A5 03 01 31 03 CF 00 40 47 C9 25 A5 03 01 31 05 E6 3D 77 00 50 24 BF 50 C8 24 03 18 25 A5 03 01 31 03 CF 00 48 4F D1 25 A5 03 01 31 05 E6 3D 77 00 50 24 BF 50 (58)
                              [N3:X] MOTOR_I 0 64 (64)
                              [N3:X] [undefined] 61 119 0 80 (1031209040)
                              [N3:X] MOTOR_I 0 72 (72)
                              [N3:X] [undefined] 61 119 0 80 (1031209040)
2026-03-20 18:51:57:513 [IN ] C8 24 03 18 25 A5 03 01 31 03 CF 00 4C 53 D5 25 A5 03 01 31 05 E6 3D 77 00 50 24 BF 50 C8 24 03 18 25 A5 03 01 31 03 CF 00 3C 43 C5 25 A5 03 01 31 05 E6 3D 77 00 50 24 BF 50 (58)
                              [N3:X] MOTOR_I 0 76 (76)
                              [N3:X] [undefined] 61 119 0 80 (1031209040)
                              [N3:X] MOTOR_I 0 60 (60)
                              [N3:X] [undefined] 61 119 0 80 (1031209040)
2026-03-20 18:51:57:714 [IN ] C8 24 03 18 25 A5 03 01 31 03 CF 00 2C 33 B5 25 A5 03 01 31 05 E6 3D 77 00 50 24 BF 50 C8 24 03 18 25 A5 03 01 31 03 CF 00 2A 31 B3 25 A5 03 01 31 05 E6 3D 77 00 50 24 BF 50 (58)
                              [N3:X] MOTOR_I 0 44 (44)
                              [N3:X] [undefined] 61 119 0 80 (1031209040)
                              [N3:X] MOTOR_I 0 42 (42)
                              [N3:X] [undefined] 61 119 0 80 (1031209040)
2026-03-20 18:51:57:916 [IN ] C8 24 03 18 25 A5 03 01 31 03 CF 00 31 38 BA 25 A5 03 01 31 05 E6 3D 77 00 50 24 BF 50 C8 24 03 18 25 A5 03 01 31 03 CF 00 40 47 C9 25 A5 03 01 31 05 E6 3D 77 00 50 24 BF 50 (58)
                              [N3:X] MOTOR_I 0 49 (49)
                              [N3:X] [undefined] 61 119 0 80 (1031209040)
                              [N3:X] MOTOR_I 0 64 (64)
                              [N3:X] [undefined] 61 119 0 80 (1031209040)
2026-03-20 18:51:58:118 [IN ] C8 24 03 18 25 A5 03 01 31 03 CF 00 45 4C CE 25 A5 03 01 31 05 E6 3D 77 00 50 24 BF 50 C8 24 03 18 25 A5 03 01 31 03 CF 00 4C 53 D5 25 A5 03 01 31 05 E6 3D 77 00 50 24 BF 50 (58)
                              [N3:X] MOTOR_I 0 69 (69)
                              [N3:X] [undefined] 61 119 0 80 (1031209040)
                              [N3:X] MOTOR_I 0 76 (76)
                              [N3:X] [undefined] 61 119 0 80 (1031209040)
2026-03-20 18:51:58:319 [IN ] C8 24 03 15 25 A5 03 01 31 03 CF 00 4C 53 D5 25 A5 03 01 31 05 E6 3D 77 00 50 C8 24 03 1B 50 24 BF 25 A5 03 01 31 03 CF 00 3A 41 C3 25 A5 03 01 31 05 E6 3D 77 00 50 24 BF 00 (58)
                              [N3:X] MOTOR_I 0 76 (76)
                              [N3:X] [undefined] 61 119 0 80 (1031209040)
                              [N3:X] MOTOR_I 0 58 (58)
                              [N3:X] [undefined] 61 119 0 80 (1031209040)
2026-03-20 18:51:58:520 [IN ] C8 24 03 18 25 A5 03 01 31 03 CF 00 4D 54 D6 25 A5 03 01 31 05 E6 3D 77 00 50 24 BF 50 C8 24 03 18 25 A5 03 01 31 03 CF 00 42 49 CB 25 A5 03 01 31 05 E6 3D 77 00 50 24 BF 50 (58)
                              [N3:X] MOTOR_I 0 77 (77)
                              [N3:X] [undefined] 61 119 0 80 (1031209040)
                              [N3:X] MOTOR_I 0 66 (66)
                              [N3:X] [undefined] 61 119 0 80 (1031209040)
2026-03-20 18:51:58:721 [IN ] C8 24 03 18 25 A5 03 01 31 03 CF 00 3C 43 C5 25 A5 03 01 31 05 E6 3D 77 00 50 24 BF 50 C8 24 03 18 25 A5 03 01 31 03 CF 00 2F 36 B8 25 A5 03 01 31 05 E6 3D 77 00 50 24 BF 50 (58)
                              [N3:X] MOTOR_I 0 60 (60)
                              [N3:X] [undefined] 61 119 0 80 (1031209040)
                              [N3:X] MOTOR_I 0 47 (47)
                              [N3:X] [undefined] 61 119 0 80 (1031209040)
2026-03-20 18:51:58:923 [IN ] C8 24 03 18 25 A5 03 01 31 03 CF 00 4A 51 D3 25 A5 03 01 31 05 E6 3D 77 00 50 24 BF 50 C8 24 03 18 25 A5 03 01 31 03 CF 00 43 4A CC 25 A5 03 01 31 05 E6 3D 77 00 50 24 BF 50 (58)
                              [N3:X] MOTOR_I 0 74 (74)
                              [N3:X] [undefined] 61 119 0 80 (1031209040)
                              [N3:X] MOTOR_I 0 67 (67)
                              [N3:X] [undefined] 61 119 0 80 (1031209040)
2026-03-20 18:51:59:125 [IN ] C8 24 03 18 25 A5 03 01 31 03 CF 00 49 50 D2 25 A5 03 01 31 05 E6 3D 77 00 50 24 BF 50 C8 24 03 18 25 A5 03 01 31 03 CF 00 47 4E D0 25 A5 03 01 31 05 E6 3D 77 00 50 24 BF 50 (58)
                              [N3:X] MOTOR_I 0 73 (73)
                              [N3:X] [undefined] 61 119 0 80 (1031209040)
                              [N3:X] MOTOR_I 0 71 (71)
                              [N3:X] [undefined] 61 119 0 80 (1031209040)
2026-03-20 18:51:59:326 [IN ] C8 24 03 18 25 A5 03 01 31 03 CF 00 3C 43 C5 25 A5 03 01 31 05 E6 3D 77 00 50 24 BF 50 C8 24 03 18 25 A5 03 01 31 03 CF 00 38 3F C1 25 A5 03 01 31 05 E6 3D 77 00 50 24 BF 50 (58)
                              [N3:X] MOTOR_I 0 60 (60)
                              [N3:X] [undefined] 61 119 0 80 (1031209040)
                              [N3:X] MOTOR_I 0 56 (56)
                              [N3:X] [undefined] 61 119 0 80 (1031209040)
2026-03-20 18:51:59:527 [IN ] C8 24 03 0E 25 A5 03 01 31 03 CF 00 45 4C CE 25 A5 03 01 C8 24 03 0A 01 31 05 E6 3D 77 00 50 24 BF CE C8 24 03 15 25 A5 03 01 31 03 CF 00 2A 31 B3 25 A5 03 01 31 05 E6 3D 77 00 50 (60)
                              [N3:X] MOTOR_I 0 69 (69)
                              [N3:X] [undefined] 61 119 0 80 (1031209040)
                              [N3:X] MOTOR_I 0 42 (42)
2026-03-20 18:51:59:729 [IN ] C8 24 03 1B 50 24 BF 25 A5 03 01 31 03 CF 00 34 3B BD 25 A5 03 01 31 05 E6 3D 77 00 50 24 BF 00 C8 24 03 18 25 A5 03 01 31 03 CF 00 38 3F C1 25 A5 03 01 31 05 E6 3D 77 00 50 24 BF 50 (61)
                              [N3:X] [undefined] 61 119 0 80 (1031209040)
                              [N3:X] MOTOR_I 0 52 (52)
                              [N3:X] [undefined] 61 119 0 80 (1031209040)
                              [N3:X] MOTOR_I 0 56 (56)
                              [N3:X] [undefined] 61 119 0 80 (1031209040)
2026-03-20 18:51:59:930 [IN ] C8 24 03 18 25 A5 03 01 31 03 CF 00 42 49 CB 25 A5 03 01 31 05 E6 3D 77 00 50 24 BF 50 C8 24 03 18 25 A5 03 01 31 03 CF 00 3E 45 C7 25 A5 03 01 31 05 E6 3D 77 00 50 24 BF 50 (58)
                              [N3:X] MOTOR_I 0 66 (66)
                              [N3:X] [undefined] 61 119 0 80 (1031209040)
                              [N3:X] MOTOR_I 0 62 (62)
                              [N3:X] [undefined] 61 119 0 80 (1031209040)
2026-03-20 18:52:00:131 [IN ] C8 24 03 18 25 A5 03 01 31 03 CF 00 40 47 C9 25 A5 03 01 31 05 E6 3D 77 00 50 24 BF 50 C8 24 03 18 25 A5 03 01 31 03 CF 00 34 3B BD 25 A5 03 01 31 05 E6 3D 77 00 50 24 BF 50 (58)
                              [N3:X] MOTOR_I 0 64 (64)
                              [N3:X] [undefined] 61 119 0 80 (1031209040)
                              [N3:X] MOTOR_I 0 52 (52)
                              [N3:X] [undefined] 61 119 0 80 (1031209040)
2026-03-20 18:52:00:335 [IN ] C8 24 03 18 25 A5 03 01 31 03 CF 00 33 3A BC 25 A5 03 01 31 05 E6 3D 77 00 50 24 BF 50 C8 24 03 18 25 A5 03 01 31 03 CF 00 31 38 BA 25 A5 03 01 31 05 E6 3D 77 00 50 24 BF 50 (58)
                              [N3:X] MOTOR_I 0 51 (51)
                              [N3:X] [undefined] 61 119 0 80 (1031209040)
                              [N3:X] MOTOR_I 0 49 (49)
                              [N3:X] [undefined] 61 119 0 80 (1031209040)
2026-03-20 18:52:00:537 [IN ] C8 24 03 18 25 A5 03 01 31 03 CF 00 27 2E B0 25 A5 03 01 31 05 E6 3D 77 00 50 24 BF 50 C8 24 03 18 25 A5 03 01 31 03 CF 00 2E 35 B7 25 A5 03 01 31 05 E6 3D 77 00 50 24 BF 50 (58)
                              [N3:X] MOTOR_I 0 39 (39)
                              [N3:X] [undefined] 61 119 0 80 (1031209040)
                              [N3:X] MOTOR_I 0 46 (46)
                              [N3:X] [undefined] 61 119 0 80 (1031209040)
2026-03-20 18:52:00:738 [IN ] C8 24 03 18 25 A5 03 01 31 03 CF 00 35 3C BE 25 A5 03 01 31 05 E6 3D 77 00 50 24 BF 50 C8 24 03 0E 25 A5 03 01 31 03 CF 00 46 4D CF 25 A5 03 01 C8 24 03 0A 01 31 05 E6 3D 77 00 50 24 BF CF (63)
                              [N3:X] MOTOR_I 0 53 (53)
                              [N3:X] [undefined] 61 119 0 80 (1031209040)
                              [N3:X] MOTOR_I 0 70 (70)
                              [N3:X] [undefined] 61 119 0 80 (1031209040)
2026-03-20 18:52:00:940 [IN ] C8 24 03 18 25 A5 03 01 31 03 CF 00 3A 41 C3 25 A5 03 01 31 05 E6 3D 77 00 50 24 BF 50 C8 24 03 18 25 A5 03 01 31 03 CF 00 3B 42 C4 25 A5 03 01 31 05 E6 3D 77 00 50 24 BF 50 (58)
                              [N3:X] MOTOR_I 0 58 (58)
                              [N3:X] [undefined] 61 119 0 80 (1031209040)
                              [N3:X] MOTOR_I 0 59 (59)
                              [N3:X] [undefined] 61 119 0 80 (1031209040)
2026-03-20 18:52:01:142 [IN ] C8 24 03 18 25 A5 03 01 31 03 CF 00 2B 32 B4 25 A5 03 01 31 05 E6 3D 77 00 50 24 BF 50 C8 24 04 0B 25 A5 04 01 31 03 81 5A 4C 60 A6 25 C8 24 03 18 25 A5 03 01 31 03 CF 00 27 2E B0 25 A5 03 01 
31 05 E6 3D 77 00 50 24 BF 50 C8 24 04 0A 25 A5 04 01 31 02 81 49 02 32 B0 (89)
                              [N3:X] MOTOR_I 0 43 (43)
                              [N3:X] [undefined] 61 119 0 80 (1031209040)
                              [N4:Y] TPOS 'Z' 76 (76)
                              [N3:X] MOTOR_I 0 39 (39)
                              [N3:X] [undefined] 61 119 0 80 (1031209040)
                              [N4:Y] TPOS 'I'
2026-03-20 18:52:01:365 [OUT] 25 A5 01 09 31 02 D8 3F 54 EC (10)
                              [N9:P] INTERRUPT '?'
2026-03-20 18:52:01:366 [IN ] C8 24 03 18 25 A5 03 01 31 03 CF 00 3C 43 C5 25 A5 03 01 31 05 E6 3D 77 00 50 24 BF 50 C8 24 03 18 25 A5 03 01 31 03 CF 00 2A 31 B3 25 A5 03 01 31 05 E6 3D 77 00 50 24 BF 50 (58)
                              [N3:X] MOTOR_I 0 60 (60)
                              [N3:X] [undefined] 61 119 0 80 (1031209040)
                              [N3:X] MOTOR_I 0 42 (42)
                              [N3:X] [undefined] 61 119 0 80 (1031209040)
2026-03-20 18:52:01:666 [IN ] C8 24 03 18 25 A5 03 01 31 03 CF 00 39 40 C2 25 A5 03 01 31 05 E6 3D 77 00 50 24 BF 50 C8 24 09 0C 25 A5 09 01 31 04 D8 3A 01 01 53 9A A5 C8 24 03 18 25 A5 03 01 31 03 CF 00 34 3B BD 25 A5 03 
01 31 05 E6 3D 77 00 50 24 BF 50 C8 24 03 18 25 A5 03 01 31 03 CF 00 24 2B AD 25 A5 03 01 31 05 E6 3D 77 00 50 24 BF 50 (104)
                              [N3:X] MOTOR_I 0 57 (57)
                              [N3:X] [undefined] 61 119 0 80 (1031209040)
                              [N9:P] INTERRUPT ':' 1 1 (257)
                              [N3:X] MOTOR_I 0 52 (52)
                              [N3:X] [undefined] 61 119 0 80 (1031209040)
                              [N3:X] MOTOR_I 0 36 (36)
                              [N3:X] [undefined] 61 119 0 80 (1031209040)
2026-03-20 18:52:01:688 [OUT] 25 A5 01 04 31 03 C9 3D 09 48 FE (11)
                              [N4:Y] LFLAG '=' 9 (9)
2026-03-20 18:52:01:710 [OUT] 25 A5 01 07 31 02 D8 3F 52 E2 (10)
                              [N7:N] INTERRUPT '?'
2026-03-20 18:52:02:011 [IN ] C8 24 03 18 25 A5 03 01 31 03 CF 00 23 2A AC 25 A5 03 01 31 05 E6 3D 77 00 50 24 BF 50 C8 24 03 18 25 A5 03 01 31 03 CF 00 35 3C BE 25 A5 03 01 31 05 E6 3D 77 00 50 24 BF 50 C8 24 04 0B 25 A5 
04 01 31 03 C9 3A 09 45 FB 25 C8 24 03 18 25 A5 03 01 31 03 CF 00 25 2C AE 25 A5 03 01 31 05 E6 3D 77 00 50 24 BF 50 C8 24 07 0C 25 A5 07 01 31 04 D8 3A 01 01 51 8A A5 C8 24 03 15 25 A5 03 01 
31 03 CF 00 3A 41 C3 25 A5 03 01 31 05 E6 3D 77 00 50 (146)
                              [N3:X] MOTOR_I 0 35 (35)
                              [N3:X] [undefined] 61 119 0 80 (1031209040)
                              [N3:X] MOTOR_I 0 53 (53)
                              [N3:X] [undefined] 61 119 0 80 (1031209040)
                              [N4:Y] LFLAG ':' 9 (9)
                              [N3:X] MOTOR_I 0 37 (37)
                              [N3:X] [undefined] 61 119 0 80 (1031209040)
                              [N7:N] INTERRUPT ':' 1 1 (257)
                              [N3:X] MOTOR_I 0 58 (58)
2026-03-20 18:52:02:033 [OUT] 25 A5 01 09 31 03 C9 3D 0B 4F 1E (11)
                              [N9:P] LFLAG '=' 11 (11)
2026-03-20 18:52:02:056 [OUT] 25 A5 01 07 31 03 C9 3D 0B 4D 12 (11)
                              [N7:N] LFLAG '=' 11 (11)
2026-03-20 18:52:02:119 [IN ] C8 24 03 1B 50 24 BF 25 A5 03 01 31 03 CF 00 27 2E B0 25 A5 03 01 31 05 E6 3D 77 00 50 24 BF 00 (32)
                              [N3:X] [undefined] 61 119 0 80 (1031209040)
                              [N3:X] MOTOR_I 0 39 (39)
                              [N3:X] [undefined] 61 119 0 80 (1031209040)
2026-03-20 18:52:02:184 [IN ] C8 24 09 0B 25 A5 09 01 31 03 C9 3A 0B 4C 20 27 (16)
                              [N9:P] LFLAG ':' 11 (11)
2026-03-20 18:52:02:205 [OUT] 25 A5 01 09 31 03 88 00 50 16 26 (11)
                              [N9:P] RUN 0 80 (80)
2026-03-20 18:52:02:227 [IN ] C8 24 03 18 25 A5 03 01 31 03 CF 00 2C 33 B5 25 A5 03 01 31 05 E6 3D 77 00 50 24 BF 50 (29)
                              [N3:X] MOTOR_I 0 44 (44)
                              [N3:X] [undefined] 61 119 0 80 (1031209040)
2026-03-20 18:52:02:311 [IN ] C8 24 07 0B 25 A5 07 01 31 03 C9 3A 0B 4A 12 25 C8 24 03 18 25 A5 03 01 31 03 CF 00 26 2D AF 25 A5 03 01 31 05 E6 3D 77 00 50 24 BF 50 (45)
                              [N7:N] LFLAG ':' 11 (11)
                              [N3:X] MOTOR_I 0 38 (38)
                              [N3:X] [undefined] 61 119 0 80 (1031209040)
2026-03-20 18:52:02:332 [OUT] 25 A5 01 07 31 03 88 00 50 14 1A (11)
                              [N7:N] RUN 0 80 (80)
2026-03-20 18:52:02:415 [IN ] C8 24 09 0C 25 A5 09 01 31 04 88 53 00 50 6A F2 A5 (17)
                              [N9:P] RUN 'S' 0 80 (80)
2026-03-20 18:52:02:436 [IN ] C8 24 03 18 25 A5 03 01 31 03 CF 00 38 3F C1 25 A5 03 01 31 05 E6 3D 77 00 50 24 BF 50 (29)
                              [N3:X] MOTOR_I 0 56 (56)
                              [N3:X] [undefined] 61 119 0 80 (1031209040)
2026-03-20 18:52:02:458 [IN ] C8 24 09 0B 25 A5 09 01 31 03 81 5A 4C 65 C9 25 (16)
                              [N9:P] TPOS 'Z' 76 (76)
2026-03-20 18:52:02:500 [IN ] C8 24 09 0A 25 A5 09 01 31 02 81 49 07 50 C9 (15)
                              [N9:P] TPOS 'I'
2026-03-20 18:52:02:525 [IN ] C8 24 03 18 25 A5 03 01 31 03 CF 00 32 39 BB 25 A5 03 01 31 05 E6 3D 77 00 50 24 BF 50 C8 24 07 0C 25 A5 07 01 31 04 88 53 00 50 68 E2 A5 (46)
                              [N3:X] MOTOR_I 0 50 (50)
                              [N3:X] [undefined] 61 119 0 80 (1031209040)
                              [N7:N] RUN 'S' 0 80 (80)
2026-03-20 18:52:02:547 [OUT] 25 A5 01 09 31 03 C9 3D 09 4D 1C (11)
                              [N9:P] LFLAG '=' 9 (9)
2026-03-20 18:52:02:568 [OUT] 25 A5 01 04 31 05 81 FF EE 88 01 32 FA (13)
                              [N4:Y] TPOS 255 238 136 1 (-1144831)
2026-03-20 18:52:02:630 [IN ] C8 24 03 18 25 A5 03 01 31 03 CF 00 26 2D AF 25 A5 03 01 31 05 E6 3D 77 00 50 24 BF 50 (29)
                              [N3:X] MOTOR_I 0 38 (38)
                              [N3:X] [undefined] 61 119 0 80 (1031209040)
2026-03-20 18:52:02:692 [IN ] C8 24 09 0B 25 A5 09 01 31 03 C9 3A 09 4A 1E 25 (16)
                              [N9:P] LFLAG ':' 9 (9)
2026-03-20 18:52:02:735 [IN ] C8 24 03 18 25 A5 03 01 31 03 CF 00 25 2C AE 25 A5 03 01 31 05 E6 3D 77 00 50 24 BF 50 (29)
                              [N3:X] MOTOR_I 0 37 (37)
                              [N3:X] [undefined] 61 119 0 80 (1031209040)
2026-03-20 18:52:02:837 [IN ] C8 24 03 18 25 A5 03 01 31 03 CF 00 1E 25 A7 25 A5 03 01 31 05 E6 3D 77 00 50 24 BF 50 C8 24 04 0E 25 A5 04 01 31 06 81 53 00 00 00 01 11 89 01 (48)
                              [N3:X] MOTOR_I 0 30 (30)
                              [N3:X] [undefined] 61 119 0 80 (1031209040)
                              [N4:Y] TPOS 'S' 0 0 0 1 (1)
2026-03-20 18:52:03:039 [IN ] C8 24 03 18 25 A5 03 01 31 03 CF 00 25 2C AE 25 A5 03 01 31 05 E6 3D 77 00 50 24 BF 50 C8 24 03 18 25 A5 03 01 31 03 CF 00 23 2A AC 25 A5 03 01 31 05 E6 3D 77 00 50 24 BF 50 (58)
                              [N3:X] MOTOR_I 0 37 (37)
                              [N3:X] [undefined] 61 119 0 80 (1031209040)
                              [N3:X] MOTOR_I 0 35 (35)
                              [N3:X] [undefined] 61 119 0 80 (1031209040)
2026-03-20 18:52:03:242 [IN ] C8 24 03 18 25 A5 03 01 31 03 CF 00 20 27 A9 25 A5 03 01 31 05 E6 3D 77 00 50 24 BF 50 C8 24 03 19 25 A5 03 01 31 03 81 5A 4C 5F 9F 25 A5 03 01 31 03 CF 00 00 07 89 25 A5 03 24 C8 24 03 0A 01 
31 05 E6 3D 77 00 00 D4 6F 9F (74)
                              [N3:X] MOTOR_I 0 32 (32)
                              [N3:X] [undefined] 61 119 0 80 (1031209040)
                              [N3:X] TPOS 'Z' 76 (76)
                              [N3:X] MOTOR_I 0 0 (0)
                              [N3:X] [undefined] 61 119 0 0 (1031208960)
2026-03-20 18:52:03:443 [IN ] C8 24 03 0A 25 A5 03 01 31 02 81 49 01 2C 9F C8 24 03 15 25 A5 03 01 31 03 CF 00 00 07 89 25 A5 03 01 31 05 E6 3D 77 00 89 C8 24 03 1B 00 D4 6F 25 A5 03 01 31 03 CF 00 00 07 89 25 A5 03 01 31 
05 E6 3D 77 00 00 D4 6F 00 (73)
                              [N3:X] TPOS 'I'
                              [N3:X] MOTOR_I 0 0 (0)
                              [N3:X] [undefined] 61 119 0 0 (1031208960)
                              [N3:X] MOTOR_I 0 0 (0)
                              [N3:X] [undefined] 61 119 0 0 (1031208960)
2026-03-20 18:52:03:646 [IN ] C8 24 03 18 25 A5 03 01 31 03 CF 00 00 07 89 25 A5 03 01 31 05 E6 3D 77 00 00 D4 6F 00 C8 24 03 18 25 A5 03 01 31 03 CF 00 00 07 89 25 A5 03 01 31 05 E6 3D 77 00 00 D4 6F 00 (58)
                              [N3:X] MOTOR_I 0 0 (0)
                              [N3:X] [undefined] 61 119 0 0 (1031208960)
                              [N3:X] MOTOR_I 0 0 (0)
                              [N3:X] [undefined] 61 119 0 0 (1031208960)
2026-03-20 18:52:03:667 [OUT] 25 A5 01 03 31 03 C9 3D 09 47 F8 (11)
                              [N3:X] LFLAG '=' 9 (9)
2026-03-20 18:52:03:749 [IN ] C8 24 03 18 25 A5 03 01 31 03 CF 00 00 07 89 25 A5 03 01 31 05 E6 3D 77 00 00 D4 6F 00 (29)
                              [N3:X] MOTOR_I 0 0 (0)
                              [N3:X] [undefined] 61 119 0 0 (1031208960)
2026-03-20 18:52:03:832 [IN ] C8 24 03 23 25 A5 03 01 31 03 C9 3A 09 44 F4 25 A5 03 01 31 03 CF 00 00 07 89 25 A5 03 01 31 05 E6 3D 77 00 00 D4 6F 6A (40)
                              [N3:X] LFLAG ':' 9 (9)
                              [N3:X] MOTOR_I 0 0 (0)
                              [N3:X] [undefined] 61 119 0 0 (1031208960)
2026-03-20 18:52:04:034 [IN ] C8 24 03 18 25 A5 03 01 31 03 CF 00 00 07 89 25 A5 03 01 31 05 E6 3D 77 00 00 D4 6F 03 C8 24 03 18 25 A5 03 01 31 03 CF 00 00 07 89 25 A5 03 01 31 05 E6 3D 77 00 00 D4 6F 03 (58)
                              [N3:X] MOTOR_I 0 0 (0)
                              [N3:X] [undefined] 61 119 0 0 (1031208960)
                              [N3:X] MOTOR_I 0 0 (0)
                              [N3:X] [undefined] 61 119 0 0 (1031208960)
2026-03-20 18:52:04:236 [IN ] C8 24 03 18 25 A5 03 01 31 03 CF 00 00 07 89 25 A5 03 01 31 05 E6 3D 77 00 00 D4 6F 03 (29)
                              [N3:X] MOTOR_I 0 0 (0)
                              [N3:X] [undefined] 61 119 0 0 (1031208960)
2026-03-20 18:52:04:437 [IN ] C8 24 03 18 25 A5 03 01 31 03 CF 00 00 07 89 25 A5 03 01 31 05 E6 3D 77 00 00 D4 6F 03 C8 24 03 18 25 A5 03 01 31 03 CF 00 00 07 89 25 A5 03 01 31 05 E6 3D 77 00 00 D4 6F 03 C8 24 03 18 25 A5 
03 01 31 03 CF 00 00 (71)
                              [N3:X] MOTOR_I 0 0 (0)
                              [N3:X] [undefined] 61 119 0 0 (1031208960)
                              [N3:X] MOTOR_I 0 0 (0)
                              [N3:X] [undefined] 61 119 0 0 (1031208960)
2026-03-20 18:52:04:639 [IN ] 07 89 25 A5 03 01 31 05 E6 3D 77 00 00 D4 6F 03 C8 24 03 0E 25 A5 03 01 31 03 CF 00 00 07 89 25 A5 03 01 C8 24 03 0A 01 31 05 E6 3D 77 00 00 D4 6F 89 C8 24 03 15 25 A5 03 01 31 03 CF 00 00 07 
89 25 A5 03 01 31 05 E6 3D 77 00 00 (76)
                              [N3:X] MOTOR_I 0 0 (0)
                              [N3:X] [undefined] 61 119 0 0 (1031208960)
                              [N3:X] MOTOR_I 0 0 (0)
                              [N3:X] [undefined] 61 119 0 0 (1031208960)
                              [N3:X] MOTOR_I 0 0 (0)
2026-03-20 18:52:04:840 [IN ] C8 24 03 1B 00 D4 6F 25 A5 03 01 31 03 CF 00 00 07 89 25 A5 03 01 31 05 E6 3D 77 00 00 D4 6F 05 C8 24 03 18 25 A5 03 01 31 03 CF 00 00 07 89 25 A5 03 01 31 05 E6 3D 77 00 00 D4 6F 00 (61)
                              [N3:X] [undefined] 61 119 0 0 (1031208960)
                              [N3:X] MOTOR_I 0 0 (0)
                              [N3:X] [undefined] 61 119 0 0 (1031208960)
                              [N3:X] MOTOR_I 0 0 (0)
                              [N3:X] [undefined] 61 119 0 0 (1031208960)
2026-03-20 18:52:05:042 [IN ] C8 24 03 18 25 A5 03 01 31 03 CF 00 00 07 89 25 A5 03 01 31 05 E6 3D 77 00 00 D4 6F 00 C8 24 03 18 25 A5 03 01 31 03 CF 00 00 07 89 25 A5 03 01 31 05 E6 3D 77 00 00 D4 6F 00 (58)
                              [N3:X] MOTOR_I 0 0 (0)
                              [N3:X] [undefined] 61 119 0 0 (1031208960)
                              [N3:X] MOTOR_I 0 0 (0)
                              [N3:X] [undefined] 61 119 0 0 (1031208960)
2026-03-20 18:52:05:243 [IN ] C8 24 03 18 25 A5 03 01 31 03 CF 00 00 07 89 25 A5 03 01 31 05 E6 3D 77 00 00 D4 6F 00 C8 24 03 (32)
                              [N3:X] MOTOR_I 0 0 (0)
                              [N3:X] [undefined] 61 119 0 0 (1031208960)
2026-03-20 18:52:05:444 [IN ] 18 25 A5 03 01 31 03 CF 00 00 07 89 25 A5 03 01 31 05 E6 3D 77 00 00 D4 6F 00 C8 24 03 18 25 A5 03 01 31 03 CF 00 00 07 89 25 A5 03 01 31 05 E6 3D 77 00 00 D4 6F 00 C8 24 03 18 25 A5 03 01 31 
03 CF 00 00 07 89 25 A5 03 01 31 05 E6 3D 77 00 00 D4 6F 00 (84)
                              [N3:X] MOTOR_I 0 0 (0)
                              [N3:X] [undefined] 61 119 0 0 (1031208960)
                              [N3:X] MOTOR_I 0 0 (0)
                              [N3:X] [undefined] 61 119 0 0 (1031208960)
                              [N3:X] MOTOR_I 0 0 (0)
                              [N3:X] [undefined] 61 119 0 0 (1031208960)
2026-03-20 18:52:05:645 [IN ] C8 24 03 18 25 A5 03 01 31 03 CF 00 00 07 89 25 A5 03 01 31 05 E6 3D 77 00 00 D4 6F 00 (29)
                              [N3:X] MOTOR_I 0 0 (0)
                              [N3:X] [undefined] 61 119 0 0 (1031208960)
2026-03-20 18:52:05:847 [IN ] C8 24 03 18 25 A5 03 01 31 03 CF 00 00 07 89 25 A5 03 01 31 05 E6 3D 77 00 00 D4 6F 00 C8 24 03 18 25 A5 03 01 31 03 CF 00 00 07 89 25 A5 03 01 31 05 E6 3D 77 00 00 D4 6F 00 C8 24 03 0E 25 A5 
03 01 31 03 CF 00 00 07 89 25 A5 03 01 (77)
                              [N3:X] MOTOR_I 0 0 (0)
                              [N3:X] [undefined] 61 119 0 0 (1031208960)
                              [N3:X] MOTOR_I 0 0 (0)
                              [N3:X] [undefined] 61 119 0 0 (1031208960)
                              [N3:X] MOTOR_I 0 0 (0)
2026-03-20 18:52:06:050 [IN ] C8 24 03 0A 01 31 05 E6 3D 77 00 00 D4 6F 89 C8 24 03 15 25 A5 03 01 31 03 CF 00 00 07 89 25 A5 03 01 31 05 E6 3D 77 00 00 C8 24 03 1B 00 D4 6F 25 A5 03 01 31 03 CF 00 00 07 89 25 A5 03 01 31 
05 E6 3D 77 00 00 D4 6F 05 (73)
                              [N3:X] [undefined] 61 119 0 0 (1031208960)
                              [N3:X] MOTOR_I 0 0 (0)
                              [N3:X] [undefined] 61 119 0 0 (1031208960)
                              [N3:X] MOTOR_I 0 0 (0)
                              [N3:X] [undefined] 61 119 0 0 (1031208960)
2026-03-20 18:52:06:252 [IN ] C8 24 03 18 25 A5 03 01 31 03 CF 00 00 07 89 25 A5 03 01 31 05 E6 3D 77 00 00 D4 6F 00 C8 24 03 18 25 A5 03 01 31 03 CF 00 00 07 89 25 A5 03 01 31 05 E6 3D 77 00 00 D4 6F 00 (58)
                              [N3:X] MOTOR_I 0 0 (0)
                              [N3:X] [undefined] 61 119 0 0 (1031208960)
                              [N3:X] MOTOR_I 0 0 (0)
                              [N3:X] [undefined] 61 119 0 0 (1031208960)
2026-03-20 18:52:06:454 [IN ] C8 24 07 0B 25 A5 07 01 31 03 81 5A 4C 63 BB 25 C8 24 07 0A 25 A5 07 01 31 02 81 49 05 44 BB C8 24 03 18 25 A5 03 01 31 03 CF 00 00 07 89 25 A5 03 01 31 05 E6 3D 77 00 00 D4 6F 00 C8 24 03 18 
25 A5 03 01 31 03 CF 00 00 07 89 25 A5 03 01 31 05 E6 3D 77 00 00 D4 6F 00 (89)
                              [N7:N] TPOS 'Z' 76 (76)
                              [N7:N] TPOS 'I'
                              [N3:X] MOTOR_I 0 0 (0)
                              [N3:X] [undefined] 61 119 0 0 (1031208960)
                              [N3:X] MOTOR_I 0 0 (0)
                              [N3:X] [undefined] 61 119 0 0 (1031208960)
2026-03-20 18:52:06:656 [IN ] C8 24 03 18 25 A5 03 01 31 03 CF 00 00 07 89 25 A5 03 01 31 05 E6 3D 77 00 00 D4 6F 00 C8 24 03 18 25 A5 03 01 31 03 CF 00 00 07 89 25 A5 03 01 31 05 E6 3D 77 00 00 D4 6F 00 (58)
                              [N3:X] MOTOR_I 0 0 (0)
                              [N3:X] [undefined] 61 119 0 0 (1031208960)
                              [N3:X] MOTOR_I 0 0 (0)
                              [N3:X] [undefined] 61 119 0 0 (1031208960)
2026-03-20 18:52:06:677 [OUT] 25 A5 01 07 31 03 C9 3D 09 4B 10 (11)
                              [N7:N] LFLAG '=' 9 (9)
2026-03-20 18:52:06:760 [IN ] C8 24 03 18 25 A5 03 01 31 03 CF 00 00 07 89 25 A5 03 01 31 05 E6 3D 77 00 00 D4 6F 00 (29)
                              [N3:X] MOTOR_I 0 0 (0)
                              [N3:X] [undefined] 61 119 0 0 (1031208960)
2026-03-20 18:52:06:844 [IN ] C8 24 07 0B 25 A5 07 01 31 03 C9 3A 09 48 10 25 (16)
                              [N7:N] LFLAG ':' 9 (9)
2026-03-20 18:52:07:045 [IN ] C8 24 03 18 25 A5 03 01 31 03 CF 00 00 07 89 25 A5 03 01 31 05 E6 3D 77 00 00 D4 6F 00 C8 24 03 18 25 A5 03 01 31 03 CF 00 00 07 89 25 A5 03 01 31 05 E6 3D 77 00 00 D4 6F 00 (58)
                              [N3:X] MOTOR_I 0 0 (0)
                              [N3:X] [undefined] 61 119 0 0 (1031208960)
                              [N3:X] MOTOR_I 0 0 (0)
                              [N3:X] [undefined] 61 119 0 0 (1031208960)
2026-03-20 18:52:07:246 [IN ] C8 24 03 18 25 A5 03 01 31 03 CF 00 00 07 89 25 A5 03 01 31 05 E6 3D 77 00 00 D4 6F 00 C8 24 03 0E 25 A5 03 01 31 03 CF 00 00 07 89 25 A5 03 01 C8 24 03 0A 01 31 05 E6 3D 77 00 00 D4 6F 89 C8 
24 03 18 25 A5 03 01 31 03 CF 00 00 07 89 25 A5 03 01 31 05 E6 3D 77 00 00 D4 6F 00 (92)
                              [N3:X] MOTOR_I 0 0 (0)
                              [N3:X] [undefined] 61 119 0 0 (1031208960)
                              [N3:X] MOTOR_I 0 0 (0)
                              [N3:X] [undefined] 61 119 0 0 (1031208960)
                              [N3:X] MOTOR_I 0 0 (0)
                              [N3:X] [undefined] 61 119 0 0 (1031208960)
2026-03-20 18:52:07:448 [IN ] C8 24 03 18 25 A5 03 01 31 03 CF 00 00 07 89 25 A5 03 01 31 05 E6 3D 77 00 00 D4 6F 00 (29)
                              [N3:X] MOTOR_I 0 0 (0)
                              [N3:X] [undefined] 61 119 0 0 (1031208960)
2026-03-20 18:52:07:649 [IN ] C8 24 03 18 25 A5 03 01 31 03 CF 00 00 07 89 25 A5 03 01 31 05 E6 3D 77 00 00 D4 6F 00 C8 24 03 18 25 A5 03 01 31 03 CF 00 00 07 89 25 A5 03 01 31 05 E6 3D 77 00 00 D4 6F 00 (58)
                              [N3:X] MOTOR_I 0 0 (0)
                              [N3:X] [undefined] 61 119 0 0 (1031208960)
                              [N3:X] MOTOR_I 0 0 (0)
                              [N3:X] [undefined] 61 119 0 0 (1031208960)
2026-03-20 18:52:07:852 [IN ] C8 24 03 18 25 A5 03 01 31 03 CF 00 00 07 89 25 A5 03 01 31 05 E6 3D 77 00 00 D4 6F 00 C8 24 03 18 25 A5 03 01 31 03 CF 00 00 07 89 25 A5 03 01 31 05 E6 3D 77 00 00 D4 6F 00 (58)
                              [N3:X] MOTOR_I 0 0 (0)
                              [N3:X] [undefined] 61 119 0 0 (1031208960)
                              [N3:X] MOTOR_I 0 0 (0)
                              [N3:X] [undefined] 61 119 0 0 (1031208960)
2026-03-20 18:52:08:053 [IN ] C8 24 03 18 25 A5 03 01 31 03 CF 00 00 07 89 25 A5 03 01 31 05 E6 3D 77 00 00 D4 6F 00 C8 24 03 18 25 A5 03 01 31 03 CF 00 00 07 89 25 A5 03 01 31 05 E6 3D 77 00 00 D4 6F 00 (58)
                              [N3:X] MOTOR_I 0 0 (0)
                              [N3:X] [undefined] 61 119 0 0 (1031208960)
                              [N3:X] MOTOR_I 0 0 (0)
                              [N3:X] [undefined] 61 119 0 0 (1031208960)
2026-03-20 18:52:08:255 [IN ] C8 24 03 18 25 A5 03 01 31 03 CF 00 00 07 89 25 A5 03 01 31 05 E6 3D 77 00 00 D4 6F 00 C8 24 03 18 25 A5 03 01 31 03 CF 00 00 07 89 25 A5 03 01 31 05 E6 3D 77 00 00 D4 6F 00 (58)
                              [N3:X] MOTOR_I 0 0 (0)
                              [N3:X] [undefined] 61 119 0 0 (1031208960)
                              [N3:X] MOTOR_I 0 0 (0)
                              [N3:X] [undefined] 61 119 0 0 (1031208960)
2026-03-20 18:52:08:455 [IN ] C8 24 03 18 25 A5 03 01 31 03 CF 00 00 07 89 25 A5 03 01 31 05 E6 3D 77 00 00 D4 6F 00 C8 24 03 18 25 A5 03 01 31 03 CF 00 00 07 89 25 A5 03 01 31 05 E6 3D 77 00 00 D4 6F 00 (58)
                              [N3:X] MOTOR_I 0 0 (0)
                              [N3:X] [undefined] 61 119 0 0 (1031208960)
                              [N3:X] MOTOR_I 0 0 (0)
                              [N3:X] [undefined] 61 119 0 0 (1031208960)
2026-03-20 18:52:08:657 [IN ] C8 24 03 0E 25 A5 03 01 31 03 CF 00 00 07 89 25 A5 03 01 C8 24 03 0A 01 31 05 E6 3D 77 00 00 D4 6F 89 C8 24 03 18 25 A5 03 01 31 03 CF 00 00 07 89 25 A5 03 01 31 05 E6 3D 77 00 00 D4 6F 00 (63)
                              [N3:X] MOTOR_I 0 0 (0)
                              [N3:X] [undefined] 61 119 0 0 (1031208960)
                              [N3:X] MOTOR_I 0 0 (0)
                              [N3:X] [undefined] 61 119 0 0 (1031208960)
2026-03-20 18:52:08:860 [IN ] C8 24 03 18 25 A5 03 01 31 03 CF 00 00 07 89 25 A5 03 01 31 05 E6 3D 77 00 00 D4 6F 00 C8 24 03 18 25 A5 03 01 31 03 CF 00 00 07 89 25 A5 03 01 31 05 E6 3D 77 00 00 D4 6F 00 C8 24 03 18 25 A5 
03 01 31 03 CF 00 00 07 89 25 A5 03 01 31 05 E6 3D 77 00 00 D4 6F 00 (87)
                              [N3:X] MOTOR_I 0 0 (0)
                              [N3:X] [undefined] 61 119 0 0 (1031208960)
                              [N3:X] MOTOR_I 0 0 (0)
                              [N3:X] [undefined] 61 119 0 0 (1031208960)
                              [N3:X] MOTOR_I 0 0 (0)
                              [N3:X] [undefined] 61 119 0 0 (1031208960)
2026-03-20 18:52:09:061 [IN ] C8 24 03 18 25 A5 03 01 31 03 CF 00 00 07 89 25 A5 03 01 31 05 E6 3D 77 00 00 D4 6F 00 (29)
                              [N3:X] MOTOR_I 0 0 (0)
                              [N3:X] [undefined] 61 119 0 0 (1031208960)
2026-03-20 18:52:09:262 [IN ] C8 24 03 18 25 A5 03 01 31 03 CF 00 00 07 89 25 A5 03 01 31 05 E6 3D 77 00 00 D4 6F 00 C8 24 04 0E 25 A5 04 01 31 06 81 45 FF EE 85 D9 4D EB 01 C8 24 03 18 25 A5 03 01 31 03 CF 00 00 07 89 25 
A5 03 01 31 05 E6 3D 77 00 00 D4 6F 00 (77)
                              [N3:X] MOTOR_I 0 0 (0)
                              [N3:X] [undefined] 61 119 0 0 (1031208960)
                              [N4:Y] TPOS 'E' 255 238 133 217 (-1145383)
                              [N3:X] MOTOR_I 0 0 (0)
                              [N3:X] [undefined] 61 119 0 0 (1031208960)
2026-03-20 18:52:09:467 [IN ] C8 24 03 18 25 A5 03 01 31 03 CF 00 00 07 89 25 A5 03 01 31 05 E6 3D 77 00 00 D4 6F 00 C8 24 03 18 25 A5 03 01 31 03 CF 00 00 07 89 25 A5 03 01 31 05 E6 3D 77 00 00 D4 6F 00 (58)
                              [N3:X] MOTOR_I 0 0 (0)
                              [N3:X] [undefined] 61 119 0 0 (1031208960)
                              [N3:X] MOTOR_I 0 0 (0)
                              [N3:X] [undefined] 61 119 0 0 (1031208960)
2026-03-20 18:52:09:489 [OUT] 25 A5 01 09 31 05 81 FF E7 5D 56 5A 0C (13)
                              [N9:P] TPOS 255 231 93 86 (-1614506)
2026-03-20 18:52:09:490 [IN ] C8 24 03 18 25 A5 03 01 31 03 CF 00 00 07 89 25 A5 03 01 31 05 E6 3D 77 00 00 D4 6F 00 (29)
                              [N3:X] MOTOR_I 0 0 (0)
                              [N3:X] [undefined] 61 119 0 0 (1031208960)
2026-03-20 18:52:09:511 [OUT] 25 A5 01 04 31 05 81 FF FD 50 01 09 B7 (13)
                              [N4:Y] TPOS 255 253 80 1 (-176127)
2026-03-20 18:52:09:533 [OUT] 25 A5 01 07 31 05 81 FF AB 19 75 F7 DF (13)
                              [N7:N] TPOS 255 171 25 117 (-5564043)
2026-03-20 18:52:09:555 [OUT] 25 A5 01 03 31 05 81 FF EC 4A AB 9B 1A (13)
                              [N3:X] TPOS 255 236 74 171 (-1291605)
2026-03-20 18:52:09:578 [OUT] 25 A5 01 06 31 02 D8 3F 51 DD (10)
                              [N6:H] INTERRUPT '?'
2026-03-20 18:52:09:579 [IN ] C8 24 03 18 25 A5 03 01 31 03 CF 00 00 07 89 25 A5 03 01 31 05 E6 3D 77 00 00 D4 6F 00 (29)
                              [N3:X] MOTOR_I 0 0 (0)
                              [N3:X] [undefined] 61 119 0 0 (1031208960)
2026-03-20 18:52:09:881 [IN ] C8 24 09 0E 25 A5 09 01 31 06 81 53 FF FF FF F9 0B AA 01 C8 24 03 18 25 A5 03 01 31 03 CF 00 00 07 89 25 A5 03 01 31 05 E6 3D 77 00 00 D4 6F 00 C8 24 03 0E 25 A5 03 01 31 03 CF 00 00 07 89 25 
A5 03 01 C8 24 03 0A 01 31 05 E6 3D 77 00 00 D4 6F 89 C8 24 04 0E 25 A5 04 01 31 06 81 53 FF EE 85 D9 5B 31 01 C8 24 03 18 25 A5 03 01 31 03 CF 00 00 07 89 25 A5 03 01 31 05 E6 3D 77 00 00 D4 
6F 00 (130)
                              [N9:P] TPOS 'S' 255 255 255 249 (-7)
                              [N3:X] MOTOR_I 0 0 (0)
                              [N3:X] [undefined] 61 119 0 0 (1031208960)
                              [N3:X] MOTOR_I 0 0 (0)
                              [N3:X] [undefined] 61 119 0 0 (1031208960)
                              [N4:Y] TPOS 'S' 255 238 133 217 (-1145383)
                              [N3:X] MOTOR_I 0 0 (0)
                              [N3:X] [undefined] 61 119 0 0 (1031208960)
2026-03-20 18:52:10:182 [IN ] C8 24 07 0E 25 A5 07 01 31 06 81 53 FF FF FF FB 0B 98 01 C8 24 03 18 25 A5 03 01 31 03 CF 00 00 07 89 25 A5 03 01 31 05 E6 3D 77 00 00 D4 6F 00 C8 24 03 0E 25 A5 03 01 31 06 81 53 00 00 00 00 
0F 7E 01 C8 24 03 18 25 A5 03 01 31 03 CF 00 1D 24 A6 25 A5 03 01 31 05 E6 3D 77 FF B0 83 1D 00 C8 24 06 0C 25 A5 06 01 31 04 D8 3A 01 01 50 82 A5 C8 24 03 18 25 A5 03 01 31 03 CF 00 12 19 9B 
25 A5 03 01 31 05 E6 3D 77 FF B0 83 1D 00 (142)
                              [N7:N] TPOS 'S' 255 255 255 251 (-5)
                              [N3:X] MOTOR_I 0 0 (0)
                              [N3:X] [undefined] 61 119 0 0 (1031208960)
                              [N3:X] TPOS 'S' 0 0 0 0 (0)
                              [N3:X] MOTOR_I 0 29 (29)
                              [N3:X] [undefined] 61 119 255 176 (1031274416)
                              [N6:H] INTERRUPT ':' 1 1 (257)
                              [N3:X] MOTOR_I 0 18 (18)
                              [N3:X] [undefined] 61 119 255 176 (1031274416)
2026-03-20 18:52:10:204 [OUT] 25 A5 01 06 31 03 C9 3D 0B 4C 0C (11)
                              [N6:H] LFLAG '=' 11 (11)
2026-03-20 18:52:10:287 [IN ] C8 24 03 18 25 A5 03 01 31 03 CF 00 0A 11 93 25 A5 03 01 31 05 E6 3D 77 FF B0 83 1D 00 (29)
                              [N3:X] MOTOR_I 0 10 (10)
                              [N3:X] [undefined] 61 119 255 176 (1031274416)
2026-03-20 18:52:10:371 [IN ] C8 24 0C 0B 25 A5 0C 01 31 03 81 5A 4C 68 DE 25 C8 24 06 0B 25 A5 06 01 31 03 C9 3A 0B 49 0B 25 (32)
                              [N12:Z] TPOS 'Z' 76 (76)
                              [N6:H] LFLAG ':' 11 (11)
2026-03-20 18:52:10:393 [OUT] 25 A5 01 06 31 03 88 FF B0 72 72 (11)
                              [N6:H] RUN 255 176 (-80)
2026-03-20 18:52:10:395 [IN ] C8 24 03 18 25 A5 03 01 31 03 CF 00 0A 11 93 25 A5 03 01 31 05 E6 3D 77 FF B0 83 1D 00 (29)
                              [N3:X] MOTOR_I 0 10 (10)
                              [N3:X] [undefined] 61 119 255 176 (1031274416)
2026-03-20 18:52:10:418 [IN ] C8 24 0C 0A 25 A5 0C 01 31 02 81 49 0A 62 93 (15)
                              [N12:Z] TPOS 'I'
2026-03-20 18:52:10:466 [OUT] 25 A5 01 0C 31 03 C9 3D 09 50 2E (11)
                              [N12:Z] LFLAG '=' 9 (9)
2026-03-20 18:52:10:489 [IN ] C8 24 (2)
2026-03-20 18:52:10:510 [IN ] 03 18 25 A5 03 01 31 03 CF 00 06 0D 8F 25 A5 03 01 31 05 E6 3D 77 FF B0 83 1D 00 (27)
                              [N3:X] MOTOR_I 0 6 (6)
                              [N3:X] [undefined] 61 119 255 176 (1031274416)
2026-03-20 18:52:10:572 [IN ] C8 24 06 0C 25 A5 06 01 31 04 88 53 FF B0 C6 38 A5 (17)
                              [N6:H] RUN 'S' 255 176 (-80)
2026-03-20 18:52:10:593 [IN ] C8 24 03 18 25 A5 03 01 31 03 CF 00 0F 16 98 25 A5 03 01 31 05 E6 3D 77 FF B0 83 1D 00 (29)
                              [N3:X] MOTOR_I 0 15 (15)
                              [N3:X] [undefined] 61 119 255 176 (1031274416)
2026-03-20 18:52:10:678 [IN ] C8 24 0C 0B 25 A5 0C 01 31 03 C9 3A 09 4D 33 25 (16)
                              [N12:Z] LFLAG ':' 9 (9)
2026-03-20 18:52:10:699 [OUT] 25 A5 01 0C 31 05 81 FF BC D0 00 4F 33 (13)
                              [N12:Z] TPOS 255 188 208 0 (-4403200)
2026-03-20 18:52:10:700 [IN ] C8 24 03 18 25 A5 03 01 31 03 CF 00 0D 14 96 25 A5 03 01 31 05 E6 3D 77 FF B0 83 1D 00 (29)
                              [N3:X] MOTOR_I 0 13 (13)
                              [N3:X] [undefined] 61 119 255 176 (1031274416)
2026-03-20 18:52:10:803 [IN ] C8 24 03 18 25 A5 03 01 31 03 CF 00 07 0E 90 25 A5 03 01 31 05 E6 3D 77 FF B0 83 1D 00 (29)
                              [N3:X] MOTOR_I 0 7 (7)
                              [N3:X] [undefined] 61 119 255 176 (1031274416)
2026-03-20 18:52:10:906 [IN ] C8 24 0C 0E 25 A5 0C 01 31 06 81 53 FF FF FF 89 9E 58 01 C8 24 03 18 25 A5 03 01 31 03 CF 00 11 18 9A 25 A5 03 01 31 05 E6 3D 77 FF B0 83 1D 00 (48)
                              [N12:Z] TPOS 'S' 255 255 255 137 (-119)
                              [N3:X] MOTOR_I 0 17 (17)
                              [N3:X] [undefined] 61 119 255 176 (1031274416)
2026-03-20 18:52:11:108 [IN ] C8 24 03 18 25 A5 03 01 31 03 CF 00 06 0D 8F 25 A5 03 01 31 05 E6 3D 77 FF B0 83 1D 00 C8 24 03 0E 25 A5 03 01 31 03 CF 00 04 0B 8D 25 A5 03 01 C8 24 03 0A 01 31 05 E6 3D 77 FF B0 83 1D 8D (63)
                              [N3:X] MOTOR_I 0 6 (6)
                              [N3:X] [undefined] 61 119 255 176 (1031274416)
                              [N3:X] MOTOR_I 0 4 (4)
                              [N3:X] [undefined] 61 119 255 176 (1031274416)
2026-03-20 18:52:11:310 [IN ] C8 24 03 18 25 A5 03 01 31 03 CF 00 06 0D 8F 25 A5 03 01 31 05 E6 3D 77 FF B0 83 1D 00 C8 24 03 18 25 A5 03 01 31 03 CF 00 05 0C 8E 25 A5 03 01 31 05 E6 3D 77 FF B0 83 1D 00 (58)
                              [N3:X] MOTOR_I 0 6 (6)
                              [N3:X] [undefined] 61 119 255 176 (1031274416)
                              [N3:X] MOTOR_I 0 5 (5)
                              [N3:X] [undefined] 61 119 255 176 (1031274416)
2026-03-20 18:52:11:511 [IN ] C8 24 03 18 25 A5 03 01 31 03 CF 00 0B 12 94 25 A5 03 01 31 05 E6 3D 77 FF B0 83 1D 00 C8 24 03 18 25 A5 03 01 31 03 CF 00 15 1C 9E 25 A5 03 01 31 05 E6 3D 77 FF B0 83 1D 00 (58)
                              [N3:X] MOTOR_I 0 11 (11)
                              [N3:X] [undefined] 61 119 255 176 (1031274416)
                              [N3:X] MOTOR_I 0 21 (21)
                              [N3:X] [undefined] 61 119 255 176 (1031274416)
2026-03-20 18:52:11:712 [IN ] C8 24 03 18 25 A5 03 01 31 03 CF 00 0F 16 98 25 A5 03 01 31 05 E6 3D 77 FF B0 83 1D 00 C8 24 03 18 25 A5 03 01 31 03 CF 00 08 0F 91 25 A5 03 01 31 05 E6 3D 77 FF B0 83 1D 00 (58)
                              [N3:X] MOTOR_I 0 15 (15)
                              [N3:X] [undefined] 61 119 255 176 (1031274416)
                              [N3:X] MOTOR_I 0 8 (8)
                              [N3:X] [undefined] 61 119 255 176 (1031274416)
2026-03-20 18:52:11:914 [IN ] C8 24 03 18 25 A5 03 01 31 03 CF 00 0C 13 95 25 A5 03 01 31 05 E6 3D 77 FF B0 83 1D 00 C8 24 03 18 25 A5 03 01 31 03 CF 00 0A 11 93 25 A5 03 01 31 05 E6 3D 77 FF B0 83 1D 00 (58)
                              [N3:X] MOTOR_I 0 12 (12)
                              [N3:X] [undefined] 61 119 255 176 (1031274416)
                              [N3:X] MOTOR_I 0 10 (10)
                              [N3:X] [undefined] 61 119 255 176 (1031274416)
2026-03-20 18:52:12:116 [IN ] C8 24 03 18 25 A5 03 01 31 03 CF 00 10 17 99 25 A5 03 01 31 05 E6 3D 77 FF B0 83 1D 00 C8 24 03 18 25 A5 03 01 31 03 CF 00 11 18 9A 25 A5 03 01 31 05 E6 3D 77 FF B0 83 1D 00 (58)
                              [N3:X] MOTOR_I 0 16 (16)
                              [N3:X] [undefined] 61 119 255 176 (1031274416)
                              [N3:X] MOTOR_I 0 17 (17)
                              [N3:X] [undefined] 61 119 255 176 (1031274416)
2026-03-20 18:52:12:317 [IN ] C8 24 03 18 25 A5 03 01 31 03 CF 00 15 1C 9E 25 A5 03 01 31 05 E6 3D 77 FF B0 83 1D 00 C8 24 03 18 25 A5 03 01 31 03 CF 00 08 0F 91 25 A5 03 01 31 05 E6 3D 77 FF B0 83 1D 00 (58)
                              [N3:X] MOTOR_I 0 21 (21)
                              [N3:X] [undefined] 61 119 255 176 (1031274416)
                              [N3:X] MOTOR_I 0 8 (8)
                              [N3:X] [undefined] 61 119 255 176 (1031274416)
2026-03-20 18:52:12:521 [IN ] C8 24 03 15 25 A5 03 01 31 03 CF 00 08 0F 91 25 A5 03 01 31 05 E6 3D 77 FF B0 C8 24 03 1B B0 83 1D 25 A5 03 01 31 03 CF 00 12 19 9B 25 A5 03 01 31 05 E6 3D 77 FF B0 83 1D 05 (58)
                              [N3:X] MOTOR_I 0 8 (8)
                              [N3:X] [undefined] 61 119 255 176 (1031274416)
                              [N3:X] MOTOR_I 0 18 (18)
                              [N3:X] [undefined] 61 119 255 176 (1031274416)
2026-03-20 18:52:12:723 [IN ] C8 24 03 18 25 A5 03 01 31 03 CF 00 06 0D 8F 25 A5 03 01 31 05 E6 3D 77 FF B0 83 1D B0 C8 24 03 18 25 A5 03 01 31 03 CF 00 11 18 9A 25 A5 03 01 31 05 E6 3D 77 FF B0 83 1D B0 (58)
                              [N3:X] MOTOR_I 0 6 (6)
                              [N3:X] [undefined] 61 119 255 176 (1031274416)
                              [N3:X] MOTOR_I 0 17 (17)
                              [N3:X] [undefined] 61 119 255 176 (1031274416)
2026-03-20 18:52:12:924 [IN ] C8 24 03 18 25 A5 03 01 31 03 CF 00 0D 14 96 25 A5 03 01 31 05 E6 3D 77 FF B0 83 1D B0 C8 24 03 18 25 A5 03 01 31 03 CF 00 0C 13 95 25 A5 03 01 31 05 E6 3D 77 FF B0 83 1D B0 (58)
                              [N3:X] MOTOR_I 0 13 (13)
                              [N3:X] [undefined] 61 119 255 176 (1031274416)
                              [N3:X] MOTOR_I 0 12 (12)
                              [N3:X] [undefined] 61 119 255 176 (1031274416)
2026-03-20 18:52:13:125 [IN ] C8 24 03 18 25 A5 03 01 31 03 CF 00 11 18 9A 25 A5 03 01 31 05 E6 3D 77 FF B0 83 1D B0 C8 24 03 18 25 A5 03 01 31 03 CF 00 0E 15 97 25 A5 03 01 31 05 E6 3D 77 FF B0 83 1D B0 (58)
                              [N3:X] MOTOR_I 0 17 (17)
                              [N3:X] [undefined] 61 119 255 176 (1031274416)
                              [N3:X] MOTOR_I 0 14 (14)
                              [N3:X] [undefined] 61 119 255 176 (1031274416)
2026-03-20 18:52:13:328 [IN ] C8 24 03 18 25 A5 03 01 31 03 CF 00 09 10 92 25 A5 03 01 31 05 E6 3D 77 FF B0 83 1D B0 C8 24 03 18 25 A5 03 01 31 03 CF 00 12 19 9B 25 A5 03 01 31 05 E6 3D 77 FF B0 83 1D B0 (58)
                              [N3:X] MOTOR_I 0 9 (9)
                              [N3:X] [undefined] 61 119 255 176 (1031274416)
                              [N3:X] MOTOR_I 0 18 (18)
                              [N3:X] [undefined] 61 119 255 176 (1031274416)
2026-03-20 18:52:13:530 [IN ] C8 24 03 18 25 A5 03 01 31 03 CF 00 0C 13 95 25 A5 03 01 31 05 E6 3D 77 FF B0 83 1D B0 C8 24 03 18 25 A5 03 01 31 03 CF 00 09 10 92 25 A5 03 01 31 05 E6 3D 77 FF B0 83 1D B0 (58)
                              [N3:X] MOTOR_I 0 12 (12)
                              [N3:X] [undefined] 61 119 255 176 (1031274416)
                              [N3:X] MOTOR_I 0 9 (9)
                              [N3:X] [undefined] 61 119 255 176 (1031274416)
2026-03-20 18:52:13:731 [IN ] C8 24 03 0E 25 A5 03 01 31 03 CF 00 08 0F 91 25 A5 03 01 C8 24 03 0A 01 31 05 E6 3D 77 FF B0 83 1D 91 C8 24 03 15 25 A5 03 01 31 03 CF 00 0D 14 96 25 A5 03 01 31 05 E6 3D 77 FF B0 (60)
                              [N3:X] MOTOR_I 0 8 (8)
                              [N3:X] [undefined] 61 119 255 176 (1031274416)
                              [N3:X] MOTOR_I 0 13 (13)
2026-03-20 18:52:13:933 [IN ] C8 24 03 1B B0 83 1D 25 A5 03 01 31 03 CF 00 10 17 99 25 A5 03 01 31 05 E6 3D 77 FF B0 83 1D 05 C8 24 03 18 25 A5 03 01 31 03 CF 00 16 1D 9F 25 A5 03 01 31 05 E6 3D 77 FF B0 83 1D B0 (61)
                              [N3:X] [undefined] 61 119 255 176 (1031274416)
                              [N3:X] MOTOR_I 0 16 (16)
                              [N3:X] [undefined] 61 119 255 176 (1031274416)
                              [N3:X] MOTOR_I 0 22 (22)
                              [N3:X] [undefined] 61 119 255 176 (1031274416)
2026-03-20 18:52:14:134 [IN ] C8 24 03 18 25 A5 03 01 31 03 CF 00 0F 16 98 25 A5 03 01 31 05 E6 3D 77 FF B0 83 1D B0 C8 24 03 18 25 A5 03 01 31 03 CF 00 0F 16 98 25 A5 03 01 31 05 E6 3D 77 FF B0 83 1D B0 (58)
                              [N3:X] MOTOR_I 0 15 (15)
                              [N3:X] [undefined] 61 119 255 176 (1031274416)
                              [N3:X] MOTOR_I 0 15 (15)
                              [N3:X] [undefined] 61 119 255 176 (1031274416)
2026-03-20 18:52:14:336 [IN ] C8 24 03 18 25 A5 03 01 31 03 CF 00 15 1C 9E 25 A5 03 01 31 05 E6 3D 77 FF B0 83 1D B0 C8 24 03 18 25 A5 03 01 31 03 CF 00 0B 12 94 25 A5 03 01 31 05 E6 3D 77 FF B0 83 1D B0 (58)
                              [N3:X] MOTOR_I 0 21 (21)
                              [N3:X] [undefined] 61 119 255 176 (1031274416)
                              [N3:X] MOTOR_I 0 11 (11)
                              [N3:X] [undefined] 61 119 255 176 (1031274416)
2026-03-20 18:52:14:538 [IN ] C8 24 03 18 25 A5 03 01 31 03 CF 00 0F 16 98 25 A5 03 01 31 05 E6 3D 77 FF B0 83 1D B0 C8 24 06 0B 25 A5 06 01 31 03 81 5A 4C 62 B4 25 C8 24 06 0A 25 A5 06 01 31 02 81 49 04 3E B4 C8 24 03 18 
25 A5 03 01 31 03 CF 00 0B 12 94 25 A5 03 01 31 05 E6 3D 77 FF B0 83 1D B0 (89)
                              [N3:X] MOTOR_I 0 15 (15)
                              [N3:X] [undefined] 61 119 255 176 (1031274416)
                              [N6:H] TPOS 'Z' 76 (76)
                              [N6:H] TPOS 'I'
                              [N3:X] MOTOR_I 0 11 (11)
                              [N3:X] [undefined] 61 119 255 176 (1031274416)
2026-03-20 18:52:14:739 [IN ] C8 24 03 18 25 A5 03 01 31 03 CF 00 09 10 92 25 A5 03 01 31 05 E6 3D 77 FF B0 83 1D B0 C8 24 03 18 25 A5 03 01 31 03 CF 00 15 1C 9E 25 A5 03 01 31 05 E6 3D 77 FF B0 83 1D B0 (58)
                              [N3:X] MOTOR_I 0 9 (9)
                              [N3:X] [undefined] 61 119 255 176 (1031274416)
                              [N3:X] MOTOR_I 0 21 (21)
                              [N3:X] [undefined] 61 119 255 176 (1031274416)
2026-03-20 18:52:14:761 [OUT] 25 A5 01 06 31 03 C9 3D 09 4A 0A (11)
                              [N6:H] LFLAG '=' 9 (9)
2026-03-20 18:52:14:823 [IN ] C8 24 03 18 25 A5 03 01 31 03 CF 00 16 1D 9F 25 A5 03 01 31 05 E6 3D 77 FF B0 83 1D B0 (29)
                              [N3:X] MOTOR_I 0 22 (22)
                              [N3:X] [undefined] 61 119 255 176 (1031274416)
2026-03-20 18:52:14:905 [IN ] C8 24 03 0E 25 A5 03 01 31 03 CF 00 0A 11 93 (15)
2026-03-20 18:52:14:926 [IN ] 25 A5 03 01 C8 24 06 0B 25 A5 06 01 31 03 C9 3A 09 47 09 25 C8 24 03 (23)
                              [N3:X] MOTOR_I 0 10 (10)
2026-03-20 18:52:14:947 [IN ] 0A 01 31 05 E6 3D 77 FF B0 83 1D 09 (12)
2026-03-20 18:52:15:030 [IN ] C8 24 03 18 25 A5 03 01 31 03 CF 00 09 10 92 25 A5 03 01 31 05 E6 3D 77 FF B0 83 1D B0 (29)
                              [N3:X] MOTOR_I 0 9 (9)
                              [N3:X] [undefined] 61 119 255 176 (1031274416)
2026-03-20 18:52:15:112 [IN ] C8 24 03 18 25 A5 03 01 31 03 CF 00 10 17 99 25 A5 03 01 31 05 E6 3D 77 FF B0 83 1D B0 (29)
                              [N3:X] MOTOR_I 0 16 (16)
                              [N3:X] [undefined] 61 119 255 176 (1031274416)
2026-03-20 18:52:15:236 [IN ] C8 24 03 18 25 A5 03 01 31 03 CF 00 11 18 9A 25 A5 03 01 31 05 E6 3D 77 FF B0 83 1D B0 (29)
                              [N3:X] MOTOR_I 0 17 (17)
                              [N3:X] [undefined] 61 119 255 176 (1031274416)
2026-03-20 18:52:15:318 [IN ] C8 24 03 18 25 A5 03 01 31 03 CF 00 16 1D 9F 25 A5 03 01 31 05 E6 3D 77 FF B0 83 1D B0 (29)
                              [N3:X] MOTOR_I 0 22 (22)
                              [N3:X] [undefined] 61 119 255 176 (1031274416)
2026-03-20 18:52:15:422 [IN ] C8 24 03 18 25 A5 03 01 31 03 CF 00 18 1F A1 25 A5 03 01 31 05 E6 3D (23)
2026-03-20 18:52:15:444 [IN ] 77 FF B0 83 1D B0 (6)
                              [N3:X] MOTOR_I 0 24 (24)
                              [N3:X] [undefined] 61 119 255 176 (1031274416)
2026-03-20 18:52:15:526 [IN ] C8 24 03 18 25 A5 03 01 31 03 CF 00 10 17 99 25 A5 03 01 31 05 E6 3D 77 FF B0 83 1D B0 (29)
                              [N3:X] MOTOR_I 0 16 (16)
                              [N3:X] [undefined] 61 119 255 176 (1031274416)
2026-03-20 18:52:15:629 [IN ] C8 24 03 18 25 A5 03 01 31 03 CF 00 1A 21 A3 25 A5 03 01 31 05 E6 3D 77 FF B0 83 1D B0 (29)
                              [N3:X] MOTOR_I 0 26 (26)
                              [N3:X] [undefined] 61 119 255 176 (1031274416)
2026-03-20 18:52:15:733 [IN ] C8 24 03 18 25 A5 03 01 31 03 CF 00 13 1A 9C 25 A5 03 01 31 05 E6 3D 77 FF B0 83 1D B0 (29)
                              [N3:X] MOTOR_I 0 19 (19)
                              [N3:X] [undefined] 61 119 255 176 (1031274416)
2026-03-20 18:52:15:836 [IN ] C8 24 03 18 25 A5 03 01 31 03 CF 00 13 1A 9C 25 A5 03 01 31 05 E6 3D 77 FF B0 83 1D B0 (29)
                              [N3:X] MOTOR_I 0 19 (19)
                              [N3:X] [undefined] 61 119 255 176 (1031274416)
2026-03-20 18:52:15:939 [IN ] C8 24 03 18 25 A5 03 01 31 03 CF 00 15 1C 9E 25 A5 03 01 31 05 E6 3D 77 FF B0 83 1D B0 (29)
                              [N3:X] MOTOR_I 0 21 (21)
                              [N3:X] [undefined] 61 119 255 176 (1031274416)
2026-03-20 18:52:16:041 [IN ] C8 24 03 18 25 A5 03 01 31 03 CF 00 0E 15 97 25 A5 03 01 31 05 E6 3D 77 FF B0 83 1D B0 (29)
                              [N3:X] MOTOR_I 0 14 (14)
                              [N3:X] [undefined] 61 119 255 176 (1031274416)
2026-03-20 18:52:16:143 [IN ] C8 24 03 18 25 A5 03 01 31 03 CF 00 15 1C 9E 25 A5 03 01 31 05 E6 3D 77 FF B0 83 1D B0 (29)
                              [N3:X] MOTOR_I 0 21 (21)
                              [N3:X] [undefined] 61 119 255 176 (1031274416)
2026-03-20 18:52:16:227 [IN ] C8 24 03 15 25 A5 03 01 31 03 CF 00 (12)
2026-03-20 18:52:16:248 [IN ] 16 1D 9F 25 A5 03 01 31 05 E6 3D 77 FF B0 (14)
                              [N3:X] MOTOR_I 0 22 (22)
2026-03-20 18:52:16:332 [IN ] C8 24 03 1B B0 83 1D 25 A5 03 01 31 03 CF 00 1F 26 A8 25 A5 03 01 31 05 E6 3D 77 FF B0 83 1D 05 (32)
                              [N3:X] [undefined] 61 119 255 176 (1031274416)
                              [N3:X] MOTOR_I 0 31 (31)
                              [N3:X] [undefined] 61 119 255 176 (1031274416)
2026-03-20 18:52:16:434 [IN ] C8 24 03 18 25 A5 03 01 31 03 CF 00 19 20 A2 25 A5 03 01 31 05 E6 3D 77 FF B0 83 1D B0 (29)
                              [N3:X] MOTOR_I 0 25 (25)
                              [N3:X] [undefined] 61 119 255 176 (1031274416)
2026-03-20 18:52:16:537 [IN ] C8 24 03 18 25 A5 03 01 31 03 CF 00 26 2D AF 25 A5 03 01 31 05 E6 3D 77 FF B0 83 1D B0 (29)
                              [N3:X] MOTOR_I 0 38 (38)
                              [N3:X] [undefined] 61 119 255 176 (1031274416)
2026-03-20 18:52:16:640 [IN ] C8 24 03 18 25 A5 03 01 31 03 CF 00 00 07 89 25 A5 03 01 31 05 E6 3D 77 00 00 D4 6F B0 (29)
                              [N3:X] MOTOR_I 0 0 (0)
                              [N3:X] [undefined] 61 119 0 0 (1031208960)
2026-03-20 18:52:16:661 [IN ] C8 24 03 0E 25 A5 03 01 31 06 81 45 FF EC 48 1A 4E A2 01 (19)
                              [N3:X] TPOS 'E' 255 236 72 26 (-1292262)
2026-03-20 18:52:16:726 [OUT] 25 A5 01 03 31 05 81 FF FD 50 01 08 AF (13)
                              [N3:X] TPOS 255 253 80 1 (-176127)
2026-03-20 18:52:16:727 [IN ] C8 24 03 18 25 A5 03 01 31 03 CF 00 00 07 89 25 A5 03 01 31 05 (21)
2026-03-20 18:52:16:747 [IN ] E6 3D 77 00 00 D4 6F B0 (8)
                              [N3:X] MOTOR_I 0 0 (0)
                              [N3:X] [undefined] 61 119 0 0 (1031208960)
2026-03-20 18:52:16:769 [OUT] 25 A5 01 06 31 03 C9 3D 09 4A 0A (11)
                              [N6:H] LFLAG '=' 9 (9)
2026-03-20 18:52:16:853 [IN ] C8 24 03 18 25 A5 03 01 31 03 CF 00 00 07 89 25 A5 03 01 31 05 E6 3D 77 00 00 D4 6F B0 (29)
                              [N3:X] MOTOR_I 0 0 (0)
                              [N3:X] [undefined] 61 119 0 0 (1031208960)
2026-03-20 18:52:16:915 [IN ] C8 24 03 0E 25 A5 03 01 31 06 81 53 FF EC 48 1A 5C E8 01 (19)
                              [N3:X] TPOS 'S' 255 236 72 26 (-1292262)
2026-03-20 18:52:16:937 [IN ] C8 24 03 18 25 A5 03 01 31 03 CF 00 62 69 EB 25 A5 03 01 31 05 E6 3D 77 00 50 24 BF B0 (29)
                              [N3:X] MOTOR_I 0 98 (98)
                              [N3:X] [undefined] 61 119 0 80 (1031209040)
2026-03-20 18:52:17:041 [IN ] C8 24 06 0B 25 A5 06 01 31 03 C9 3A 09 47 09 25 (16)
                              [N6:H] LFLAG ':' 9 (9)
2026-03-20 18:52:17:062 [OUT] 25 A5 01 06 31 03 84 00 50 0F 08 (11)
                              [N6:H] VEL 0 80 (80)
2026-03-20 18:52:17:065 [IN ] C8 24 03 18 25 A5 03 01 31 03 CF 00 3B 42 C4 25 A5 03 01 31 05 E6 3D 77 00 50 24 BF B0 (29)
                              [N3:X] MOTOR_I 0 59 (59)
                              [N3:X] [undefined] 61 119 0 80 (1031209040)
2026-03-20 18:52:17:148 [IN ] C8 24 03 18 25 A5 03 01 31 03 CF 00 3D 44 C6 25 A5 03 01 31 05 E6 3D 77 00 50 24 BF B0 (29)
                              [N3:X] MOTOR_I 0 61 (61)
                              [N3:X] [undefined] 61 119 0 80 (1031209040)
2026-03-20 18:52:17:231 [IN ] C8 24 06 0C 25 A5 06 (7)
2026-03-20 18:52:17:252 [IN ] 01 31 04 84 53 00 50 63 CA A5 C8 24 03 18 25 A5 03 01 31 03 CF 00 51 58 DA 25 A5 03 01 31 05 E6 3D 77 00 50 24 BF B0 (39)
                              [N6:H] VEL 'S' 0 80 (80)
                              [N3:X] MOTOR_I 0 81 (81)
                              [N3:X] [undefined] 61 119 0 80 (1031209040)
2026-03-20 18:52:17:274 [OUT] 25 A5 01 06 31 05 81 00 19 82 3C 95 BE (13)
                              [N6:H] TPOS 0 25 130 60 (1671740)
2026-03-20 18:52:17:357 [IN ] C8 24 03 18 25 A5 03 01 31 03 CF 00 34 3B BD 25 A5 03 01 31 05 E6 3D 77 00 50 24 BF B0 (29)
                              [N3:X] MOTOR_I 0 52 (52)
                              [N3:X] [undefined] 61 119 0 80 (1031209040)
2026-03-20 18:52:17:440 [IN ] C8 24 03 0E 25 A5 03 01 31 03 CF 00 3B 42 C4 25 A5 03 01 (19)
                              [N3:X] MOTOR_I 0 59 (59)
2026-03-20 18:52:17:461 [IN ] C8 24 03 0A 01 31 05 E6 3D 77 00 50 24 BF C4 C8 24 06 0E 25 A5 06 01 31 06 81 53 00 00 00 02 14 9E 01 (34)
                              [N3:X] [undefined] 61 119 0 80 (1031209040)
                              [N6:H] TPOS 'S' 0 0 0 2 (2)
2026-03-20 18:52:17:662 [IN ] C8 24 09 0E 25 A5 09 01 31 06 81 45 FF E7 59 88 CE 5F 01 C8 24 03 15 25 A5 03 01 31 03 CF 00 49 50 D2 25 A5 03 01 31 05 E6 3D 77 00 50 C8 24 03 1B 50 24 BF 25 A5 03 01 31 03 CF 00 4B 52 D4 25 
A5 03 01 31 05 E6 3D 77 00 50 24 BF 05 (77)
                              [N9:P] TPOS 'E' 255 231 89 136 (-1615480)
                              [N3:X] MOTOR_I 0 73 (73)
                              [N3:X] [undefined] 61 119 0 80 (1031209040)
                              [N3:X] MOTOR_I 0 75 (75)
                              [N3:X] [undefined] 61 119 0 80 (1031209040)
2026-03-20 18:52:17:865 [IN ] C8 24 03 18 25 A5 03 01 31 03 CF 00 49 50 D2 25 A5 03 01 31 05 E6 3D 77 00 50 24 BF 50 C8 24 03 18 25 A5 03 01 31 03 CF 00 3B 42 C4 25 A5 03 01 31 05 E6 3D 77 00 50 24 BF 50 (58)
                              [N3:X] MOTOR_I 0 73 (73)
                              [N3:X] [undefined] 61 119 0 80 (1031209040)
                              [N3:X] MOTOR_I 0 59 (59)
                              [N3:X] [undefined] 61 119 0 80 (1031209040)
2026-03-20 18:52:18:067 [IN ] C8 24 03 18 25 A5 03 01 31 03 CF 00 37 3E C0 25 A5 03 01 31 05 E6 3D 77 00 50 24 BF 50 C8 24 03 18 25 A5 03 01 31 03 CF 00 37 3E C0 25 A5 03 01 31 05 E6 3D 77 00 50 24 BF 50 (58)
                              [N3:X] MOTOR_I 0 55 (55)
                              [N3:X] [undefined] 61 119 0 80 (1031209040)
                              [N3:X] MOTOR_I 0 55 (55)
                              [N3:X] [undefined] 61 119 0 80 (1031209040)
2026-03-20 18:52:18:088 [OUT] 25 A5 01 09 31 05 81 FF FF D9 C8 60 BE (13)
                              [N9:P] TPOS 255 255 217 200 (-9784)
2026-03-20 18:52:18:150 [IN ] C8 24 03 18 25 A5 03 01 31 03 CF 00 59 60 E2 25 A5 03 01 31 05 E6 3D 77 00 50 24 BF 50 (29)
                              [N3:X] MOTOR_I 0 89 (89)
                              [N3:X] [undefined] 61 119 0 80 (1031209040)
2026-03-20 18:52:18:254 [IN ] C8 24 03 18 25 A5 03 01 31 03 CF 00 42 49 CB 25 A5 03 01 31 05 E6 3D 77 00 50 24 BF 50 (29)
                              [N3:X] MOTOR_I 0 66 (66)
                              [N3:X] [undefined] 61 119 0 80 (1031209040)
2026-03-20 18:52:18:275 [IN ] C8 24 09 0E 25 A5 09 01 31 06 81 53 FF E7 59 8B DF A8 01 (19)
                              [N9:P] TPOS 'S' 255 231 89 139 (-1615477)
2026-03-20 18:52:18:476 [IN ] C8 24 03 18 25 A5 03 01 31 03 CF 00 55 5C DE 25 A5 03 01 31 05 E6 3D 77 00 50 24 BF 50 C8 24 03 18 25 A5 03 01 31 03 CF 00 41 48 CA 25 A5 03 01 31 05 E6 3D 77 00 50 24 BF 50 (58)
                              [N3:X] MOTOR_I 0 85 (85)
                              [N3:X] [undefined] 61 119 0 80 (1031209040)
                              [N3:X] MOTOR_I 0 65 (65)
                              [N3:X] [undefined] 61 119 0 80 (1031209040)
2026-03-20 18:52:18:677 [IN ] C8 24 03 18 25 A5 03 01 31 03 CF 00 4B 52 D4 25 A5 03 01 31 05 E6 3D 77 00 50 24 BF 50 C8 24 03 18 25 A5 03 01 31 03 CF 00 35 3C BE 25 A5 03 01 31 05 E6 3D 77 00 50 24 BF 50 (58)
                              [N3:X] MOTOR_I 0 75 (75)
                              [N3:X] [undefined] 61 119 0 80 (1031209040)
                              [N3:X] MOTOR_I 0 53 (53)
                              [N3:X] [undefined] 61 119 0 80 (1031209040)
2026-03-20 18:52:18:878 [IN ] C8 24 03 0E 25 A5 03 01 31 03 CF 00 58 5F E1 25 A5 03 01 C8 24 03 0A 01 31 05 E6 3D 77 00 50 24 BF E1 C8 24 03 18 25 A5 03 01 31 03 CF 00 5C 63 E5 25 A5 03 01 31 05 E6 3D 77 00 50 24 BF 50 (63)
                              [N3:X] MOTOR_I 0 88 (88)
                              [N3:X] [undefined] 61 119 0 80 (1031209040)
                              [N3:X] MOTOR_I 0 92 (92)
                              [N3:X] [undefined] 61 119 0 80 (1031209040)
2026-03-20 18:52:19:079 [IN ] C8 24 03 18 25 A5 03 01 31 03 CF 00 4E 55 D7 25 A5 03 01 31 05 E6 3D 77 00 50 24 BF 50 C8 24 03 18 25 A5 03 01 31 03 CF 00 44 4B CD 25 A5 03 01 31 05 E6 3D 77 00 50 24 BF 50 (58)
                              [N3:X] MOTOR_I 0 78 (78)
                              [N3:X] [undefined] 61 119 0 80 (1031209040)
                              [N3:X] MOTOR_I 0 68 (68)
                              [N3:X] [undefined] 61 119 0 80 (1031209040)
2026-03-20 18:52:19:280 [IN ] C8 24 03 18 25 A5 03 01 31 03 CF 00 53 5A DC 25 A5 03 01 31 05 E6 3D 77 00 50 24 BF 50 C8 24 03 18 25 A5 03 01 31 03 CF 00 46 4D CF 25 A5 03 01 31 05 E6 3D 77 00 50 24 BF 50 (58)
                              [N3:X] MOTOR_I 0 83 (83)
                              [N3:X] [undefined] 61 119 0 80 (1031209040)
                              [N3:X] MOTOR_I 0 70 (70)
                              [N3:X] [undefined] 61 119 0 80 (1031209040)
2026-03-20 18:52:19:483 [IN ] C8 24 03 18 25 A5 03 01 31 03 CF 00 3D 44 C6 25 A5 03 01 31 05 E6 3D 77 00 50 24 BF 50 C8 24 03 18 25 A5 03 01 31 03 CF 00 47 4E D0 25 A5 03 01 31 05 E6 3D 77 00 50 24 BF 50 (58)
                              [N3:X] MOTOR_I 0 61 (61)
                              [N3:X] [undefined] 61 119 0 80 (1031209040)
                              [N3:X] MOTOR_I 0 71 (71)
                              [N3:X] [undefined] 61 119 0 80 (1031209040)
2026-03-20 18:52:19:684 [IN ] C8 24 03 18 25 A5 03 01 31 03 CF 00 3B 42 C4 25 A5 03 01 31 05 E6 3D 77 00 50 24 BF 50 C8 24 03 18 25 A5 03 01 31 03 CF 00 31 38 BA 25 A5 03 01 31 05 E6 3D 77 00 50 24 BF 50 (58)
                              [N3:X] MOTOR_I 0 59 (59)
                              [N3:X] [undefined] 61 119 0 80 (1031209040)
                              [N3:X] MOTOR_I 0 49 (49)
                              [N3:X] [undefined] 61 119 0 80 (1031209040)
2026-03-20 18:52:19:885 [IN ] C8 24 03 18 25 A5 03 01 31 03 CF 00 40 47 C9 25 A5 03 01 31 05 E6 3D 77 00 50 24 BF 50 C8 24 03 18 25 A5 03 01 31 03 CF 00 38 3F C1 25 A5 03 01 31 05 E6 3D 77 00 50 24 BF 50 (58)
                              [N3:X] MOTOR_I 0 64 (64)
                              [N3:X] [undefined] 61 119 0 80 (1031209040)
                              [N3:X] MOTOR_I 0 56 (56)
                              [N3:X] [undefined] 61 119 0 80 (1031209040)
2026-03-20 18:52:20:087 [IN ] C8 24 04 0E 25 A5 04 01 31 06 81 45 FF FD 4F F5 42 C8 01 C8 24 03 18 25 A5 03 01 31 03 CF 00 45 4C CE 25 A5 03 01 31 05 E6 3D 77 00 50 24 BF 50 C8 24 03 0E 25 A5 03 01 31 03 CF 00 3A 41 C3 25 
A5 03 01 C8 24 03 0A 01 31 05 E6 3D 77 00 50 24 BF C3 (82)
                              [N4:Y] TPOS 'E' 255 253 79 245 (-176139)
                              [N3:X] MOTOR_I 0 69 (69)
                              [N3:X] [undefined] 61 119 0 80 (1031209040)
                              [N3:X] MOTOR_I 0 58 (58)
                              [N3:X] [undefined] 61 119 0 80 (1031209040)
2026-03-20 18:52:20:289 [IN ] C8 24 03 18 25 A5 03 01 31 03 CF 00 47 4E D0 25 A5 03 01 31 05 E6 3D 77 00 50 24 BF 50 C8 24 03 18 25 A5 03 01 31 03 CF 00 34 3B BD 25 A5 03 01 31 05 E6 3D 77 00 50 24 BF 50 (58)
                              [N3:X] MOTOR_I 0 71 (71)
                              [N3:X] [undefined] 61 119 0 80 (1031209040)
                              [N3:X] MOTOR_I 0 52 (52)
                              [N3:X] [undefined] 61 119 0 80 (1031209040)
2026-03-20 18:52:20:490 [IN ] C8 24 03 18 25 A5 03 01 31 03 CF 00 3A 41 C3 25 A5 03 01 31 05 E6 3D 77 00 50 24 BF 50 C8 24 03 18 25 A5 03 01 31 03 CF 00 50 57 D9 25 A5 03 01 31 05 E6 3D 77 00 50 24 BF 50 (58)
                              [N3:X] MOTOR_I 0 58 (58)
                              [N3:X] [undefined] 61 119 0 80 (1031209040)
                              [N3:X] MOTOR_I 0 80 (80)
                              [N3:X] [undefined] 61 119 0 80 (1031209040)
2026-03-20 18:52:20:691 [IN ] C8 24 03 18 25 A5 03 01 31 03 CF 00 2C 33 B5 25 A5 03 01 31 05 E6 3D 77 00 50 24 BF 50 C8 24 03 18 25 A5 03 01 31 03 CF 00 39 40 C2 25 A5 03 01 31 05 E6 3D 77 00 50 24 BF 50 (58)
                              [N3:X] MOTOR_I 0 44 (44)
                              [N3:X] [undefined] 61 119 0 80 (1031209040)
                              [N3:X] MOTOR_I 0 57 (57)
                              [N3:X] [undefined] 61 119 0 80 (1031209040)
2026-03-20 18:52:20:893 [IN ] C8 24 03 18 25 A5 03 01 31 03 CF 00 31 38 BA 25 A5 03 01 31 05 E6 3D 77 00 50 24 BF 50 C8 24 03 18 25 A5 03 01 31 03 CF 00 49 50 D2 25 A5 03 01 31 05 E6 3D 77 00 50 24 BF 50 (58)
                              [N3:X] MOTOR_I 0 49 (49)
                              [N3:X] [undefined] 61 119 0 80 (1031209040)
                              [N3:X] MOTOR_I 0 73 (73)
                              [N3:X] [undefined] 61 119 0 80 (1031209040)
2026-03-20 18:52:21:094 [IN ] C8 24 03 18 25 A5 03 01 31 03 CF 00 34 3B BD 25 A5 03 01 31 05 E6 3D 77 00 50 24 BF 50 C8 24 03 18 25 A5 03 01 31 03 CF 00 33 3A BC 25 A5 03 01 31 05 E6 3D 77 00 50 24 BF 50 (58)
                              [N3:X] MOTOR_I 0 52 (52)
                              [N3:X] [undefined] 61 119 0 80 (1031209040)
                              [N3:X] MOTOR_I 0 51 (51)
                              [N3:X] [undefined] 61 119 0 80 (1031209040)
2026-03-20 18:52:21:295 [IN ] C8 24 03 18 25 A5 03 01 31 03 CF 00 46 4D CF 25 A5 03 01 31 05 E6 3D 77 00 50 24 BF 50 C8 24 03 0E 25 A5 03 01 31 03 CF 00 34 3B BD 25 A5 03 01 C8 24 03 0A 01 31 05 E6 3D 77 00 50 24 BF BD (63)
                              [N3:X] MOTOR_I 0 70 (70)
                              [N3:X] [undefined] 61 119 0 80 (1031209040)
                              [N3:X] MOTOR_I 0 52 (52)
                              [N3:X] [undefined] 61 119 0 80 (1031209040)
2026-03-20 18:52:21:497 [IN ] C8 24 03 15 25 A5 03 01 31 03 CF 00 48 4F D1 25 A5 03 01 31 05 E6 3D 77 00 50 C8 24 03 1B 50 24 BF 25 A5 03 01 31 03 CF 00 38 3F C1 25 A5 03 01 31 05 E6 3D 77 00 50 24 BF 05 (58)
                              [N3:X] MOTOR_I 0 72 (72)
                              [N3:X] [undefined] 61 119 0 80 (1031209040)
                              [N3:X] MOTOR_I 0 56 (56)
                              [N3:X] [undefined] 61 119 0 80 (1031209040)
2026-03-20 18:52:21:700 [IN ] C8 24 03 18 25 A5 03 01 31 03 CF 00 3D 44 C6 25 A5 03 01 31 05 E6 3D 77 00 50 24 BF 50 C8 24 03 18 25 A5 03 01 31 03 CF 00 43 4A CC 25 A5 03 01 31 05 E6 3D 77 00 50 24 BF 50 (58)
                              [N3:X] MOTOR_I 0 61 (61)
                              [N3:X] [undefined] 61 119 0 80 (1031209040)
                              [N3:X] MOTOR_I 0 67 (67)
                              [N3:X] [undefined] 61 119 0 80 (1031209040)
2026-03-20 18:52:21:902 [IN ] C8 24 03 18 25 A5 03 01 31 03 CF 00 42 49 CB 25 A5 03 01 31 05 E6 3D 77 00 50 24 BF 50 C8 24 03 18 25 A5 03 01 31 03 CF 00 47 4E D0 25 A5 03 01 31 05 E6 3D 77 00 50 24 BF 50 (58)
                              [N3:X] MOTOR_I 0 66 (66)
                              [N3:X] [undefined] 61 119 0 80 (1031209040)
                              [N3:X] MOTOR_I 0 71 (71)
                              [N3:X] [undefined] 61 119 0 80 (1031209040)
2026-03-20 18:52:22:103 [IN ] C8 24 03 18 25 A5 03 01 31 03 CF 00 37 3E C0 25 A5 03 01 31 05 E6 3D 77 00 50 24 BF 50 C8 24 03 18 25 A5 03 01 31 03 CF 00 3E 45 C7 25 A5 03 01 31 05 E6 3D 77 00 50 24 BF 50 (58)
                              [N3:X] MOTOR_I 0 55 (55)
                              [N3:X] [undefined] 61 119 0 80 (1031209040)
                              [N3:X] MOTOR_I 0 62 (62)
                              [N3:X] [undefined] 61 119 0 80 (1031209040)
2026-03-20 18:52:22:305 [IN ] C8 24 03 18 25 A5 03 01 31 03 CF 00 2B 32 B4 25 A5 03 01 31 05 E6 3D 77 00 50 24 BF 50 C8 24 03 18 25 A5 03 01 31 03 CF 00 33 3A BC 25 A5 03 01 31 05 E6 3D 77 00 50 24 BF 50 (58)
                              [N3:X] MOTOR_I 0 43 (43)
                              [N3:X] [undefined] 61 119 0 80 (1031209040)
                              [N3:X] MOTOR_I 0 51 (51)
                              [N3:X] [undefined] 61 119 0 80 (1031209040)
2026-03-20 18:52:22:506 [IN ] C8 24 03 18 25 A5 03 01 31 03 CF 00 33 3A BC 25 A5 03 01 31 05 E6 3D 77 00 50 24 BF 50 C8 24 03 18 25 A5 03 01 31 03 CF 00 35 3C BE 25 A5 03 01 31 05 E6 3D 77 00 50 24 BF 50 (58)
                              [N3:X] MOTOR_I 0 51 (51)
                              [N3:X] [undefined] 61 119 0 80 (1031209040)
                              [N3:X] MOTOR_I 0 53 (53)
                              [N3:X] [undefined] 61 119 0 80 (1031209040)
2026-03-20 18:52:22:708 [IN ] C8 24 03 0E 25 A5 03 01 31 03 CF 00 4C 53 D5 25 A5 03 01 C8 24 03 0A 01 31 05 E6 3D 77 00 50 24 BF D5 C8 24 03 15 25 A5 03 01 31 03 CF 00 31 38 BA 25 A5 03 01 31 05 E6 3D 77 00 50 (60)
                              [N3:X] MOTOR_I 0 76 (76)
                              [N3:X] [undefined] 61 119 0 80 (1031209040)
                              [N3:X] MOTOR_I 0 49 (49)
2026-03-20 18:52:22:909 [IN ] C8 24 03 1B 50 24 BF 25 A5 03 01 31 03 CF 00 4B 52 D4 25 A5 03 01 31 05 E6 3D 77 00 50 24 BF 05 C8 24 03 18 25 A5 03 01 31 03 CF 00 45 4C CE 25 A5 03 01 31 05 E6 3D 77 00 50 24 BF 50 (61)
                              [N3:X] [undefined] 61 119 0 80 (1031209040)
                              [N3:X] MOTOR_I 0 75 (75)
                              [N3:X] [undefined] 61 119 0 80 (1031209040)
                              [N3:X] MOTOR_I 0 69 (69)
                              [N3:X] [undefined] 61 119 0 80 (1031209040)
2026-03-20 18:52:23:110 [IN ] C8 24 03 18 25 A5 03 01 31 03 CF 00 4A 51 D3 25 A5 03 01 31 05 E6 3D 77 00 50 24 BF 50 C8 24 03 18 25 A5 03 01 31 03 CF 00 23 2A AC 25 A5 03 01 31 05 E6 3D 77 00 50 24 BF 50 (58)
                              [N3:X] MOTOR_I 0 74 (74)
                              [N3:X] [undefined] 61 119 0 80 (1031209040)
                              [N3:X] MOTOR_I 0 35 (35)
                              [N3:X] [undefined] 61 119 0 80 (1031209040)
2026-03-20 18:52:23:312 [IN ] C8 24 03 18 25 A5 03 01 31 03 CF 00 47 4E D0 25 A5 03 01 31 05 E6 3D 77 00 50 24 BF 50 C8 24 03 18 25 A5 03 01 31 03 CF 00 2E 35 B7 25 A5 03 01 31 05 E6 3D 77 00 50 24 BF 50 (58)
                              [N3:X] MOTOR_I 0 71 (71)
                              [N3:X] [undefined] 61 119 0 80 (1031209040)
                              [N3:X] MOTOR_I 0 46 (46)
                              [N3:X] [undefined] 61 119 0 80 (1031209040)
2026-03-20 18:52:23:513 [IN ] C8 24 03 18 25 A5 03 01 31 03 CF 00 26 2D AF 25 A5 03 01 31 05 E6 3D 77 00 50 24 BF 50 C8 24 03 18 25 A5 03 01 31 03 CF 00 3B 42 C4 25 A5 03 01 31 05 E6 3D 77 00 50 24 BF 50 (58)
                              [N3:X] MOTOR_I 0 38 (38)
                              [N3:X] [undefined] 61 119 0 80 (1031209040)
                              [N3:X] MOTOR_I 0 59 (59)
                              [N3:X] [undefined] 61 119 0 80 (1031209040)
2026-03-20 18:52:23:714 [IN ] C8 24 03 18 25 A5 03 01 31 03 CF 00 36 3D BF 25 A5 03 01 31 05 E6 3D 77 00 50 24 BF 50 C8 24 03 18 25 A5 03 01 31 03 CF 00 47 4E D0 25 A5 03 01 31 05 E6 3D 77 00 50 24 BF 50 (58)
                              [N3:X] MOTOR_I 0 54 (54)
                              [N3:X] [undefined] 61 119 0 80 (1031209040)
                              [N3:X] MOTOR_I 0 71 (71)
                              [N3:X] [undefined] 61 119 0 80 (1031209040)
2026-03-20 18:52:23:915 [IN ] C8 24 03 18 25 A5 03 01 31 03 CF 00 29 30 B2 25 A5 03 01 31 05 E6 3D 77 00 50 24 BF 50 C8 24 03 0E 25 A5 03 01 31 03 CF 00 41 48 CA 25 A5 03 01 C8 24 03 0A 01 31 05 E6 3D 77 00 50 24 BF CA (63)
                              [N3:X] MOTOR_I 0 41 (41)
                              [N3:X] [undefined] 61 119 0 80 (1031209040)
                              [N3:X] MOTOR_I 0 65 (65)
                              [N3:X] [undefined] 61 119 0 80 (1031209040)
2026-03-20 18:52:24:117 [IN ] C8 24 03 18 25 A5 03 01 31 03 CF 00 33 3A BC 25 A5 03 01 31 05 E6 3D 77 00 50 24 BF 50 C8 24 03 18 25 A5 03 01 31 03 CF 00 2B 32 B4 25 A5 03 01 31 05 E6 3D 77 00 50 24 BF 50 (58)
                              [N3:X] MOTOR_I 0 51 (51)
                              [N3:X] [undefined] 61 119 0 80 (1031209040)
                              [N3:X] MOTOR_I 0 43 (43)
                              [N3:X] [undefined] 61 119 0 80 (1031209040)
2026-03-20 18:52:24:318 [IN ] C8 24 03 18 25 A5 03 01 31 03 CF 00 42 49 CB 25 A5 03 01 31 05 E6 3D 77 00 50 24 BF 50 C8 24 03 18 25 A5 03 01 31 03 CF 00 29 30 B2 25 A5 03 01 31 05 E6 3D 77 00 50 24 BF 50 (58)
                              [N3:X] MOTOR_I 0 66 (66)
                              [N3:X] [undefined] 61 119 0 80 (1031209040)
                              [N3:X] MOTOR_I 0 41 (41)
                              [N3:X] [undefined] 61 119 0 80 (1031209040)
2026-03-20 18:52:24:520 [IN ] C8 24 03 18 25 A5 03 01 31 03 CF 00 3D 44 C6 25 A5 03 01 31 05 E6 3D 77 00 50 24 BF 50 C8 24 03 18 25 A5 03 01 31 03 CF 00 3E 45 C7 25 A5 03 01 31 05 E6 3D 77 00 50 24 BF 50 (58)
                              [N3:X] MOTOR_I 0 61 (61)
                              [N3:X] [undefined] 61 119 0 80 (1031209040)
                              [N3:X] MOTOR_I 0 62 (62)
                              [N3:X] [undefined] 61 119 0 80 (1031209040)
2026-03-20 18:52:24:721 [IN ] C8 24 03 18 25 A5 03 01 31 03 CF 00 43 4A CC 25 A5 03 01 31 05 E6 3D 77 00 50 24 BF 50 C8 24 03 18 25 A5 03 01 31 03 CF 00 3E 45 C7 25 A5 03 01 31 05 E6 3D 77 00 50 24 BF 50 (58)
                              [N3:X] MOTOR_I 0 67 (67)
                              [N3:X] [undefined] 61 119 0 80 (1031209040)
                              [N3:X] MOTOR_I 0 62 (62)
                              [N3:X] [undefined] 61 119 0 80 (1031209040)
2026-03-20 18:52:24:924 [IN ] C8 24 03 18 25 A5 03 01 31 03 CF 00 3D 44 C6 25 A5 03 01 31 05 E6 3D 77 00 50 24 BF 50 C8 24 03 18 25 A5 03 01 31 03 CF 00 3A 41 C3 25 A5 03 01 31 05 E6 3D 77 00 50 24 BF 50 (58)
                              [N3:X] MOTOR_I 0 61 (61)
                              [N3:X] [undefined] 61 119 0 80 (1031209040)
                              [N3:X] MOTOR_I 0 58 (58)
                              [N3:X] [undefined] 61 119 0 80 (1031209040)
2026-03-20 18:52:25:126 [IN ] C8 24 03 18 25 A5 03 01 31 03 CF 00 21 28 AA 25 A5 03 01 31 05 E6 3D 77 00 50 24 BF 50 C8 24 06 0E 25 A5 06 01 31 06 81 45 00 19 85 F3 95 9E 01 C8 24 03 18 25 A5 03 01 31 03 CF 00 3C 43 C5 25 
A5 03 01 31 05 E6 3D 77 00 50 24 BF 50 (77)
                              [N3:X] MOTOR_I 0 33 (33)
                              [N3:X] [undefined] 61 119 0 80 (1031209040)
                              [N6:H] TPOS 'E' 0 25 133 243 (1672691)
                              [N3:X] MOTOR_I 0 60 (60)
                              [N3:X] [undefined] 61 119 0 80 (1031209040)
2026-03-20 18:52:25:329 [IN ] C8 24 03 0E 25 A5 03 01 31 03 CF 00 3F 46 C8 25 A5 03 01 C8 24 03 0A 01 31 05 E6 3D 77 00 50 24 BF C8 C8 24 03 18 25 A5 03 01 31 03 CF 00 23 2A AC 25 A5 03 01 31 05 E6 3D 77 00 50 24 BF 50 (63)
                              [N3:X] MOTOR_I 0 63 (63)
                              [N3:X] [undefined] 61 119 0 80 (1031209040)
                              [N3:X] MOTOR_I 0 35 (35)
                              [N3:X] [undefined] 61 119 0 80 (1031209040)
2026-03-20 18:52:25:531 [IN ] C8 24 03 18 25 A5 03 01 31 03 CF 00 35 3C BE 25 A5 03 01 31 05 E6 3D 77 00 50 24 BF 50 C8 24 03 18 25 A5 03 01 31 03 CF 00 35 3C BE 25 A5 03 01 31 05 E6 3D 77 00 50 24 BF 50 (58)
                              [N3:X] MOTOR_I 0 53 (53)
                              [N3:X] [undefined] 61 119 0 80 (1031209040)
                              [N3:X] MOTOR_I 0 53 (53)
                              [N3:X] [undefined] 61 119 0 80 (1031209040)
2026-03-20 18:52:25:552 [OUT] 25 A5 01 06 31 05 81 00 0D 03 C1 8F 21 (13)
                              [N6:H] TPOS 0 13 3 193 (852929)
2026-03-20 18:52:25:594 [IN ] C8 24 03 18 25 A5 03 01 31 03 CF 00 23 2A AC 25 A5 03 01 31 05 E6 3D 77 00 50 24 BF 50 (29)
                              [N3:X] MOTOR_I 0 35 (35)
                              [N3:X] [undefined] 61 119 0 80 (1031209040)
2026-03-20 18:52:25:716 [IN ] C8 24 03 18 25 A5 03 01 31 03 CF 00 28 2F B1 25 A5 03 01 31 05 E6 3D 77 00 50 24 BF 50 (29)
                              [N3:X] MOTOR_I 0 40 (40)
                              [N3:X] [undefined] 61 119 0 80 (1031209040)
2026-03-20 18:52:25:738 [IN ] C8 24 06 0E 25 A5 06 01 31 06 81 53 00 19 85 F1 A1 E2 01 (19)
                              [N6:H] TPOS 'S' 0 25 133 241 (1672689)
2026-03-20 18:52:25:939 [IN ] C8 24 03 18 25 A5 03 01 31 03 CF 00 36 3D BF 25 A5 03 01 31 05 E6 3D 77 00 50 24 BF 50 C8 24 03 18 25 A5 03 01 31 03 CF 00 2E 35 B7 25 A5 03 01 31 05 E6 3D 77 00 50 24 BF 50 (58)
                              [N3:X] MOTOR_I 0 54 (54)
                              [N3:X] [undefined] 61 119 0 80 (1031209040)
                              [N3:X] MOTOR_I 0 46 (46)
                              [N3:X] [undefined] 61 119 0 80 (1031209040)
2026-03-20 18:52:26:142 [IN ] C8 24 09 0E 25 A5 09 01 31 06 81 45 FF FF DD 97 79 BE 01 C8 24 03 18 25 A5 03 01 31 03 CF 00 39 40 C2 25 A5 03 01 31 05 E6 3D 77 00 50 24 BF 50 C8 24 03 18 25 A5 03 01 31 03 CF 00 00 07 89 25 
A5 03 01 31 05 E6 3D 77 00 00 D4 6F 50 (77)
                              [N9:P] TPOS 'E' 255 255 221 151 (-8809)
                              [N3:X] MOTOR_I 0 57 (57)
                              [N3:X] [undefined] 61 119 0 80 (1031209040)
                              [N3:X] MOTOR_I 0 0 (0)
                              [N3:X] [undefined] 61 119 0 0 (1031208960)
2026-03-20 18:52:26:365 [OUT] 25 A5 01 08 31 02 D8 3F 53 E7 (10)
                              [N8:R] INTERRUPT '?'
2026-03-20 18:52:26:366 [IN ] C8 24 03 0E 25 A5 03 01 31 06 81 45 FF FD 50 A6 F3 71 01 C8 24 03 18 25 A5 03 01 31 03 CF 00 00 07 89 25 A5 03 01 31 05 E6 3D 77 00 00 D4 6F 50 C8 24 03 18 25 A5 03 01 31 03 CF 00 00 07 89 25 
A5 03 01 31 05 E6 3D 77 00 00 D4 6F 50 (77)
                              [N3:X] TPOS 'E' 255 253 80 166 (-175962)
                              [N3:X] MOTOR_I 0 0 (0)
                              [N3:X] [undefined] 61 119 0 0 (1031208960)
                              [N3:X] MOTOR_I 0 0 (0)
                              [N3:X] [undefined] 61 119 0 0 (1031208960)
2026-03-20 18:52:26:667 [IN ] C8 24 03 18 25 A5 03 01 31 03 CF 00 00 07 89 25 A5 03 01 31 05 E6 3D 77 00 00 D4 6F 50 C8 24 03 15 25 A5 03 01 31 03 CF 00 00 07 89 25 A5 03 01 31 05 E6 3D 77 00 00 C8 24 08 0C 25 A5 08 01 31 
04 D8 3A 01 01 52 92 A5 C8 24 03 1B 00 D4 6F 25 A5 03 01 31 03 CF 00 00 07 89 25 A5 03 01 31 05 E6 3D 77 00 00 D4 6F 05 (104)
                              [N3:X] MOTOR_I 0 0 (0)
                              [N3:X] [undefined] 61 119 0 0 (1031208960)
                              [N3:X] MOTOR_I 0 0 (0)
                              [N8:R] INTERRUPT ':' 1 1 (257)
                              [N3:X] [undefined] 61 119 0 0 (1031208960)
                              [N3:X] MOTOR_I 0 0 (0)
                              [N3:X] [undefined] 61 119 0 0 (1031208960)
2026-03-20 18:52:26:689 [OUT] 25 A5 01 08 31 03 CA 3D 0B 4F 1B (11)
                              [N8:R] RFLAG '=' 11 (11)
2026-03-20 18:52:26:712 [IN ] C8 24 03 18 25 A5 03 01 31 03 CF 00 00 07 89 25 A5 03 01 31 05 E6 3D 77 00 00 D4 6F 00 (29)
                              [N3:X] MOTOR_I 0 0 (0)
                              [N3:X] [undefined] 61 119 0 0 (1031208960)
2026-03-20 18:52:26:815 [IN ] C8 24 03 18 25 A5 03 01 31 03 CF 00 00 07 89 25 A5 03 01 31 05 E6 3D 77 00 00 D4 6F 00 (29)
                              [N3:X] MOTOR_I 0 0 (0)
                              [N3:X] [undefined] 61 119 0 0 (1031208960)
2026-03-20 18:52:26:858 [IN ] C8 24 08 0B 25 A5 08 01 31 03 CA 3A 0B 4C 1C 25 (16)
                              [N8:R] RFLAG ':' 11 (11)
2026-03-20 18:52:26:880 [OUT] 25 A5 01 08 31 03 88 00 50 15 20 (11)
                              [N8:R] RUN 0 80 (80)
2026-03-20 18:52:26:922 [IN ] C8 24 03 18 25 A5 03 01 31 03 CF 00 00 07 89 25 A5 03 01 31 05 E6 3D 77 00 00 D4 6F 00 (29)
                              [N3:X] MOTOR_I 0 0 (0)
                              [N3:X] [undefined] 61 119 0 0 (1031208960)
2026-03-20 18:52:27:027 [IN ] C8 24 03 18 25 A5 03 01 31 03 CF 00 00 07 89 25 A5 03 01 31 05 E6 3D 77 00 00 D4 6F 00 (29)
                              [N3:X] MOTOR_I 0 0 (0)
                              [N3:X] [undefined] 61 119 0 0 (1031208960)
2026-03-20 18:52:27:048 [IN ] C8 24 08 0C 25 A5 08 01 31 04 88 53 00 50 69 EA A5 (17)
                              [N8:R] RUN 'S' 0 80 (80)
2026-03-20 18:52:27:249 [IN ] C8 24 03 18 25 A5 03 01 31 03 CF 00 00 07 89 25 A5 03 01 31 05 E6 3D 77 00 00 D4 6F 00 C8 24 03 18 25 A5 03 01 31 03 CF 00 00 07 89 25 A5 03 01 31 05 E6 3D 77 00 00 D4 6F 00 (58)
                              [N3:X] MOTOR_I 0 0 (0)
                              [N3:X] [undefined] 61 119 0 0 (1031208960)
                              [N3:X] MOTOR_I 0 0 (0)
                              [N3:X] [undefined] 61 119 0 0 (1031208960)
2026-03-20 18:52:27:451 [IN ] C8 24 03 18 25 A5 03 01 31 03 CF 00 00 07 89 25 A5 03 01 31 05 E6 3D 77 00 00 D4 6F 00 C8 24 03 18 25 A5 03 01 31 03 CF 00 00 07 89 25 A5 03 01 31 05 E6 3D 77 00 00 D4 6F 00 (58)
                              [N3:X] MOTOR_I 0 0 (0)
                              [N3:X] [undefined] 61 119 0 0 (1031208960)
                              [N3:X] MOTOR_I 0 0 (0)
                              [N3:X] [undefined] 61 119 0 0 (1031208960)
2026-03-20 18:52:27:652 [IN ] C8 24 03 18 25 A5 03 01 31 03 CF 00 00 07 89 25 A5 03 01 31 05 E6 3D 77 00 00 D4 6F 00 C8 24 03 18 25 A5 03 01 31 03 CF 00 00 07 89 25 A5 03 01 31 05 E6 3D 77 00 00 D4 6F 00 (58)
                              [N3:X] MOTOR_I 0 0 (0)
                              [N3:X] [undefined] 61 119 0 0 (1031208960)
                              [N3:X] MOTOR_I 0 0 (0)
                              [N3:X] [undefined] 61 119 0 0 (1031208960)
2026-03-20 18:52:27:853 [IN ] C8 24 03 0E 25 A5 03 01 31 03 CF 00 00 07 89 25 A5 03 01 C8 24 03 0A 01 31 05 E6 3D 77 00 00 D4 6F 89 C8 24 03 15 25 A5 03 01 31 03 CF 00 00 07 89 25 A5 03 01 31 05 E6 3D 77 00 00 (60)
                              [N3:X] MOTOR_I 0 0 (0)
                              [N3:X] [undefined] 61 119 0 0 (1031208960)
                              [N3:X] MOTOR_I 0 0 (0)
2026-03-20 18:52:28:054 [IN ] C8 24 03 1B 00 D4 6F 25 A5 03 01 31 03 CF 00 00 07 89 25 A5 03 01 31 05 E6 3D 77 00 00 D4 6F 05 C8 24 03 18 25 A5 03 01 31 03 CF 00 00 07 89 25 A5 03 01 31 05 E6 3D 77 00 00 D4 6F 00 (61)
                              [N3:X] [undefined] 61 119 0 0 (1031208960)
                              [N3:X] MOTOR_I 0 0 (0)
                              [N3:X] [undefined] 61 119 0 0 (1031208960)
                              [N3:X] MOTOR_I 0 0 (0)
                              [N3:X] [undefined] 61 119 0 0 (1031208960)
2026-03-20 18:52:28:257 [IN ] C8 24 03 18 25 A5 03 01 31 03 CF 00 00 07 89 25 A5 03 01 31 05 E6 3D 77 00 00 D4 6F 00 C8 24 03 18 25 A5 03 01 31 03 CF 00 00 07 89 25 A5 03 01 31 05 E6 3D 77 00 00 D4 6F 00 (58)
                              [N3:X] MOTOR_I 0 0 (0)
                              [N3:X] [undefined] 61 119 0 0 (1031208960)
                              [N3:X] MOTOR_I 0 0 (0)
                              [N3:X] [undefined] 61 119 0 0 (1031208960)
2026-03-20 18:52:28:458 [IN ] C8 24 03 18 25 A5 03 01 31 03 CF 00 00 07 89 25 A5 03 01 31 05 E6 3D 77 00 00 D4 6F 00 C8 24 03 18 25 A5 03 01 31 03 CF 00 00 07 89 25 A5 03 01 31 05 E6 3D 77 00 00 D4 6F 00 (58)
                              [N3:X] MOTOR_I 0 0 (0)
                              [N3:X] [undefined] 61 119 0 0 (1031208960)
                              [N3:X] MOTOR_I 0 0 (0)
                              [N3:X] [undefined] 61 119 0 0 (1031208960)
2026-03-20 18:52:28:659 [IN ] C8 24 03 18 25 A5 03 01 31 03 CF 00 00 07 89 25 A5 03 01 31 05 E6 3D 77 00 00 D4 6F 00 C8 24 03 18 25 A5 03 01 31 03 CF 00 00 07 89 25 A5 03 01 31 05 E6 3D 77 00 00 D4 6F 00 (58)
                              [N3:X] MOTOR_I 0 0 (0)
                              [N3:X] [undefined] 61 119 0 0 (1031208960)
                              [N3:X] MOTOR_I 0 0 (0)
                              [N3:X] [undefined] 61 119 0 0 (1031208960)
2026-03-20 18:52:28:861 [IN ] C8 24 03 18 25 A5 03 01 31 03 CF 00 00 07 89 25 A5 03 01 31 05 E6 3D 77 00 00 D4 6F 00 C8 24 03 18 25 A5 03 01 31 03 CF 00 00 07 89 25 A5 03 01 31 05 E6 3D 77 00 00 D4 6F 00 (58)
                              [N3:X] MOTOR_I 0 0 (0)
                              [N3:X] [undefined] 61 119 0 0 (1031208960)
                              [N3:X] MOTOR_I 0 0 (0)
                              [N3:X] [undefined] 61 119 0 0 (1031208960)
2026-03-20 18:52:29:062 [IN ] C8 24 03 18 25 A5 03 01 31 03 CF 00 00 07 89 25 A5 03 01 31 05 E6 3D 77 00 00 D4 6F 00 C8 24 03 0E 25 A5 03 01 31 03 CF 00 00 07 89 25 A5 03 01 C8 24 03 0A 01 31 05 E6 3D 77 00 00 D4 6F 89 (63)
                              [N3:X] MOTOR_I 0 0 (0)
                              [N3:X] [undefined] 61 119 0 0 (1031208960)
                              [N3:X] MOTOR_I 0 0 (0)
                              [N3:X] [undefined] 61 119 0 0 (1031208960)
2026-03-20 18:52:29:264 [IN ] C8 24 03 18 25 A5 03 01 31 03 CF 00 00 07 89 25 A5 03 01 31 05 E6 3D 77 00 00 D4 6F 00 C8 24 03 18 25 A5 03 01 31 03 CF 00 00 07 89 25 A5 03 01 31 05 E6 3D 77 00 00 D4 6F 00 (58)
                              [N3:X] MOTOR_I 0 0 (0)
                              [N3:X] [undefined] 61 119 0 0 (1031208960)
                              [N3:X] MOTOR_I 0 0 (0)
                              [N3:X] [undefined] 61 119 0 0 (1031208960)
2026-03-20 18:52:29:465 [IN ] C8 24 03 18 25 A5 03 01 31 03 CF 00 00 07 89 25 A5 03 01 31 05 E6 3D 77 00 00 D4 6F 00 C8 24 06 0E 25 A5 06 01 31 06 81 45 00 0C FE BB C9 31 01 C8 24 03 18 25 A5 03 01 31 03 CF 00 00 07 89 25 
A5 03 01 31 05 E6 3D 77 00 00 D4 6F 00 (77)
                              [N3:X] MOTOR_I 0 0 (0)
                              [N3:X] [undefined] 61 119 0 0 (1031208960)
                              [N6:H] TPOS 'E' 0 12 254 187 (851643)
                              [N3:X] MOTOR_I 0 0 (0)
                              [N3:X] [undefined] 61 119 0 0 (1031208960)
2026-03-20 18:52:29:688 [OUT] 25 A5 01 05 31 02 D8 3F 50 D8 (10)
                              [N5:V] INTERRUPT '?'
2026-03-20 18:52:29:689 [IN ] C8 24 03 18 25 A5 03 01 31 03 CF 00 00 07 89 25 A5 03 01 31 05 E6 3D 77 00 00 D4 6F 00 C8 24 03 18 25 A5 03 01 31 03 CF 00 00 07 89 25 A5 03 01 31 05 E6 3D 77 00 00 D4 6F 00 (58)
                              [N3:X] MOTOR_I 0 0 (0)
                              [N3:X] [undefined] 61 119 0 0 (1031208960)
                              [N3:X] MOTOR_I 0 0 (0)
                              [N3:X] [undefined] 61 119 0 0 (1031208960)
2026-03-20 18:52:29:990 [IN ] C8 24 03 18 25 A5 03 01 31 03 CF 00 00 07 89 25 A5 03 01 31 05 E6 3D 77 00 00 D4 6F 00 C8 24 03 18 25 A5 03 01 31 03 CF 00 00 07 89 25 A5 03 01 31 05 E6 3D 77 00 00 D4 6F 00 C8 24 05 0C 25 A5 
05 01 31 04 D8 3A 01 01 4F 7A A5 C8 24 03 18 25 A5 03 01 31 03 CF 00 00 07 89 25 A5 03 01 31 05 E6 3D 77 00 00 D4 6F 00 (104)
                              [N3:X] MOTOR_I 0 0 (0)
                              [N3:X] [undefined] 61 119 0 0 (1031208960)
                              [N3:X] MOTOR_I 0 0 (0)
                              [N3:X] [undefined] 61 119 0 0 (1031208960)
                              [N5:V] INTERRUPT ':' 1 1 (257)
                              [N3:X] MOTOR_I 0 0 (0)
                              [N3:X] [undefined] 61 119 0 0 (1031208960)
2026-03-20 18:52:30:011 [OUT] 25 A5 01 05 31 03 C9 3D 0B 4B 06 (11)
                              [N5:V] LFLAG '=' 11 (11)
2026-03-20 18:52:30:053 [IN ] C8 24 03 18 25 A5 03 01 31 03 CF 00 00 07 89 25 A5 03 01 31 05 E6 3D 77 00 00 D4 6F 00 (29)
                              [N3:X] MOTOR_I 0 0 (0)
                              [N3:X] [undefined] 61 119 0 0 (1031208960)
2026-03-20 18:52:30:156 [IN ] C8 24 03 18 25 A5 03 01 31 03 CF 00 00 07 89 25 A5 03 01 31 05 E6 3D 77 00 00 D4 6F 00 (29)
                              [N3:X] MOTOR_I 0 0 (0)
                              [N3:X] [undefined] 61 119 0 0 (1031208960)
2026-03-20 18:52:30:177 [IN ] C8 24 05 0B 25 A5 05 01 31 03 C9 3A 0B 48 04 25 (16)
                              [N5:V] LFLAG ':' 11 (11)
2026-03-20 18:52:30:199 [OUT] 25 A5 01 05 31 03 88 FF B0 71 6C (11)
                              [N5:V] RUN 255 176 (-80)
2026-03-20 18:52:30:261 [IN ] C8 24 03 18 25 A5 03 01 31 03 CF 00 00 07 89 25 A5 03 01 31 05 E6 3D 77 00 00 D4 6F 00 (29)
                              [N3:X] MOTOR_I 0 0 (0)
                              [N3:X] [undefined] 61 119 0 0 (1031208960)
2026-03-20 18:52:30:325 [IN ] C8 24 03 0E 25 A5 03 01 31 03 CF 00 00 07 89 25 A5 03 01 (19)
                              [N3:X] MOTOR_I 0 0 (0)
2026-03-20 18:52:30:346 [IN ] C8 24 03 0A 01 31 05 E6 3D 77 (10)
2026-03-20 18:52:30:367 [IN ] 00 00 D4 6F 89 C8 24 05 0C 25 A5 05 01 31 04 88 53 FF B0 C5 30 A5 (22)
                              [N3:X] [undefined] 61 119 0 0 (1031208960)
                              [N5:V] RUN 'S' 255 176 (-80)
2026-03-20 18:52:30:570 [IN ] C8 24 03 18 25 A5 03 01 31 03 CF 00 00 07 89 25 A5 03 01 31 05 E6 3D 77 00 00 D4 6F 00 C8 24 03 18 25 A5 03 01 31 03 CF 00 00 07 89 25 A5 03 01 31 05 E6 3D 77 00 00 D4 6F 00 (58)
                              [N3:X] MOTOR_I 0 0 (0)
                              [N3:X] [undefined] 61 119 0 0 (1031208960)
                              [N3:X] MOTOR_I 0 0 (0)
                              [N3:X] [undefined] 61 119 0 0 (1031208960)
2026-03-20 18:52:30:772 [IN ] C8 24 03 18 25 A5 03 01 31 03 CF 00 00 07 89 25 A5 03 01 31 05 E6 3D 77 00 00 D4 6F 00 C8 24 03 18 25 A5 03 01 31 03 CF 00 00 07 89 25 A5 03 01 31 05 E6 3D 77 00 00 D4 6F 00 (58)
                              [N3:X] MOTOR_I 0 0 (0)
                              [N3:X] [undefined] 61 119 0 0 (1031208960)
                              [N3:X] MOTOR_I 0 0 (0)
                              [N3:X] [undefined] 61 119 0 0 (1031208960)
2026-03-20 18:52:30:976 [IN ] C8 24 03 18 25 A5 03 01 31 03 CF 00 00 07 89 25 A5 03 01 31 05 E6 3D 77 00 00 D4 6F 00 C8 24 03 18 25 A5 03 01 31 03 CF 00 00 07 89 25 A5 03 01 31 05 E6 3D 77 00 00 D4 6F 00 (58)
                              [N3:X] MOTOR_I 0 0 (0)
                              [N3:X] [undefined] 61 119 0 0 (1031208960)
                              [N3:X] MOTOR_I 0 0 (0)
                              [N3:X] [undefined] 61 119 0 0 (1031208960)
2026-03-20 18:52:31:177 [IN ] C8 24 03 18 25 A5 03 01 31 03 CF 00 00 07 89 25 A5 03 01 31 05 E6 3D 77 00 00 D4 6F 00 C8 24 03 18 25 A5 03 01 31 03 CF 00 00 07 89 25 A5 03 01 31 05 E6 3D 77 00 00 D4 6F 00 (58)
                              [N3:X] MOTOR_I 0 0 (0)
                              [N3:X] [undefined] 61 119 0 0 (1031208960)
                              [N3:X] MOTOR_I 0 0 (0)
                              [N3:X] [undefined] 61 119 0 0 (1031208960)
2026-03-20 18:52:31:379 [IN ] C8 24 03 18 25 A5 03 01 31 03 CF 00 00 07 89 25 A5 03 01 31 05 E6 3D 77 00 00 D4 6F 00 C8 24 03 18 25 A5 03 01 31 03 CF 00 00 07 89 25 A5 03 01 31 05 E6 3D 77 00 00 D4 6F 00 (58)
                              [N3:X] MOTOR_I 0 0 (0)
                              [N3:X] [undefined] 61 119 0 0 (1031208960)
                              [N3:X] MOTOR_I 0 0 (0)
                              [N3:X] [undefined] 61 119 0 0 (1031208960)
2026-03-20 18:52:31:580 [IN ] C8 24 03 18 25 A5 03 01 31 03 CF 00 00 07 89 25 A5 03 01 31 05 E6 3D 77 00 00 D4 6F 00 C8 24 03 18 25 A5 03 01 31 03 CF 00 00 07 89 25 A5 03 01 31 05 E6 3D 77 00 00 D4 6F 00 (58)
                              [N3:X] MOTOR_I 0 0 (0)
                              [N3:X] [undefined] 61 119 0 0 (1031208960)
                              [N3:X] MOTOR_I 0 0 (0)
                              [N3:X] [undefined] 61 119 0 0 (1031208960)
2026-03-20 18:52:31:782 [IN ] C8 24 03 0E 25 A5 03 01 31 03 CF 00 00 07 89 25 A5 03 01 C8 24 03 0A 01 31 05 E6 3D 77 00 00 D4 6F 89 C8 24 03 18 25 A5 03 01 31 03 CF 00 00 07 89 25 A5 03 01 31 05 E6 3D 77 00 00 D4 6F 00 (63)
                              [N3:X] MOTOR_I 0 0 (0)
                              [N3:X] [undefined] 61 119 0 0 (1031208960)
                              [N3:X] MOTOR_I 0 0 (0)
                              [N3:X] [undefined] 61 119 0 0 (1031208960)
2026-03-20 18:52:31:983 [IN ] C8 24 03 18 25 A5 03 01 31 03 CF 00 00 07 89 25 A5 03 01 31 05 E6 3D 77 00 00 D4 6F 00 C8 24 03 18 25 A5 03 01 31 03 CF 00 00 07 89 25 A5 03 01 31 05 E6 3D 77 00 00 D4 6F 00 (58)
                              [N3:X] MOTOR_I 0 0 (0)
                              [N3:X] [undefined] 61 119 0 0 (1031208960)
                              [N3:X] MOTOR_I 0 0 (0)
                              [N3:X] [undefined] 61 119 0 0 (1031208960)
2026-03-20 18:52:32:184 [IN ] C8 24 03 18 25 A5 03 01 31 03 CF 00 00 07 89 25 A5 03 01 31 05 E6 3D 77 00 00 D4 6F 00 C8 24 03 18 25 A5 03 01 31 03 CF 00 00 07 89 25 A5 03 01 31 05 E6 3D 77 00 00 D4 6F 00 (58)
                              [N3:X] MOTOR_I 0 0 (0)
                              [N3:X] [undefined] 61 119 0 0 (1031208960)
                              [N3:X] MOTOR_I 0 0 (0)
                              [N3:X] [undefined] 61 119 0 0 (1031208960)
2026-03-20 18:52:32:386 [IN ] C8 24 03 18 25 A5 03 01 31 03 CF 00 00 07 89 25 A5 03 01 31 05 E6 3D 77 00 00 D4 6F 00 C8 24 03 18 25 A5 03 01 31 03 CF 00 00 07 89 25 A5 03 01 31 05 E6 3D 77 00 00 D4 6F 00 (58)
                              [N3:X] MOTOR_I 0 0 (0)
                              [N3:X] [undefined] 61 119 0 0 (1031208960)
                              [N3:X] MOTOR_I 0 0 (0)
                              [N3:X] [undefined] 61 119 0 0 (1031208960)
2026-03-20 18:52:32:588 [IN ] C8 24 03 18 25 A5 03 01 31 03 CF 00 00 07 89 25 A5 03 01 31 05 E6 3D 77 00 00 D4 6F 00 C8 24 03 18 25 A5 03 01 31 03 CF 00 00 07 89 25 A5 03 01 31 05 E6 3D 77 00 00 D4 6F 00 (58)
                              [N3:X] MOTOR_I 0 0 (0)
                              [N3:X] [undefined] 61 119 0 0 (1031208960)
                              [N3:X] MOTOR_I 0 0 (0)
                              [N3:X] [undefined] 61 119 0 0 (1031208960)
2026-03-20 18:52:32:789 [IN ] C8 24 03 18 25 A5 03 01 31 03 CF 00 00 07 89 25 A5 03 01 31 05 E6 3D 77 00 00 D4 6F 00 C8 24 03 18 25 A5 03 01 31 03 CF 00 00 07 89 25 A5 03 01 31 05 E6 3D 77 00 00 D4 6F 00 (58)
                              [N3:X] MOTOR_I 0 0 (0)
                              [N3:X] [undefined] 61 119 0 0 (1031208960)
                              [N3:X] MOTOR_I 0 0 (0)
                              [N3:X] [undefined] 61 119 0 0 (1031208960)
2026-03-20 18:52:32:991 [IN ] C8 24 03 18 25 A5 03 01 31 03 CF 00 00 07 89 25 A5 03 01 31 05 E6 3D 77 00 00 D4 6F 00 C8 24 03 15 25 A5 03 01 31 03 CF 00 00 07 89 25 A5 03 01 31 05 E6 3D 77 00 00 (55)
                              [N3:X] MOTOR_I 0 0 (0)
                              [N3:X] [undefined] 61 119 0 0 (1031208960)
                              [N3:X] MOTOR_I 0 0 (0)
2026-03-20 18:52:33:192 [IN ] C8 24 03 1B 00 D4 6F 25 A5 03 01 31 03 CF 00 00 07 89 25 A5 03 01 31 05 E6 3D 77 00 00 D4 6F 05 C8 24 03 18 25 A5 03 01 31 03 CF 00 00 07 89 25 A5 03 01 31 05 E6 3D 77 00 00 D4 6F 00 (61)
                              [N3:X] [undefined] 61 119 0 0 (1031208960)
                              [N3:X] MOTOR_I 0 0 (0)
                              [N3:X] [undefined] 61 119 0 0 (1031208960)
                              [N3:X] MOTOR_I 0 0 (0)
                              [N3:X] [undefined] 61 119 0 0 (1031208960)
2026-03-20 18:52:33:394 [IN ] C8 24 03 18 25 A5 03 01 31 03 CF 00 00 07 89 25 A5 03 01 31 05 E6 3D 77 00 00 D4 6F 00 C8 24 03 18 25 A5 03 01 31 03 CF 00 00 07 89 25 A5 03 01 31 05 E6 3D 77 00 00 D4 6F 00 (58)
                              [N3:X] MOTOR_I 0 0 (0)
                              [N3:X] [undefined] 61 119 0 0 (1031208960)
                              [N3:X] MOTOR_I 0 0 (0)
                              [N3:X] [undefined] 61 119 0 0 (1031208960)
2026-03-20 18:52:33:596 [IN ] C8 24 03 18 25 A5 03 01 31 03 CF 00 00 07 89 25 A5 03 01 31 05 E6 3D 77 00 00 D4 6F 00 C8 24 03 18 25 A5 03 01 31 03 CF 00 00 07 89 25 A5 03 01 31 05 E6 3D 77 00 00 D4 6F 00 (58)
                              [N3:X] MOTOR_I 0 0 (0)
                              [N3:X] [undefined] 61 119 0 0 (1031208960)
                              [N3:X] MOTOR_I 0 0 (0)
                              [N3:X] [undefined] 61 119 0 0 (1031208960)
2026-03-20 18:52:33:797 [IN ] C8 24 03 18 25 A5 03 01 31 03 CF 00 00 07 89 25 A5 03 01 31 05 E6 3D 77 00 00 D4 6F 00 C8 24 03 18 25 A5 03 01 31 03 CF 00 00 07 89 25 A5 03 01 31 05 E6 3D 77 00 00 D4 6F 00 (58)
                              [N3:X] MOTOR_I 0 0 (0)
                              [N3:X] [undefined] 61 119 0 0 (1031208960)
                              [N3:X] MOTOR_I 0 0 (0)
                              [N3:X] [undefined] 61 119 0 0 (1031208960)
2026-03-20 18:52:33:999 [IN ] C8 24 08 0B 25 A5 08 01 31 03 81 5A 52 6A C8 25 C8 24 08 0A 25 A5 08 01 31 02 81 49 06 4A C8 C8 24 03 18 25 A5 03 01 31 03 CF 00 00 07 89 25 A5 03 01 31 05 E6 3D 77 00 00 D4 6F 00 C8 24 03 18 
25 A5 03 01 31 03 CF 00 00 07 89 25 A5 03 01 31 05 E6 3D 77 00 00 D4 6F 00 (89)
                              [N8:R] TPOS 'Z' 82 (82)
                              [N8:R] TPOS 'I'
                              [N3:X] MOTOR_I 0 0 (0)
                              [N3:X] [undefined] 61 119 0 0 (1031208960)
                              [N3:X] MOTOR_I 0 0 (0)
                              [N3:X] [undefined] 61 119 0 0 (1031208960)
2026-03-20 18:52:34:202 [IN ] C8 24 03 18 25 A5 03 01 31 03 CF 00 00 07 89 25 A5 03 01 31 05 E6 3D 77 00 00 D4 6F 00 C8 24 03 0E 25 A5 03 01 31 03 CF 00 00 07 89 25 A5 03 01 C8 24 03 0A 01 31 05 E6 3D 77 00 00 D4 6F 89 (63)
                              [N3:X] MOTOR_I 0 0 (0)
                              [N3:X] [undefined] 61 119 0 0 (1031208960)
                              [N3:X] MOTOR_I 0 0 (0)
                              [N3:X] [undefined] 61 119 0 0 (1031208960)
2026-03-20 18:52:34:225 [OUT] 25 A5 01 08 31 03 CA 3D 09 4D 19 (11)
                              [N8:R] RFLAG '=' 9 (9)
2026-03-20 18:52:34:267 [IN ] C8 24 03 15 25 A5 03 01 31 03 CF 00 00 07 89 25 A5 03 (18)
2026-03-20 18:52:34:288 [IN ] 01 31 05 E6 3D 77 00 00 (8)
                              [N3:X] MOTOR_I 0 0 (0)
2026-03-20 18:52:34:374 [IN ] C8 24 03 1B 00 D4 6F 25 A5 03 01 31 03 CF 00 00 07 89 25 A5 03 01 31 05 E6 3D 77 00 00 D4 6F 05 (32)
                              [N3:X] [undefined] 61 119 0 0 (1031208960)
                              [N3:X] MOTOR_I 0 0 (0)
                              [N3:X] [undefined] 61 119 0 0 (1031208960)
2026-03-20 18:52:34:398 [IN ] C8 24 08 0B 25 A5 08 01 31 03 CA 3A 09 4A 1A 00 (16)
                              [N8:R] RFLAG ':' 9 (9)
2026-03-20 18:52:34:421 [OUT] 25 A5 01 08 31 05 81 FF DC 77 1D 2F DE (13)
                              [N8:R] TPOS 255 220 119 29 (-2328803)
2026-03-20 18:52:34:483 [IN ] C8 24 03 18 25 A5 03 01 31 03 CF 00 00 07 89 25 A5 03 01 31 05 E6 3D 77 00 00 D4 6F 00 (29)
                              [N3:X] MOTOR_I 0 0 (0)
                              [N3:X] [undefined] 61 119 0 0 (1031208960)
2026-03-20 18:52:34:586 [IN ] C8 24 03 18 25 A5 03 01 31 03 CF 00 00 07 89 25 A5 03 01 31 05 E6 3D 77 00 00 D4 6F 00 (29)
                              [N3:X] MOTOR_I 0 0 (0)
                              [N3:X] [undefined] 61 119 0 0 (1031208960)
2026-03-20 18:52:34:607 [IN ] C8 24 08 0E 25 A5 08 01 31 06 81 53 FF FF FF C5 D6 6C 01 (19)
                              [N8:R] TPOS 'S' 255 255 255 197 (-59)
2026-03-20 18:52:34:808 [IN ] C8 24 03 18 25 A5 03 01 31 03 CF 00 00 07 89 25 A5 03 01 31 05 E6 3D 77 00 00 D4 6F 00 C8 24 03 18 25 A5 03 01 31 03 CF 00 00 07 89 25 A5 03 01 31 05 E6 3D 77 00 00 D4 6F 00 (58)
                              [N3:X] MOTOR_I 0 0 (0)
                              [N3:X] [undefined] 61 119 0 0 (1031208960)
                              [N3:X] MOTOR_I 0 0 (0)
                              [N3:X] [undefined] 61 119 0 0 (1031208960)
2026-03-20 18:52:35:010 [IN ] C8 24 07 0E 25 A5 07 01 31 06 81 45 FF AB 14 A4 67 29 01 C8 24 03 18 25 A5 03 01 31 03 CF 00 00 07 89 25 A5 03 01 31 05 E6 3D 77 00 00 D4 6F 00 C8 24 0C 0E 25 A5 0C 01 31 06 81 45 FF BC CE CB 
5E 29 01 C8 24 03 18 25 A5 03 01 31 03 CF 00 00 07 89 25 A5 03 01 31 05 E6 3D 77 00 00 D4 6F 00 (96)
                              [N7:N] TPOS 'E' 255 171 20 164 (-5565276)
                              [N3:X] MOTOR_I 0 0 (0)
                              [N3:X] [undefined] 61 119 0 0 (1031208960)
                              [N12:Z] TPOS 'E' 255 188 206 203 (-4403509)
                              [N3:X] MOTOR_I 0 0 (0)
                              [N3:X] [undefined] 61 119 0 0 (1031208960)
2026-03-20 18:52:35:214 [IN ] C8 24 03 18 25 A5 03 01 31 03 CF 00 00 07 89 25 A5 03 01 31 05 E6 3D 77 00 00 D4 6F 00 C8 24 03 18 25 A5 03 01 31 03 CF 00 00 07 89 25 A5 03 01 31 05 E6 3D 77 00 00 D4 6F 00 (58)
                              [N3:X] MOTOR_I 0 0 (0)
                              [N3:X] [undefined] 61 119 0 0 (1031208960)
                              [N3:X] MOTOR_I 0 0 (0)
                              [N3:X] [undefined] 61 119 0 0 (1031208960)
2026-03-20 18:52:35:417 [IN ] C8 24 03 18 25 A5 03 01 31 03 CF 00 00 07 89 25 A5 03 01 31 05 E6 3D 77 00 00 D4 6F 00 C8 24 05 0B 25 A5 05 01 31 03 81 5A 4C 61 AD 25 C8 24 03 18 25 A5 03 01 31 03 CF 00 00 07 89 25 A5 03 01 
31 05 E6 3D 77 00 00 D4 6F 00 C8 24 05 0A 25 A5 05 01 31 02 81 49 03 38 89 (89)
                              [N3:X] MOTOR_I 0 0 (0)
                              [N3:X] [undefined] 61 119 0 0 (1031208960)
                              [N5:V] TPOS 'Z' 76 (76)
                              [N3:X] MOTOR_I 0 0 (0)
                              [N3:X] [undefined] 61 119 0 0 (1031208960)
                              [N5:V] TPOS 'I'
2026-03-20 18:52:35:438 [OUT] 25 A5 01 0C 31 05 81 FF D1 1A 67 15 6D (13)
                              [N12:Z] TPOS 255 209 26 103 (-3073433)
2026-03-20 18:52:35:459 [OUT] 25 A5 01 07 31 05 81 FF F3 35 BF A5 39 (13)
                              [N7:N] TPOS 255 243 53 191 (-838209)
2026-03-20 18:52:35:482 [OUT] 25 A5 01 05 31 03 C9 3D 09 49 04 (11)
                              [N5:V] LFLAG '=' 9 (9)
2026-03-20 18:52:35:483 [IN ] C8 24 03 0E 25 A5 03 01 31 03 CF 00 00 07 89 25 A5 03 01 (19)
                              [N3:X] MOTOR_I 0 0 (0)
2026-03-20 18:52:35:504 [IN ] C8 24 03 0A 01 31 05 E6 3D 77 00 00 D4 6F 89 (15)
                              [N3:X] [undefined] 61 119 0 0 (1031208960)
2026-03-20 18:52:35:567 [IN ] C8 24 03 15 25 A5 03 01 31 03 CF 00 00 07 89 25 A5 (17)
2026-03-20 18:52:35:588 [IN ] 03 01 31 05 E6 3D 77 00 00 (9)
                              [N3:X] MOTOR_I 0 0 (0)
2026-03-20 18:52:35:632 [IN ] C8 24 0C 0E 25 A5 0C 01 31 06 81 53 FF BC CE DE 7F 82 01 (19)
                              [N12:Z] TPOS 'S' 255 188 206 222 (-4403490)
2026-03-20 18:52:35:695 [IN ] C8 24 03 1B 00 D4 6F 25 A5 03 01 31 03 CF 00 00 07 89 25 A5 03 01 31 05 E6 3D 77 00 00 D4 6F 05 (32)
                              [N3:X] [undefined] 61 119 0 0 (1031208960)
                              [N3:X] MOTOR_I 0 0 (0)
                              [N3:X] [undefined] 61 119 0 0 (1031208960)
2026-03-20 18:52:35:757 [IN ] C8 24 07 0E 25 A5 07 01 31 06 81 53 FF AB 14 A7 78 72 25 (19)
                              [N7:N] TPOS 'S' 255 171 20 167 (-5565273)
2026-03-20 18:52:35:777 [IN ] C8 24 03 18 25 A5 03 01 31 03 CF 00 00 07 89 25 A5 03 01 31 05 E6 3D 77 00 00 D4 6F 00 (29)
                              [N3:X] MOTOR_I 0 0 (0)
                              [N3:X] [undefined] 61 119 0 0 (1031208960)
2026-03-20 18:52:35:861 [IN ] C8 24 05 0B 25 A5 05 01 31 03 C9 3A 09 46 02 25 (16)
                              [N5:V] LFLAG ':' 9 (9)
2026-03-20 18:52:35:883 [OUT] 25 A5 01 05 31 03 84 00 50 0E 02 (11)
                              [N5:V] VEL 0 80 (80)
2026-03-20 18:52:35:903 [IN ] C8 24 03 18 25 A5 03 01 31 03 CF 00 00 07 89 25 A5 03 01 31 05 E6 3D 77 00 00 D4 6F 00 (29)
                              [N3:X] MOTOR_I 0 0 (0)
                              [N3:X] [undefined] 61 119 0 0 (1031208960)
2026-03-20 18:52:35:987 [IN ] C8 24 03 18 25 A5 03 01 31 03 CF 00 00 07 89 25 A5 03 01 31 05 E6 3D 77 00 00 D4 6F 00 (29)
                              [N3:X] MOTOR_I 0 0 (0)
                              [N3:X] [undefined] 61 119 0 0 (1031208960)
2026-03-20 18:52:36:049 [IN ] C8 24 05 0C 25 A5 05 01 31 04 84 53 00 50 62 C2 A5 (17)
                              [N5:V] VEL 'S' 0 80 (80)
2026-03-20 18:52:36:070 [OUT] 25 A5 01 05 31 05 81 00 19 82 3C 94 B6 (13)
                              [N5:V] TPOS 0 25 130 60 (1671740)
2026-03-20 18:52:36:091 [IN ] C8 24 03 18 25 A5 03 01 31 03 CF 00 00 07 89 25 A5 03 01 31 05 E6 3D 77 00 00 (26)
2026-03-20 18:52:36:113 [IN ] D4 6F 00 (3)
                              [N3:X] MOTOR_I 0 0 (0)
                              [N3:X] [undefined] 61 119 0 0 (1031208960)
2026-03-20 18:52:36:197 [IN ] C8 24 03 18 25 A5 03 01 31 03 CF 00 00 07 89 25 A5 03 01 31 05 E6 3D 77 00 00 D4 6F 00 (29)
                              [N3:X] MOTOR_I 0 0 (0)
                              [N3:X] [undefined] 61 119 0 0 (1031208960)
2026-03-20 18:52:36:238 [IN ] C8 24 05 0E 25 A5 05 01 31 06 81 53 00 00 00 00 11 92 01 (19)
                              [N5:V] TPOS 'S' 0 0 0 0 (0)
2026-03-20 18:52:36:440 [IN ] C8 24 03 18 25 A5 03 01 31 03 CF 00 00 07 89 25 A5 03 01 31 05 E6 3D 77 00 00 D4 6F 00 C8 24 03 18 25 A5 03 01 31 03 CF 00 00 07 89 25 A5 03 01 31 05 E6 3D 77 00 00 D4 6F 00 (58)
                              [N3:X] MOTOR_I 0 0 (0)
                              [N3:X] [undefined] 61 119 0 0 (1031208960)
                              [N3:X] MOTOR_I 0 0 (0)
                              [N3:X] [undefined] 61 119 0 0 (1031208960)
2026-03-20 18:52:36:641 [IN ] C8 24 03 18 25 A5 03 01 31 03 CF 00 00 07 89 25 A5 03 01 31 05 E6 3D 77 00 00 D4 6F 00 C8 24 03 18 25 A5 03 01 31 03 CF 00 00 07 89 25 A5 03 01 31 05 E6 3D 77 00 00 D4 6F 00 (58)
                              [N3:X] MOTOR_I 0 0 (0)
                              [N3:X] [undefined] 61 119 0 0 (1031208960)
                              [N3:X] MOTOR_I 0 0 (0)
                              [N3:X] [undefined] 61 119 0 0 (1031208960)
2026-03-20 18:52:36:843 [IN ] C8 24 03 18 25 A5 03 01 31 03 CF 00 00 07 89 25 A5 03 01 31 05 E6 3D 77 00 00 D4 6F 00 C8 24 03 0E 25 A5 03 01 31 03 CF 00 00 07 89 25 A5 03 01 C8 24 03 0A 01 31 05 E6 3D 77 00 00 D4 6F 89 (63)
                              [N3:X] MOTOR_I 0 0 (0)
                              [N3:X] [undefined] 61 119 0 0 (1031208960)
                              [N3:X] MOTOR_I 0 0 (0)
                              [N3:X] [undefined] 61 119 0 0 (1031208960)
2026-03-20 18:52:37:046 [IN ] C8 24 03 18 25 A5 03 01 31 03 CF 00 00 07 89 25 A5 03 01 31 05 E6 3D 77 00 00 D4 6F 00 C8 24 03 18 25 A5 03 01 31 03 CF 00 00 07 89 25 A5 03 01 31 05 E6 3D 77 00 00 D4 6F 00 (58)
                              [N3:X] MOTOR_I 0 0 (0)
                              [N3:X] [undefined] 61 119 0 0 (1031208960)
                              [N3:X] MOTOR_I 0 0 (0)
                              [N3:X] [undefined] 61 119 0 0 (1031208960)
2026-03-20 18:52:37:247 [IN ] C8 24 03 18 25 A5 03 01 31 03 CF 00 00 07 89 25 A5 03 01 31 05 E6 3D 77 00 00 D4 6F 00 C8 24 03 18 25 A5 03 01 31 03 CF 00 00 07 89 25 A5 03 01 31 05 E6 3D 77 00 00 D4 6F 00 (58)
                              [N3:X] MOTOR_I 0 0 (0)
                              [N3:X] [undefined] 61 119 0 0 (1031208960)
                              [N3:X] MOTOR_I 0 0 (0)
                              [N3:X] [undefined] 61 119 0 0 (1031208960)
2026-03-20 18:52:37:448 [IN ] C8 24 03 18 25 A5 03 01 31 03 CF 00 00 07 89 25 A5 03 01 31 05 E6 3D 77 00 00 D4 6F 00 C8 24 03 18 25 A5 03 01 31 03 CF 00 00 07 89 25 A5 03 01 31 05 E6 3D 77 00 00 D4 6F 00 (58)
                              [N3:X] MOTOR_I 0 0 (0)
                              [N3:X] [undefined] 61 119 0 0 (1031208960)
                              [N3:X] MOTOR_I 0 0 (0)
                              [N3:X] [undefined] 61 119 0 0 (1031208960)
2026-03-20 18:52:37:649 [IN ] C8 24 03 18 25 A5 03 01 31 03 CF 00 00 07 89 25 A5 03 01 31 05 E6 3D 77 00 00 D4 6F 00 C8 24 03 18 25 A5 03 01 31 03 CF 00 00 07 89 25 A5 03 01 31 05 E6 3D 77 00 00 D4 6F 00 (58)
                              [N3:X] MOTOR_I 0 0 (0)
                              [N3:X] [undefined] 61 119 0 0 (1031208960)
                              [N3:X] MOTOR_I 0 0 (0)
                              [N3:X] [undefined] 61 119 0 0 (1031208960)
2026-03-20 18:52:37:851 [IN ] C8 24 03 18 25 A5 03 01 31 03 CF 00 00 07 89 25 A5 03 01 31 05 E6 3D 77 00 00 D4 6F 00 C8 24 03 18 25 A5 03 01 31 03 CF 00 00 07 89 25 A5 03 01 31 05 E6 3D 77 00 00 D4 6F 00 (58)
                              [N3:X] MOTOR_I 0 0 (0)
                              [N3:X] [undefined] 61 119 0 0 (1031208960)
                              [N3:X] MOTOR_I 0 0 (0)
                              [N3:X] [undefined] 61 119 0 0 (1031208960)
2026-03-20 18:52:38:052 [IN ] C8 24 03 18 25 A5 03 01 31 03 CF 00 00 07 89 25 A5 03 01 31 05 E6 3D 77 00 00 D4 6F 00 C8 24 03 18 25 A5 03 01 31 03 CF 00 00 07 89 25 A5 03 01 31 05 E6 3D 77 00 00 D4 6F 00 (58)
                              [N3:X] MOTOR_I 0 0 (0)
                              [N3:X] [undefined] 61 119 0 0 (1031208960)
                              [N3:X] MOTOR_I 0 0 (0)
                              [N3:X] [undefined] 61 119 0 0 (1031208960)
2026-03-20 18:52:38:254 [IN ] C8 24 03 15 25 A5 03 01 31 03 CF 00 00 07 89 25 A5 03 01 31 05 E6 3D 77 00 00 C8 24 03 1B 00 D4 6F 25 A5 03 01 31 03 CF 00 00 07 89 25 A5 03 01 31 05 E6 3D 77 00 00 D4 6F 05 (58)
                              [N3:X] MOTOR_I 0 0 (0)
                              [N3:X] [undefined] 61 119 0 0 (1031208960)
                              [N3:X] MOTOR_I 0 0 (0)
                              [N3:X] [undefined] 61 119 0 0 (1031208960)
2026-03-20 18:52:38:455 [IN ] C8 24 03 18 25 A5 03 01 31 03 CF 00 00 07 89 25 A5 03 01 31 05 E6 3D 77 00 00 D4 6F 00 C8 24 03 18 25 A5 03 01 31 03 CF 00 00 07 89 25 A5 03 01 31 05 E6 3D 77 00 00 D4 6F 00 (58)
                              [N3:X] MOTOR_I 0 0 (0)
                              [N3:X] [undefined] 61 119 0 0 (1031208960)
                              [N3:X] MOTOR_I 0 0 (0)
                              [N3:X] [undefined] 61 119 0 0 (1031208960)
2026-03-20 18:52:38:657 [IN ] C8 24 03 18 25 A5 03 01 31 03 CF 00 00 07 89 25 A5 03 01 31 05 E6 3D 77 00 00 D4 6F 00 C8 24 03 18 25 A5 03 01 31 03 CF 00 00 07 89 25 A5 03 01 31 05 E6 3D 77 00 00 D4 6F 00 (58)
                              [N3:X] MOTOR_I 0 0 (0)
                              [N3:X] [undefined] 61 119 0 0 (1031208960)
                              [N3:X] MOTOR_I 0 0 (0)
                              [N3:X] [undefined] 61 119 0 0 (1031208960)
2026-03-20 18:52:38:858 [IN ] C8 24 03 18 25 A5 03 01 31 03 CF 00 00 07 89 25 A5 03 01 31 05 E6 3D 77 00 00 D4 6F 00 C8 24 03 18 25 A5 03 01 31 03 CF 00 00 07 89 25 A5 03 01 31 05 E6 3D 77 00 00 D4 6F 00 (58)
                              [N3:X] MOTOR_I 0 0 (0)
                              [N3:X] [undefined] 61 119 0 0 (1031208960)
                              [N3:X] MOTOR_I 0 0 (0)
                              [N3:X] [undefined] 61 119 0 0 (1031208960)
2026-03-20 18:52:39:059 [IN ] C8 24 03 18 25 A5 03 01 31 03 CF 00 00 07 89 25 A5 03 01 31 05 E6 3D 77 00 00 D4 6F 00 C8 24 03 18 25 A5 03 01 31 03 CF 00 00 07 89 25 A5 03 01 31 05 E6 3D 77 00 00 D4 6F 00 (58)
                              [N3:X] MOTOR_I 0 0 (0)
                              [N3:X] [undefined] 61 119 0 0 (1031208960)
                              [N3:X] MOTOR_I 0 0 (0)
                              [N3:X] [undefined] 61 119 0 0 (1031208960)
2026-03-20 18:52:39:261 [IN ] C8 24 03 18 25 A5 03 01 31 03 CF 00 00 07 89 25 A5 03 01 31 05 E6 3D 77 00 00 D4 6F 00 C8 24 03 18 25 A5 03 01 31 03 CF 00 00 07 89 25 A5 03 01 31 05 E6 3D 77 00 00 D4 6F 00 (58)
                              [N3:X] MOTOR_I 0 0 (0)
                              [N3:X] [undefined] 61 119 0 0 (1031208960)
                              [N3:X] MOTOR_I 0 0 (0)
                              [N3:X] [undefined] 61 119 0 0 (1031208960)
2026-03-20 18:52:39:462 [IN ] C8 24 03 0E 25 A5 03 01 31 03 CF 00 00 07 89 25 A5 03 01 C8 24 03 0A 01 31 05 E6 3D 77 00 00 D4 6F 89 C8 24 03 15 25 A5 03 01 31 03 CF 00 00 07 89 25 A5 03 01 31 05 E6 3D 77 00 00 (60)
                              [N3:X] MOTOR_I 0 0 (0)
                              [N3:X] [undefined] 61 119 0 0 (1031208960)
                              [N3:X] MOTOR_I 0 0 (0)
2026-03-20 18:52:39:663 [IN ] C8 24 03 1B 00 D4 6F 25 A5 03 01 31 03 CF 00 00 07 89 25 A5 03 01 31 05 E6 3D 77 00 00 D4 6F 05 C8 24 03 18 25 A5 03 01 31 03 CF 00 00 07 89 25 A5 03 01 31 05 E6 3D 77 00 00 D4 6F 00 (61)
                              [N3:X] [undefined] 61 119 0 0 (1031208960)
                              [N3:X] MOTOR_I 0 0 (0)
                              [N3:X] [undefined] 61 119 0 0 (1031208960)
                              [N3:X] MOTOR_I 0 0 (0)
                              [N3:X] [undefined] 61 119 0 0 (1031208960)
2026-03-20 18:52:39:864 [IN ] C8 24 03 18 25 A5 03 01 31 03 CF 00 00 07 89 25 A5 03 01 31 05 E6 3D 77 00 00 D4 6F 00 C8 24 03 18 25 A5 03 01 31 03 CF 00 00 07 89 25 A5 03 01 31 05 E6 3D 77 00 00 D4 6F 00 (58)
                              [N3:X] MOTOR_I 0 0 (0)
                              [N3:X] [undefined] 61 119 0 0 (1031208960)
                              [N3:X] MOTOR_I 0 0 (0)
                              [N3:X] [undefined] 61 119 0 0 (1031208960)
2026-03-20 18:52:40:065 [IN ] C8 24 03 18 25 A5 03 01 31 03 CF 00 00 07 89 25 A5 03 01 31 05 E6 3D 77 00 00 D4 6F 00 C8 24 03 18 25 A5 03 01 31 03 CF 00 00 07 89 25 A5 03 01 31 05 E6 3D 77 00 00 D4 6F 00 (58)
                              [N3:X] MOTOR_I 0 0 (0)
                              [N3:X] [undefined] 61 119 0 0 (1031208960)
                              [N3:X] MOTOR_I 0 0 (0)
                              [N3:X] [undefined] 61 119 0 0 (1031208960)
2026-03-20 18:52:40:266 [IN ] C8 24 03 18 25 A5 03 01 31 03 CF 00 00 07 89 25 A5 03 01 31 05 E6 3D 77 00 00 D4 6F 00 C8 24 03 18 25 A5 03 01 31 03 CF 00 00 07 89 25 A5 03 01 31 05 E6 3D 77 00 00 D4 6F 00 (58)
                              [N3:X] MOTOR_I 0 0 (0)
                              [N3:X] [undefined] 61 119 0 0 (1031208960)
                              [N3:X] MOTOR_I 0 0 (0)
                              [N3:X] [undefined] 61 119 0 0 (1031208960)
2026-03-20 18:52:40:468 [IN ] C8 24 03 18 25 A5 03 01 31 03 CF 00 00 07 89 25 A5 03 01 31 05 E6 3D 77 00 00 D4 6F 00 C8 24 03 18 25 A5 03 01 31 03 CF 00 00 07 89 25 A5 03 01 31 05 E6 3D 77 00 00 D4 6F 00 (58)
                              [N3:X] MOTOR_I 0 0 (0)
                              [N3:X] [undefined] 61 119 0 0 (1031208960)
                              [N3:X] MOTOR_I 0 0 (0)
                              [N3:X] [undefined] 61 119 0 0 (1031208960)
2026-03-20 18:52:40:669 [IN ] C8 24 03 18 25 A5 03 01 31 03 CF 00 00 07 89 25 A5 03 01 31 05 E6 3D 77 00 00 D4 6F 00 C8 24 03 0E 25 A5 03 01 31 03 CF 00 00 07 89 25 A5 03 01 C8 24 03 0A 01 31 05 E6 3D 77 00 00 D4 6F 89 (63)
                              [N3:X] MOTOR_I 0 0 (0)
                              [N3:X] [undefined] 61 119 0 0 (1031208960)
                              [N3:X] MOTOR_I 0 0 (0)
                              [N3:X] [undefined] 61 119 0 0 (1031208960)
2026-03-20 18:52:40:870 [IN ] C8 24 03 15 25 A5 03 01 31 03 CF 00 00 07 89 25 A5 03 01 31 05 E6 3D 77 00 00 C8 24 03 1B 00 D4 6F 25 A5 03 01 31 03 CF 00 00 07 89 25 A5 03 01 31 05 E6 3D 77 00 00 D4 6F 05 (58)
                              [N3:X] MOTOR_I 0 0 (0)
                              [N3:X] [undefined] 61 119 0 0 (1031208960)
                              [N3:X] MOTOR_I 0 0 (0)
                              [N3:X] [undefined] 61 119 0 0 (1031208960)
2026-03-20 18:52:41:071 [IN ] C8 24 03 18 25 A5 03 01 31 03 CF 00 00 07 89 25 A5 03 01 31 05 E6 3D 77 00 00 D4 6F 00 C8 24 03 18 25 A5 03 01 31 03 CF 00 00 07 89 25 A5 03 01 31 05 E6 3D 77 00 00 D4 6F 00 (58)
                              [N3:X] MOTOR_I 0 0 (0)
                              [N3:X] [undefined] 61 119 0 0 (1031208960)
                              [N3:X] MOTOR_I 0 0 (0)
                              [N3:X] [undefined] 61 119 0 0 (1031208960)
2026-03-20 18:52:41:272 [IN ] C8 24 03 18 25 A5 03 01 31 03 CF 00 00 07 89 25 A5 03 01 31 05 E6 3D 77 00 00 D4 6F 00 C8 24 03 18 25 A5 03 01 31 03 CF 00 00 07 89 25 A5 03 01 31 05 E6 3D 77 00 00 D4 6F 00 (58)
                              [N3:X] MOTOR_I 0 0 (0)
                              [N3:X] [undefined] 61 119 0 0 (1031208960)
                              [N3:X] MOTOR_I 0 0 (0)
                              [N3:X] [undefined] 61 119 0 0 (1031208960)
2026-03-20 18:52:41:473 [IN ] C8 24 03 18 25 A5 03 01 31 03 CF 00 00 07 89 25 A5 03 01 31 05 E6 3D 77 00 00 D4 6F 00 C8 24 03 18 25 A5 03 01 31 03 CF 00 00 07 89 25 A5 03 01 31 05 E6 3D 77 00 00 D4 6F 00 (58)
                              [N3:X] MOTOR_I 0 0 (0)
                              [N3:X] [undefined] 61 119 0 0 (1031208960)
                              [N3:X] MOTOR_I 0 0 (0)
                              [N3:X] [undefined] 61 119 0 0 (1031208960)
2026-03-20 18:52:41:675 [IN ] C8 24 03 18 25 A5 03 01 31 03 CF 00 00 07 89 25 A5 03 01 31 05 E6 3D 77 00 00 D4 6F 00 C8 24 03 18 25 A5 03 01 31 03 CF 00 00 07 89 25 A5 03 01 31 05 E6 3D 77 00 00 D4 6F 00 (58)
                              [N3:X] MOTOR_I 0 0 (0)
                              [N3:X] [undefined] 61 119 0 0 (1031208960)
                              [N3:X] MOTOR_I 0 0 (0)
                              [N3:X] [undefined] 61 119 0 0 (1031208960)
2026-03-20 18:52:41:876 [IN ] C8 24 03 18 25 A5 03 01 31 03 CF 00 00 07 89 25 A5 03 01 31 05 E6 3D 77 00 00 D4 6F 00 C8 24 03 18 25 A5 03 01 31 03 CF 00 00 07 89 25 A5 03 01 31 05 E6 3D 77 00 00 D4 6F 00 (58)
                              [N3:X] MOTOR_I 0 0 (0)
                              [N3:X] [undefined] 61 119 0 0 (1031208960)
                              [N3:X] MOTOR_I 0 0 (0)
                              [N3:X] [undefined] 61 119 0 0 (1031208960)
2026-03-20 18:52:42:077 [IN ] C8 24 03 0E 25 A5 03 01 31 03 CF 00 00 07 89 25 A5 03 01 C8 24 03 0A 01 31 05 E6 3D 77 00 00 D4 6F 89 C8 24 03 18 25 A5 03 01 31 03 CF 00 00 07 89 25 A5 03 01 31 05 E6 3D 77 00 00 D4 6F 00 (63)
                              [N3:X] MOTOR_I 0 0 (0)
                              [N3:X] [undefined] 61 119 0 0 (1031208960)
                              [N3:X] MOTOR_I 0 0 (0)
                              [N3:X] [undefined] 61 119 0 0 (1031208960)
2026-03-20 18:52:42:278 [IN ] C8 24 03 18 25 A5 03 01 31 03 CF 00 00 07 89 25 A5 03 01 31 05 E6 3D 77 00 00 D4 6F 00 C8 24 03 18 25 A5 03 01 31 03 CF 00 00 07 89 25 A5 03 01 31 05 E6 3D 77 00 00 D4 6F 00 (58)
                              [N3:X] MOTOR_I 0 0 (0)
                              [N3:X] [undefined] 61 119 0 0 (1031208960)
                              [N3:X] MOTOR_I 0 0 (0)
                              [N3:X] [undefined] 61 119 0 0 (1031208960)
2026-03-20 18:52:42:480 [IN ] C8 24 03 18 25 A5 03 01 31 03 CF 00 00 07 89 25 A5 03 01 31 05 E6 3D 77 00 00 D4 6F 00 C8 24 03 18 25 A5 03 01 31 03 CF 00 00 07 89 25 A5 03 01 31 05 E6 3D 77 00 00 D4 6F 00 (58)
                              [N3:X] MOTOR_I 0 0 (0)
                              [N3:X] [undefined] 61 119 0 0 (1031208960)
                              [N3:X] MOTOR_I 0 0 (0)
                              [N3:X] [undefined] 61 119 0 0 (1031208960)
2026-03-20 18:52:42:682 [IN ] C8 24 03 18 25 A5 03 01 31 03 CF 00 00 07 89 25 A5 03 01 31 05 E6 3D 77 00 00 D4 6F 00 C8 24 03 18 25 A5 03 01 31 03 CF 00 00 07 89 25 A5 03 01 31 05 E6 3D 77 00 00 D4 6F 00 (58)
                              [N3:X] MOTOR_I 0 0 (0)
                              [N3:X] [undefined] 61 119 0 0 (1031208960)
                              [N3:X] MOTOR_I 0 0 (0)
                              [N3:X] [undefined] 61 119 0 0 (1031208960)
2026-03-20 18:52:42:883 [IN ] C8 24 03 18 25 A5 03 01 31 03 CF 00 00 07 89 25 A5 03 01 31 05 E6 3D 77 00 00 D4 6F 00 C8 24 03 18 25 A5 03 01 31 03 CF 00 00 07 89 25 A5 03 01 31 05 E6 3D 77 00 00 D4 6F 00 (58)
                              [N3:X] MOTOR_I 0 0 (0)
                              [N3:X] [undefined] 61 119 0 0 (1031208960)
                              [N3:X] MOTOR_I 0 0 (0)
                              [N3:X] [undefined] 61 119 0 0 (1031208960)
2026-03-20 18:52:43:084 [IN ] C8 24 03 18 25 A5 03 01 31 03 CF 00 00 07 89 25 A5 03 01 31 05 E6 3D 77 00 00 D4 6F 00 C8 24 0C 0E 25 A5 0C 01 31 06 81 45 FF D1 1C 38 2E 71 01 C8 24 03 18 25 A5 03 01 31 03 CF 00 00 07 89 25 
A5 03 01 31 05 E6 3D 77 00 00 D4 6F 00 (77)
                              [N3:X] MOTOR_I 0 0 (0)
                              [N3:X] [undefined] 61 119 0 0 (1031208960)
                              [N12:Z] TPOS 'E' 255 209 28 56 (-3072968)
                              [N3:X] MOTOR_I 0 0 (0)
                              [N3:X] [undefined] 61 119 0 0 (1031208960)
2026-03-20 18:52:43:288 [IN ] C8 24 03 18 25 A5 03 01 31 03 CF 00 00 07 89 25 A5 03 01 31 05 E6 3D 77 00 00 D4 6F 00 C8 24 03 15 25 A5 03 01 31 03 CF 00 00 07 89 25 A5 03 01 31 05 E6 3D 77 00 00 (55)
                              [N3:X] MOTOR_I 0 0 (0)
                              [N3:X] [undefined] 61 119 0 0 (1031208960)
                              [N3:X] MOTOR_I 0 0 (0)
2026-03-20 18:52:43:489 [IN ] C8 24 03 1B 00 D4 6F 25 A5 03 01 31 03 CF 00 00 07 89 25 A5 03 01 31 05 E6 3D 77 00 00 D4 6F 05 C8 24 03 18 25 A5 03 01 31 03 CF 00 00 07 89 25 A5 03 01 31 05 E6 3D 77 00 00 D4 6F 00 (61)
                              [N3:X] [undefined] 61 119 0 0 (1031208960)
                              [N3:X] MOTOR_I 0 0 (0)
                              [N3:X] [undefined] 61 119 0 0 (1031208960)
                              [N3:X] MOTOR_I 0 0 (0)
                              [N3:X] [undefined] 61 119 0 0 (1031208960)
2026-03-20 18:52:43:690 [IN ] C8 24 03 18 25 A5 03 01 31 03 CF 00 00 07 89 25 A5 03 01 31 05 E6 3D 77 00 00 D4 6F 00 C8 24 03 18 25 A5 03 01 31 03 CF 00 00 07 89 25 A5 03 01 31 05 E6 3D 77 00 00 D4 6F 00 (58)
                              [N3:X] MOTOR_I 0 0 (0)
                              [N3:X] [undefined] 61 119 0 0 (1031208960)
                              [N3:X] MOTOR_I 0 0 (0)
                              [N3:X] [undefined] 61 119 0 0 (1031208960)
2026-03-20 18:52:43:891 [IN ] C8 24 03 18 25 A5 03 01 31 03 CF 00 00 07 89 25 A5 03 01 31 05 E6 3D 77 00 00 D4 6F 00 C8 24 03 18 25 A5 03 01 31 03 CF 00 00 07 89 25 A5 03 01 31 05 E6 3D 77 00 00 D4 6F 00 (58)
                              [N3:X] MOTOR_I 0 0 (0)
                              [N3:X] [undefined] 61 119 0 0 (1031208960)
                              [N3:X] MOTOR_I 0 0 (0)
                              [N3:X] [undefined] 61 119 0 0 (1031208960)
2026-03-20 18:52:44:093 [IN ] C8 24 03 18 25 A5 03 01 31 03 CF 00 00 07 89 25 A5 03 01 31 05 E6 3D 77 00 00 D4 6F 00 C8 24 03 18 25 A5 03 01 31 03 CF 00 00 07 89 25 A5 03 01 31 05 E6 3D 77 00 00 D4 6F 00 (58)
                              [N3:X] MOTOR_I 0 0 (0)
                              [N3:X] [undefined] 61 119 0 0 (1031208960)
                              [N3:X] MOTOR_I 0 0 (0)
                              [N3:X] [undefined] 61 119 0 0 (1031208960)
2026-03-20 18:52:44:294 [IN ] C8 24 03 18 25 A5 03 01 31 03 CF 00 00 07 89 25 A5 03 01 31 05 E6 3D 77 00 00 D4 6F 00 C8 24 05 0E 25 A5 05 01 31 06 81 45 00 19 85 F6 97 97 01 C8 24 03 18 25 A5 03 01 31 03 CF 00 00 07 89 25 
A5 03 01 31 05 E6 3D 77 00 00 D4 6F 00 (77)
                              [N3:X] MOTOR_I 0 0 (0)
                              [N3:X] [undefined] 61 119 0 0 (1031208960)
                              [N5:V] TPOS 'E' 0 25 133 246 (1672694)
                              [N3:X] MOTOR_I 0 0 (0)
                              [N3:X] [undefined] 61 119 0 0 (1031208960)
2026-03-20 18:52:44:496 [IN ] C8 24 03 18 25 A5 03 01 31 03 CF 00 00 07 89 25 A5 03 01 31 05 E6 3D 77 00 00 D4 6F 00 C8 24 03 18 25 A5 03 01 31 03 CF 00 00 07 89 25 A5 03 01 31 05 E6 3D 77 00 00 D4 6F 00 (58)
                              [N3:X] MOTOR_I 0 0 (0)
                              [N3:X] [undefined] 61 119 0 0 (1031208960)
                              [N3:X] MOTOR_I 0 0 (0)
                              [N3:X] [undefined] 61 119 0 0 (1031208960)
2026-03-20 18:52:44:698 [IN ] C8 24 03 15 25 A5 03 01 31 03 CF 00 00 07 89 25 A5 03 01 31 05 E6 3D 77 00 00 C8 24 03 1B 00 D4 6F 25 A5 03 01 31 03 CF 00 00 07 89 25 A5 03 01 31 05 E6 3D 77 00 00 D4 6F 05 (58)
                              [N3:X] MOTOR_I 0 0 (0)
                              [N3:X] [undefined] 61 119 0 0 (1031208960)
                              [N3:X] MOTOR_I 0 0 (0)
                              [N3:X] [undefined] 61 119 0 0 (1031208960)
2026-03-20 18:52:44:719 [OUT] 25 A5 01 05 31 05 81 00 0D 03 C1 8E 19 (13)
                              [N5:V] TPOS 0 13 3 193 (852929)
2026-03-20 18:52:44:740 [IN ] C8 24 03 (3)
2026-03-20 18:52:44:761 [IN ] 18 25 A5 03 01 31 03 CF 00 00 07 89 25 A5 03 01 31 05 E6 3D 77 00 00 D4 6F 00 (26)
                              [N3:X] MOTOR_I 0 0 (0)
                              [N3:X] [undefined] 61 119 0 0 (1031208960)
2026-03-20 18:52:44:865 [IN ] C8 24 03 18 25 A5 03 01 31 03 CF 00 00 07 89 25 A5 03 01 31 05 E6 3D 77 00 00 D4 6F 00 (29)
                              [N3:X] MOTOR_I 0 0 (0)
                              [N3:X] [undefined] 61 119 0 0 (1031208960)
2026-03-20 18:52:44:886 [IN ] C8 24 05 0E 25 A5 05 01 31 06 81 53 00 19 85 F6 A5 DD 01 (19)
                              [N5:V] TPOS 'S' 0 25 133 246 (1672694)
2026-03-20 18:52:45:087 [IN ] C8 24 03 18 25 A5 03 01 31 03 CF 00 00 07 89 25 A5 03 01 31 05 E6 3D 77 00 00 D4 6F 00 C8 24 03 18 25 A5 03 01 31 03 CF 00 00 07 89 25 A5 03 01 31 05 E6 3D 77 00 00 D4 6F 00 (58)
                              [N3:X] MOTOR_I 0 0 (0)
                              [N3:X] [undefined] 61 119 0 0 (1031208960)
                              [N3:X] MOTOR_I 0 0 (0)
                              [N3:X] [undefined] 61 119 0 0 (1031208960)
2026-03-20 18:52:45:288 [IN ] C8 24 03 18 25 A5 03 01 31 03 CF 00 00 07 89 25 A5 03 01 31 05 E6 3D 77 00 00 D4 6F 00 C8 24 03 18 25 A5 03 01 31 03 CF 00 00 07 89 25 A5 03 01 31 05 E6 3D 77 00 00 D4 6F 00 (58)
                              [N3:X] MOTOR_I 0 0 (0)
                              [N3:X] [undefined] 61 119 0 0 (1031208960)
                              [N3:X] MOTOR_I 0 0 (0)
                              [N3:X] [undefined] 61 119 0 0 (1031208960)
2026-03-20 18:52:45:490 [IN ] C8 24 03 18 25 A5 03 01 31 03 CF 00 00 07 89 25 A5 03 01 31 05 E6 3D 77 00 00 D4 6F 00 C8 24 03 18 25 A5 03 01 31 03 CF 00 00 07 89 25 A5 03 01 31 05 E6 3D 77 00 00 D4 6F 00 (58)
                              [N3:X] MOTOR_I 0 0 (0)
                              [N3:X] [undefined] 61 119 0 0 (1031208960)
                              [N3:X] MOTOR_I 0 0 (0)
                              [N3:X] [undefined] 61 119 0 0 (1031208960)
2026-03-20 18:52:45:691 [IN ] C8 24 03 18 25 A5 03 01 31 03 CF 00 00 07 89 25 A5 03 01 31 05 E6 3D 77 00 00 D4 6F 00 C8 24 03 18 25 A5 03 01 31 03 CF 00 00 07 89 25 A5 03 01 31 05 E6 3D 77 00 00 D4 6F 00 (58)
                              [N3:X] MOTOR_I 0 0 (0)
                              [N3:X] [undefined] 61 119 0 0 (1031208960)
                              [N3:X] MOTOR_I 0 0 (0)
                              [N3:X] [undefined] 61 119 0 0 (1031208960)
2026-03-20 18:52:45:892 [IN ] C8 24 03 0E 25 A5 03 01 31 03 CF 00 00 07 89 25 A5 03 01 C8 24 03 0A 01 31 05 E6 3D 77 00 00 D4 6F 89 C8 24 03 15 25 A5 03 01 31 03 CF 00 00 07 89 25 A5 03 01 31 05 E6 3D 77 00 00 (60)
                              [N3:X] MOTOR_I 0 0 (0)
                              [N3:X] [undefined] 61 119 0 0 (1031208960)
                              [N3:X] MOTOR_I 0 0 (0)
2026-03-20 18:52:46:094 [IN ] C8 24 03 1B 00 D4 6F 25 A5 03 01 31 03 CF 00 00 07 89 25 A5 03 01 31 05 E6 3D 77 00 00 D4 6F 05 C8 24 03 18 25 A5 03 01 31 03 CF 00 00 07 89 25 A5 03 01 31 05 E6 3D 77 00 00 D4 6F 00 (61)
                              [N3:X] [undefined] 61 119 0 0 (1031208960)
                              [N3:X] MOTOR_I 0 0 (0)
                              [N3:X] [undefined] 61 119 0 0 (1031208960)
                              [N3:X] MOTOR_I 0 0 (0)
                              [N3:X] [undefined] 61 119 0 0 (1031208960)
2026-03-20 18:52:46:295 [IN ] C8 24 03 18 25 A5 03 01 31 03 CF 00 00 07 89 25 A5 03 01 31 05 E6 3D 77 00 00 D4 6F 00 C8 24 03 18 25 A5 03 01 31 03 CF 00 00 07 89 25 A5 03 01 31 05 E6 3D 77 00 00 D4 6F 00 (58)
                              [N3:X] MOTOR_I 0 0 (0)
                              [N3:X] [undefined] 61 119 0 0 (1031208960)
                              [N3:X] MOTOR_I 0 0 (0)
                              [N3:X] [undefined] 61 119 0 0 (1031208960)
2026-03-20 18:52:46:496 [IN ] C8 24 03 18 25 A5 03 01 31 03 CF 00 00 07 89 25 A5 03 01 31 05 E6 3D 77 00 00 D4 6F 00 C8 24 03 18 25 A5 03 01 31 03 CF 00 00 07 89 25 A5 03 01 31 05 E6 3D 77 00 00 D4 6F 00 (58)
                              [N3:X] MOTOR_I 0 0 (0)
                              [N3:X] [undefined] 61 119 0 0 (1031208960)
                              [N3:X] MOTOR_I 0 0 (0)
                              [N3:X] [undefined] 61 119 0 0 (1031208960)
2026-03-20 18:52:46:697 [IN ] C8 24 03 18 25 A5 03 01 31 03 CF 00 00 07 89 25 A5 03 01 31 05 E6 3D 77 00 00 D4 6F 00 C8 24 03 18 25 A5 03 01 31 03 CF 00 00 07 89 25 A5 03 01 31 05 E6 3D 77 00 00 D4 6F 00 (58)
                              [N3:X] MOTOR_I 0 0 (0)
                              [N3:X] [undefined] 61 119 0 0 (1031208960)
                              [N3:X] MOTOR_I 0 0 (0)
                              [N3:X] [undefined] 61 119 0 0 (1031208960)
2026-03-20 18:52:46:899 [IN ] C8 24 03 18 25 A5 03 01 31 03 CF 00 00 07 89 25 A5 03 01 31 05 E6 3D 77 00 00 D4 6F 00 C8 24 03 18 25 A5 03 01 31 03 CF 00 00 07 89 25 A5 03 01 31 05 E6 3D 77 00 00 D4 6F 00 (58)
                              [N3:X] MOTOR_I 0 0 (0)
                              [N3:X] [undefined] 61 119 0 0 (1031208960)
                              [N3:X] MOTOR_I 0 0 (0)
                              [N3:X] [undefined] 61 119 0 0 (1031208960)
2026-03-20 18:52:47:100 [IN ] C8 24 03 18 25 A5 03 01 31 03 CF 00 00 07 89 25 A5 03 01 31 05 E6 3D 77 00 00 D4 6F 00 C8 24 08 0E 25 A5 08 01 31 06 81 45 FF DC 74 AA FF 8C 01 C8 24 03 0E 25 A5 03 01 31 03 CF 00 00 07 89 25 
A5 03 01 C8 24 03 0A 01 31 05 E6 3D 77 00 00 D4 6F 89 (82)
                              [N3:X] MOTOR_I 0 0 (0)
                              [N3:X] [undefined] 61 119 0 0 (1031208960)
                              [N8:R] TPOS 'E' 255 220 116 170 (-2329430)
                              [N3:X] MOTOR_I 0 0 (0)
                              [N3:X] [undefined] 61 119 0 0 (1031208960)
2026-03-20 18:52:47:302 [IN ] C8 24 03 15 25 A5 03 01 31 03 CF 00 00 07 89 25 A5 03 01 31 05 E6 3D 77 00 00 C8 24 03 1B 00 D4 6F 25 A5 03 01 31 03 CF 00 00 07 89 25 A5 03 01 31 05 E6 3D 77 00 00 D4 6F 05 (58)
                              [N3:X] MOTOR_I 0 0 (0)
                              [N3:X] [undefined] 61 119 0 0 (1031208960)
                              [N3:X] MOTOR_I 0 0 (0)
                              [N3:X] [undefined] 61 119 0 0 (1031208960)
2026-03-20 18:52:47:504 [IN ] C8 24 03 18 25 A5 03 01 31 03 CF 00 00 07 89 25 A5 03 01 31 05 E6 3D 77 00 00 D4 6F 00 C8 24 03 18 25 A5 03 01 31 03 CF 00 00 07 89 25 A5 03 01 31 05 E6 3D 77 00 00 D4 6F 00 (58)
                              [N3:X] MOTOR_I 0 0 (0)
                              [N3:X] [undefined] 61 119 0 0 (1031208960)
                              [N3:X] MOTOR_I 0 0 (0)
                              [N3:X] [undefined] 61 119 0 0 (1031208960)
2026-03-20 18:52:47:525 [OUT] 25 A5 01 08 31 05 81 FF EE 15 56 18 89 (13)
                              [N8:R] TPOS 255 238 21 86 (-1174186)
2026-03-20 18:52:47:587 [IN ] C8 24 03 18 25 A5 03 01 31 03 CF 00 00 07 89 25 A5 03 01 31 05 E6 3D 77 00 00 D4 6F 00 (29)
                              [N3:X] MOTOR_I 0 0 (0)
                              [N3:X] [undefined] 61 119 0 0 (1031208960)
2026-03-20 18:52:47:690 [IN ] C8 24 03 18 25 A5 03 01 31 03 CF 00 00 07 89 25 A5 03 01 31 05 E6 3D 77 00 00 D4 6F 00 (29)
                              [N3:X] MOTOR_I 0 0 (0)
                              [N3:X] [undefined] 61 119 0 0 (1031208960)
2026-03-20 18:52:47:712 [IN ] C8 24 08 0E 25 A5 08 01 31 06 81 53 FF DC 74 B6 19 DE 01 (19)
                              [N8:R] TPOS 'S' 255 220 116 182 (-2329418)
2026-03-20 18:52:47:913 [IN ] C8 24 03 18 25 A5 03 01 31 03 CF 00 00 07 89 25 A5 03 01 31 05 E6 3D 77 00 00 D4 6F 00 C8 24 03 18 25 A5 03 01 31 03 CF 00 00 07 89 25 A5 03 01 31 05 E6 3D 77 00 00 D4 6F 00 (58)
                              [N3:X] MOTOR_I 0 0 (0)
                              [N3:X] [undefined] 61 119 0 0 (1031208960)
                              [N3:X] MOTOR_I 0 0 (0)
                              [N3:X] [undefined] 61 119 0 0 (1031208960)
2026-03-20 18:52:48:115 [IN ] C8 24 03 18 25 A5 03 01 31 03 CF 00 00 07 89 25 A5 03 01 31 05 E6 3D 77 00 00 D4 6F 00 C8 24 03 18 25 A5 03 01 31 03 CF 00 00 07 89 25 A5 03 01 31 05 E6 3D 77 00 00 D4 6F 00 (58)
                              [N3:X] MOTOR_I 0 0 (0)
                              [N3:X] [undefined] 61 119 0 0 (1031208960)
                              [N3:X] MOTOR_I 0 0 (0)
                              [N3:X] [undefined] 61 119 0 0 (1031208960)
2026-03-20 18:52:48:317 [IN ] C8 24 03 18 25 A5 03 01 31 03 CF 00 00 07 89 25 A5 03 01 31 05 E6 3D 77 00 00 D4 6F 00 C8 24 03 18 25 A5 03 01 31 03 CF 00 00 07 89 25 A5 03 01 31 05 E6 3D 77 00 00 D4 6F 00 (58)
                              [N3:X] MOTOR_I 0 0 (0)
                              [N3:X] [undefined] 61 119 0 0 (1031208960)
                              [N3:X] MOTOR_I 0 0 (0)
                              [N3:X] [undefined] 61 119 0 0 (1031208960)
2026-03-20 18:52:48:518 [IN ] C8 24 03 0E 25 A5 03 01 31 03 CF 00 00 07 89 25 A5 03 01 C8 24 03 0A 01 31 05 E6 3D 77 00 00 D4 6F 89 C8 24 03 18 25 A5 03 01 31 03 CF 00 00 07 89 25 A5 03 01 31 05 E6 3D 77 00 00 D4 6F 00 (63)
                              [N3:X] MOTOR_I 0 0 (0)
                              [N3:X] [undefined] 61 119 0 0 (1031208960)
                              [N3:X] MOTOR_I 0 0 (0)
                              [N3:X] [undefined] 61 119 0 0 (1031208960)
2026-03-20 18:52:48:719 [IN ] C8 24 03 18 25 A5 03 01 31 03 CF 00 00 07 89 25 A5 03 01 31 05 E6 3D 77 00 00 D4 6F 00 C8 24 03 18 25 A5 03 01 31 03 CF 00 00 07 89 25 A5 03 01 31 05 E6 3D 77 00 00 D4 6F 00 (58)
                              [N3:X] MOTOR_I 0 0 (0)
                              [N3:X] [undefined] 61 119 0 0 (1031208960)
                              [N3:X] MOTOR_I 0 0 (0)
                              [N3:X] [undefined] 61 119 0 0 (1031208960)
2026-03-20 18:52:48:921 [IN ] C8 24 03 18 25 A5 03 01 31 03 CF 00 00 07 89 25 A5 03 01 31 05 E6 3D 77 00 00 D4 6F 00 C8 24 03 18 25 A5 03 01 31 03 CF 00 00 07 89 25 A5 03 01 31 05 E6 3D 77 00 00 D4 6F 00 (58)
                              [N3:X] MOTOR_I 0 0 (0)
                              [N3:X] [undefined] 61 119 0 0 (1031208960)
                              [N3:X] MOTOR_I 0 0 (0)
                              [N3:X] [undefined] 61 119 0 0 (1031208960)
2026-03-20 18:52:49:123 [IN ] C8 24 03 18 25 A5 03 01 31 03 CF 00 00 07 89 25 A5 03 01 31 05 E6 3D 77 00 00 D4 6F 00 C8 24 03 18 25 A5 03 01 31 03 CF 00 00 07 89 25 A5 03 01 31 05 E6 3D 77 00 00 D4 6F 00 (58)
                              [N3:X] MOTOR_I 0 0 (0)
                              [N3:X] [undefined] 61 119 0 0 (1031208960)
                              [N3:X] MOTOR_I 0 0 (0)
                              [N3:X] [undefined] 61 119 0 0 (1031208960)
2026-03-20 18:52:49:324 [IN ] C8 24 03 18 25 A5 03 01 31 03 CF 00 00 07 89 25 A5 03 01 31 05 E6 3D 77 00 00 D4 6F 00 C8 24 03 18 25 A5 03 01 31 03 CF 00 00 07 89 25 A5 03 01 31 05 E6 3D 77 00 00 D4 6F 00 (58)
                              [N3:X] MOTOR_I 0 0 (0)
                              [N3:X] [undefined] 61 119 0 0 (1031208960)
                              [N3:X] MOTOR_I 0 0 (0)
                              [N3:X] [undefined] 61 119 0 0 (1031208960)
2026-03-20 18:52:49:525 [IN ] C8 24 03 18 25 A5 03 01 31 03 CF 00 00 07 89 25 A5 03 01 31 05 E6 3D 77 00 00 D4 6F 00 C8 24 03 18 25 A5 03 01 31 03 CF 00 00 07 89 25 A5 03 01 31 05 E6 3D 77 00 00 D4 6F 00 (58)
                              [N3:X] MOTOR_I 0 0 (0)
                              [N3:X] [undefined] 61 119 0 0 (1031208960)
                              [N3:X] MOTOR_I 0 0 (0)
                              [N3:X] [undefined] 61 119 0 0 (1031208960)
2026-03-20 18:52:49:727 [IN ] C8 24 03 18 25 A5 03 01 31 03 CF 00 00 07 89 25 A5 03 01 31 05 E6 3D 77 00 00 D4 6F 00 C8 24 03 15 25 A5 03 01 31 03 CF 00 00 07 89 25 A5 03 01 31 05 E6 3D 77 00 00 (55)
                              [N3:X] MOTOR_I 0 0 (0)
                              [N3:X] [undefined] 61 119 0 0 (1031208960)
                              [N3:X] MOTOR_I 0 0 (0)
2026-03-20 18:52:49:928 [IN ] C8 24 03 1B 00 D4 6F 25 A5 03 01 31 03 CF 00 00 07 89 25 A5 03 01 31 05 E6 3D 77 00 00 D4 6F 05 C8 24 03 18 25 A5 03 01 31 03 CF 00 00 07 89 25 A5 03 01 31 05 E6 3D 77 00 00 D4 6F 00 (61)
                              [N3:X] [undefined] 61 119 0 0 (1031208960)
                              [N3:X] MOTOR_I 0 0 (0)
                              [N3:X] [undefined] 61 119 0 0 (1031208960)
                              [N3:X] MOTOR_I 0 0 (0)
                              [N3:X] [undefined] 61 119 0 0 (1031208960)
2026-03-20 18:52:50:130 [IN ] C8 24 03 18 25 A5 03 01 31 03 CF 00 00 07 89 25 A5 03 01 31 05 E6 3D 77 00 00 D4 6F 00 C8 24 05 0E 25 A5 05 01 31 06 81 45 00 0D 01 FA 0B 6F 01 C8 24 03 18 25 A5 03 01 31 03 CF 00 00 07 89 25 
A5 03 01 31 05 E6 3D 77 00 00 D4 6F 00 (77)
                              [N3:X] MOTOR_I 0 0 (0)
                              [N3:X] [undefined] 61 119 0 0 (1031208960)
                              [N5:V] TPOS 'E' 0 13 1 250 (852474)
                              [N3:X] MOTOR_I 0 0 (0)
                              [N3:X] [undefined] 61 119 0 0 (1031208960)
2026-03-20 18:52:50:333 [IN ] C8 24 03 18 25 A5 03 01 31 03 CF 00 00 07 89 25 A5 03 01 31 05 E6 3D 77 00 00 D4 6F 00 C8 24 03 18 25 A5 03 01 31 03 CF 00 00 07 89 25 A5 03 01 31 05 E6 3D 77 00 00 D4 6F 00 (58)
                              [N3:X] MOTOR_I 0 0 (0)
                              [N3:X] [undefined] 61 119 0 0 (1031208960)
                              [N3:X] MOTOR_I 0 0 (0)
                              [N3:X] [undefined] 61 119 0 0 (1031208960)
2026-03-20 18:52:50:355 [OUT] 25 A5 01 03 31 05 81 FF ED B1 30 88 70 (13)
                              [N3:X] TPOS 255 237 177 48 (-1199824)
2026-03-20 18:52:50:376 [OUT] 25 A5 01 04 31 05 81 FF F3 BD 0C 77 7E (13)
                              [N4:Y] TPOS 255 243 189 12 (-803572)
2026-03-20 18:52:50:397 [IN ] C8 24 03 18 25 A5 03 01 31 03 CF 00 00 07 89 25 A5 03 01 31 05 E6 3D 77 00 00 D4 6F 00 (29)
                              [N3:X] MOTOR_I 0 0 (0)
                              [N3:X] [undefined] 61 119 0 0 (1031208960)
2026-03-20 18:52:50:501 [IN ] C8 24 03 18 (4)
2026-03-20 18:52:50:522 [IN ] 25 A5 03 01 31 03 CF 00 00 07 89 25 A5 03 01 31 05 E6 3D 77 00 00 D4 6F 00 (25)
                              [N3:X] MOTOR_I 0 0 (0)
                              [N3:X] [undefined] 61 119 0 0 (1031208960)
2026-03-20 18:52:50:545 [IN ] C8 24 03 0E 25 A5 03 01 31 06 81 53 FF FD 50 A6 01 B7 01 (19)
                              [N3:X] TPOS 'S' 255 253 80 166 (-175962)
2026-03-20 18:52:50:608 [IN ] C8 24 03 18 25 A5 03 01 31 03 CF 00 1F 26 A8 25 A5 03 01 31 05 E6 3D 77 FF B0 83 1D 00 (29)
                              [N3:X] MOTOR_I 0 31 (31)
                              [N3:X] [undefined] 61 119 255 176 (1031274416)
2026-03-20 18:52:50:670 [IN ] C8 24 04 0E 25 A5 04 01 31 06 81 53 FF FD 4F F5 50 0E 01 (19)
                              [N4:Y] TPOS 'S' 255 253 79 245 (-176139)
2026-03-20 18:52:50:871 [IN ] C8 24 03 18 25 A5 03 01 31 03 CF 00 12 19 9B 25 A5 03 01 31 05 E6 3D 77 FF B0 83 1D 00 C8 24 03 18 25 A5 03 01 31 03 CF 00 05 0C 8E 25 A5 03 01 31 05 E6 3D 77 FF B0 83 1D 00 (58)
                              [N3:X] MOTOR_I 0 18 (18)
                              [N3:X] [undefined] 61 119 255 176 (1031274416)
                              [N3:X] MOTOR_I 0 5 (5)
                              [N3:X] [undefined] 61 119 255 176 (1031274416)
2026-03-20 18:52:51:072 [IN ] C8 24 03 18 25 A5 03 01 31 03 CF 00 07 0E 90 25 A5 03 01 31 05 E6 3D 77 FF B0 83 1D 00 C8 24 03 15 25 A5 03 01 31 03 CF 00 01 08 8A 25 A5 03 01 31 05 E6 3D 77 FF B0 (55)
                              [N3:X] MOTOR_I 0 7 (7)
                              [N3:X] [undefined] 61 119 255 176 (1031274416)
                              [N3:X] MOTOR_I 0 1 (1)
2026-03-20 18:52:51:274 [IN ] C8 24 03 1B B0 83 1D 25 A5 03 01 31 03 CF 00 0C 13 95 25 A5 03 01 31 05 E6 3D 77 FF B0 83 1D 05 C8 24 03 18 25 A5 03 01 31 03 CF 00 19 20 A2 25 A5 03 01 31 05 E6 3D 77 FF B0 83 1D B0 (61)
                              [N3:X] [undefined] 61 119 255 176 (1031274416)
                              [N3:X] MOTOR_I 0 12 (12)
                              [N3:X] [undefined] 61 119 255 176 (1031274416)
                              [N3:X] MOTOR_I 0 25 (25)
                              [N3:X] [undefined] 61 119 255 176 (1031274416)
2026-03-20 18:52:51:476 [IN ] C8 24 03 18 25 A5 03 01 31 03 CF 00 09 10 92 25 A5 03 01 31 05 E6 3D 77 FF B0 83 1D B0 C8 24 03 18 25 A5 03 01 31 03 CF 00 0F 16 98 25 A5 03 01 31 05 E6 3D 77 FF B0 83 1D B0 (58)
                              [N3:X] MOTOR_I 0 9 (9)
                              [N3:X] [undefined] 61 119 255 176 (1031274416)
                              [N3:X] MOTOR_I 0 15 (15)
                              [N3:X] [undefined] 61 119 255 176 (1031274416)
2026-03-20 18:52:51:677 [IN ] C8 24 03 18 25 A5 03 01 31 03 CF 00 0E 15 97 25 A5 03 01 31 05 E6 3D 77 FF B0 83 1D B0 C8 24 03 18 25 A5 03 01 31 03 CF 00 13 1A 9C 25 A5 03 01 31 05 E6 3D 77 FF B0 83 1D B0 (58)
                              [N3:X] MOTOR_I 0 14 (14)
                              [N3:X] [undefined] 61 119 255 176 (1031274416)
                              [N3:X] MOTOR_I 0 19 (19)
                              [N3:X] [undefined] 61 119 255 176 (1031274416)
2026-03-20 18:52:51:879 [IN ] C8 24 03 18 25 A5 03 01 31 03 CF 00 0A 11 93 25 A5 03 01 31 05 E6 3D 77 FF B0 83 1D B0 C8 24 03 18 25 A5 03 01 31 03 CF 00 0E 15 97 25 A5 03 01 31 05 E6 3D 77 FF B0 83 1D B0 (58)
                              [N3:X] MOTOR_I 0 10 (10)
                              [N3:X] [undefined] 61 119 255 176 (1031274416)
                              [N3:X] MOTOR_I 0 14 (14)
                              [N3:X] [undefined] 61 119 255 176 (1031274416)
2026-03-20 18:52:52:080 [IN ] C8 24 03 18 25 A5 03 01 31 03 CF 00 07 0E 90 25 A5 03 01 31 05 E6 3D 77 FF B0 83 1D B0 C8 24 03 18 25 A5 03 01 31 03 CF 00 0D 14 96 25 A5 03 01 31 05 E6 3D 77 FF B0 83 1D B0 (58)
                              [N3:X] MOTOR_I 0 7 (7)
                              [N3:X] [undefined] 61 119 255 176 (1031274416)
                              [N3:X] MOTOR_I 0 13 (13)
                              [N3:X] [undefined] 61 119 255 176 (1031274416)
2026-03-20 18:52:52:281 [IN ] C8 24 03 18 25 A5 03 01 31 03 CF 00 0C 13 95 25 A5 03 01 31 05 E6 3D 77 FF B0 83 1D B0 C8 24 03 0E 25 A5 03 01 31 03 CF 00 09 10 92 25 A5 03 01 C8 24 03 0A 01 31 05 E6 3D 77 FF B0 83 1D 92 (63)
                              [N3:X] MOTOR_I 0 12 (12)
                              [N3:X] [undefined] 61 119 255 176 (1031274416)
                              [N3:X] MOTOR_I 0 9 (9)
                              [N3:X] [undefined] 61 119 255 176 (1031274416)
2026-03-20 18:52:52:483 [IN ] C8 24 03 15 25 A5 03 01 31 03 CF 00 05 0C 8E 25 A5 03 01 31 05 E6 3D 77 FF B0 C8 24 03 1B B0 83 1D 25 A5 03 01 31 03 CF 00 06 0D 8F 25 A5 03 01 31 05 E6 3D 77 FF B0 83 1D 05 (58)
                              [N3:X] MOTOR_I 0 5 (5)
                              [N3:X] [undefined] 61 119 255 176 (1031274416)
                              [N3:X] MOTOR_I 0 6 (6)
                              [N3:X] [undefined] 61 119 255 176 (1031274416)
2026-03-20 18:52:52:684 [IN ] C8 24 03 18 25 A5 03 01 31 03 CF 00 09 10 92 25 A5 03 01 31 05 E6 3D 77 FF B0 83 1D B0 C8 24 03 18 25 A5 03 01 31 03 CF 00 11 18 9A 25 A5 03 01 31 05 E6 3D 77 FF B0 83 1D B0 (58)
                              [N3:X] MOTOR_I 0 9 (9)
                              [N3:X] [undefined] 61 119 255 176 (1031274416)
                              [N3:X] MOTOR_I 0 17 (17)
                              [N3:X] [undefined] 61 119 255 176 (1031274416)
2026-03-20 18:52:52:885 [IN ] C8 24 03 18 25 A5 03 01 31 03 CF 00 0D 14 96 25 A5 03 01 31 05 E6 3D 77 FF B0 83 1D B0 C8 24 03 18 25 A5 03 01 31 03 CF 00 11 18 9A 25 A5 03 01 31 05 E6 3D 77 FF B0 83 1D B0 (58)
                              [N3:X] MOTOR_I 0 13 (13)
                              [N3:X] [undefined] 61 119 255 176 (1031274416)
                              [N3:X] MOTOR_I 0 17 (17)
                              [N3:X] [undefined] 61 119 255 176 (1031274416)
2026-03-20 18:52:53:087 [IN ] C8 24 03 18 25 A5 03 01 31 03 CF 00 0C 13 95 25 A5 03 01 31 05 E6 3D 77 FF B0 83 1D B0 C8 24 03 18 25 A5 03 01 31 03 CF 00 11 18 9A 25 A5 03 01 31 05 E6 3D 77 FF B0 83 1D B0 (58)
                              [N3:X] MOTOR_I 0 12 (12)
                              [N3:X] [undefined] 61 119 255 176 (1031274416)
                              [N3:X] MOTOR_I 0 17 (17)
                              [N3:X] [undefined] 61 119 255 176 (1031274416)
2026-03-20 18:52:53:289 [IN ] C8 24 03 18 25 A5 03 01 31 03 CF 00 06 0D 8F 25 A5 03 01 31 05 E6 3D 77 FF B0 83 1D B0 C8 24 03 18 25 A5 03 01 31 03 CF 00 06 0D 8F 25 A5 03 01 31 05 E6 3D 77 FF B0 83 1D B0 (58)
                              [N3:X] MOTOR_I 0 6 (6)
                              [N3:X] [undefined] 61 119 255 176 (1031274416)
                              [N3:X] MOTOR_I 0 6 (6)
                              [N3:X] [undefined] 61 119 255 176 (1031274416)
2026-03-20 18:52:53:490 [IN ] C8 24 03 18 25 A5 03 01 31 03 CF 00 07 0E 90 25 A5 03 01 31 05 E6 3D 77 FF B0 83 1D B0 C8 24 03 18 25 A5 03 01 31 03 CF 00 0B 12 94 25 A5 03 01 31 05 E6 3D 77 FF B0 83 1D B0 (58)
                              [N3:X] MOTOR_I 0 7 (7)
                              [N3:X] [undefined] 61 119 255 176 (1031274416)
                              [N3:X] MOTOR_I 0 11 (11)
                              [N3:X] [undefined] 61 119 255 176 (1031274416)
2026-03-20 18:52:53:691 [IN ] C8 24 03 0E 25 A5 03 01 31 03 CF 00 0C 13 95 25 A5 03 01 C8 24 03 0A 01 31 05 E6 3D 77 FF B0 83 1D 95 C8 24 03 15 25 A5 03 01 31 03 CF 00 11 18 9A 25 A5 03 01 31 05 E6 3D 77 FF B0 (60)
                              [N3:X] MOTOR_I 0 12 (12)
                              [N3:X] [undefined] 61 119 255 176 (1031274416)
                              [N3:X] MOTOR_I 0 17 (17)
2026-03-20 18:52:53:892 [IN ] C8 24 03 1B B0 83 1D 25 A5 03 01 31 03 CF 00 11 18 9A 25 A5 03 01 31 05 E6 3D 77 FF B0 83 1D 05 C8 24 03 18 25 A5 03 01 31 03 CF 00 15 1C 9E 25 A5 03 01 31 05 E6 3D 77 FF B0 83 1D B0 (61)
                              [N3:X] [undefined] 61 119 255 176 (1031274416)
                              [N3:X] MOTOR_I 0 17 (17)
                              [N3:X] [undefined] 61 119 255 176 (1031274416)
                              [N3:X] MOTOR_I 0 21 (21)
                              [N3:X] [undefined] 61 119 255 176 (1031274416)
2026-03-20 18:52:54:094 [IN ] C8 24 03 18 25 A5 03 01 31 03 CF 00 13 1A 9C 25 A5 03 01 31 05 E6 3D 77 FF B0 83 1D B0 C8 24 03 18 25 A5 03 01 31 03 CF 00 08 0F 91 25 A5 03 01 31 05 E6 3D 77 FF B0 83 1D B0 (58)
                              [N3:X] MOTOR_I 0 19 (19)
                              [N3:X] [undefined] 61 119 255 176 (1031274416)
                              [N3:X] MOTOR_I 0 8 (8)
                              [N3:X] [undefined] 61 119 255 176 (1031274416)
2026-03-20 18:52:54:296 [IN ] C8 24 03 18 25 A5 03 01 31 03 CF 00 12 19 9B 25 A5 03 01 31 05 E6 3D 77 FF B0 83 1D B0 C8 24 04 0E 25 A5 04 01 31 06 81 45 FF F3 BA 96 44 21 01 C8 24 03 18 25 A5 03 01 31 03 CF 00 0F 16 98 25 
A5 03 01 31 05 E6 3D 77 FF B0 83 1D B0 C8 24 08 0E 25 A5 08 01 31 06 81 45 FF EE 17 65 6F C3 01 (96)
                              [N3:X] MOTOR_I 0 18 (18)
                              [N3:X] [undefined] 61 119 255 176 (1031274416)
                              [N4:Y] TPOS 'E' 255 243 186 150 (-804202)
                              [N3:X] MOTOR_I 0 15 (15)
                              [N3:X] [undefined] 61 119 255 176 (1031274416)
                              [N8:R] TPOS 'E' 255 238 23 101 (-1173659)
2026-03-20 18:52:54:498 [IN ] C8 24 03 18 25 A5 03 01 31 03 CF 00 05 0C 8E 25 A5 03 01 31 05 E6 3D 77 FF B0 83 1D B0 C8 24 03 18 25 A5 03 01 31 03 CF 00 0A 11 93 25 A5 03 01 31 05 E6 3D 77 FF B0 83 1D B0 (58)
                              [N3:X] MOTOR_I 0 5 (5)
                              [N3:X] [undefined] 61 119 255 176 (1031274416)
                              [N3:X] MOTOR_I 0 10 (10)
                              [N3:X] [undefined] 61 119 255 176 (1031274416)
2026-03-20 18:52:54:700 [IN ] C8 24 03 18 25 A5 03 01 31 03 CF 00 1A 21 A3 25 A5 03 01 31 05 E6 3D 77 FF B0 83 1D B0 C8 24 03 18 25 A5 03 01 31 03 CF 00 07 0E 90 25 A5 03 01 31 05 E6 3D 77 FF B0 83 1D B0 (58)
                              [N3:X] MOTOR_I 0 26 (26)
                              [N3:X] [undefined] 61 119 255 176 (1031274416)
                              [N3:X] MOTOR_I 0 7 (7)
                              [N3:X] [undefined] 61 119 255 176 (1031274416)
2026-03-20 18:52:54:901 [IN ] C8 24 03 18 25 A5 03 01 31 03 CF 00 10 17 99 25 A5 03 01 31 05 E6 3D 77 FF B0 83 1D B0 C8 24 03 0E 25 A5 03 01 31 03 CF 00 0F 16 98 25 A5 03 01 C8 24 03 0A 01 31 05 E6 3D 77 FF B0 83 1D 98 (63)
                              [N3:X] MOTOR_I 0 16 (16)
                              [N3:X] [undefined] 61 119 255 176 (1031274416)
                              [N3:X] MOTOR_I 0 15 (15)
                              [N3:X] [undefined] 61 119 255 176 (1031274416)
2026-03-20 18:52:55:103 [IN ] C8 24 03 18 25 A5 03 01 31 03 CF 00 10 17 99 25 A5 03 01 31 05 E6 3D 77 FF B0 83 1D B0 C8 24 03 18 25 A5 03 01 31 03 CF 00 11 18 9A 25 A5 03 01 31 05 E6 3D 77 FF B0 83 1D B0 (58)
                              [N3:X] MOTOR_I 0 16 (16)
                              [N3:X] [undefined] 61 119 255 176 (1031274416)
                              [N3:X] MOTOR_I 0 17 (17)
                              [N3:X] [undefined] 61 119 255 176 (1031274416)
2026-03-20 18:52:55:306 [IN ] C8 24 03 18 25 A5 03 01 31 03 CF 00 0E 15 97 25 A5 03 01 31 05 E6 3D 77 FF B0 83 1D B0 C8 24 03 18 25 A5 03 01 31 03 CF 00 0F 16 98 25 A5 03 01 31 05 E6 3D 77 FF B0 83 1D B0 (58)
                              [N3:X] MOTOR_I 0 14 (14)
                              [N3:X] [undefined] 61 119 255 176 (1031274416)
                              [N3:X] MOTOR_I 0 15 (15)
                              [N3:X] [undefined] 61 119 255 176 (1031274416)
2026-03-20 18:52:55:507 [IN ] C8 24 03 18 25 A5 03 01 31 03 CF 00 0C 13 95 25 A5 03 01 31 05 E6 3D 77 FF B0 83 1D B0 C8 24 03 18 25 A5 03 01 31 03 CF 00 13 1A 9C 25 A5 03 01 31 05 E6 3D 77 FF B0 83 1D B0 (58)
                              [N3:X] MOTOR_I 0 12 (12)
                              [N3:X] [undefined] 61 119 255 176 (1031274416)
                              [N3:X] MOTOR_I 0 19 (19)
                              [N3:X] [undefined] 61 119 255 176 (1031274416)
2026-03-20 18:52:55:708 [IN ] C8 24 03 18 25 A5 03 01 31 03 CF 00 19 20 A2 25 A5 03 01 31 05 E6 3D 77 FF B0 83 1D B0 C8 24 03 18 25 A5 03 01 31 03 CF 00 00 07 89 25 A5 03 01 31 05 E6 3D 77 00 00 D4 6F B0 C8 24 03 0E 25 A5 
03 01 31 06 81 45 FF ED AE 5F FA B6 01 (77)
                              [N3:X] MOTOR_I 0 25 (25)
                              [N3:X] [undefined] 61 119 255 176 (1031274416)
                              [N3:X] MOTOR_I 0 0 (0)
                              [N3:X] [undefined] 61 119 0 0 (1031208960)
                              [N3:X] TPOS 'E' 255 237 174 95 (-1200545)
2026-03-20 18:52:55:910 [IN ] C8 24 03 18 25 A5 03 01 31 03 CF 00 00 07 89 25 A5 03 01 31 05 E6 3D 77 00 00 D4 6F B0 C8 24 03 18 25 A5 03 01 31 03 CF 00 00 07 89 25 A5 03 01 31 05 E6 3D 77 00 00 D4 6F B0 (58)
                              [N3:X] MOTOR_I 0 0 (0)
                              [N3:X] [undefined] 61 119 0 0 (1031208960)
                              [N3:X] MOTOR_I 0 0 (0)
                              [N3:X] [undefined] 61 119 0 0 (1031208960)
2026-03-20 18:52:56:111 [IN ] C8 24 03 18 25 A5 03 01 31 03 CF 00 00 07 89 25 A5 03 01 31 05 E6 3D 77 00 00 D4 6F B0 C8 24 03 0E 25 A5 03 01 31 03 CF 00 00 07 89 25 A5 03 01 C8 24 03 0A 01 31 05 E6 3D 77 00 00 D4 6F 89 (63)
                              [N3:X] MOTOR_I 0 0 (0)
                              [N3:X] [undefined] 61 119 0 0 (1031208960)
                              [N3:X] MOTOR_I 0 0 (0)
                              [N3:X] [undefined] 61 119 0 0 (1031208960)
2026-03-20 18:52:56:312 [IN ] C8 24 03 15 25 A5 03 01 31 03 CF 00 00 07 89 25 A5 03 01 31 05 E6 3D 77 00 00 C8 24 03 1B 00 D4 6F 25 A5 03 01 31 03 CF 00 00 07 89 25 A5 03 01 31 05 E6 3D 77 00 00 D4 6F 05 (58)
                              [N3:X] MOTOR_I 0 0 (0)
                              [N3:X] [undefined] 61 119 0 0 (1031208960)
                              [N3:X] MOTOR_I 0 0 (0)
                              [N3:X] [undefined] 61 119 0 0 (1031208960)
2026-03-20 18:52:56:513 [IN ] C8 24 03 18 25 A5 03 01 31 03 CF 00 00 07 89 25 A5 03 01 31 05 E6 3D 77 00 00 D4 6F 00 C8 24 03 18 25 A5 03 01 31 03 CF 00 00 07 89 25 A5 03 01 31 05 E6 3D 77 00 00 D4 6F 00 (58)
                              [N3:X] MOTOR_I 0 0 (0)
                              [N3:X] [undefined] 61 119 0 0 (1031208960)
                              [N3:X] MOTOR_I 0 0 (0)
                              [N3:X] [undefined] 61 119 0 0 (1031208960)
2026-03-20 18:52:56:715 [IN ] C8 24 03 18 25 A5 03 01 31 03 CF 00 00 07 89 25 A5 03 01 31 05 E6 3D 77 00 00 D4 6F 00 C8 24 03 18 25 A5 03 01 31 03 CF 00 00 07 89 25 A5 03 01 31 05 E6 3D 77 00 00 D4 6F 00 (58)
                              [N3:X] MOTOR_I 0 0 (0)
                              [N3:X] [undefined] 61 119 0 0 (1031208960)
                              [N3:X] MOTOR_I 0 0 (0)
                              [N3:X] [undefined] 61 119 0 0 (1031208960)
2026-03-20 18:52:56:916 [IN ] C8 24 03 18 25 A5 03 01 31 03 CF 00 00 07 89 25 A5 03 01 31 05 E6 3D 77 00 00 D4 6F 00 C8 24 03 18 25 A5 03 01 31 03 CF 00 00 07 89 25 A5 03 01 31 05 E6 3D 77 00 00 D4 6F 00 (58)
                              [N3:X] MOTOR_I 0 0 (0)
                              [N3:X] [undefined] 61 119 0 0 (1031208960)
                              [N3:X] MOTOR_I 0 0 (0)
                              [N3:X] [undefined] 61 119 0 0 (1031208960)
2026-03-20 18:52:57:118 [IN ] C8 24 07 0E 25 A5 07 01 31 06 81 45 FF F3 3A 6A 9B 13 01 C8 24 03 18 25 A5 03 01 31 03 CF 00 00 07 89 25 A5 03 01 31 05 E6 3D 77 00 00 D4 6F 00 C8 24 03 18 25 A5 03 01 31 03 CF 00 00 07 89 25 
A5 03 01 31 05 E6 3D 77 00 00 D4 6F 00 (77)
                              [N7:N] TPOS 'E' 255 243 58 106 (-837014)
                              [N3:X] MOTOR_I 0 0 (0)
                              [N3:X] [undefined] 61 119 0 0 (1031208960)
                              [N3:X] MOTOR_I 0 0 (0)
                              [N3:X] [undefined] 61 119 0 0 (1031208960)
