2026-03-20 18:58:54:492 [IN ] C8 24 03 18 25 A5 03 01 31 03 CF 00 00 07 89 25 A5 03 01 31 05 E6 3D 77 00 00 D4 6F 00 (29)
                              [N3:X] MOTOR_I 0 0 (0)
                              [N3:X] [undefined] 61 119 0 0 (1031208960)
2026-03-20 18:58:54:513 [OUT] 25 A5 01 0A 31 05 D6 3D FF 00 00 53 ED (13)
                              [N10:HMI] HMILED '=' 255 0 0 (16711680)
2026-03-20 18:58:54:534 [OUT] 25 A5 01 03 31 02 D8 3F 4E CE (10)
                              [N3:X] INTERRUPT '?'
2026-03-20 18:58:54:836 [IN ] C8 24 03 18 25 A5 03 01 31 03 CF 00 00 07 89 25 A5 03 01 31 05 E6 3D 77 00 00 D4 6F 00 C8 24 03 18 25 A5 03 01 31 03 CF 00 00 07 89 25 A5 03 01 31 05 E6 3D 77 00 00 D4 6F 00 C8 24 0A 0D 25 A5 
0A 01 31 05 D6 3A FF 00 00 50 EA 03 C8 24 03 24 25 A5 03 01 31 04 D8 3A 01 01 4D 6A 25 A5 03 01 31 03 CF 00 00 07 89 25 A5 03 01 31 05 E6 3D 77 00 00 D4 6F 6F (117)
                              [N3:X] MOTOR_I 0 0 (0)
                              [N3:X] [undefined] 61 119 0 0 (1031208960)
                              [N3:X] MOTOR_I 0 0 (0)
                              [N3:X] [undefined] 61 119 0 0 (1031208960)
                              [N10:HMI] HMILED ':' 255 0 0 (16711680)
                              [N3:X] INTERRUPT ':' 1 1 (257)
                              [N3:X] MOTOR_I 0 0 (0)
                              [N3:X] [undefined] 61 119 0 0 (1031208960)
2026-03-20 18:58:54:858 [OUT] 25 A5 01 09 31 03 C9 3D 09 4D 1C (11)
                              [N9:P] LFLAG '=' 9 (9)
2026-03-20 18:58:54:881 [OUT] 25 A5 01 04 31 02 D8 3F 4F D3 (10)
                              [N4:Y] INTERRUPT '?'
2026-03-20 18:58:55:183 [IN ] C8 24 03 18 25 A5 03 01 31 03 CF 00 00 07 89 25 A5 03 01 31 05 E6 3D 77 00 00 D4 6F A5 C8 24 03 18 25 A5 03 01 31 03 CF 00 00 07 89 25 A5 03 01 31 05 E6 3D 77 00 00 D4 6F A5 C8 24 09 0B 25 A5 
09 01 31 03 C9 3A 09 4A 1E 25 C8 24 03 0E 25 A5 03 01 31 03 CF 00 00 07 89 25 A5 03 01 C8 24 03 0A 01 31 05 E6 3D 77 00 00 D4 6F 89 C8 24 04 0C 25 A5 04 01 31 04 D8 3A 01 01 4E 72 A5 (125)
                              [N3:X] MOTOR_I 0 0 (0)
                              [N3:X] [undefined] 61 119 0 0 (1031208960)
                              [N3:X] MOTOR_I 0 0 (0)
                              [N3:X] [undefined] 61 119 0 0 (1031208960)
                              [N9:P] LFLAG ':' 9 (9)
                              [N3:X] MOTOR_I 0 0 (0)
                              [N3:X] [undefined] 61 119 0 0 (1031208960)
                              [N4:Y] INTERRUPT ':' 1 1 (257)
2026-03-20 18:58:55:204 [OUT] 25 A5 01 09 31 03 CA 3D 09 4E 1F (11)
                              [N9:P] RFLAG '=' 9 (9)
2026-03-20 18:58:55:227 [OUT] 25 A5 01 0C 31 02 D8 3F 57 FB (10)
                              [N12:Z] INTERRUPT '?'
2026-03-20 18:58:55:228 [IN ] C8 24 03 15 25 A5 03 01 31 03 CF 00 00 07 89 25 A5 03 01 31 05 E6 3D 77 00 00 (26)
                              [N3:X] MOTOR_I 0 0 (0)
2026-03-20 18:58:55:529 [IN ] C8 24 03 1B 00 D4 6F 25 A5 03 01 31 03 CF 00 00 07 89 25 A5 03 01 31 05 E6 3D 77 00 00 D4 6F 31 C8 24 09 0B 25 A5 09 01 31 03 CA 3A 09 4B 21 00 C8 24 03 18 25 A5 03 01 31 03 CF 00 00 07 89 25 
A5 03 01 31 05 E6 3D 77 00 00 D4 6F 00 C8 24 0C 0C 25 A5 0C 01 31 04 D8 3A 01 01 56 B2 A5 C8 24 03 18 25 A5 03 01 31 03 CF 00 00 07 89 25 A5 03 01 31 05 E6 3D 77 00 00 D4 6F 00 (123)
                              [N3:X] [undefined] 61 119 0 0 (1031208960)
                              [N3:X] MOTOR_I 0 0 (0)
                              [N3:X] [undefined] 61 119 0 0 (1031208960)
                              [N9:P] RFLAG ':' 9 (9)
                              [N3:X] MOTOR_I 0 0 (0)
                              [N3:X] [undefined] 61 119 0 0 (1031208960)
                              [N12:Z] INTERRUPT ':' 1 1 (257)
                              [N3:X] MOTOR_I 0 0 (0)
                              [N3:X] [undefined] 61 119 0 0 (1031208960)
2026-03-20 18:58:55:551 [OUT] 25 A5 01 08 31 03 C9 3D 09 4C 16 (11)
                              [N8:R] LFLAG '=' 9 (9)
2026-03-20 18:58:55:572 [OUT] 25 A5 01 03 31 03 C9 3D 0B 49 FA (11)
                              [N3:X] LFLAG '=' 11 (11)
2026-03-20 18:58:55:594 [OUT] 25 A5 01 04 31 03 C9 3D 0B 4A 00 (11)
                              [N4:Y] LFLAG '=' 11 (11)
2026-03-20 18:58:55:595 [IN ] C8 24 03 18 25 A5 03 01 31 03 CF 00 00 07 89 25 A5 03 01 31 05 E6 3D 77 00 00 D4 6F 00 (29)
                              [N3:X] MOTOR_I 0 0 (0)
                              [N3:X] [undefined] 61 119 0 0 (1031208960)
2026-03-20 18:58:55:619 [OUT] 25 A5 01 0C 31 03 C9 3D 0B 52 30 (11)
                              [N12:Z] LFLAG '=' 11 (11)
2026-03-20 18:58:55:703 [IN ] C8 24 03 18 25 A5 03 01 31 03 CF 00 00 07 89 25 A5 03 01 31 05 E6 3D 77 00 00 D4 6F 00 (29)
                              [N3:X] MOTOR_I 0 0 (0)
                              [N3:X] [undefined] 61 119 0 0 (1031208960)
2026-03-20 18:58:55:724 [IN ] C8 24 08 0B 25 A5 08 01 31 03 C9 3A 09 49 17 25 (16)
                              [N8:R] LFLAG ':' 9 (9)
2026-03-20 18:58:55:746 [OUT] 25 A5 01 08 31 03 CA 3D 09 4D 19 (11)
                              [N8:R] RFLAG '=' 9 (9)
2026-03-20 18:58:55:808 [IN ] C8 24 03 18 25 A5 03 01 31 03 CF 00 00 07 89 25 A5 03 01 31 05 E6 3D 77 00 00 D4 6F 00 (29)
                              [N3:X] MOTOR_I 0 0 (0)
                              [N3:X] [undefined] 61 119 0 0 (1031208960)
2026-03-20 18:58:55:829 [IN ] C8 24 03 0B 25 A5 03 01 31 03 C9 3A 0B 46 F6 25 (16)
                              [N3:X] LFLAG ':' 11 (11)
2026-03-20 18:58:55:850 [OUT] 25 A5 01 03 31 03 88 00 50 10 02 (11)
                              [N3:X] RUN 0 80 (80)
2026-03-20 18:58:55:892 [IN ] C8 24 03 18 25 A5 03 01 31 03 CF 00 00 07 89 25 A5 03 01 31 05 E6 3D 77 00 (25)
2026-03-20 18:58:55:915 [IN ] 00 D4 6F 00 (4)
                              [N3:X] MOTOR_I 0 0 (0)
                              [N3:X] [undefined] 61 119 0 0 (1031208960)
2026-03-20 18:58:55:939 [IN ] C8 24 04 0B 25 A5 04 01 31 03 C9 3A 0B 47 FD 25 (16)
                              [N4:Y] LFLAG ':' 11 (11)
2026-03-20 18:58:55:960 [OUT] 25 A5 01 04 31 03 88 00 50 11 08 (11)
                              [N4:Y] RUN 0 80 (80)
2026-03-20 18:58:56:001 [IN ] C8 24 03 18 25 A5 03 01 31 03 CF 00 00 07 89 25 A5 03 01 31 05 E6 3D 77 00 00 D4 6F 00 (29)
                              [N3:X] MOTOR_I 0 0 (0)
                              [N3:X] [undefined] 61 119 0 0 (1031208960)
2026-03-20 18:58:56:043 [IN ] C8 24 0C 0B 25 A5 0C 01 31 03 (10)
2026-03-20 18:58:56:065 [IN ] C9 3A 0B 4F 35 25 (6)
                              [N12:Z] LFLAG ':' 11 (11)
2026-03-20 18:58:56:086 [OUT] 25 A5 01 0C 31 03 88 00 50 19 38 (11)
                              [N12:Z] RUN 0 80 (80)
2026-03-20 18:58:56:108 [IN ] C8 24 03 18 25 A5 03 01 31 03 CF 00 00 07 89 25 A5 03 01 31 05 E6 3D 77 00 00 D4 6F 00 (29)
                              [N3:X] MOTOR_I 0 0 (0)
                              [N3:X] [undefined] 61 119 0 0 (1031208960)
2026-03-20 18:58:56:170 [IN ] C8 24 08 0B 25 A5 08 01 31 03 CA 3A 09 4A 1A 25 (16)
                              [N8:R] RFLAG ':' 9 (9)
2026-03-20 18:58:56:212 [IN ] C8 24 03 18 25 A5 03 01 31 03 CF 00 00 07 89 25 A5 03 01 31 05 E6 3D 77 00 00 D4 6F 00 (29)
                              [N3:X] MOTOR_I 0 0 (0)
                              [N3:X] [undefined] 61 119 0 0 (1031208960)
2026-03-20 18:58:56:275 [IN ] C8 24 03 0C 25 A5 03 01 31 04 88 53 00 50 64 C2 A5 (17)
                              [N3:X] RUN 'S' 0 80 (80)
2026-03-20 18:58:56:316 [IN ] C8 24 03 18 25 A5 03 01 31 03 CF 00 39 40 C2 25 A5 03 01 31 05 E6 3D 77 00 50 24 BF 00 (29)
                              [N3:X] MOTOR_I 0 57 (57)
                              [N3:X] [undefined] 61 119 0 80 (1031209040)
2026-03-20 18:58:56:379 [IN ] C8 24 04 0C 25 A5 04 01 31 04 88 53 00 50 65 CA A5 (17)
                              [N4:Y] RUN 'S' 0 80 (80)
2026-03-20 18:58:56:400 [IN ] C8 24 03 0E 25 A5 03 01 31 03 CF 00 5A 61 E3 25 A5 03 01 C8 24 03 0A 01 31 05 E6 3D 77 00 50 24 BF E3 (34)
                              [N3:X] MOTOR_I 0 90 (90)
                              [N3:X] [undefined] 61 119 0 80 (1031209040)
2026-03-20 18:58:56:483 [IN ] C8 24 0C 0C 25 A5 0C 01 31 04 88 53 00 50 6D 0A A5 (17)
                              [N12:Z] RUN 'S' 0 80 (80)
2026-03-20 18:58:56:684 [IN ] C8 24 03 18 25 A5 03 01 31 03 CF 00 4F 56 D8 25 A5 03 01 31 05 E6 3D 77 00 50 24 BF 00 C8 24 03 18 25 A5 03 01 31 03 CF 00 3F 46 C8 25 A5 03 01 31 05 E6 3D 77 00 50 24 BF 00 (58)
                              [N3:X] MOTOR_I 0 79 (79)
                              [N3:X] [undefined] 61 119 0 80 (1031209040)
                              [N3:X] MOTOR_I 0 63 (63)
                              [N3:X] [undefined] 61 119 0 80 (1031209040)
2026-03-20 18:58:56:886 [IN ] C8 24 03 18 25 A5 03 01 31 03 CF 00 3E 45 C7 25 A5 03 01 31 05 E6 3D 77 00 50 24 BF 00 C8 24 03 18 25 A5 03 01 31 03 CF 00 42 49 CB 25 A5 03 01 31 05 E6 3D 77 00 50 24 BF 00 (58)
                              [N3:X] MOTOR_I 0 62 (62)
                              [N3:X] [undefined] 61 119 0 80 (1031209040)
                              [N3:X] MOTOR_I 0 66 (66)
                              [N3:X] [undefined] 61 119 0 80 (1031209040)
2026-03-20 18:58:57:087 [IN ] C8 24 03 18 25 A5 03 01 31 03 CF 00 4D 54 D6 25 A5 03 01 31 05 E6 3D 77 00 50 24 BF 00 C8 24 03 18 25 A5 03 01 31 03 CF 00 46 4D CF 25 A5 03 01 31 05 E6 3D 77 00 50 24 BF 00 (58)
                              [N3:X] MOTOR_I 0 77 (77)
                              [N3:X] [undefined] 61 119 0 80 (1031209040)
                              [N3:X] MOTOR_I 0 70 (70)
                              [N3:X] [undefined] 61 119 0 80 (1031209040)
2026-03-20 18:58:57:288 [IN ] C8 24 03 18 25 A5 03 01 31 03 CF 00 53 5A DC 25 A5 03 01 31 05 E6 3D 77 00 50 24 BF 00 C8 24 03 18 25 A5 03 01 31 03 CF 00 54 5B DD 25 A5 03 01 31 05 E6 3D 77 00 50 24 BF 00 (58)
                              [N3:X] MOTOR_I 0 83 (83)
                              [N3:X] [undefined] 61 119 0 80 (1031209040)
                              [N3:X] MOTOR_I 0 84 (84)
                              [N3:X] [undefined] 61 119 0 80 (1031209040)
2026-03-20 18:58:57:490 [IN ] C8 24 03 18 25 A5 03 01 31 03 CF 00 49 50 D2 25 A5 03 01 31 05 E6 3D 77 00 50 24 BF 00 C8 24 03 18 25 A5 03 01 31 03 CF 00 44 4B CD 25 A5 03 01 31 05 E6 3D 77 00 50 24 BF 00 (58)
                              [N3:X] MOTOR_I 0 73 (73)
                              [N3:X] [undefined] 61 119 0 80 (1031209040)
                              [N3:X] MOTOR_I 0 68 (68)
                              [N3:X] [undefined] 61 119 0 80 (1031209040)
2026-03-20 18:58:57:691 [IN ] C8 24 03 18 25 A5 03 01 31 03 CF 00 3F 46 C8 25 A5 03 01 31 05 E6 3D 77 00 50 24 BF 00 C8 24 03 18 25 A5 03 01 31 03 CF 00 55 5C DE 25 A5 03 01 31 05 E6 3D 77 00 50 24 BF 00 (58)
                              [N3:X] MOTOR_I 0 63 (63)
                              [N3:X] [undefined] 61 119 0 80 (1031209040)
                              [N3:X] MOTOR_I 0 85 (85)
                              [N3:X] [undefined] 61 119 0 80 (1031209040)
2026-03-20 18:58:57:892 [IN ] C8 24 03 0E 25 A5 03 01 31 03 CF 00 44 4B CD 25 A5 03 01 C8 24 03 0A 01 31 05 E6 3D 77 00 50 24 BF CD C8 24 03 18 25 A5 03 01 31 03 CF 00 56 5D DF 25 A5 03 01 31 05 E6 3D 77 00 50 24 BF 00 (63)
                              [N3:X] MOTOR_I 0 68 (68)
                              [N3:X] [undefined] 61 119 0 80 (1031209040)
                              [N3:X] MOTOR_I 0 86 (86)
                              [N3:X] [undefined] 61 119 0 80 (1031209040)
2026-03-20 18:58:58:093 [IN ] C8 24 03 18 25 A5 03 01 31 03 CF 00 4C 53 D5 25 A5 03 01 31 05 E6 3D 77 00 50 24 BF 00 C8 24 03 18 25 A5 03 01 31 03 CF 00 3B 42 C4 25 A5 03 01 31 05 E6 3D 77 00 50 24 BF 00 (58)
                              [N3:X] MOTOR_I 0 76 (76)
                              [N3:X] [undefined] 61 119 0 80 (1031209040)
                              [N3:X] MOTOR_I 0 59 (59)
                              [N3:X] [undefined] 61 119 0 80 (1031209040)
2026-03-20 18:58:58:294 [IN ] C8 24 03 18 25 A5 03 01 31 03 CF 00 57 5E E0 25 A5 03 01 31 05 E6 3D 77 00 50 24 BF 00 C8 24 03 18 25 A5 03 01 31 03 CF 00 3A 41 C3 25 A5 03 01 31 05 E6 3D 77 00 50 24 BF 00 (58)
                              [N3:X] MOTOR_I 0 87 (87)
                              [N3:X] [undefined] 61 119 0 80 (1031209040)
                              [N3:X] MOTOR_I 0 58 (58)
                              [N3:X] [undefined] 61 119 0 80 (1031209040)
2026-03-20 18:58:58:496 [IN ] C8 24 03 18 25 A5 03 01 31 03 CF 00 35 3C BE 25 A5 03 01 31 05 E6 3D 77 00 50 24 BF 00 C8 24 03 18 25 A5 03 01 31 03 CF 00 35 3C BE 25 A5 03 01 31 05 E6 3D 77 00 50 24 BF 00 (58)
                              [N3:X] MOTOR_I 0 53 (53)
                              [N3:X] [undefined] 61 119 0 80 (1031209040)
                              [N3:X] MOTOR_I 0 53 (53)
                              [N3:X] [undefined] 61 119 0 80 (1031209040)
2026-03-20 18:58:58:697 [IN ] C8 24 03 18 25 A5 03 01 31 03 CF 00 41 48 CA 25 A5 03 01 31 05 E6 3D 77 00 50 24 BF 00 C8 24 03 18 25 A5 03 01 31 03 CF 00 2F 36 B8 25 A5 03 01 31 05 E6 3D 77 00 50 24 BF 00 (58)
                              [N3:X] MOTOR_I 0 65 (65)
                              [N3:X] [undefined] 61 119 0 80 (1031209040)
                              [N3:X] MOTOR_I 0 47 (47)
                              [N3:X] [undefined] 61 119 0 80 (1031209040)
2026-03-20 18:58:58:898 [IN ] C8 24 03 18 25 A5 03 01 31 03 CF 00 52 59 DB 25 A5 03 01 31 05 E6 3D 77 00 50 24 BF 00 C8 24 03 18 25 A5 03 01 31 03 CF 00 51 58 DA 25 A5 03 01 31 05 E6 3D 77 00 50 24 BF 00 (58)
                              [N3:X] MOTOR_I 0 82 (82)
                              [N3:X] [undefined] 61 119 0 80 (1031209040)
                              [N3:X] MOTOR_I 0 81 (81)
                              [N3:X] [undefined] 61 119 0 80 (1031209040)
2026-03-20 18:58:59:100 [IN ] C8 24 03 18 25 A5 03 01 31 03 CF 00 38 3F C1 25 A5 03 01 31 05 E6 3D 77 00 50 24 BF 00 C8 24 03 15 25 A5 03 01 31 03 CF 00 4A 51 D3 25 A5 03 01 31 05 E6 3D 77 00 50 (55)
                              [N3:X] MOTOR_I 0 56 (56)
                              [N3:X] [undefined] 61 119 0 80 (1031209040)
                              [N3:X] MOTOR_I 0 74 (74)
2026-03-20 18:58:59:301 [IN ] C8 24 03 1B 50 24 BF 25 A5 03 01 31 03 CF 00 4C 53 D5 25 A5 03 01 31 05 E6 3D 77 00 50 24 BF 31 C8 24 03 18 25 A5 03 01 31 03 CF 00 31 38 BA 25 A5 03 01 31 05 E6 3D 77 00 50 24 BF 50 (61)
                              [N3:X] [undefined] 61 119 0 80 (1031209040)
                              [N3:X] MOTOR_I 0 76 (76)
                              [N3:X] [undefined] 61 119 0 80 (1031209040)
                              [N3:X] MOTOR_I 0 49 (49)
                              [N3:X] [undefined] 61 119 0 80 (1031209040)
2026-03-20 18:58:59:503 [IN ] C8 24 03 18 25 A5 03 01 31 03 CF 00 4A 51 D3 25 A5 03 01 31 05 E6 3D 77 00 50 24 BF 50 C8 24 03 18 25 A5 03 01 31 03 CF 00 3A 41 C3 25 A5 03 01 31 05 E6 3D 77 00 50 24 BF 50 (58)
                              [N3:X] MOTOR_I 0 74 (74)
                              [N3:X] [undefined] 61 119 0 80 (1031209040)
                              [N3:X] MOTOR_I 0 58 (58)
                              [N3:X] [undefined] 61 119 0 80 (1031209040)
2026-03-20 18:58:59:704 [IN ] C8 24 03 18 25 A5 03 01 31 03 CF 00 31 38 BA 25 A5 03 01 31 05 E6 3D 77 00 50 24 BF 50 C8 24 03 18 25 A5 03 01 31 03 CF 00 38 3F C1 25 A5 03 01 31 05 E6 3D 77 00 50 24 BF 50 (58)
                              [N3:X] MOTOR_I 0 49 (49)
                              [N3:X] [undefined] 61 119 0 80 (1031209040)
                              [N3:X] MOTOR_I 0 56 (56)
                              [N3:X] [undefined] 61 119 0 80 (1031209040)
2026-03-20 18:58:59:905 [IN ] C8 24 03 18 25 A5 03 01 31 03 CF 00 3E 45 C7 25 A5 03 01 31 05 E6 3D 77 00 50 24 BF 50 C8 24 03 18 25 A5 03 01 31 03 CF 00 2D 34 B6 25 A5 03 01 31 05 E6 3D 77 00 50 24 BF 50 (58)
                              [N3:X] MOTOR_I 0 62 (62)
                              [N3:X] [undefined] 61 119 0 80 (1031209040)
                              [N3:X] MOTOR_I 0 45 (45)
                              [N3:X] [undefined] 61 119 0 80 (1031209040)
2026-03-20 18:59:00:107 [IN ] C8 24 03 18 25 A5 03 01 31 03 CF 00 41 48 CA 25 A5 03 01 31 05 E6 3D 77 00 50 24 BF 50 C8 24 03 18 25 A5 03 01 31 03 CF 00 4D 54 D6 25 A5 03 01 31 05 E6 3D 77 00 50 24 BF 50 (58)
                              [N3:X] MOTOR_I 0 65 (65)
                              [N3:X] [undefined] 61 119 0 80 (1031209040)
                              [N3:X] MOTOR_I 0 77 (77)
                              [N3:X] [undefined] 61 119 0 80 (1031209040)
2026-03-20 18:59:00:308 [IN ] C8 24 03 18 25 A5 03 01 31 03 CF 00 3E 45 C7 25 A5 03 01 31 05 E6 3D 77 00 50 24 BF 50 C8 24 03 0E 25 A5 03 01 31 03 CF 00 30 37 B9 25 A5 03 01 C8 24 03 0A 01 31 05 E6 3D 77 00 50 24 BF B9 (63)
                              [N3:X] MOTOR_I 0 62 (62)
                              [N3:X] [undefined] 61 119 0 80 (1031209040)
                              [N3:X] MOTOR_I 0 48 (48)
                              [N3:X] [undefined] 61 119 0 80 (1031209040)
2026-03-20 18:59:00:509 [IN ] C8 24 03 15 25 A5 03 01 31 03 CF 00 39 40 C2 25 A5 03 01 31 05 E6 3D 77 00 50 C8 24 03 1B 50 24 BF 25 A5 03 01 31 03 CF 00 3C 43 C5 25 A5 03 01 31 05 E6 3D 77 00 50 24 BF 31 (58)
                              [N3:X] MOTOR_I 0 57 (57)
                              [N3:X] [undefined] 61 119 0 80 (1031209040)
                              [N3:X] MOTOR_I 0 60 (60)
                              [N3:X] [undefined] 61 119 0 80 (1031209040)
2026-03-20 18:59:00:710 [IN ] C8 24 03 18 25 A5 03 01 31 03 CF 00 36 3D BF 25 A5 03 01 31 05 E6 3D 77 00 50 24 BF 50 C8 24 03 18 25 A5 03 01 31 03 CF 00 46 4D CF 25 A5 03 01 31 05 E6 3D 77 00 50 24 BF 50 (58)
                              [N3:X] MOTOR_I 0 54 (54)
                              [N3:X] [undefined] 61 119 0 80 (1031209040)
                              [N3:X] MOTOR_I 0 70 (70)
                              [N3:X] [undefined] 61 119 0 80 (1031209040)
2026-03-20 18:59:00:912 [IN ] C8 24 03 18 25 A5 03 01 31 03 CF 00 41 48 CA 25 A5 03 01 31 05 E6 3D 77 00 50 24 BF 50 C8 24 03 18 25 A5 03 01 31 03 CF 00 35 3C BE 25 A5 03 01 31 05 E6 3D 77 00 50 24 BF 50 (58)
                              [N3:X] MOTOR_I 0 65 (65)
                              [N3:X] [undefined] 61 119 0 80 (1031209040)
                              [N3:X] MOTOR_I 0 53 (53)
                              [N3:X] [undefined] 61 119 0 80 (1031209040)
2026-03-20 18:59:01:113 [IN ] C8 24 03 18 25 A5 03 01 31 03 CF 00 3A 41 C3 25 A5 03 01 31 05 E6 3D 77 00 50 24 BF 50 C8 24 03 18 25 A5 03 01 31 03 CF 00 42 49 CB 25 A5 03 01 31 05 E6 3D 77 00 50 24 BF 50 (58)
                              [N3:X] MOTOR_I 0 58 (58)
                              [N3:X] [undefined] 61 119 0 80 (1031209040)
                              [N3:X] MOTOR_I 0 66 (66)
                              [N3:X] [undefined] 61 119 0 80 (1031209040)
2026-03-20 18:59:01:314 [IN ] C8 24 03 18 25 A5 03 01 31 03 CF 00 2C 33 B5 25 A5 03 01 31 05 E6 3D 77 00 50 24 BF 50 C8 24 03 18 25 A5 03 01 31 03 CF 00 2C 33 B5 25 A5 03 01 31 05 E6 3D 77 00 50 24 BF 50 (58)
                              [N3:X] MOTOR_I 0 44 (44)
                              [N3:X] [undefined] 61 119 0 80 (1031209040)
                              [N3:X] MOTOR_I 0 44 (44)
                              [N3:X] [undefined] 61 119 0 80 (1031209040)
2026-03-20 18:59:01:516 [IN ] C8 24 03 18 25 A5 03 01 31 03 CF 00 3D 44 C6 25 A5 03 01 31 05 E6 3D 77 00 50 24 BF 50 C8 24 03 18 25 A5 03 01 31 03 CF 00 39 40 C2 25 A5 03 01 31 05 E6 3D 77 00 50 24 BF 50 (58)
                              [N3:X] MOTOR_I 0 61 (61)
                              [N3:X] [undefined] 61 119 0 80 (1031209040)
                              [N3:X] MOTOR_I 0 57 (57)
                              [N3:X] [undefined] 61 119 0 80 (1031209040)
2026-03-20 18:59:01:717 [IN ] C8 24 03 0E 25 A5 03 01 31 03 CF 00 3D 44 C6 25 A5 03 01 C8 24 03 0A 01 31 05 E6 3D 77 00 50 24 BF C6 C8 24 03 15 25 A5 03 01 31 03 CF 00 49 50 D2 25 A5 03 01 31 05 E6 3D 77 00 50 (60)
                              [N3:X] MOTOR_I 0 61 (61)
                              [N3:X] [undefined] 61 119 0 80 (1031209040)
                              [N3:X] MOTOR_I 0 73 (73)
2026-03-20 18:59:01:918 [IN ] C8 24 03 1B 50 24 BF 25 A5 03 01 31 03 CF 00 3D 44 C6 25 A5 03 01 31 05 E6 3D 77 00 50 24 BF 31 C8 24 03 18 25 A5 03 01 31 03 CF 00 36 3D BF 25 A5 03 01 31 05 E6 3D 77 00 50 24 BF 50 (61)
                              [N3:X] [undefined] 61 119 0 80 (1031209040)
                              [N3:X] MOTOR_I 0 61 (61)
                              [N3:X] [undefined] 61 119 0 80 (1031209040)
                              [N3:X] MOTOR_I 0 54 (54)
                              [N3:X] [undefined] 61 119 0 80 (1031209040)
2026-03-20 18:59:02:121 [IN ] C8 24 03 18 25 A5 03 01 31 03 CF 00 3F 46 C8 25 A5 03 01 31 05 E6 3D 77 00 50 24 BF 50 C8 24 03 18 25 A5 03 01 31 03 CF 00 35 3C BE 25 A5 03 01 31 05 E6 3D 77 00 50 24 BF 50 (58)
                              [N3:X] MOTOR_I 0 63 (63)
                              [N3:X] [undefined] 61 119 0 80 (1031209040)
                              [N3:X] MOTOR_I 0 53 (53)
                              [N3:X] [undefined] 61 119 0 80 (1031209040)
2026-03-20 18:59:02:323 [IN ] C8 24 03 18 25 A5 03 01 31 03 CF 00 4B 52 D4 25 A5 03 01 31 05 E6 3D 77 00 50 24 BF 50 C8 24 03 18 25 A5 03 01 31 03 CF 00 36 3D BF 25 A5 03 01 31 05 E6 3D 77 00 50 24 BF 50 (58)
                              [N3:X] MOTOR_I 0 75 (75)
                              [N3:X] [undefined] 61 119 0 80 (1031209040)
                              [N3:X] MOTOR_I 0 54 (54)
                              [N3:X] [undefined] 61 119 0 80 (1031209040)
2026-03-20 18:59:02:524 [IN ] C8 24 03 18 25 A5 03 01 31 03 CF 00 42 49 CB 25 A5 03 01 31 05 E6 3D 77 00 50 24 BF 50 C8 24 03 18 25 A5 03 01 31 03 CF 00 32 39 BB 25 A5 03 01 31 05 E6 3D 77 00 50 24 BF 50 (58)
                              [N3:X] MOTOR_I 0 66 (66)
                              [N3:X] [undefined] 61 119 0 80 (1031209040)
                              [N3:X] MOTOR_I 0 50 (50)
                              [N3:X] [undefined] 61 119 0 80 (1031209040)
2026-03-20 18:59:02:725 [IN ] C8 24 03 18 25 A5 03 01 31 03 CF 00 2E 35 B7 25 A5 03 01 31 05 E6 3D 77 00 50 24 BF 50 C8 24 03 18 25 A5 03 01 31 03 CF 00 2B 32 B4 25 A5 03 01 31 05 E6 3D 77 00 50 24 BF 50 (58)
                              [N3:X] MOTOR_I 0 46 (46)
                              [N3:X] [undefined] 61 119 0 80 (1031209040)
                              [N3:X] MOTOR_I 0 43 (43)
                              [N3:X] [undefined] 61 119 0 80 (1031209040)
2026-03-20 18:59:02:926 [IN ] C8 24 03 18 25 A5 03 01 31 03 CF 00 2D 34 B6 25 A5 03 01 31 05 E6 3D 77 00 50 24 BF 50 C8 24 03 0E 25 A5 03 01 31 03 CF 00 39 40 C2 25 A5 03 01 C8 24 03 0A 01 31 05 E6 3D 77 00 50 24 BF C2 (63)
                              [N3:X] MOTOR_I 0 45 (45)
                              [N3:X] [undefined] 61 119 0 80 (1031209040)
                              [N3:X] MOTOR_I 0 57 (57)
                              [N3:X] [undefined] 61 119 0 80 (1031209040)
2026-03-20 18:59:03:128 [IN ] C8 24 03 18 25 A5 03 01 31 03 CF 00 38 3F C1 25 A5 03 01 31 05 E6 3D 77 00 50 24 BF 50 C8 24 03 18 25 A5 03 01 31 03 CF 00 3B 42 C4 25 A5 03 01 31 05 E6 3D 77 00 50 24 BF 50 (58)
                              [N3:X] MOTOR_I 0 56 (56)
                              [N3:X] [undefined] 61 119 0 80 (1031209040)
                              [N3:X] MOTOR_I 0 59 (59)
                              [N3:X] [undefined] 61 119 0 80 (1031209040)
2026-03-20 18:59:03:329 [IN ] C8 24 03 18 25 A5 03 01 31 03 CF 00 36 3D BF 25 A5 03 01 31 05 E6 3D 77 00 50 24 BF 50 C8 24 03 18 25 A5 03 01 31 03 CF 00 3D 44 C6 25 A5 03 01 31 05 E6 3D 77 00 50 24 BF 50 (58)
                              [N3:X] MOTOR_I 0 54 (54)
                              [N3:X] [undefined] 61 119 0 80 (1031209040)
                              [N3:X] MOTOR_I 0 61 (61)
                              [N3:X] [undefined] 61 119 0 80 (1031209040)
2026-03-20 18:59:03:532 [IN ] C8 24 03 18 25 A5 03 01 31 03 CF 00 25 2C AE 25 A5 03 01 31 05 E6 3D 77 00 50 24 BF 50 C8 24 03 18 25 A5 03 01 31 03 CF 00 2B 32 B4 25 A5 03 01 31 05 E6 3D 77 00 50 24 BF 50 C8 24 04 0B 25 A5 
04 01 31 03 81 5A 4C 60 A6 25 C8 24 04 0A 25 A5 04 01 31 02 81 49 02 32 A6 (89)
                              [N3:X] MOTOR_I 0 37 (37)
                              [N3:X] [undefined] 61 119 0 80 (1031209040)
                              [N3:X] MOTOR_I 0 43 (43)
                              [N3:X] [undefined] 61 119 0 80 (1031209040)
                              [N4:Y] TPOS 'Z' 76 (76)
                              [N4:Y] TPOS 'I'
2026-03-20 18:59:03:755 [OUT] 25 A5 01 09 31 02 D8 3F 54 EC (10)
                              [N9:P] INTERRUPT '?'
2026-03-20 18:59:03:756 [IN ] C8 24 03 18 25 A5 03 01 31 03 CF 00 36 3D BF 25 A5 03 01 31 05 E6 3D 77 00 50 24 BF 50 C8 24 03 18 25 A5 03 01 31 03 CF 00 49 50 D2 25 A5 03 01 31 05 E6 3D 77 00 50 24 BF 50 C8 24 03 18 25 A5 
03 01 31 03 CF 00 27 2E B0 25 (74)
                              [N3:X] MOTOR_I 0 54 (54)
                              [N3:X] [undefined] 61 119 0 80 (1031209040)
                              [N3:X] MOTOR_I 0 73 (73)
                              [N3:X] [undefined] 61 119 0 80 (1031209040)
2026-03-20 18:59:04:056 [IN ] A5 03 01 31 05 E6 3D 77 00 50 24 BF 50 C8 24 03 18 25 A5 03 01 31 03 CF 00 39 40 C2 25 A5 03 01 31 05 E6 3D 77 00 50 24 BF 50 C8 24 09 0C 25 A5 09 01 31 04 D8 3A 01 01 53 9A A5 C8 24 03 18 25 
A5 03 01 31 03 CF 00 36 3D BF 25 A5 03 01 31 05 E6 3D 77 00 50 24 BF 50 (88)
                              [N3:X] MOTOR_I 0 39 (39)
                              [N3:X] [undefined] 61 119 0 80 (1031209040)
                              [N3:X] MOTOR_I 0 57 (57)
                              [N3:X] [undefined] 61 119 0 80 (1031209040)
                              [N9:P] INTERRUPT ':' 1 1 (257)
                              [N3:X] MOTOR_I 0 54 (54)
                              [N3:X] [undefined] 61 119 0 80 (1031209040)
2026-03-20 18:59:04:078 [OUT] 25 A5 01 04 31 03 C9 3D 09 48 FE (11)
                              [N4:Y] LFLAG '=' 9 (9)
2026-03-20 18:59:04:100 [OUT] 25 A5 01 07 31 02 D8 3F 52 E2 (10)
                              [N7:N] INTERRUPT '?'
2026-03-20 18:59:04:101 [IN ] C8 24 03 18 25 A5 03 01 31 03 CF 00 3E 45 C7 25 A5 03 01 31 05 E6 3D 77 00 50 24 BF 50 (29)
                              [N3:X] MOTOR_I 0 62 (62)
                              [N3:X] [undefined] 61 119 0 80 (1031209040)
2026-03-20 18:59:04:402 [IN ] C8 24 03 0E 25 A5 03 01 31 03 CF 00 2F 36 B8 25 A5 03 01 C8 24 03 0A 01 31 05 E6 3D 77 00 50 24 BF B8 C8 24 04 0B 25 A5 04 01 31 03 C9 3A 09 45 FB 25 C8 24 03 18 25 A5 03 01 31 03 CF 00 23 2A 
AC 25 A5 03 01 31 05 E6 3D 77 00 50 24 BF 50 C8 24 07 0C 25 A5 07 01 31 04 D8 3A 01 01 51 8A A5 C8 24 03 18 25 A5 03 01 31 03 CF 00 30 37 B9 25 A5 03 01 31 05 E6 3D 77 00 50 24 BF 50 (125)
                              [N3:X] MOTOR_I 0 47 (47)
                              [N3:X] [undefined] 61 119 0 80 (1031209040)
                              [N4:Y] LFLAG ':' 9 (9)
                              [N3:X] MOTOR_I 0 35 (35)
                              [N3:X] [undefined] 61 119 0 80 (1031209040)
                              [N7:N] INTERRUPT ':' 1 1 (257)
                              [N3:X] MOTOR_I 0 48 (48)
                              [N3:X] [undefined] 61 119 0 80 (1031209040)
2026-03-20 18:59:04:423 [OUT] 25 A5 01 09 31 03 C9 3D 0B 4F 1E (11)
                              [N9:P] LFLAG '=' 11 (11)
2026-03-20 18:59:04:446 [OUT] 25 A5 01 07 31 03 C9 3D 0B 4D 12 (11)
                              [N7:N] LFLAG '=' 11 (11)
2026-03-20 18:59:04:467 [IN ] C8 24 03 18 25 A5 03 01 31 03 CF 00 39 40 C2 25 A5 03 01 31 05 E6 3D 77 00 50 24 BF 50 (29)
                              [N3:X] MOTOR_I 0 57 (57)
                              [N3:X] [undefined] 61 119 0 80 (1031209040)
2026-03-20 18:59:04:552 [IN ] C8 24 03 18 25 (5)
2026-03-20 18:59:04:573 [IN ] A5 03 01 31 03 CF 00 27 2E B0 25 A5 03 01 31 05 E6 3D 77 00 50 24 BF 50 (24)
                              [N3:X] MOTOR_I 0 39 (39)
                              [N3:X] [undefined] 61 119 0 80 (1031209040)
2026-03-20 18:59:04:596 [IN ] C8 24 09 0B 25 A5 09 01 31 03 C9 3A 0B 4C 20 25 (16)
                              [N9:P] LFLAG ':' 11 (11)
2026-03-20 18:59:04:619 [OUT] 25 A5 01 09 31 03 88 00 50 16 26 (11)
                              [N9:P] RUN 0 80 (80)
2026-03-20 18:59:04:662 [IN ] C8 24 03 18 25 A5 03 01 31 03 CF 00 3B 42 C4 25 A5 03 01 31 05 E6 3D 77 00 50 24 BF 50 (29)
                              [N3:X] MOTOR_I 0 59 (59)
                              [N3:X] [undefined] 61 119 0 80 (1031209040)
2026-03-20 18:59:04:703 [IN ] C8 24 07 0B 25 A5 07 01 31 03 C9 3A 0B 4A 12 25 (16)
                              [N7:N] LFLAG ':' 11 (11)
2026-03-20 18:59:04:725 [OUT] 25 A5 01 07 31 03 88 00 50 14 1A (11)
                              [N7:N] RUN 0 80 (80)
2026-03-20 18:59:04:767 [IN ] C8 24 03 18 25 A5 03 01 31 03 CF 00 3E 45 C7 25 A5 03 01 31 05 E6 3D 77 00 50 24 BF 50 (29)
                              [N3:X] MOTOR_I 0 62 (62)
                              [N3:X] [undefined] 61 119 0 80 (1031209040)
2026-03-20 18:59:04:809 [IN ] C8 24 09 0C 25 A5 09 01 31 04 88 53 00 50 6A F2 A5 (17)
                              [N9:P] RUN 'S' 0 80 (80)
2026-03-20 18:59:04:874 [IN ] C8 24 09 0B 25 A5 09 01 31 03 81 5A 4C 65 C9 F2 C8 24 03 18 25 A5 03 01 31 03 CF 00 30 37 B9 25 A5 03 01 31 05 E6 3D 77 00 50 24 BF 50 (45)
                              [N9:P] TPOS 'Z' 76 (76)
                              [N3:X] MOTOR_I 0 48 (48)
                              [N3:X] [undefined] 61 119 0 80 (1031209040)
2026-03-20 18:59:04:896 [IN ] C8 24 09 0A 25 A5 09 01 31 02 81 49 07 50 B9 (15)
                              [N9:P] TPOS 'I'
2026-03-20 18:59:04:919 [IN ] C8 24 07 0C 25 A5 07 01 31 04 88 53 00 50 68 E2 A5 (17)
                              [N7:N] RUN 'S' 0 80 (80)
2026-03-20 18:59:04:940 [OUT] 25 A5 01 09 31 03 C9 3D 09 4D 1C (11)
                              [N9:P] LFLAG '=' 9 (9)
2026-03-20 18:59:04:960 [OUT] 25 A5 01 04 31 05 81 FF EE 88 01 32 FA (13)
                              [N4:Y] TPOS 255 238 136 1 (-1144831)
2026-03-20 18:59:04:982 [IN ] C8 24 03 18 25 A5 03 01 31 03 CF 00 2D 34 B6 25 A5 03 01 31 05 E6 3D 77 00 50 24 BF 50 (29)
                              [N3:X] MOTOR_I 0 45 (45)
                              [N3:X] [undefined] 61 119 0 80 (1031209040)
2026-03-20 18:59:05:065 [IN ] C8 24 03 18 25 A5 03 01 31 03 CF 00 23 2A AC (15)
2026-03-20 18:59:05:086 [IN ] 25 A5 03 01 31 05 E6 3D 77 00 50 24 BF 50 (14)
                              [N3:X] MOTOR_I 0 35 (35)
                              [N3:X] [undefined] 61 119 0 80 (1031209040)
2026-03-20 18:59:05:108 [IN ] C8 24 09 0B 25 A5 09 01 31 03 C9 3A 09 4A 1E 25 (16)
                              [N9:P] LFLAG ':' 9 (9)
2026-03-20 18:59:05:191 [IN ] C8 24 03 18 25 A5 03 01 31 03 CF 00 2C 33 B5 25 A5 03 01 31 05 E6 3D 77 00 50 24 BF 50 (29)
                              [N3:X] MOTOR_I 0 44 (44)
                              [N3:X] [undefined] 61 119 0 80 (1031209040)
2026-03-20 18:59:05:234 [IN ] C8 24 04 0E 25 A5 04 01 31 06 81 53 00 00 00 00 10 88 01 (19)
                              [N4:Y] TPOS 'S' 0 0 0 0 (0)
2026-03-20 18:59:05:435 [IN ] C8 24 03 18 25 A5 03 01 31 03 CF 00 41 48 CA 25 A5 03 01 31 05 E6 3D 77 00 50 24 BF 50 C8 24 03 18 25 A5 03 01 31 03 CF 00 23 2A AC 25 A5 03 01 31 05 E6 3D 77 00 50 24 BF 50 (58)
                              [N3:X] MOTOR_I 0 65 (65)
                              [N3:X] [undefined] 61 119 0 80 (1031209040)
                              [N3:X] MOTOR_I 0 35 (35)
                              [N3:X] [undefined] 61 119 0 80 (1031209040)
2026-03-20 18:59:05:636 [IN ] C8 24 03 15 25 A5 03 01 31 03 CF 00 24 2B AD 25 A5 03 01 31 05 E6 3D 77 00 50 C8 24 03 1B 50 24 BF 25 A5 03 01 31 03 CF 00 40 47 C9 25 A5 03 01 31 05 E6 3D 77 00 50 24 BF 31 (58)
                              [N3:X] MOTOR_I 0 36 (36)
                              [N3:X] [undefined] 61 119 0 80 (1031209040)
                              [N3:X] MOTOR_I 0 64 (64)
                              [N3:X] [undefined] 61 119 0 80 (1031209040)
2026-03-20 18:59:05:838 [IN ] C8 24 03 18 25 A5 03 01 31 03 CF 00 1D 24 A6 25 A5 03 01 31 05 E6 3D 77 00 50 24 BF 50 C8 24 03 0B 25 A5 03 01 31 03 81 5A 4C 5F 9F 25 C8 24 03 18 25 A5 03 01 31 03 CF 00 00 07 89 25 A5 03 01 
31 05 E6 3D 77 00 00 D4 6F 50 C8 24 03 0A 25 A5 03 01 31 02 81 49 01 2C 89 (89)
                              [N3:X] MOTOR_I 0 29 (29)
                              [N3:X] [undefined] 61 119 0 80 (1031209040)
                              [N3:X] TPOS 'Z' 76 (76)
                              [N3:X] MOTOR_I 0 0 (0)
                              [N3:X] [undefined] 61 119 0 0 (1031208960)
                              [N3:X] TPOS 'I'
2026-03-20 18:59:06:040 [IN ] C8 24 03 18 25 A5 03 01 31 03 CF 00 00 07 89 25 A5 03 01 31 05 E6 3D 77 00 00 D4 6F 50 C8 24 03 18 25 A5 03 01 31 03 CF 00 00 07 89 25 A5 03 01 31 05 E6 3D 77 00 00 D4 6F 50 (58)
                              [N3:X] MOTOR_I 0 0 (0)
                              [N3:X] [undefined] 61 119 0 0 (1031208960)
                              [N3:X] MOTOR_I 0 0 (0)
                              [N3:X] [undefined] 61 119 0 0 (1031208960)
2026-03-20 18:59:06:063 [OUT] 25 A5 01 03 31 03 C9 3D 09 47 F8 (11)
                              [N3:X] LFLAG '=' 9 (9)
2026-03-20 18:59:06:084 [IN ] C8 24 03 18 25 A5 03 01 31 03 CF 00 00 07 89 25 A5 03 01 31 05 E6 3D 77 00 00 D4 6F 50 (29)
                              [N3:X] MOTOR_I 0 0 (0)
                              [N3:X] [undefined] 61 119 0 0 (1031208960)
2026-03-20 18:59:06:187 [IN ] C8 24 03 18 25 A5 03 01 31 03 CF 00 00 07 89 25 A5 03 01 31 05 E6 3D 77 00 00 D4 6F 50 (29)
                              [N3:X] MOTOR_I 0 0 (0)
                              [N3:X] [undefined] 61 119 0 0 (1031208960)
2026-03-20 18:59:06:229 [IN ] C8 24 03 0B 25 A5 03 01 31 03 C9 3A 09 44 F4 25 (16)
                              [N3:X] LFLAG ':' 9 (9)
2026-03-20 18:59:06:431 [IN ] C8 24 03 18 25 A5 03 01 31 03 CF 00 00 07 89 25 A5 03 01 31 05 E6 3D 77 00 00 D4 6F 50 C8 24 03 18 25 A5 03 01 31 03 CF 00 00 07 89 25 A5 03 01 31 05 E6 3D 77 00 00 D4 6F 50 (58)
                              [N3:X] MOTOR_I 0 0 (0)
                              [N3:X] [undefined] 61 119 0 0 (1031208960)
                              [N3:X] MOTOR_I 0 0 (0)
                              [N3:X] [undefined] 61 119 0 0 (1031208960)
2026-03-20 18:59:06:632 [IN ] C8 24 03 18 25 A5 03 01 31 03 CF 00 00 07 89 25 A5 03 01 31 05 E6 3D 77 00 00 D4 6F 50 C8 24 03 18 25 A5 03 01 31 03 CF 00 00 07 89 25 A5 03 01 31 05 E6 3D 77 00 00 D4 6F 50 (58)
                              [N3:X] MOTOR_I 0 0 (0)
                              [N3:X] [undefined] 61 119 0 0 (1031208960)
                              [N3:X] MOTOR_I 0 0 (0)
                              [N3:X] [undefined] 61 119 0 0 (1031208960)
2026-03-20 18:59:06:833 [IN ] C8 24 03 0E 25 A5 03 01 31 03 CF 00 00 07 89 25 A5 03 01 C8 24 03 0A 01 31 05 E6 3D 77 00 00 D4 6F 89 C8 24 03 15 25 A5 03 01 31 03 CF 00 00 07 89 25 A5 03 01 31 05 E6 3D 77 00 00 (60)
                              [N3:X] MOTOR_I 0 0 (0)
                              [N3:X] [undefined] 61 119 0 0 (1031208960)
                              [N3:X] MOTOR_I 0 0 (0)
2026-03-20 18:59:07:035 [IN ] C8 24 03 1B 00 D4 6F 25 A5 03 01 31 03 CF 00 00 07 89 25 A5 03 01 31 05 E6 3D 77 00 00 D4 6F 31 C8 24 03 18 25 A5 03 01 31 03 CF 00 00 07 89 25 A5 03 01 31 05 E6 3D 77 00 00 D4 6F 00 (61)
                              [N3:X] [undefined] 61 119 0 0 (1031208960)
                              [N3:X] MOTOR_I 0 0 (0)
                              [N3:X] [undefined] 61 119 0 0 (1031208960)
                              [N3:X] MOTOR_I 0 0 (0)
                              [N3:X] [undefined] 61 119 0 0 (1031208960)
2026-03-20 18:59:07:236 [IN ] C8 24 03 18 25 A5 03 01 31 03 CF 00 00 07 89 25 A5 03 01 31 05 E6 3D 77 00 00 D4 6F 00 C8 24 03 18 25 A5 03 01 31 03 CF 00 00 07 89 25 A5 03 01 31 05 E6 3D 77 00 00 D4 6F 00 (58)
                              [N3:X] MOTOR_I 0 0 (0)
                              [N3:X] [undefined] 61 119 0 0 (1031208960)
                              [N3:X] MOTOR_I 0 0 (0)
                              [N3:X] [undefined] 61 119 0 0 (1031208960)
2026-03-20 18:59:07:437 [IN ] C8 24 03 18 25 A5 03 01 31 03 CF 00 00 07 89 25 A5 03 01 31 05 E6 3D 77 00 00 D4 6F 00 C8 24 03 18 25 A5 03 01 31 03 CF 00 00 07 89 25 A5 03 01 31 05 E6 3D 77 00 00 D4 6F 00 (58)
                              [N3:X] MOTOR_I 0 0 (0)
                              [N3:X] [undefined] 61 119 0 0 (1031208960)
                              [N3:X] MOTOR_I 0 0 (0)
                              [N3:X] [undefined] 61 119 0 0 (1031208960)
2026-03-20 18:59:07:639 [IN ] C8 24 03 18 25 A5 03 01 31 03 CF 00 00 07 89 25 A5 03 01 31 05 E6 3D 77 00 00 D4 6F 00 C8 24 03 18 25 A5 03 01 31 03 CF 00 00 07 89 25 A5 03 01 31 05 E6 3D 77 00 00 D4 6F 00 (58)
                              [N3:X] MOTOR_I 0 0 (0)
                              [N3:X] [undefined] 61 119 0 0 (1031208960)
                              [N3:X] MOTOR_I 0 0 (0)
                              [N3:X] [undefined] 61 119 0 0 (1031208960)
2026-03-20 18:59:07:843 [IN ] C8 24 03 18 25 A5 03 01 31 03 CF 00 00 07 89 25 A5 03 01 31 05 E6 3D 77 00 00 D4 6F 00 C8 24 03 18 25 A5 03 01 31 03 CF 00 00 07 89 25 A5 03 01 31 05 E6 3D 77 00 00 D4 6F 00 (58)
                              [N3:X] MOTOR_I 0 0 (0)
                              [N3:X] [undefined] 61 119 0 0 (1031208960)
                              [N3:X] MOTOR_I 0 0 (0)
                              [N3:X] [undefined] 61 119 0 0 (1031208960)
2026-03-20 18:59:08:044 [IN ] C8 24 03 18 25 A5 03 01 31 03 CF 00 00 07 89 25 A5 03 01 31 05 E6 3D 77 00 00 D4 6F 00 C8 24 03 0E 25 A5 03 01 31 03 CF 00 00 07 89 25 A5 03 01 C8 24 03 0A 01 31 05 E6 3D 77 00 00 D4 6F 89 (63)
                              [N3:X] MOTOR_I 0 0 (0)
                              [N3:X] [undefined] 61 119 0 0 (1031208960)
                              [N3:X] MOTOR_I 0 0 (0)
                              [N3:X] [undefined] 61 119 0 0 (1031208960)
2026-03-20 18:59:08:245 [IN ] C8 24 03 15 25 A5 03 01 31 03 CF 00 00 07 89 25 A5 03 01 31 05 E6 3D 77 00 00 C8 24 03 1B 00 D4 6F 25 A5 03 01 31 03 CF 00 00 07 89 25 A5 03 01 31 05 E6 3D 77 00 00 D4 6F 31 (58)
                              [N3:X] MOTOR_I 0 0 (0)
                              [N3:X] [undefined] 61 119 0 0 (1031208960)
                              [N3:X] MOTOR_I 0 0 (0)
                              [N3:X] [undefined] 61 119 0 0 (1031208960)
2026-03-20 18:59:08:446 [IN ] C8 24 03 18 25 A5 03 01 31 03 CF 00 00 07 89 25 A5 03 01 31 05 E6 3D 77 00 00 D4 6F 00 C8 24 03 18 25 A5 03 01 31 03 CF 00 00 07 89 25 A5 03 01 31 05 E6 3D 77 00 00 D4 6F 00 (58)
                              [N3:X] MOTOR_I 0 0 (0)
                              [N3:X] [undefined] 61 119 0 0 (1031208960)
                              [N3:X] MOTOR_I 0 0 (0)
                              [N3:X] [undefined] 61 119 0 0 (1031208960)
2026-03-20 18:59:08:647 [IN ] C8 24 03 18 25 A5 03 01 31 03 CF 00 00 07 89 25 A5 03 01 31 05 E6 3D 77 00 00 D4 6F 00 C8 24 03 18 25 A5 03 01 31 03 CF 00 00 07 89 25 A5 03 01 31 05 E6 3D 77 00 00 D4 6F 00 (58)
                              [N3:X] MOTOR_I 0 0 (0)
                              [N3:X] [undefined] 61 119 0 0 (1031208960)
                              [N3:X] MOTOR_I 0 0 (0)
                              [N3:X] [undefined] 61 119 0 0 (1031208960)
2026-03-20 18:59:08:852 [IN ] C8 24 07 0B 25 A5 07 01 31 03 81 5A 4C 63 BB 25 C8 24 03 18 25 A5 03 01 31 03 CF 00 00 07 89 25 A5 03 01 31 05 E6 3D 77 00 00 D4 6F 00 C8 24 07 0A 25 A5 07 01 31 02 81 49 05 44 89 C8 24 03 18 
25 A5 03 01 31 03 CF 00 00 07 89 25 A5 03 01 31 05 E6 3D 77 00 00 D4 6F 00 (89)
                              [N7:N] TPOS 'Z' 76 (76)
                              [N3:X] MOTOR_I 0 0 (0)
                              [N3:X] [undefined] 61 119 0 0 (1031208960)
                              [N7:N] TPOS 'I'
                              [N3:X] MOTOR_I 0 0 (0)
                              [N3:X] [undefined] 61 119 0 0 (1031208960)
2026-03-20 18:59:09:054 [IN ] C8 24 03 18 25 A5 03 01 31 03 CF 00 00 07 89 25 A5 03 01 31 05 E6 3D 77 00 00 D4 6F 00 C8 24 03 18 25 A5 03 01 31 03 CF 00 00 07 89 25 A5 03 01 31 05 E6 3D 77 00 00 D4 6F 00 (58)
                              [N3:X] MOTOR_I 0 0 (0)
                              [N3:X] [undefined] 61 119 0 0 (1031208960)
                              [N3:X] MOTOR_I 0 0 (0)
                              [N3:X] [undefined] 61 119 0 0 (1031208960)
2026-03-20 18:59:09:075 [OUT] 25 A5 01 07 31 03 C9 3D 09 4B 10 (11)
                              [N7:N] LFLAG '=' 9 (9)
2026-03-20 18:59:09:117 [IN ] C8 24 03 18 25 A5 03 01 31 03 CF 00 00 07 89 25 A5 03 01 31 05 E6 3D 77 00 00 D4 6F 00 (29)
                              [N3:X] MOTOR_I 0 0 (0)
                              [N3:X] [undefined] 61 119 0 0 (1031208960)
2026-03-20 18:59:09:220 [IN ] C8 24 03 18 25 A5 03 01 31 03 CF 00 00 07 89 25 A5 03 01 31 05 E6 3D 77 00 00 D4 6F 00 (29)
                              [N3:X] MOTOR_I 0 0 (0)
                              [N3:X] [undefined] 61 119 0 0 (1031208960)
2026-03-20 18:59:09:242 [IN ] C8 24 07 0B 25 A5 07 01 31 03 C9 3A 09 48 10 25 (16)
                              [N7:N] LFLAG ':' 9 (9)
2026-03-20 18:59:09:444 [IN ] C8 24 03 0E 25 A5 03 01 31 03 CF 00 00 07 89 25 A5 03 01 C8 24 03 0A 01 31 05 E6 3D 77 00 00 D4 6F 89 C8 24 03 18 25 A5 03 01 31 03 CF 00 00 07 89 25 A5 03 01 31 05 E6 3D 77 00 00 D4 6F 00 (63)
                              [N3:X] MOTOR_I 0 0 (0)
                              [N3:X] [undefined] 61 119 0 0 (1031208960)
                              [N3:X] MOTOR_I 0 0 (0)
                              [N3:X] [undefined] 61 119 0 0 (1031208960)
2026-03-20 18:59:09:645 [IN ] C8 24 03 18 25 A5 03 01 31 03 CF 00 00 07 89 25 A5 03 01 31 05 E6 3D 77 00 00 D4 6F 00 C8 24 03 18 25 A5 03 01 31 03 CF 00 00 07 89 25 A5 03 01 31 05 E6 3D 77 00 00 D4 6F 00 (58)
                              [N3:X] MOTOR_I 0 0 (0)
                              [N3:X] [undefined] 61 119 0 0 (1031208960)
                              [N3:X] MOTOR_I 0 0 (0)
                              [N3:X] [undefined] 61 119 0 0 (1031208960)
2026-03-20 18:59:09:847 [IN ] C8 24 03 18 25 A5 03 01 31 03 CF 00 00 07 89 25 A5 03 01 31 05 E6 3D 77 00 00 D4 6F 00 C8 24 03 18 25 A5 03 01 31 03 CF 00 00 07 89 25 A5 03 01 31 05 E6 3D 77 00 00 D4 6F 00 (58)
                              [N3:X] MOTOR_I 0 0 (0)
                              [N3:X] [undefined] 61 119 0 0 (1031208960)
                              [N3:X] MOTOR_I 0 0 (0)
                              [N3:X] [undefined] 61 119 0 0 (1031208960)
2026-03-20 18:59:10:048 [IN ] C8 24 03 18 25 A5 03 01 31 03 CF 00 00 07 89 25 A5 03 01 31 05 E6 3D 77 00 00 D4 6F 00 C8 24 03 18 25 A5 03 01 31 03 CF 00 00 07 89 25 A5 03 01 31 05 E6 3D 77 00 00 D4 6F 00 (58)
                              [N3:X] MOTOR_I 0 0 (0)
                              [N3:X] [undefined] 61 119 0 0 (1031208960)
                              [N3:X] MOTOR_I 0 0 (0)
                              [N3:X] [undefined] 61 119 0 0 (1031208960)
2026-03-20 18:59:10:249 [IN ] C8 24 03 18 25 A5 03 01 31 03 CF 00 00 07 89 25 A5 03 01 31 05 E6 3D 77 00 00 D4 6F 00 C8 24 03 18 25 A5 03 01 31 03 CF 00 00 07 89 25 A5 03 01 31 05 E6 3D 77 00 00 D4 6F 00 (58)
                              [N3:X] MOTOR_I 0 0 (0)
                              [N3:X] [undefined] 61 119 0 0 (1031208960)
                              [N3:X] MOTOR_I 0 0 (0)
                              [N3:X] [undefined] 61 119 0 0 (1031208960)
2026-03-20 18:59:10:450 [IN ] C8 24 03 18 25 A5 03 01 31 03 CF 00 00 07 89 25 A5 03 01 31 05 E6 3D 77 00 00 D4 6F 00 C8 24 03 18 25 A5 03 01 31 03 CF 00 00 07 89 25 A5 03 01 31 05 E6 3D 77 00 00 D4 6F 00 (58)
                              [N3:X] MOTOR_I 0 0 (0)
                              [N3:X] [undefined] 61 119 0 0 (1031208960)
                              [N3:X] MOTOR_I 0 0 (0)
                              [N3:X] [undefined] 61 119 0 0 (1031208960)
2026-03-20 18:59:10:651 [IN ] C8 24 03 18 25 A5 03 01 31 03 CF 00 00 07 89 25 A5 03 01 31 05 E6 3D 77 00 00 D4 6F 00 C8 24 03 15 25 A5 03 01 31 03 CF 00 00 07 89 25 A5 03 01 31 05 E6 3D 77 00 00 (55)
                              [N3:X] MOTOR_I 0 0 (0)
                              [N3:X] [undefined] 61 119 0 0 (1031208960)
                              [N3:X] MOTOR_I 0 0 (0)
2026-03-20 18:59:10:853 [IN ] C8 24 03 1B 00 D4 6F 25 A5 03 01 31 03 CF 00 00 07 89 25 A5 03 01 31 05 E6 3D 77 00 00 D4 6F 31 C8 24 03 18 25 A5 03 01 31 03 CF 00 00 07 89 25 A5 03 01 31 05 E6 3D 77 00 00 D4 6F 00 (61)
                              [N3:X] [undefined] 61 119 0 0 (1031208960)
                              [N3:X] MOTOR_I 0 0 (0)
                              [N3:X] [undefined] 61 119 0 0 (1031208960)
                              [N3:X] MOTOR_I 0 0 (0)
                              [N3:X] [undefined] 61 119 0 0 (1031208960)
2026-03-20 18:59:11:054 [IN ] C8 24 03 18 25 A5 03 01 31 03 CF 00 00 07 89 25 A5 03 01 31 05 E6 3D 77 00 00 D4 6F 00 C8 24 03 18 25 A5 03 01 31 03 CF 00 00 07 89 25 A5 03 01 31 05 E6 3D 77 00 00 D4 6F 00 (58)
                              [N3:X] MOTOR_I 0 0 (0)
                              [N3:X] [undefined] 61 119 0 0 (1031208960)
                              [N3:X] MOTOR_I 0 0 (0)
                              [N3:X] [undefined] 61 119 0 0 (1031208960)
2026-03-20 18:59:11:256 [IN ] C8 24 03 18 25 A5 03 01 31 03 CF 00 00 07 89 25 A5 03 01 31 05 E6 3D 77 00 00 D4 6F 00 C8 24 03 18 25 A5 03 01 31 03 CF 00 00 07 89 25 A5 03 01 31 05 E6 3D 77 00 00 D4 6F 00 (58)
                              [N3:X] MOTOR_I 0 0 (0)
                              [N3:X] [undefined] 61 119 0 0 (1031208960)
                              [N3:X] MOTOR_I 0 0 (0)
                              [N3:X] [undefined] 61 119 0 0 (1031208960)
2026-03-20 18:59:11:459 [IN ] C8 24 03 18 25 A5 03 01 31 03 CF 00 00 07 89 25 A5 03 01 31 05 E6 3D 77 00 00 D4 6F 00 C8 24 03 18 25 A5 03 01 31 03 CF 00 00 07 89 25 A5 03 01 31 05 E6 3D 77 00 00 D4 6F 00 (58)
                              [N3:X] MOTOR_I 0 0 (0)
                              [N3:X] [undefined] 61 119 0 0 (1031208960)
                              [N3:X] MOTOR_I 0 0 (0)
                              [N3:X] [undefined] 61 119 0 0 (1031208960)
2026-03-20 18:59:11:660 [IN ] C8 24 04 0E 25 A5 04 01 31 06 81 45 FF EE 85 CF 43 E1 01 C8 24 03 18 25 A5 03 01 31 03 CF 00 00 07 89 25 A5 03 01 31 05 E6 3D 77 00 00 D4 6F 00 C8 24 03 18 25 A5 03 01 31 03 CF 00 00 07 89 25 
A5 03 01 31 05 E6 3D 77 00 00 D4 6F 00 (77)
                              [N4:Y] TPOS 'E' 255 238 133 207 (-1145393)
                              [N3:X] MOTOR_I 0 0 (0)
                              [N3:X] [undefined] 61 119 0 0 (1031208960)
                              [N3:X] MOTOR_I 0 0 (0)
                              [N3:X] [undefined] 61 119 0 0 (1031208960)
2026-03-20 18:59:11:862 [IN ] C8 24 03 18 25 A5 03 01 31 03 CF 00 00 07 89 25 A5 03 01 31 05 E6 3D 77 00 00 D4 6F 00 C8 24 03 0E 25 A5 03 01 31 03 CF 00 00 07 89 25 A5 03 01 C8 24 03 0A 01 31 05 E6 3D 77 00 00 D4 6F 89 (63)
                              [N3:X] MOTOR_I 0 0 (0)
                              [N3:X] [undefined] 61 119 0 0 (1031208960)
                              [N3:X] MOTOR_I 0 0 (0)
                              [N3:X] [undefined] 61 119 0 0 (1031208960)
2026-03-20 18:59:11:883 [OUT] 25 A5 01 09 31 05 81 FF E7 5D 56 5A 0C (13)
                              [N9:P] TPOS 255 231 93 86 (-1614506)
2026-03-20 18:59:11:905 [OUT] 25 A5 01 04 31 05 81 FF FD 50 01 09 B7 (13)
                              [N4:Y] TPOS 255 253 80 1 (-176127)
2026-03-20 18:59:11:927 [OUT] 25 A5 01 07 31 05 81 FF AB 19 75 F7 DF (13)
                              [N7:N] TPOS 255 171 25 117 (-5564043)
2026-03-20 18:59:11:930 [IN ] C8 24 03 15 25 A5 03 01 31 03 CF 00 00 07 89 25 A5 03 01 31 05 E6 3D 77 00 00 (26)
                              [N3:X] MOTOR_I 0 0 (0)
2026-03-20 18:59:11:950 [OUT] 25 A5 01 03 31 05 81 FF EC 4A AB 9B 1A (13)
                              [N3:X] TPOS 255 236 74 171 (-1291605)
2026-03-20 18:59:11:972 [OUT] 25 A5 01 06 31 02 D8 3F 51 DD (10)
                              [N6:H] INTERRUPT '?'
2026-03-20 18:59:12:274 [IN ] C8 24 03 1B 00 D4 6F 25 A5 03 01 31 03 CF 00 00 07 89 25 A5 03 01 31 05 E6 3D 77 00 00 D4 6F 31 C8 24 09 0E 25 A5 09 01 31 06 81 53 FF FF FF FA 0C AB 25 C8 24 03 18 25 A5 03 01 31 03 CF 00 00 
07 89 25 A5 03 01 31 05 E6 3D 77 00 00 D4 6F 00 C8 24 04 0E 25 A5 04 01 31 06 81 53 FF EE 85 CF 51 27 01 C8 24 03 18 25 A5 03 01 31 03 CF 00 00 07 89 25 A5 03 01 31 05 E6 3D 77 00 00 D4 6F 00 (128)
                              [N3:X] [undefined] 61 119 0 0 (1031208960)
                              [N3:X] MOTOR_I 0 0 (0)
                              [N3:X] [undefined] 61 119 0 0 (1031208960)
                              [N9:P] TPOS 'S' 255 255 255 250 (-6)
                              [N3:X] MOTOR_I 0 0 (0)
                              [N3:X] [undefined] 61 119 0 0 (1031208960)
                              [N4:Y] TPOS 'S' 255 238 133 207 (-1145393)
                              [N3:X] MOTOR_I 0 0 (0)
                              [N3:X] [undefined] 61 119 0 0 (1031208960)
2026-03-20 18:59:12:575 [IN ] C8 24 03 18 25 A5 03 01 31 03 CF 00 00 07 89 25 A5 03 01 31 05 E6 3D 77 00 00 D4 6F 00 C8 24 07 0E 25 A5 07 01 31 06 81 53 FF FF FF F9 09 96 01 C8 24 03 18 25 A5 03 01 31 03 CF 00 00 07 89 25 
A5 03 01 31 05 E6 3D 77 00 00 D4 6F 00 C8 24 03 0E 25 A5 03 01 31 06 81 53 00 00 00 00 0F 7E 01 C8 24 03 18 25 A5 03 01 31 03 CF 00 0A 11 93 25 A5 03 01 31 05 E6 3D 77 FF B0 83 1D 00 C8 24 06 
0C 25 A5 06 01 31 04 D8 3A 01 01 50 82 A5 (142)
                              [N3:X] MOTOR_I 0 0 (0)
                              [N3:X] [undefined] 61 119 0 0 (1031208960)
                              [N7:N] TPOS 'S' 255 255 255 249 (-7)
                              [N3:X] MOTOR_I 0 0 (0)
                              [N3:X] [undefined] 61 119 0 0 (1031208960)
                              [N3:X] TPOS 'S' 0 0 0 0 (0)
                              [N3:X] MOTOR_I 0 10 (10)
                              [N3:X] [undefined] 61 119 255 176 (1031274416)
                              [N6:H] INTERRUPT ':' 1 1 (257)
2026-03-20 18:59:12:596 [OUT] 25 A5 01 06 31 03 C9 3D 0B 4C 0C (11)
                              [N6:H] LFLAG '=' 11 (11)
2026-03-20 18:59:12:639 [IN ] C8 24 03 18 25 A5 03 01 31 03 CF 00 06 0D 8F 25 A5 03 01 31 05 E6 3D 77 FF B0 83 1D 00 (29)
                              [N3:X] MOTOR_I 0 6 (6)
                              [N3:X] [undefined] 61 119 255 176 (1031274416)
2026-03-20 18:59:12:742 [IN ] C8 24 03 18 25 A5 03 01 31 03 CF 00 08 0F 91 25 A5 03 01 31 05 E6 3D 77 FF B0 83 1D 00 (29)
                              [N3:X] MOTOR_I 0 8 (8)
                              [N3:X] [undefined] 61 119 255 176 (1031274416)
2026-03-20 18:59:12:764 [IN ] C8 24 06 0B 25 A5 06 01 31 03 C9 3A 0B 49 0B 25 (16)
                              [N6:H] LFLAG ':' 11 (11)
2026-03-20 18:59:12:786 [OUT] 25 A5 01 06 31 03 88 FF B0 72 72 (11)
                              [N6:H] RUN 255 176 (-80)
2026-03-20 18:59:12:849 [IN ] C8 24 03 18 25 A5 03 01 31 03 CF 00 06 0D 8F 25 A5 03 01 31 05 E6 3D 77 FF B0 83 1D 00 (29)
                              [N3:X] MOTOR_I 0 6 (6)
                              [N3:X] [undefined] 61 119 255 176 (1031274416)
2026-03-20 18:59:12:932 [IN ] C8 24 (2)
2026-03-20 18:59:12:954 [IN ] 03 18 25 A5 03 01 31 03 CF 00 0D 14 96 25 A5 03 01 31 05 E6 3D 77 FF B0 83 1D 00 C8 24 06 0C 25 A5 06 01 31 04 88 53 FF B0 C6 38 A5 (44)
                              [N3:X] MOTOR_I 0 13 (13)
                              [N3:X] [undefined] 61 119 255 176 (1031274416)
                              [N6:H] RUN 'S' 255 176 (-80)
2026-03-20 18:59:13:156 [IN ] C8 24 03 18 25 A5 03 01 31 03 CF 00 0C 13 95 25 A5 03 01 31 05 E6 3D 77 FF B0 83 1D 00 C8 24 0C 0B 25 A5 0C 01 31 03 81 5A 4C 68 DE 25 C8 24 03 0E 25 A5 03 01 31 03 CF 00 03 0A 8C 25 A5 03 01 
C8 24 03 0A 01 31 05 E6 3D 77 FF B0 83 1D 8C C8 24 0C 0A 25 A5 0C 01 31 02 81 49 0A 62 8C (94)
                              [N3:X] MOTOR_I 0 12 (12)
                              [N3:X] [undefined] 61 119 255 176 (1031274416)
                              [N12:Z] TPOS 'Z' 76 (76)
                              [N3:X] MOTOR_I 0 3 (3)
                              [N3:X] [undefined] 61 119 255 176 (1031274416)
                              [N12:Z] TPOS 'I'
2026-03-20 18:59:13:358 [IN ] C8 24 03 15 25 A5 03 01 31 03 CF 00 07 0E 90 25 A5 03 01 31 05 E6 3D 77 FF B0 C8 24 03 1B B0 83 1D 25 A5 03 01 31 03 CF 00 05 0C 8E 25 A5 03 01 31 05 E6 3D 77 FF B0 83 1D 31 (58)
                              [N3:X] MOTOR_I 0 7 (7)
                              [N3:X] [undefined] 61 119 255 176 (1031274416)
                              [N3:X] MOTOR_I 0 5 (5)
                              [N3:X] [undefined] 61 119 255 176 (1031274416)
2026-03-20 18:59:13:380 [OUT] 25 A5 01 0C 31 03 C9 3D 09 50 2E (11)
                              [N12:Z] LFLAG '=' 9 (9)
2026-03-20 18:59:13:422 [IN ] C8 24 03 18 25 A5 03 01 31 03 CF 00 08 0F 91 25 A5 03 01 31 05 E6 3D (23)
2026-03-20 18:59:13:444 [IN ] 77 FF B0 83 1D B0 (6)
                              [N3:X] MOTOR_I 0 8 (8)
                              [N3:X] [undefined] 61 119 255 176 (1031274416)
2026-03-20 18:59:13:547 [IN ] C8 24 03 18 25 A5 03 01 31 03 CF 00 0B 12 94 25 A5 03 01 31 05 E6 3D 77 FF B0 83 1D B0 C8 24 0C 0B 25 A5 0C 01 31 03 C9 3A 09 4D 33 25 (45)
                              [N3:X] MOTOR_I 0 11 (11)
                              [N3:X] [undefined] 61 119 255 176 (1031274416)
                              [N12:Z] LFLAG ':' 9 (9)
2026-03-20 18:59:13:569 [OUT] 25 A5 01 0C 31 05 81 FF BC D0 00 4F 33 (13)
                              [N12:Z] TPOS 255 188 208 0 (-4403200)
2026-03-20 18:59:13:631 [IN ] C8 24 03 18 25 A5 03 01 31 03 CF 00 10 17 99 25 A5 03 01 31 05 E6 3D 77 FF B0 83 1D B0 (29)
                              [N3:X] MOTOR_I 0 16 (16)
                              [N3:X] [undefined] 61 119 255 176 (1031274416)
2026-03-20 18:59:13:756 [IN ] C8 24 03 18 25 A5 03 01 31 03 CF 00 0F 16 98 25 A5 03 01 31 05 E6 3D 77 FF B0 83 1D B0 C8 24 0C 0E 25 A5 0C 01 31 06 81 53 FF FF FF 6D 82 3C 01 (48)
                              [N3:X] MOTOR_I 0 15 (15)
                              [N3:X] [undefined] 61 119 255 176 (1031274416)
                              [N12:Z] TPOS 'S' 255 255 255 109 (-147)
2026-03-20 18:59:13:958 [IN ] C8 24 03 18 25 A5 03 01 31 03 CF 00 06 0D 8F 25 A5 03 01 31 05 E6 3D 77 FF B0 83 1D B0 C8 24 03 18 25 A5 03 01 31 03 CF 00 06 0D 8F 25 A5 03 01 31 05 E6 3D 77 FF B0 83 1D B0 (58)
                              [N3:X] MOTOR_I 0 6 (6)
                              [N3:X] [undefined] 61 119 255 176 (1031274416)
                              [N3:X] MOTOR_I 0 6 (6)
                              [N3:X] [undefined] 61 119 255 176 (1031274416)
2026-03-20 18:59:14:160 [IN ] C8 24 03 18 25 A5 03 01 31 03 CF 00 0E 15 97 25 A5 03 01 31 05 E6 3D 77 FF B0 83 1D B0 C8 24 03 18 25 A5 03 01 31 03 CF 00 0E 15 97 25 A5 03 01 31 05 E6 3D 77 FF B0 83 1D B0 (58)
                              [N3:X] MOTOR_I 0 14 (14)
                              [N3:X] [undefined] 61 119 255 176 (1031274416)
                              [N3:X] MOTOR_I 0 14 (14)
                              [N3:X] [undefined] 61 119 255 176 (1031274416)
2026-03-20 18:59:14:361 [IN ] C8 24 03 18 25 A5 03 01 31 03 CF 00 0F 16 98 25 A5 03 01 31 05 E6 3D 77 FF B0 83 1D B0 C8 24 03 18 25 A5 03 01 31 03 CF 00 07 0E 90 25 A5 03 01 31 05 E6 3D 77 FF B0 83 1D B0 (58)
                              [N3:X] MOTOR_I 0 15 (15)
                              [N3:X] [undefined] 61 119 255 176 (1031274416)
                              [N3:X] MOTOR_I 0 7 (7)
                              [N3:X] [undefined] 61 119 255 176 (1031274416)
2026-03-20 18:59:14:562 [IN ] C8 24 03 0E 25 A5 03 01 31 03 CF 00 0A 11 93 25 A5 03 01 C8 24 03 0A 01 31 05 E6 3D 77 FF B0 83 1D 93 C8 24 03 18 25 A5 03 01 31 03 CF 00 09 10 92 25 A5 03 01 31 05 E6 3D 77 FF B0 83 1D B0 (63)
                              [N3:X] MOTOR_I 0 10 (10)
                              [N3:X] [undefined] 61 119 255 176 (1031274416)
                              [N3:X] MOTOR_I 0 9 (9)
                              [N3:X] [undefined] 61 119 255 176 (1031274416)
2026-03-20 18:59:14:765 [IN ] C8 24 03 18 25 A5 03 01 31 03 CF 00 05 0C 8E 25 A5 03 01 31 05 E6 3D 77 FF B0 83 1D B0 C8 24 03 18 25 A5 03 01 31 03 CF 00 06 0D 8F 25 A5 03 01 31 05 E6 3D 77 FF B0 83 1D B0 (58)
                              [N3:X] MOTOR_I 0 5 (5)
                              [N3:X] [undefined] 61 119 255 176 (1031274416)
                              [N3:X] MOTOR_I 0 6 (6)
                              [N3:X] [undefined] 61 119 255 176 (1031274416)
2026-03-20 18:59:14:969 [IN ] C8 24 03 18 25 A5 03 01 31 03 CF 00 0A 11 93 25 A5 03 01 31 05 E6 3D 77 FF B0 83 1D B0 C8 24 03 18 25 A5 03 01 31 03 CF 00 0C 13 95 25 A5 03 01 31 05 E6 3D 77 FF B0 83 1D B0 (58)
                              [N3:X] MOTOR_I 0 10 (10)
                              [N3:X] [undefined] 61 119 255 176 (1031274416)
                              [N3:X] MOTOR_I 0 12 (12)
                              [N3:X] [undefined] 61 119 255 176 (1031274416)
2026-03-20 18:59:15:170 [IN ] C8 24 03 18 25 A5 03 01 31 03 CF 00 0D 14 96 25 A5 03 01 31 05 E6 3D 77 FF B0 83 1D B0 C8 24 03 18 25 A5 03 01 31 03 CF 00 08 0F 91 25 A5 03 01 31 05 E6 3D 77 FF B0 83 1D B0 (58)
                              [N3:X] MOTOR_I 0 13 (13)
                              [N3:X] [undefined] 61 119 255 176 (1031274416)
                              [N3:X] MOTOR_I 0 8 (8)
                              [N3:X] [undefined] 61 119 255 176 (1031274416)
2026-03-20 18:59:15:372 [IN ] C8 24 03 18 25 A5 03 01 31 03 CF 00 1B 22 A4 25 A5 03 01 31 05 E6 3D 77 FF B0 83 1D B0 C8 24 03 18 25 A5 03 01 31 03 CF 00 13 1A 9C 25 A5 03 01 31 05 E6 3D 77 FF B0 83 1D B0 (58)
                              [N3:X] MOTOR_I 0 27 (27)
                              [N3:X] [undefined] 61 119 255 176 (1031274416)
                              [N3:X] MOTOR_I 0 19 (19)
                              [N3:X] [undefined] 61 119 255 176 (1031274416)
2026-03-20 18:59:15:574 [IN ] C8 24 03 18 25 A5 03 01 31 03 CF 00 06 0D 8F 25 A5 03 01 31 05 E6 3D 77 FF B0 83 1D B0 C8 24 03 18 25 A5 03 01 31 03 CF 00 07 0E 90 25 A5 03 01 31 05 E6 3D 77 FF B0 83 1D B0 (58)
                              [N3:X] MOTOR_I 0 6 (6)
                              [N3:X] [undefined] 61 119 255 176 (1031274416)
                              [N3:X] MOTOR_I 0 7 (7)
                              [N3:X] [undefined] 61 119 255 176 (1031274416)
2026-03-20 18:59:15:776 [IN ] C8 24 03 18 25 A5 03 01 31 03 CF 00 0C 13 95 25 A5 03 01 31 05 E6 3D 77 FF B0 83 1D B0 C8 24 03 15 25 A5 03 01 31 03 CF 00 10 17 99 25 A5 03 01 31 05 E6 3D 77 FF B0 (55)
                              [N3:X] MOTOR_I 0 12 (12)
                              [N3:X] [undefined] 61 119 255 176 (1031274416)
                              [N3:X] MOTOR_I 0 16 (16)
2026-03-20 18:59:15:977 [IN ] C8 24 03 1B B0 83 1D 25 A5 03 01 31 03 CF 00 1B 22 A4 25 A5 03 01 31 05 E6 3D 77 FF B0 83 1D 31 C8 24 03 18 25 A5 03 01 31 03 CF 00 08 0F 91 25 A5 03 01 31 05 E6 3D 77 FF B0 83 1D B0 (61)
                              [N3:X] [undefined] 61 119 255 176 (1031274416)
                              [N3:X] MOTOR_I 0 27 (27)
                              [N3:X] [undefined] 61 119 255 176 (1031274416)
                              [N3:X] MOTOR_I 0 8 (8)
                              [N3:X] [undefined] 61 119 255 176 (1031274416)
2026-03-20 18:59:16:179 [IN ] C8 24 03 18 25 A5 03 01 31 03 CF 00 0E 15 97 25 A5 03 01 31 05 E6 3D 77 FF B0 83 1D B0 C8 24 03 18 25 A5 03 01 31 03 CF 00 0D 14 96 25 A5 03 01 31 05 E6 3D 77 FF B0 83 1D B0 (58)
                              [N3:X] MOTOR_I 0 14 (14)
                              [N3:X] [undefined] 61 119 255 176 (1031274416)
                              [N3:X] MOTOR_I 0 13 (13)
                              [N3:X] [undefined] 61 119 255 176 (1031274416)
2026-03-20 18:59:16:379 [IN ] C8 24 03 18 25 A5 03 01 31 03 CF 00 0D 14 96 25 A5 03 01 31 05 E6 3D 77 FF B0 83 1D B0 C8 24 03 18 25 A5 03 01 31 03 CF 00 0B 12 94 25 A5 03 01 31 05 E6 3D 77 FF B0 83 1D B0 (58)
                              [N3:X] MOTOR_I 0 13 (13)
                              [N3:X] [undefined] 61 119 255 176 (1031274416)
                              [N3:X] MOTOR_I 0 11 (11)
                              [N3:X] [undefined] 61 119 255 176 (1031274416)
2026-03-20 18:59:16:581 [IN ] C8 24 03 18 25 A5 03 01 31 03 CF 00 15 1C 9E 25 A5 03 01 31 05 E6 3D 77 FF B0 83 1D B0 C8 24 03 18 25 A5 03 01 31 03 CF 00 0A 11 93 25 A5 03 01 31 05 E6 3D 77 FF B0 83 1D B0 (58)
                              [N3:X] MOTOR_I 0 21 (21)
                              [N3:X] [undefined] 61 119 255 176 (1031274416)
                              [N3:X] MOTOR_I 0 10 (10)
                              [N3:X] [undefined] 61 119 255 176 (1031274416)
2026-03-20 18:59:16:783 [IN ] C8 24 03 18 25 A5 03 01 31 03 CF 00 16 1D 9F 25 A5 03 01 31 05 E6 3D 77 FF B0 83 1D B0 C8 24 03 18 25 A5 03 01 31 03 CF 00 11 18 9A 25 A5 03 01 31 05 E6 3D 77 FF B0 83 1D B0 (58)
                              [N3:X] MOTOR_I 0 22 (22)
                              [N3:X] [undefined] 61 119 255 176 (1031274416)
                              [N3:X] MOTOR_I 0 17 (17)
                              [N3:X] [undefined] 61 119 255 176 (1031274416)
2026-03-20 18:59:16:986 [IN ] C8 24 06 0B 25 A5 06 01 31 03 81 5A 4C 62 B4 25 C8 24 06 0A 25 A5 06 01 31 02 81 49 04 3E B4 C8 24 03 18 25 A5 03 01 31 03 CF 00 09 10 92 25 A5 03 01 31 05 E6 3D 77 FF B0 83 1D B0 C8 24 03 0E 
25 A5 03 01 31 03 CF 00 0D 14 96 25 A5 03 01 C8 24 03 0A 01 31 05 E6 3D 77 FF B0 83 1D 96 (94)
                              [N6:H] TPOS 'Z' 76 (76)
                              [N6:H] TPOS 'I'
                              [N3:X] MOTOR_I 0 9 (9)
                              [N3:X] [undefined] 61 119 255 176 (1031274416)
                              [N3:X] MOTOR_I 0 13 (13)
                              [N3:X] [undefined] 61 119 255 176 (1031274416)
2026-03-20 18:59:17:188 [IN ] C8 24 03 15 25 A5 03 01 31 03 CF 00 18 1F A1 25 A5 03 01 31 05 E6 3D 77 FF B0 C8 24 03 1B B0 83 1D 25 A5 03 01 31 03 CF 00 0F 16 98 25 A5 03 01 31 05 E6 3D 77 FF B0 83 1D 31 (58)
                              [N3:X] MOTOR_I 0 24 (24)
                              [N3:X] [undefined] 61 119 255 176 (1031274416)
                              [N3:X] MOTOR_I 0 15 (15)
                              [N3:X] [undefined] 61 119 255 176 (1031274416)
2026-03-20 18:59:17:209 [OUT] 25 A5 01 06 31 03 C9 3D 09 4A 0A (11)
                              [N6:H] LFLAG '=' 9 (9)
2026-03-20 18:59:17:272 [IN ] C8 24 03 18 25 A5 03 01 31 03 CF 00 08 0F 91 25 A5 03 01 31 05 E6 3D 77 FF B0 83 1D B0 (29)
                              [N3:X] MOTOR_I 0 8 (8)
                              [N3:X] [undefined] 61 119 255 176 (1031274416)
2026-03-20 18:59:17:356 [IN ] C8 24 03 18 25 A5 03 01 31 03 CF 00 (12)
2026-03-20 18:59:17:376 [IN ] 0F 16 98 25 A5 03 01 31 05 E6 3D 77 FF B0 83 1D B0 C8 24 06 0B 25 A5 06 01 31 03 C9 3A 09 47 09 25 (33)
                              [N3:X] MOTOR_I 0 15 (15)
                              [N3:X] [undefined] 61 119 255 176 (1031274416)
                              [N6:H] LFLAG ':' 9 (9)
2026-03-20 18:59:17:398 [OUT] 25 A5 01 06 31 03 84 00 50 0F 08 (11)
                              [N6:H] VEL 0 80 (80)
2026-03-20 18:59:17:483 [IN ] C8 24 03 18 25 A5 03 01 31 03 CF 00 0A 11 93 25 A5 03 01 31 05 E6 3D 77 FF B0 83 1D B0 (29)
                              [N3:X] MOTOR_I 0 10 (10)
                              [N3:X] [undefined] 61 119 255 176 (1031274416)
2026-03-20 18:59:17:567 [IN ] C8 24 03 18 25 A5 03 01 31 03 CF 00 14 1B 9D 25 A5 03 01 31 05 E6 3D 77 FF B0 83 1D B0 C8 24 06 0C 25 A5 06 01 31 04 84 53 00 50 63 CA A5 (46)
                              [N3:X] MOTOR_I 0 20 (20)
                              [N3:X] [undefined] 61 119 255 176 (1031274416)
                              [N6:H] VEL 'S' 0 80 (80)
2026-03-20 18:59:17:590 [OUT] 25 A5 01 06 31 05 81 00 19 82 3C 95 BE (13)
                              [N6:H] TPOS 0 25 130 60 (1671740)
2026-03-20 18:59:17:673 [IN ] C8 24 03 18 25 A5 03 01 31 03 CF 00 0D 14 96 25 A5 03 01 31 05 E6 3D 77 FF B0 83 1D B0 (29)
                              [N3:X] MOTOR_I 0 13 (13)
                              [N3:X] [undefined] 61 119 255 176 (1031274416)
2026-03-20 18:59:17:776 [IN ] C8 24 03 18 25 A5 03 01 31 03 CF 00 08 0F 91 25 A5 03 01 31 05 E6 3D 77 FF B0 83 1D B0 C8 24 06 0E 25 A5 06 01 31 06 81 53 00 00 00 00 12 9C 01 (48)
                              [N3:X] MOTOR_I 0 8 (8)
                              [N3:X] [undefined] 61 119 255 176 (1031274416)
                              [N6:H] TPOS 'S' 0 0 0 0 (0)
2026-03-20 18:59:17:977 [IN ] C8 24 03 18 25 A5 03 01 31 03 CF 00 0A 11 93 25 A5 03 01 31 05 E6 3D 77 FF B0 83 1D B0 C8 24 03 18 25 A5 03 01 31 03 CF 00 18 1F A1 25 A5 03 01 31 05 E6 3D 77 FF B0 83 1D B0 (58)
                              [N3:X] MOTOR_I 0 10 (10)
                              [N3:X] [undefined] 61 119 255 176 (1031274416)
                              [N3:X] MOTOR_I 0 24 (24)
                              [N3:X] [undefined] 61 119 255 176 (1031274416)
2026-03-20 18:59:18:179 [IN ] C8 24 03 18 25 A5 03 01 31 03 CF 00 23 2A AC 25 A5 03 01 31 05 E6 3D 77 FF B0 83 1D B0 (29)
                              [N3:X] MOTOR_I 0 35 (35)
                              [N3:X] [undefined] 61 119 255 176 (1031274416)
2026-03-20 18:59:18:380 [IN ] C8 24 03 18 25 A5 03 01 31 03 CF 00 0A 11 93 25 A5 03 01 31 05 E6 3D 77 FF B0 83 1D B0 C8 24 03 0E 25 A5 03 01 31 03 CF 00 0B 12 94 25 A5 03 01 C8 24 03 0A 01 31 05 E6 3D 77 FF B0 83 1D 94 C8 
24 03 18 25 A5 03 01 31 03 CF 00 13 1A 9C 25 A5 03 01 31 05 E6 3D 77 FF B0 83 1D B0 (92)
                              [N3:X] MOTOR_I 0 10 (10)
                              [N3:X] [undefined] 61 119 255 176 (1031274416)
                              [N3:X] MOTOR_I 0 11 (11)
                              [N3:X] [undefined] 61 119 255 176 (1031274416)
                              [N3:X] MOTOR_I 0 19 (19)
                              [N3:X] [undefined] 61 119 255 176 (1031274416)
2026-03-20 18:59:18:581 [IN ] C8 24 03 18 25 A5 03 01 31 03 CF 00 12 19 9B 25 A5 03 01 31 05 E6 3D 77 FF B0 83 1D B0 C8 24 03 18 25 A5 03 01 31 03 CF 00 1B 22 A4 25 A5 03 01 31 05 E6 3D 77 FF B0 83 1D B0 (58)
                              [N3:X] MOTOR_I 0 18 (18)
                              [N3:X] [undefined] 61 119 255 176 (1031274416)
                              [N3:X] MOTOR_I 0 27 (27)
                              [N3:X] [undefined] 61 119 255 176 (1031274416)
2026-03-20 18:59:18:783 [IN ] C8 24 03 18 25 A5 03 01 31 03 CF 00 0C 13 95 25 A5 03 01 31 05 E6 3D 77 FF B0 83 1D B0 C8 24 03 18 25 A5 03 01 31 03 CF 00 18 1F A1 25 A5 03 01 31 05 E6 3D 77 FF B0 83 1D B0 (58)
                              [N3:X] MOTOR_I 0 12 (12)
                              [N3:X] [undefined] 61 119 255 176 (1031274416)
                              [N3:X] MOTOR_I 0 24 (24)
                              [N3:X] [undefined] 61 119 255 176 (1031274416)
2026-03-20 18:59:18:985 [IN ] C8 24 03 18 25 A5 03 01 31 03 CF 00 19 20 A2 25 A5 03 01 31 05 E6 3D 77 FF B0 83 1D B0 C8 24 03 18 25 A5 03 01 31 03 CF 00 00 07 89 25 A5 03 01 31 05 E6 3D 77 00 00 D4 6F B0 (58)
                              [N3:X] MOTOR_I 0 25 (25)
                              [N3:X] [undefined] 61 119 255 176 (1031274416)
                              [N3:X] MOTOR_I 0 0 (0)
                              [N3:X] [undefined] 61 119 0 0 (1031208960)
2026-03-20 18:59:19:186 [IN ] C8 24 03 0E 25 A5 03 01 31 06 81 45 FF EC 48 05 39 8D 01 C8 24 03 18 25 A5 03 01 31 03 CF 00 00 07 89 25 A5 03 01 31 05 E6 3D 77 00 00 D4 6F B0 C8 24 03 18 25 A5 03 01 31 03 CF 00 00 07 89 25 
A5 (65)
                              [N3:X] TPOS 'E' 255 236 72 5 (-1292283)
                              [N3:X] MOTOR_I 0 0 (0)
                              [N3:X] [undefined] 61 119 0 0 (1031208960)
2026-03-20 18:59:19:388 [IN ] 03 01 31 05 E6 3D 77 00 00 D4 6F B0 C8 24 03 18 25 A5 03 01 31 03 CF 00 00 07 89 25 A5 03 01 31 05 E6 3D 77 00 00 D4 6F B0 C8 24 03 18 25 A5 03 01 31 03 CF 00 00 07 89 25 A5 03 01 31 05 E6 3D 
77 00 00 D4 6F B0 (70)
                              [N3:X] MOTOR_I 0 0 (0)
                              [N3:X] [undefined] 61 119 0 0 (1031208960)
                              [N3:X] MOTOR_I 0 0 (0)
                              [N3:X] [undefined] 61 119 0 0 (1031208960)
                              [N3:X] MOTOR_I 0 0 (0)
                              [N3:X] [undefined] 61 119 0 0 (1031208960)
2026-03-20 18:59:19:590 [IN ] C8 24 03 18 25 A5 03 01 31 03 CF 00 00 07 89 25 A5 03 01 31 05 E6 3D 77 00 00 D4 6F B0 C8 24 03 15 25 A5 03 01 31 03 CF 00 00 07 89 25 A5 03 01 31 05 E6 3D 77 00 00 (55)
                              [N3:X] MOTOR_I 0 0 (0)
                              [N3:X] [undefined] 61 119 0 0 (1031208960)
                              [N3:X] MOTOR_I 0 0 (0)
2026-03-20 18:59:19:611 [OUT] 25 A5 01 03 31 05 81 FF FD 50 01 08 AF (13)
                              [N3:X] TPOS 255 253 80 1 (-176127)
2026-03-20 18:59:19:674 [IN ] C8 24 03 1B 00 D4 6F 25 A5 03 01 31 03 CF 00 00 07 89 25 A5 03 01 31 05 E6 3D 77 00 00 D4 6F 31 (32)
                              [N3:X] [undefined] 61 119 0 0 (1031208960)
                              [N3:X] MOTOR_I 0 0 (0)
                              [N3:X] [undefined] 61 119 0 0 (1031208960)
2026-03-20 18:59:19:797 [IN ] C8 24 03 26 25 A5 03 01 31 06 81 53 FF EC 48 06 48 D4 25 A5 03 01 31 03 CF 00 5B 62 E4 25 A5 03 01 31 05 E6 3D 77 00 50 24 BF 6F (43)
                              [N3:X] TPOS 'S' 255 236 72 6 (-1292282)
                              [N3:X] MOTOR_I 0 91 (91)
                              [N3:X] [undefined] 61 119 0 80 (1031209040)
2026-03-20 18:59:19:998 [IN ] C8 24 09 0E 25 A5 09 01 31 06 81 45 FF E7 59 7B C1 52 25 C8 24 03 18 25 A5 03 01 31 03 CF 00 46 4D CF 25 A5 03 01 31 05 E6 3D 77 00 50 24 BF E4 C8 24 03 18 25 A5 03 01 31 03 CF 00 57 5E E0 25 
A5 03 01 31 05 E6 3D 77 00 50 24 BF E4 (77)
                              [N9:P] TPOS 'E' 255 231 89 123 (-1615493)
                              [N3:X] MOTOR_I 0 70 (70)
                              [N3:X] [undefined] 61 119 0 80 (1031209040)
                              [N3:X] MOTOR_I 0 87 (87)
                              [N3:X] [undefined] 61 119 0 80 (1031209040)
2026-03-20 18:59:20:202 [IN ] C8 24 03 18 25 A5 03 01 31 03 CF 00 37 3E C0 25 A5 03 01 31 05 E6 3D 77 00 50 24 BF E4 C8 24 03 18 25 A5 03 01 31 03 CF 00 56 5D DF 25 A5 03 01 31 05 E6 3D 77 00 50 24 BF E4 (58)
                              [N3:X] MOTOR_I 0 55 (55)
                              [N3:X] [undefined] 61 119 0 80 (1031209040)
                              [N3:X] MOTOR_I 0 86 (86)
                              [N3:X] [undefined] 61 119 0 80 (1031209040)
2026-03-20 18:59:20:405 [IN ] C8 24 03 18 25 A5 03 01 31 03 CF 00 3A 41 C3 25 A5 03 01 31 05 E6 3D 77 00 50 24 BF E4 C8 24 03 18 25 A5 03 01 31 03 CF 00 40 47 C9 25 A5 03 01 31 05 E6 3D 77 00 50 24 BF E4 (58)
                              [N3:X] MOTOR_I 0 58 (58)
                              [N3:X] [undefined] 61 119 0 80 (1031209040)
                              [N3:X] MOTOR_I 0 64 (64)
                              [N3:X] [undefined] 61 119 0 80 (1031209040)
2026-03-20 18:59:20:426 [OUT] 25 A5 01 09 31 05 81 FF FF D9 C8 60 BE (13)
                              [N9:P] TPOS 255 255 217 200 (-9784)
2026-03-20 18:59:20:488 [IN ] C8 24 03 18 25 A5 03 01 31 03 CF 00 3D 44 C6 25 (16)
2026-03-20 18:59:20:509 [IN ] A5 03 01 31 05 E6 3D 77 00 50 24 BF E4 (13)
                              [N3:X] MOTOR_I 0 61 (61)
                              [N3:X] [undefined] 61 119 0 80 (1031209040)
2026-03-20 18:59:20:612 [IN ] C8 24 03 18 25 A5 03 01 31 03 CF 00 58 5F E1 25 A5 03 01 31 05 E6 3D 77 00 50 24 BF E4 C8 24 09 0E 25 A5 09 01 31 06 81 53 FF E7 59 7F D3 9C 01 (48)
                              [N3:X] MOTOR_I 0 88 (88)
                              [N3:X] [undefined] 61 119 0 80 (1031209040)
                              [N9:P] TPOS 'S' 255 231 89 127 (-1615489)
2026-03-20 18:59:20:815 [IN ] C8 24 03 18 25 A5 03 01 31 03 CF 00 33 3A BC 25 A5 03 01 31 05 E6 3D 77 00 50 24 BF E4 C8 24 03 0E 25 A5 03 01 31 03 CF 00 50 57 D9 25 A5 03 01 C8 24 03 0A 01 31 05 E6 3D 77 00 50 24 BF D9 (63)
                              [N3:X] MOTOR_I 0 51 (51)
                              [N3:X] [undefined] 61 119 0 80 (1031209040)
                              [N3:X] MOTOR_I 0 80 (80)
                              [N3:X] [undefined] 61 119 0 80 (1031209040)
2026-03-20 18:59:21:017 [IN ] C8 24 03 15 25 A5 03 01 31 03 CF 00 34 3B BD 25 A5 03 01 31 05 E6 3D 77 00 50 C8 24 03 1B 50 24 BF 25 A5 03 01 31 03 CF 00 4E 55 D7 25 A5 03 01 31 05 E6 3D 77 00 50 24 BF 03 (58)
                              [N3:X] MOTOR_I 0 52 (52)
                              [N3:X] [undefined] 61 119 0 80 (1031209040)
                              [N3:X] MOTOR_I 0 78 (78)
                              [N3:X] [undefined] 61 119 0 80 (1031209040)
2026-03-20 18:59:21:220 [IN ] C8 24 03 18 25 A5 03 01 31 03 CF 00 3E 45 C7 25 A5 03 01 31 05 E6 3D 77 00 50 24 BF 50 C8 24 03 18 25 A5 03 01 31 03 CF 00 58 5F E1 25 A5 03 01 31 05 E6 3D 77 00 50 24 BF 50 (58)
                              [N3:X] MOTOR_I 0 62 (62)
                              [N3:X] [undefined] 61 119 0 80 (1031209040)
                              [N3:X] MOTOR_I 0 88 (88)
                              [N3:X] [undefined] 61 119 0 80 (1031209040)
2026-03-20 18:59:21:421 [IN ] C8 24 03 18 25 A5 03 01 31 03 CF 00 34 3B BD 25 A5 03 01 31 05 E6 3D 77 00 50 24 BF 50 C8 24 03 18 25 A5 03 01 31 03 CF 00 5B 62 E4 25 A5 03 01 31 05 E6 3D 77 00 50 24 BF 50 (58)
                              [N3:X] MOTOR_I 0 52 (52)
                              [N3:X] [undefined] 61 119 0 80 (1031209040)
                              [N3:X] MOTOR_I 0 91 (91)
                              [N3:X] [undefined] 61 119 0 80 (1031209040)
2026-03-20 18:59:21:622 [IN ] C8 24 03 18 25 A5 03 01 31 03 CF 00 3E 45 C7 25 A5 03 01 31 05 E6 3D 77 00 50 24 BF 50 C8 24 03 18 25 A5 03 01 31 03 CF 00 59 60 E2 25 A5 03 01 31 05 E6 3D 77 00 50 24 BF 50 (58)
                              [N3:X] MOTOR_I 0 62 (62)
                              [N3:X] [undefined] 61 119 0 80 (1031209040)
                              [N3:X] MOTOR_I 0 89 (89)
                              [N3:X] [undefined] 61 119 0 80 (1031209040)
2026-03-20 18:59:21:824 [IN ] C8 24 03 18 25 A5 03 01 31 03 CF 00 36 3D BF 25 A5 03 01 31 05 E6 3D 77 00 50 24 BF 50 C8 24 03 18 25 A5 03 01 31 03 CF 00 32 39 BB 25 A5 03 01 31 05 E6 3D 77 00 50 24 BF 50 (58)
                              [N3:X] MOTOR_I 0 54 (54)
                              [N3:X] [undefined] 61 119 0 80 (1031209040)
                              [N3:X] MOTOR_I 0 50 (50)
                              [N3:X] [undefined] 61 119 0 80 (1031209040)
2026-03-20 18:59:22:025 [IN ] C8 24 03 18 25 A5 03 01 31 03 CF 00 50 57 D9 25 A5 03 01 31 05 E6 3D 77 00 50 24 BF 50 C8 24 03 18 25 A5 03 01 31 03 CF 00 3E 45 C7 25 A5 03 01 31 05 E6 3D 77 00 50 24 BF 50 (58)
                              [N3:X] MOTOR_I 0 80 (80)
                              [N3:X] [undefined] 61 119 0 80 (1031209040)
                              [N3:X] MOTOR_I 0 62 (62)
                              [N3:X] [undefined] 61 119 0 80 (1031209040)
2026-03-20 18:59:22:227 [IN ] C8 24 03 0E 25 A5 03 01 31 03 CF 00 37 3E C0 25 A5 03 01 C8 24 03 0A 01 31 05 E6 3D 77 00 50 24 BF C0 C8 24 03 15 25 A5 03 01 31 03 CF 00 53 5A DC 25 A5 03 01 31 05 E6 3D 77 00 50 (60)
                              [N3:X] MOTOR_I 0 55 (55)
                              [N3:X] [undefined] 61 119 0 80 (1031209040)
                              [N3:X] MOTOR_I 0 83 (83)
2026-03-20 18:59:22:428 [IN ] C8 24 03 1B 50 24 BF 25 A5 03 01 31 03 CF 00 40 47 C9 25 A5 03 01 31 05 E6 3D 77 00 50 24 BF 03 C8 24 04 0E 25 A5 04 01 31 06 81 45 FF FD 4F FB 48 CE 25 C8 24 03 18 25 A5 03 01 31 03 CF 00 51 
58 DA 25 A5 03 01 31 05 E6 3D 77 00 50 24 BF 50 (80)
                              [N3:X] [undefined] 61 119 0 80 (1031209040)
                              [N3:X] MOTOR_I 0 64 (64)
                              [N3:X] [undefined] 61 119 0 80 (1031209040)
                              [N4:Y] TPOS 'E' 255 253 79 251 (-176133)
                              [N3:X] MOTOR_I 0 81 (81)
                              [N3:X] [undefined] 61 119 0 80 (1031209040)
2026-03-20 18:59:22:631 [IN ] C8 24 03 18 25 A5 03 01 31 03 CF 00 33 3A BC 25 A5 03 01 31 05 E6 3D 77 00 50 24 BF 50 C8 24 03 18 25 A5 03 01 31 03 CF 00 3B 42 C4 25 A5 03 01 31 05 E6 3D 77 00 50 24 BF 50 (58)
                              [N3:X] MOTOR_I 0 51 (51)
                              [N3:X] [undefined] 61 119 0 80 (1031209040)
                              [N3:X] MOTOR_I 0 59 (59)
                              [N3:X] [undefined] 61 119 0 80 (1031209040)
2026-03-20 18:59:22:831 [IN ] C8 24 03 18 25 A5 03 01 31 03 CF 00 36 3D BF 25 A5 03 01 31 05 E6 3D 77 00 50 24 BF 50 C8 24 03 18 25 A5 03 01 31 03 CF 00 30 37 B9 25 A5 03 01 31 05 E6 3D 77 00 50 24 BF 50 (58)
                              [N3:X] MOTOR_I 0 54 (54)
                              [N3:X] [undefined] 61 119 0 80 (1031209040)
                              [N3:X] MOTOR_I 0 48 (48)
                              [N3:X] [undefined] 61 119 0 80 (1031209040)
2026-03-20 18:59:23:033 [IN ] C8 24 03 18 25 A5 03 01 31 03 CF 00 4A 51 D3 25 A5 03 01 31 05 E6 3D 77 00 50 24 BF 50 C8 24 03 18 25 A5 03 01 31 03 CF 00 43 4A CC 25 A5 03 01 31 05 E6 3D 77 00 50 24 BF 50 (58)
                              [N3:X] MOTOR_I 0 74 (74)
                              [N3:X] [undefined] 61 119 0 80 (1031209040)
                              [N3:X] MOTOR_I 0 67 (67)
                              [N3:X] [undefined] 61 119 0 80 (1031209040)
2026-03-20 18:59:23:234 [IN ] C8 24 03 18 25 A5 03 01 31 03 CF 00 32 39 BB 25 A5 03 01 31 05 E6 3D 77 00 50 24 BF 50 C8 24 03 18 25 A5 03 01 31 03 CF 00 4F 56 D8 25 A5 03 01 31 05 E6 3D 77 00 50 24 BF 50 (58)
                              [N3:X] MOTOR_I 0 50 (50)
                              [N3:X] [undefined] 61 119 0 80 (1031209040)
                              [N3:X] MOTOR_I 0 79 (79)
                              [N3:X] [undefined] 61 119 0 80 (1031209040)
2026-03-20 18:59:23:435 [IN ] C8 24 03 18 25 A5 03 01 31 03 CF 00 2C 33 B5 25 A5 03 01 31 05 E6 3D 77 00 50 24 BF 50 C8 24 03 0E 25 A5 03 01 31 03 CF 00 4A 51 D3 25 A5 03 01 C8 24 03 0A 01 31 05 E6 3D 77 00 50 24 BF D3 (63)
                              [N3:X] MOTOR_I 0 44 (44)
                              [N3:X] [undefined] 61 119 0 80 (1031209040)
                              [N3:X] MOTOR_I 0 74 (74)
                              [N3:X] [undefined] 61 119 0 80 (1031209040)
2026-03-20 18:59:23:637 [IN ] C8 24 03 18 25 A5 03 01 31 03 CF 00 30 37 B9 25 A5 03 01 31 05 E6 3D 77 00 50 24 BF 50 C8 24 03 18 25 A5 03 01 31 03 CF 00 39 40 C2 25 A5 03 01 31 05 E6 3D 77 00 50 24 BF 50 (58)
                              [N3:X] MOTOR_I 0 48 (48)
                              [N3:X] [undefined] 61 119 0 80 (1031209040)
                              [N3:X] MOTOR_I 0 57 (57)
                              [N3:X] [undefined] 61 119 0 80 (1031209040)
2026-03-20 18:59:23:838 [IN ] C8 24 03 18 25 A5 03 01 31 03 CF 00 42 49 CB 25 A5 03 01 31 05 E6 3D 77 00 50 24 BF 50 C8 24 03 18 25 A5 03 01 31 03 CF 00 35 3C BE 25 A5 03 01 31 05 E6 3D 77 00 50 24 BF 50 (58)
                              [N3:X] MOTOR_I 0 66 (66)
                              [N3:X] [undefined] 61 119 0 80 (1031209040)
                              [N3:X] MOTOR_I 0 53 (53)
                              [N3:X] [undefined] 61 119 0 80 (1031209040)
2026-03-20 18:59:24:039 [IN ] C8 24 03 18 25 A5 03 01 31 03 CF 00 3B 42 C4 25 A5 03 01 31 05 E6 3D 77 00 50 24 BF 50 C8 24 03 18 25 A5 03 01 31 03 CF 00 5C 63 E5 25 A5 03 01 31 05 E6 3D 77 00 50 24 BF 50 (58)
                              [N3:X] MOTOR_I 0 59 (59)
                              [N3:X] [undefined] 61 119 0 80 (1031209040)
                              [N3:X] MOTOR_I 0 92 (92)
                              [N3:X] [undefined] 61 119 0 80 (1031209040)
2026-03-20 18:59:24:240 [IN ] C8 24 03 18 25 A5 03 01 31 03 CF 00 37 3E C0 25 A5 03 01 31 05 E6 3D 77 00 50 24 BF 50 C8 24 03 18 25 A5 03 01 31 03 CF 00 3F 46 C8 25 A5 03 01 31 05 E6 3D 77 00 50 24 BF 50 (58)
                              [N3:X] MOTOR_I 0 55 (55)
                              [N3:X] [undefined] 61 119 0 80 (1031209040)
                              [N3:X] MOTOR_I 0 63 (63)
                              [N3:X] [undefined] 61 119 0 80 (1031209040)
2026-03-20 18:59:24:441 [IN ] C8 24 03 18 25 A5 03 01 31 03 CF 00 41 48 CA 25 A5 03 01 31 05 E6 3D 77 00 50 24 BF 50 C8 24 03 18 25 A5 03 01 31 03 CF 00 46 4D CF 25 A5 03 01 31 05 E6 3D 77 00 50 24 BF 50 (58)
                              [N3:X] MOTOR_I 0 65 (65)
                              [N3:X] [undefined] 61 119 0 80 (1031209040)
                              [N3:X] MOTOR_I 0 70 (70)
                              [N3:X] [undefined] 61 119 0 80 (1031209040)
2026-03-20 18:59:24:642 [IN ] C8 24 03 18 25 A5 03 01 31 03 CF 00 3E 45 C7 25 A5 03 01 31 05 E6 3D 77 00 50 24 BF 50 C8 24 03 18 25 A5 03 01 31 03 CF 00 2E 35 B7 25 A5 03 01 31 05 E6 3D 77 00 50 24 BF 50 (58)
                              [N3:X] MOTOR_I 0 62 (62)
                              [N3:X] [undefined] 61 119 0 80 (1031209040)
                              [N3:X] MOTOR_I 0 46 (46)
                              [N3:X] [undefined] 61 119 0 80 (1031209040)
2026-03-20 18:59:24:844 [IN ] C8 24 03 15 25 A5 03 01 31 03 CF 00 37 3E C0 25 A5 03 01 31 05 E6 3D 77 00 50 C8 24 03 1B 50 24 BF 25 A5 03 01 31 03 CF 00 4C 53 D5 25 A5 03 01 31 05 E6 3D 77 00 50 24 BF 03 (58)
                              [N3:X] MOTOR_I 0 55 (55)
                              [N3:X] [undefined] 61 119 0 80 (1031209040)
                              [N3:X] MOTOR_I 0 76 (76)
                              [N3:X] [undefined] 61 119 0 80 (1031209040)
2026-03-20 18:59:25:045 [IN ] C8 24 03 18 25 A5 03 01 31 03 CF 00 3F 46 C8 25 A5 03 01 31 05 E6 3D 77 00 50 24 BF 50 C8 24 03 18 25 A5 03 01 31 03 CF 00 2D 34 B6 25 A5 03 01 31 05 E6 3D 77 00 50 24 BF 50 (58)
                              [N3:X] MOTOR_I 0 63 (63)
                              [N3:X] [undefined] 61 119 0 80 (1031209040)
                              [N3:X] MOTOR_I 0 45 (45)
                              [N3:X] [undefined] 61 119 0 80 (1031209040)
2026-03-20 18:59:25:246 [IN ] C8 24 03 18 25 A5 03 01 31 03 CF 00 38 3F C1 25 A5 03 01 31 05 E6 3D 77 00 50 24 BF 50 C8 24 03 18 25 A5 03 01 31 03 CF 00 4C 53 D5 25 A5 03 01 31 05 E6 3D 77 00 50 24 BF 50 (58)
                              [N3:X] MOTOR_I 0 56 (56)
                              [N3:X] [undefined] 61 119 0 80 (1031209040)
                              [N3:X] MOTOR_I 0 76 (76)
                              [N3:X] [undefined] 61 119 0 80 (1031209040)
2026-03-20 18:59:25:447 [IN ] C8 24 03 18 25 A5 03 01 31 03 CF 00 2F 36 B8 25 A5 03 01 31 05 E6 3D 77 00 50 24 BF 50 C8 24 06 0E 25 A5 06 01 31 06 81 45 00 19 86 09 AC B6 01 C8 24 03 18 25 A5 03 01 31 03 CF 00 48 4F D1 25 
A5 03 01 31 05 E6 3D 77 00 50 24 BF 50 (77)
                              [N3:X] MOTOR_I 0 47 (47)
                              [N3:X] [undefined] 61 119 0 80 (1031209040)
                              [N6:H] TPOS 'E' 0 25 134 9 (1672713)
                              [N3:X] MOTOR_I 0 72 (72)
                              [N3:X] [undefined] 61 119 0 80 (1031209040)
2026-03-20 18:59:25:649 [IN ] C8 24 03 18 25 A5 03 01 31 03 CF 00 32 39 BB 25 A5 03 01 31 05 E6 3D 77 00 50 24 BF 50 C8 24 03 18 25 A5 03 01 31 03 CF 00 25 2C AE 25 A5 03 01 31 05 E6 3D 77 00 50 24 BF 50 (58)
                              [N3:X] MOTOR_I 0 50 (50)
                              [N3:X] [undefined] 61 119 0 80 (1031209040)
                              [N3:X] MOTOR_I 0 37 (37)
                              [N3:X] [undefined] 61 119 0 80 (1031209040)
2026-03-20 18:59:25:851 [IN ] C8 24 03 18 25 A5 03 01 31 03 CF 00 29 30 B2 25 A5 03 01 31 05 E6 3D 77 00 50 24 BF 50 C8 24 03 18 25 A5 03 01 31 03 CF 00 35 3C BE 25 A5 03 01 31 05 E6 3D 77 00 50 24 BF 50 (58)
                              [N3:X] MOTOR_I 0 41 (41)
                              [N3:X] [undefined] 61 119 0 80 (1031209040)
                              [N3:X] MOTOR_I 0 53 (53)
                              [N3:X] [undefined] 61 119 0 80 (1031209040)
2026-03-20 18:59:25:873 [OUT] 25 A5 01 06 31 05 81 00 0D 03 C1 8F 21 (13)
                              [N6:H] TPOS 0 13 3 193 (852929)
2026-03-20 18:59:25:935 [IN ] C8 24 03 0E 25 A5 03 01 31 03 CF 00 46 4D CF 25 A5 03 01 C8 24 03 0A 01 31 05 E6 3D 77 00 50 24 BF CF (34)
                              [N3:X] MOTOR_I 0 70 (70)
                              [N3:X] [undefined] 61 119 0 80 (1031209040)
2026-03-20 18:59:26:038 [IN ] C8 24 03 15 25 A5 03 01 31 03 CF 00 3E 45 C7 25 A5 03 01 31 05 E6 3D 77 00 50 (26)
                              [N3:X] MOTOR_I 0 62 (62)
2026-03-20 18:59:26:060 [IN ] C8 24 06 0E 25 A5 06 01 31 06 81 53 00 19 86 07 B8 FA 01 (19)
                              [N6:H] TPOS 'S' 0 25 134 7 (1672711)
2026-03-20 18:59:26:262 [IN ] C8 24 03 1B 50 24 BF 25 A5 03 01 31 03 CF 00 41 48 CA 25 A5 03 01 31 05 E6 3D 77 00 50 24 BF 03 C8 24 03 18 25 A5 03 01 31 03 CF 00 27 2E B0 25 A5 03 01 31 05 E6 3D 77 00 50 24 BF 50 (61)
                              [N3:X] [undefined] 61 119 0 80 (1031209040)
                              [N3:X] MOTOR_I 0 65 (65)
                              [N3:X] [undefined] 61 119 0 80 (1031209040)
                              [N3:X] MOTOR_I 0 39 (39)
                              [N3:X] [undefined] 61 119 0 80 (1031209040)
2026-03-20 18:59:26:463 [IN ] C8 24 03 18 25 A5 03 01 31 03 CF 00 2C 33 B5 25 A5 03 01 31 05 E6 3D 77 00 50 24 BF 50 C8 24 03 18 25 A5 03 01 31 03 CF 00 2E 35 B7 25 A5 03 01 31 05 E6 3D 77 00 50 24 BF 50 (58)
                              [N3:X] MOTOR_I 0 44 (44)
                              [N3:X] [undefined] 61 119 0 80 (1031209040)
                              [N3:X] MOTOR_I 0 46 (46)
                              [N3:X] [undefined] 61 119 0 80 (1031209040)
2026-03-20 18:59:26:665 [IN ] C8 24 03 18 25 A5 03 01 31 03 CF 00 36 3D BF 25 A5 03 01 31 05 E6 3D 77 00 50 24 BF 50 C8 24 03 18 25 A5 03 01 31 03 CF 00 3F 46 C8 25 A5 03 01 31 05 E6 3D 77 00 50 24 BF 50 (58)
                              [N3:X] MOTOR_I 0 54 (54)
                              [N3:X] [undefined] 61 119 0 80 (1031209040)
                              [N3:X] MOTOR_I 0 63 (63)
                              [N3:X] [undefined] 61 119 0 80 (1031209040)
2026-03-20 18:59:26:866 [IN ] C8 24 03 18 25 A5 03 01 31 03 CF 00 2C 33 B5 25 A5 03 01 31 05 E6 3D 77 00 50 24 BF 50 C8 24 03 18 25 A5 03 01 31 03 CF 00 3F 46 C8 25 A5 03 01 31 05 E6 3D 77 00 50 24 BF 50 (58)
                              [N3:X] MOTOR_I 0 44 (44)
                              [N3:X] [undefined] 61 119 0 80 (1031209040)
                              [N3:X] MOTOR_I 0 63 (63)
                              [N3:X] [undefined] 61 119 0 80 (1031209040)
2026-03-20 18:59:27:067 [IN ] C8 24 03 18 25 A5 03 01 31 03 CF 00 28 2F B1 25 A5 03 01 31 05 E6 3D 77 00 50 24 BF 50 C8 24 03 18 25 A5 03 01 31 03 CF 00 3B 42 C4 25 A5 03 01 31 05 E6 3D 77 00 50 24 BF 50 (58)
                              [N3:X] MOTOR_I 0 40 (40)
                              [N3:X] [undefined] 61 119 0 80 (1031209040)
                              [N3:X] MOTOR_I 0 59 (59)
                              [N3:X] [undefined] 61 119 0 80 (1031209040)
2026-03-20 18:59:27:271 [IN ] C8 24 03 18 25 A5 03 01 31 03 CF 00 34 3B BD 25 A5 03 01 31 05 E6 3D 77 00 50 24 BF 50 C8 24 03 0E 25 A5 03 01 31 03 CF 00 2B 32 B4 25 A5 03 01 C8 24 03 0A 01 31 05 E6 3D 77 00 50 24 BF B4 (63)
                              [N3:X] MOTOR_I 0 52 (52)
                              [N3:X] [undefined] 61 119 0 80 (1031209040)
                              [N3:X] MOTOR_I 0 43 (43)
                              [N3:X] [undefined] 61 119 0 80 (1031209040)
2026-03-20 18:59:27:472 [IN ] C8 24 03 15 25 A5 03 01 31 03 CF 00 42 49 CB 25 A5 03 01 31 05 E6 3D 77 00 50 C8 24 03 1B 50 24 BF 25 A5 03 01 31 03 CF 00 2C 33 B5 25 A5 03 01 31 05 E6 3D 77 00 50 24 BF 03 (58)
                              [N3:X] MOTOR_I 0 66 (66)
                              [N3:X] [undefined] 61 119 0 80 (1031209040)
                              [N3:X] MOTOR_I 0 44 (44)
                              [N3:X] [undefined] 61 119 0 80 (1031209040)
2026-03-20 18:59:27:673 [IN ] C8 24 03 18 25 A5 03 01 31 03 CF 00 3A 41 C3 25 A5 03 01 31 05 E6 3D 77 00 50 24 BF 50 C8 24 03 18 25 A5 03 01 31 03 CF 00 22 29 AB 25 A5 03 01 31 05 E6 3D 77 00 50 24 BF 50 (58)
                              [N3:X] MOTOR_I 0 58 (58)
                              [N3:X] [undefined] 61 119 0 80 (1031209040)
                              [N3:X] MOTOR_I 0 34 (34)
                              [N3:X] [undefined] 61 119 0 80 (1031209040)
2026-03-20 18:59:27:875 [IN ] C8 24 03 18 25 A5 03 01 31 03 CF 00 36 3D BF 25 A5 03 01 31 05 E6 3D 77 00 50 24 BF 50 C8 24 03 18 25 A5 03 01 31 03 CF 00 41 48 CA 25 A5 03 01 31 05 E6 3D 77 00 50 24 BF 50 (58)
                              [N3:X] MOTOR_I 0 54 (54)
                              [N3:X] [undefined] 61 119 0 80 (1031209040)
                              [N3:X] MOTOR_I 0 65 (65)
                              [N3:X] [undefined] 61 119 0 80 (1031209040)
2026-03-20 18:59:28:078 [IN ] C8 24 03 18 25 A5 03 01 31 03 CF 00 3D 44 C6 25 A5 03 01 31 05 E6 3D 77 00 50 24 BF 50 C8 24 03 18 25 A5 03 01 31 03 CF 00 36 3D BF 25 A5 03 01 31 05 E6 3D 77 00 50 24 BF 50 (58)
                              [N3:X] MOTOR_I 0 61 (61)
                              [N3:X] [undefined] 61 119 0 80 (1031209040)
                              [N3:X] MOTOR_I 0 54 (54)
                              [N3:X] [undefined] 61 119 0 80 (1031209040)
2026-03-20 18:59:28:280 [IN ] C8 24 03 18 25 A5 03 01 31 03 CF 00 2C 33 B5 25 A5 03 01 31 05 E6 3D 77 00 50 24 BF 50 C8 24 03 18 25 A5 03 01 31 03 CF 00 2C 33 B5 25 A5 03 01 31 05 E6 3D 77 00 50 24 BF 50 (58)
                              [N3:X] MOTOR_I 0 44 (44)
                              [N3:X] [undefined] 61 119 0 80 (1031209040)
                              [N3:X] MOTOR_I 0 44 (44)
                              [N3:X] [undefined] 61 119 0 80 (1031209040)
2026-03-20 18:59:28:481 [IN ] C8 24 09 0E 25 A5 09 01 31 06 81 45 FF FF DD A2 84 C9 01 C8 24 03 18 25 A5 03 01 31 03 CF 00 2E 35 B7 25 A5 03 01 31 05 E6 3D 77 00 50 24 BF 50 C8 24 03 18 25 A5 03 01 31 03 CF 00 40 47 C9 25 
A5 03 01 31 05 E6 3D 77 00 50 24 BF 50 (77)
                              [N9:P] TPOS 'E' 255 255 221 162 (-8798)
                              [N3:X] MOTOR_I 0 46 (46)
                              [N3:X] [undefined] 61 119 0 80 (1031209040)
                              [N3:X] MOTOR_I 0 64 (64)
                              [N3:X] [undefined] 61 119 0 80 (1031209040)
2026-03-20 18:59:28:704 [OUT] 25 A5 01 08 31 02 D8 3F 53 E7 (10)
                              [N8:R] INTERRUPT '?'
2026-03-20 18:59:28:704 [IN ] C8 24 03 0E 25 A5 03 01 31 03 CF 00 24 2B AD 25 A5 03 01 C8 24 03 0A 01 31 05 E6 3D 77 00 50 24 BF AD C8 24 03 18 25 A5 03 01 31 03 CF 00 27 2E B0 25 A5 03 01 31 05 E6 3D 77 00 50 24 BF 50 (63)
                              [N3:X] MOTOR_I 0 36 (36)
                              [N3:X] [undefined] 61 119 0 80 (1031209040)
                              [N3:X] MOTOR_I 0 39 (39)
                              [N3:X] [undefined] 61 119 0 80 (1031209040)
2026-03-20 18:59:29:005 [IN ] C8 24 03 18 25 A5 03 01 31 03 CF 00 3D 44 C6 25 A5 03 01 31 05 E6 3D 77 00 50 24 BF 50 C8 24 03 18 25 A5 03 01 31 03 CF 00 1F 26 A8 25 A5 03 01 31 05 E6 3D 77 00 50 24 BF 50 C8 24 08 0C 25 A5 
08 01 31 04 D8 3A 01 01 52 92 A5 C8 24 03 18 25 A5 03 01 31 03 CF 00 3C 43 C5 25 A5 03 01 31 05 E6 3D 77 00 50 24 BF 50 (104)
                              [N3:X] MOTOR_I 0 61 (61)
                              [N3:X] [undefined] 61 119 0 80 (1031209040)
                              [N3:X] MOTOR_I 0 31 (31)
                              [N3:X] [undefined] 61 119 0 80 (1031209040)
                              [N8:R] INTERRUPT ':' 1 1 (257)
                              [N3:X] MOTOR_I 0 60 (60)
                              [N3:X] [undefined] 61 119 0 80 (1031209040)
2026-03-20 18:59:29:027 [OUT] 25 A5 01 08 31 03 CA 3D 0B 4F 1B (11)
                              [N8:R] RFLAG '=' 11 (11)
2026-03-20 18:59:29:069 [IN ] C8 24 03 18 25 A5 03 01 31 03 CF 00 00 07 89 25 A5 03 01 31 05 E6 3D 77 00 00 D4 6F 50 C8 24 03 0E 25 A5 03 01 31 06 81 45 FF FD 50 A4 F1 6F 01 (48)
                              [N3:X] MOTOR_I 0 0 (0)
                              [N3:X] [undefined] 61 119 0 0 (1031208960)
                              [N3:X] TPOS 'E' 255 253 80 164 (-175964)
2026-03-20 18:59:29:176 [IN ] C8 24 03 18 25 A5 03 01 31 03 CF 00 00 07 89 25 A5 03 01 31 05 E6 3D 77 00 00 D4 6F 50 (29)
                              [N3:X] MOTOR_I 0 0 (0)
                              [N3:X] [undefined] 61 119 0 0 (1031208960)
2026-03-20 18:59:29:198 [IN ] C8 24 08 0B 25 A5 08 01 31 03 CA 3A 0B 4C 1C 25 (16)
                              [N8:R] RFLAG ':' 11 (11)
2026-03-20 18:59:29:220 [OUT] 25 A5 01 08 31 03 88 00 50 15 20 (11)
                              [N8:R] RUN 0 80 (80)
2026-03-20 18:59:29:264 [IN ] C8 24 03 18 25 A5 03 01 31 03 CF 00 00 07 89 25 A5 03 01 31 05 E6 3D 77 00 00 D4 6F 50 (29)
                              [N3:X] MOTOR_I 0 0 (0)
                              [N3:X] [undefined] 61 119 0 0 (1031208960)
2026-03-20 18:59:29:366 [IN ] C8 24 03 18 25 A5 03 01 31 03 CF 00 00 07 89 25 A5 03 01 31 05 E6 3D 77 00 00 D4 6F 50 (29)
                              [N3:X] MOTOR_I 0 0 (0)
                              [N3:X] [undefined] 61 119 0 0 (1031208960)
2026-03-20 18:59:29:387 [IN ] C8 24 08 0C 25 A5 08 01 31 04 88 53 00 50 69 EA A5 (17)
                              [N8:R] RUN 'S' 0 80 (80)
2026-03-20 18:59:29:588 [IN ] C8 24 03 18 25 A5 03 01 31 03 CF 00 00 07 89 25 A5 03 01 31 05 E6 3D 77 00 00 D4 6F 50 C8 24 03 18 25 A5 03 01 31 03 CF 00 00 07 89 25 A5 03 01 31 05 E6 3D 77 00 00 D4 6F 50 (58)
                              [N3:X] MOTOR_I 0 0 (0)
                              [N3:X] [undefined] 61 119 0 0 (1031208960)
                              [N3:X] MOTOR_I 0 0 (0)
                              [N3:X] [undefined] 61 119 0 0 (1031208960)
2026-03-20 18:59:29:789 [IN ] C8 24 03 18 25 A5 03 01 31 03 CF 00 00 07 89 25 A5 03 01 31 05 E6 3D 77 00 00 D4 6F 50 C8 24 06 0E 25 A5 06 01 31 06 81 45 00 0C FE DC EA 52 01 C8 24 03 0E 25 A5 03 01 31 03 CF 00 00 07 89 25 
A5 03 01 C8 24 03 0A 01 31 05 E6 3D 77 00 00 D4 6F 89 (82)
                              [N3:X] MOTOR_I 0 0 (0)
                              [N3:X] [undefined] 61 119 0 0 (1031208960)
                              [N6:H] TPOS 'E' 0 12 254 220 (851676)
                              [N3:X] MOTOR_I 0 0 (0)
                              [N3:X] [undefined] 61 119 0 0 (1031208960)
2026-03-20 18:59:30:013 [OUT] 25 A5 01 05 31 02 D8 3F 50 D8 (10)
                              [N5:V] INTERRUPT '?'
2026-03-20 18:59:30:014 [IN ] C8 24 03 15 25 A5 03 01 31 03 CF 00 00 07 89 25 A5 03 01 31 05 E6 3D 77 00 00 C8 24 03 1B 00 D4 6F 25 A5 03 01 31 03 CF 00 00 07 89 25 A5 03 01 31 05 E6 3D 77 00 00 D4 6F 03 (58)
                              [N3:X] MOTOR_I 0 0 (0)
                              [N3:X] [undefined] 61 119 0 0 (1031208960)
                              [N3:X] MOTOR_I 0 0 (0)
                              [N3:X] [undefined] 61 119 0 0 (1031208960)
2026-03-20 18:59:30:315 [IN ] C8 24 03 18 25 A5 03 01 31 03 CF 00 00 07 89 25 A5 03 01 31 05 E6 3D 77 00 00 D4 6F 00 C8 24 03 18 25 A5 03 01 31 03 CF 00 00 07 89 25 A5 03 01 31 05 E6 3D 77 00 00 D4 6F 00 C8 24 05 0C 25 A5 
05 01 31 04 D8 3A 01 01 4F 7A A5 C8 24 03 18 25 A5 03 01 31 03 CF 00 00 07 89 25 A5 03 01 31 05 E6 3D 77 00 00 D4 6F 00 (104)
                              [N3:X] MOTOR_I 0 0 (0)
                              [N3:X] [undefined] 61 119 0 0 (1031208960)
                              [N3:X] MOTOR_I 0 0 (0)
                              [N3:X] [undefined] 61 119 0 0 (1031208960)
                              [N5:V] INTERRUPT ':' 1 1 (257)
                              [N3:X] MOTOR_I 0 0 (0)
                              [N3:X] [undefined] 61 119 0 0 (1031208960)
2026-03-20 18:59:30:336 [OUT] 25 A5 01 05 31 03 C9 3D 0B 4B 06 (11)
                              [N5:V] LFLAG '=' 11 (11)
2026-03-20 18:59:30:378 [IN ] C8 24 03 18 25 A5 03 01 31 03 CF 00 00 07 89 25 A5 03 01 31 05 E6 3D 77 00 00 D4 6F 00 (29)
                              [N3:X] MOTOR_I 0 0 (0)
                              [N3:X] [undefined] 61 119 0 0 (1031208960)
2026-03-20 18:59:30:484 [IN ] C8 24 03 18 25 A5 03 01 31 03 CF 00 00 07 89 25 A5 03 01 31 05 E6 3D 77 00 00 D4 6F 00 (29)
                              [N3:X] MOTOR_I 0 0 (0)
                              [N3:X] [undefined] 61 119 0 0 (1031208960)
2026-03-20 18:59:30:505 [IN ] C8 24 05 0B 25 A5 05 01 31 03 C9 3A 0B 48 04 25 (16)
                              [N5:V] LFLAG ':' 11 (11)
2026-03-20 18:59:30:530 [OUT] 25 A5 01 05 31 03 88 FF B0 71 6C (11)
                              [N5:V] RUN 255 176 (-80)
2026-03-20 18:59:30:571 [IN ] C8 24 03 18 25 A5 03 01 31 03 CF 00 00 07 89 25 A5 03 01 31 05 E6 3D 77 00 00 D4 6F 00 (29)
                              [N3:X] MOTOR_I 0 0 (0)
                              [N3:X] [undefined] 61 119 0 0 (1031208960)
2026-03-20 18:59:30:674 [IN ] C8 24 03 18 25 A5 03 01 31 03 CF 00 00 07 89 25 A5 03 01 31 05 E6 3D 77 00 00 (26)
2026-03-20 18:59:30:696 [IN ] D4 6F 00 (3)
                              [N3:X] MOTOR_I 0 0 (0)
                              [N3:X] [undefined] 61 119 0 0 (1031208960)
2026-03-20 18:59:30:718 [IN ] C8 24 05 0C 25 A5 05 01 31 04 88 53 FF B0 C5 30 A5 (17)
                              [N5:V] RUN 'S' 255 176 (-80)
2026-03-20 18:59:30:918 [IN ] C8 24 03 18 25 A5 03 01 31 03 CF 00 00 07 89 25 A5 03 01 31 05 E6 3D 77 00 00 D4 6F 00 C8 24 03 18 25 A5 03 01 31 03 CF 00 00 07 89 25 A5 03 01 31 05 E6 3D 77 00 00 D4 6F 00 (58)
                              [N3:X] MOTOR_I 0 0 (0)
                              [N3:X] [undefined] 61 119 0 0 (1031208960)
                              [N3:X] MOTOR_I 0 0 (0)
                              [N3:X] [undefined] 61 119 0 0 (1031208960)
2026-03-20 18:59:31:120 [IN ] C8 24 03 18 25 A5 03 01 31 03 CF 00 00 07 89 25 A5 03 01 31 05 E6 3D 77 00 00 D4 6F 00 C8 24 03 0E 25 A5 03 01 31 03 CF 00 00 07 89 25 A5 03 01 C8 24 03 0A 01 31 05 E6 3D 77 00 00 D4 6F 89 (63)
                              [N3:X] MOTOR_I 0 0 (0)
                              [N3:X] [undefined] 61 119 0 0 (1031208960)
                              [N3:X] MOTOR_I 0 0 (0)
                              [N3:X] [undefined] 61 119 0 0 (1031208960)
2026-03-20 18:59:31:321 [IN ] C8 24 03 18 25 A5 03 01 31 03 CF 00 00 07 89 25 A5 03 01 31 05 E6 3D 77 00 00 D4 6F 00 C8 24 03 18 25 A5 03 01 31 03 CF 00 00 07 89 25 A5 03 01 31 05 E6 3D 77 00 00 D4 6F 00 (58)
                              [N3:X] MOTOR_I 0 0 (0)
                              [N3:X] [undefined] 61 119 0 0 (1031208960)
                              [N3:X] MOTOR_I 0 0 (0)
                              [N3:X] [undefined] 61 119 0 0 (1031208960)
2026-03-20 18:59:31:522 [IN ] C8 24 03 18 25 A5 03 01 31 03 CF 00 00 07 89 25 A5 03 01 31 05 E6 3D 77 00 00 D4 6F 00 C8 24 03 18 25 A5 03 01 31 03 CF 00 00 07 89 25 A5 03 01 31 05 E6 3D 77 00 00 D4 6F 00 (58)
                              [N3:X] MOTOR_I 0 0 (0)
                              [N3:X] [undefined] 61 119 0 0 (1031208960)
                              [N3:X] MOTOR_I 0 0 (0)
                              [N3:X] [undefined] 61 119 0 0 (1031208960)
2026-03-20 18:59:31:725 [IN ] C8 24 03 18 25 A5 03 01 31 03 CF 00 00 07 89 25 A5 03 01 31 05 E6 3D 77 00 00 D4 6F 00 C8 24 03 18 25 A5 03 01 31 03 CF 00 00 07 89 25 A5 03 01 31 05 E6 3D 77 00 00 D4 6F 00 (58)
                              [N3:X] MOTOR_I 0 0 (0)
                              [N3:X] [undefined] 61 119 0 0 (1031208960)
                              [N3:X] MOTOR_I 0 0 (0)
                              [N3:X] [undefined] 61 119 0 0 (1031208960)
2026-03-20 18:59:31:926 [IN ] C8 24 03 18 25 A5 03 01 31 03 CF 00 00 07 89 25 A5 03 01 31 05 E6 3D 77 00 00 D4 6F 00 C8 24 03 18 25 A5 03 01 31 03 CF 00 00 07 89 25 A5 03 01 31 05 E6 3D 77 00 00 D4 6F 00 (58)
                              [N3:X] MOTOR_I 0 0 (0)
                              [N3:X] [undefined] 61 119 0 0 (1031208960)
                              [N3:X] MOTOR_I 0 0 (0)
                              [N3:X] [undefined] 61 119 0 0 (1031208960)
2026-03-20 18:59:32:128 [IN ] C8 24 03 18 25 A5 03 01 31 03 CF 00 00 07 89 25 A5 03 01 31 05 E6 3D 77 00 00 D4 6F 00 C8 24 03 18 25 A5 03 01 31 03 CF 00 00 07 89 25 A5 03 01 31 05 E6 3D 77 00 00 D4 6F 00 (58)
                              [N3:X] MOTOR_I 0 0 (0)
                              [N3:X] [undefined] 61 119 0 0 (1031208960)
                              [N3:X] MOTOR_I 0 0 (0)
                              [N3:X] [undefined] 61 119 0 0 (1031208960)
2026-03-20 18:59:32:329 [IN ] C8 24 03 18 25 A5 03 01 31 03 CF 00 00 07 89 25 A5 03 01 31 05 E6 3D 77 00 00 D4 6F 00 C8 24 03 18 25 A5 03 01 31 03 CF 00 00 07 89 25 A5 03 01 31 05 E6 3D 77 00 00 D4 6F 00 (58)
                              [N3:X] MOTOR_I 0 0 (0)
                              [N3:X] [undefined] 61 119 0 0 (1031208960)
                              [N3:X] MOTOR_I 0 0 (0)
                              [N3:X] [undefined] 61 119 0 0 (1031208960)
2026-03-20 18:59:32:530 [IN ] C8 24 03 15 25 A5 03 01 31 03 CF 00 00 07 89 25 A5 03 01 31 05 E6 3D 77 00 00 C8 24 03 1B 00 D4 6F 25 A5 03 01 31 03 CF 00 00 07 89 25 A5 03 01 31 05 E6 3D 77 00 00 D4 6F 03 (58)
                              [N3:X] MOTOR_I 0 0 (0)
                              [N3:X] [undefined] 61 119 0 0 (1031208960)
                              [N3:X] MOTOR_I 0 0 (0)
                              [N3:X] [undefined] 61 119 0 0 (1031208960)
2026-03-20 18:59:32:732 [IN ] C8 24 03 18 25 A5 03 01 31 03 CF 00 00 07 89 25 A5 03 01 31 05 E6 3D 77 00 00 D4 6F 00 C8 24 03 18 25 A5 03 01 31 03 CF 00 00 07 89 25 A5 03 01 31 05 E6 3D 77 00 00 D4 6F 00 (58)
                              [N3:X] MOTOR_I 0 0 (0)
                              [N3:X] [undefined] 61 119 0 0 (1031208960)
                              [N3:X] MOTOR_I 0 0 (0)
                              [N3:X] [undefined] 61 119 0 0 (1031208960)
2026-03-20 18:59:32:933 [IN ] C8 24 03 18 25 A5 03 01 31 03 CF 00 00 07 89 25 A5 03 01 31 05 E6 3D 77 00 00 D4 6F 00 C8 24 03 18 25 A5 03 01 31 03 CF 00 00 07 89 25 A5 03 01 31 05 E6 3D 77 00 00 D4 6F 00 (58)
                              [N3:X] MOTOR_I 0 0 (0)
                              [N3:X] [undefined] 61 119 0 0 (1031208960)
                              [N3:X] MOTOR_I 0 0 (0)
                              [N3:X] [undefined] 61 119 0 0 (1031208960)
2026-03-20 18:59:33:134 [IN ] C8 24 03 18 25 A5 03 01 31 03 CF 00 00 07 89 25 A5 03 01 31 05 E6 3D 77 00 00 D4 6F 00 C8 24 03 18 25 A5 03 01 31 03 CF 00 00 07 89 25 A5 03 01 31 05 E6 3D 77 00 00 D4 6F 00 (58)
                              [N3:X] MOTOR_I 0 0 (0)
                              [N3:X] [undefined] 61 119 0 0 (1031208960)
                              [N3:X] MOTOR_I 0 0 (0)
                              [N3:X] [undefined] 61 119 0 0 (1031208960)
2026-03-20 18:59:33:335 [IN ] C8 24 03 18 25 A5 03 01 31 03 CF 00 00 07 89 25 A5 03 01 31 05 E6 3D 77 00 00 D4 6F 00 C8 24 03 18 25 A5 03 01 31 03 CF 00 00 07 89 25 A5 03 01 31 05 E6 3D 77 00 00 D4 6F 00 (58)
                              [N3:X] MOTOR_I 0 0 (0)
                              [N3:X] [undefined] 61 119 0 0 (1031208960)
                              [N3:X] MOTOR_I 0 0 (0)
                              [N3:X] [undefined] 61 119 0 0 (1031208960)
2026-03-20 18:59:33:536 [IN ] C8 24 03 18 25 A5 03 01 31 03 CF 00 00 07 89 25 A5 03 01 31 05 E6 3D 77 00 00 D4 6F 00 C8 24 03 18 25 A5 03 01 31 03 CF 00 00 07 89 25 A5 03 01 31 05 E6 3D 77 00 00 D4 6F 00 (58)
                              [N3:X] MOTOR_I 0 0 (0)
                              [N3:X] [undefined] 61 119 0 0 (1031208960)
                              [N3:X] MOTOR_I 0 0 (0)
                              [N3:X] [undefined] 61 119 0 0 (1031208960)
2026-03-20 18:59:33:737 [IN ] C8 24 03 0E 25 A5 03 01 31 03 CF 00 00 07 89 25 A5 03 01 C8 24 03 0A 01 31 05 E6 3D 77 00 00 D4 6F 89 C8 24 03 15 25 A5 03 01 31 03 CF 00 00 07 89 25 A5 03 01 31 05 E6 3D 77 00 00 (60)
                              [N3:X] MOTOR_I 0 0 (0)
                              [N3:X] [undefined] 61 119 0 0 (1031208960)
                              [N3:X] MOTOR_I 0 0 (0)
2026-03-20 18:59:33:939 [IN ] C8 24 03 1B 00 D4 6F 25 A5 03 01 31 03 CF 00 00 07 89 25 A5 03 01 31 05 E6 3D 77 00 00 D4 6F 03 C8 24 03 18 25 A5 03 01 31 03 CF 00 00 07 89 25 A5 03 01 31 05 E6 3D 77 00 00 D4 6F 00 (61)
                              [N3:X] [undefined] 61 119 0 0 (1031208960)
                              [N3:X] MOTOR_I 0 0 (0)
                              [N3:X] [undefined] 61 119 0 0 (1031208960)
                              [N3:X] MOTOR_I 0 0 (0)
                              [N3:X] [undefined] 61 119 0 0 (1031208960)
2026-03-20 18:59:34:141 [IN ] C8 24 03 18 25 A5 03 01 31 03 CF 00 00 07 89 25 A5 03 01 31 05 E6 3D 77 00 00 D4 6F 00 C8 24 03 18 25 A5 03 01 31 03 CF 00 00 07 89 25 A5 03 01 31 05 E6 3D 77 00 00 D4 6F 00 (58)
                              [N3:X] MOTOR_I 0 0 (0)
                              [N3:X] [undefined] 61 119 0 0 (1031208960)
                              [N3:X] MOTOR_I 0 0 (0)
                              [N3:X] [undefined] 61 119 0 0 (1031208960)
2026-03-20 18:59:34:341 [IN ] C8 24 03 18 25 A5 03 01 31 03 CF 00 00 07 89 25 A5 03 01 31 05 E6 3D 77 00 00 D4 6F 00 C8 24 03 18 25 A5 03 01 31 03 CF 00 00 07 89 25 A5 03 01 31 05 E6 3D 77 00 00 D4 6F 00 (58)
                              [N3:X] MOTOR_I 0 0 (0)
                              [N3:X] [undefined] 61 119 0 0 (1031208960)
                              [N3:X] MOTOR_I 0 0 (0)
                              [N3:X] [undefined] 61 119 0 0 (1031208960)
2026-03-20 18:59:34:544 [IN ] C8 24 03 18 25 A5 03 01 31 03 CF 00 00 07 89 25 A5 03 01 31 05 E6 3D 77 00 00 D4 6F 00 C8 24 03 18 25 A5 03 01 31 03 CF 00 00 07 89 25 A5 03 01 31 05 E6 3D 77 00 00 D4 6F 00 (58)
                              [N3:X] MOTOR_I 0 0 (0)
                              [N3:X] [undefined] 61 119 0 0 (1031208960)
                              [N3:X] MOTOR_I 0 0 (0)
                              [N3:X] [undefined] 61 119 0 0 (1031208960)
2026-03-20 18:59:34:746 [IN ] C8 24 03 18 25 A5 03 01 31 03 CF 00 00 07 89 25 A5 03 01 31 05 E6 3D 77 00 00 D4 6F 00 C8 24 03 18 25 A5 03 01 31 03 CF 00 00 07 89 25 A5 03 01 31 05 E6 3D 77 00 00 D4 6F 00 (58)
                              [N3:X] MOTOR_I 0 0 (0)
                              [N3:X] [undefined] 61 119 0 0 (1031208960)
                              [N3:X] MOTOR_I 0 0 (0)
                              [N3:X] [undefined] 61 119 0 0 (1031208960)
2026-03-20 18:59:34:947 [IN ] C8 24 03 18 25 A5 03 01 31 03 CF 00 00 07 89 25 A5 03 01 31 05 E6 3D 77 00 00 D4 6F 00 C8 24 03 0E 25 A5 03 01 31 03 CF 00 00 07 89 25 A5 03 01 C8 24 03 0A 01 31 05 E6 3D 77 00 00 D4 6F 89 (63)
                              [N3:X] MOTOR_I 0 0 (0)
                              [N3:X] [undefined] 61 119 0 0 (1031208960)
                              [N3:X] MOTOR_I 0 0 (0)
                              [N3:X] [undefined] 61 119 0 0 (1031208960)
2026-03-20 18:59:35:148 [IN ] C8 24 03 15 25 A5 03 01 31 03 CF 00 00 07 89 25 A5 03 01 31 05 E6 3D 77 00 00 C8 24 03 1B 00 D4 6F 25 A5 03 01 31 03 CF 00 00 07 89 25 A5 03 01 31 05 E6 3D 77 00 00 D4 6F 03 (58)
                              [N3:X] MOTOR_I 0 0 (0)
                              [N3:X] [undefined] 61 119 0 0 (1031208960)
                              [N3:X] MOTOR_I 0 0 (0)
                              [N3:X] [undefined] 61 119 0 0 (1031208960)
2026-03-20 18:59:35:350 [IN ] C8 24 03 18 25 A5 03 01 31 03 CF 00 00 07 89 25 A5 03 01 31 05 E6 3D 77 00 00 D4 6F 00 C8 24 03 18 25 A5 03 01 31 03 CF 00 00 07 89 25 A5 03 01 31 05 E6 3D 77 00 00 D4 6F 00 (58)
                              [N3:X] MOTOR_I 0 0 (0)
                              [N3:X] [undefined] 61 119 0 0 (1031208960)
                              [N3:X] MOTOR_I 0 0 (0)
                              [N3:X] [undefined] 61 119 0 0 (1031208960)
2026-03-20 18:59:35:551 [IN ] C8 24 03 18 25 A5 03 01 31 03 CF 00 00 07 89 25 A5 03 01 31 05 E6 3D 77 00 00 D4 6F 00 C8 24 03 18 25 A5 03 01 31 03 CF 00 00 07 89 25 A5 03 01 31 05 E6 3D 77 00 00 D4 6F 00 (58)
                              [N3:X] MOTOR_I 0 0 (0)
                              [N3:X] [undefined] 61 119 0 0 (1031208960)
                              [N3:X] MOTOR_I 0 0 (0)
                              [N3:X] [undefined] 61 119 0 0 (1031208960)
2026-03-20 18:59:35:753 [IN ] C8 24 03 18 25 A5 03 01 31 03 CF 00 00 07 89 25 A5 03 01 31 05 E6 3D 77 00 00 D4 6F 00 C8 24 03 18 25 A5 03 01 31 03 CF 00 00 07 89 25 A5 03 01 31 05 E6 3D 77 00 00 D4 6F 00 C8 24 05 0B 25 A5 
05 01 31 03 81 5A 4C 61 AD 25 C8 24 05 0A 25 A5 05 01 31 02 81 49 03 38 AD (89)
                              [N3:X] MOTOR_I 0 0 (0)
                              [N3:X] [undefined] 61 119 0 0 (1031208960)
                              [N3:X] MOTOR_I 0 0 (0)
                              [N3:X] [undefined] 61 119 0 0 (1031208960)
                              [N5:V] TPOS 'Z' 76 (76)
                              [N5:V] TPOS 'I'
2026-03-20 18:59:35:955 [IN ] C8 24 03 18 25 A5 03 01 31 03 CF 00 00 07 89 25 A5 03 01 31 05 E6 3D 77 00 00 D4 6F 00 C8 24 03 18 25 A5 03 01 31 03 CF 00 00 07 89 25 A5 03 01 31 05 E6 3D 77 00 00 D4 6F 00 (58)
                              [N3:X] MOTOR_I 0 0 (0)
                              [N3:X] [undefined] 61 119 0 0 (1031208960)
                              [N3:X] MOTOR_I 0 0 (0)
                              [N3:X] [undefined] 61 119 0 0 (1031208960)
2026-03-20 18:59:35:976 [OUT] 25 A5 01 05 31 03 C9 3D 09 49 04 (11)
                              [N5:V] LFLAG '=' 9 (9)
2026-03-20 18:59:36:019 [IN ] C8 24 03 18 25 A5 03 01 31 03 CF 00 00 07 89 25 A5 03 01 31 05 E6 3D 77 00 00 D4 6F 00 (29)
                              [N3:X] MOTOR_I 0 0 (0)
                              [N3:X] [undefined] 61 119 0 0 (1031208960)
2026-03-20 18:59:36:121 [IN ] C8 24 03 18 25 A5 03 01 31 03 CF 00 00 07 89 25 A5 03 01 31 05 E6 3D 77 00 00 D4 6F 00 (29)
                              [N3:X] MOTOR_I 0 0 (0)
                              [N3:X] [undefined] 61 119 0 0 (1031208960)
2026-03-20 18:59:36:141 [IN ] C8 24 05 0B 25 A5 05 01 31 03 C9 3A 09 46 02 25 (16)
                              [N5:V] LFLAG ':' 9 (9)
2026-03-20 18:59:36:165 [OUT] 25 A5 01 05 31 03 84 00 50 0E 02 (11)
                              [N5:V] VEL 0 80 (80)
2026-03-20 18:59:36:207 [IN ] C8 24 08 0B 25 A5 08 01 31 03 81 5A 52 6A C8 25 (16)
                              [N8:R] TPOS 'Z' 82 (82)
2026-03-20 18:59:36:229 [IN ] C8 24 03 0E 25 A5 03 01 31 03 CF 00 00 07 89 25 A5 03 01 C8 24 03 0A 01 31 05 E6 3D 77 00 00 D4 6F 89 (34)
                              [N3:X] MOTOR_I 0 0 (0)
                              [N3:X] [undefined] 61 119 0 0 (1031208960)
2026-03-20 18:59:36:254 [IN ] C8 24 08 0A 25 A5 08 01 31 02 81 49 06 4A 89 (15)
                              [N8:R] TPOS 'I'
2026-03-20 18:59:36:297 [OUT] 25 A5 01 08 31 03 CA 3D 09 4D 19 (11)
                              [N8:R] RFLAG '=' 9 (9)
2026-03-20 18:59:36:321 [IN ] C8 24 03 18 25 A5 03 01 31 03 CF 00 00 07 89 25 A5 03 01 31 05 E6 3D 77 00 00 D4 6F 00 (29)
                              [N3:X] MOTOR_I 0 0 (0)
                              [N3:X] [undefined] 61 119 0 0 (1031208960)
2026-03-20 18:59:36:341 [IN ] C8 24 05 0C 25 A5 05 01 31 04 84 53 00 50 62 C2 A5 (17)
                              [N5:V] VEL 'S' 0 80 (80)
2026-03-20 18:59:36:364 [OUT] 25 A5 01 05 31 05 81 00 19 82 3C 94 B6 (13)
                              [N5:V] TPOS 0 25 130 60 (1671740)
2026-03-20 18:59:36:406 [IN ] C8 24 03 18 25 A5 03 01 31 03 CF 00 00 07 89 25 A5 03 01 31 05 E6 3D 77 00 00 D4 6F 00 (29)
                              [N3:X] MOTOR_I 0 0 (0)
                              [N3:X] [undefined] 61 119 0 0 (1031208960)
2026-03-20 18:59:36:468 [IN ] C8 24 08 0B 25 A5 08 01 31 03 CA 3A 09 4A 1A 25 (16)
                              [N8:R] RFLAG ':' 9 (9)
2026-03-20 18:59:36:489 [OUT] 25 A5 01 08 31 05 81 FF DC 77 1D 2F DE (13)
                              [N8:R] TPOS 255 220 119 29 (-2328803)
2026-03-20 18:59:36:531 [IN ] C8 24 03 18 25 A5 03 01 31 03 CF 00 00 07 89 25 A5 03 01 31 05 E6 3D 77 00 00 D4 6F 00 (29)
                              [N3:X] MOTOR_I 0 0 (0)
                              [N3:X] [undefined] 61 119 0 0 (1031208960)
2026-03-20 18:59:36:593 [IN ] C8 24 05 0E 25 A5 05 01 31 06 81 53 00 00 00 00 11 92 01 (19)
                              [N5:V] TPOS 'S' 0 0 0 0 (0)
2026-03-20 18:59:36:615 [IN ] C8 24 03 18 25 A5 03 01 31 03 CF 00 00 07 89 25 A5 03 01 31 05 E6 3D 77 00 00 D4 6F 00 (29)
                              [N3:X] MOTOR_I 0 0 (0)
                              [N3:X] [undefined] 61 119 0 0 (1031208960)
2026-03-20 18:59:36:717 [IN ] C8 24 03 (3)
2026-03-20 18:59:36:739 [IN ] 18 25 A5 03 01 31 03 CF 00 00 07 89 25 A5 03 01 31 05 E6 3D 77 00 00 D4 6F 00 C8 24 08 0E 25 A5 08 01 31 06 81 53 FF FF FF C2 D3 69 01 (45)
                              [N3:X] MOTOR_I 0 0 (0)
                              [N3:X] [undefined] 61 119 0 0 (1031208960)
                              [N8:R] TPOS 'S' 255 255 255 194 (-62)
2026-03-20 18:59:36:940 [IN ] C8 24 03 18 25 A5 03 01 31 03 CF 00 00 07 89 25 A5 03 01 31 05 E6 3D 77 00 00 D4 6F 00 C8 24 03 18 25 A5 03 01 31 03 CF 00 00 07 89 25 A5 03 01 31 05 E6 3D 77 00 00 D4 6F 00 (58)
                              [N3:X] MOTOR_I 0 0 (0)
                              [N3:X] [undefined] 61 119 0 0 (1031208960)
                              [N3:X] MOTOR_I 0 0 (0)
                              [N3:X] [undefined] 61 119 0 0 (1031208960)
2026-03-20 18:59:37:141 [IN ] C8 24 03 18 25 A5 03 01 31 03 CF 00 00 07 89 25 A5 03 01 31 05 E6 3D 77 00 00 D4 6F 00 C8 24 03 18 25 A5 03 01 31 03 CF 00 00 07 89 25 A5 03 01 31 05 E6 3D 77 00 00 D4 6F 00 (58)
                              [N3:X] MOTOR_I 0 0 (0)
                              [N3:X] [undefined] 61 119 0 0 (1031208960)
                              [N3:X] MOTOR_I 0 0 (0)
                              [N3:X] [undefined] 61 119 0 0 (1031208960)
2026-03-20 18:59:37:342 [IN ] C8 24 03 18 25 A5 03 01 31 03 CF 00 00 07 89 25 A5 03 01 31 05 E6 3D 77 00 00 D4 6F 00 C8 24 07 0E 25 A5 07 01 31 06 81 45 FF AB 14 90 53 15 01 C8 24 03 18 25 A5 03 01 31 03 CF 00 00 07 89 25 
A5 03 01 31 05 E6 3D 77 00 00 D4 6F 00 (77)
                              [N3:X] MOTOR_I 0 0 (0)
                              [N3:X] [undefined] 61 119 0 0 (1031208960)
                              [N7:N] TPOS 'E' 255 171 20 144 (-5565296)
                              [N3:X] MOTOR_I 0 0 (0)
                              [N3:X] [undefined] 61 119 0 0 (1031208960)
2026-03-20 18:59:37:544 [IN ] C8 24 03 18 25 A5 03 01 31 03 CF 00 00 07 89 25 A5 03 01 31 05 E6 3D 77 00 00 D4 6F 00 C8 24 03 15 25 A5 03 01 31 03 CF 00 00 07 89 25 A5 03 01 31 05 E6 3D 77 00 00 (55)
                              [N3:X] MOTOR_I 0 0 (0)
                              [N3:X] [undefined] 61 119 0 0 (1031208960)
                              [N3:X] MOTOR_I 0 0 (0)
2026-03-20 18:59:37:746 [IN ] C8 24 03 1B 00 D4 6F 25 A5 03 01 31 03 CF 00 00 07 89 25 A5 03 01 31 05 E6 3D 77 00 00 D4 6F 03 C8 24 03 18 25 A5 03 01 31 03 CF 00 00 07 89 25 A5 03 01 31 05 E6 3D 77 00 00 D4 6F 00 (61)
                              [N3:X] [undefined] 61 119 0 0 (1031208960)
                              [N3:X] MOTOR_I 0 0 (0)
                              [N3:X] [undefined] 61 119 0 0 (1031208960)
                              [N3:X] MOTOR_I 0 0 (0)
                              [N3:X] [undefined] 61 119 0 0 (1031208960)
2026-03-20 18:59:37:767 [OUT] 25 A5 01 07 31 05 81 FF F3 35 BF A5 39 (13)
                              [N7:N] TPOS 255 243 53 191 (-838209)
2026-03-20 18:59:37:830 [IN ] C8 24 03 18 25 A5 03 01 31 03 CF 00 00 07 89 25 A5 03 01 31 05 E6 3D 77 00 00 D4 6F 00 (29)
                              [N3:X] MOTOR_I 0 0 (0)
                              [N3:X] [undefined] 61 119 0 0 (1031208960)
2026-03-20 18:59:37:933 [IN ] C8 24 03 18 25 A5 03 01 31 03 CF 00 00 07 89 25 A5 03 01 31 05 E6 3D 77 00 00 D4 6F 00 (29)
                              [N3:X] MOTOR_I 0 0 (0)
                              [N3:X] [undefined] 61 119 0 0 (1031208960)
2026-03-20 18:59:37:954 [IN ] C8 24 07 0E 25 A5 07 01 31 06 81 53 FF AB 14 92 63 5D 01 (19)
                              [N7:N] TPOS 'S' 255 171 20 146 (-5565294)
2026-03-20 18:59:38:155 [IN ] C8 24 0C 0E 25 A5 0C 01 31 06 81 45 FF BC CE CD 60 2B 01 C8 24 03 18 25 A5 03 01 31 03 CF 00 00 07 89 25 A5 03 01 31 05 E6 3D 77 00 00 D4 6F 00 C8 24 03 18 25 A5 03 01 31 03 CF 00 00 07 89 25 
A5 03 01 31 05 E6 3D 77 00 00 D4 6F 00 (77)
                              [N12:Z] TPOS 'E' 255 188 206 205 (-4403507)
                              [N3:X] MOTOR_I 0 0 (0)
                              [N3:X] [undefined] 61 119 0 0 (1031208960)
                              [N3:X] MOTOR_I 0 0 (0)
                              [N3:X] [undefined] 61 119 0 0 (1031208960)
2026-03-20 18:59:38:359 [IN ] C8 24 03 18 25 A5 03 01 31 03 CF 00 00 07 89 25 A5 03 01 31 05 E6 3D 77 00 00 D4 6F 00 C8 24 03 18 25 A5 03 01 31 03 CF 00 00 07 89 25 A5 03 01 31 05 E6 3D 77 00 00 D4 6F 00 (58)
                              [N3:X] MOTOR_I 0 0 (0)
                              [N3:X] [undefined] 61 119 0 0 (1031208960)
                              [N3:X] MOTOR_I 0 0 (0)
                              [N3:X] [undefined] 61 119 0 0 (1031208960)
2026-03-20 18:59:38:561 [IN ] C8 24 03 18 25 A5 03 01 31 03 CF 00 00 07 89 25 A5 03 01 31 05 E6 3D 77 00 00 D4 6F 00 C8 24 03 18 25 A5 03 01 31 03 CF 00 00 07 89 25 A5 03 01 31 05 E6 3D 77 00 00 D4 6F 00 (58)
                              [N3:X] MOTOR_I 0 0 (0)
                              [N3:X] [undefined] 61 119 0 0 (1031208960)
                              [N3:X] MOTOR_I 0 0 (0)
                              [N3:X] [undefined] 61 119 0 0 (1031208960)
2026-03-20 18:59:38:582 [OUT] 25 A5 01 0C 31 05 81 FF D1 1A 67 15 6D (13)
                              [N12:Z] TPOS 255 209 26 103 (-3073433)
2026-03-20 18:59:38:644 [IN ] C8 24 03 18 25 A5 03 01 31 03 CF 00 00 07 89 25 A5 03 01 31 05 E6 3D 77 00 00 D4 6F 00 (29)
                              [N3:X] MOTOR_I 0 0 (0)
                              [N3:X] [undefined] 61 119 0 0 (1031208960)
2026-03-20 18:59:38:727 [IN ] C8 24 03 0E 25 A5 03 01 31 03 CF 00 00 07 89 25 A5 03 01 (19)
                              [N3:X] MOTOR_I 0 0 (0)
2026-03-20 18:59:38:748 [IN ] C8 24 03 0A 01 31 05 E6 3D 77 00 00 D4 6F 89 (15)
                              [N3:X] [undefined] 61 119 0 0 (1031208960)
2026-03-20 18:59:38:769 [IN ] C8 24 0C 0E 25 A5 0C 01 31 06 81 53 FF BC CE E4 85 88 01 (19)
                              [N12:Z] TPOS 'S' 255 188 206 228 (-4403484)
2026-03-20 18:59:38:971 [IN ] C8 24 03 15 25 A5 03 01 31 03 CF 00 00 07 89 25 A5 03 01 31 05 E6 3D 77 00 00 C8 24 03 1B 00 D4 6F 25 A5 03 01 31 03 CF 00 00 07 89 25 A5 03 01 31 05 E6 3D 77 00 00 D4 6F 03 (58)
                              [N3:X] MOTOR_I 0 0 (0)
                              [N3:X] [undefined] 61 119 0 0 (1031208960)
                              [N3:X] MOTOR_I 0 0 (0)
                              [N3:X] [undefined] 61 119 0 0 (1031208960)
2026-03-20 18:59:39:173 [IN ] C8 24 03 18 25 A5 03 01 31 03 CF 00 00 07 89 25 A5 03 01 31 05 E6 3D 77 00 00 D4 6F 00 C8 24 03 18 25 A5 03 01 31 03 CF 00 00 07 89 25 A5 03 01 31 05 E6 3D 77 00 00 D4 6F 00 (58)
                              [N3:X] MOTOR_I 0 0 (0)
                              [N3:X] [undefined] 61 119 0 0 (1031208960)
                              [N3:X] MOTOR_I 0 0 (0)
                              [N3:X] [undefined] 61 119 0 0 (1031208960)
2026-03-20 18:59:39:375 [IN ] C8 24 03 18 25 A5 03 01 31 03 CF 00 00 07 89 25 A5 03 01 31 05 E6 3D 77 00 00 D4 6F 00 C8 24 03 18 25 A5 03 01 31 03 CF 00 00 07 89 25 A5 03 01 31 05 E6 3D 77 00 00 D4 6F 00 (58)
                              [N3:X] MOTOR_I 0 0 (0)
                              [N3:X] [undefined] 61 119 0 0 (1031208960)
                              [N3:X] MOTOR_I 0 0 (0)
                              [N3:X] [undefined] 61 119 0 0 (1031208960)
2026-03-20 18:59:39:576 [IN ] C8 24 03 18 25 A5 03 01 31 03 CF 00 00 07 89 25 A5 03 01 31 05 E6 3D 77 00 00 D4 6F 00 C8 24 03 18 25 A5 03 01 31 03 CF 00 00 07 89 25 A5 03 01 31 05 E6 3D 77 00 00 D4 6F 00 (58)
                              [N3:X] MOTOR_I 0 0 (0)
                              [N3:X] [undefined] 61 119 0 0 (1031208960)
                              [N3:X] MOTOR_I 0 0 (0)
                              [N3:X] [undefined] 61 119 0 0 (1031208960)
2026-03-20 18:59:39:777 [IN ] C8 24 03 18 25 A5 03 01 31 03 CF 00 00 07 89 25 A5 03 01 31 05 E6 3D 77 00 00 D4 6F 00 C8 24 03 18 25 A5 03 01 31 03 CF 00 00 07 89 25 A5 03 01 31 05 E6 3D 77 00 00 D4 6F 00 (58)
                              [N3:X] MOTOR_I 0 0 (0)
                              [N3:X] [undefined] 61 119 0 0 (1031208960)
                              [N3:X] MOTOR_I 0 0 (0)
                              [N3:X] [undefined] 61 119 0 0 (1031208960)
2026-03-20 18:59:39:978 [IN ] C8 24 03 18 25 A5 03 01 31 03 CF 00 00 07 89 25 A5 03 01 31 05 E6 3D 77 00 00 D4 6F 00 C8 24 03 18 25 A5 03 01 31 03 CF 00 00 07 89 25 A5 03 01 31 05 E6 3D 77 00 00 D4 6F 00 (58)
                              [N3:X] MOTOR_I 0 0 (0)
                              [N3:X] [undefined] 61 119 0 0 (1031208960)
                              [N3:X] MOTOR_I 0 0 (0)
                              [N3:X] [undefined] 61 119 0 0 (1031208960)
2026-03-20 18:59:40:180 [IN ] C8 24 03 0E 25 A5 03 01 31 03 CF 00 00 07 89 25 A5 03 01 C8 24 03 0A 01 31 05 E6 3D 77 00 00 D4 6F 89 C8 24 03 18 25 A5 03 01 31 03 CF 00 00 07 89 25 A5 03 01 31 05 E6 3D 77 00 00 D4 6F 00 (63)
                              [N3:X] MOTOR_I 0 0 (0)
                              [N3:X] [undefined] 61 119 0 0 (1031208960)
                              [N3:X] MOTOR_I 0 0 (0)
                              [N3:X] [undefined] 61 119 0 0 (1031208960)
2026-03-20 18:59:40:382 [IN ] C8 24 03 18 25 A5 03 01 31 03 CF 00 00 07 89 25 A5 03 01 31 05 E6 3D 77 00 00 D4 6F 00 C8 24 03 18 25 A5 03 01 31 03 CF 00 00 07 89 25 A5 03 01 31 05 E6 3D 77 00 00 D4 6F 00 (58)
                              [N3:X] MOTOR_I 0 0 (0)
                              [N3:X] [undefined] 61 119 0 0 (1031208960)
                              [N3:X] MOTOR_I 0 0 (0)
                              [N3:X] [undefined] 61 119 0 0 (1031208960)
2026-03-20 18:59:40:583 [IN ] C8 24 03 18 25 A5 03 01 31 03 CF 00 00 07 89 25 A5 03 01 31 05 E6 3D 77 00 00 D4 6F 00 C8 24 03 18 25 A5 03 01 31 03 CF 00 00 07 89 25 A5 03 01 31 05 E6 3D 77 00 00 D4 6F 00 (58)
                              [N3:X] MOTOR_I 0 0 (0)
                              [N3:X] [undefined] 61 119 0 0 (1031208960)
                              [N3:X] MOTOR_I 0 0 (0)
                              [N3:X] [undefined] 61 119 0 0 (1031208960)
2026-03-20 18:59:40:785 [IN ] C8 24 03 18 25 A5 03 01 31 03 CF 00 00 07 89 25 A5 03 01 31 05 E6 3D 77 00 00 D4 6F 00 C8 24 03 18 25 A5 03 01 31 03 CF 00 00 07 89 25 A5 03 01 31 05 E6 3D 77 00 00 D4 6F 00 (58)
                              [N3:X] MOTOR_I 0 0 (0)
                              [N3:X] [undefined] 61 119 0 0 (1031208960)
                              [N3:X] MOTOR_I 0 0 (0)
                              [N3:X] [undefined] 61 119 0 0 (1031208960)
2026-03-20 18:59:40:986 [IN ] C8 24 03 18 25 A5 03 01 31 03 CF 00 00 07 89 25 A5 03 01 31 05 E6 3D 77 00 00 D4 6F 00 C8 24 03 18 25 A5 03 01 31 03 CF 00 00 07 89 25 A5 03 01 31 05 E6 3D 77 00 00 D4 6F 00 (58)
                              [N3:X] MOTOR_I 0 0 (0)
                              [N3:X] [undefined] 61 119 0 0 (1031208960)
                              [N3:X] MOTOR_I 0 0 (0)
                              [N3:X] [undefined] 61 119 0 0 (1031208960)
2026-03-20 18:59:41:188 [IN ] C8 24 03 18 25 A5 03 01 31 03 CF 00 00 07 89 25 A5 03 01 31 05 E6 3D 77 00 00 D4 6F 00 C8 24 03 18 25 A5 03 01 31 03 CF 00 00 07 89 25 A5 03 01 31 05 E6 3D 77 00 00 D4 6F 00 (58)
                              [N3:X] MOTOR_I 0 0 (0)
                              [N3:X] [undefined] 61 119 0 0 (1031208960)
                              [N3:X] MOTOR_I 0 0 (0)
                              [N3:X] [undefined] 61 119 0 0 (1031208960)
2026-03-20 18:59:41:390 [IN ] C8 24 03 0E 25 A5 03 01 31 03 CF 00 00 07 89 25 A5 03 01 C8 24 03 0A 01 31 05 E6 3D 77 00 00 D4 6F 89 C8 24 03 15 25 A5 03 01 31 03 CF 00 00 07 89 25 A5 03 01 31 05 E6 3D 77 00 00 (60)
                              [N3:X] MOTOR_I 0 0 (0)
                              [N3:X] [undefined] 61 119 0 0 (1031208960)
                              [N3:X] MOTOR_I 0 0 (0)
2026-03-20 18:59:41:591 [IN ] C8 24 03 1B 00 D4 6F 25 A5 03 01 31 03 CF 00 00 07 89 25 A5 03 01 31 05 E6 3D 77 00 00 D4 6F 03 C8 24 03 18 25 A5 03 01 31 03 CF 00 00 07 89 25 A5 03 01 31 05 E6 3D 77 00 00 D4 6F 00 (61)
                              [N3:X] [undefined] 61 119 0 0 (1031208960)
                              [N3:X] MOTOR_I 0 0 (0)
                              [N3:X] [undefined] 61 119 0 0 (1031208960)
                              [N3:X] MOTOR_I 0 0 (0)
                              [N3:X] [undefined] 61 119 0 0 (1031208960)
2026-03-20 18:59:41:793 [IN ] C8 24 03 18 25 A5 03 01 31 03 CF 00 00 07 89 25 A5 03 01 31 05 E6 3D 77 00 00 D4 6F 00 C8 24 03 18 25 A5 03 01 31 03 CF 00 00 07 89 25 A5 03 01 31 05 E6 3D 77 00 00 D4 6F 00 (58)
                              [N3:X] MOTOR_I 0 0 (0)
                              [N3:X] [undefined] 61 119 0 0 (1031208960)
                              [N3:X] MOTOR_I 0 0 (0)
                              [N3:X] [undefined] 61 119 0 0 (1031208960)
2026-03-20 18:59:41:996 [IN ] C8 24 03 18 25 A5 03 01 31 03 CF 00 00 07 89 25 A5 03 01 31 05 E6 3D 77 00 00 D4 6F 00 C8 24 03 18 25 A5 03 01 31 03 CF 00 00 07 89 25 A5 03 01 31 05 E6 3D 77 00 00 D4 6F 00 (58)
                              [N3:X] MOTOR_I 0 0 (0)
                              [N3:X] [undefined] 61 119 0 0 (1031208960)
                              [N3:X] MOTOR_I 0 0 (0)
                              [N3:X] [undefined] 61 119 0 0 (1031208960)
2026-03-20 18:59:42:198 [IN ] C8 24 03 18 25 A5 03 01 31 03 CF 00 00 07 89 25 A5 03 01 31 05 E6 3D 77 00 00 D4 6F 00 C8 24 03 18 25 A5 03 01 31 03 CF 00 00 07 89 25 A5 03 01 31 05 E6 3D 77 00 00 D4 6F 00 (58)
                              [N3:X] MOTOR_I 0 0 (0)
                              [N3:X] [undefined] 61 119 0 0 (1031208960)
                              [N3:X] MOTOR_I 0 0 (0)
                              [N3:X] [undefined] 61 119 0 0 (1031208960)
2026-03-20 18:59:42:399 [IN ] C8 24 03 18 25 A5 03 01 31 03 CF 00 00 07 89 25 A5 03 01 31 05 E6 3D 77 00 00 D4 6F 00 C8 24 03 18 25 A5 03 01 31 03 CF 00 00 07 89 25 A5 03 01 31 05 E6 3D 77 00 00 D4 6F 00 (58)
                              [N3:X] MOTOR_I 0 0 (0)
                              [N3:X] [undefined] 61 119 0 0 (1031208960)
                              [N3:X] MOTOR_I 0 0 (0)
                              [N3:X] [undefined] 61 119 0 0 (1031208960)
2026-03-20 18:59:42:600 [IN ] C8 24 03 18 25 A5 03 01 31 03 CF 00 00 07 89 25 A5 03 01 31 05 E6 3D 77 00 00 D4 6F 00 C8 24 03 0E 25 A5 03 01 31 03 CF 00 00 07 89 25 A5 03 01 C8 24 03 0A 01 31 05 E6 3D 77 00 00 D4 6F 89 (63)
                              [N3:X] MOTOR_I 0 0 (0)
                              [N3:X] [undefined] 61 119 0 0 (1031208960)
                              [N3:X] MOTOR_I 0 0 (0)
                              [N3:X] [undefined] 61 119 0 0 (1031208960)
2026-03-20 18:59:42:802 [IN ] C8 24 03 15 25 A5 03 01 31 03 CF 00 00 07 89 25 A5 03 01 31 05 E6 3D 77 00 00 C8 24 03 1B 00 D4 6F 25 A5 03 01 31 03 CF 00 00 07 89 25 A5 03 01 31 05 E6 3D 77 00 00 D4 6F 03 (58)
                              [N3:X] MOTOR_I 0 0 (0)
                              [N3:X] [undefined] 61 119 0 0 (1031208960)
                              [N3:X] MOTOR_I 0 0 (0)
                              [N3:X] [undefined] 61 119 0 0 (1031208960)
2026-03-20 18:59:43:003 [IN ] C8 24 03 18 25 A5 03 01 31 03 CF 00 00 07 89 25 A5 03 01 31 05 E6 3D 77 00 00 D4 6F 00 C8 24 03 18 25 A5 03 01 31 03 CF 00 00 07 89 25 A5 03 01 31 05 E6 3D 77 00 00 D4 6F 00 (58)
                              [N3:X] MOTOR_I 0 0 (0)
                              [N3:X] [undefined] 61 119 0 0 (1031208960)
                              [N3:X] MOTOR_I 0 0 (0)
                              [N3:X] [undefined] 61 119 0 0 (1031208960)
2026-03-20 18:59:43:204 [IN ] C8 24 03 18 25 A5 03 01 31 03 CF 00 00 07 89 25 A5 03 01 31 05 E6 3D 77 00 00 D4 6F 00 C8 24 03 18 25 A5 03 01 31 03 CF 00 00 07 89 25 A5 03 01 31 05 E6 3D 77 00 00 D4 6F 00 (58)
                              [N3:X] MOTOR_I 0 0 (0)
                              [N3:X] [undefined] 61 119 0 0 (1031208960)
                              [N3:X] MOTOR_I 0 0 (0)
                              [N3:X] [undefined] 61 119 0 0 (1031208960)
2026-03-20 18:59:43:406 [IN ] C8 24 03 18 25 A5 03 01 31 03 CF 00 00 07 89 25 A5 03 01 31 05 E6 3D 77 00 00 D4 6F 00 C8 24 03 18 25 A5 03 01 31 03 CF 00 00 07 89 25 A5 03 01 31 05 E6 3D 77 00 00 D4 6F 00 (58)
                              [N3:X] MOTOR_I 0 0 (0)
                              [N3:X] [undefined] 61 119 0 0 (1031208960)
                              [N3:X] MOTOR_I 0 0 (0)
                              [N3:X] [undefined] 61 119 0 0 (1031208960)
2026-03-20 18:59:43:607 [IN ] C8 24 03 18 25 A5 03 01 31 03 CF 00 00 07 89 25 A5 03 01 31 05 E6 3D 77 00 00 D4 6F 00 C8 24 03 18 25 A5 03 01 31 03 CF 00 00 07 89 25 A5 03 01 31 05 E6 3D 77 00 00 D4 6F 00 (58)
                              [N3:X] MOTOR_I 0 0 (0)
                              [N3:X] [undefined] 61 119 0 0 (1031208960)
                              [N3:X] MOTOR_I 0 0 (0)
                              [N3:X] [undefined] 61 119 0 0 (1031208960)
2026-03-20 18:59:43:808 [IN ] C8 24 03 18 25 A5 03 01 31 03 CF 00 00 07 89 25 A5 03 01 31 05 E6 3D 77 00 00 D4 6F 00 C8 24 03 18 25 A5 03 01 31 03 CF 00 00 07 89 25 A5 03 01 31 05 E6 3D 77 00 00 D4 6F 00 (58)
                              [N3:X] MOTOR_I 0 0 (0)
                              [N3:X] [undefined] 61 119 0 0 (1031208960)
                              [N3:X] MOTOR_I 0 0 (0)
                              [N3:X] [undefined] 61 119 0 0 (1031208960)
2026-03-20 18:59:44:010 [IN ] C8 24 03 0E 25 A5 03 01 31 03 CF 00 00 07 89 25 A5 03 01 C8 24 03 0A 01 31 05 E6 3D 77 00 00 D4 6F 89 C8 24 03 18 25 A5 03 01 31 03 CF 00 00 07 89 25 A5 03 01 31 05 E6 3D 77 00 00 D4 6F 00 (63)
                              [N3:X] MOTOR_I 0 0 (0)
                              [N3:X] [undefined] 61 119 0 0 (1031208960)
                              [N3:X] MOTOR_I 0 0 (0)
                              [N3:X] [undefined] 61 119 0 0 (1031208960)
2026-03-20 18:59:44:211 [IN ] C8 24 03 18 25 A5 03 01 31 03 CF 00 00 07 89 25 A5 03 01 31 05 E6 3D 77 00 00 D4 6F 00 C8 24 03 18 25 A5 03 01 31 03 CF 00 00 07 89 25 A5 03 01 31 05 E6 3D 77 00 00 D4 6F 00 (58)
                              [N3:X] MOTOR_I 0 0 (0)
                              [N3:X] [undefined] 61 119 0 0 (1031208960)
                              [N3:X] MOTOR_I 0 0 (0)
                              [N3:X] [undefined] 61 119 0 0 (1031208960)
2026-03-20 18:59:44:412 [IN ] C8 24 03 18 25 A5 03 01 31 03 CF 00 00 07 89 25 A5 03 01 31 05 E6 3D 77 00 00 D4 6F 00 C8 24 03 18 25 A5 03 01 31 03 CF 00 00 07 89 25 A5 03 01 31 05 E6 3D 77 00 00 D4 6F 00 (58)
                              [N3:X] MOTOR_I 0 0 (0)
                              [N3:X] [undefined] 61 119 0 0 (1031208960)
                              [N3:X] MOTOR_I 0 0 (0)
                              [N3:X] [undefined] 61 119 0 0 (1031208960)
2026-03-20 18:59:44:613 [IN ] C8 24 03 18 25 A5 03 01 31 03 CF 00 00 07 89 25 A5 03 01 31 05 E6 3D 77 00 00 D4 6F 00 C8 24 05 0E 25 A5 05 01 31 06 81 45 00 19 85 F1 92 92 01 C8 24 03 18 25 A5 03 01 31 03 CF 00 00 07 89 25 
A5 03 01 31 05 E6 3D 77 00 00 D4 6F 00 (77)
                              [N3:X] MOTOR_I 0 0 (0)
                              [N3:X] [undefined] 61 119 0 0 (1031208960)
                              [N5:V] TPOS 'E' 0 25 133 241 (1672689)
                              [N3:X] MOTOR_I 0 0 (0)
                              [N3:X] [undefined] 61 119 0 0 (1031208960)
2026-03-20 18:59:44:816 [IN ] C8 24 03 18 25 A5 03 01 31 03 CF 00 00 07 89 25 A5 03 01 31 05 E6 3D 77 00 00 D4 6F 00 C8 24 03 18 25 A5 03 01 31 03 CF 00 00 07 89 25 A5 03 01 31 05 E6 3D 77 00 00 D4 6F 00 (58)
                              [N3:X] MOTOR_I 0 0 (0)
                              [N3:X] [undefined] 61 119 0 0 (1031208960)
                              [N3:X] MOTOR_I 0 0 (0)
                              [N3:X] [undefined] 61 119 0 0 (1031208960)
2026-03-20 18:59:45:017 [IN ] C8 24 03 18 25 A5 03 01 31 03 CF 00 00 07 89 25 A5 03 01 31 05 E6 3D 77 00 00 D4 6F 00 C8 24 03 18 25 A5 03 01 31 03 CF 00 00 07 89 25 A5 03 01 31 05 E6 3D 77 00 00 D4 6F 00 (58)
                              [N3:X] MOTOR_I 0 0 (0)
                              [N3:X] [undefined] 61 119 0 0 (1031208960)
                              [N3:X] MOTOR_I 0 0 (0)
                              [N3:X] [undefined] 61 119 0 0 (1031208960)
2026-03-20 18:59:45:039 [OUT] 25 A5 01 05 31 05 81 00 0D 03 C1 8E 19 (13)
                              [N5:V] TPOS 0 13 3 193 (852929)
2026-03-20 18:59:45:101 [IN ] C8 24 03 18 25 A5 03 01 31 03 CF 00 00 07 89 25 A5 03 01 31 05 E6 3D 77 00 00 D4 6F 00 (29)
                              [N3:X] MOTOR_I 0 0 (0)
                              [N3:X] [undefined] 61 119 0 0 (1031208960)
2026-03-20 18:59:45:184 [IN ] C8 24 03 15 25 A5 03 01 31 03 CF 00 00 07 89 25 A5 03 01 31 05 E6 3D 77 00 00 (26)
                              [N3:X] MOTOR_I 0 0 (0)
2026-03-20 18:59:45:227 [IN ] C8 24 05 0E 25 A5 05 01 31 06 81 53 00 19 85 F1 A0 D8 01 (19)
                              [N5:V] TPOS 'S' 0 25 133 241 (1672689)
2026-03-20 18:59:45:429 [IN ] C8 24 03 1B 00 D4 6F 25 A5 03 01 31 03 CF 00 00 07 89 25 A5 03 01 31 05 E6 3D 77 00 00 D4 6F 03 C8 24 03 18 25 A5 03 01 31 03 CF 00 00 07 89 25 A5 03 01 31 05 E6 3D 77 00 00 D4 6F 00 (61)
                              [N3:X] [undefined] 61 119 0 0 (1031208960)
                              [N3:X] MOTOR_I 0 0 (0)
                              [N3:X] [undefined] 61 119 0 0 (1031208960)
                              [N3:X] MOTOR_I 0 0 (0)
                              [N3:X] [undefined] 61 119 0 0 (1031208960)
2026-03-20 18:59:45:630 [IN ] C8 24 03 18 25 A5 03 01 31 03 CF 00 00 07 89 25 A5 03 01 31 05 E6 3D 77 00 00 D4 6F 00 C8 24 03 18 25 A5 03 01 31 03 CF 00 00 07 89 25 A5 03 01 31 05 E6 3D 77 00 00 D4 6F 00 (58)
                              [N3:X] MOTOR_I 0 0 (0)
                              [N3:X] [undefined] 61 119 0 0 (1031208960)
                              [N3:X] MOTOR_I 0 0 (0)
                              [N3:X] [undefined] 61 119 0 0 (1031208960)
2026-03-20 18:59:45:831 [IN ] C8 24 03 18 25 A5 03 01 31 03 CF 00 00 07 89 25 A5 03 01 31 05 E6 3D 77 00 00 D4 6F 00 C8 24 03 18 25 A5 03 01 31 03 CF 00 00 07 89 25 A5 03 01 31 05 E6 3D 77 00 00 D4 6F 00 (58)
                              [N3:X] MOTOR_I 0 0 (0)
                              [N3:X] [undefined] 61 119 0 0 (1031208960)
                              [N3:X] MOTOR_I 0 0 (0)
                              [N3:X] [undefined] 61 119 0 0 (1031208960)
2026-03-20 18:59:46:032 [IN ] C8 24 03 18 25 A5 03 01 31 03 CF 00 00 07 89 25 A5 03 01 31 05 E6 3D 77 00 00 D4 6F 00 C8 24 03 18 25 A5 03 01 31 03 CF 00 00 07 89 25 A5 03 01 31 05 E6 3D 77 00 00 D4 6F 00 (58)
                              [N3:X] MOTOR_I 0 0 (0)
                              [N3:X] [undefined] 61 119 0 0 (1031208960)
                              [N3:X] MOTOR_I 0 0 (0)
                              [N3:X] [undefined] 61 119 0 0 (1031208960)
2026-03-20 18:59:46:234 [IN ] C8 24 03 18 25 A5 03 01 31 03 CF 00 00 07 89 25 A5 03 01 31 05 E6 3D 77 00 00 D4 6F 00 C8 24 0C 0E 25 A5 0C 01 31 06 81 45 FF D1 1C 4B 41 84 01 C8 24 03 18 25 A5 03 01 31 03 CF 00 00 07 89 25 
A5 03 01 31 05 E6 3D 77 00 00 D4 6F 00 (77)
                              [N3:X] MOTOR_I 0 0 (0)
                              [N3:X] [undefined] 61 119 0 0 (1031208960)
                              [N12:Z] TPOS 'E' 255 209 28 75 (-3072949)
                              [N3:X] MOTOR_I 0 0 (0)
                              [N3:X] [undefined] 61 119 0 0 (1031208960)
2026-03-20 18:59:46:436 [IN ] C8 24 03 18 25 A5 03 01 31 03 CF 00 00 07 89 25 A5 03 01 31 05 E6 3D 77 00 00 D4 6F 00 C8 24 03 0E 25 A5 03 01 31 03 CF 00 00 07 89 25 A5 03 01 C8 24 03 0A 01 31 05 E6 3D 77 00 00 D4 6F 89 (63)
                              [N3:X] MOTOR_I 0 0 (0)
                              [N3:X] [undefined] 61 119 0 0 (1031208960)
                              [N3:X] MOTOR_I 0 0 (0)
                              [N3:X] [undefined] 61 119 0 0 (1031208960)
2026-03-20 18:59:46:637 [IN ] C8 24 03 15 25 A5 03 01 31 03 CF 00 00 07 89 25 A5 03 01 31 05 E6 3D 77 00 00 C8 24 03 1B 00 D4 6F 25 A5 03 01 31 03 CF 00 00 07 89 25 A5 03 01 31 05 E6 3D 77 00 00 D4 6F 03 (58)
                              [N3:X] MOTOR_I 0 0 (0)
                              [N3:X] [undefined] 61 119 0 0 (1031208960)
                              [N3:X] MOTOR_I 0 0 (0)
                              [N3:X] [undefined] 61 119 0 0 (1031208960)
2026-03-20 18:59:46:838 [IN ] C8 24 03 18 25 A5 03 01 31 03 CF 00 00 07 89 25 A5 03 01 31 05 E6 3D 77 00 00 D4 6F 00 C8 24 03 18 25 A5 03 01 31 03 CF 00 00 07 89 25 A5 03 01 31 05 E6 3D 77 00 00 D4 6F 00 (58)
                              [N3:X] MOTOR_I 0 0 (0)
                              [N3:X] [undefined] 61 119 0 0 (1031208960)
                              [N3:X] MOTOR_I 0 0 (0)
                              [N3:X] [undefined] 61 119 0 0 (1031208960)
2026-03-20 18:59:47:040 [IN ] C8 24 03 18 25 A5 03 01 31 03 CF 00 00 07 89 25 A5 03 01 31 05 E6 3D 77 00 00 D4 6F 00 C8 24 03 18 25 A5 03 01 31 03 CF 00 00 07 89 25 A5 03 01 31 05 E6 3D 77 00 00 D4 6F 00 (58)
                              [N3:X] MOTOR_I 0 0 (0)
                              [N3:X] [undefined] 61 119 0 0 (1031208960)
                              [N3:X] MOTOR_I 0 0 (0)
                              [N3:X] [undefined] 61 119 0 0 (1031208960)
2026-03-20 18:59:47:241 [IN ] C8 24 03 18 25 A5 03 01 31 03 CF 00 00 07 89 25 A5 03 01 31 05 E6 3D 77 00 00 D4 6F 00 C8 24 03 18 25 A5 03 01 31 03 CF 00 00 07 89 25 A5 03 01 31 05 E6 3D 77 00 00 D4 6F 00 (58)
                              [N3:X] MOTOR_I 0 0 (0)
                              [N3:X] [undefined] 61 119 0 0 (1031208960)
                              [N3:X] MOTOR_I 0 0 (0)
                              [N3:X] [undefined] 61 119 0 0 (1031208960)
2026-03-20 18:59:47:442 [IN ] C8 24 03 18 25 A5 03 01 31 03 CF 00 00 07 89 25 A5 03 01 31 05 E6 3D 77 00 00 D4 6F 00 C8 24 03 18 25 A5 03 01 31 03 CF 00 00 07 89 25 A5 03 01 31 05 E6 3D 77 00 00 D4 6F 00 (58)
                              [N3:X] MOTOR_I 0 0 (0)
                              [N3:X] [undefined] 61 119 0 0 (1031208960)
                              [N3:X] MOTOR_I 0 0 (0)
                              [N3:X] [undefined] 61 119 0 0 (1031208960)
2026-03-20 18:59:47:644 [IN ] C8 24 03 18 25 A5 03 01 31 03 CF 00 00 07 89 25 A5 03 01 31 05 E6 3D 77 00 00 D4 6F 00 C8 24 03 18 25 A5 03 01 31 03 CF 00 00 07 89 25 A5 03 01 31 05 E6 3D 77 00 00 D4 6F 00 (58)
                              [N3:X] MOTOR_I 0 0 (0)
                              [N3:X] [undefined] 61 119 0 0 (1031208960)
                              [N3:X] MOTOR_I 0 0 (0)
                              [N3:X] [undefined] 61 119 0 0 (1031208960)
2026-03-20 18:59:47:845 [IN ] C8 24 03 0E 25 A5 03 01 31 03 CF 00 00 07 89 25 A5 03 01 C8 24 03 0A 01 31 05 E6 3D 77 00 00 D4 6F 89 C8 24 03 18 25 A5 03 01 31 03 CF 00 00 07 89 25 A5 03 01 31 05 E6 3D 77 00 00 D4 6F 00 (63)
                              [N3:X] MOTOR_I 0 0 (0)
                              [N3:X] [undefined] 61 119 0 0 (1031208960)
                              [N3:X] MOTOR_I 0 0 (0)
                              [N3:X] [undefined] 61 119 0 0 (1031208960)
2026-03-20 18:59:48:047 [IN ] C8 24 03 18 25 A5 03 01 31 03 CF 00 00 07 89 25 A5 03 01 31 05 E6 3D 77 00 00 D4 6F 00 C8 24 03 18 25 A5 03 01 31 03 CF 00 00 07 89 25 A5 03 01 31 05 E6 3D 77 00 00 D4 6F 00 (58)
                              [N3:X] MOTOR_I 0 0 (0)
                              [N3:X] [undefined] 61 119 0 0 (1031208960)
                              [N3:X] MOTOR_I 0 0 (0)
                              [N3:X] [undefined] 61 119 0 0 (1031208960)
2026-03-20 18:59:48:248 [IN ] C8 24 03 18 25 A5 03 01 31 03 CF 00 00 07 89 25 A5 03 01 31 05 E6 3D 77 00 00 D4 6F 00 C8 24 03 18 25 A5 03 01 31 03 CF 00 00 07 89 25 A5 03 01 31 05 E6 3D 77 00 00 D4 6F 00 (58)
                              [N3:X] MOTOR_I 0 0 (0)
                              [N3:X] [undefined] 61 119 0 0 (1031208960)
                              [N3:X] MOTOR_I 0 0 (0)
                              [N3:X] [undefined] 61 119 0 0 (1031208960)
2026-03-20 18:59:48:449 [IN ] C8 24 03 18 25 A5 03 01 31 03 CF 00 00 07 89 25 A5 03 01 31 05 E6 3D 77 00 00 D4 6F 00 C8 24 03 18 25 A5 03 01 31 03 CF 00 00 07 89 25 A5 03 01 31 05 E6 3D 77 00 00 D4 6F 00 (58)
                              [N3:X] MOTOR_I 0 0 (0)
                              [N3:X] [undefined] 61 119 0 0 (1031208960)
                              [N3:X] MOTOR_I 0 0 (0)
                              [N3:X] [undefined] 61 119 0 0 (1031208960)
2026-03-20 18:59:48:651 [IN ] C8 24 03 18 25 A5 03 01 31 03 CF 00 00 07 89 25 A5 03 01 31 05 E6 3D 77 00 00 D4 6F 00 C8 24 03 18 25 A5 03 01 31 03 CF 00 00 07 89 25 A5 03 01 31 05 E6 3D 77 00 00 D4 6F 00 (58)
                              [N3:X] MOTOR_I 0 0 (0)
                              [N3:X] [undefined] 61 119 0 0 (1031208960)
                              [N3:X] MOTOR_I 0 0 (0)
                              [N3:X] [undefined] 61 119 0 0 (1031208960)
2026-03-20 18:59:48:853 [IN ] C8 24 03 18 25 A5 03 01 31 03 CF 00 00 07 89 25 A5 03 01 31 05 E6 3D 77 00 00 D4 6F 00 C8 24 03 18 25 A5 03 01 31 03 CF 00 00 07 89 25 A5 03 01 31 05 E6 3D 77 00 00 D4 6F 00 (58)
                              [N3:X] MOTOR_I 0 0 (0)
                              [N3:X] [undefined] 61 119 0 0 (1031208960)
                              [N3:X] MOTOR_I 0 0 (0)
                              [N3:X] [undefined] 61 119 0 0 (1031208960)
2026-03-20 18:59:49:054 [IN ] C8 24 03 18 25 A5 03 01 31 03 CF 00 00 07 89 25 A5 03 01 31 05 E6 3D 77 00 00 D4 6F 00 C8 24 03 0E 25 A5 03 01 31 03 CF 00 00 07 89 25 A5 03 01 C8 24 03 0A 01 31 05 E6 3D 77 00 00 D4 6F 89 (63)
                              [N3:X] MOTOR_I 0 0 (0)
                              [N3:X] [undefined] 61 119 0 0 (1031208960)
                              [N3:X] MOTOR_I 0 0 (0)
                              [N3:X] [undefined] 61 119 0 0 (1031208960)
2026-03-20 18:59:49:255 [IN ] C8 24 03 18 25 A5 03 01 31 03 CF 00 00 07 89 25 A5 03 01 31 05 E6 3D 77 00 00 D4 6F 00 C8 24 08 0E 25 A5 08 01 31 06 81 45 FF DC 74 BB 10 9D 01 C8 24 03 18 25 A5 03 01 31 03 CF 00 00 07 89 25 
A5 03 01 31 05 E6 3D 77 00 00 D4 6F 00 (77)
                              [N3:X] MOTOR_I 0 0 (0)
                              [N3:X] [undefined] 61 119 0 0 (1031208960)
                              [N8:R] TPOS 'E' 255 220 116 187 (-2329413)
                              [N3:X] MOTOR_I 0 0 (0)
                              [N3:X] [undefined] 61 119 0 0 (1031208960)
2026-03-20 18:59:49:458 [IN ] C8 24 03 18 25 A5 03 01 31 03 CF 00 00 07 89 25 A5 03 01 31 05 E6 3D 77 00 00 D4 6F 00 C8 24 03 18 25 A5 03 01 31 03 CF 00 00 07 89 25 A5 03 01 31 05 E6 3D 77 00 00 D4 6F 00 (58)
                              [N3:X] MOTOR_I 0 0 (0)
                              [N3:X] [undefined] 61 119 0 0 (1031208960)
                              [N3:X] MOTOR_I 0 0 (0)
                              [N3:X] [undefined] 61 119 0 0 (1031208960)
2026-03-20 18:59:49:659 [IN ] C8 24 03 18 25 A5 03 01 31 03 CF 00 00 07 89 25 A5 03 01 31 05 E6 3D 77 00 00 D4 6F 00 C8 24 03 18 25 A5 03 01 31 03 CF 00 00 07 89 25 A5 03 01 31 05 E6 3D 77 00 00 D4 6F 00 (58)
                              [N3:X] MOTOR_I 0 0 (0)
                              [N3:X] [undefined] 61 119 0 0 (1031208960)
                              [N3:X] MOTOR_I 0 0 (0)
                              [N3:X] [undefined] 61 119 0 0 (1031208960)
2026-03-20 18:59:49:681 [OUT] 25 A5 01 08 31 05 81 FF EE 15 56 18 89 (13)
                              [N8:R] TPOS 255 238 21 86 (-1174186)
2026-03-20 18:59:49:722 [IN ] C8 24 03 18 25 A5 03 01 31 03 CF 00 00 07 89 25 A5 03 01 31 05 E6 3D 77 00 00 D4 6F 00 (29)
                              [N3:X] MOTOR_I 0 0 (0)
                              [N3:X] [undefined] 61 119 0 0 (1031208960)
2026-03-20 18:59:49:846 [IN ] C8 24 03 18 25 A5 03 01 31 03 CF 00 00 07 89 25 A5 03 01 31 05 E6 3D 77 00 00 D4 6F 00 (29)
                              [N3:X] MOTOR_I 0 0 (0)
                              [N3:X] [undefined] 61 119 0 0 (1031208960)
2026-03-20 18:59:49:867 [IN ] C8 24 08 0E 25 A5 08 01 31 06 81 53 FF DC 74 C2 25 EA 01 (19)
                              [N8:R] TPOS 'S' 255 220 116 194 (-2329406)
2026-03-20 18:59:50:068 [IN ] C8 24 03 18 25 A5 03 01 31 03 CF 00 00 07 89 25 A5 03 01 31 05 E6 3D 77 00 00 D4 6F 00 C8 24 03 18 25 A5 03 01 31 03 CF 00 00 07 89 25 A5 03 01 31 05 E6 3D 77 00 00 D4 6F 00 (58)
                              [N3:X] MOTOR_I 0 0 (0)
                              [N3:X] [undefined] 61 119 0 0 (1031208960)
                              [N3:X] MOTOR_I 0 0 (0)
                              [N3:X] [undefined] 61 119 0 0 (1031208960)
2026-03-20 18:59:50:269 [IN ] C8 24 03 18 25 A5 03 01 31 03 CF 00 00 07 89 25 A5 03 01 31 05 E6 3D 77 00 00 D4 6F 00 C8 24 03 18 25 A5 03 01 31 03 CF 00 00 07 89 25 A5 03 01 31 05 E6 3D 77 00 00 D4 6F 00 (58)
                              [N3:X] MOTOR_I 0 0 (0)
                              [N3:X] [undefined] 61 119 0 0 (1031208960)
                              [N3:X] MOTOR_I 0 0 (0)
                              [N3:X] [undefined] 61 119 0 0 (1031208960)
2026-03-20 18:59:50:471 [IN ] C8 24 03 15 25 A5 03 01 31 03 CF 00 00 07 89 25 A5 03 01 31 05 E6 3D 77 00 00 C8 24 05 0E 25 A5 05 01 31 06 81 45 00 0D 02 12 24 89 01 C8 24 03 1B 00 D4 6F 25 A5 03 01 31 03 CF 00 00 07 89 25 
A5 03 01 31 05 E6 3D 77 00 00 D4 6F 03 (77)
                              [N3:X] MOTOR_I 0 0 (0)
                              [N5:V] TPOS 'E' 0 13 2 18 (852498)
                              [N3:X] [undefined] 61 119 0 0 (1031208960)
                              [N3:X] MOTOR_I 0 0 (0)
                              [N3:X] [undefined] 61 119 0 0 (1031208960)
2026-03-20 18:59:50:675 [IN ] C8 24 03 18 25 A5 03 01 31 03 CF 00 00 07 89 25 A5 03 01 31 05 E6 3D 77 00 00 D4 6F 00 C8 24 03 18 25 A5 03 01 31 03 CF 00 00 07 89 25 A5 03 01 31 05 E6 3D 77 00 00 D4 6F 00 (58)
                              [N3:X] MOTOR_I 0 0 (0)
                              [N3:X] [undefined] 61 119 0 0 (1031208960)
                              [N3:X] MOTOR_I 0 0 (0)
                              [N3:X] [undefined] 61 119 0 0 (1031208960)
2026-03-20 18:59:50:697 [OUT] 25 A5 01 03 31 05 81 FF ED B1 30 88 70 (13)
                              [N3:X] TPOS 255 237 177 48 (-1199824)
2026-03-20 18:59:50:718 [OUT] 25 A5 01 04 31 05 81 FF F3 BD 0C 77 7E (13)
                              [N4:Y] TPOS 255 243 189 12 (-803572)
2026-03-20 18:59:50:740 [IN ] C8 24 03 18 25 A5 03 01 31 03 CF 00 00 07 89 25 A5 03 01 31 05 E6 3D 77 00 00 D4 6F 00 (29)
                              [N3:X] MOTOR_I 0 0 (0)
                              [N3:X] [undefined] 61 119 0 0 (1031208960)
2026-03-20 18:59:50:824 [IN ] C8 (1)
2026-03-20 18:59:50:845 [IN ] 24 03 18 25 A5 03 01 31 03 CF 00 00 07 89 25 A5 03 01 31 05 E6 3D 77 00 00 D4 6F 00 (28)
                              [N3:X] MOTOR_I 0 0 (0)
                              [N3:X] [undefined] 61 119 0 0 (1031208960)
2026-03-20 18:59:50:887 [IN ] C8 24 03 0E 25 A5 03 01 31 06 81 53 FF FD 50 A3 FE B4 01 (19)
                              [N3:X] TPOS 'S' 255 253 80 163 (-175965)
2026-03-20 18:59:50:948 [IN ] C8 24 03 18 25 A5 03 01 31 03 CF 00 12 19 9B 25 A5 03 01 31 05 E6 3D 77 FF B0 83 1D 00 (29)
                              [N3:X] MOTOR_I 0 18 (18)
                              [N3:X] [undefined] 61 119 255 176 (1031274416)
2026-03-20 18:59:51:011 [IN ] C8 24 04 0E 25 A5 04 01 31 06 81 53 FF FD 4F FB 56 14 01 (19)
                              [N4:Y] TPOS 'S' 255 253 79 251 (-176133)
2026-03-20 18:59:51:212 [IN ] C8 24 03 18 25 A5 03 01 31 03 CF 00 09 10 92 25 A5 03 01 31 05 E6 3D 77 FF B0 83 1D 00 C8 24 03 18 25 A5 03 01 31 03 CF 00 15 1C 9E 25 A5 03 01 31 05 E6 3D 77 FF B0 83 1D 00 (58)
                              [N3:X] MOTOR_I 0 9 (9)
                              [N3:X] [undefined] 61 119 255 176 (1031274416)
                              [N3:X] MOTOR_I 0 21 (21)
                              [N3:X] [undefined] 61 119 255 176 (1031274416)
2026-03-20 18:59:51:413 [IN ] C8 24 03 18 25 A5 03 01 31 03 CF 00 02 09 8B 25 A5 03 01 31 05 E6 3D 77 FF B0 83 1D 00 C8 24 03 18 25 A5 03 01 31 03 CF 00 0F 16 98 25 A5 03 01 31 05 E6 3D 77 FF B0 83 1D 00 (58)
                              [N3:X] MOTOR_I 0 2 (2)
                              [N3:X] [undefined] 61 119 255 176 (1031274416)
                              [N3:X] MOTOR_I 0 15 (15)
                              [N3:X] [undefined] 61 119 255 176 (1031274416)
2026-03-20 18:59:51:614 [IN ] C8 24 03 18 25 A5 03 01 31 03 CF 00 0C 13 95 25 A5 03 01 31 05 E6 3D 77 FF B0 83 1D 00 C8 24 03 0E 25 A5 03 01 31 03 CF 00 0F 16 98 25 A5 03 01 C8 24 03 0A 01 31 05 E6 3D 77 FF B0 83 1D 98 (63)
                              [N3:X] MOTOR_I 0 12 (12)
                              [N3:X] [undefined] 61 119 255 176 (1031274416)
                              [N3:X] MOTOR_I 0 15 (15)
                              [N3:X] [undefined] 61 119 255 176 (1031274416)
2026-03-20 18:59:51:816 [IN ] C8 24 03 15 25 A5 03 01 31 03 CF 00 0A 11 93 25 A5 03 01 31 05 E6 3D 77 FF B0 C8 24 03 1B B0 83 1D 25 A5 03 01 31 03 CF 00 0A 11 93 25 A5 03 01 31 05 E6 3D 77 FF B0 83 1D 03 (58)
                              [N3:X] MOTOR_I 0 10 (10)
                              [N3:X] [undefined] 61 119 255 176 (1031274416)
                              [N3:X] MOTOR_I 0 10 (10)
                              [N3:X] [undefined] 61 119 255 176 (1031274416)
2026-03-20 18:59:52:017 [IN ] C8 24 03 18 25 A5 03 01 31 03 CF 00 0D 14 96 25 A5 03 01 31 05 E6 3D 77 FF B0 83 1D B0 C8 24 03 18 25 A5 03 01 31 03 CF 00 04 0B 8D 25 A5 03 01 31 05 E6 3D 77 FF B0 83 1D B0 (58)
                              [N3:X] MOTOR_I 0 13 (13)
                              [N3:X] [undefined] 61 119 255 176 (1031274416)
                              [N3:X] MOTOR_I 0 4 (4)
                              [N3:X] [undefined] 61 119 255 176 (1031274416)
2026-03-20 18:59:52:218 [IN ] C8 24 03 18 25 A5 03 01 31 03 CF 00 11 18 9A 25 A5 03 01 31 05 E6 3D 77 FF B0 83 1D B0 C8 24 03 18 25 A5 03 01 31 03 CF 00 04 0B 8D 25 A5 03 01 31 05 E6 3D 77 FF B0 83 1D B0 (58)
                              [N3:X] MOTOR_I 0 17 (17)
                              [N3:X] [undefined] 61 119 255 176 (1031274416)
                              [N3:X] MOTOR_I 0 4 (4)
                              [N3:X] [undefined] 61 119 255 176 (1031274416)
2026-03-20 18:59:52:420 [IN ] C8 24 03 18 25 A5 03 01 31 03 CF 00 04 0B 8D 25 A5 03 01 31 05 E6 3D 77 FF B0 83 1D B0 C8 24 03 18 25 A5 03 01 31 03 CF 00 09 10 92 25 A5 03 01 31 05 E6 3D 77 FF B0 83 1D B0 (58)
                              [N3:X] MOTOR_I 0 4 (4)
                              [N3:X] [undefined] 61 119 255 176 (1031274416)
                              [N3:X] MOTOR_I 0 9 (9)
                              [N3:X] [undefined] 61 119 255 176 (1031274416)
2026-03-20 18:59:52:621 [IN ] C8 24 03 18 25 A5 03 01 31 03 CF 00 13 1A 9C 25 A5 03 01 31 05 E6 3D 77 FF B0 83 1D B0 C8 24 03 18 25 A5 03 01 31 03 CF 00 07 0E 90 25 A5 03 01 31 05 E6 3D 77 FF B0 83 1D B0 (58)
                              [N3:X] MOTOR_I 0 19 (19)
                              [N3:X] [undefined] 61 119 255 176 (1031274416)
                              [N3:X] MOTOR_I 0 7 (7)
                              [N3:X] [undefined] 61 119 255 176 (1031274416)
2026-03-20 18:59:52:822 [IN ] C8 24 03 18 25 A5 03 01 31 03 CF 00 04 0B 8D 25 A5 03 01 31 05 E6 3D 77 FF B0 83 1D B0 C8 24 03 18 25 A5 03 01 31 03 CF 00 0A 11 93 25 A5 03 01 31 05 E6 3D 77 FF B0 83 1D B0 (58)
                              [N3:X] MOTOR_I 0 4 (4)
                              [N3:X] [undefined] 61 119 255 176 (1031274416)
                              [N3:X] MOTOR_I 0 10 (10)
                              [N3:X] [undefined] 61 119 255 176 (1031274416)
2026-03-20 18:59:53:023 [IN ] C8 24 03 0E 25 A5 03 01 31 03 CF 00 0E 15 97 25 A5 03 01 C8 24 03 0A 01 31 05 E6 3D 77 FF B0 83 1D 97 C8 24 03 15 25 A5 03 01 31 03 CF 00 0C 13 95 25 A5 03 01 31 05 E6 3D 77 FF B0 (60)
                              [N3:X] MOTOR_I 0 14 (14)
                              [N3:X] [undefined] 61 119 255 176 (1031274416)
                              [N3:X] MOTOR_I 0 12 (12)
2026-03-20 18:59:53:224 [IN ] C8 24 03 1B B0 83 1D 25 A5 03 01 31 03 CF 00 0C 13 95 25 A5 03 01 31 05 E6 3D 77 FF B0 83 1D 03 C8 24 03 18 25 A5 03 01 31 03 CF 00 06 0D 8F 25 A5 03 01 31 05 E6 3D 77 FF B0 83 1D B0 (61)
                              [N3:X] [undefined] 61 119 255 176 (1031274416)
                              [N3:X] MOTOR_I 0 12 (12)
                              [N3:X] [undefined] 61 119 255 176 (1031274416)
                              [N3:X] MOTOR_I 0 6 (6)
                              [N3:X] [undefined] 61 119 255 176 (1031274416)
2026-03-20 18:59:53:425 [IN ] C8 24 03 18 25 A5 03 01 31 03 CF 00 19 20 A2 25 A5 03 01 31 05 E6 3D 77 FF B0 83 1D B0 C8 24 03 18 25 A5 03 01 31 03 CF 00 0A 11 93 25 A5 03 01 31 05 E6 3D 77 FF B0 83 1D B0 (58)
                              [N3:X] MOTOR_I 0 25 (25)
                              [N3:X] [undefined] 61 119 255 176 (1031274416)
                              [N3:X] MOTOR_I 0 10 (10)
                              [N3:X] [undefined] 61 119 255 176 (1031274416)
2026-03-20 18:59:53:627 [IN ] C8 24 03 18 25 A5 03 01 31 03 CF 00 1D 24 A6 25 A5 03 01 31 05 E6 3D 77 FF B0 83 1D B0 C8 24 03 18 25 A5 03 01 31 03 CF 00 16 1D 9F 25 A5 03 01 31 05 E6 3D 77 FF B0 83 1D B0 (58)
                              [N3:X] MOTOR_I 0 29 (29)
                              [N3:X] [undefined] 61 119 255 176 (1031274416)
                              [N3:X] MOTOR_I 0 22 (22)
                              [N3:X] [undefined] 61 119 255 176 (1031274416)
2026-03-20 18:59:53:829 [IN ] C8 24 03 18 25 A5 03 01 31 03 CF 00 18 1F A1 25 A5 03 01 31 05 E6 3D 77 FF B0 83 1D B0 C8 24 03 18 25 A5 03 01 31 03 CF 00 0A 11 93 25 A5 03 01 31 05 E6 3D 77 FF B0 83 1D B0 (58)
                              [N3:X] MOTOR_I 0 24 (24)
                              [N3:X] [undefined] 61 119 255 176 (1031274416)
                              [N3:X] MOTOR_I 0 10 (10)
                              [N3:X] [undefined] 61 119 255 176 (1031274416)
2026-03-20 18:59:54:031 [IN ] C8 24 03 18 25 A5 03 01 31 03 CF 00 11 18 9A 25 A5 03 01 31 05 E6 3D 77 FF B0 83 1D B0 C8 24 03 18 25 A5 03 01 31 03 CF 00 15 1C 9E 25 A5 03 01 31 05 E6 3D 77 FF B0 83 1D B0 (58)
                              [N3:X] MOTOR_I 0 17 (17)
                              [N3:X] [undefined] 61 119 255 176 (1031274416)
                              [N3:X] MOTOR_I 0 21 (21)
                              [N3:X] [undefined] 61 119 255 176 (1031274416)
2026-03-20 18:59:54:232 [IN ] C8 24 03 18 25 A5 03 01 31 03 CF 00 0B 12 94 25 A5 03 01 31 05 E6 3D 77 FF B0 83 1D B0 C8 24 03 0E 25 A5 03 01 31 03 CF 00 0C 13 95 25 A5 03 01 C8 24 03 0A 01 31 05 E6 3D 77 FF B0 83 1D 95 (63)
                              [N3:X] MOTOR_I 0 11 (11)
                              [N3:X] [undefined] 61 119 255 176 (1031274416)
                              [N3:X] MOTOR_I 0 12 (12)
                              [N3:X] [undefined] 61 119 255 176 (1031274416)
2026-03-20 18:59:54:433 [IN ] C8 24 03 18 25 A5 03 01 31 03 CF 00 17 1E A0 25 A5 03 01 31 05 E6 3D 77 FF B0 83 1D B0 C8 24 03 18 25 A5 03 01 31 03 CF 00 08 0F 91 25 A5 03 01 31 05 E6 3D 77 FF B0 83 1D B0 (58)
                              [N3:X] MOTOR_I 0 23 (23)
                              [N3:X] [undefined] 61 119 255 176 (1031274416)
                              [N3:X] MOTOR_I 0 8 (8)
                              [N3:X] [undefined] 61 119 255 176 (1031274416)
2026-03-20 18:59:54:635 [IN ] C8 24 03 18 25 A5 03 01 31 03 CF 00 12 19 9B 25 A5 03 01 31 05 E6 3D 77 FF B0 83 1D B0 C8 24 04 0E 25 A5 04 01 31 06 81 45 FF F3 BA BA 68 45 01 C8 24 03 18 25 A5 03 01 31 03 CF 00 10 17 99 25 
A5 03 01 31 05 E6 3D 77 FF B0 83 1D B0 (77)
                              [N3:X] MOTOR_I 0 18 (18)
                              [N3:X] [undefined] 61 119 255 176 (1031274416)
                              [N4:Y] TPOS 'E' 255 243 186 186 (-804166)
                              [N3:X] MOTOR_I 0 16 (16)
                              [N3:X] [undefined] 61 119 255 176 (1031274416)
2026-03-20 18:59:54:838 [IN ] C8 24 03 18 25 A5 03 01 31 03 CF 00 0E 15 97 25 A5 03 01 31 05 E6 3D 77 FF B0 83 1D B0 C8 24 03 18 25 A5 03 01 31 03 CF 00 08 0F 91 25 A5 03 01 31 05 E6 3D 77 FF B0 83 1D B0 (58)
                              [N3:X] MOTOR_I 0 14 (14)
                              [N3:X] [undefined] 61 119 255 176 (1031274416)
                              [N3:X] MOTOR_I 0 8 (8)
                              [N3:X] [undefined] 61 119 255 176 (1031274416)
2026-03-20 18:59:55:039 [IN ] C8 24 03 18 25 A5 03 01 31 03 CF 00 1C 23 A5 25 A5 03 01 31 05 E6 3D 77 FF B0 83 1D B0 C8 24 03 18 25 A5 03 01 31 03 CF 00 09 10 92 25 A5 03 01 31 05 E6 3D 77 FF B0 83 1D B0 (58)
                              [N3:X] MOTOR_I 0 28 (28)
                              [N3:X] [undefined] 61 119 255 176 (1031274416)
                              [N3:X] MOTOR_I 0 9 (9)
                              [N3:X] [undefined] 61 119 255 176 (1031274416)
2026-03-20 18:59:55:240 [IN ] C8 24 03 18 25 A5 03 01 31 03 CF 00 07 0E 90 25 A5 03 01 31 05 E6 3D 77 FF B0 83 1D B0 C8 24 03 18 25 A5 03 01 31 03 CF 00 08 0F 91 25 A5 03 01 31 05 E6 3D 77 FF B0 83 1D B0 (58)
                              [N3:X] MOTOR_I 0 7 (7)
                              [N3:X] [undefined] 61 119 255 176 (1031274416)
                              [N3:X] MOTOR_I 0 8 (8)
                              [N3:X] [undefined] 61 119 255 176 (1031274416)
2026-03-20 18:59:55:442 [IN ] C8 24 03 18 25 A5 03 01 31 03 CF 00 0C 13 95 25 A5 03 01 31 05 E6 3D 77 FF B0 83 1D B0 C8 24 03 18 25 A5 03 01 31 03 CF 00 0D 14 96 25 A5 03 01 31 05 E6 3D 77 FF B0 83 1D B0 (58)
                              [N3:X] MOTOR_I 0 12 (12)
                              [N3:X] [undefined] 61 119 255 176 (1031274416)
                              [N3:X] MOTOR_I 0 13 (13)
                              [N3:X] [undefined] 61 119 255 176 (1031274416)
2026-03-20 18:59:55:644 [IN ] C8 24 03 15 25 A5 03 01 31 03 CF 00 09 10 92 25 A5 03 01 31 05 E6 3D 77 FF B0 C8 24 03 1B B0 83 1D 25 A5 03 01 31 03 CF 00 13 1A 9C 25 A5 03 01 31 05 E6 3D 77 FF B0 83 1D 03 (58)
                              [N3:X] MOTOR_I 0 9 (9)
                              [N3:X] [undefined] 61 119 255 176 (1031274416)
                              [N3:X] MOTOR_I 0 19 (19)
                              [N3:X] [undefined] 61 119 255 176 (1031274416)
2026-03-20 18:59:55:846 [IN ] C8 24 03 18 25 A5 03 01 31 03 CF 00 0C 13 95 25 A5 03 01 31 05 E6 3D 77 FF B0 83 1D B0 C8 24 03 18 25 A5 03 01 31 03 CF 00 1A 21 A3 25 A5 03 01 31 05 E6 3D 77 FF B0 83 1D B0 (58)
                              [N3:X] MOTOR_I 0 12 (12)
                              [N3:X] [undefined] 61 119 255 176 (1031274416)
                              [N3:X] MOTOR_I 0 26 (26)
                              [N3:X] [undefined] 61 119 255 176 (1031274416)
2026-03-20 18:59:56:047 [IN ] C8 24 03 18 25 A5 03 01 31 03 CF 00 20 27 A9 25 A5 03 01 31 05 E6 3D 77 FF B0 83 1D B0 C8 24 03 18 25 A5 03 01 31 03 CF 00 00 07 89 25 A5 03 01 31 05 E6 3D 77 00 00 D4 6F B0 C8 24 03 0E 25 A5 
03 01 31 06 81 45 FF ED AE 63 FE BA 01 (77)
                              [N3:X] MOTOR_I 0 32 (32)
                              [N3:X] [undefined] 61 119 255 176 (1031274416)
                              [N3:X] MOTOR_I 0 0 (0)
                              [N3:X] [undefined] 61 119 0 0 (1031208960)
                              [N3:X] TPOS 'E' 255 237 174 99 (-1200541)
2026-03-20 18:59:56:250 [IN ] C8 24 03 18 25 A5 03 01 31 03 CF 00 00 07 89 25 A5 03 01 31 05 E6 3D 77 00 00 D4 6F B0 C8 24 03 18 25 A5 03 01 31 03 CF 00 00 07 89 25 A5 03 01 31 05 E6 3D 77 00 00 D4 6F B0 (58)
                              [N3:X] MOTOR_I 0 0 (0)
                              [N3:X] [undefined] 61 119 0 0 (1031208960)
                              [N3:X] MOTOR_I 0 0 (0)
                              [N3:X] [undefined] 61 119 0 0 (1031208960)
2026-03-20 18:59:56:451 [IN ] C8 24 03 18 25 A5 03 01 31 03 CF 00 00 07 89 25 A5 03 01 31 05 E6 3D 77 00 00 D4 6F B0 C8 24 08 0E 25 A5 08 01 31 06 81 45 FF EE 17 60 6A BE 01 C8 24 03 18 25 A5 03 01 31 03 CF 00 00 07 89 25 
A5 03 01 31 05 E6 3D 77 00 00 D4 6F B0 (77)
                              [N3:X] MOTOR_I 0 0 (0)
                              [N3:X] [undefined] 61 119 0 0 (1031208960)
                              [N8:R] TPOS 'E' 255 238 23 96 (-1173664)
                              [N3:X] MOTOR_I 0 0 (0)
                              [N3:X] [undefined] 61 119 0 0 (1031208960)
2026-03-20 18:59:56:653 [IN ] C8 24 03 18 25 A5 03 01 31 03 CF 00 00 07 89 25 A5 03 01 31 05 E6 3D 77 00 00 D4 6F B0 C8 24 03 18 25 A5 03 01 31 03 CF 00 00 07 89 25 A5 03 01 31 05 E6 3D 77 00 00 D4 6F B0 (58)
                              [N3:X] MOTOR_I 0 0 (0)
                              [N3:X] [undefined] 61 119 0 0 (1031208960)
                              [N3:X] MOTOR_I 0 0 (0)
                              [N3:X] [undefined] 61 119 0 0 (1031208960)
2026-03-20 18:59:56:855 [IN ] C8 24 03 0E 25 A5 03 01 31 03 CF 00 00 07 89 25 A5 03 01 C8 24 03 0A 01 31 05 E6 3D 77 00 00 D4 6F 89 C8 24 03 18 25 A5 03 01 31 03 CF 00 00 07 89 25 A5 03 01 31 05 E6 3D 77 00 00 D4 6F B0 (63)
                              [N3:X] MOTOR_I 0 0 (0)
                              [N3:X] [undefined] 61 119 0 0 (1031208960)
                              [N3:X] MOTOR_I 0 0 (0)
                              [N3:X] [undefined] 61 119 0 0 (1031208960)
2026-03-20 18:59:57:056 [IN ] C8 24 03 18 25 A5 03 01 31 03 CF 00 00 07 89 25 A5 03 01 31 05 E6 3D 77 00 00 D4 6F B0 C8 24 03 18 25 A5 03 01 31 03 CF 00 00 07 89 25 A5 03 01 31 05 E6 3D 77 00 00 D4 6F B0 (58)
                              [N3:X] MOTOR_I 0 0 (0)
                              [N3:X] [undefined] 61 119 0 0 (1031208960)
                              [N3:X] MOTOR_I 0 0 (0)
                              [N3:X] [undefined] 61 119 0 0 (1031208960)
2026-03-20 18:59:57:257 [IN ] C8 24 03 18 25 A5 03 01 31 03 CF 00 00 07 89 25 A5 03 01 31 05 E6 3D 77 00 00 D4 6F B0 C8 24 03 18 25 A5 03 01 31 03 CF 00 00 07 89 25 A5 03 01 31 05 E6 3D 77 00 00 D4 6F B0 (58)
                              [N3:X] MOTOR_I 0 0 (0)
                              [N3:X] [undefined] 61 119 0 0 (1031208960)
                              [N3:X] MOTOR_I 0 0 (0)
                              [N3:X] [undefined] 61 119 0 0 (1031208960)
2026-03-20 18:59:57:459 [IN ] C8 24 03 18 25 A5 03 01 31 03 CF 00 00 07 89 25 A5 03 01 31 05 E6 3D 77 00 00 D4 6F B0 C8 24 03 18 25 A5 03 01 31 03 CF 00 00 07 89 25 A5 03 01 31 05 E6 3D 77 00 00 D4 6F B0 (58)
                              [N3:X] MOTOR_I 0 0 (0)
                              [N3:X] [undefined] 61 119 0 0 (1031208960)
                              [N3:X] MOTOR_I 0 0 (0)
                              [N3:X] [undefined] 61 119 0 0 (1031208960)
2026-03-20 18:59:57:660 [IN ] C8 24 03 18 25 A5 03 01 31 03 CF 00 00 07 89 25 A5 03 01 31 05 E6 3D 77 00 00 D4 6F B0 C8 24 03 18 25 A5 03 01 31 03 CF 00 00 07 89 25 A5 03 01 31 05 E6 3D 77 00 00 D4 6F B0 (58)
                              [N3:X] MOTOR_I 0 0 (0)
                              [N3:X] [undefined] 61 119 0 0 (1031208960)
                              [N3:X] MOTOR_I 0 0 (0)
                              [N3:X] [undefined] 61 119 0 0 (1031208960)
2026-03-20 18:59:57:861 [IN ] C8 24 03 18 25 A5 03 01 31 03 CF 00 00 07 89 25 A5 03 01 31 05 E6 3D 77 00 00 D4 6F B0 C8 24 03 18 25 A5 03 01 31 03 CF 00 00 07 89 25 A5 03 01 31 05 E6 3D 77 00 00 D4 6F B0 (58)
                              [N3:X] MOTOR_I 0 0 (0)
                              [N3:X] [undefined] 61 119 0 0 (1031208960)
                              [N3:X] MOTOR_I 0 0 (0)
                              [N3:X] [undefined] 61 119 0 0 (1031208960)
2026-03-20 18:59:58:063 [IN ] C8 24 03 18 25 A5 03 01 31 03 CF 00 00 07 89 25 A5 03 01 31 05 E6 3D 77 00 00 D4 6F B0 C8 24 03 0E 25 A5 03 01 31 03 CF 00 00 07 89 25 A5 03 01 C8 24 03 0A 01 31 05 E6 3D 77 00 00 D4 6F 89 (63)
                              [N3:X] MOTOR_I 0 0 (0)
                              [N3:X] [undefined] 61 119 0 0 (1031208960)
                              [N3:X] MOTOR_I 0 0 (0)
                              [N3:X] [undefined] 61 119 0 0 (1031208960)
2026-03-20 18:59:58:264 [IN ] C8 24 03 18 25 A5 03 01 31 03 CF 00 00 07 89 25 A5 03 01 31 05 E6 3D 77 00 00 D4 6F B0 C8 24 03 18 25 A5 03 01 31 03 CF 00 00 07 89 25 A5 03 01 31 05 E6 3D 77 00 00 D4 6F B0 (58)
                              [N3:X] MOTOR_I 0 0 (0)
                              [N3:X] [undefined] 61 119 0 0 (1031208960)
                              [N3:X] MOTOR_I 0 0 (0)
                              [N3:X] [undefined] 61 119 0 0 (1031208960)
2026-03-20 18:59:58:465 [IN ] C8 24 03 18 25 A5 03 01 31 03 CF 00 00 07 89 25 A5 03 01 31 05 E6 3D 77 00 00 D4 6F B0 C8 24 03 18 25 A5 03 01 31 03 CF 00 00 07 89 25 A5 03 01 31 05 E6 3D 77 00 00 D4 6F B0 (58)
                              [N3:X] MOTOR_I 0 0 (0)
                              [N3:X] [undefined] 61 119 0 0 (1031208960)
                              [N3:X] MOTOR_I 0 0 (0)
                              [N3:X] [undefined] 61 119 0 0 (1031208960)
2026-03-20 18:59:58:667 [IN ] C8 24 03 18 25 A5 03 01 31 03 CF 00 00 07 89 25 A5 03 01 31 05 E6 3D 77 00 00 D4 6F B0 C8 24 03 18 25 A5 03 01 31 03 CF 00 00 07 89 25 A5 03 01 31 05 E6 3D 77 00 00 D4 6F B0 (58)
                              [N3:X] MOTOR_I 0 0 (0)
                              [N3:X] [undefined] 61 119 0 0 (1031208960)
                              [N3:X] MOTOR_I 0 0 (0)
                              [N3:X] [undefined] 61 119 0 0 (1031208960)
2026-03-20 18:59:58:868 [IN ] C8 24 03 18 25 A5 03 01 31 03 CF 00 00 07 89 25 A5 03 01 31 05 E6 3D 77 00 00 D4 6F B0 C8 24 03 18 25 A5 03 01 31 03 CF 00 00 07 89 25 A5 03 01 31 05 E6 3D 77 00 00 D4 6F B0 (58)
                              [N3:X] MOTOR_I 0 0 (0)
                              [N3:X] [undefined] 61 119 0 0 (1031208960)
                              [N3:X] MOTOR_I 0 0 (0)
                              [N3:X] [undefined] 61 119 0 0 (1031208960)
2026-03-20 18:59:59:069 [IN ] C8 24 03 18 25 A5 03 01 31 03 CF 00 00 07 89 25 A5 03 01 31 05 E6 3D 77 00 00 D4 6F B0 C8 24 03 18 25 A5 03 01 31 03 CF 00 00 07 89 25 A5 03 01 31 05 E6 3D 77 00 00 D4 6F B0 (58)
                              [N3:X] MOTOR_I 0 0 (0)
                              [N3:X] [undefined] 61 119 0 0 (1031208960)
                              [N3:X] MOTOR_I 0 0 (0)
                              [N3:X] [undefined] 61 119 0 0 (1031208960)
2026-03-20 18:59:59:271 [IN ] C8 24 03 18 25 A5 03 01 31 03 CF 00 00 07 89 25 A5 03 01 31 05 E6 3D 77 00 00 D4 6F B0 C8 24 07 0E 25 A5 07 01 31 06 81 45 FF F3 3A 6F A0 18 01 C8 24 03 0E 25 A5 03 01 31 03 CF 00 00 07 89 25 
A5 03 01 C8 24 03 0A 01 31 05 E6 3D 77 00 00 D4 6F 89 (82)
                              [N3:X] MOTOR_I 0 0 (0)
                              [N3:X] [undefined] 61 119 0 0 (1031208960)
                              [N7:N] TPOS 'E' 255 243 58 111 (-837009)
                              [N3:X] MOTOR_I 0 0 (0)
                              [N3:X] [undefined] 61 119 0 0 (1031208960)
