2026-03-20 18:37:37:128 [IN ] C8 24 03 18 25 A5 03 01 31 03 CF 00 00 07 89 25 A5 03 01 31 05 E6 3D 77 00 00 D4 6F 00 C8 24 03 18 25 A5 03 01 31 03 CF 00 00 07 89 25 A5 03 01 31 05 E6 3D 77 00 00 D4 6F 00 (58)
                              [N3:X] MOTOR_I 0 0 (0)
                              [N3:X] [undefined] 61 119 0 0 (1031208960)
                              [N3:X] MOTOR_I 0 0 (0)
                              [N3:X] [undefined] 61 119 0 0 (1031208960)
2026-03-20 18:37:37:149 [OUT] 25 A5 01 09 31 03 C9 3D 09 4D 1C (11)
                              [N9:P] LFLAG '=' 9 (9)
2026-03-20 18:37:37:171 [OUT] 25 A5 01 03 31 02 D8 3F 4E CE (10)
                              [N3:X] INTERRUPT '?'
2026-03-20 18:37:37:172 [IN ] C8 24 03 15 25 A5 03 01 31 03 CF 00 00 07 89 25 A5 03 01 31 05 E6 3D 77 00 00 (26)
                              [N3:X] MOTOR_I 0 0 (0)
2026-03-20 18:37:37:473 [IN ] C8 24 03 1B 00 D4 6F 25 A5 03 01 31 03 CF 00 00 07 89 25 A5 03 01 31 05 E6 3D 77 00 00 D4 6F 03 C8 24 09 0B 25 A5 09 01 31 03 C9 3A 09 4A 1E 00 C8 24 03 18 25 A5 03 01 31 03 CF 00 00 07 89 25 
A5 03 01 31 05 E6 3D 77 00 00 D4 6F 00 C8 24 03 0C 25 A5 03 01 31 04 D8 3A 01 01 4D 6A A5 C8 24 03 18 25 A5 03 01 31 03 CF 00 00 07 89 25 A5 03 01 31 05 E6 3D 77 00 00 D4 6F 00 (123)
                              [N3:X] [undefined] 61 119 0 0 (1031208960)
                              [N3:X] MOTOR_I 0 0 (0)
                              [N3:X] [undefined] 61 119 0 0 (1031208960)
                              [N9:P] LFLAG ':' 9 (9)
                              [N3:X] MOTOR_I 0 0 (0)
                              [N3:X] [undefined] 61 119 0 0 (1031208960)
                              [N3:X] INTERRUPT ':' 1 1 (257)
                              [N3:X] MOTOR_I 0 0 (0)
                              [N3:X] [undefined] 61 119 0 0 (1031208960)
2026-03-20 18:37:37:495 [OUT] 25 A5 01 09 31 03 CA 3D 09 4E 1F (11)
                              [N9:P] RFLAG '=' 9 (9)
2026-03-20 18:37:37:516 [OUT] 25 A5 01 04 31 02 D8 3F 4F D3 (10)
                              [N4:Y] INTERRUPT '?'
2026-03-20 18:37:37:818 [IN ] C8 24 03 18 25 A5 03 01 31 03 CF 00 00 07 89 25 A5 03 01 31 05 E6 3D 77 00 00 D4 6F 00 C8 24 09 0B 25 A5 09 01 31 03 CA 3A 09 4B 21 25 C8 24 03 18 25 A5 03 01 31 03 CF 00 00 07 89 25 A5 03 01 
31 05 E6 3D 77 00 00 D4 6F 00 C8 24 04 0C 25 A5 04 01 31 04 D8 3A 01 01 4E 72 A5 C8 24 03 18 25 A5 03 01 31 03 CF 00 00 07 89 25 A5 03 01 31 05 E6 3D 77 00 00 D4 6F 00 (120)
                              [N3:X] MOTOR_I 0 0 (0)
                              [N3:X] [undefined] 61 119 0 0 (1031208960)
                              [N9:P] RFLAG ':' 9 (9)
                              [N3:X] MOTOR_I 0 0 (0)
                              [N3:X] [undefined] 61 119 0 0 (1031208960)
                              [N4:Y] INTERRUPT ':' 1 1 (257)
                              [N3:X] MOTOR_I 0 0 (0)
                              [N3:X] [undefined] 61 119 0 0 (1031208960)
2026-03-20 18:37:37:839 [OUT] 25 A5 01 08 31 03 C9 3D 09 4C 16 (11)
                              [N8:R] LFLAG '=' 9 (9)
2026-03-20 18:37:37:862 [OUT] 25 A5 01 0C 31 02 D8 3F 57 FB (10)
                              [N12:Z] INTERRUPT '?'
2026-03-20 18:37:38:163 [IN ] C8 24 03 18 25 A5 03 01 31 03 CF 00 00 07 89 25 A5 03 01 31 05 E6 3D 77 00 00 D4 6F 00 C8 24 03 18 25 A5 03 01 31 03 CF 00 00 07 89 25 A5 03 01 31 05 E6 3D 77 00 00 D4 6F 00 C8 24 08 0B 25 A5 
08 01 31 03 C9 3A 09 49 17 25 C8 24 03 18 25 A5 03 01 31 03 CF 00 00 07 89 25 A5 03 01 31 05 E6 3D 77 00 00 D4 6F 00 C8 24 0C 0C 25 A5 0C 01 31 04 D8 3A 01 01 56 B2 A5 (120)
                              [N3:X] MOTOR_I 0 0 (0)
                              [N3:X] [undefined] 61 119 0 0 (1031208960)
                              [N3:X] MOTOR_I 0 0 (0)
                              [N3:X] [undefined] 61 119 0 0 (1031208960)
                              [N8:R] LFLAG ':' 9 (9)
                              [N3:X] MOTOR_I 0 0 (0)
                              [N3:X] [undefined] 61 119 0 0 (1031208960)
                              [N12:Z] INTERRUPT ':' 1 1 (257)
2026-03-20 18:37:38:185 [OUT] 25 A5 01 08 31 03 CA 3D 09 4D 19 (11)
                              [N8:R] RFLAG '=' 9 (9)
2026-03-20 18:37:38:186 [IN ] C8 24 03 18 25 A5 03 01 31 03 CF 00 00 07 89 25 A5 03 01 31 05 E6 3D 77 00 00 D4 6F 00 (29)
                              [N3:X] MOTOR_I 0 0 (0)
                              [N3:X] [undefined] 61 119 0 0 (1031208960)
2026-03-20 18:37:38:206 [OUT] 25 A5 01 03 31 03 C9 3D 0B 49 FA (11)
                              [N3:X] LFLAG '=' 11 (11)
2026-03-20 18:37:38:228 [OUT] 25 A5 01 04 31 03 C9 3D 0B 4A 00 (11)
                              [N4:Y] LFLAG '=' 11 (11)
2026-03-20 18:37:38:251 [OUT] 25 A5 01 0C 31 03 C9 3D 0B 52 30 (11)
                              [N12:Z] LFLAG '=' 11 (11)
2026-03-20 18:37:38:294 [IN ] C8 24 03 18 25 A5 03 01 31 03 CF 00 00 07 89 25 A5 03 01 31 05 E6 3D 77 00 00 D4 6F 00 (29)
                              [N3:X] MOTOR_I 0 0 (0)
                              [N3:X] [undefined] 61 119 0 0 (1031208960)
2026-03-20 18:37:38:357 [IN ] C8 24 08 0B 25 A5 08 01 31 03 CA 3A 09 4A 1A 25 (16)
                              [N8:R] RFLAG ':' 9 (9)
2026-03-20 18:37:38:378 [IN ] C8 24 03 0E 25 A5 03 01 31 03 CF 00 00 07 89 25 A5 03 01 (19)
                              [N3:X] MOTOR_I 0 0 (0)
2026-03-20 18:37:38:400 [IN ] C8 24 03 0A 01 31 05 E6 3D 77 00 00 D4 6F 89 (15)
                              [N3:X] [undefined] 61 119 0 0 (1031208960)
2026-03-20 18:37:38:463 [IN ] C8 24 03 0B 25 A5 03 01 31 03 C9 3A 0B 46 F6 25 (16)
                              [N3:X] LFLAG ':' 11 (11)
2026-03-20 18:37:38:485 [OUT] 25 A5 01 03 31 03 88 00 50 10 02 (11)
                              [N3:X] RUN 0 80 (80)
2026-03-20 18:37:38:487 [IN ] C8 24 03 18 25 A5 03 01 31 03 CF 00 00 07 89 25 A5 03 01 31 05 E6 3D 77 00 00 D4 6F 00 (29)
                              [N3:X] MOTOR_I 0 0 (0)
                              [N3:X] [undefined] 61 119 0 0 (1031208960)
2026-03-20 18:37:38:571 [IN ] C8 24 03 18 25 A5 03 01 31 03 CF 00 00 07 89 25 A5 (17)
2026-03-20 18:37:38:592 [IN ] 03 01 31 05 E6 3D 77 00 00 D4 6F 00 C8 24 04 0B 25 A5 04 01 31 03 C9 3A 0B 47 FD 25 (28)
                              [N3:X] MOTOR_I 0 0 (0)
                              [N3:X] [undefined] 61 119 0 0 (1031208960)
                              [N4:Y] LFLAG ':' 11 (11)
2026-03-20 18:37:38:614 [OUT] 25 A5 01 04 31 03 88 00 50 11 08 (11)
                              [N4:Y] RUN 0 80 (80)
2026-03-20 18:37:38:677 [IN ] C8 24 03 18 25 A5 03 01 31 03 CF 00 00 07 89 25 A5 03 01 31 05 E6 3D 77 00 00 D4 6F 00 C8 24 0C 0B 25 A5 0C 01 31 03 C9 3A 0B 4F 35 25 (45)
                              [N3:X] MOTOR_I 0 0 (0)
                              [N3:X] [undefined] 61 119 0 0 (1031208960)
                              [N12:Z] LFLAG ':' 11 (11)
2026-03-20 18:37:38:699 [OUT] 25 A5 01 0C 31 03 88 00 50 19 38 (11)
                              [N12:Z] RUN 0 80 (80)
2026-03-20 18:37:38:781 [IN ] C8 24 03 18 25 A5 03 01 31 03 CF 00 00 07 89 25 A5 03 01 31 05 E6 3D 77 00 00 D4 6F 00 (29)
                              [N3:X] MOTOR_I 0 0 (0)
                              [N3:X] [undefined] 61 119 0 0 (1031208960)
2026-03-20 18:37:38:803 [IN ] C8 24 03 0C 25 A5 03 01 31 04 88 53 00 50 64 C2 A5 (17)
                              [N3:X] RUN 'S' 0 80 (80)
2026-03-20 18:37:38:886 [IN ] C8 24 03 18 25 A5 03 01 31 03 CF 00 59 60 E2 25 A5 03 01 31 05 E6 3D 77 00 50 24 BF 00 (29)
                              [N3:X] MOTOR_I 0 89 (89)
                              [N3:X] [undefined] 61 119 0 80 (1031209040)
2026-03-20 18:37:38:908 [IN ] C8 24 04 0C 25 A5 04 01 31 04 88 53 00 50 65 CA A5 (17)
                              [N4:Y] RUN 'S' 0 80 (80)
2026-03-20 18:37:38:990 [IN ] C8 24 03 18 25 A5 03 01 31 03 CF 00 35 3C BE 25 A5 03 01 31 05 E6 3D 77 00 50 24 BF 00 (29)
                              [N3:X] MOTOR_I 0 53 (53)
                              [N3:X] [undefined] 61 119 0 80 (1031209040)
2026-03-20 18:37:39:011 [IN ] C8 24 0C 0C 25 A5 0C 01 31 04 88 53 00 50 6D 0A A5 (17)
                              [N12:Z] RUN 'S' 0 80 (80)
2026-03-20 18:37:39:213 [IN ] C8 24 03 18 25 A5 03 01 31 03 CF 00 36 3D BF 25 A5 03 01 31 05 E6 3D 77 00 50 24 BF 00 C8 24 03 18 25 A5 03 01 31 03 CF 00 51 58 DA 25 A5 03 01 31 05 E6 3D 77 00 50 24 BF 00 (58)
                              [N3:X] MOTOR_I 0 54 (54)
                              [N3:X] [undefined] 61 119 0 80 (1031209040)
                              [N3:X] MOTOR_I 0 81 (81)
                              [N3:X] [undefined] 61 119 0 80 (1031209040)
2026-03-20 18:37:39:415 [IN ] C8 24 03 18 25 A5 03 01 31 03 CF 00 39 40 C2 25 A5 03 01 31 05 E6 3D 77 00 50 24 BF 00 C8 24 03 18 25 A5 03 01 31 03 CF 00 6A 71 F3 25 A5 03 01 31 05 E6 3D 77 00 50 24 BF 00 (58)
                              [N3:X] MOTOR_I 0 57 (57)
                              [N3:X] [undefined] 61 119 0 80 (1031209040)
                              [N3:X] MOTOR_I 0 106 (106)
                              [N3:X] [undefined] 61 119 0 80 (1031209040)
2026-03-20 18:37:39:616 [IN ] C8 24 03 18 25 A5 03 01 31 03 CF 00 50 57 D9 25 A5 03 01 31 05 E6 3D 77 00 50 24 BF 00 C8 24 03 18 25 A5 03 01 31 03 CF 00 57 5E E0 25 A5 03 01 31 05 E6 3D 77 00 50 24 BF 00 (58)
                              [N3:X] MOTOR_I 0 80 (80)
                              [N3:X] [undefined] 61 119 0 80 (1031209040)
                              [N3:X] MOTOR_I 0 87 (87)
                              [N3:X] [undefined] 61 119 0 80 (1031209040)
2026-03-20 18:37:39:818 [IN ] C8 24 03 15 25 A5 03 01 31 03 CF 00 4F 56 D8 25 A5 03 01 31 05 E6 3D 77 00 50 C8 24 03 1B 50 24 BF 25 A5 03 01 31 03 CF 00 3B 42 C4 25 A5 03 01 31 05 E6 3D 77 00 50 24 BF 03 (58)
                              [N3:X] MOTOR_I 0 79 (79)
                              [N3:X] [undefined] 61 119 0 80 (1031209040)
                              [N3:X] MOTOR_I 0 59 (59)
                              [N3:X] [undefined] 61 119 0 80 (1031209040)
2026-03-20 18:37:40:019 [IN ] C8 24 03 18 25 A5 03 01 31 03 CF 00 33 3A BC 25 A5 03 01 31 05 E6 3D 77 00 50 24 BF 50 C8 24 03 18 25 A5 03 01 31 03 CF 00 45 4C CE 25 A5 03 01 31 05 E6 3D 77 00 50 24 BF 50 (58)
                              [N3:X] MOTOR_I 0 51 (51)
                              [N3:X] [undefined] 61 119 0 80 (1031209040)
                              [N3:X] MOTOR_I 0 69 (69)
                              [N3:X] [undefined] 61 119 0 80 (1031209040)
2026-03-20 18:37:40:221 [IN ] C8 24 03 18 25 A5 03 01 31 03 CF 00 3E 45 C7 25 A5 03 01 31 05 E6 3D 77 00 50 24 BF 50 C8 24 03 18 25 A5 03 01 31 03 CF 00 41 48 CA 25 A5 03 01 31 05 E6 3D 77 00 50 24 BF 50 (58)
                              [N3:X] MOTOR_I 0 62 (62)
                              [N3:X] [undefined] 61 119 0 80 (1031209040)
                              [N3:X] MOTOR_I 0 65 (65)
                              [N3:X] [undefined] 61 119 0 80 (1031209040)
2026-03-20 18:37:40:422 [IN ] C8 24 03 18 25 A5 03 01 31 03 CF 00 46 4D CF 25 A5 03 01 31 05 E6 3D 77 00 50 24 BF 50 C8 24 03 18 25 A5 03 01 31 03 CF 00 2F 36 B8 25 A5 03 01 31 05 E6 3D 77 00 50 24 BF 50 (58)
                              [N3:X] MOTOR_I 0 70 (70)
                              [N3:X] [undefined] 61 119 0 80 (1031209040)
                              [N3:X] MOTOR_I 0 47 (47)
                              [N3:X] [undefined] 61 119 0 80 (1031209040)
2026-03-20 18:37:40:624 [IN ] C8 24 03 18 25 A5 03 01 31 03 CF 00 41 48 CA 25 A5 03 01 31 05 E6 3D 77 00 50 24 BF 50 C8 24 03 18 25 A5 03 01 31 03 CF 00 53 5A DC 25 A5 03 01 31 05 E6 3D 77 00 50 24 BF 50 (58)
                              [N3:X] MOTOR_I 0 65 (65)
                              [N3:X] [undefined] 61 119 0 80 (1031209040)
                              [N3:X] MOTOR_I 0 83 (83)
                              [N3:X] [undefined] 61 119 0 80 (1031209040)
2026-03-20 18:37:40:826 [IN ] C8 24 03 18 25 A5 03 01 31 03 CF 00 4A 51 D3 25 A5 03 01 31 05 E6 3D 77 00 50 24 BF 50 C8 24 03 18 25 A5 03 01 31 03 CF 00 42 49 CB 25 A5 03 01 31 05 E6 3D 77 00 50 24 BF 50 (58)
                              [N3:X] MOTOR_I 0 74 (74)
                              [N3:X] [undefined] 61 119 0 80 (1031209040)
                              [N3:X] MOTOR_I 0 66 (66)
                              [N3:X] [undefined] 61 119 0 80 (1031209040)
2026-03-20 18:37:41:028 [IN ] C8 24 03 0E 25 A5 03 01 31 03 CF 00 4D 54 D6 25 A5 03 01 C8 24 03 0A 01 31 05 E6 3D 77 00 50 24 BF D6 C8 24 03 15 25 A5 03 01 31 03 CF 00 33 3A BC 25 A5 03 01 31 05 E6 3D 77 00 50 (60)
                              [N3:X] MOTOR_I 0 77 (77)
                              [N3:X] [undefined] 61 119 0 80 (1031209040)
                              [N3:X] MOTOR_I 0 51 (51)
2026-03-20 18:37:41:229 [IN ] C8 24 03 1B 50 24 BF 25 A5 03 01 31 03 CF 00 48 4F D1 25 A5 03 01 31 05 E6 3D 77 00 50 24 BF 03 C8 24 03 18 25 A5 03 01 31 03 CF 00 37 3E C0 25 A5 03 01 31 05 E6 3D 77 00 50 24 BF 50 (61)
                              [N3:X] [undefined] 61 119 0 80 (1031209040)
                              [N3:X] MOTOR_I 0 72 (72)
                              [N3:X] [undefined] 61 119 0 80 (1031209040)
                              [N3:X] MOTOR_I 0 55 (55)
                              [N3:X] [undefined] 61 119 0 80 (1031209040)
2026-03-20 18:37:41:430 [IN ] C8 24 03 18 25 A5 03 01 31 03 CF 00 3E 45 C7 25 A5 03 01 31 05 E6 3D 77 00 50 24 BF 50 C8 24 03 18 25 A5 03 01 31 03 CF 00 45 4C CE 25 A5 03 01 31 05 E6 3D 77 00 50 24 BF 50 (58)
                              [N3:X] MOTOR_I 0 62 (62)
                              [N3:X] [undefined] 61 119 0 80 (1031209040)
                              [N3:X] MOTOR_I 0 69 (69)
                              [N3:X] [undefined] 61 119 0 80 (1031209040)
2026-03-20 18:37:41:632 [IN ] C8 24 03 18 25 A5 03 01 31 03 CF 00 33 3A BC 25 A5 03 01 31 05 E6 3D 77 00 50 24 BF 50 C8 24 03 18 25 A5 03 01 31 03 CF 00 58 5F E1 25 A5 03 01 31 05 E6 3D 77 00 50 24 BF 50 (58)
                              [N3:X] MOTOR_I 0 51 (51)
                              [N3:X] [undefined] 61 119 0 80 (1031209040)
                              [N3:X] MOTOR_I 0 88 (88)
                              [N3:X] [undefined] 61 119 0 80 (1031209040)
2026-03-20 18:37:41:833 [IN ] C8 24 03 18 25 A5 03 01 31 03 CF 00 33 3A BC 25 A5 03 01 31 05 E6 3D 77 00 50 24 BF 50 C8 24 03 18 25 A5 03 01 31 03 CF 00 48 4F D1 25 A5 03 01 31 05 E6 3D 77 00 50 24 BF 50 (58)
                              [N3:X] MOTOR_I 0 51 (51)
                              [N3:X] [undefined] 61 119 0 80 (1031209040)
                              [N3:X] MOTOR_I 0 72 (72)
                              [N3:X] [undefined] 61 119 0 80 (1031209040)
2026-03-20 18:37:42:035 [IN ] C8 24 03 18 25 A5 03 01 31 03 CF 00 37 3E C0 25 A5 03 01 31 05 E6 3D 77 00 50 24 BF 50 C8 24 03 18 25 A5 03 01 31 03 CF 00 4C 53 D5 25 A5 03 01 31 05 E6 3D 77 00 50 24 BF 50 (58)
                              [N3:X] MOTOR_I 0 55 (55)
                              [N3:X] [undefined] 61 119 0 80 (1031209040)
                              [N3:X] MOTOR_I 0 76 (76)
                              [N3:X] [undefined] 61 119 0 80 (1031209040)
2026-03-20 18:37:42:236 [IN ] C8 24 03 18 25 A5 03 01 31 03 CF 00 42 49 CB 25 A5 03 01 31 05 E6 3D 77 00 50 24 BF 50 C8 24 03 0E 25 A5 03 01 31 03 CF 00 39 40 C2 25 A5 03 01 C8 24 03 0A 01 31 05 E6 3D 77 00 50 24 BF C2 (63)
                              [N3:X] MOTOR_I 0 66 (66)
                              [N3:X] [undefined] 61 119 0 80 (1031209040)
                              [N3:X] MOTOR_I 0 57 (57)
                              [N3:X] [undefined] 61 119 0 80 (1031209040)
2026-03-20 18:37:42:438 [IN ] C8 24 03 18 25 A5 03 01 31 03 CF 00 30 37 B9 25 A5 03 01 31 05 E6 3D 77 00 50 24 BF 50 C8 24 03 18 25 A5 03 01 31 03 CF 00 3C 43 C5 25 A5 03 01 31 05 E6 3D 77 00 50 24 BF 50 (58)
                              [N3:X] MOTOR_I 0 48 (48)
                              [N3:X] [undefined] 61 119 0 80 (1031209040)
                              [N3:X] MOTOR_I 0 60 (60)
                              [N3:X] [undefined] 61 119 0 80 (1031209040)
2026-03-20 18:37:42:639 [IN ] C8 24 03 18 25 A5 03 01 31 03 CF 00 34 3B BD 25 A5 03 01 31 05 E6 3D 77 00 50 24 BF 50 C8 24 03 18 25 A5 03 01 31 03 CF 00 50 57 D9 25 A5 03 01 31 05 E6 3D 77 00 50 24 BF 50 (58)
                              [N3:X] MOTOR_I 0 52 (52)
                              [N3:X] [undefined] 61 119 0 80 (1031209040)
                              [N3:X] MOTOR_I 0 80 (80)
                              [N3:X] [undefined] 61 119 0 80 (1031209040)
2026-03-20 18:37:42:841 [IN ] C8 24 03 18 25 A5 03 01 31 03 CF 00 30 37 B9 25 A5 03 01 31 05 E6 3D 77 00 50 24 BF 50 C8 24 03 18 25 A5 03 01 31 03 CF 00 4C 53 D5 25 A5 03 01 31 05 E6 3D 77 00 50 24 BF 50 (58)
                              [N3:X] MOTOR_I 0 48 (48)
                              [N3:X] [undefined] 61 119 0 80 (1031209040)
                              [N3:X] MOTOR_I 0 76 (76)
                              [N3:X] [undefined] 61 119 0 80 (1031209040)
2026-03-20 18:37:43:042 [IN ] C8 24 03 18 25 A5 03 01 31 03 CF 00 4E 55 D7 25 A5 03 01 31 05 E6 3D 77 00 50 24 BF 50 C8 24 03 18 25 A5 03 01 31 03 CF 00 45 4C CE 25 A5 03 01 31 05 E6 3D 77 00 50 24 BF 50 (58)
                              [N3:X] MOTOR_I 0 78 (78)
                              [N3:X] [undefined] 61 119 0 80 (1031209040)
                              [N3:X] MOTOR_I 0 69 (69)
                              [N3:X] [undefined] 61 119 0 80 (1031209040)
2026-03-20 18:37:43:244 [IN ] C8 24 03 18 25 A5 03 01 31 03 CF 00 54 5B DD 25 A5 03 01 31 05 E6 3D 77 00 50 24 BF 50 C8 24 03 18 25 A5 03 01 31 03 CF 00 3D 44 C6 25 A5 03 01 31 05 E6 3D 77 00 50 24 BF 50 (58)
                              [N3:X] MOTOR_I 0 84 (84)
                              [N3:X] [undefined] 61 119 0 80 (1031209040)
                              [N3:X] MOTOR_I 0 61 (61)
                              [N3:X] [undefined] 61 119 0 80 (1031209040)
2026-03-20 18:37:43:445 [IN ] C8 24 03 18 25 A5 03 01 31 03 CF 00 47 4E D0 25 A5 03 01 31 05 E6 3D 77 00 50 24 BF 50 C8 24 03 0E 25 A5 03 01 31 03 CF 00 44 4B CD 25 A5 03 01 C8 24 03 0A 01 31 05 E6 3D 77 00 50 24 BF CD (63)
                              [N3:X] MOTOR_I 0 71 (71)
                              [N3:X] [undefined] 61 119 0 80 (1031209040)
                              [N3:X] MOTOR_I 0 68 (68)
                              [N3:X] [undefined] 61 119 0 80 (1031209040)
2026-03-20 18:37:43:647 [IN ] C8 24 03 15 25 A5 03 01 31 03 CF 00 42 49 CB 25 A5 03 01 31 05 E6 3D 77 00 50 C8 24 03 1B 50 24 BF 25 A5 03 01 31 03 CF 00 34 3B BD 25 A5 03 01 31 05 E6 3D 77 00 50 24 BF 03 (58)
                              [N3:X] MOTOR_I 0 66 (66)
                              [N3:X] [undefined] 61 119 0 80 (1031209040)
                              [N3:X] MOTOR_I 0 52 (52)
                              [N3:X] [undefined] 61 119 0 80 (1031209040)
2026-03-20 18:37:43:848 [IN ] C8 24 03 18 25 A5 03 01 31 03 CF 00 3B 42 C4 25 A5 03 01 31 05 E6 3D 77 00 50 24 BF 50 C8 24 03 18 25 A5 03 01 31 03 CF 00 2D 34 B6 25 A5 03 01 31 05 E6 3D 77 00 50 24 BF 50 (58)
                              [N3:X] MOTOR_I 0 59 (59)
                              [N3:X] [undefined] 61 119 0 80 (1031209040)
                              [N3:X] MOTOR_I 0 45 (45)
                              [N3:X] [undefined] 61 119 0 80 (1031209040)
2026-03-20 18:37:44:050 [IN ] C8 24 03 18 25 A5 03 01 31 03 CF 00 33 3A BC 25 A5 03 01 31 05 E6 3D 77 00 50 24 BF 50 C8 24 03 18 25 A5 03 01 31 03 CF 00 3D 44 C6 25 A5 03 01 31 05 E6 3D 77 00 50 24 BF 50 (58)
                              [N3:X] MOTOR_I 0 51 (51)
                              [N3:X] [undefined] 61 119 0 80 (1031209040)
                              [N3:X] MOTOR_I 0 61 (61)
                              [N3:X] [undefined] 61 119 0 80 (1031209040)
2026-03-20 18:37:44:252 [IN ] C8 24 03 18 25 A5 03 01 31 03 CF 00 45 4C CE 25 A5 03 01 31 05 E6 3D 77 00 50 24 BF 50 C8 24 03 18 25 A5 03 01 31 03 CF 00 38 3F C1 25 A5 03 01 31 05 E6 3D 77 00 50 24 BF 50 (58)
                              [N3:X] MOTOR_I 0 69 (69)
                              [N3:X] [undefined] 61 119 0 80 (1031209040)
                              [N3:X] MOTOR_I 0 56 (56)
                              [N3:X] [undefined] 61 119 0 80 (1031209040)
2026-03-20 18:37:44:453 [IN ] C8 24 03 18 25 A5 03 01 31 03 CF 00 3E 45 C7 25 A5 03 01 31 05 E6 3D 77 00 50 24 BF 50 C8 24 03 18 25 A5 03 01 31 03 CF 00 38 3F C1 25 A5 03 01 31 05 E6 3D 77 00 50 24 BF 50 (58)
                              [N3:X] MOTOR_I 0 62 (62)
                              [N3:X] [undefined] 61 119 0 80 (1031209040)
                              [N3:X] MOTOR_I 0 56 (56)
                              [N3:X] [undefined] 61 119 0 80 (1031209040)
2026-03-20 18:37:44:657 [IN ] C8 24 03 18 25 A5 03 01 31 03 CF 00 34 3B BD 25 A5 03 01 31 05 E6 3D 77 00 50 24 BF 50 C8 24 03 18 25 A5 03 01 31 03 CF 00 43 4A CC 25 A5 03 01 31 05 E6 3D 77 00 50 24 BF 50 (58)
                              [N3:X] MOTOR_I 0 52 (52)
                              [N3:X] [undefined] 61 119 0 80 (1031209040)
                              [N3:X] MOTOR_I 0 67 (67)
                              [N3:X] [undefined] 61 119 0 80 (1031209040)
2026-03-20 18:37:44:858 [IN ] C8 24 03 0E 25 A5 03 01 31 03 CF 00 43 4A CC 25 A5 03 01 C8 24 03 0A 01 31 05 E6 3D 77 00 50 24 BF CC C8 24 03 18 25 A5 03 01 31 03 CF 00 43 4A CC 25 A5 03 01 31 05 E6 3D 77 00 50 24 BF 50 (63)
                              [N3:X] MOTOR_I 0 67 (67)
                              [N3:X] [undefined] 61 119 0 80 (1031209040)
                              [N3:X] MOTOR_I 0 67 (67)
                              [N3:X] [undefined] 61 119 0 80 (1031209040)
2026-03-20 18:37:45:059 [IN ] C8 24 03 18 25 A5 03 01 31 03 CF 00 45 4C CE 25 A5 03 01 31 05 E6 3D 77 00 50 24 BF 50 C8 24 03 18 25 A5 03 01 31 03 CF 00 3D 44 C6 25 A5 03 01 31 05 E6 3D 77 00 50 24 BF 50 (58)
                              [N3:X] MOTOR_I 0 69 (69)
                              [N3:X] [undefined] 61 119 0 80 (1031209040)
                              [N3:X] MOTOR_I 0 61 (61)
                              [N3:X] [undefined] 61 119 0 80 (1031209040)
2026-03-20 18:37:45:261 [IN ] C8 24 03 18 25 A5 03 01 31 03 CF 00 2D 34 B6 25 A5 03 01 31 05 E6 3D 77 00 50 24 BF 50 C8 24 03 18 25 A5 03 01 31 03 CF 00 2E 35 B7 25 A5 03 01 31 05 E6 3D 77 00 50 24 BF 50 (58)
                              [N3:X] MOTOR_I 0 45 (45)
                              [N3:X] [undefined] 61 119 0 80 (1031209040)
                              [N3:X] MOTOR_I 0 46 (46)
                              [N3:X] [undefined] 61 119 0 80 (1031209040)
2026-03-20 18:37:45:463 [IN ] C8 24 03 18 25 A5 03 01 31 03 CF 00 32 39 BB 25 A5 03 01 31 05 E6 3D 77 00 50 24 BF 50 C8 24 03 18 25 A5 03 01 31 03 CF 00 40 47 C9 25 A5 03 01 31 05 E6 3D 77 00 50 24 BF 50 (58)
                              [N3:X] MOTOR_I 0 50 (50)
                              [N3:X] [undefined] 61 119 0 80 (1031209040)
                              [N3:X] MOTOR_I 0 64 (64)
                              [N3:X] [undefined] 61 119 0 80 (1031209040)
2026-03-20 18:37:45:665 [IN ] C8 24 03 18 25 A5 03 01 31 03 CF 00 3E 45 C7 25 A5 03 01 31 05 E6 3D 77 00 50 24 BF 50 C8 24 03 18 25 A5 03 01 31 03 CF 00 25 2C AE 25 A5 03 01 31 05 E6 3D 77 00 50 24 BF 50 (58)
                              [N3:X] MOTOR_I 0 62 (62)
                              [N3:X] [undefined] 61 119 0 80 (1031209040)
                              [N3:X] MOTOR_I 0 37 (37)
                              [N3:X] [undefined] 61 119 0 80 (1031209040)
2026-03-20 18:37:45:866 [IN ] C8 24 03 18 25 A5 03 01 31 03 CF 00 3D 44 C6 25 A5 03 01 31 05 E6 3D 77 00 50 24 BF 50 C8 24 03 18 25 A5 03 01 31 03 CF 00 3D 44 C6 25 A5 03 01 31 05 E6 3D 77 00 50 24 BF 50 (58)
                              [N3:X] MOTOR_I 0 61 (61)
                              [N3:X] [undefined] 61 119 0 80 (1031209040)
                              [N3:X] MOTOR_I 0 61 (61)
                              [N3:X] [undefined] 61 119 0 80 (1031209040)
2026-03-20 18:37:46:068 [IN ] C8 24 03 18 25 A5 03 01 31 03 CF 00 3F 46 C8 25 A5 03 01 31 05 E6 3D 77 00 50 24 BF 50 C8 24 03 15 25 A5 03 01 31 03 CF 00 2C 33 B5 25 A5 03 01 31 05 E6 3D 77 00 50 (55)
                              [N3:X] MOTOR_I 0 63 (63)
                              [N3:X] [undefined] 61 119 0 80 (1031209040)
                              [N3:X] MOTOR_I 0 44 (44)
2026-03-20 18:37:46:270 [IN ] C8 24 03 1B 50 24 BF 25 A5 03 01 31 03 CF 00 3E 45 C7 25 A5 03 01 31 05 E6 3D 77 00 50 24 BF 03 C8 24 03 18 25 A5 03 01 31 03 CF 00 28 2F B1 25 A5 03 01 31 05 E6 3D 77 00 50 24 BF 50 (61)
                              [N3:X] [undefined] 61 119 0 80 (1031209040)
                              [N3:X] MOTOR_I 0 62 (62)
                              [N3:X] [undefined] 61 119 0 80 (1031209040)
                              [N3:X] MOTOR_I 0 40 (40)
                              [N3:X] [undefined] 61 119 0 80 (1031209040)
2026-03-20 18:37:46:472 [IN ] C8 24 03 18 25 A5 03 01 31 03 CF 00 25 2C AE 25 A5 03 01 31 05 E6 3D 77 00 50 24 BF 50 C8 24 03 18 25 A5 03 01 31 03 CF 00 38 3F C1 25 A5 03 01 31 05 E6 3D 77 00 50 24 BF 50 (58)
                              [N3:X] MOTOR_I 0 37 (37)
                              [N3:X] [undefined] 61 119 0 80 (1031209040)
                              [N3:X] MOTOR_I 0 56 (56)
                              [N3:X] [undefined] 61 119 0 80 (1031209040)
2026-03-20 18:37:46:674 [IN ] C8 24 03 18 25 A5 03 01 31 03 CF 00 36 3D BF 25 A5 03 01 31 05 E6 3D 77 00 50 24 BF 50 C8 24 04 0B 25 A5 04 01 31 03 81 5A 4C 60 A6 25 C8 24 03 18 25 A5 03 01 31 03 CF 00 2A 31 B3 25 A5 03 01 
31 05 E6 3D 77 00 50 24 BF 50 C8 24 04 0A 25 A5 04 01 31 02 81 49 02 32 B3 (89)
                              [N3:X] MOTOR_I 0 54 (54)
                              [N3:X] [undefined] 61 119 0 80 (1031209040)
                              [N4:Y] TPOS 'Z' 76 (76)
                              [N3:X] MOTOR_I 0 42 (42)
                              [N3:X] [undefined] 61 119 0 80 (1031209040)
                              [N4:Y] TPOS 'I'
2026-03-20 18:37:46:897 [OUT] 25 A5 01 09 31 02 D8 3F 54 EC (10)
                              [N9:P] INTERRUPT '?'
2026-03-20 18:37:46:898 [IN ] C8 24 03 18 25 A5 03 01 31 03 CF 00 2B 32 B4 25 A5 03 01 31 05 E6 3D 77 00 50 24 BF 50 C8 24 03 18 25 A5 03 01 31 03 CF 00 2C 33 B5 25 A5 03 01 31 05 E6 3D 77 00 50 24 BF 50 (58)
                              [N3:X] MOTOR_I 0 43 (43)
                              [N3:X] [undefined] 61 119 0 80 (1031209040)
                              [N3:X] MOTOR_I 0 44 (44)
                              [N3:X] [undefined] 61 119 0 80 (1031209040)
2026-03-20 18:37:47:198 [IN ] C8 24 03 18 25 A5 03 01 31 03 CF 00 24 2B AD 25 A5 03 01 31 05 E6 3D 77 00 50 24 BF 50 C8 24 09 0C 25 A5 09 01 31 04 D8 3A 01 01 53 9A A5 C8 24 03 18 25 A5 03 01 31 03 CF 00 36 3D BF 25 A5 03 
01 31 05 E6 3D 77 00 50 24 BF 50 C8 24 03 18 25 A5 03 01 31 03 CF 00 26 2D AF 25 A5 03 01 31 05 E6 3D 77 00 50 24 BF 50 (104)
                              [N3:X] MOTOR_I 0 36 (36)
                              [N3:X] [undefined] 61 119 0 80 (1031209040)
                              [N9:P] INTERRUPT ':' 1 1 (257)
                              [N3:X] MOTOR_I 0 54 (54)
                              [N3:X] [undefined] 61 119 0 80 (1031209040)
                              [N3:X] MOTOR_I 0 38 (38)
                              [N3:X] [undefined] 61 119 0 80 (1031209040)
2026-03-20 18:37:47:220 [OUT] 25 A5 01 04 31 03 C9 3D 09 48 FE (11)
                              [N4:Y] LFLAG '=' 9 (9)
2026-03-20 18:37:47:242 [OUT] 25 A5 01 07 31 02 D8 3F 52 E2 (10)
                              [N7:N] INTERRUPT '?'
2026-03-20 18:37:47:242 [IN ] C8 24 03 0E 25 A5 03 01 31 03 CF 00 41 48 CA 25 A5 03 01 (19)
                              [N3:X] MOTOR_I 0 65 (65)
2026-03-20 18:37:47:543 [IN ] C8 24 03 0A 01 31 05 E6 3D 77 00 50 24 BF CA C8 24 03 18 25 A5 03 01 31 03 CF 00 21 28 AA 25 A5 03 01 31 05 E6 3D 77 00 50 24 BF 50 C8 24 04 0B 25 A5 04 01 31 03 C9 3A 09 45 FB 25 C8 24 03 18 
25 A5 03 01 31 03 CF 00 37 3E C0 25 A5 03 01 31 05 E6 3D 77 00 50 24 BF 50 C8 24 07 0C 25 A5 07 01 31 04 D8 3A 01 01 51 8A A5 (106)
                              [N3:X] [undefined] 61 119 0 80 (1031209040)
                              [N3:X] MOTOR_I 0 33 (33)
                              [N3:X] [undefined] 61 119 0 80 (1031209040)
                              [N4:Y] LFLAG ':' 9 (9)
                              [N3:X] MOTOR_I 0 55 (55)
                              [N3:X] [undefined] 61 119 0 80 (1031209040)
                              [N7:N] INTERRUPT ':' 1 1 (257)
2026-03-20 18:37:47:565 [OUT] 25 A5 01 09 31 03 C9 3D 0B 4F 1E (11)
                              [N9:P] LFLAG '=' 11 (11)
2026-03-20 18:37:47:566 [IN ] C8 24 03 18 25 A5 03 01 31 03 CF 00 32 39 BB 25 A5 03 01 31 05 E6 3D 77 00 50 24 BF 50 (29)
                              [N3:X] MOTOR_I 0 50 (50)
                              [N3:X] [undefined] 61 119 0 80 (1031209040)
2026-03-20 18:37:47:588 [OUT] 25 A5 01 07 31 03 C9 3D 0B 4D 12 (11)
                              [N7:N] LFLAG '=' 11 (11)
2026-03-20 18:37:47:651 [IN ] C8 24 03 18 25 A5 03 01 31 03 CF 00 29 30 B2 25 A5 03 01 31 05 E6 3D 77 00 50 24 BF 50 (29)
                              [N3:X] MOTOR_I 0 41 (41)
                              [N3:X] [undefined] 61 119 0 80 (1031209040)
2026-03-20 18:37:47:735 [IN ] C8 24 09 0B 25 A5 09 01 31 03 C9 3A 0B 4C 20 25 (16)
                              [N9:P] LFLAG ':' 11 (11)
2026-03-20 18:37:47:757 [OUT] 25 A5 01 09 31 03 88 00 50 16 26 (11)
                              [N9:P] RUN 0 80 (80)
2026-03-20 18:37:47:759 [IN ] C8 24 03 18 25 A5 03 01 31 03 CF 00 40 47 C9 25 A5 03 01 31 05 E6 3D 77 00 50 24 BF 50 (29)
                              [N3:X] MOTOR_I 0 64 (64)
                              [N3:X] [undefined] 61 119 0 80 (1031209040)
2026-03-20 18:37:47:841 [IN ] C8 24 07 0B 25 A5 07 01 31 03 C9 3A 0B 4A 12 25 (16)
                              [N7:N] LFLAG ':' 11 (11)
2026-03-20 18:37:47:862 [OUT] 25 A5 01 07 31 03 88 00 50 14 1A (11)
                              [N7:N] RUN 0 80 (80)
2026-03-20 18:37:47:863 [IN ] C8 24 03 18 25 A5 03 01 31 03 CF 00 2C 33 B5 25 A5 03 01 31 05 E6 3D 77 00 50 24 BF 50 (29)
                              [N3:X] MOTOR_I 0 44 (44)
                              [N3:X] [undefined] 61 119 0 80 (1031209040)
2026-03-20 18:37:47:945 [IN ] C8 24 09 0C 25 A5 09 01 31 04 88 53 00 50 6A F2 A5 C8 24 03 18 25 A5 03 01 31 03 CF 00 3D 44 C6 25 A5 03 01 31 05 (38)
                              [N9:P] RUN 'S' 0 80 (80)
2026-03-20 18:37:47:967 [IN ] E6 3D 77 00 50 24 BF 50 (8)
                              [N3:X] MOTOR_I 0 61 (61)
                              [N3:X] [undefined] 61 119 0 80 (1031209040)
2026-03-20 18:37:48:009 [IN ] C8 24 09 0B 25 A5 09 01 31 03 81 5A 4C 65 C9 25 (16)
                              [N9:P] TPOS 'Z' 76 (76)
2026-03-20 18:37:48:034 [IN ] C8 24 09 0A 25 A5 09 01 31 02 81 49 07 50 C9 (15)
                              [N9:P] TPOS 'I'
2026-03-20 18:37:48:057 [IN ] C8 24 03 18 25 A5 03 01 31 03 CF 00 28 2F B1 25 A5 03 01 31 05 E6 3D 77 00 50 24 BF 50 C8 24 07 0C 25 A5 07 01 31 04 88 53 00 50 68 E2 A5 (46)
                              [N3:X] MOTOR_I 0 40 (40)
                              [N3:X] [undefined] 61 119 0 80 (1031209040)
                              [N7:N] RUN 'S' 0 80 (80)
2026-03-20 18:37:48:078 [OUT] 25 A5 01 09 31 03 C9 3D 09 4D 1C (11)
                              [N9:P] LFLAG '=' 9 (9)
2026-03-20 18:37:48:100 [OUT] 25 A5 01 04 31 05 81 FF EE 88 01 32 FA (13)
                              [N4:Y] TPOS 255 238 136 1 (-1144831)
2026-03-20 18:37:48:161 [IN ] C8 24 03 18 25 A5 03 01 31 03 CF 00 35 3C BE 25 A5 03 01 31 05 E6 3D 77 00 50 24 BF 50 (29)
                              [N3:X] MOTOR_I 0 53 (53)
                              [N3:X] [undefined] 61 119 0 80 (1031209040)
2026-03-20 18:37:48:244 [IN ] C8 24 09 0B 25 A5 09 01 31 03 C9 3A 09 4A 1E 25 (16)
                              [N9:P] LFLAG ':' 9 (9)
2026-03-20 18:37:48:266 [IN ] C8 24 03 18 25 A5 03 01 31 03 CF 00 30 37 B9 25 A5 03 01 31 05 E6 3D 77 00 50 24 BF 50 (29)
                              [N3:X] MOTOR_I 0 48 (48)
                              [N3:X] [undefined] 61 119 0 80 (1031209040)
2026-03-20 18:37:48:329 [IN ] C8 24 03 0B 25 A5 03 01 31 03 81 5A 4C 5F 9F 25 (16)
                              [N3:X] TPOS 'Z' 76 (76)
2026-03-20 18:37:48:371 [IN ] C8 24 03 22 25 A5 03 01 31 03 CF 00 00 07 89 25 A5 03 01 31 05 E6 3D 77 00 00 D4 6F 25 A5 03 01 31 02 81 49 01 2C 00 C8 24 04 0E 25 A5 04 01 31 06 81 53 00 00 00 00 10 88 01 (58)
                              [N3:X] MOTOR_I 0 0 (0)
                              [N3:X] [undefined] 61 119 0 0 (1031208960)
                              [N3:X] TPOS 'I'
                              [N4:Y] TPOS 'S' 0 0 0 0 (0)
2026-03-20 18:37:48:573 [IN ] C8 24 03 18 25 A5 03 01 31 03 CF 00 00 07 89 25 A5 03 01 31 05 E6 3D 77 00 00 D4 6F 25 C8 24 03 15 25 A5 03 01 31 03 CF 00 00 07 89 25 A5 03 01 31 05 E6 3D 77 00 00 (55)
                              [N3:X] MOTOR_I 0 0 (0)
                              [N3:X] [undefined] 61 119 0 0 (1031208960)
                              [N3:X] MOTOR_I 0 0 (0)
2026-03-20 18:37:48:594 [OUT] 25 A5 01 03 31 03 C9 3D 09 47 F8 (11)
                              [N3:X] LFLAG '=' 9 (9)
2026-03-20 18:37:48:656 [IN ] C8 24 03 1B 00 D4 6F 25 A5 03 01 31 03 CF 00 00 07 89 25 A5 03 01 31 05 E6 3D 77 00 00 D4 6F 01 (32)
                              [N3:X] [undefined] 61 119 0 0 (1031208960)
                              [N3:X] MOTOR_I 0 0 (0)
                              [N3:X] [undefined] 61 119 0 0 (1031208960)
2026-03-20 18:37:48:760 [IN ] C8 24 03 23 25 A5 03 01 31 03 C9 3A 09 44 F4 25 A5 03 01 31 03 CF 00 00 07 89 25 A5 03 01 31 05 E6 3D 77 00 00 D4 6F 1E (40)
                              [N3:X] LFLAG ':' 9 (9)
                              [N3:X] MOTOR_I 0 0 (0)
                              [N3:X] [undefined] 61 119 0 0 (1031208960)
2026-03-20 18:37:48:961 [IN ] C8 24 03 18 25 A5 03 01 31 03 CF 00 00 07 89 25 A5 03 01 31 05 E6 3D 77 00 00 D4 6F 03 C8 24 03 18 25 A5 03 01 31 03 CF 00 00 07 89 25 A5 03 01 31 05 E6 3D 77 00 00 D4 6F 03 (58)
                              [N3:X] MOTOR_I 0 0 (0)
                              [N3:X] [undefined] 61 119 0 0 (1031208960)
                              [N3:X] MOTOR_I 0 0 (0)
                              [N3:X] [undefined] 61 119 0 0 (1031208960)
2026-03-20 18:37:49:162 [IN ] C8 24 03 18 25 A5 03 01 31 03 CF 00 00 07 89 25 A5 03 01 31 05 E6 3D 77 00 00 D4 6F 03 C8 24 03 18 25 A5 03 01 31 03 CF 00 00 07 89 25 A5 03 01 31 05 E6 3D 77 00 00 D4 6F 03 (58)
                              [N3:X] MOTOR_I 0 0 (0)
                              [N3:X] [undefined] 61 119 0 0 (1031208960)
                              [N3:X] MOTOR_I 0 0 (0)
                              [N3:X] [undefined] 61 119 0 0 (1031208960)
2026-03-20 18:37:49:364 [IN ] C8 24 03 18 25 A5 03 01 31 03 CF 00 00 07 89 25 A5 03 01 31 05 E6 3D 77 00 00 D4 6F 03 (29)
                              [N3:X] MOTOR_I 0 0 (0)
                              [N3:X] [undefined] 61 119 0 0 (1031208960)
2026-03-20 18:37:49:565 [IN ] C8 24 03 18 25 A5 03 01 31 03 CF 00 00 07 89 25 A5 03 01 31 05 E6 3D 77 00 00 D4 6F 03 C8 24 03 18 25 A5 03 01 31 03 CF 00 00 07 89 25 A5 03 01 31 05 E6 3D 77 00 00 D4 6F 03 (58)
                              [N3:X] MOTOR_I 0 0 (0)
                              [N3:X] [undefined] 61 119 0 0 (1031208960)
                              [N3:X] MOTOR_I 0 0 (0)
                              [N3:X] [undefined] 61 119 0 0 (1031208960)
2026-03-20 18:37:49:766 [IN ] C8 24 03 18 25 A5 03 01 31 03 CF 00 00 07 89 25 A5 03 01 31 05 E6 3D 77 00 00 D4 6F 03 C8 24 03 18 25 A5 03 01 31 03 CF 00 00 07 89 25 A5 03 01 31 05 E6 3D 77 00 00 D4 6F 03 C8 24 03 0E 25 A5 
03 01 31 03 CF 00 00 07 89 25 A5 03 01 C8 24 03 0A 01 31 05 E6 3D 77 00 00 D4 6F 89 (92)
                              [N3:X] MOTOR_I 0 0 (0)
                              [N3:X] [undefined] 61 119 0 0 (1031208960)
                              [N3:X] MOTOR_I 0 0 (0)
                              [N3:X] [undefined] 61 119 0 0 (1031208960)
                              [N3:X] MOTOR_I 0 0 (0)
                              [N3:X] [undefined] 61 119 0 0 (1031208960)
2026-03-20 18:37:49:967 [IN ] C8 24 03 15 25 A5 03 01 31 03 CF 00 00 07 89 25 A5 03 01 31 05 E6 3D 77 00 00 C8 24 03 1B 00 D4 6F 25 A5 03 01 31 03 CF 00 00 07 89 25 A5 03 01 31 05 E6 3D 77 00 00 D4 6F 05 (58)
                              [N3:X] MOTOR_I 0 0 (0)
                              [N3:X] [undefined] 61 119 0 0 (1031208960)
                              [N3:X] MOTOR_I 0 0 (0)
                              [N3:X] [undefined] 61 119 0 0 (1031208960)
2026-03-20 18:37:50:169 [IN ] C8 24 03 18 25 A5 03 01 31 03 CF 00 00 07 89 25 A5 03 01 31 05 E6 3D 77 00 00 D4 6F 00 C8 24 03 18 25 A5 03 01 31 03 CF 00 00 07 89 25 A5 03 01 31 05 E6 3D 77 00 00 D4 6F 00 (58)
                              [N3:X] MOTOR_I 0 0 (0)
                              [N3:X] [undefined] 61 119 0 0 (1031208960)
                              [N3:X] MOTOR_I 0 0 (0)
                              [N3:X] [undefined] 61 119 0 0 (1031208960)
2026-03-20 18:37:50:370 [IN ] C8 24 03 18 25 A5 03 01 31 03 CF 00 00 07 89 25 A5 03 01 31 05 E6 3D 77 00 00 D4 6F 00 (29)
                              [N3:X] MOTOR_I 0 0 (0)
                              [N3:X] [undefined] 61 119 0 0 (1031208960)
2026-03-20 18:37:50:571 [IN ] C8 24 03 18 25 A5 03 01 31 03 CF 00 00 07 89 25 A5 03 01 31 05 E6 3D 77 00 00 D4 6F 00 C8 24 03 18 25 A5 03 01 31 03 CF 00 00 07 89 25 A5 03 01 31 05 E6 3D 77 00 00 D4 6F 00 C8 24 03 18 25 A5 
03 01 31 03 CF (69)
                              [N3:X] MOTOR_I 0 0 (0)
                              [N3:X] [undefined] 61 119 0 0 (1031208960)
                              [N3:X] MOTOR_I 0 0 (0)
                              [N3:X] [undefined] 61 119 0 0 (1031208960)
2026-03-20 18:37:50:773 [IN ] 00 00 07 89 25 A5 03 01 31 05 E6 3D 77 00 00 D4 6F 00 C8 24 03 18 25 A5 03 01 31 03 CF 00 00 07 89 25 A5 03 01 31 05 E6 3D 77 00 00 D4 6F 00 (47)
                              [N3:X] MOTOR_I 0 0 (0)
                              [N3:X] [undefined] 61 119 0 0 (1031208960)
                              [N3:X] MOTOR_I 0 0 (0)
                              [N3:X] [undefined] 61 119 0 0 (1031208960)
2026-03-20 18:37:50:974 [IN ] C8 24 03 18 25 A5 03 01 31 03 CF 00 00 07 89 25 A5 03 01 31 05 E6 3D 77 00 00 D4 6F 00 C8 24 03 18 25 A5 03 01 31 03 CF 00 00 07 89 25 A5 03 01 31 05 E6 3D 77 00 00 D4 6F 00 (58)
                              [N3:X] MOTOR_I 0 0 (0)
                              [N3:X] [undefined] 61 119 0 0 (1031208960)
                              [N3:X] MOTOR_I 0 0 (0)
                              [N3:X] [undefined] 61 119 0 0 (1031208960)
2026-03-20 18:37:51:176 [IN ] C8 24 03 18 25 A5 03 01 31 03 CF 00 00 07 89 25 A5 03 01 31 05 E6 3D 77 00 00 D4 6F 00 C8 24 03 15 25 A5 03 01 31 03 CF 00 00 07 89 25 A5 03 01 31 05 E6 3D 77 00 00 C8 24 03 1B 00 D4 6F 25 A5 
03 01 31 03 CF 00 00 07 89 25 A5 03 01 31 05 E6 3D 77 00 00 D4 6F 05 (87)
                              [N3:X] MOTOR_I 0 0 (0)
                              [N3:X] [undefined] 61 119 0 0 (1031208960)
                              [N3:X] MOTOR_I 0 0 (0)
                              [N3:X] [undefined] 61 119 0 0 (1031208960)
                              [N3:X] MOTOR_I 0 0 (0)
                              [N3:X] [undefined] 61 119 0 0 (1031208960)
2026-03-20 18:37:51:377 [IN ] C8 24 03 18 25 A5 03 01 31 03 CF 00 00 07 89 25 A5 03 01 31 05 E6 3D 77 00 00 D4 6F 00 (29)
                              [N3:X] MOTOR_I 0 0 (0)
                              [N3:X] [undefined] 61 119 0 0 (1031208960)
2026-03-20 18:37:51:580 [IN ] C8 24 03 18 25 A5 03 01 31 03 CF 00 00 07 89 25 A5 03 01 31 05 E6 3D 77 00 00 D4 6F 00 C8 24 03 18 25 A5 03 01 31 03 CF 00 00 07 89 25 A5 03 01 31 05 E6 3D 77 00 00 D4 6F 00 C8 24 03 18 25 A5 
03 01 31 03 CF 00 00 07 89 25 A5 03 01 31 05 E6 3D 77 00 00 D4 6F 00 (87)
                              [N3:X] MOTOR_I 0 0 (0)
                              [N3:X] [undefined] 61 119 0 0 (1031208960)
                              [N3:X] MOTOR_I 0 0 (0)
                              [N3:X] [undefined] 61 119 0 0 (1031208960)
                              [N3:X] MOTOR_I 0 0 (0)
                              [N3:X] [undefined] 61 119 0 0 (1031208960)
2026-03-20 18:37:51:782 [IN ] C8 24 03 18 25 A5 03 01 31 03 CF 00 00 07 89 25 A5 03 01 31 05 E6 3D 77 00 00 D4 6F 00 C8 24 03 18 25 A5 03 01 31 03 CF 00 00 07 89 25 A5 03 01 31 05 E6 3D 77 00 00 D4 6F 00 (58)
                              [N3:X] MOTOR_I 0 0 (0)
                              [N3:X] [undefined] 61 119 0 0 (1031208960)
                              [N3:X] MOTOR_I 0 0 (0)
                              [N3:X] [undefined] 61 119 0 0 (1031208960)
2026-03-20 18:37:51:985 [IN ] C8 24 07 0B 25 A5 07 01 31 03 81 5A 4C 63 BB 25 C8 24 07 0A 25 A5 07 01 31 02 81 49 05 44 BB C8 24 03 18 25 A5 03 01 31 03 CF 00 00 07 89 25 A5 03 01 31 05 E6 3D 77 00 00 D4 6F 00 (60)
                              [N7:N] TPOS 'Z' 76 (76)
                              [N7:N] TPOS 'I'
                              [N3:X] MOTOR_I 0 0 (0)
                              [N3:X] [undefined] 61 119 0 0 (1031208960)
2026-03-20 18:37:52:187 [IN ] C8 24 03 18 25 A5 03 01 31 03 CF 00 00 07 89 25 A5 03 01 31 05 E6 3D 77 00 00 D4 6F 00 C8 24 03 18 25 A5 03 01 31 03 CF 00 00 07 89 25 A5 03 01 31 05 E6 3D 77 00 00 D4 6F 00 (58)
                              [N3:X] MOTOR_I 0 0 (0)
                              [N3:X] [undefined] 61 119 0 0 (1031208960)
                              [N3:X] MOTOR_I 0 0 (0)
                              [N3:X] [undefined] 61 119 0 0 (1031208960)
2026-03-20 18:37:52:208 [OUT] 25 A5 01 07 31 03 C9 3D 09 4B 10 (11)
                              [N7:N] LFLAG '=' 9 (9)
2026-03-20 18:37:52:209 [IN ] C8 24 03 18 25 A5 03 01 31 03 CF 00 00 07 89 25 A5 03 01 31 05 E6 3D 77 00 00 D4 6F 00 (29)
                              [N3:X] MOTOR_I 0 0 (0)
                              [N3:X] [undefined] 61 119 0 0 (1031208960)
2026-03-20 18:37:52:290 [IN ] C8 24 03 0E 25 A5 03 01 31 03 CF 00 00 07 89 25 A5 03 01 (19)
                              [N3:X] MOTOR_I 0 0 (0)
2026-03-20 18:37:52:313 [IN ] C8 24 03 0A 01 31 05 E6 3D 77 00 00 D4 6F 89 (15)
                              [N3:X] [undefined] 61 119 0 0 (1031208960)
2026-03-20 18:37:52:378 [IN ] C8 24 07 0B 25 A5 07 01 31 03 C9 3A 09 48 10 25 C8 24 03 15 25 A5 03 01 31 03 CF 00 00 07 89 25 A5 03 01 31 05 E6 3D 77 00 (41)
                              [N7:N] LFLAG ':' 9 (9)
                              [N3:X] MOTOR_I 0 0 (0)
2026-03-20 18:37:52:579 [IN ] 00 C8 24 03 1B 00 D4 6F 25 A5 03 01 31 03 CF 00 00 07 89 25 A5 03 01 31 05 E6 3D 77 00 00 D4 6F 05 C8 24 03 18 25 A5 03 01 31 03 CF 00 00 07 89 25 A5 03 01 31 05 E6 3D 77 00 00 D4 6F 00 (62)
                              [N3:X] [undefined] 61 119 0 0 (1031208960)
                              [N3:X] MOTOR_I 0 0 (0)
                              [N3:X] [undefined] 61 119 0 0 (1031208960)
                              [N3:X] MOTOR_I 0 0 (0)
                              [N3:X] [undefined] 61 119 0 0 (1031208960)
2026-03-20 18:37:52:781 [IN ] C8 24 03 18 25 A5 03 01 31 03 CF 00 00 07 89 25 A5 03 01 31 05 E6 3D 77 00 00 D4 6F 00 (29)
                              [N3:X] MOTOR_I 0 0 (0)
                              [N3:X] [undefined] 61 119 0 0 (1031208960)
2026-03-20 18:37:52:982 [IN ] C8 24 03 18 25 A5 03 01 31 03 CF 00 00 07 89 25 A5 03 01 31 05 E6 3D 77 00 00 D4 6F 00 C8 24 03 18 25 A5 03 01 31 03 CF 00 00 07 89 25 A5 03 01 31 05 E6 3D 77 00 00 D4 6F 00 (58)
                              [N3:X] MOTOR_I 0 0 (0)
                              [N3:X] [undefined] 61 119 0 0 (1031208960)
                              [N3:X] MOTOR_I 0 0 (0)
                              [N3:X] [undefined] 61 119 0 0 (1031208960)
2026-03-20 18:37:53:183 [IN ] C8 24 03 18 25 A5 03 01 31 03 CF 00 00 07 89 25 A5 03 01 31 05 E6 3D 77 00 00 D4 6F 00 C8 24 03 18 25 A5 03 01 31 03 CF 00 00 07 89 25 A5 03 01 31 05 E6 3D 77 00 00 D4 6F 00 (58)
                              [N3:X] MOTOR_I 0 0 (0)
                              [N3:X] [undefined] 61 119 0 0 (1031208960)
                              [N3:X] MOTOR_I 0 0 (0)
                              [N3:X] [undefined] 61 119 0 0 (1031208960)
2026-03-20 18:37:53:385 [IN ] C8 24 03 18 25 A5 03 01 31 03 CF 00 00 07 89 25 A5 03 01 31 05 E6 3D 77 00 00 D4 6F 00 C8 24 03 18 25 A5 03 01 31 03 CF 00 00 07 89 25 A5 03 01 31 05 E6 3D 77 00 00 D4 6F 00 (58)
                              [N3:X] MOTOR_I 0 0 (0)
                              [N3:X] [undefined] 61 119 0 0 (1031208960)
                              [N3:X] MOTOR_I 0 0 (0)
                              [N3:X] [undefined] 61 119 0 0 (1031208960)
2026-03-20 18:37:53:587 [IN ] C8 24 03 18 25 A5 03 01 31 03 CF 00 00 07 89 25 A5 03 01 31 05 E6 3D 77 00 00 D4 6F 00 C8 24 03 18 25 A5 03 01 31 03 CF 00 00 07 89 25 A5 03 01 31 05 E6 3D 77 00 00 D4 6F 00 C8 24 03 0E 25 A5 
03 01 31 03 CF 00 00 07 89 25 A5 03 01 (77)
                              [N3:X] MOTOR_I 0 0 (0)
                              [N3:X] [undefined] 61 119 0 0 (1031208960)
                              [N3:X] MOTOR_I 0 0 (0)
                              [N3:X] [undefined] 61 119 0 0 (1031208960)
                              [N3:X] MOTOR_I 0 0 (0)
2026-03-20 18:37:53:788 [IN ] C8 24 03 0A 01 31 05 E6 3D 77 00 00 D4 6F 89 C8 24 03 18 25 A5 03 01 31 03 CF 00 00 07 89 25 A5 03 01 31 05 E6 3D 77 00 00 D4 6F 00 (44)
                              [N3:X] [undefined] 61 119 0 0 (1031208960)
                              [N3:X] MOTOR_I 0 0 (0)
                              [N3:X] [undefined] 61 119 0 0 (1031208960)
2026-03-20 18:37:53:990 [IN ] C8 24 03 18 25 A5 03 01 31 03 CF 00 00 07 89 25 A5 03 01 31 05 E6 3D 77 00 00 D4 6F 00 C8 24 03 18 25 A5 03 01 31 03 CF 00 00 07 89 25 A5 03 01 31 05 E6 3D 77 00 00 D4 6F 00 (58)
                              [N3:X] MOTOR_I 0 0 (0)
                              [N3:X] [undefined] 61 119 0 0 (1031208960)
                              [N3:X] MOTOR_I 0 0 (0)
                              [N3:X] [undefined] 61 119 0 0 (1031208960)
2026-03-20 18:37:54:193 [IN ] C8 24 03 18 25 A5 03 01 31 03 CF 00 00 07 89 25 A5 03 01 31 05 E6 3D 77 00 00 D4 6F 00 C8 24 03 18 25 A5 03 01 31 03 CF 00 00 07 89 25 A5 03 01 31 05 E6 3D 77 00 00 D4 6F 00 (58)
                              [N3:X] MOTOR_I 0 0 (0)
                              [N3:X] [undefined] 61 119 0 0 (1031208960)
                              [N3:X] MOTOR_I 0 0 (0)
                              [N3:X] [undefined] 61 119 0 0 (1031208960)
2026-03-20 18:37:54:394 [IN ] C8 24 03 18 25 A5 03 01 31 03 CF 00 00 07 89 25 A5 03 01 31 05 E6 3D 77 00 00 D4 6F 00 C8 24 03 18 25 A5 03 01 31 03 CF 00 00 07 89 25 A5 03 01 31 05 E6 3D 77 00 00 D4 6F 00 (58)
                              [N3:X] MOTOR_I 0 0 (0)
                              [N3:X] [undefined] 61 119 0 0 (1031208960)
                              [N3:X] MOTOR_I 0 0 (0)
                              [N3:X] [undefined] 61 119 0 0 (1031208960)
2026-03-20 18:37:54:596 [IN ] C8 24 03 18 25 A5 03 01 31 03 CF 00 00 07 89 25 A5 03 01 31 05 E6 3D 77 00 00 D4 6F 00 C8 24 03 18 25 A5 03 01 31 03 CF 00 00 07 89 25 A5 03 01 31 05 E6 3D 77 00 00 D4 6F 00 (58)
                              [N3:X] MOTOR_I 0 0 (0)
                              [N3:X] [undefined] 61 119 0 0 (1031208960)
                              [N3:X] MOTOR_I 0 0 (0)
                              [N3:X] [undefined] 61 119 0 0 (1031208960)
2026-03-20 18:37:54:797 [IN ] C8 24 03 18 25 A5 03 01 31 03 CF 00 00 07 89 25 A5 03 01 31 05 E6 3D 77 00 00 D4 6F 00 C8 24 03 18 25 A5 03 01 31 03 CF 00 00 07 89 25 A5 03 01 31 05 E6 3D 77 00 00 D4 6F 00 C8 24 04 0E 25 A5 
04 01 31 06 81 45 FF EE 85 E8 5C FA 01 (77)
                              [N3:X] MOTOR_I 0 0 (0)
                              [N3:X] [undefined] 61 119 0 0 (1031208960)
                              [N3:X] MOTOR_I 0 0 (0)
                              [N3:X] [undefined] 61 119 0 0 (1031208960)
                              [N4:Y] TPOS 'E' 255 238 133 232 (-1145368)
2026-03-20 18:37:55:000 [IN ] C8 24 03 0E 25 A5 03 01 31 03 CF 00 00 07 89 25 A5 03 01 C8 24 03 0A 01 31 05 E6 3D 77 00 00 D4 6F 89 C8 24 03 15 25 A5 03 01 31 03 CF 00 00 07 89 25 A5 03 01 31 05 E6 3D 77 00 00 C8 24 03 1B 
00 D4 6F 25 A5 03 01 31 03 CF (74)
                              [N3:X] MOTOR_I 0 0 (0)
                              [N3:X] [undefined] 61 119 0 0 (1031208960)
                              [N3:X] MOTOR_I 0 0 (0)
2026-03-20 18:37:55:021 [OUT] 25 A5 01 09 31 05 81 FF E7 5D 56 5A 0C (13)
                              [N9:P] TPOS 255 231 93 86 (-1614506)
2026-03-20 18:37:55:023 [IN ] 00 00 07 89 25 A5 03 01 31 05 E6 3D 77 00 00 D4 6F 05 (18)
                              [N3:X] [undefined] 61 119 0 0 (1031208960)
                              [N3:X] MOTOR_I 0 0 (0)
                              [N3:X] [undefined] 61 119 0 0 (1031208960)
2026-03-20 18:37:55:043 [OUT] 25 A5 01 04 31 05 81 FF FD 50 01 09 B7 (13)
                              [N4:Y] TPOS 255 253 80 1 (-176127)
2026-03-20 18:37:55:065 [OUT] 25 A5 01 07 31 05 81 FF AB 19 75 F7 DF (13)
                              [N7:N] TPOS 255 171 25 117 (-5564043)
2026-03-20 18:37:55:087 [OUT] 25 A5 01 03 31 05 81 FF EC 4A AB 9B 1A (13)
                              [N3:X] TPOS 255 236 74 171 (-1291605)
2026-03-20 18:37:55:109 [OUT] 25 A5 01 06 31 02 D8 3F 51 DD (10)
                              [N6:H] INTERRUPT '?'
2026-03-20 18:37:55:110 [IN ] C8 24 03 18 25 A5 03 01 31 03 CF 00 00 07 89 25 A5 03 01 31 05 E6 3D 77 00 00 D4 6F 00 (29)
                              [N3:X] MOTOR_I 0 0 (0)
                              [N3:X] [undefined] 61 119 0 0 (1031208960)
2026-03-20 18:37:55:411 [IN ] C8 24 03 18 25 A5 03 01 31 03 CF 00 00 07 89 25 A5 03 01 31 05 E6 3D 77 00 00 D4 6F 00 C8 24 09 0E 25 A5 09 01 31 06 81 53 FF FF FF F7 09 A8 01 C8 24 03 18 25 A5 03 01 31 03 CF 00 00 07 89 25 
A5 03 01 31 05 E6 3D 77 00 00 D4 6F 00 C8 24 04 0E 25 A5 04 01 31 06 81 53 FF EE 85 E8 6A 40 01 C8 24 03 18 25 A5 03 01 31 03 CF 00 00 07 89 25 A5 03 01 31 05 E6 3D 77 00 00 D4 6F 00 (125)
                              [N3:X] MOTOR_I 0 0 (0)
                              [N3:X] [undefined] 61 119 0 0 (1031208960)
                              [N9:P] TPOS 'S' 255 255 255 247 (-9)
                              [N3:X] MOTOR_I 0 0 (0)
                              [N3:X] [undefined] 61 119 0 0 (1031208960)
                              [N4:Y] TPOS 'S' 255 238 133 232 (-1145368)
                              [N3:X] MOTOR_I 0 0 (0)
                              [N3:X] [undefined] 61 119 0 0 (1031208960)
2026-03-20 18:37:55:714 [IN ] C8 24 0C 0B 25 A5 0C 01 31 03 81 5A 4C 68 DE 25 C8 24 07 0E 25 A5 07 01 31 06 81 53 FF FF FF F6 06 93 01 C8 24 0C 0A 25 A5 0C 01 31 02 81 49 0A 62 FF C8 24 03 18 25 A5 03 01 31 03 CF 00 00 07 
89 25 A5 03 01 31 05 E6 3D 77 00 00 D4 6F 00 C8 24 03 0E 25 A5 03 01 31 06 81 53 00 00 00 00 0F 7E 01 C8 24 03 18 25 A5 03 01 31 03 CF 00 27 2E B0 25 A5 03 01 31 05 E6 3D 77 FF B0 83 1D 00 C8 
24 06 0C 25 A5 06 01 31 04 D8 3A 01 01 50 82 A5 C8 24 03 18 25 A5 03 01 31 03 CF 00 1A 21 A3 25 A5 03 01 31 05 E6 3D 77 FF B0 83 1D 00 (173)
                              [N12:Z] TPOS 'Z' 76 (76)
                              [N7:N] TPOS 'S' 255 255 255 246 (-10)
                              [N12:Z] TPOS 'I'
                              [N3:X] MOTOR_I 0 0 (0)
                              [N3:X] [undefined] 61 119 0 0 (1031208960)
                              [N3:X] TPOS 'S' 0 0 0 0 (0)
                              [N3:X] MOTOR_I 0 39 (39)
                              [N3:X] [undefined] 61 119 255 176 (1031274416)
                              [N6:H] INTERRUPT ':' 1 1 (257)
                              [N3:X] MOTOR_I 0 26 (26)
                              [N3:X] [undefined] 61 119 255 176 (1031274416)
2026-03-20 18:37:55:735 [OUT] 25 A5 01 06 31 03 C9 3D 0B 4C 0C (11)
                              [N6:H] LFLAG '=' 11 (11)
2026-03-20 18:37:55:757 [OUT] 25 A5 01 0C 31 03 C9 3D 09 50 2E (11)
                              [N12:Z] LFLAG '=' 9 (9)
2026-03-20 18:37:55:840 [IN ] C8 24 03 18 25 A5 03 01 31 03 CF 00 0D 14 96 25 A5 03 01 31 05 E6 3D 77 FF B0 83 1D 00 (29)
                              [N3:X] MOTOR_I 0 13 (13)
                              [N3:X] [undefined] 61 119 255 176 (1031274416)
2026-03-20 18:37:55:904 [IN ] C8 24 06 0B 25 A5 06 01 31 03 C9 3A 0B 49 0B 25 (16)
                              [N6:H] LFLAG ':' 11 (11)
2026-03-20 18:37:55:927 [OUT] 25 A5 01 06 31 03 88 FF B0 72 72 (11)
                              [N6:H] RUN 255 176 (-80)
2026-03-20 18:37:55:929 [IN ] C8 24 03 18 25 A5 03 01 31 03 CF 00 16 1D 9F 25 A5 03 01 31 05 E6 3D 77 FF B0 83 1D 00 (29)
                              [N3:X] MOTOR_I 0 22 (22)
                              [N3:X] [undefined] 61 119 255 176 (1031274416)
2026-03-20 18:37:56:012 [IN ] C8 24 0C 0B 25 A5 0C 01 31 03 C9 3A 09 4D 33 25 (16)
                              [N12:Z] LFLAG ':' 9 (9)
2026-03-20 18:37:56:033 [OUT] 25 A5 01 0C 31 05 81 FF BC D0 00 4F 33 (13)
                              [N12:Z] TPOS 255 188 208 0 (-4403200)
2026-03-20 18:37:56:034 [IN ] C8 24 03 18 25 A5 03 01 31 03 CF 00 03 0A 8C 25 A5 03 01 31 05 E6 3D 77 FF B0 83 1D 00 (29)
                              [N3:X] MOTOR_I 0 3 (3)
                              [N3:X] [undefined] 61 119 255 176 (1031274416)
2026-03-20 18:37:56:117 [IN ] C8 24 03 0E 25 A5 03 01 31 03 CF 00 08 0F 91 25 A5 03 01 C8 24 06 0C 25 A5 06 01 31 04 88 53 FF B0 C6 38 A5 (36)
                              [N3:X] MOTOR_I 0 8 (8)
2026-03-20 18:37:56:140 [IN ] C8 24 03 0A 01 31 05 E6 3D 77 FF B0 83 1D C6 (15)
2026-03-20 18:37:56:222 [IN ] C8 24 03 18 25 A5 03 01 31 03 CF 00 0D 14 96 25 A5 03 01 31 05 E6 3D 77 FF B0 83 1D 00 (29)
                              [N3:X] MOTOR_I 0 13 (13)
                              [N3:X] [undefined] 61 119 255 176 (1031274416)
2026-03-20 18:37:56:264 [IN ] C8 24 0C 0E 25 A5 0C 01 31 06 81 53 FF FF FF 7A 8F 49 01 (19)
                              [N12:Z] TPOS 'S' 255 255 255 122 (-134)
2026-03-20 18:37:56:306 [IN ] C8 24 03 18 25 A5 03 (7)
2026-03-20 18:37:56:328 [IN ] 01 31 03 CF 00 0E 15 97 25 A5 03 01 31 05 E6 3D 77 FF B0 83 1D 00 (22)
                              [N3:X] MOTOR_I 0 14 (14)
                              [N3:X] [undefined] 61 119 255 176 (1031274416)
2026-03-20 18:37:56:430 [IN ] C8 24 03 18 25 A5 03 01 31 03 CF 00 07 0E 90 25 A5 03 01 31 05 E6 3D 77 FF B0 83 1D 00 (29)
                              [N3:X] MOTOR_I 0 7 (7)
                              [N3:X] [undefined] 61 119 255 176 (1031274416)
2026-03-20 18:37:56:513 [IN ] C8 24 03 18 25 A5 03 01 31 03 CF 00 03 0A 8C 25 A5 03 01 31 05 E6 3D 77 FF B0 83 1D 00 (29)
                              [N3:X] MOTOR_I 0 3 (3)
                              [N3:X] [undefined] 61 119 255 176 (1031274416)
2026-03-20 18:37:56:636 [IN ] C8 24 03 18 25 A5 03 01 31 03 CF 00 05 0C 8E 25 A5 03 01 31 05 E6 3D 77 FF B0 83 1D 00 (29)
                              [N3:X] MOTOR_I 0 5 (5)
                              [N3:X] [undefined] 61 119 255 176 (1031274416)
2026-03-20 18:37:56:718 [IN ] C8 24 03 18 25 A5 03 01 31 03 CF 00 14 1B 9D 25 A5 03 01 31 05 E6 3D 77 FF B0 83 1D 00 (29)
                              [N3:X] MOTOR_I 0 20 (20)
                              [N3:X] [undefined] 61 119 255 176 (1031274416)
2026-03-20 18:37:56:822 [IN ] C8 24 03 18 25 A5 03 01 31 03 CF 00 10 17 (14)
2026-03-20 18:37:56:844 [IN ] 99 25 A5 03 01 31 05 E6 3D 77 FF B0 83 1D 00 (15)
                              [N3:X] MOTOR_I 0 16 (16)
                              [N3:X] [undefined] 61 119 255 176 (1031274416)
2026-03-20 18:37:56:927 [IN ] C8 24 03 18 25 A5 03 01 31 03 CF 00 14 1B 9D 25 A5 03 01 31 05 E6 3D 77 FF B0 83 1D 00 (29)
                              [N3:X] MOTOR_I 0 20 (20)
                              [N3:X] [undefined] 61 119 255 176 (1031274416)
2026-03-20 18:37:57:030 [IN ] C8 24 03 18 25 A5 03 01 31 03 CF 00 0B 12 94 25 A5 03 01 31 05 E6 3D 77 FF B0 83 1D 00 (29)
                              [N3:X] MOTOR_I 0 11 (11)
                              [N3:X] [undefined] 61 119 255 176 (1031274416)
2026-03-20 18:37:57:134 [IN ] C8 24 03 18 25 A5 03 01 31 03 CF 00 10 17 99 25 A5 03 01 31 05 E6 3D 77 FF B0 83 1D 00 (29)
                              [N3:X] MOTOR_I 0 16 (16)
                              [N3:X] [undefined] 61 119 255 176 (1031274416)
2026-03-20 18:37:57:237 [IN ] C8 24 03 18 25 A5 03 01 31 03 CF 00 0F 16 98 25 A5 03 01 31 05 E6 3D 77 FF B0 83 1D 00 (29)
                              [N3:X] MOTOR_I 0 15 (15)
                              [N3:X] [undefined] 61 119 255 176 (1031274416)
2026-03-20 18:37:57:339 [IN ] C8 24 03 18 25 A5 03 01 31 03 CF 00 04 0B 8D 25 A5 03 01 31 (20)
2026-03-20 18:37:57:360 [IN ] 05 E6 3D 77 FF B0 83 1D 00 (9)
                              [N3:X] MOTOR_I 0 4 (4)
                              [N3:X] [undefined] 61 119 255 176 (1031274416)
2026-03-20 18:37:57:423 [IN ] C8 24 03 15 25 A5 03 01 31 03 CF 00 06 0D 8F 25 A5 03 01 31 05 E6 3D 77 FF B0 (26)
                              [N3:X] MOTOR_I 0 6 (6)
2026-03-20 18:37:57:526 [IN ] C8 24 03 1B B0 83 1D 25 A5 03 01 31 03 CF 00 0E 15 97 25 A5 03 01 31 05 E6 3D 77 FF B0 83 1D 05 (32)
                              [N3:X] [undefined] 61 119 255 176 (1031274416)
                              [N3:X] MOTOR_I 0 14 (14)
                              [N3:X] [undefined] 61 119 255 176 (1031274416)
2026-03-20 18:37:57:648 [IN ] C8 24 03 18 25 A5 03 01 31 03 CF 00 09 10 92 25 A5 03 01 31 05 E6 3D 77 FF B0 83 1D B0 (29)
                              [N3:X] MOTOR_I 0 9 (9)
                              [N3:X] [undefined] 61 119 255 176 (1031274416)
2026-03-20 18:37:57:730 [IN ] C8 24 03 18 25 A5 03 01 31 03 CF 00 10 17 99 25 A5 03 01 31 05 E6 3D 77 FF B0 83 1D B0 (29)
                              [N3:X] MOTOR_I 0 16 (16)
                              [N3:X] [undefined] 61 119 255 176 (1031274416)
2026-03-20 18:37:57:833 [IN ] C8 24 03 18 25 A5 03 01 31 03 CF 00 10 17 99 25 A5 03 01 31 05 E6 3D 77 FF B0 83 1D B0 (29)
                              [N3:X] MOTOR_I 0 16 (16)
                              [N3:X] [undefined] 61 119 255 176 (1031274416)
2026-03-20 18:37:57:936 [IN ] C8 24 03 18 25 A5 03 01 31 03 CF 00 0F 16 98 25 A5 03 01 31 05 E6 3D 77 FF B0 83 1D B0 (29)
                              [N3:X] MOTOR_I 0 15 (15)
                              [N3:X] [undefined] 61 119 255 176 (1031274416)
2026-03-20 18:37:57:957 [OUT] 25 A5 01 06 31 03 88 FF B0 72 72 (11)
                              [N6:H] RUN 255 176 (-80)
2026-03-20 18:37:58:042 [IN ] C8 24 03 18 25 A5 03 01 31 03 CF 00 10 17 99 25 A5 03 01 31 05 E6 3D 77 FF B0 83 1D B0 (29)
                              [N3:X] MOTOR_I 0 16 (16)
                              [N3:X] [undefined] 61 119 255 176 (1031274416)
2026-03-20 18:37:58:125 [IN ] C8 24 06 0C 25 A5 06 01 31 04 88 53 FF B0 C6 38 A5 C8 24 03 18 25 A5 03 01 (25)
                              [N6:H] RUN 'S' 255 176 (-80)
2026-03-20 18:37:58:326 [IN ] 31 03 CF 00 09 10 92 25 A5 03 01 31 05 E6 3D 77 FF B0 83 1D B0 C8 24 03 18 25 A5 03 01 31 03 CF 00 0A 11 93 25 A5 03 01 31 05 E6 3D 77 FF B0 83 1D B0 (50)
                              [N3:X] MOTOR_I 0 9 (9)
                              [N3:X] [undefined] 61 119 255 176 (1031274416)
                              [N3:X] MOTOR_I 0 10 (10)
                              [N3:X] [undefined] 61 119 255 176 (1031274416)
2026-03-20 18:37:58:528 [IN ] C8 24 03 18 25 A5 03 01 31 03 CF 00 12 19 9B 25 A5 03 01 31 05 E6 3D 77 FF B0 83 1D B0 C8 24 03 18 25 A5 03 01 31 03 CF 00 09 10 92 25 A5 03 01 31 05 E6 3D 77 FF B0 83 1D B0 (58)
                              [N3:X] MOTOR_I 0 18 (18)
                              [N3:X] [undefined] 61 119 255 176 (1031274416)
                              [N3:X] MOTOR_I 0 9 (9)
                              [N3:X] [undefined] 61 119 255 176 (1031274416)
2026-03-20 18:37:58:729 [IN ] C8 24 03 18 25 A5 03 01 31 03 CF 00 06 0D 8F 25 A5 03 01 31 05 E6 3D 77 FF B0 83 1D B0 C8 24 03 0E 25 A5 03 01 31 03 CF 00 0D 14 96 25 A5 03 01 C8 24 03 0A 01 31 05 E6 3D 77 FF B0 83 1D 96 (63)
                              [N3:X] MOTOR_I 0 6 (6)
                              [N3:X] [undefined] 61 119 255 176 (1031274416)
                              [N3:X] MOTOR_I 0 13 (13)
                              [N3:X] [undefined] 61 119 255 176 (1031274416)
2026-03-20 18:37:58:932 [IN ] C8 24 03 18 25 A5 03 01 31 03 CF 00 0D 14 96 25 A5 03 01 31 05 E6 3D 77 FF B0 83 1D B0 C8 24 03 18 25 A5 03 01 31 03 CF 00 10 17 99 25 A5 03 01 31 05 E6 3D 77 FF B0 83 1D B0 (58)
                              [N3:X] MOTOR_I 0 13 (13)
                              [N3:X] [undefined] 61 119 255 176 (1031274416)
                              [N3:X] MOTOR_I 0 16 (16)
                              [N3:X] [undefined] 61 119 255 176 (1031274416)
2026-03-20 18:37:59:133 [IN ] C8 24 03 18 25 A5 03 01 31 03 CF 00 10 17 99 25 A5 03 01 31 05 E6 3D 77 FF B0 83 1D B0 C8 24 03 18 25 A5 03 01 31 03 CF 00 0D 14 96 25 A5 03 01 31 05 E6 3D 77 FF B0 83 1D B0 C8 24 03 18 25 A5 
03 01 31 03 CF 00 06 0D 8F 25 A5 03 01 31 05 E6 3D 77 FF B0 83 1D B0 (87)
                              [N3:X] MOTOR_I 0 16 (16)
                              [N3:X] [undefined] 61 119 255 176 (1031274416)
                              [N3:X] MOTOR_I 0 13 (13)
                              [N3:X] [undefined] 61 119 255 176 (1031274416)
                              [N3:X] MOTOR_I 0 6 (6)
                              [N3:X] [undefined] 61 119 255 176 (1031274416)
2026-03-20 18:37:59:335 [IN ] C8 24 03 18 25 A5 03 01 31 03 CF 00 0C 13 95 25 A5 03 01 31 05 E6 3D 77 FF B0 83 1D B0 (29)
                              [N3:X] MOTOR_I 0 12 (12)
                              [N3:X] [undefined] 61 119 255 176 (1031274416)
2026-03-20 18:37:59:537 [IN ] C8 24 03 18 25 A5 03 01 31 03 CF 00 0D 14 96 25 A5 03 01 31 05 E6 3D 77 FF B0 83 1D B0 C8 24 03 18 25 A5 03 01 31 03 CF 00 0E 15 97 25 A5 03 01 31 05 E6 3D 77 FF B0 83 1D B0 (58)
                              [N3:X] MOTOR_I 0 13 (13)
                              [N3:X] [undefined] 61 119 255 176 (1031274416)
                              [N3:X] MOTOR_I 0 14 (14)
                              [N3:X] [undefined] 61 119 255 176 (1031274416)
2026-03-20 18:37:59:738 [IN ] C8 24 03 18 25 A5 03 01 31 03 CF 00 0F 16 98 25 A5 03 01 31 05 E6 3D 77 FF B0 83 1D B0 C8 24 03 18 25 A5 03 01 31 03 CF 00 05 0C 8E 25 A5 03 01 31 05 E6 3D 77 FF B0 83 1D B0 (58)
                              [N3:X] MOTOR_I 0 15 (15)
                              [N3:X] [undefined] 61 119 255 176 (1031274416)
                              [N3:X] MOTOR_I 0 5 (5)
                              [N3:X] [undefined] 61 119 255 176 (1031274416)
2026-03-20 18:37:59:939 [IN ] C8 24 03 18 25 A5 03 01 31 03 CF 00 0D 14 96 25 A5 03 01 31 05 E6 3D 77 FF B0 83 1D B0 C8 24 03 18 25 A5 03 01 31 03 CF 00 11 18 9A 25 A5 03 01 31 05 E6 3D 77 FF B0 83 1D B0 C8 24 03 15 25 A5 
03 01 31 03 CF 00 05 0C 8E 25 A5 03 01 31 (78)
                              [N3:X] MOTOR_I 0 13 (13)
                              [N3:X] [undefined] 61 119 255 176 (1031274416)
                              [N3:X] MOTOR_I 0 17 (17)
                              [N3:X] [undefined] 61 119 255 176 (1031274416)
2026-03-20 18:38:00:142 [IN ] 05 E6 3D 77 FF B0 C8 24 06 0B 25 A5 06 01 31 03 81 5A 4C 62 B4 25 C8 24 03 1B B0 83 1D 25 A5 03 01 31 03 CF 00 09 10 92 25 A5 03 01 31 05 E6 3D 77 FF B0 83 1D 05 C8 24 06 0A 25 A5 06 01 31 02 
81 49 04 3E 00 C8 24 03 18 25 A5 03 01 31 03 CF 00 07 0E 90 25 A5 03 01 31 05 E6 3D 77 FF B0 83 1D B0 (98)
                              [N3:X] MOTOR_I 0 5 (5)
                              [N6:H] TPOS 'Z' 76 (76)
                              [N3:X] [undefined] 61 119 255 176 (1031274416)
                              [N3:X] MOTOR_I 0 9 (9)
                              [N3:X] [undefined] 61 119 255 176 (1031274416)
                              [N6:H] TPOS 'I'
                              [N3:X] MOTOR_I 0 7 (7)
                              [N3:X] [undefined] 61 119 255 176 (1031274416)
2026-03-20 18:38:00:344 [IN ] C8 24 03 18 25 A5 03 01 31 03 CF 00 0E 15 97 25 A5 03 01 31 05 E6 3D 77 FF B0 83 1D B0 (29)
                              [N3:X] MOTOR_I 0 14 (14)
                              [N3:X] [undefined] 61 119 255 176 (1031274416)
2026-03-20 18:38:00:365 [OUT] 25 A5 01 06 31 03 C9 3D 09 4A 0A (11)
                              [N6:H] LFLAG '=' 9 (9)
2026-03-20 18:38:00:366 [IN ] C8 24 03 18 25 A5 03 01 31 03 CF 00 0E 15 97 25 A5 03 01 31 05 E6 3D 77 FF B0 83 1D B0 (29)
                              [N3:X] MOTOR_I 0 14 (14)
                              [N3:X] [undefined] 61 119 255 176 (1031274416)
2026-03-20 18:38:00:448 [IN ] C8 24 03 18 25 A5 03 01 31 03 CF 00 16 1D 9F 25 A5 03 01 31 05 E6 3D 77 FF B0 83 1D (28)
                              [N3:X] MOTOR_I 0 22 (22)
                              [N3:X] [undefined] 61 119 255 176 (1031274416)
2026-03-20 18:38:00:470 [IN ] B0 (1)
2026-03-20 18:38:00:531 [IN ] C8 24 06 0B 25 A5 06 01 31 03 C9 3A 09 47 09 25 (16)
                              [N6:H] LFLAG ':' 9 (9)
2026-03-20 18:38:00:552 [OUT] 25 A5 01 06 31 03 84 00 50 0F 08 (11)
                              [N6:H] VEL 0 80 (80)
2026-03-20 18:38:00:574 [IN ] C8 24 03 18 25 A5 03 01 31 03 CF 00 11 18 9A 25 A5 03 01 31 05 E6 3D 77 FF B0 83 1D B0 (29)
                              [N3:X] MOTOR_I 0 17 (17)
                              [N3:X] [undefined] 61 119 255 176 (1031274416)
2026-03-20 18:38:00:658 [IN ] C8 24 03 18 25 A5 03 01 31 03 CF 00 0E 15 97 25 A5 03 01 31 05 E6 3D 77 FF B0 83 1D B0 (29)
                              [N3:X] MOTOR_I 0 14 (14)
                              [N3:X] [undefined] 61 119 255 176 (1031274416)
2026-03-20 18:38:00:721 [IN ] C8 24 06 0C 25 A5 06 01 31 04 84 53 00 50 63 CA A5 (17)
                              [N6:H] VEL 'S' 0 80 (80)
2026-03-20 18:38:00:743 [OUT] 25 A5 01 06 31 05 81 00 19 82 3C 95 BE (13)
                              [N6:H] TPOS 0 25 130 60 (1671740)
2026-03-20 18:38:00:765 [IN ] C8 24 03 18 25 A5 03 01 31 03 CF 00 09 10 92 25 A5 03 01 31 05 E6 3D 77 FF B0 83 1D B0 (29)
                              [N3:X] MOTOR_I 0 9 (9)
                              [N3:X] [undefined] 61 119 255 176 (1031274416)
2026-03-20 18:38:00:867 [IN ] C8 24 03 18 25 A5 03 01 31 03 CF 00 07 0E 90 25 A5 03 01 31 05 E6 3D 77 FF B0 83 1D B0 (29)
                              [N3:X] MOTOR_I 0 7 (7)
                              [N3:X] [undefined] 61 119 255 176 (1031274416)
2026-03-20 18:38:00:933 [IN ] C8 24 06 0E 25 A5 06 01 31 06 81 53 00 00 00 01 13 9D 01 (19)
                              [N6:H] TPOS 'S' 0 0 0 1 (1)
2026-03-20 18:38:01:134 [IN ] C8 24 03 18 25 A5 03 01 31 03 CF 00 0F 16 98 25 A5 03 01 31 05 E6 3D 77 FF B0 83 1D B0 C8 24 03 18 25 A5 03 01 31 03 CF 00 11 18 9A 25 A5 03 01 31 05 E6 3D 77 FF B0 83 1D B0 (58)
                              [N3:X] MOTOR_I 0 15 (15)
                              [N3:X] [undefined] 61 119 255 176 (1031274416)
                              [N3:X] MOTOR_I 0 17 (17)
                              [N3:X] [undefined] 61 119 255 176 (1031274416)
2026-03-20 18:38:01:335 [IN ] C8 24 03 0E 25 A5 03 01 31 03 CF 00 16 1D 9F 25 A5 03 01 C8 24 03 0A 01 31 05 E6 3D 77 FF B0 83 1D 9F C8 24 03 18 25 A5 03 01 31 03 CF 00 0C 13 95 25 A5 03 01 31 05 E6 3D 77 FF B0 83 1D B0 (63)
                              [N3:X] MOTOR_I 0 22 (22)
                              [N3:X] [undefined] 61 119 255 176 (1031274416)
                              [N3:X] MOTOR_I 0 12 (12)
                              [N3:X] [undefined] 61 119 255 176 (1031274416)
2026-03-20 18:38:01:536 [IN ] C8 24 03 18 25 A5 03 01 31 03 CF 00 14 1B 9D 25 A5 03 01 31 05 E6 3D 77 FF B0 83 1D B0 C8 24 03 18 25 A5 03 01 31 03 CF 00 16 1D 9F 25 A5 03 01 31 05 E6 3D 77 FF B0 83 1D B0 (58)
                              [N3:X] MOTOR_I 0 20 (20)
                              [N3:X] [undefined] 61 119 255 176 (1031274416)
                              [N3:X] MOTOR_I 0 22 (22)
                              [N3:X] [undefined] 61 119 255 176 (1031274416)
2026-03-20 18:38:01:737 [IN ] C8 24 03 18 25 A5 03 01 31 03 CF 00 17 1E A0 25 A5 03 01 31 05 E6 3D 77 FF B0 83 1D B0 C8 24 03 18 25 A5 03 01 31 03 CF 00 09 10 92 25 A5 03 01 31 05 E6 3D 77 FF B0 83 1D B0 (58)
                              [N3:X] MOTOR_I 0 23 (23)
                              [N3:X] [undefined] 61 119 255 176 (1031274416)
                              [N3:X] MOTOR_I 0 9 (9)
                              [N3:X] [undefined] 61 119 255 176 (1031274416)
2026-03-20 18:38:01:939 [IN ] C8 24 03 18 25 A5 03 01 31 03 CF 00 10 17 99 25 A5 03 01 31 05 E6 3D 77 FF B0 83 1D B0 C8 24 03 18 25 A5 03 01 31 03 CF 00 14 1B 9D 25 A5 03 01 31 05 E6 3D 77 FF B0 83 1D B0 (58)
                              [N3:X] MOTOR_I 0 16 (16)
                              [N3:X] [undefined] 61 119 255 176 (1031274416)
                              [N3:X] MOTOR_I 0 20 (20)
                              [N3:X] [undefined] 61 119 255 176 (1031274416)
2026-03-20 18:38:02:140 [IN ] C8 24 03 18 25 A5 03 01 31 03 CF 00 18 1F A1 25 A5 03 01 31 05 E6 3D 77 FF B0 83 1D B0 C8 24 03 18 25 A5 03 01 31 03 CF 00 19 20 A2 25 A5 03 01 31 05 E6 3D 77 FF B0 83 1D B0 (58)
                              [N3:X] MOTOR_I 0 24 (24)
                              [N3:X] [undefined] 61 119 255 176 (1031274416)
                              [N3:X] MOTOR_I 0 25 (25)
                              [N3:X] [undefined] 61 119 255 176 (1031274416)
2026-03-20 18:38:02:342 [IN ] C8 24 03 18 25 A5 03 01 31 03 CF 00 00 07 89 25 A5 03 01 31 05 E6 3D 77 00 00 D4 6F B0 C8 24 03 0E 25 A5 03 01 31 06 81 45 FF EC 48 0F 43 97 01 C8 24 03 18 25 A5 03 01 31 03 CF 00 00 07 89 25 
A5 03 01 31 05 E6 3D 77 00 00 D4 6F B0 (77)
                              [N3:X] MOTOR_I 0 0 (0)
                              [N3:X] [undefined] 61 119 0 0 (1031208960)
                              [N3:X] TPOS 'E' 255 236 72 15 (-1292273)
                              [N3:X] MOTOR_I 0 0 (0)
                              [N3:X] [undefined] 61 119 0 0 (1031208960)
2026-03-20 18:38:02:544 [IN ] C8 24 03 0E 25 A5 03 01 31 03 CF 00 00 07 89 25 A5 03 01 C8 24 03 0A 01 31 05 E6 3D 77 00 00 D4 6F 89 C8 24 03 15 25 A5 03 01 31 03 CF 00 00 07 89 25 A5 03 01 31 05 E6 3D 77 00 00 (60)
                              [N3:X] MOTOR_I 0 0 (0)
                              [N3:X] [undefined] 61 119 0 0 (1031208960)
                              [N3:X] MOTOR_I 0 0 (0)
2026-03-20 18:38:02:746 [IN ] C8 24 03 1B 00 D4 6F 25 A5 03 01 31 03 CF 00 00 07 89 25 A5 03 01 31 05 E6 3D 77 00 00 D4 6F 05 C8 24 03 18 25 A5 03 01 31 03 CF 00 00 07 89 25 A5 03 01 31 05 E6 3D 77 00 00 D4 6F 00 (61)
                              [N3:X] [undefined] 61 119 0 0 (1031208960)
                              [N3:X] MOTOR_I 0 0 (0)
                              [N3:X] [undefined] 61 119 0 0 (1031208960)
                              [N3:X] MOTOR_I 0 0 (0)
                              [N3:X] [undefined] 61 119 0 0 (1031208960)
2026-03-20 18:38:02:767 [OUT] 25 A5 01 03 31 05 81 FF FD 50 01 08 AF (13)
                              [N3:X] TPOS 255 253 80 1 (-176127)
2026-03-20 18:38:02:768 [IN ] C8 24 03 18 25 A5 03 01 31 03 CF 00 00 07 89 25 A5 03 01 31 05 E6 3D 77 00 00 D4 6F 00 (29)
                              [N3:X] MOTOR_I 0 0 (0)
                              [N3:X] [undefined] 61 119 0 0 (1031208960)
2026-03-20 18:38:02:892 [IN ] C8 24 03 18 25 A5 03 01 31 03 CF 00 00 07 89 25 A5 03 01 31 05 E6 3D 77 00 00 D4 6F 00 (29)
                              [N3:X] MOTOR_I 0 0 (0)
                              [N3:X] [undefined] 61 119 0 0 (1031208960)
2026-03-20 18:38:02:954 [IN ] C8 24 03 0E 25 A5 03 01 31 06 81 53 FF EC 48 0F 51 DD 01 (19)
                              [N3:X] TPOS 'S' 255 236 72 15 (-1292273)
2026-03-20 18:38:03:156 [IN ] C8 24 03 18 25 A5 03 01 31 03 CF 00 4A 51 D3 25 A5 03 01 31 05 E6 3D 77 00 50 24 BF 00 C8 24 09 0E 25 A5 09 01 31 06 81 45 FF E7 59 7C C2 53 01 C8 24 03 18 25 A5 03 01 31 03 CF 00 39 40 C2 25 
A5 03 01 31 05 E6 3D 77 00 50 24 BF 00 (77)
                              [N3:X] MOTOR_I 0 74 (74)
                              [N3:X] [undefined] 61 119 0 80 (1031209040)
                              [N9:P] TPOS 'E' 255 231 89 124 (-1615492)
                              [N3:X] MOTOR_I 0 57 (57)
                              [N3:X] [undefined] 61 119 0 80 (1031209040)
2026-03-20 18:38:03:359 [IN ] C8 24 03 18 25 A5 03 01 31 03 CF 00 4E 55 D7 25 A5 03 01 31 05 E6 3D 77 00 50 24 BF 00 C8 24 03 18 25 A5 03 01 31 03 CF 00 34 3B BD 25 A5 03 01 31 05 E6 3D 77 00 50 24 BF 00 (58)
                              [N3:X] MOTOR_I 0 78 (78)
                              [N3:X] [undefined] 61 119 0 80 (1031209040)
                              [N3:X] MOTOR_I 0 52 (52)
                              [N3:X] [undefined] 61 119 0 80 (1031209040)
2026-03-20 18:38:03:560 [IN ] C8 24 03 18 25 A5 03 01 31 03 CF 00 41 48 CA 25 A5 03 01 31 05 E6 3D 77 00 50 24 BF 00 C8 24 03 18 25 A5 03 01 31 03 CF 00 5B 62 E4 25 A5 03 01 31 05 E6 3D 77 00 50 24 BF 00 (58)
                              [N3:X] MOTOR_I 0 65 (65)
                              [N3:X] [undefined] 61 119 0 80 (1031209040)
                              [N3:X] MOTOR_I 0 91 (91)
                              [N3:X] [undefined] 61 119 0 80 (1031209040)
2026-03-20 18:38:03:582 [OUT] 25 A5 01 09 31 05 81 FF FF D9 C8 60 BE (13)
                              [N9:P] TPOS 255 255 217 200 (-9784)
2026-03-20 18:38:03:583 [IN ] C8 24 03 18 25 A5 03 01 31 03 CF 00 4C 53 D5 25 A5 03 01 31 05 E6 (22)
2026-03-20 18:38:03:604 [IN ] 3D 77 00 50 24 BF 00 (7)
                              [N3:X] MOTOR_I 0 76 (76)
                              [N3:X] [undefined] 61 119 0 80 (1031209040)
2026-03-20 18:38:03:686 [IN ] C8 24 03 0E 25 A5 03 01 31 03 CF 00 51 58 DA 25 A5 03 01 C8 24 03 0A 01 31 05 E6 3D 77 00 50 24 BF DA (34)
                              [N3:X] MOTOR_I 0 81 (81)
                              [N3:X] [undefined] 61 119 0 80 (1031209040)
2026-03-20 18:38:03:770 [IN ] C8 24 09 0E 25 A5 09 01 31 06 81 53 FF E7 59 7F D3 9C 01 C8 24 03 18 25 A5 03 01 31 03 CF 00 55 5C DE 25 A5 03 01 31 05 E6 3D 77 00 50 24 BF 00 (48)
                              [N9:P] TPOS 'S' 255 231 89 127 (-1615489)
                              [N3:X] MOTOR_I 0 85 (85)
                              [N3:X] [undefined] 61 119 0 80 (1031209040)
2026-03-20 18:38:03:971 [IN ] C8 24 03 18 25 A5 03 01 31 03 CF 00 5D 64 E6 25 A5 03 01 31 05 E6 3D 77 00 50 24 BF 00 (29)
                              [N3:X] MOTOR_I 0 93 (93)
                              [N3:X] [undefined] 61 119 0 80 (1031209040)
2026-03-20 18:38:04:172 [IN ] C8 24 03 18 25 A5 03 01 31 03 CF 00 51 58 DA 25 A5 03 01 31 05 E6 3D 77 00 50 24 BF 00 C8 24 03 18 25 A5 03 01 31 03 CF 00 33 3A BC 25 A5 03 01 31 05 E6 3D 77 00 50 24 BF 00 (58)
                              [N3:X] MOTOR_I 0 81 (81)
                              [N3:X] [undefined] 61 119 0 80 (1031209040)
                              [N3:X] MOTOR_I 0 51 (51)
                              [N3:X] [undefined] 61 119 0 80 (1031209040)
2026-03-20 18:38:04:374 [IN ] C8 24 03 18 25 A5 03 01 31 03 CF 00 37 3E C0 25 A5 03 01 31 05 E6 3D 77 00 50 24 BF 00 C8 24 03 18 25 A5 03 01 31 03 CF 00 5B 62 E4 25 A5 03 01 31 05 E6 3D 77 00 50 24 BF 00 C8 24 03 18 25 A5 
03 01 31 (67)
                              [N3:X] MOTOR_I 0 55 (55)
                              [N3:X] [undefined] 61 119 0 80 (1031209040)
                              [N3:X] MOTOR_I 0 91 (91)
                              [N3:X] [undefined] 61 119 0 80 (1031209040)
2026-03-20 18:38:04:577 [IN ] 03 CF 00 56 5D DF 25 A5 03 01 31 05 E6 3D 77 00 50 24 BF 00 C8 24 03 18 25 A5 03 01 31 03 CF 00 36 3D BF 25 A5 03 01 31 05 E6 3D 77 00 50 24 BF 00 (49)
                              [N3:X] MOTOR_I 0 86 (86)
                              [N3:X] [undefined] 61 119 0 80 (1031209040)
                              [N3:X] MOTOR_I 0 54 (54)
                              [N3:X] [undefined] 61 119 0 80 (1031209040)
2026-03-20 18:38:04:779 [IN ] C8 24 03 18 25 A5 03 01 31 03 CF 00 35 3C BE 25 A5 03 01 31 05 E6 3D 77 00 50 24 BF 00 C8 24 03 18 25 A5 03 01 31 03 CF 00 35 3C BE 25 A5 03 01 31 05 E6 3D 77 00 50 24 BF 00 (58)
                              [N3:X] MOTOR_I 0 53 (53)
                              [N3:X] [undefined] 61 119 0 80 (1031209040)
                              [N3:X] MOTOR_I 0 53 (53)
                              [N3:X] [undefined] 61 119 0 80 (1031209040)
2026-03-20 18:38:04:980 [IN ] C8 24 03 18 25 A5 03 01 31 03 CF 00 56 5D DF 25 A5 03 01 31 05 E6 3D 77 00 50 24 BF 00 C8 24 03 18 25 A5 03 01 31 03 CF 00 4A 51 D3 25 A5 03 01 31 05 E6 3D 77 00 50 24 BF 00 (58)
                              [N3:X] MOTOR_I 0 86 (86)
                              [N3:X] [undefined] 61 119 0 80 (1031209040)
                              [N3:X] MOTOR_I 0 74 (74)
                              [N3:X] [undefined] 61 119 0 80 (1031209040)
2026-03-20 18:38:05:182 [IN ] C8 24 03 15 25 A5 03 01 31 03 CF 00 43 4A CC 25 A5 03 01 31 05 E6 3D 77 00 50 C8 24 03 1B 50 24 BF 25 A5 03 01 31 03 CF 00 4E 55 D7 25 A5 03 01 31 05 E6 3D 77 00 50 24 BF 05 (58)
                              [N3:X] MOTOR_I 0 67 (67)
                              [N3:X] [undefined] 61 119 0 80 (1031209040)
                              [N3:X] MOTOR_I 0 78 (78)
                              [N3:X] [undefined] 61 119 0 80 (1031209040)
2026-03-20 18:38:05:383 [IN ] C8 24 03 18 25 A5 03 01 31 03 CF 00 4A 51 D3 25 A5 03 01 31 05 E6 3D 77 00 50 24 BF 50 C8 24 03 18 25 A5 03 01 31 03 CF 00 35 3C BE 25 A5 03 01 31 05 E6 3D 77 00 50 24 BF 50 C8 24 03 18 25 A5 
03 01 31 03 CF 00 4E 55 D7 25 A5 03 01 31 05 E6 3D 77 00 50 24 BF 50 (87)
                              [N3:X] MOTOR_I 0 74 (74)
                              [N3:X] [undefined] 61 119 0 80 (1031209040)
                              [N3:X] MOTOR_I 0 53 (53)
                              [N3:X] [undefined] 61 119 0 80 (1031209040)
                              [N3:X] MOTOR_I 0 78 (78)
                              [N3:X] [undefined] 61 119 0 80 (1031209040)
2026-03-20 18:38:05:584 [IN ] C8 24 03 18 25 A5 03 01 31 03 CF 00 31 38 BA 25 A5 03 01 31 05 E6 3D 77 00 50 24 BF 50 (29)
                              [N3:X] MOTOR_I 0 49 (49)
                              [N3:X] [undefined] 61 119 0 80 (1031209040)
2026-03-20 18:38:05:785 [IN ] C8 24 03 18 25 A5 03 01 31 03 CF 00 46 4D CF 25 A5 03 01 31 05 E6 3D 77 00 50 24 BF 50 C8 24 03 18 25 A5 03 01 31 03 CF 00 39 40 C2 25 A5 03 01 31 05 E6 3D 77 00 50 24 BF 50 (58)
                              [N3:X] MOTOR_I 0 70 (70)
                              [N3:X] [undefined] 61 119 0 80 (1031209040)
                              [N3:X] MOTOR_I 0 57 (57)
                              [N3:X] [undefined] 61 119 0 80 (1031209040)
2026-03-20 18:38:05:987 [IN ] C8 24 03 18 25 A5 03 01 31 03 CF 00 43 4A CC 25 A5 03 01 31 05 E6 3D 77 00 50 24 BF 50 C8 24 04 0E 25 A5 04 01 31 06 81 45 FF FD 4F DE 2B B1 01 C8 24 03 18 25 A5 03 01 31 03 CF 00 37 3E C0 25 
A5 03 01 31 05 E6 3D 77 00 50 24 BF 50 (77)
                              [N3:X] MOTOR_I 0 67 (67)
                              [N3:X] [undefined] 61 119 0 80 (1031209040)
                              [N4:Y] TPOS 'E' 255 253 79 222 (-176162)
                              [N3:X] MOTOR_I 0 55 (55)
                              [N3:X] [undefined] 61 119 0 80 (1031209040)
2026-03-20 18:38:06:189 [IN ] C8 24 03 18 25 A5 03 01 31 03 CF 00 3E 45 C7 25 A5 03 01 31 05 E6 3D 77 00 50 24 BF 50 C8 24 03 18 25 A5 03 01 31 03 CF 00 3B 42 C4 25 A5 03 01 31 05 E6 3D 77 00 50 24 BF 50 C8 24 03 0E 25 A5 
03 01 31 03 CF 00 60 67 E9 25 A5 03 01 (77)
                              [N3:X] MOTOR_I 0 62 (62)
                              [N3:X] [undefined] 61 119 0 80 (1031209040)
                              [N3:X] MOTOR_I 0 59 (59)
                              [N3:X] [undefined] 61 119 0 80 (1031209040)
                              [N3:X] MOTOR_I 0 96 (96)
2026-03-20 18:38:06:392 [IN ] C8 24 03 0A 01 31 05 E6 3D 77 00 50 24 BF E9 C8 24 03 15 25 A5 03 01 31 03 CF 00 49 50 D2 25 A5 03 01 31 05 E6 3D 77 00 50 C8 24 03 1B 50 24 BF 25 A5 03 01 31 03 CF 00 3E 45 C7 25 A5 03 01 31 
05 E6 3D 77 00 50 24 BF 05 (73)
                              [N3:X] [undefined] 61 119 0 80 (1031209040)
                              [N3:X] MOTOR_I 0 73 (73)
                              [N3:X] [undefined] 61 119 0 80 (1031209040)
                              [N3:X] MOTOR_I 0 62 (62)
                              [N3:X] [undefined] 61 119 0 80 (1031209040)
2026-03-20 18:38:06:594 [IN ] C8 24 03 18 25 A5 03 01 31 03 CF 00 4C 53 D5 25 A5 03 01 31 05 E6 3D 77 00 50 24 BF 50 (29)
                              [N3:X] MOTOR_I 0 76 (76)
                              [N3:X] [undefined] 61 119 0 80 (1031209040)
2026-03-20 18:38:06:795 [IN ] C8 24 03 18 25 A5 03 01 31 03 CF 00 41 48 CA 25 A5 03 01 31 05 E6 3D 77 00 50 24 BF 50 C8 24 03 18 25 A5 03 01 31 03 CF 00 35 3C BE 25 A5 03 01 31 05 E6 3D 77 00 50 24 BF 50 (58)
                              [N3:X] MOTOR_I 0 65 (65)
                              [N3:X] [undefined] 61 119 0 80 (1031209040)
                              [N3:X] MOTOR_I 0 53 (53)
                              [N3:X] [undefined] 61 119 0 80 (1031209040)
2026-03-20 18:38:06:997 [IN ] C8 24 03 18 25 A5 03 01 31 03 CF 00 3E 45 C7 25 A5 03 01 31 05 E6 3D 77 00 50 24 BF 50 C8 24 03 18 25 A5 03 01 31 03 CF 00 33 3A BC 25 A5 03 01 31 05 E6 3D 77 00 50 24 BF 50 C8 (59)
                              [N3:X] MOTOR_I 0 62 (62)
                              [N3:X] [undefined] 61 119 0 80 (1031209040)
                              [N3:X] MOTOR_I 0 51 (51)
                              [N3:X] [undefined] 61 119 0 80 (1031209040)
2026-03-20 18:38:07:199 [IN ] 24 03 18 25 A5 03 01 31 03 CF 00 37 3E C0 25 A5 03 01 31 05 E6 3D 77 00 50 24 BF 50 C8 24 03 18 25 A5 03 01 31 03 CF 00 51 58 DA 25 A5 03 01 31 05 E6 3D 77 00 50 24 BF 50 (57)
                              [N3:X] MOTOR_I 0 55 (55)
                              [N3:X] [undefined] 61 119 0 80 (1031209040)
                              [N3:X] MOTOR_I 0 81 (81)
                              [N3:X] [undefined] 61 119 0 80 (1031209040)
2026-03-20 18:38:07:400 [IN ] C8 24 03 18 25 A5 03 01 31 03 CF 00 30 37 B9 25 A5 03 01 31 05 E6 3D 77 00 50 24 BF 50 C8 24 03 18 25 A5 03 01 31 03 CF 00 2C 33 B5 25 A5 03 01 31 05 E6 3D 77 00 50 24 BF 50 (58)
                              [N3:X] MOTOR_I 0 48 (48)
                              [N3:X] [undefined] 61 119 0 80 (1031209040)
                              [N3:X] MOTOR_I 0 44 (44)
                              [N3:X] [undefined] 61 119 0 80 (1031209040)
2026-03-20 18:38:07:602 [IN ] C8 24 03 18 25 A5 03 01 31 03 CF 00 36 3D BF 25 A5 03 01 31 05 E6 3D 77 00 50 24 BF 50 C8 24 03 0E 25 A5 03 01 31 03 CF 00 30 37 B9 25 A5 03 01 C8 24 03 0A 01 31 05 E6 3D 77 00 50 24 BF B9 C8 
24 03 18 25 A5 03 01 31 03 CF 00 50 57 D9 25 A5 03 01 31 05 E6 3D 77 00 50 24 BF 50 (92)
                              [N3:X] MOTOR_I 0 54 (54)
                              [N3:X] [undefined] 61 119 0 80 (1031209040)
                              [N3:X] MOTOR_I 0 48 (48)
                              [N3:X] [undefined] 61 119 0 80 (1031209040)
                              [N3:X] MOTOR_I 0 80 (80)
                              [N3:X] [undefined] 61 119 0 80 (1031209040)
2026-03-20 18:38:07:803 [IN ] C8 24 03 18 25 A5 03 01 31 03 CF 00 3F 46 C8 25 A5 03 01 31 05 E6 3D 77 00 50 24 BF 50 (29)
                              [N3:X] MOTOR_I 0 63 (63)
                              [N3:X] [undefined] 61 119 0 80 (1031209040)
2026-03-20 18:38:08:005 [IN ] C8 24 03 18 25 A5 03 01 31 03 CF 00 56 5D DF 25 A5 03 01 31 05 E6 3D 77 00 50 24 BF 50 C8 24 03 18 25 A5 03 01 31 03 CF 00 51 58 DA 25 A5 03 01 31 05 E6 3D 77 00 50 24 BF 50 C8 24 03 18 25 A5 
03 01 31 03 CF 00 2A 31 B3 25 A5 03 01 31 05 E6 3D 77 00 50 24 (85)
                              [N3:X] MOTOR_I 0 86 (86)
                              [N3:X] [undefined] 61 119 0 80 (1031209040)
                              [N3:X] MOTOR_I 0 81 (81)
                              [N3:X] [undefined] 61 119 0 80 (1031209040)
2026-03-20 18:38:08:206 [IN ] BF 50 C8 24 03 18 25 A5 03 01 31 03 CF 00 46 4D CF 25 A5 03 01 31 05 E6 3D 77 00 50 24 BF 50 (31)
                              [N3:X] MOTOR_I 0 42 (42)
                              [N3:X] [undefined] 61 119 0 80 (1031209040)
                              [N3:X] MOTOR_I 0 70 (70)
                              [N3:X] [undefined] 61 119 0 80 (1031209040)
2026-03-20 18:38:08:408 [IN ] C8 24 03 18 25 A5 03 01 31 03 CF 00 40 47 C9 25 A5 03 01 31 05 E6 3D 77 00 50 24 BF 50 C8 24 03 18 25 A5 03 01 31 03 CF 00 2B 32 B4 25 A5 03 01 31 05 E6 3D 77 00 50 24 BF 50 (58)
                              [N3:X] MOTOR_I 0 64 (64)
                              [N3:X] [undefined] 61 119 0 80 (1031209040)
                              [N3:X] MOTOR_I 0 43 (43)
                              [N3:X] [undefined] 61 119 0 80 (1031209040)
2026-03-20 18:38:08:609 [IN ] C8 24 03 18 25 A5 03 01 31 03 CF 00 46 4D CF 25 A5 03 01 31 05 E6 3D 77 00 50 24 BF 50 C8 24 03 18 25 A5 03 01 31 03 CF 00 3F 46 C8 25 A5 03 01 31 05 E6 3D 77 00 50 24 BF 50 C8 24 06 0E 25 A5 
06 01 31 06 81 45 00 19 85 F8 9A A3 01 (77)
                              [N3:X] MOTOR_I 0 70 (70)
                              [N3:X] [undefined] 61 119 0 80 (1031209040)
                              [N3:X] MOTOR_I 0 63 (63)
                              [N3:X] [undefined] 61 119 0 80 (1031209040)
                              [N6:H] TPOS 'E' 0 25 133 248 (1672696)
2026-03-20 18:38:08:814 [IN ] C8 24 03 18 25 A5 03 01 31 03 CF 00 43 4A CC 25 A5 03 01 31 05 E6 3D 77 00 50 24 BF 50 C8 24 03 0E 25 A5 03 01 31 03 CF 00 48 4F D1 25 A5 03 01 C8 24 03 0A 01 31 05 E6 3D 77 00 50 24 BF D1 C8 
24 03 15 25 A5 03 01 31 03 CF 00 36 3D (77)
                              [N3:X] MOTOR_I 0 67 (67)
                              [N3:X] [undefined] 61 119 0 80 (1031209040)
                              [N3:X] MOTOR_I 0 72 (72)
                              [N3:X] [undefined] 61 119 0 80 (1031209040)
2026-03-20 18:38:09:017 [IN ] BF 25 A5 03 01 31 05 E6 3D 77 00 50 C8 24 03 1B 50 24 BF 25 A5 03 01 31 03 CF 00 58 5F E1 25 A5 03 01 31 05 E6 3D 77 00 50 24 BF 05 C8 24 03 18 25 A5 03 01 31 03 CF 00 33 3A BC 25 A5 03 01 31 
05 E6 3D 77 00 50 24 BF 50 (73)
                              [N3:X] MOTOR_I 0 54 (54)
                              [N3:X] [undefined] 61 119 0 80 (1031209040)
                              [N3:X] MOTOR_I 0 88 (88)
                              [N3:X] [undefined] 61 119 0 80 (1031209040)
                              [N3:X] MOTOR_I 0 51 (51)
                              [N3:X] [undefined] 61 119 0 80 (1031209040)
2026-03-20 18:38:09:038 [OUT] 25 A5 01 06 31 05 81 00 0D 03 C1 8F 21 (13)
                              [N6:H] TPOS 0 13 3 193 (852929)
2026-03-20 18:38:09:121 [IN ] C8 24 03 18 25 A5 03 01 31 03 CF 00 4E 55 D7 25 A5 03 01 31 05 E6 3D 77 00 50 24 BF 50 (29)
                              [N3:X] MOTOR_I 0 78 (78)
                              [N3:X] [undefined] 61 119 0 80 (1031209040)
2026-03-20 18:38:09:224 [IN ] C8 24 03 18 25 A5 03 01 31 03 CF 00 2B 32 B4 25 A5 03 01 31 05 E6 3D 77 00 50 24 BF 50 C8 24 06 0E 25 A5 06 01 31 06 81 53 00 19 85 F6 A6 E7 01 (48)
                              [N3:X] MOTOR_I 0 43 (43)
                              [N3:X] [undefined] 61 119 0 80 (1031209040)
                              [N6:H] TPOS 'S' 0 25 133 246 (1672694)
2026-03-20 18:38:09:426 [IN ] C8 24 03 18 25 A5 03 01 31 03 CF 00 37 3E C0 25 A5 03 01 31 05 E6 3D 77 00 50 24 BF 50 C8 24 03 18 25 A5 03 01 31 03 CF 00 3B 42 C4 25 A5 03 01 31 05 E6 3D 77 00 50 24 BF 50 (58)
                              [N3:X] MOTOR_I 0 55 (55)
                              [N3:X] [undefined] 61 119 0 80 (1031209040)
                              [N3:X] MOTOR_I 0 59 (59)
                              [N3:X] [undefined] 61 119 0 80 (1031209040)
2026-03-20 18:38:09:627 [IN ] C8 24 03 18 25 A5 03 01 31 03 CF 00 2B 32 B4 25 A5 03 01 31 05 E6 3D 77 00 50 24 BF 50 (29)
                              [N3:X] MOTOR_I 0 43 (43)
                              [N3:X] [undefined] 61 119 0 80 (1031209040)
2026-03-20 18:38:09:828 [IN ] C8 24 03 18 25 A5 03 01 31 03 CF 00 26 2D AF 25 A5 03 01 31 05 E6 3D 77 00 50 24 BF 50 C8 24 03 18 25 A5 03 01 31 03 CF 00 44 4B CD 25 A5 03 01 31 05 E6 3D 77 00 50 24 BF 50 C8 24 03 18 25 A5 
03 01 31 03 CF 00 38 3F C1 25 A5 03 01 31 05 E6 3D 77 00 50 24 BF 50 (87)
                              [N3:X] MOTOR_I 0 38 (38)
                              [N3:X] [undefined] 61 119 0 80 (1031209040)
                              [N3:X] MOTOR_I 0 68 (68)
                              [N3:X] [undefined] 61 119 0 80 (1031209040)
                              [N3:X] MOTOR_I 0 56 (56)
                              [N3:X] [undefined] 61 119 0 80 (1031209040)
2026-03-20 18:38:10:029 [IN ] C8 24 03 18 25 A5 03 01 31 03 CF 00 35 3C BE 25 A5 03 01 31 05 E6 3D 77 00 50 24 BF 50 C8 24 03 0E 25 A5 03 01 31 03 CF 00 2F 36 B8 25 A5 03 01 (48)
                              [N3:X] MOTOR_I 0 53 (53)
                              [N3:X] [undefined] 61 119 0 80 (1031209040)
                              [N3:X] MOTOR_I 0 47 (47)
2026-03-20 18:38:10:231 [IN ] C8 24 03 0A 01 31 05 E6 3D 77 00 50 24 BF B8 C8 24 03 18 25 A5 03 01 31 03 CF 00 29 30 B2 25 A5 03 01 31 05 E6 3D 77 00 50 24 BF 50 C8 24 03 18 25 A5 03 01 31 03 CF 00 33 3A BC 25 A5 03 01 31 
05 E6 3D 77 00 50 24 BF 50 (73)
                              [N3:X] [undefined] 61 119 0 80 (1031209040)
                              [N3:X] MOTOR_I 0 41 (41)
                              [N3:X] [undefined] 61 119 0 80 (1031209040)
                              [N3:X] MOTOR_I 0 51 (51)
                              [N3:X] [undefined] 61 119 0 80 (1031209040)
2026-03-20 18:38:10:432 [IN ] C8 24 03 18 25 A5 03 01 31 03 CF 00 40 47 C9 25 A5 03 01 31 05 E6 3D 77 00 50 24 BF 50 C8 24 03 18 25 A5 03 01 31 03 CF 00 2A 31 B3 25 A5 03 01 31 05 E6 3D 77 00 50 24 BF 50 (58)
                              [N3:X] MOTOR_I 0 64 (64)
                              [N3:X] [undefined] 61 119 0 80 (1031209040)
                              [N3:X] MOTOR_I 0 42 (42)
                              [N3:X] [undefined] 61 119 0 80 (1031209040)
2026-03-20 18:38:10:633 [IN ] C8 24 03 18 25 A5 03 01 31 03 CF 00 27 2E B0 25 A5 03 01 31 05 E6 3D 77 00 50 24 BF 50 C8 24 03 18 25 A5 03 01 31 03 CF 00 44 4B CD 25 (45)
                              [N3:X] MOTOR_I 0 39 (39)
                              [N3:X] [undefined] 61 119 0 80 (1031209040)
2026-03-20 18:38:10:835 [IN ] A5 03 01 31 05 E6 3D 77 00 50 24 BF 50 C8 24 03 18 25 A5 03 01 31 03 CF 00 41 48 CA 25 A5 03 01 31 05 E6 3D 77 00 50 24 BF 50 C8 24 03 18 25 A5 03 01 31 03 CF 00 43 4A CC 25 A5 03 01 31 05 E6 
3D 77 00 50 24 BF 50 (71)
                              [N3:X] MOTOR_I 0 68 (68)
                              [N3:X] [undefined] 61 119 0 80 (1031209040)
                              [N3:X] MOTOR_I 0 65 (65)
                              [N3:X] [undefined] 61 119 0 80 (1031209040)
                              [N3:X] MOTOR_I 0 67 (67)
                              [N3:X] [undefined] 61 119 0 80 (1031209040)
2026-03-20 18:38:11:036 [IN ] C8 24 03 18 25 A5 03 01 31 03 CF 00 2C 33 B5 25 A5 03 01 31 05 E6 3D 77 00 50 24 BF 50 (29)
                              [N3:X] MOTOR_I 0 44 (44)
                              [N3:X] [undefined] 61 119 0 80 (1031209040)
2026-03-20 18:38:11:238 [IN ] C8 24 03 18 25 A5 03 01 31 03 CF 00 41 48 CA 25 A5 03 01 31 05 E6 3D 77 00 50 24 BF 50 C8 24 03 18 25 A5 03 01 31 03 CF 00 3B 42 C4 25 A5 03 01 31 05 E6 3D 77 00 50 24 BF 50 C8 24 03 0E 25 A5 
03 01 31 03 CF 00 45 4C CE 25 A5 03 01 (77)
                              [N3:X] MOTOR_I 0 65 (65)
                              [N3:X] [undefined] 61 119 0 80 (1031209040)
                              [N3:X] MOTOR_I 0 59 (59)
                              [N3:X] [undefined] 61 119 0 80 (1031209040)
                              [N3:X] MOTOR_I 0 69 (69)
2026-03-20 18:38:11:439 [IN ] C8 24 03 0A 01 31 05 E6 3D 77 00 50 24 BF CE C8 24 03 15 25 A5 03 01 31 03 CF 00 23 2A AC 25 A5 03 01 31 05 E6 3D 77 00 50 C8 24 03 1B 50 24 BF 25 A5 03 01 31 03 CF 00 26 2D AF 25 A5 03 01 31 
05 E6 3D 77 00 50 24 BF 05 (73)
                              [N3:X] [undefined] 61 119 0 80 (1031209040)
                              [N3:X] MOTOR_I 0 35 (35)
                              [N3:X] [undefined] 61 119 0 80 (1031209040)
                              [N3:X] MOTOR_I 0 38 (38)
                              [N3:X] [undefined] 61 119 0 80 (1031209040)
2026-03-20 18:38:11:640 [IN ] C8 24 09 0E 25 A5 09 01 31 06 81 45 FF FF DD 9E 80 C5 25 C8 24 03 18 25 A5 03 01 31 03 CF 00 29 30 B2 25 A5 03 01 31 05 E6 3D 77 00 50 24 BF 50 C8 24 03 18 25 A5 03 01 31 03 CF 00 3F 46 C8 25 
A5 03 01 31 05 E6 3D 77 00 50 24 BF 50 (77)
                              [N9:P] TPOS 'E' 255 255 221 158 (-8802)
                              [N3:X] MOTOR_I 0 41 (41)
                              [N3:X] [undefined] 61 119 0 80 (1031209040)
                              [N3:X] MOTOR_I 0 63 (63)
                              [N3:X] [undefined] 61 119 0 80 (1031209040)
2026-03-20 18:38:11:865 [OUT] 25 A5 01 08 31 02 D8 3F 53 E7 (10)
                              [N8:R] INTERRUPT '?'
2026-03-20 18:38:11:866 [IN ] C8 24 03 18 25 A5 03 01 31 03 CF 00 34 3B BD 25 A5 03 01 31 05 E6 3D 77 00 50 24 BF 50 C8 24 03 18 25 A5 03 01 31 03 CF 00 36 3D BF 25 A5 03 01 31 05 E6 3D 77 00 50 24 BF 50 (58)
                              [N3:X] MOTOR_I 0 52 (52)
                              [N3:X] [undefined] 61 119 0 80 (1031209040)
                              [N3:X] MOTOR_I 0 54 (54)
                              [N3:X] [undefined] 61 119 0 80 (1031209040)
2026-03-20 18:38:12:167 [IN ] C8 24 03 18 25 A5 03 01 31 03 CF 00 38 3F C1 25 A5 03 01 31 05 E6 3D 77 00 50 24 BF 50 C8 24 08 0C 25 A5 08 01 31 04 D8 3A 01 01 52 92 A5 C8 24 03 18 25 A5 03 01 31 03 CF 00 21 28 AA 25 A5 03 
01 31 05 E6 3D 77 00 50 24 BF 50 C8 24 03 18 25 A5 03 01 31 03 CF 00 3C 43 C5 25 A5 03 01 31 05 E6 3D 77 00 50 24 BF 50 (104)
                              [N3:X] MOTOR_I 0 56 (56)
                              [N3:X] [undefined] 61 119 0 80 (1031209040)
                              [N8:R] INTERRUPT ':' 1 1 (257)
                              [N3:X] MOTOR_I 0 33 (33)
                              [N3:X] [undefined] 61 119 0 80 (1031209040)
                              [N3:X] MOTOR_I 0 60 (60)
                              [N3:X] [undefined] 61 119 0 80 (1031209040)
2026-03-20 18:38:12:188 [OUT] 25 A5 01 08 31 03 CA 3D 0B 4F 1B (11)
                              [N8:R] RFLAG '=' 11 (11)
2026-03-20 18:38:12:272 [IN ] C8 24 03 18 25 A5 03 01 31 03 CF 00 00 07 89 25 A5 03 01 31 05 E6 3D 77 00 00 D4 6F 50 (29)
                              [N3:X] MOTOR_I 0 0 (0)
                              [N3:X] [undefined] 61 119 0 0 (1031208960)
2026-03-20 18:38:12:293 [IN ] C8 24 03 0E 25 A5 03 01 31 06 81 45 FF FD 50 A7 F4 72 01 (19)
                              [N3:X] TPOS 'E' 255 253 80 167 (-175961)
2026-03-20 18:38:12:358 [IN ] C8 24 03 18 25 A5 03 01 31 03 CF 00 00 07 89 25 A5 03 01 31 05 E6 3D 77 00 00 D4 6F 50 C8 24 08 0B 25 A5 08 01 31 03 CA 3A 0B 4C 1C 25 (45)
                              [N3:X] MOTOR_I 0 0 (0)
                              [N3:X] [undefined] 61 119 0 0 (1031208960)
                              [N8:R] RFLAG ':' 11 (11)
2026-03-20 18:38:12:379 [OUT] 25 A5 01 08 31 03 88 00 50 15 20 (11)
                              [N8:R] RUN 0 80 (80)
2026-03-20 18:38:12:463 [IN ] C8 24 03 18 25 A5 03 01 31 03 CF 00 00 07 89 25 A5 03 01 31 05 E6 3D 77 00 00 D4 6F 50 (29)
                              [N3:X] MOTOR_I 0 0 (0)
                              [N3:X] [undefined] 61 119 0 0 (1031208960)
2026-03-20 18:38:12:545 [IN ] C8 24 03 0E 25 A5 03 01 31 03 CF 00 00 07 89 25 A5 03 01 C8 24 08 0C 25 A5 08 01 31 04 88 53 00 50 69 EA A5 (36)
                              [N3:X] MOTOR_I 0 0 (0)
2026-03-20 18:38:12:567 [IN ] C8 24 03 0A 01 31 05 E6 3D 77 00 00 D4 6F 69 (15)
2026-03-20 18:38:12:652 [IN ] C8 24 03 18 25 A5 03 01 31 03 CF 00 00 07 89 25 A5 03 01 31 05 E6 3D 77 00 00 D4 6F 50 (29)
                              [N3:X] MOTOR_I 0 0 (0)
                              [N3:X] [undefined] 61 119 0 0 (1031208960)
2026-03-20 18:38:12:754 [IN ] C8 24 03 18 25 A5 03 01 31 03 CF 00 00 07 89 25 A5 03 01 31 05 E6 3D 77 00 00 D4 6F 50 (29)
                              [N3:X] MOTOR_I 0 0 (0)
                              [N3:X] [undefined] 61 119 0 0 (1031208960)
2026-03-20 18:38:12:858 [IN ] C8 24 03 18 25 A5 03 01 31 03 CF 00 00 07 89 25 A5 03 01 31 05 E6 3D 77 00 00 D4 6F 50 (29)
                              [N3:X] MOTOR_I 0 0 (0)
                              [N3:X] [undefined] 61 119 0 0 (1031208960)
2026-03-20 18:38:12:900 [IN ] C8 24 06 0E 25 A5 06 01 31 06 81 45 00 0C FE B1 BF 27 01 (19)
                              [N6:H] TPOS 'E' 0 12 254 177 (851633)
2026-03-20 18:38:12:942 [OUT] 25 A5 01 05 31 02 D8 3F 50 D8 (10)
                              [N5:V] INTERRUPT '?'
2026-03-20 18:38:12:943 [IN ] C8 24 03 18 25 A5 03 01 31 03 CF 00 00 07 89 25 A5 03 01 31 05 E6 3D 77 00 00 D4 6F 50 (29)
                              [N3:X] MOTOR_I 0 0 (0)
                              [N3:X] [undefined] 61 119 0 0 (1031208960)
2026-03-20 18:38:13:244 [IN ] C8 24 03 18 25 A5 03 01 31 03 CF 00 00 07 89 25 A5 03 01 31 05 E6 3D 77 00 00 D4 6F 50 C8 24 05 0C 25 A5 05 01 31 04 D8 3A 01 01 4F 7A A5 C8 24 03 18 25 A5 03 01 31 03 CF 00 00 07 89 25 A5 03 
01 31 05 E6 3D 77 00 00 D4 6F 50 C8 24 03 18 25 A5 (81)
                              [N3:X] MOTOR_I 0 0 (0)
                              [N3:X] [undefined] 61 119 0 0 (1031208960)
                              [N5:V] INTERRUPT ':' 1 1 (257)
                              [N3:X] MOTOR_I 0 0 (0)
                              [N3:X] [undefined] 61 119 0 0 (1031208960)
2026-03-20 18:38:13:266 [OUT] 25 A5 01 05 31 03 C9 3D 0B 4B 06 (11)
                              [N5:V] LFLAG '=' 11 (11)
2026-03-20 18:38:13:268 [IN ] 03 01 31 03 CF 00 00 07 89 25 A5 03 01 31 05 E6 3D 77 00 00 D4 6F 50 (23)
                              [N3:X] MOTOR_I 0 0 (0)
                              [N3:X] [undefined] 61 119 0 0 (1031208960)
2026-03-20 18:38:13:370 [IN ] C8 24 03 18 25 A5 03 01 31 03 CF 00 00 07 89 25 A5 03 01 31 05 E6 3D 77 00 00 D4 6F 50 (29)
                              [N3:X] MOTOR_I 0 0 (0)
                              [N3:X] [undefined] 61 119 0 0 (1031208960)
2026-03-20 18:38:13:433 [IN ] C8 24 05 0B 25 A5 05 01 31 03 C9 3A 0B 48 04 25 (16)
                              [N5:V] LFLAG ':' 11 (11)
2026-03-20 18:38:13:455 [OUT] 25 A5 01 05 31 03 88 FF B0 71 6C (11)
                              [N5:V] RUN 255 176 (-80)
2026-03-20 18:38:13:456 [IN ] C8 24 03 18 25 A5 03 01 31 03 CF 00 00 07 89 25 A5 03 01 31 05 E6 3D 77 00 00 D4 6F 50 (29)
                              [N3:X] MOTOR_I 0 0 (0)
                              [N3:X] [undefined] 61 119 0 0 (1031208960)
2026-03-20 18:38:13:580 [IN ] C8 24 03 18 25 A5 03 01 31 03 CF 00 00 07 89 25 A5 03 01 31 05 E6 3D 77 00 00 D4 6F 50 (29)
                              [N3:X] MOTOR_I 0 0 (0)
                              [N3:X] [undefined] 61 119 0 0 (1031208960)
2026-03-20 18:38:13:622 [IN ] C8 24 05 0C 25 A5 05 01 31 04 88 53 FF B0 C5 30 A5 (17)
                              [N5:V] RUN 'S' 255 176 (-80)
2026-03-20 18:38:13:664 [IN ] C8 24 03 18 25 A5 03 01 31 03 CF 00 00 07 89 25 A5 03 01 31 05 E6 3D 77 00 00 D4 6F 50 (29)
                              [N3:X] MOTOR_I 0 0 (0)
                              [N3:X] [undefined] 61 119 0 0 (1031208960)
2026-03-20 18:38:13:748 [IN ] C8 24 03 0E 25 A5 03 01 31 03 CF 00 00 07 89 25 A5 03 01 (19)
                              [N3:X] MOTOR_I 0 0 (0)
2026-03-20 18:38:13:769 [IN ] C8 24 03 0A 01 31 05 E6 3D 77 00 00 D4 6F (14)
                              [N3:X] [undefined] 61 119 0 0 (1031208960)
2026-03-20 18:38:13:791 [IN ] 89 (1)
2026-03-20 18:38:13:853 [IN ] C8 24 03 15 25 A5 03 01 31 03 CF 00 00 07 89 25 A5 03 01 31 05 E6 3D 77 00 00 (26)
                              [N3:X] MOTOR_I 0 0 (0)
2026-03-20 18:38:13:957 [IN ] C8 24 03 1B 00 D4 6F 25 A5 03 01 31 03 CF 00 00 07 89 25 A5 03 01 31 05 E6 3D 77 00 00 D4 6F 05 (32)
                              [N3:X] [undefined] 61 119 0 0 (1031208960)
                              [N3:X] MOTOR_I 0 0 (0)
                              [N3:X] [undefined] 61 119 0 0 (1031208960)
2026-03-20 18:38:14:060 [IN ] C8 24 03 18 25 A5 03 01 31 03 CF 00 00 07 89 25 A5 03 01 31 05 E6 3D 77 00 00 D4 6F 00 (29)
                              [N3:X] MOTOR_I 0 0 (0)
                              [N3:X] [undefined] 61 119 0 0 (1031208960)
2026-03-20 18:38:14:164 [IN ] C8 24 03 18 25 A5 03 01 31 03 CF 00 00 07 89 25 A5 03 01 31 05 E6 3D 77 00 00 D4 6F 00 (29)
                              [N3:X] MOTOR_I 0 0 (0)
                              [N3:X] [undefined] 61 119 0 0 (1031208960)
2026-03-20 18:38:14:266 [IN ] C8 24 03 18 25 A5 03 01 31 03 CF 00 00 07 89 25 A5 03 01 31 05 E6 3D 77 00 00 D4 6F 00 (29)
                              [N3:X] MOTOR_I 0 0 (0)
                              [N3:X] [undefined] 61 119 0 0 (1031208960)
2026-03-20 18:38:14:370 [IN ] C8 24 03 18 25 A5 03 01 31 03 CF 00 00 07 89 25 A5 03 01 31 05 E6 3D 77 00 00 D4 6F 00 (29)
                              [N3:X] MOTOR_I 0 0 (0)
                              [N3:X] [undefined] 61 119 0 0 (1031208960)
2026-03-20 18:38:14:412 [OUT] 25 A5 01 08 31 03 88 00 50 15 20 (11)
                              [N8:R] RUN 0 80 (80)
2026-03-20 18:38:14:475 [IN ] C8 24 03 18 25 A5 03 01 31 03 CF 00 00 07 89 25 A5 03 01 31 05 E6 3D 77 00 00 D4 6F 00 (29)
                              [N3:X] MOTOR_I 0 0 (0)
                              [N3:X] [undefined] 61 119 0 0 (1031208960)
2026-03-20 18:38:14:558 [IN ] C8 (1)
2026-03-20 18:38:14:579 [IN ] 24 03 18 25 A5 03 01 31 03 CF 00 00 07 89 25 A5 03 01 31 05 E6 3D 77 00 00 D4 6F 00 C8 24 08 0C 25 A5 08 01 31 04 88 53 00 50 69 EA A5 (45)
                              [N3:X] MOTOR_I 0 0 (0)
                              [N3:X] [undefined] 61 119 0 0 (1031208960)
                              [N8:R] RUN 'S' 0 80 (80)
2026-03-20 18:38:14:780 [IN ] C8 24 03 18 25 A5 03 01 31 03 CF 00 00 07 89 25 A5 03 01 31 05 E6 3D 77 00 00 D4 6F 00 C8 24 03 18 25 A5 03 01 31 03 CF 00 00 07 89 25 A5 03 01 31 05 E6 3D 77 00 00 D4 6F 00 (58)
                              [N3:X] MOTOR_I 0 0 (0)
                              [N3:X] [undefined] 61 119 0 0 (1031208960)
                              [N3:X] MOTOR_I 0 0 (0)
                              [N3:X] [undefined] 61 119 0 0 (1031208960)
2026-03-20 18:38:14:981 [IN ] C8 24 03 18 25 A5 03 01 31 03 CF 00 00 07 89 25 A5 03 01 31 05 E6 3D 77 00 00 D4 6F 00 C8 24 03 18 25 A5 03 01 31 03 CF 00 00 07 89 25 A5 03 01 31 05 E6 3D 77 00 00 D4 6F 00 (58)
                              [N3:X] MOTOR_I 0 0 (0)
                              [N3:X] [undefined] 61 119 0 0 (1031208960)
                              [N3:X] MOTOR_I 0 0 (0)
                              [N3:X] [undefined] 61 119 0 0 (1031208960)
2026-03-20 18:38:15:183 [IN ] C8 24 03 0E 25 A5 03 01 31 03 CF 00 00 07 89 25 A5 03 01 C8 24 03 0A 01 31 05 E6 3D 77 00 00 D4 6F 89 C8 24 03 18 25 A5 03 01 31 03 CF 00 00 07 89 25 A5 03 01 31 05 E6 3D 77 00 00 D4 6F 00 (63)
                              [N3:X] MOTOR_I 0 0 (0)
                              [N3:X] [undefined] 61 119 0 0 (1031208960)
                              [N3:X] MOTOR_I 0 0 (0)
                              [N3:X] [undefined] 61 119 0 0 (1031208960)
2026-03-20 18:38:15:384 [IN ] C8 24 03 18 25 A5 03 01 31 03 CF 00 00 07 89 25 A5 03 01 31 05 E6 3D 77 00 00 D4 6F 00 C8 24 03 18 25 A5 03 01 31 03 CF 00 00 07 89 25 A5 03 01 31 05 E6 3D 77 00 00 D4 6F 00 (58)
                              [N3:X] MOTOR_I 0 0 (0)
                              [N3:X] [undefined] 61 119 0 0 (1031208960)
                              [N3:X] MOTOR_I 0 0 (0)
                              [N3:X] [undefined] 61 119 0 0 (1031208960)
2026-03-20 18:38:15:585 [IN ] C8 24 03 18 25 A5 03 01 31 03 CF 00 00 07 89 25 A5 03 01 31 05 E6 3D 77 00 00 D4 6F 00 C8 24 03 18 25 A5 03 01 31 03 CF 00 00 07 89 25 A5 03 01 31 05 E6 3D 77 00 00 D4 6F 00 (58)
                              [N3:X] MOTOR_I 0 0 (0)
                              [N3:X] [undefined] 61 119 0 0 (1031208960)
                              [N3:X] MOTOR_I 0 0 (0)
                              [N3:X] [undefined] 61 119 0 0 (1031208960)
2026-03-20 18:38:15:786 [IN ] C8 24 03 18 25 A5 03 01 31 03 CF 00 00 07 89 25 A5 03 01 31 05 E6 3D 77 00 00 D4 6F 00 C8 24 03 18 25 A5 03 01 31 03 CF 00 00 07 89 25 A5 03 01 31 05 E6 3D 77 00 00 D4 6F 00 (58)
                              [N3:X] MOTOR_I 0 0 (0)
                              [N3:X] [undefined] 61 119 0 0 (1031208960)
                              [N3:X] MOTOR_I 0 0 (0)
                              [N3:X] [undefined] 61 119 0 0 (1031208960)
2026-03-20 18:38:15:988 [IN ] C8 24 03 18 25 A5 03 01 31 03 CF 00 00 07 89 25 A5 03 01 31 05 E6 3D 77 00 00 D4 6F 00 C8 24 03 18 25 A5 03 01 31 03 CF 00 00 07 89 25 A5 03 01 31 05 E6 3D 77 00 00 D4 6F 00 (58)
                              [N3:X] MOTOR_I 0 0 (0)
                              [N3:X] [undefined] 61 119 0 0 (1031208960)
                              [N3:X] MOTOR_I 0 0 (0)
                              [N3:X] [undefined] 61 119 0 0 (1031208960)
2026-03-20 18:38:16:189 [IN ] C8 24 03 18 25 A5 03 01 31 03 CF 00 00 07 89 25 A5 03 01 31 05 E6 3D 77 00 00 D4 6F 00 C8 24 03 18 25 A5 03 01 31 03 CF 00 00 07 89 25 A5 03 01 31 05 E6 3D 77 00 00 D4 6F 00 (58)
                              [N3:X] MOTOR_I 0 0 (0)
                              [N3:X] [undefined] 61 119 0 0 (1031208960)
                              [N3:X] MOTOR_I 0 0 (0)
                              [N3:X] [undefined] 61 119 0 0 (1031208960)
2026-03-20 18:38:16:391 [IN ] C8 24 03 18 25 A5 03 01 31 03 CF 00 00 07 89 25 A5 03 01 31 05 E6 3D 77 00 00 D4 6F 00 C8 24 03 15 25 A5 03 01 31 03 CF 00 00 07 89 25 A5 03 01 31 05 E6 3D 77 00 00 (55)
                              [N3:X] MOTOR_I 0 0 (0)
                              [N3:X] [undefined] 61 119 0 0 (1031208960)
                              [N3:X] MOTOR_I 0 0 (0)
2026-03-20 18:38:16:592 [IN ] C8 24 03 1B 00 D4 6F 25 A5 03 01 31 03 CF 00 00 07 89 25 A5 03 01 31 05 E6 3D 77 00 00 D4 6F 05 C8 24 03 18 25 A5 03 01 31 03 CF 00 00 07 89 25 A5 03 01 31 05 E6 3D 77 00 00 D4 6F 00 (61)
                              [N3:X] [undefined] 61 119 0 0 (1031208960)
                              [N3:X] MOTOR_I 0 0 (0)
                              [N3:X] [undefined] 61 119 0 0 (1031208960)
                              [N3:X] MOTOR_I 0 0 (0)
                              [N3:X] [undefined] 61 119 0 0 (1031208960)
2026-03-20 18:38:16:793 [IN ] C8 24 03 18 25 A5 03 01 31 03 CF 00 00 07 89 25 A5 03 01 31 05 E6 3D 77 00 00 D4 6F 00 C8 24 03 18 25 A5 03 01 31 03 CF 00 00 07 89 25 A5 03 01 31 05 E6 3D 77 00 00 D4 6F 00 (58)
                              [N3:X] MOTOR_I 0 0 (0)
                              [N3:X] [undefined] 61 119 0 0 (1031208960)
                              [N3:X] MOTOR_I 0 0 (0)
                              [N3:X] [undefined] 61 119 0 0 (1031208960)
2026-03-20 18:38:16:995 [IN ] C8 24 03 18 25 A5 03 01 31 03 CF 00 00 07 89 25 A5 03 01 31 05 E6 3D 77 00 00 D4 6F 00 C8 24 03 18 25 A5 03 01 31 03 CF 00 00 07 89 25 A5 03 01 31 05 E6 3D 77 00 00 D4 6F 00 (58)
                              [N3:X] MOTOR_I 0 0 (0)
                              [N3:X] [undefined] 61 119 0 0 (1031208960)
                              [N3:X] MOTOR_I 0 0 (0)
                              [N3:X] [undefined] 61 119 0 0 (1031208960)
2026-03-20 18:38:17:196 [IN ] C8 24 03 18 25 A5 03 01 31 03 CF 00 00 07 89 25 A5 03 01 31 05 E6 3D 77 00 00 D4 6F 00 C8 24 03 18 25 A5 03 01 31 03 CF 00 00 07 89 25 A5 03 01 31 05 E6 3D 77 00 00 D4 6F 00 (58)
                              [N3:X] MOTOR_I 0 0 (0)
                              [N3:X] [undefined] 61 119 0 0 (1031208960)
                              [N3:X] MOTOR_I 0 0 (0)
                              [N3:X] [undefined] 61 119 0 0 (1031208960)
2026-03-20 18:38:17:398 [IN ] C8 24 03 18 25 A5 03 01 31 03 CF 00 00 07 89 25 A5 03 01 31 05 E6 3D 77 00 00 D4 6F 00 C8 24 03 18 25 A5 03 01 31 03 CF 00 00 07 89 25 A5 03 01 31 05 E6 3D 77 00 00 D4 6F 00 (58)
                              [N3:X] MOTOR_I 0 0 (0)
                              [N3:X] [undefined] 61 119 0 0 (1031208960)
                              [N3:X] MOTOR_I 0 0 (0)
                              [N3:X] [undefined] 61 119 0 0 (1031208960)
2026-03-20 18:38:17:599 [IN ] C8 24 03 18 25 A5 03 01 31 03 CF 00 00 07 89 25 A5 03 01 31 05 E6 3D 77 00 00 D4 6F 00 C8 24 03 0E 25 A5 03 01 31 03 CF 00 00 07 89 25 A5 03 01 C8 24 03 0A 01 31 05 E6 3D 77 00 00 D4 6F 89 (63)
                              [N3:X] MOTOR_I 0 0 (0)
                              [N3:X] [undefined] 61 119 0 0 (1031208960)
                              [N3:X] MOTOR_I 0 0 (0)
                              [N3:X] [undefined] 61 119 0 0 (1031208960)
2026-03-20 18:38:17:800 [IN ] C8 24 03 18 25 A5 03 01 31 03 CF 00 00 07 89 25 A5 03 01 31 05 E6 3D 77 00 00 D4 6F 00 C8 24 03 18 25 A5 03 01 31 03 CF 00 00 07 89 25 A5 03 01 31 05 E6 3D 77 00 00 D4 6F 00 (58)
                              [N3:X] MOTOR_I 0 0 (0)
                              [N3:X] [undefined] 61 119 0 0 (1031208960)
                              [N3:X] MOTOR_I 0 0 (0)
                              [N3:X] [undefined] 61 119 0 0 (1031208960)
2026-03-20 18:38:18:002 [IN ] C8 24 03 18 25 A5 03 01 31 03 CF 00 00 07 89 25 A5 03 01 31 05 E6 3D 77 00 00 D4 6F 00 C8 24 03 18 25 A5 03 01 31 03 CF 00 00 07 89 25 A5 03 01 31 05 E6 3D 77 00 00 D4 6F 00 (58)
                              [N3:X] MOTOR_I 0 0 (0)
                              [N3:X] [undefined] 61 119 0 0 (1031208960)
                              [N3:X] MOTOR_I 0 0 (0)
                              [N3:X] [undefined] 61 119 0 0 (1031208960)
2026-03-20 18:38:18:203 [IN ] C8 24 03 18 25 A5 03 01 31 03 CF 00 00 07 89 25 A5 03 01 31 05 E6 3D 77 00 00 D4 6F 00 C8 24 03 18 25 A5 03 01 31 03 CF 00 00 07 89 25 A5 03 01 31 05 E6 3D 77 00 00 D4 6F 00 (58)
                              [N3:X] MOTOR_I 0 0 (0)
                              [N3:X] [undefined] 61 119 0 0 (1031208960)
                              [N3:X] MOTOR_I 0 0 (0)
                              [N3:X] [undefined] 61 119 0 0 (1031208960)
2026-03-20 18:38:18:406 [IN ] C8 24 03 18 25 A5 03 01 31 03 CF 00 00 07 89 25 A5 03 01 31 05 E6 3D 77 00 00 D4 6F 00 C8 24 03 18 25 A5 03 01 31 03 CF 00 00 07 89 25 A5 03 01 31 05 E6 3D 77 00 00 D4 6F 00 (58)
                              [N3:X] MOTOR_I 0 0 (0)
                              [N3:X] [undefined] 61 119 0 0 (1031208960)
                              [N3:X] MOTOR_I 0 0 (0)
                              [N3:X] [undefined] 61 119 0 0 (1031208960)
2026-03-20 18:38:18:608 [IN ] C8 24 03 18 25 A5 03 01 31 03 CF 00 00 07 89 25 A5 03 01 31 05 E6 3D 77 00 00 D4 6F 00 C8 24 03 18 25 A5 03 01 31 03 CF 00 00 07 89 25 A5 03 01 31 05 E6 3D 77 00 00 D4 6F 00 (58)
                              [N3:X] MOTOR_I 0 0 (0)
                              [N3:X] [undefined] 61 119 0 0 (1031208960)
                              [N3:X] MOTOR_I 0 0 (0)
                              [N3:X] [undefined] 61 119 0 0 (1031208960)
2026-03-20 18:38:18:810 [IN ] C8 24 05 0B 25 A5 05 01 31 03 81 5A 4C 61 AD 25 C8 24 05 0A 25 A5 05 01 31 02 81 49 03 38 AD C8 24 03 18 25 A5 03 01 31 03 CF 00 00 07 89 25 A5 03 01 31 05 E6 3D 77 00 00 D4 6F 00 C8 24 03 18 
25 A5 03 01 31 03 CF 00 00 07 89 25 A5 03 01 31 05 E6 3D 77 00 00 D4 6F 00 (89)
                              [N5:V] TPOS 'Z' 76 (76)
                              [N5:V] TPOS 'I'
                              [N3:X] MOTOR_I 0 0 (0)
                              [N3:X] [undefined] 61 119 0 0 (1031208960)
                              [N3:X] MOTOR_I 0 0 (0)
                              [N3:X] [undefined] 61 119 0 0 (1031208960)
2026-03-20 18:38:19:012 [IN ] C8 24 03 15 25 A5 03 01 31 03 CF 00 00 07 89 25 A5 03 01 31 05 E6 3D 77 00 00 C8 24 03 1B 00 D4 6F 25 A5 03 01 31 03 CF 00 00 07 89 25 A5 03 01 31 05 E6 3D 77 00 00 D4 6F 05 (58)
                              [N3:X] MOTOR_I 0 0 (0)
                              [N3:X] [undefined] 61 119 0 0 (1031208960)
                              [N3:X] MOTOR_I 0 0 (0)
                              [N3:X] [undefined] 61 119 0 0 (1031208960)
2026-03-20 18:38:19:033 [OUT] 25 A5 01 05 31 03 C9 3D 09 49 04 (11)
                              [N5:V] LFLAG '=' 9 (9)
2026-03-20 18:38:19:096 [IN ] C8 24 03 18 25 A5 03 01 31 03 CF 00 00 07 89 25 A5 03 01 31 05 E6 3D 77 00 00 D4 6F 00 (29)
                              [N3:X] MOTOR_I 0 0 (0)
                              [N3:X] [undefined] 61 119 0 0 (1031208960)
2026-03-20 18:38:19:199 [IN ] C8 24 03 18 25 A5 03 01 31 03 CF 00 00 07 89 25 A5 03 01 31 05 E6 3D 77 00 00 D4 6F 00 C8 24 05 0B 25 A5 05 01 31 03 (39)
                              [N3:X] MOTOR_I 0 0 (0)
                              [N3:X] [undefined] 61 119 0 0 (1031208960)
2026-03-20 18:38:19:220 [IN ] C9 3A 09 46 02 25 (6)
                              [N5:V] LFLAG ':' 9 (9)
2026-03-20 18:38:19:242 [OUT] 25 A5 01 05 31 03 84 00 50 0E 02 (11)
                              [N5:V] VEL 0 80 (80)
2026-03-20 18:38:19:304 [IN ] C8 24 03 18 25 A5 03 01 31 03 CF 00 00 07 89 25 A5 03 01 31 05 E6 3D 77 00 00 D4 6F 00 (29)
                              [N3:X] MOTOR_I 0 0 (0)
                              [N3:X] [undefined] 61 119 0 0 (1031208960)
2026-03-20 18:38:19:388 [IN ] C8 24 08 0B 25 A5 08 01 31 03 81 5A 52 6A C8 25 (16)
                              [N8:R] TPOS 'Z' 82 (82)
2026-03-20 18:38:19:409 [IN ] C8 24 03 18 25 A5 03 01 31 03 CF 00 00 07 89 25 A5 03 01 31 05 E6 3D 77 00 00 D4 6F 00 C8 24 05 0C 25 A5 05 01 31 04 84 53 00 50 62 C2 A5 (46)
                              [N3:X] MOTOR_I 0 0 (0)
                              [N3:X] [undefined] 61 119 0 0 (1031208960)
                              [N5:V] VEL 'S' 0 80 (80)
2026-03-20 18:38:19:430 [OUT] 25 A5 01 05 31 05 81 00 19 82 3C 94 B6 (13)
                              [N5:V] TPOS 0 25 130 60 (1671740)
2026-03-20 18:38:19:431 [IN ] C8 24 (2)
2026-03-20 18:38:19:453 [IN ] 08 0A 25 A5 08 01 31 02 81 49 06 4A 62 (13)
                              [N8:R] TPOS 'I'
2026-03-20 18:38:19:496 [OUT] 25 A5 01 08 31 03 CA 3D 09 4D 19 (11)
                              [N8:R] RFLAG '=' 9 (9)
2026-03-20 18:38:19:497 [IN ] C8 24 03 18 25 A5 03 01 31 03 CF (11)
2026-03-20 18:38:19:518 [IN ] 00 00 07 89 25 A5 03 01 31 05 E6 3D 77 00 00 D4 6F 00 (18)
                              [N3:X] MOTOR_I 0 0 (0)
                              [N3:X] [undefined] 61 119 0 0 (1031208960)
2026-03-20 18:38:19:622 [IN ] C8 24 03 18 25 A5 03 01 31 03 CF 00 00 07 89 25 A5 03 01 31 05 E6 3D 77 00 00 D4 6F 00 C8 24 05 0E 25 A5 05 01 31 06 81 53 00 00 00 00 11 92 01 (48)
                              [N3:X] MOTOR_I 0 0 (0)
                              [N3:X] [undefined] 61 119 0 0 (1031208960)
                              [N5:V] TPOS 'S' 0 0 0 0 (0)
2026-03-20 18:38:19:705 [IN ] C8 24 03 18 25 A5 03 01 31 03 CF 00 00 07 89 25 A5 03 01 31 05 E6 3D 77 00 00 D4 6F 00 (29)
                              [N3:X] MOTOR_I 0 0 (0)
                              [N3:X] [undefined] 61 119 0 0 (1031208960)
2026-03-20 18:38:19:746 [IN ] C8 24 08 0B 25 A5 08 01 31 03 CA 3A 09 4A 1A 25 (16)
                              [N8:R] RFLAG ':' 9 (9)
2026-03-20 18:38:19:767 [OUT] 25 A5 01 08 31 05 81 FF DC 77 1D 2F DE (13)
                              [N8:R] TPOS 255 220 119 29 (-2328803)
2026-03-20 18:38:19:829 [IN ] C8 24 03 18 25 A5 03 01 31 03 CF 00 00 07 89 25 A5 03 01 31 05 E6 3D 77 00 00 D4 6F 00 (29)
                              [N3:X] MOTOR_I 0 0 (0)
                              [N3:X] [undefined] 61 119 0 0 (1031208960)
2026-03-20 18:38:19:912 [IN ] C8 24 03 18 25 A5 03 01 31 03 CF 00 00 07 89 25 A5 03 01 31 05 E6 3D 77 00 00 D4 6F 00 (29)
                              [N3:X] MOTOR_I 0 0 (0)
                              [N3:X] [undefined] 61 119 0 0 (1031208960)
2026-03-20 18:38:19:953 [IN ] C8 24 08 0E 25 A5 08 01 31 (9)
2026-03-20 18:38:19:975 [IN ] 06 81 53 FF FF FF CA DB 71 01 (10)
                              [N8:R] TPOS 'S' 255 255 255 202 (-54)
2026-03-20 18:38:20:177 [IN ] C8 24 03 18 25 A5 03 01 31 03 CF 00 00 07 89 25 A5 03 01 31 05 E6 3D 77 00 00 D4 6F 00 C8 24 03 0E 25 A5 03 01 31 03 CF 00 00 07 89 25 A5 03 01 C8 24 03 0A 01 31 05 E6 3D 77 00 00 D4 6F 89 (63)
                              [N3:X] MOTOR_I 0 0 (0)
                              [N3:X] [undefined] 61 119 0 0 (1031208960)
                              [N3:X] MOTOR_I 0 0 (0)
                              [N3:X] [undefined] 61 119 0 0 (1031208960)
2026-03-20 18:38:20:378 [IN ] C8 24 03 18 25 A5 03 01 31 03 CF 00 00 07 89 25 A5 03 01 31 05 E6 3D 77 00 00 D4 6F 00 C8 24 03 18 25 A5 03 01 31 03 CF 00 00 07 89 25 A5 03 01 31 05 E6 3D 77 00 00 D4 6F 00 (58)
                              [N3:X] MOTOR_I 0 0 (0)
                              [N3:X] [undefined] 61 119 0 0 (1031208960)
                              [N3:X] MOTOR_I 0 0 (0)
                              [N3:X] [undefined] 61 119 0 0 (1031208960)
2026-03-20 18:38:20:579 [IN ] C8 24 03 18 25 A5 03 01 31 03 CF 00 00 07 89 25 A5 03 01 31 05 E6 3D 77 00 00 D4 6F 00 C8 24 07 0E 25 A5 07 01 31 06 81 45 FF AB 14 9C 5F 21 01 C8 24 03 18 25 A5 03 01 31 03 CF 00 00 07 89 25 
A5 03 01 31 05 E6 3D 77 00 00 D4 6F 00 (77)
                              [N3:X] MOTOR_I 0 0 (0)
                              [N3:X] [undefined] 61 119 0 0 (1031208960)
                              [N7:N] TPOS 'E' 255 171 20 156 (-5565284)
                              [N3:X] MOTOR_I 0 0 (0)
                              [N3:X] [undefined] 61 119 0 0 (1031208960)
2026-03-20 18:38:20:782 [IN ] C8 24 0C 0E 25 A5 0C 01 31 06 81 45 FF BC CF 03 97 63 01 C8 24 03 18 25 A5 03 01 31 03 CF 00 00 07 89 25 A5 03 01 31 05 E6 3D 77 00 00 D4 6F 00 C8 24 03 18 25 A5 03 01 31 03 CF 00 00 07 89 25 
A5 03 01 31 05 E6 3D 77 00 00 D4 6F 00 (77)
                              [N12:Z] TPOS 'E' 255 188 207 3 (-4403453)
                              [N3:X] MOTOR_I 0 0 (0)
                              [N3:X] [undefined] 61 119 0 0 (1031208960)
                              [N3:X] MOTOR_I 0 0 (0)
                              [N3:X] [undefined] 61 119 0 0 (1031208960)
2026-03-20 18:38:20:984 [IN ] C8 24 03 18 25 A5 03 01 31 03 CF 00 00 07 89 25 A5 03 01 31 05 E6 3D 77 00 00 D4 6F 00 C8 24 03 18 25 A5 03 01 31 03 CF 00 00 07 89 25 A5 03 01 31 05 E6 3D 77 00 00 D4 6F 00 (58)
                              [N3:X] MOTOR_I 0 0 (0)
                              [N3:X] [undefined] 61 119 0 0 (1031208960)
                              [N3:X] MOTOR_I 0 0 (0)
                              [N3:X] [undefined] 61 119 0 0 (1031208960)
2026-03-20 18:38:21:004 [OUT] 25 A5 01 07 31 05 81 FF F3 35 BF A5 39 (13)
                              [N7:N] TPOS 255 243 53 191 (-838209)
2026-03-20 18:38:21:026 [OUT] 25 A5 01 0C 31 05 81 FF D1 1A 67 15 6D (13)
                              [N12:Z] TPOS 255 209 26 103 (-3073433)
2026-03-20 18:38:21:027 [IN ] C8 24 03 18 25 A5 03 01 31 03 CF 00 00 07 89 25 A5 03 01 31 05 E6 3D 77 00 00 D4 6F 00 (29)
                              [N3:X] MOTOR_I 0 0 (0)
                              [N3:X] [undefined] 61 119 0 0 (1031208960)
2026-03-20 18:38:21:130 [IN ] C8 24 03 18 25 A5 03 01 31 03 CF 00 00 07 89 25 A5 03 01 31 05 E6 3D 77 00 00 D4 6F 00 (29)
                              [N3:X] MOTOR_I 0 0 (0)
                              [N3:X] [undefined] 61 119 0 0 (1031208960)
2026-03-20 18:38:21:192 [IN ] C8 24 07 0E 25 A5 07 01 31 06 81 53 FF AB 14 9C 6D 67 01 (19)
                              [N7:N] TPOS 'S' 255 171 20 156 (-5565284)
2026-03-20 18:38:21:235 [IN ] C8 24 03 18 25 A5 03 01 31 03 CF 00 00 07 89 25 A5 03 01 31 05 E6 3D 77 00 00 D4 6F 00 (29)
                              [N3:X] MOTOR_I 0 0 (0)
                              [N3:X] [undefined] 61 119 0 0 (1031208960)
2026-03-20 18:38:21:319 [IN ] C8 24 0C 0E 25 A5 0C 01 31 06 81 53 FF BC CF 1A BC C0 01 C8 24 03 18 25 A5 03 01 31 03 CF (30)
                              [N12:Z] TPOS 'S' 255 188 207 26 (-4403430)
2026-03-20 18:38:21:521 [IN ] 00 00 07 89 25 A5 03 01 31 05 E6 3D 77 00 00 D4 6F 00 C8 24 03 15 25 A5 03 01 31 03 CF 00 00 07 89 25 A5 03 01 31 05 E6 3D 77 00 00 C8 24 03 1B 00 D4 6F 25 A5 03 01 31 03 CF 00 00 07 89 25 A5 
03 01 31 05 E6 3D 77 00 00 D4 6F 05 (76)
                              [N3:X] MOTOR_I 0 0 (0)
                              [N3:X] [undefined] 61 119 0 0 (1031208960)
                              [N3:X] MOTOR_I 0 0 (0)
                              [N3:X] [undefined] 61 119 0 0 (1031208960)
                              [N3:X] MOTOR_I 0 0 (0)
                              [N3:X] [undefined] 61 119 0 0 (1031208960)
2026-03-20 18:38:21:722 [IN ] C8 24 03 18 25 A5 03 01 31 03 CF 00 00 07 89 25 A5 03 01 31 05 E6 3D 77 00 00 D4 6F 00 C8 24 03 18 25 A5 03 01 31 03 CF 00 00 07 89 25 A5 03 01 31 05 E6 3D 77 00 00 D4 6F 00 (58)
                              [N3:X] MOTOR_I 0 0 (0)
                              [N3:X] [undefined] 61 119 0 0 (1031208960)
                              [N3:X] MOTOR_I 0 0 (0)
                              [N3:X] [undefined] 61 119 0 0 (1031208960)
2026-03-20 18:38:21:923 [IN ] C8 24 03 18 25 A5 03 01 31 03 CF 00 00 07 89 25 A5 03 01 31 05 E6 3D 77 00 00 D4 6F 00 C8 24 03 18 25 A5 03 01 31 03 CF 00 00 07 89 25 A5 03 01 31 05 E6 3D 77 00 00 D4 6F 00 (58)
                              [N3:X] MOTOR_I 0 0 (0)
                              [N3:X] [undefined] 61 119 0 0 (1031208960)
                              [N3:X] MOTOR_I 0 0 (0)
                              [N3:X] [undefined] 61 119 0 0 (1031208960)
2026-03-20 18:38:22:125 [IN ] C8 24 03 18 25 A5 03 01 31 03 CF 00 00 07 89 25 A5 03 01 31 05 E6 3D 77 00 00 D4 6F 00 (29)
                              [N3:X] MOTOR_I 0 0 (0)
                              [N3:X] [undefined] 61 119 0 0 (1031208960)
2026-03-20 18:38:22:326 [IN ] C8 24 03 18 25 A5 03 01 31 03 CF 00 00 07 89 25 A5 03 01 31 05 E6 3D 77 00 00 D4 6F 00 C8 24 03 18 25 A5 03 01 31 03 CF 00 00 07 89 25 A5 03 01 31 05 E6 3D 77 00 00 D4 6F 00 C8 24 03 18 25 A5 
03 01 31 03 CF 00 00 07 89 25 A5 03 01 31 05 E6 3D 77 00 00 D4 6F 00 (87)
                              [N3:X] MOTOR_I 0 0 (0)
                              [N3:X] [undefined] 61 119 0 0 (1031208960)
                              [N3:X] MOTOR_I 0 0 (0)
                              [N3:X] [undefined] 61 119 0 0 (1031208960)
                              [N3:X] MOTOR_I 0 0 (0)
                              [N3:X] [undefined] 61 119 0 0 (1031208960)
2026-03-20 18:38:22:528 [IN ] C8 24 03 18 25 A5 03 01 31 03 CF 00 00 07 89 25 A5 03 01 31 05 E6 3D 77 00 00 D4 6F 00 (29)
                              [N3:X] MOTOR_I 0 0 (0)
                              [N3:X] [undefined] 61 119 0 0 (1031208960)
2026-03-20 18:38:22:730 [IN ] C8 24 03 18 25 A5 03 01 31 03 CF 00 00 07 89 25 A5 03 01 31 05 E6 3D 77 00 00 D4 6F 00 C8 24 03 0E 25 A5 03 01 31 03 CF 00 00 07 89 25 A5 03 01 C8 24 03 0A 01 31 05 E6 3D 77 00 00 D4 6F 89 C8 
24 03 18 25 A5 03 01 31 03 CF 00 00 07 89 25 A5 03 01 31 05 E6 3D 77 00 00 D4 6F 00 (92)
                              [N3:X] MOTOR_I 0 0 (0)
                              [N3:X] [undefined] 61 119 0 0 (1031208960)
                              [N3:X] MOTOR_I 0 0 (0)
                              [N3:X] [undefined] 61 119 0 0 (1031208960)
                              [N3:X] MOTOR_I 0 0 (0)
                              [N3:X] [undefined] 61 119 0 0 (1031208960)
2026-03-20 18:38:22:933 [IN ] C8 24 03 18 25 A5 03 01 31 03 CF 00 00 07 89 25 A5 03 01 31 05 E6 3D 77 00 00 D4 6F 00 C8 24 03 18 25 A5 03 01 31 03 CF 00 00 07 89 25 A5 03 01 31 05 E6 3D 77 00 00 D4 6F 00 (58)
                              [N3:X] MOTOR_I 0 0 (0)
                              [N3:X] [undefined] 61 119 0 0 (1031208960)
                              [N3:X] MOTOR_I 0 0 (0)
                              [N3:X] [undefined] 61 119 0 0 (1031208960)
2026-03-20 18:38:23:134 [IN ] C8 24 03 18 25 A5 03 01 31 03 CF 00 00 07 89 25 A5 03 01 31 05 E6 3D 77 00 00 D4 6F 00 C8 24 03 18 25 A5 03 01 31 03 CF 00 00 07 89 25 A5 03 01 31 05 E6 3D 77 00 (54)
                              [N3:X] MOTOR_I 0 0 (0)
                              [N3:X] [undefined] 61 119 0 0 (1031208960)
2026-03-20 18:38:23:335 [IN ] 00 D4 6F 00 C8 24 03 18 25 A5 03 01 31 03 CF 00 00 07 89 25 A5 03 01 31 05 E6 3D 77 00 00 D4 6F 00 C8 24 03 18 25 A5 03 01 31 03 CF 00 00 07 89 25 A5 03 01 31 05 E6 3D 77 00 00 D4 6F 00 (62)
                              [N3:X] MOTOR_I 0 0 (0)
                              [N3:X] [undefined] 61 119 0 0 (1031208960)
                              [N3:X] MOTOR_I 0 0 (0)
                              [N3:X] [undefined] 61 119 0 0 (1031208960)
                              [N3:X] MOTOR_I 0 0 (0)
                              [N3:X] [undefined] 61 119 0 0 (1031208960)
2026-03-20 18:38:23:537 [IN ] C8 24 03 18 25 A5 03 01 31 03 CF 00 00 07 89 25 A5 03 01 31 05 E6 3D 77 00 00 D4 6F 00 C8 24 03 18 25 A5 03 01 31 03 CF 00 00 07 89 25 A5 03 01 31 05 E6 3D 77 00 00 D4 6F 00 (58)
                              [N3:X] MOTOR_I 0 0 (0)
                              [N3:X] [undefined] 61 119 0 0 (1031208960)
                              [N3:X] MOTOR_I 0 0 (0)
                              [N3:X] [undefined] 61 119 0 0 (1031208960)
2026-03-20 18:38:23:738 [IN ] C8 24 03 18 25 A5 03 01 31 03 CF 00 00 07 89 25 A5 03 01 31 05 E6 3D 77 00 00 D4 6F 00 (29)
                              [N3:X] MOTOR_I 0 0 (0)
                              [N3:X] [undefined] 61 119 0 0 (1031208960)
2026-03-20 18:38:23:940 [IN ] C8 24 03 18 25 A5 03 01 31 03 CF 00 00 07 89 25 A5 03 01 31 05 E6 3D 77 00 00 D4 6F 00 C8 24 03 18 25 A5 03 01 31 03 CF 00 00 07 89 25 A5 03 01 31 05 E6 3D 77 00 00 D4 6F 00 C8 24 03 15 25 A5 
03 01 31 03 CF 00 00 07 89 25 A5 03 01 31 05 E6 3D 77 00 00 (84)
                              [N3:X] MOTOR_I 0 0 (0)
                              [N3:X] [undefined] 61 119 0 0 (1031208960)
                              [N3:X] MOTOR_I 0 0 (0)
                              [N3:X] [undefined] 61 119 0 0 (1031208960)
                              [N3:X] MOTOR_I 0 0 (0)
2026-03-20 18:38:24:141 [IN ] C8 24 03 1B 00 D4 6F 25 A5 03 01 31 03 CF 00 00 07 89 25 A5 03 01 31 05 E6 3D 77 00 00 D4 6F 05 C8 24 03 18 25 A5 03 01 31 03 CF 00 00 07 89 25 A5 03 01 31 05 E6 3D 77 00 00 D4 6F 00 (61)
                              [N3:X] [undefined] 61 119 0 0 (1031208960)
                              [N3:X] MOTOR_I 0 0 (0)
                              [N3:X] [undefined] 61 119 0 0 (1031208960)
                              [N3:X] MOTOR_I 0 0 (0)
                              [N3:X] [undefined] 61 119 0 0 (1031208960)
2026-03-20 18:38:24:343 [IN ] C8 24 03 18 25 A5 03 01 31 03 CF 00 00 07 89 25 A5 03 01 31 05 E6 3D 77 00 00 D4 6F 00 C8 24 03 18 25 A5 03 01 31 03 CF 00 00 07 89 25 A5 03 01 31 05 E6 3D 77 00 00 D4 6F 00 (58)
                              [N3:X] MOTOR_I 0 0 (0)
                              [N3:X] [undefined] 61 119 0 0 (1031208960)
                              [N3:X] MOTOR_I 0 0 (0)
                              [N3:X] [undefined] 61 119 0 0 (1031208960)
2026-03-20 18:38:24:544 [IN ] C8 24 03 18 25 A5 03 01 31 03 CF 00 00 07 89 25 A5 03 01 31 05 E6 3D 77 00 00 D4 6F 00 C8 24 03 18 25 A5 03 01 31 03 CF 00 00 07 89 25 A5 03 01 31 05 E6 3D 77 00 00 D4 6F 00 (58)
                              [N3:X] MOTOR_I 0 0 (0)
                              [N3:X] [undefined] 61 119 0 0 (1031208960)
                              [N3:X] MOTOR_I 0 0 (0)
                              [N3:X] [undefined] 61 119 0 0 (1031208960)
2026-03-20 18:38:24:745 [IN ] C8 24 03 18 25 A5 03 01 31 03 CF 00 00 07 89 25 A5 03 01 31 05 E6 3D 77 00 00 D4 6F 00 (29)
                              [N3:X] MOTOR_I 0 0 (0)
                              [N3:X] [undefined] 61 119 0 0 (1031208960)
2026-03-20 18:38:24:947 [IN ] C8 24 03 18 25 A5 03 01 31 03 CF 00 00 07 89 25 A5 03 01 31 05 E6 3D 77 00 00 D4 6F 00 C8 24 03 18 25 A5 03 01 31 03 CF 00 00 07 89 25 A5 03 01 31 05 E6 3D 77 00 00 D4 6F 00 C8 24 03 18 25 A5 
03 01 31 03 CF 00 00 07 89 25 A5 03 01 31 05 E6 3D 77 00 00 (84)
                              [N3:X] MOTOR_I 0 0 (0)
                              [N3:X] [undefined] 61 119 0 0 (1031208960)
                              [N3:X] MOTOR_I 0 0 (0)
                              [N3:X] [undefined] 61 119 0 0 (1031208960)
2026-03-20 18:38:25:148 [IN ] D4 6F 00 C8 24 03 18 25 A5 03 01 31 03 CF 00 00 07 89 25 A5 03 01 31 05 E6 3D 77 00 00 D4 6F 00 C8 24 03 0E 25 A5 03 01 31 03 CF 00 00 07 89 25 A5 03 01 (51)
                              [N3:X] MOTOR_I 0 0 (0)
                              [N3:X] [undefined] 61 119 0 0 (1031208960)
                              [N3:X] MOTOR_I 0 0 (0)
                              [N3:X] [undefined] 61 119 0 0 (1031208960)
                              [N3:X] MOTOR_I 0 0 (0)
2026-03-20 18:38:25:349 [IN ] C8 24 03 0A 01 31 05 E6 3D 77 00 00 D4 6F 89 C8 24 03 18 25 A5 03 01 31 03 CF 00 00 07 89 25 A5 03 01 31 05 E6 3D 77 00 00 D4 6F 00 C8 24 03 18 25 A5 03 01 31 03 CF 00 00 07 89 25 A5 03 01 31 
05 E6 3D 77 00 00 D4 6F 00 (73)
                              [N3:X] [undefined] 61 119 0 0 (1031208960)
                              [N3:X] MOTOR_I 0 0 (0)
                              [N3:X] [undefined] 61 119 0 0 (1031208960)
                              [N3:X] MOTOR_I 0 0 (0)
                              [N3:X] [undefined] 61 119 0 0 (1031208960)
2026-03-20 18:38:25:551 [IN ] C8 24 03 18 25 A5 03 01 31 03 CF 00 00 07 89 25 A5 03 01 31 05 E6 3D 77 00 00 D4 6F 00 C8 24 03 18 25 A5 03 01 31 03 CF 00 00 07 89 25 A5 03 01 31 05 E6 3D 77 00 00 D4 6F 00 (58)
                              [N3:X] MOTOR_I 0 0 (0)
                              [N3:X] [undefined] 61 119 0 0 (1031208960)
                              [N3:X] MOTOR_I 0 0 (0)
                              [N3:X] [undefined] 61 119 0 0 (1031208960)
2026-03-20 18:38:25:752 [IN ] C8 24 03 18 25 A5 03 01 31 03 CF 00 00 07 89 25 A5 03 01 31 05 E6 3D 77 00 00 D4 6F 00 C8 24 03 18 25 A5 03 01 31 03 CF 00 00 07 (43)
                              [N3:X] MOTOR_I 0 0 (0)
                              [N3:X] [undefined] 61 119 0 0 (1031208960)
2026-03-20 18:38:25:953 [IN ] 89 25 A5 03 01 31 05 E6 3D 77 00 00 D4 6F 00 C8 24 03 18 25 A5 03 01 31 03 CF 00 00 07 89 25 A5 03 01 31 05 E6 3D 77 00 00 D4 6F 00 C8 24 03 18 25 A5 03 01 31 03 CF 00 00 07 89 25 A5 03 01 31 
05 E6 3D 77 00 00 D4 6F 00 (73)
                              [N3:X] MOTOR_I 0 0 (0)
                              [N3:X] [undefined] 61 119 0 0 (1031208960)
                              [N3:X] MOTOR_I 0 0 (0)
                              [N3:X] [undefined] 61 119 0 0 (1031208960)
                              [N3:X] MOTOR_I 0 0 (0)
                              [N3:X] [undefined] 61 119 0 0 (1031208960)
2026-03-20 18:38:26:154 [IN ] C8 24 03 18 25 A5 03 01 31 03 CF 00 00 07 89 25 A5 03 01 31 05 E6 3D 77 00 00 D4 6F 00 (29)
                              [N3:X] MOTOR_I 0 0 (0)
                              [N3:X] [undefined] 61 119 0 0 (1031208960)
2026-03-20 18:38:26:356 [IN ] C8 24 03 18 25 A5 03 01 31 03 CF 00 00 07 89 25 A5 03 01 31 05 E6 3D 77 00 00 D4 6F 00 C8 24 03 18 25 A5 03 01 31 03 CF 00 00 07 89 25 A5 03 01 31 05 E6 3D 77 00 00 D4 6F 00 (58)
                              [N3:X] MOTOR_I 0 0 (0)
                              [N3:X] [undefined] 61 119 0 0 (1031208960)
                              [N3:X] MOTOR_I 0 0 (0)
                              [N3:X] [undefined] 61 119 0 0 (1031208960)
2026-03-20 18:38:26:557 [IN ] C8 24 03 18 25 A5 03 01 31 03 CF 00 00 07 89 25 A5 03 01 31 05 E6 3D 77 00 00 D4 6F 00 C8 24 03 15 25 A5 03 01 31 03 CF 00 00 07 89 25 A5 03 01 31 05 E6 3D 77 00 00 C8 24 03 1B 00 D4 6F 25 A5 
03 01 31 03 CF 00 00 07 89 25 A5 03 01 31 05 E6 3D 77 00 00 D4 6F 05 (87)
                              [N3:X] MOTOR_I 0 0 (0)
                              [N3:X] [undefined] 61 119 0 0 (1031208960)
                              [N3:X] MOTOR_I 0 0 (0)
                              [N3:X] [undefined] 61 119 0 0 (1031208960)
                              [N3:X] MOTOR_I 0 0 (0)
                              [N3:X] [undefined] 61 119 0 0 (1031208960)
2026-03-20 18:38:26:758 [IN ] C8 24 03 18 25 A5 03 01 31 03 CF 00 00 07 89 25 A5 03 01 31 05 E6 3D 77 00 00 D4 6F 00 C8 24 03 18 25 A5 03 01 31 03 CF 00 00 07 89 25 A5 03 01 31 05 E6 3D 77 00 00 D4 6F 00 (58)
                              [N3:X] MOTOR_I 0 0 (0)
                              [N3:X] [undefined] 61 119 0 0 (1031208960)
                              [N3:X] MOTOR_I 0 0 (0)
                              [N3:X] [undefined] 61 119 0 0 (1031208960)
2026-03-20 18:38:26:959 [IN ] C8 24 03 18 25 A5 03 01 31 03 CF 00 00 07 89 25 A5 03 01 31 05 E6 3D 77 00 00 D4 6F 00 C8 24 03 18 25 A5 03 01 31 03 CF 00 00 07 89 25 A5 03 01 31 05 E6 3D 77 00 00 D4 6F 00 (58)
                              [N3:X] MOTOR_I 0 0 (0)
                              [N3:X] [undefined] 61 119 0 0 (1031208960)
                              [N3:X] MOTOR_I 0 0 (0)
                              [N3:X] [undefined] 61 119 0 0 (1031208960)
2026-03-20 18:38:27:160 [IN ] C8 24 03 18 25 A5 03 01 31 03 CF 00 00 07 89 25 A5 03 01 31 05 E6 3D 77 00 00 D4 6F 00 (29)
                              [N3:X] MOTOR_I 0 0 (0)
                              [N3:X] [undefined] 61 119 0 0 (1031208960)
2026-03-20 18:38:27:362 [IN ] C8 24 03 18 25 A5 03 01 31 03 CF 00 00 07 89 25 A5 03 01 31 05 E6 3D 77 00 00 D4 6F 00 C8 24 03 18 25 A5 03 01 31 03 CF 00 00 07 89 25 A5 03 01 31 05 E6 3D 77 00 00 D4 6F 00 (58)
                              [N3:X] MOTOR_I 0 0 (0)
                              [N3:X] [undefined] 61 119 0 0 (1031208960)
                              [N3:X] MOTOR_I 0 0 (0)
                              [N3:X] [undefined] 61 119 0 0 (1031208960)
2026-03-20 18:38:27:564 [IN ] C8 24 03 18 25 A5 03 01 31 03 CF 00 00 07 89 25 A5 03 01 31 05 E6 3D 77 00 00 D4 6F 00 C8 24 03 18 25 A5 03 01 31 03 CF 00 00 07 89 25 A5 03 01 31 05 E6 3D 77 00 00 D4 6F 00 C8 24 05 0E 25 A5 
05 01 31 06 81 45 00 19 85 DA 7B 7B 01 C8 24 03 18 25 A5 03 01 31 03 CF 00 00 07 89 25 (93)
                              [N3:X] MOTOR_I 0 0 (0)
                              [N3:X] [undefined] 61 119 0 0 (1031208960)
                              [N3:X] MOTOR_I 0 0 (0)
                              [N3:X] [undefined] 61 119 0 0 (1031208960)
                              [N5:V] TPOS 'E' 0 25 133 218 (1672666)
2026-03-20 18:38:27:767 [IN ] A5 03 01 31 05 E6 3D 77 00 00 D4 6F 00 C8 24 03 0E 25 A5 03 01 31 03 CF 00 00 07 89 25 A5 03 01 C8 24 03 0A 01 31 05 E6 3D 77 00 00 D4 6F 89 C8 24 03 15 25 A5 03 01 31 03 CF 00 00 07 89 25 A5 
03 01 31 05 E6 3D 77 00 00 (73)
                              [N3:X] MOTOR_I 0 0 (0)
                              [N3:X] [undefined] 61 119 0 0 (1031208960)
                              [N3:X] MOTOR_I 0 0 (0)
                              [N3:X] [undefined] 61 119 0 0 (1031208960)
                              [N3:X] MOTOR_I 0 0 (0)
2026-03-20 18:38:27:969 [IN ] C8 24 03 1B 00 D4 6F 25 A5 03 01 31 03 CF 00 00 07 89 25 A5 03 01 31 05 E6 3D 77 00 00 D4 6F 05 C8 24 03 18 25 A5 03 01 31 03 CF 00 00 07 89 25 A5 03 01 31 05 E6 3D 77 00 00 D4 6F 00 (61)
                              [N3:X] [undefined] 61 119 0 0 (1031208960)
                              [N3:X] MOTOR_I 0 0 (0)
                              [N3:X] [undefined] 61 119 0 0 (1031208960)
                              [N3:X] MOTOR_I 0 0 (0)
                              [N3:X] [undefined] 61 119 0 0 (1031208960)
2026-03-20 18:38:27:990 [OUT] 25 A5 01 05 31 05 81 00 0D 03 C1 8E 19 (13)
                              [N5:V] TPOS 0 13 3 193 (852929)
2026-03-20 18:38:28:073 [IN ] C8 24 03 18 25 A5 03 01 31 03 CF 00 00 07 89 25 A5 03 01 31 05 E6 3D 77 00 00 D4 6F 00 (29)
                              [N3:X] MOTOR_I 0 0 (0)
                              [N3:X] [undefined] 61 119 0 0 (1031208960)
2026-03-20 18:38:28:177 [IN ] C8 24 03 18 25 A5 03 01 31 03 CF 00 00 07 89 25 A5 03 01 31 05 E6 3D 77 00 00 D4 6F 00 C8 24 05 0E 25 A5 05 01 31 06 81 53 00 19 85 DA 89 C1 01 (48)
                              [N3:X] MOTOR_I 0 0 (0)
                              [N3:X] [undefined] 61 119 0 0 (1031208960)
                              [N5:V] TPOS 'S' 0 25 133 218 (1672666)
2026-03-20 18:38:28:379 [IN ] C8 24 03 18 25 A5 03 01 31 03 CF 00 00 07 89 25 A5 03 01 31 05 E6 3D 77 00 00 D4 6F 00 C8 24 03 18 25 A5 03 01 31 03 CF 00 00 07 89 25 A5 03 01 31 05 E6 3D 77 00 00 D4 6F 00 (58)
                              [N3:X] MOTOR_I 0 0 (0)
                              [N3:X] [undefined] 61 119 0 0 (1031208960)
                              [N3:X] MOTOR_I 0 0 (0)
                              [N3:X] [undefined] 61 119 0 0 (1031208960)
2026-03-20 18:38:28:580 [IN ] C8 24 03 18 25 A5 03 01 31 03 CF 00 00 07 89 25 A5 03 01 31 05 E6 3D 77 00 00 D4 6F 00 C8 24 03 18 25 A5 03 01 31 03 CF 00 00 07 89 25 A5 03 01 31 05 E6 3D 77 00 00 D4 6F 00 (58)
                              [N3:X] MOTOR_I 0 0 (0)
                              [N3:X] [undefined] 61 119 0 0 (1031208960)
                              [N3:X] MOTOR_I 0 0 (0)
                              [N3:X] [undefined] 61 119 0 0 (1031208960)
2026-03-20 18:38:28:781 [IN ] C8 24 0C 0E 25 A5 0C 01 31 06 81 45 FF D1 1C 67 5D A0 01 C8 24 03 18 25 A5 03 01 31 03 CF 00 00 07 89 25 A5 03 01 31 05 E6 3D 77 00 00 D4 6F 00 C8 24 03 18 25 A5 03 01 31 03 CF 00 00 07 89 25 
A5 03 01 31 05 E6 3D 77 00 00 D4 6F 00 (77)
                              [N12:Z] TPOS 'E' 255 209 28 103 (-3072921)
                              [N3:X] MOTOR_I 0 0 (0)
                              [N3:X] [undefined] 61 119 0 0 (1031208960)
                              [N3:X] MOTOR_I 0 0 (0)
                              [N3:X] [undefined] 61 119 0 0 (1031208960)
2026-03-20 18:38:28:983 [IN ] C8 24 03 18 25 A5 03 01 31 03 CF 00 00 07 89 25 A5 03 01 31 05 E6 3D 77 00 00 D4 6F 00 C8 24 03 15 25 A5 03 01 31 03 CF 00 00 07 89 25 A5 03 01 31 05 E6 3D 77 00 00 (55)
                              [N3:X] MOTOR_I 0 0 (0)
                              [N3:X] [undefined] 61 119 0 0 (1031208960)
                              [N3:X] MOTOR_I 0 0 (0)
2026-03-20 18:38:29:184 [IN ] C8 24 03 1B 00 D4 6F 25 A5 03 01 31 03 CF 00 00 07 89 25 A5 03 01 31 05 E6 3D 77 00 00 D4 6F 05 C8 24 03 18 25 A5 03 01 31 03 CF 00 00 07 89 25 A5 03 01 31 05 E6 3D 77 00 00 D4 6F 00 (61)
                              [N3:X] [undefined] 61 119 0 0 (1031208960)
                              [N3:X] MOTOR_I 0 0 (0)
                              [N3:X] [undefined] 61 119 0 0 (1031208960)
                              [N3:X] MOTOR_I 0 0 (0)
                              [N3:X] [undefined] 61 119 0 0 (1031208960)
2026-03-20 18:38:29:386 [IN ] C8 24 03 18 25 A5 03 01 31 03 CF 00 00 07 89 25 A5 03 01 31 05 E6 3D 77 00 00 D4 6F 00 C8 24 03 18 25 A5 03 01 31 03 CF 00 00 07 89 25 A5 03 01 31 05 E6 3D 77 00 00 D4 6F 00 (58)
                              [N3:X] MOTOR_I 0 0 (0)
                              [N3:X] [undefined] 61 119 0 0 (1031208960)
                              [N3:X] MOTOR_I 0 0 (0)
                              [N3:X] [undefined] 61 119 0 0 (1031208960)
2026-03-20 18:38:29:587 [IN ] C8 24 03 18 25 A5 03 01 31 03 CF 00 00 07 89 25 A5 03 01 31 05 E6 3D 77 00 00 D4 6F 00 C8 24 03 18 25 A5 03 01 31 03 CF 00 00 07 89 25 A5 03 01 31 05 E6 3D 77 00 00 D4 6F 00 (58)
                              [N3:X] MOTOR_I 0 0 (0)
                              [N3:X] [undefined] 61 119 0 0 (1031208960)
                              [N3:X] MOTOR_I 0 0 (0)
                              [N3:X] [undefined] 61 119 0 0 (1031208960)
2026-03-20 18:38:29:789 [IN ] C8 24 03 18 25 A5 03 01 31 03 CF 00 00 07 89 25 A5 03 01 31 05 E6 3D 77 00 00 D4 6F 00 C8 24 03 18 25 A5 03 01 31 03 CF 00 00 07 89 25 A5 03 01 31 05 E6 3D 77 00 00 D4 6F 00 (58)
                              [N3:X] MOTOR_I 0 0 (0)
                              [N3:X] [undefined] 61 119 0 0 (1031208960)
                              [N3:X] MOTOR_I 0 0 (0)
                              [N3:X] [undefined] 61 119 0 0 (1031208960)
2026-03-20 18:38:29:990 [IN ] C8 24 03 18 25 A5 03 01 31 03 CF 00 00 07 89 25 A5 03 01 31 05 E6 3D 77 00 00 D4 6F 00 (29)
                              [N3:X] MOTOR_I 0 0 (0)
                              [N3:X] [undefined] 61 119 0 0 (1031208960)
2026-03-20 18:38:30:192 [IN ] C8 24 03 18 25 A5 03 01 31 03 CF 00 00 07 89 25 A5 03 01 31 05 E6 3D 77 00 00 D4 6F 00 C8 24 03 18 25 A5 03 01 31 03 CF 00 00 07 89 25 A5 03 01 31 05 E6 3D 77 00 00 D4 6F 00 C8 24 03 0E 25 A5 
03 01 31 03 CF 00 00 07 89 25 A5 03 01 C8 24 03 0A 01 (82)
                              [N3:X] MOTOR_I 0 0 (0)
                              [N3:X] [undefined] 61 119 0 0 (1031208960)
                              [N3:X] MOTOR_I 0 0 (0)
                              [N3:X] [undefined] 61 119 0 0 (1031208960)
                              [N3:X] MOTOR_I 0 0 (0)
2026-03-20 18:38:30:395 [IN ] 31 05 E6 3D 77 00 00 D4 6F 89 C8 24 03 15 25 A5 03 01 31 03 CF 00 00 07 89 25 A5 03 01 31 05 E6 3D 77 00 00 C8 24 03 1B 00 D4 6F 25 A5 03 01 31 03 CF 00 00 07 89 25 A5 03 01 31 05 E6 3D 77 00 
00 D4 6F 05 (68)
                              [N3:X] [undefined] 61 119 0 0 (1031208960)
                              [N3:X] MOTOR_I 0 0 (0)
                              [N3:X] [undefined] 61 119 0 0 (1031208960)
                              [N3:X] MOTOR_I 0 0 (0)
                              [N3:X] [undefined] 61 119 0 0 (1031208960)
2026-03-20 18:38:30:596 [IN ] C8 24 03 18 25 A5 03 01 31 03 CF 00 00 07 89 25 A5 03 01 31 05 E6 3D 77 00 00 D4 6F 00 C8 24 03 18 25 A5 03 01 31 03 CF 00 00 07 89 25 A5 03 01 31 05 E6 3D 77 00 00 D4 6F 00 (58)
                              [N3:X] MOTOR_I 0 0 (0)
                              [N3:X] [undefined] 61 119 0 0 (1031208960)
                              [N3:X] MOTOR_I 0 0 (0)
                              [N3:X] [undefined] 61 119 0 0 (1031208960)
2026-03-20 18:38:30:797 [IN ] C8 24 03 18 25 A5 03 01 31 03 CF 00 00 07 89 25 A5 03 01 31 05 E6 3D 77 00 00 D4 6F 00 C8 24 03 18 25 A5 03 01 31 03 CF 00 00 07 89 25 A5 03 01 31 05 E6 3D 77 00 00 D4 6F 00 (58)
                              [N3:X] MOTOR_I 0 0 (0)
                              [N3:X] [undefined] 61 119 0 0 (1031208960)
                              [N3:X] MOTOR_I 0 0 (0)
                              [N3:X] [undefined] 61 119 0 0 (1031208960)
2026-03-20 18:38:30:999 [IN ] C8 24 03 18 25 A5 03 01 31 03 CF 00 00 07 89 25 A5 03 01 31 05 E6 3D 77 00 00 D4 6F 00 (29)
                              [N3:X] MOTOR_I 0 0 (0)
                              [N3:X] [undefined] 61 119 0 0 (1031208960)
2026-03-20 18:38:31:201 [IN ] C8 24 03 18 25 A5 03 01 31 03 CF 00 00 07 89 25 A5 03 01 31 05 E6 3D 77 00 00 D4 6F 00 C8 24 03 18 25 A5 03 01 31 03 CF 00 00 07 89 25 A5 03 01 31 05 E6 3D 77 00 00 D4 6F 00 C8 24 03 18 25 A5 
03 01 31 03 CF 00 00 07 89 25 A5 03 01 31 05 E6 3D 77 00 00 D4 6F 00 (87)
                              [N3:X] MOTOR_I 0 0 (0)
                              [N3:X] [undefined] 61 119 0 0 (1031208960)
                              [N3:X] MOTOR_I 0 0 (0)
                              [N3:X] [undefined] 61 119 0 0 (1031208960)
                              [N3:X] MOTOR_I 0 0 (0)
                              [N3:X] [undefined] 61 119 0 0 (1031208960)
2026-03-20 18:38:31:402 [IN ] C8 24 03 18 25 A5 03 01 31 03 CF 00 00 07 89 25 A5 03 01 31 05 E6 3D 77 00 00 D4 6F 00 C8 24 03 18 25 A5 03 01 31 03 CF 00 00 07 89 25 A5 03 01 31 05 E6 3D 77 00 00 D4 6F 00 (58)
                              [N3:X] MOTOR_I 0 0 (0)
                              [N3:X] [undefined] 61 119 0 0 (1031208960)
                              [N3:X] MOTOR_I 0 0 (0)
                              [N3:X] [undefined] 61 119 0 0 (1031208960)
2026-03-20 18:38:31:604 [IN ] C8 24 03 0E 25 A5 03 01 31 03 CF 00 00 07 89 25 A5 03 01 C8 24 03 0A 01 31 05 E6 3D 77 00 00 D4 6F 89 C8 24 03 18 25 A5 03 01 31 03 CF 00 00 07 89 25 A5 03 01 31 05 E6 3D 77 00 00 D4 6F 00 (63)
                              [N3:X] MOTOR_I 0 0 (0)
                              [N3:X] [undefined] 61 119 0 0 (1031208960)
                              [N3:X] MOTOR_I 0 0 (0)
                              [N3:X] [undefined] 61 119 0 0 (1031208960)
2026-03-20 18:38:31:805 [IN ] C8 24 03 18 25 A5 03 01 31 03 CF 00 00 07 89 25 A5 03 01 31 05 E6 3D 77 00 00 D4 6F 00 C8 24 03 18 25 A5 03 01 31 03 CF 00 00 07 89 25 A5 03 01 31 05 E6 3D 77 00 00 D4 6F 00 (58)
                              [N3:X] MOTOR_I 0 0 (0)
                              [N3:X] [undefined] 61 119 0 0 (1031208960)
                              [N3:X] MOTOR_I 0 0 (0)
                              [N3:X] [undefined] 61 119 0 0 (1031208960)
2026-03-20 18:38:32:007 [IN ] C8 24 03 18 25 A5 03 01 31 03 CF 00 00 07 89 25 A5 03 01 31 05 E6 3D 77 00 00 D4 6F 00 C8 24 03 18 25 A5 03 01 31 03 CF 00 00 07 89 25 A5 03 01 31 05 E6 3D 77 00 00 D4 6F 00 (58)
                              [N3:X] MOTOR_I 0 0 (0)
                              [N3:X] [undefined] 61 119 0 0 (1031208960)
                              [N3:X] MOTOR_I 0 0 (0)
                              [N3:X] [undefined] 61 119 0 0 (1031208960)
2026-03-20 18:38:32:209 [IN ] C8 24 03 18 25 A5 03 01 31 03 CF 00 00 07 89 25 A5 03 01 31 05 E6 3D 77 00 00 D4 6F 00 C8 24 03 18 25 A5 03 01 31 03 CF 00 00 07 89 25 A5 03 01 31 05 E6 3D 77 00 00 D4 6F 00 (58)
                              [N3:X] MOTOR_I 0 0 (0)
                              [N3:X] [undefined] 61 119 0 0 (1031208960)
                              [N3:X] MOTOR_I 0 0 (0)
                              [N3:X] [undefined] 61 119 0 0 (1031208960)
2026-03-20 18:38:32:410 [IN ] C8 24 03 18 25 A5 03 01 31 03 CF 00 00 07 89 25 A5 03 01 31 05 E6 3D 77 00 00 D4 6F 00 C8 24 03 18 25 A5 03 01 31 03 CF 00 00 07 89 25 A5 03 01 31 05 E6 3D 77 00 00 D4 6F 00 (58)
                              [N3:X] MOTOR_I 0 0 (0)
                              [N3:X] [undefined] 61 119 0 0 (1031208960)
                              [N3:X] MOTOR_I 0 0 (0)
                              [N3:X] [undefined] 61 119 0 0 (1031208960)
2026-03-20 18:38:32:612 [IN ] C8 24 08 0E 25 A5 08 01 31 06 81 45 FF DC 74 A5 FA 87 01 C8 24 03 18 25 A5 03 01 31 03 CF 00 00 07 89 25 A5 03 01 31 05 E6 3D 77 00 00 D4 6F 00 (48)
                              [N8:R] TPOS 'E' 255 220 116 165 (-2329435)
                              [N3:X] MOTOR_I 0 0 (0)
                              [N3:X] [undefined] 61 119 0 0 (1031208960)
2026-03-20 18:38:32:814 [IN ] C8 24 03 18 25 A5 03 01 31 03 CF 00 00 07 89 25 A5 03 01 31 05 E6 3D 77 00 00 D4 6F 00 C8 24 03 0E 25 A5 03 01 31 03 CF 00 00 07 89 25 A5 03 01 C8 24 03 0A 01 31 05 E6 3D 77 00 00 D4 6F 89 C8 
24 03 15 25 A5 03 01 31 03 CF 00 00 07 89 25 A5 03 01 31 05 E6 3D 77 00 00 (89)
                              [N3:X] MOTOR_I 0 0 (0)
                              [N3:X] [undefined] 61 119 0 0 (1031208960)
                              [N3:X] MOTOR_I 0 0 (0)
                              [N3:X] [undefined] 61 119 0 0 (1031208960)
                              [N3:X] MOTOR_I 0 0 (0)
2026-03-20 18:38:33:016 [IN ] C8 24 03 1B 00 D4 6F 25 A5 03 01 31 03 CF 00 00 07 89 25 A5 03 01 31 05 E6 3D 77 00 00 D4 6F 05 C8 24 03 18 25 A5 03 01 31 03 CF 00 00 07 89 25 A5 03 01 31 05 E6 3D 77 00 00 D4 6F 00 (61)
                              [N3:X] [undefined] 61 119 0 0 (1031208960)
                              [N3:X] MOTOR_I 0 0 (0)
                              [N3:X] [undefined] 61 119 0 0 (1031208960)
                              [N3:X] MOTOR_I 0 0 (0)
                              [N3:X] [undefined] 61 119 0 0 (1031208960)
2026-03-20 18:38:33:037 [OUT] 25 A5 01 08 31 05 81 FF EE 15 56 18 89 (13)
                              [N8:R] TPOS 255 238 21 86 (-1174186)
2026-03-20 18:38:33:119 [IN ] C8 24 03 18 25 A5 03 01 31 03 CF 00 00 07 89 25 A5 03 01 31 05 E6 3D 77 00 00 D4 6F 00 (29)
                              [N3:X] MOTOR_I 0 0 (0)
                              [N3:X] [undefined] 61 119 0 0 (1031208960)
2026-03-20 18:38:33:222 [IN ] C8 24 03 18 25 A5 03 01 31 03 CF 00 00 07 89 25 A5 03 01 31 05 E6 3D 77 00 00 D4 6F 00 C8 24 08 0E 25 A5 08 01 31 06 81 53 FF DC 74 B0 13 D8 01 (48)
                              [N3:X] MOTOR_I 0 0 (0)
                              [N3:X] [undefined] 61 119 0 0 (1031208960)
                              [N8:R] TPOS 'S' 255 220 116 176 (-2329424)
2026-03-20 18:38:33:423 [IN ] C8 24 05 0E 25 A5 05 01 31 06 81 45 00 0D 02 26 38 9D 01 C8 24 03 18 25 A5 03 01 31 03 CF 00 00 07 89 25 A5 03 01 31 05 E6 3D 77 00 00 D4 6F 00 C8 24 03 18 25 A5 03 01 31 03 CF 00 00 07 89 25 
A5 03 01 31 05 E6 3D 77 00 00 D4 6F 00 (77)
                              [N5:V] TPOS 'E' 0 13 2 38 (852518)
                              [N3:X] MOTOR_I 0 0 (0)
                              [N3:X] [undefined] 61 119 0 0 (1031208960)
                              [N3:X] MOTOR_I 0 0 (0)
                              [N3:X] [undefined] 61 119 0 0 (1031208960)
2026-03-20 18:38:33:626 [IN ] C8 24 03 18 25 A5 03 01 31 03 CF 00 00 07 89 25 A5 03 01 31 05 E6 3D 77 00 00 D4 6F 00 C8 24 03 18 25 A5 03 01 31 03 CF 00 00 07 89 25 A5 03 01 31 05 E6 3D 77 00 00 D4 6F 00 (58)
                              [N3:X] MOTOR_I 0 0 (0)
                              [N3:X] [undefined] 61 119 0 0 (1031208960)
                              [N3:X] MOTOR_I 0 0 (0)
                              [N3:X] [undefined] 61 119 0 0 (1031208960)
2026-03-20 18:38:33:647 [OUT] 25 A5 01 03 31 05 81 FF ED B1 30 88 70 (13)
                              [N3:X] TPOS 255 237 177 48 (-1199824)
2026-03-20 18:38:33:669 [OUT] 25 A5 01 04 31 05 81 FF F3 BD 0C 77 7E (13)
                              [N4:Y] TPOS 255 243 189 12 (-803572)
2026-03-20 18:38:33:732 [IN ] C8 24 03 18 25 A5 03 01 31 03 CF 00 00 07 89 25 A5 03 01 31 05 E6 3D 77 00 00 D4 6F 00 (29)
                              [N3:X] MOTOR_I 0 0 (0)
                              [N3:X] [undefined] 61 119 0 0 (1031208960)
2026-03-20 18:38:33:813 [IN ] C8 24 03 26 25 A5 03 01 31 03 CF 00 00 07 89 25 A5 03 01 (19)
2026-03-20 18:38:33:835 [IN ] 31 05 E6 3D 77 00 00 D4 6F 25 A5 03 01 31 06 81 53 FF FD 50 A7 02 B8 6F (24)
                              [N3:X] MOTOR_I 0 0 (0)
                              [N3:X] [undefined] 61 119 0 0 (1031208960)
                              [N3:X] TPOS 'S' 255 253 80 167 (-175961)
2026-03-20 18:38:33:938 [IN ] C8 24 03 18 25 A5 03 01 31 03 CF 00 0A 11 93 25 A5 03 01 31 05 E6 3D 77 FF B0 83 1D 25 (29)
                              [N3:X] MOTOR_I 0 10 (10)
                              [N3:X] [undefined] 61 119 255 176 (1031274416)
2026-03-20 18:38:33:960 [IN ] C8 24 04 0E 25 A5 04 01 31 06 81 53 FF FD 4F DE 39 F7 01 (19)
                              [N4:Y] TPOS 'S' 255 253 79 222 (-176162)
2026-03-20 18:38:34:161 [IN ] C8 24 03 0E 25 A5 03 01 31 03 CF 00 06 0D 8F 25 A5 03 01 C8 24 03 0A 01 31 05 E6 3D 77 FF B0 83 1D 8F C8 24 03 18 25 A5 03 01 31 03 CF 00 05 0C 8E 25 A5 03 01 31 05 E6 3D 77 FF B0 83 1D 25 (63)
                              [N3:X] MOTOR_I 0 6 (6)
                              [N3:X] [undefined] 61 119 255 176 (1031274416)
                              [N3:X] MOTOR_I 0 5 (5)
                              [N3:X] [undefined] 61 119 255 176 (1031274416)
2026-03-20 18:38:34:363 [IN ] C8 24 03 18 25 A5 03 01 31 03 CF 00 07 0E 90 25 A5 03 01 31 05 E6 3D 77 FF B0 83 1D 25 C8 24 03 18 25 A5 03 01 31 03 CF 00 09 10 92 25 A5 03 01 31 05 E6 3D 77 FF B0 83 1D 25 (58)
                              [N3:X] MOTOR_I 0 7 (7)
                              [N3:X] [undefined] 61 119 255 176 (1031274416)
                              [N3:X] MOTOR_I 0 9 (9)
                              [N3:X] [undefined] 61 119 255 176 (1031274416)
2026-03-20 18:38:34:565 [IN ] C8 24 03 18 25 A5 03 01 31 03 CF 00 0C 13 95 25 A5 03 01 31 05 E6 3D 77 FF B0 83 1D 25 C8 24 03 18 25 A5 03 01 31 03 CF 00 0E 15 97 25 A5 03 01 31 05 E6 3D 77 FF B0 83 1D 25 (58)
                              [N3:X] MOTOR_I 0 12 (12)
                              [N3:X] [undefined] 61 119 255 176 (1031274416)
                              [N3:X] MOTOR_I 0 14 (14)
                              [N3:X] [undefined] 61 119 255 176 (1031274416)
2026-03-20 18:38:34:766 [IN ] C8 24 03 18 25 A5 03 01 31 03 CF 00 06 0D 8F 25 A5 03 01 31 05 E6 3D 77 FF B0 83 1D 25 C8 24 03 18 25 A5 03 01 31 03 CF 00 0A 11 93 25 A5 03 01 31 05 E6 3D 77 FF B0 83 1D 25 (58)
                              [N3:X] MOTOR_I 0 6 (6)
                              [N3:X] [undefined] 61 119 255 176 (1031274416)
                              [N3:X] MOTOR_I 0 10 (10)
                              [N3:X] [undefined] 61 119 255 176 (1031274416)
2026-03-20 18:38:34:967 [IN ] C8 24 03 18 25 A5 03 01 31 03 CF 00 06 0D 8F 25 A5 03 01 31 05 E6 3D 77 FF B0 83 1D 25 C8 24 03 18 25 A5 03 01 31 03 CF 00 09 10 92 25 A5 03 01 31 05 E6 3D 77 FF B0 83 1D 25 (58)
                              [N3:X] MOTOR_I 0 6 (6)
                              [N3:X] [undefined] 61 119 255 176 (1031274416)
                              [N3:X] MOTOR_I 0 9 (9)
                              [N3:X] [undefined] 61 119 255 176 (1031274416)
2026-03-20 18:38:35:168 [IN ] C8 24 03 18 25 A5 03 01 31 03 CF 00 10 17 99 25 A5 03 01 31 05 E6 3D 77 FF B0 83 1D 25 C8 24 03 18 25 A5 03 01 31 03 CF 00 09 10 92 25 A5 03 01 31 05 E6 3D 77 FF B0 83 1D 25 (58)
                              [N3:X] MOTOR_I 0 16 (16)
                              [N3:X] [undefined] 61 119 255 176 (1031274416)
                              [N3:X] MOTOR_I 0 9 (9)
                              [N3:X] [undefined] 61 119 255 176 (1031274416)
2026-03-20 18:38:35:370 [IN ] C8 24 03 18 25 A5 03 01 31 03 CF 00 09 10 92 25 A5 03 01 31 05 E6 3D 77 FF B0 83 1D 25 C8 24 03 15 25 A5 03 01 31 03 CF 00 07 0E 90 25 A5 03 01 31 05 E6 3D 77 FF B0 (55)
                              [N3:X] MOTOR_I 0 9 (9)
                              [N3:X] [undefined] 61 119 255 176 (1031274416)
                              [N3:X] MOTOR_I 0 7 (7)
2026-03-20 18:38:35:571 [IN ] C8 24 03 1B B0 83 1D 25 A5 03 01 31 03 CF 00 04 0B 8D 25 A5 03 01 31 05 E6 3D 77 FF B0 83 1D 01 C8 24 03 18 25 A5 03 01 31 03 CF 00 05 0C 8E 25 A5 03 01 31 05 E6 3D 77 FF B0 83 1D B0 (61)
                              [N3:X] [undefined] 61 119 255 176 (1031274416)
                              [N3:X] MOTOR_I 0 4 (4)
                              [N3:X] [undefined] 61 119 255 176 (1031274416)
                              [N3:X] MOTOR_I 0 5 (5)
                              [N3:X] [undefined] 61 119 255 176 (1031274416)
2026-03-20 18:38:35:773 [IN ] C8 24 03 18 25 A5 03 01 31 03 CF 00 10 17 99 25 A5 03 01 31 05 E6 3D 77 FF B0 83 1D B0 C8 24 03 18 25 A5 03 01 31 03 CF 00 12 19 9B 25 A5 03 01 31 05 E6 3D 77 FF B0 83 1D B0 (58)
                              [N3:X] MOTOR_I 0 16 (16)
                              [N3:X] [undefined] 61 119 255 176 (1031274416)
                              [N3:X] MOTOR_I 0 18 (18)
                              [N3:X] [undefined] 61 119 255 176 (1031274416)
2026-03-20 18:38:35:974 [IN ] C8 24 03 18 25 A5 03 01 31 03 CF 00 07 0E 90 25 A5 03 01 31 05 E6 3D 77 FF B0 83 1D B0 C8 24 03 18 25 A5 03 01 31 03 CF 00 0A 11 93 25 A5 03 01 31 05 E6 3D 77 FF B0 83 1D B0 (58)
                              [N3:X] MOTOR_I 0 7 (7)
                              [N3:X] [undefined] 61 119 255 176 (1031274416)
                              [N3:X] MOTOR_I 0 10 (10)
                              [N3:X] [undefined] 61 119 255 176 (1031274416)
2026-03-20 18:38:36:175 [IN ] C8 24 03 18 25 A5 03 01 31 03 CF 00 0A 11 93 25 A5 03 01 31 05 E6 3D 77 FF B0 83 1D B0 C8 24 03 18 25 A5 03 01 31 03 CF 00 13 1A 9C 25 A5 03 01 31 05 E6 3D 77 FF B0 83 1D B0 (58)
                              [N3:X] MOTOR_I 0 10 (10)
                              [N3:X] [undefined] 61 119 255 176 (1031274416)
                              [N3:X] MOTOR_I 0 19 (19)
                              [N3:X] [undefined] 61 119 255 176 (1031274416)
2026-03-20 18:38:36:377 [IN ] C8 24 03 18 25 A5 03 01 31 03 CF 00 0B 12 94 25 A5 03 01 31 05 E6 3D 77 FF B0 83 1D B0 C8 24 03 18 25 A5 03 01 31 03 CF 00 09 10 92 25 A5 03 01 31 05 E6 3D 77 FF B0 83 1D B0 (58)
                              [N3:X] MOTOR_I 0 11 (11)
                              [N3:X] [undefined] 61 119 255 176 (1031274416)
                              [N3:X] MOTOR_I 0 9 (9)
                              [N3:X] [undefined] 61 119 255 176 (1031274416)
2026-03-20 18:38:36:578 [IN ] C8 24 03 18 25 A5 03 01 31 03 CF 00 0D 14 96 25 A5 03 01 31 05 E6 3D 77 FF B0 83 1D B0 C8 24 03 0E 25 A5 03 01 31 03 CF 00 0A 11 93 25 A5 03 01 C8 24 03 0A 01 31 05 E6 3D 77 FF B0 83 1D 93 (63)
                              [N3:X] MOTOR_I 0 13 (13)
                              [N3:X] [undefined] 61 119 255 176 (1031274416)
                              [N3:X] MOTOR_I 0 10 (10)
                              [N3:X] [undefined] 61 119 255 176 (1031274416)
2026-03-20 18:38:36:779 [IN ] C8 24 03 18 25 A5 03 01 31 03 CF 00 09 10 92 25 A5 03 01 31 05 E6 3D 77 FF B0 83 1D B0 C8 24 03 18 25 A5 03 01 31 03 CF 00 08 0F 91 25 A5 03 01 31 05 E6 3D 77 FF B0 83 1D B0 (58)
                              [N3:X] MOTOR_I 0 9 (9)
                              [N3:X] [undefined] 61 119 255 176 (1031274416)
                              [N3:X] MOTOR_I 0 8 (8)
                              [N3:X] [undefined] 61 119 255 176 (1031274416)
2026-03-20 18:38:36:981 [IN ] C8 24 03 18 25 A5 03 01 31 03 CF 00 18 1F A1 25 A5 03 01 31 05 E6 3D 77 FF B0 83 1D B0 C8 24 03 18 25 A5 03 01 31 03 CF 00 0E 15 97 25 A5 03 01 31 05 E6 3D 77 FF B0 83 1D B0 (58)
                              [N3:X] MOTOR_I 0 24 (24)
                              [N3:X] [undefined] 61 119 255 176 (1031274416)
                              [N3:X] MOTOR_I 0 14 (14)
                              [N3:X] [undefined] 61 119 255 176 (1031274416)
2026-03-20 18:38:37:182 [IN ] C8 24 03 18 25 A5 03 01 31 03 CF 00 0F 16 98 25 A5 03 01 31 05 E6 3D 77 FF B0 83 1D B0 C8 24 03 18 25 A5 03 01 31 03 CF 00 10 17 99 25 A5 03 01 31 05 E6 3D 77 FF B0 83 1D B0 (58)
                              [N3:X] MOTOR_I 0 15 (15)
                              [N3:X] [undefined] 61 119 255 176 (1031274416)
                              [N3:X] MOTOR_I 0 16 (16)
                              [N3:X] [undefined] 61 119 255 176 (1031274416)
2026-03-20 18:38:37:383 [IN ] C8 24 03 18 25 A5 03 01 31 03 CF 00 05 0C 8E 25 A5 03 01 31 05 E6 3D 77 FF B0 83 1D B0 C8 24 03 18 25 A5 03 01 31 03 CF 00 0B 12 94 25 A5 03 01 31 05 E6 3D 77 FF B0 83 1D B0 (58)
                              [N3:X] MOTOR_I 0 5 (5)
                              [N3:X] [undefined] 61 119 255 176 (1031274416)
                              [N3:X] MOTOR_I 0 11 (11)
                              [N3:X] [undefined] 61 119 255 176 (1031274416)
2026-03-20 18:38:37:585 [IN ] C8 24 03 18 25 A5 03 01 31 03 CF 00 07 0E 90 25 A5 03 01 31 05 E6 3D 77 FF B0 83 1D B0 C8 24 04 0E 25 A5 04 01 31 06 81 45 FF F3 BA E9 97 74 01 C8 24 03 18 25 A5 03 01 31 03 CF 00 1A 21 A3 25 
A5 03 01 31 05 E6 3D 77 FF B0 83 1D B0 (77)
                              [N3:X] MOTOR_I 0 7 (7)
                              [N3:X] [undefined] 61 119 255 176 (1031274416)
                              [N4:Y] TPOS 'E' 255 243 186 233 (-804119)
                              [N3:X] MOTOR_I 0 26 (26)
                              [N3:X] [undefined] 61 119 255 176 (1031274416)
2026-03-20 18:38:37:787 [IN ] C8 24 03 18 25 A5 03 01 31 03 CF 00 1C 23 A5 25 A5 03 01 31 05 E6 3D 77 FF B0 83 1D B0 C8 24 03 18 25 A5 03 01 31 03 CF 00 09 10 92 25 A5 03 01 31 05 E6 3D 77 FF B0 83 1D B0 (58)
                              [N3:X] MOTOR_I 0 28 (28)
                              [N3:X] [undefined] 61 119 255 176 (1031274416)
                              [N3:X] MOTOR_I 0 9 (9)
                              [N3:X] [undefined] 61 119 255 176 (1031274416)
2026-03-20 18:38:37:988 [IN ] C8 24 03 15 25 A5 03 01 31 03 CF 00 0E 15 97 25 A5 03 01 31 05 E6 3D 77 FF B0 C8 24 03 1B B0 83 1D 25 A5 03 01 31 03 CF 00 09 10 92 25 A5 03 01 31 05 E6 3D 77 FF B0 83 1D 01 (58)
                              [N3:X] MOTOR_I 0 14 (14)
                              [N3:X] [undefined] 61 119 255 176 (1031274416)
                              [N3:X] MOTOR_I 0 9 (9)
                              [N3:X] [undefined] 61 119 255 176 (1031274416)
2026-03-20 18:38:38:190 [IN ] C8 24 03 18 25 A5 03 01 31 03 CF 00 1B 22 A4 25 A5 03 01 31 05 E6 3D 77 FF B0 83 1D B0 C8 24 03 18 25 A5 03 01 31 03 CF 00 11 18 9A 25 A5 03 01 31 05 E6 3D 77 FF B0 83 1D B0 (58)
                              [N3:X] MOTOR_I 0 27 (27)
                              [N3:X] [undefined] 61 119 255 176 (1031274416)
                              [N3:X] MOTOR_I 0 17 (17)
                              [N3:X] [undefined] 61 119 255 176 (1031274416)
2026-03-20 18:38:38:391 [IN ] C8 24 03 18 25 A5 03 01 31 03 CF 00 07 0E 90 25 A5 03 01 31 05 E6 3D 77 FF B0 83 1D B0 C8 24 03 18 25 A5 03 01 31 03 CF 00 13 1A 9C 25 A5 03 01 31 05 E6 3D 77 FF B0 83 1D B0 (58)
                              [N3:X] MOTOR_I 0 7 (7)
                              [N3:X] [undefined] 61 119 255 176 (1031274416)
                              [N3:X] MOTOR_I 0 19 (19)
                              [N3:X] [undefined] 61 119 255 176 (1031274416)
2026-03-20 18:38:38:592 [IN ] C8 24 03 18 25 A5 03 01 31 03 CF 00 17 1E A0 25 A5 03 01 31 05 E6 3D 77 FF B0 83 1D B0 C8 24 03 18 25 A5 03 01 31 03 CF 00 09 10 92 25 A5 03 01 31 05 E6 3D 77 FF B0 83 1D B0 (58)
                              [N3:X] MOTOR_I 0 23 (23)
                              [N3:X] [undefined] 61 119 255 176 (1031274416)
                              [N3:X] MOTOR_I 0 9 (9)
                              [N3:X] [undefined] 61 119 255 176 (1031274416)
2026-03-20 18:38:38:793 [IN ] C8 24 03 18 25 A5 03 01 31 03 CF 00 09 10 92 25 A5 03 01 31 05 E6 3D 77 FF B0 83 1D B0 C8 24 03 18 25 A5 03 01 31 03 CF 00 12 19 9B 25 A5 03 01 31 05 E6 3D 77 FF B0 83 1D B0 (58)
                              [N3:X] MOTOR_I 0 9 (9)
                              [N3:X] [undefined] 61 119 255 176 (1031274416)
                              [N3:X] MOTOR_I 0 18 (18)
                              [N3:X] [undefined] 61 119 255 176 (1031274416)
2026-03-20 18:38:38:996 [IN ] C8 24 03 18 25 A5 03 01 31 03 CF 00 17 1E A0 25 A5 03 01 31 05 E6 3D 77 FF B0 83 1D B0 C8 24 03 18 25 A5 03 01 31 03 CF 00 00 07 89 25 A5 03 01 31 05 E6 3D 77 00 00 D4 6F B0 C8 24 03 0E 25 A5 
03 01 31 06 81 45 FF ED AE 76 11 CD 01 (77)
                              [N3:X] MOTOR_I 0 23 (23)
                              [N3:X] [undefined] 61 119 255 176 (1031274416)
                              [N3:X] MOTOR_I 0 0 (0)
                              [N3:X] [undefined] 61 119 0 0 (1031208960)
                              [N3:X] TPOS 'E' 255 237 174 118 (-1200522)
2026-03-20 18:38:39:200 [IN ] C8 24 03 0E 25 A5 03 01 31 03 CF 00 00 07 89 25 A5 03 01 C8 24 03 0A 01 31 05 E6 3D 77 00 00 D4 6F 89 C8 24 03 15 25 A5 03 01 31 03 CF 00 00 07 89 25 A5 03 01 31 05 E6 3D 77 00 00 (60)
                              [N3:X] MOTOR_I 0 0 (0)
                              [N3:X] [undefined] 61 119 0 0 (1031208960)
                              [N3:X] MOTOR_I 0 0 (0)
2026-03-20 18:38:39:401 [IN ] C8 24 03 1B 00 D4 6F 25 A5 03 01 31 03 CF 00 00 07 89 25 A5 03 01 31 05 E6 3D 77 00 00 D4 6F 01 C8 24 03 18 25 A5 03 01 31 03 CF 00 00 07 89 25 A5 03 01 31 05 E6 3D 77 00 00 D4 6F 00 (61)
                              [N3:X] [undefined] 61 119 0 0 (1031208960)
                              [N3:X] MOTOR_I 0 0 (0)
                              [N3:X] [undefined] 61 119 0 0 (1031208960)
                              [N3:X] MOTOR_I 0 0 (0)
                              [N3:X] [undefined] 61 119 0 0 (1031208960)
2026-03-20 18:38:39:602 [IN ] C8 24 03 18 25 A5 03 01 31 03 CF 00 00 07 89 25 A5 03 01 31 05 E6 3D 77 00 00 D4 6F 00 C8 24 03 18 25 A5 03 01 31 03 CF 00 00 07 89 25 A5 03 01 31 05 E6 3D 77 00 00 D4 6F 00 (58)
                              [N3:X] MOTOR_I 0 0 (0)
                              [N3:X] [undefined] 61 119 0 0 (1031208960)
                              [N3:X] MOTOR_I 0 0 (0)
                              [N3:X] [undefined] 61 119 0 0 (1031208960)
2026-03-20 18:38:39:804 [IN ] C8 24 03 18 25 A5 03 01 31 03 CF 00 00 07 89 25 A5 03 01 31 05 E6 3D 77 00 00 D4 6F 00 C8 24 03 18 25 A5 03 01 31 03 CF 00 00 07 89 25 A5 03 01 31 05 E6 3D 77 00 00 D4 6F 00 C8 24 08 0E 25 A5 
08 01 31 06 81 45 FF EE 17 44 4E A2 01 (77)
                              [N3:X] MOTOR_I 0 0 (0)
                              [N3:X] [undefined] 61 119 0 0 (1031208960)
                              [N3:X] MOTOR_I 0 0 (0)
                              [N3:X] [undefined] 61 119 0 0 (1031208960)
                              [N8:R] TPOS 'E' 255 238 23 68 (-1173692)
2026-03-20 18:38:40:007 [IN ] C8 24 03 18 25 A5 03 01 31 03 CF 00 00 07 89 25 A5 03 01 31 05 E6 3D 77 00 00 D4 6F 00 C8 24 03 18 25 A5 03 01 31 03 CF 00 00 07 89 25 A5 03 01 31 05 E6 3D 77 00 00 D4 6F 00 (58)
                              [N3:X] MOTOR_I 0 0 (0)
                              [N3:X] [undefined] 61 119 0 0 (1031208960)
                              [N3:X] MOTOR_I 0 0 (0)
                              [N3:X] [undefined] 61 119 0 0 (1031208960)
2026-03-20 18:38:40:209 [IN ] C8 24 03 18 25 A5 03 01 31 03 CF 00 00 07 89 25 A5 03 01 31 05 E6 3D 77 00 00 D4 6F 00 C8 24 03 18 25 A5 03 01 31 03 CF 00 00 07 89 25 A5 03 01 31 05 E6 3D 77 00 00 D4 6F 00 (58)
                              [N3:X] MOTOR_I 0 0 (0)
                              [N3:X] [undefined] 61 119 0 0 (1031208960)
                              [N3:X] MOTOR_I 0 0 (0)
                              [N3:X] [undefined] 61 119 0 0 (1031208960)
2026-03-20 18:38:40:410 [IN ] C8 24 03 18 25 A5 03 01 31 03 CF 00 00 07 89 25 A5 03 01 31 05 E6 3D 77 00 00 D4 6F 00 C8 24 03 15 25 A5 03 01 31 03 CF 00 00 07 89 25 A5 03 01 31 05 E6 3D 77 00 00 (55)
                              [N3:X] MOTOR_I 0 0 (0)
                              [N3:X] [undefined] 61 119 0 0 (1031208960)
                              [N3:X] MOTOR_I 0 0 (0)
2026-03-20 18:38:40:612 [IN ] C8 24 03 1B 00 D4 6F 25 A5 03 01 31 03 CF 00 00 07 89 25 A5 03 01 31 05 E6 3D 77 00 00 D4 6F 01 C8 24 03 18 25 A5 03 01 31 03 CF 00 00 07 89 25 A5 03 01 31 05 E6 3D 77 00 00 D4 6F 00 (61)
                              [N3:X] [undefined] 61 119 0 0 (1031208960)
                              [N3:X] MOTOR_I 0 0 (0)
                              [N3:X] [undefined] 61 119 0 0 (1031208960)
                              [N3:X] MOTOR_I 0 0 (0)
                              [N3:X] [undefined] 61 119 0 0 (1031208960)
2026-03-20 18:38:40:813 [IN ] C8 24 03 18 25 A5 03 01 31 03 CF 00 00 07 89 25 A5 03 01 31 05 E6 3D 77 00 00 D4 6F 00 C8 24 03 18 25 A5 03 01 31 03 CF 00 00 07 89 25 A5 03 01 31 05 E6 3D 77 00 00 D4 6F 00 (58)
                              [N3:X] MOTOR_I 0 0 (0)
                              [N3:X] [undefined] 61 119 0 0 (1031208960)
                              [N3:X] MOTOR_I 0 0 (0)
                              [N3:X] [undefined] 61 119 0 0 (1031208960)
2026-03-20 18:38:41:015 [IN ] C8 24 03 18 25 A5 03 01 31 03 CF 00 00 07 89 25 A5 03 01 31 05 E6 3D 77 00 00 D4 6F 00 C8 24 03 18 25 A5 03 01 31 03 CF 00 00 07 89 25 A5 03 01 31 05 E6 3D 77 00 00 D4 6F 00 (58)
                              [N3:X] MOTOR_I 0 0 (0)
                              [N3:X] [undefined] 61 119 0 0 (1031208960)
                              [N3:X] MOTOR_I 0 0 (0)
                              [N3:X] [undefined] 61 119 0 0 (1031208960)
2026-03-20 18:38:41:216 [IN ] C8 24 03 18 25 A5 03 01 31 03 CF 00 00 07 89 25 A5 03 01 31 05 E6 3D 77 00 00 D4 6F 00 C8 24 03 18 25 A5 03 01 31 03 CF 00 00 07 89 25 A5 03 01 31 05 E6 3D 77 00 00 D4 6F 00 (58)
                              [N3:X] MOTOR_I 0 0 (0)
                              [N3:X] [undefined] 61 119 0 0 (1031208960)
                              [N3:X] MOTOR_I 0 0 (0)
                              [N3:X] [undefined] 61 119 0 0 (1031208960)
2026-03-20 18:38:41:417 [IN ] C8 24 03 18 25 A5 03 01 31 03 CF 00 00 07 89 25 A5 03 01 31 05 E6 3D 77 00 00 D4 6F 00 C8 24 03 18 25 A5 03 01 31 03 CF 00 00 07 89 25 A5 03 01 31 05 E6 3D 77 00 00 D4 6F 00 (58)
                              [N3:X] MOTOR_I 0 0 (0)
                              [N3:X] [undefined] 61 119 0 0 (1031208960)
                              [N3:X] MOTOR_I 0 0 (0)
                              [N3:X] [undefined] 61 119 0 0 (1031208960)
2026-03-20 18:38:41:618 [IN ] C8 24 03 18 25 A5 03 01 31 03 CF 00 00 07 89 25 A5 03 01 31 05 E6 3D 77 00 00 D4 6F 00 C8 24 03 0E 25 A5 03 01 31 03 CF 00 00 07 89 25 A5 03 01 C8 24 03 0A 01 31 05 E6 3D 77 00 00 D4 6F 89 (63)
                              [N3:X] MOTOR_I 0 0 (0)
                              [N3:X] [undefined] 61 119 0 0 (1031208960)
                              [N3:X] MOTOR_I 0 0 (0)
                              [N3:X] [undefined] 61 119 0 0 (1031208960)
2026-03-20 18:38:41:819 [IN ] C8 24 03 15 25 A5 03 01 31 03 CF 00 00 07 89 25 A5 03 01 31 05 E6 3D 77 00 00 C8 24 03 1B 00 D4 6F 25 A5 03 01 31 03 CF 00 00 07 89 25 A5 03 01 31 05 E6 3D 77 00 00 D4 6F 01 (58)
                              [N3:X] MOTOR_I 0 0 (0)
                              [N3:X] [undefined] 61 119 0 0 (1031208960)
                              [N3:X] MOTOR_I 0 0 (0)
                              [N3:X] [undefined] 61 119 0 0 (1031208960)
2026-03-20 18:38:42:021 [IN ] C8 24 03 18 25 A5 03 01 31 03 CF 00 00 07 89 25 A5 03 01 31 05 E6 3D 77 00 00 D4 6F 00 C8 24 03 18 25 A5 03 01 31 03 CF 00 00 07 89 25 A5 03 01 31 05 E6 3D 77 00 00 D4 6F 00 (58)
                              [N3:X] MOTOR_I 0 0 (0)
                              [N3:X] [undefined] 61 119 0 0 (1031208960)
                              [N3:X] MOTOR_I 0 0 (0)
                              [N3:X] [undefined] 61 119 0 0 (1031208960)
2026-03-20 18:38:42:222 [IN ] C8 24 03 18 25 A5 03 01 31 03 CF 00 00 07 89 25 A5 03 01 31 05 E6 3D 77 00 00 D4 6F 00 C8 24 03 18 25 A5 03 01 31 03 CF 00 00 07 89 25 A5 03 01 31 05 E6 3D 77 00 00 D4 6F 00 (58)
                              [N3:X] MOTOR_I 0 0 (0)
                              [N3:X] [undefined] 61 119 0 0 (1031208960)
                              [N3:X] MOTOR_I 0 0 (0)
                              [N3:X] [undefined] 61 119 0 0 (1031208960)
2026-03-20 18:38:42:424 [IN ] C8 24 03 18 25 A5 03 01 31 03 CF 00 00 07 89 25 A5 03 01 31 05 E6 3D 77 00 00 D4 6F 00 C8 24 03 18 25 A5 03 01 31 03 CF 00 00 07 89 25 A5 03 01 31 05 E6 3D 77 00 00 D4 6F 00 (58)
                              [N3:X] MOTOR_I 0 0 (0)
                              [N3:X] [undefined] 61 119 0 0 (1031208960)
                              [N3:X] MOTOR_I 0 0 (0)
                              [N3:X] [undefined] 61 119 0 0 (1031208960)
2026-03-20 18:38:42:625 [IN ] C8 24 07 0E 25 A5 07 01 31 06 81 45 FF F3 3A 62 93 0B 01 C8 24 03 18 25 A5 03 01 31 03 CF 00 00 07 89 25 A5 03 01 31 05 E6 3D 77 00 00 D4 6F 00 C8 24 03 18 25 A5 03 01 31 03 CF 00 00 07 89 25 
A5 03 01 31 05 E6 3D 77 00 00 D4 6F 00 (77)
                              [N7:N] TPOS 'E' 255 243 58 98 (-837022)
                              [N3:X] MOTOR_I 0 0 (0)
                              [N3:X] [undefined] 61 119 0 0 (1031208960)
                              [N3:X] MOTOR_I 0 0 (0)
                              [N3:X] [undefined] 61 119 0 0 (1031208960)
