2026-03-20 18:23:39:512 [OUT] 25 A5 01 0A 31 05 D6 3D FF 00 00 53 ED (13)
                              [N10:HMI] HMILED '=' 255 0 0 (16711680)
2026-03-20 18:23:39:534 [OUT] 25 A5 01 03 31 02 D8 3F 4E CE (10)
                              [N3:X] INTERRUPT '?'
2026-03-20 18:23:39:534 [IN ] C8 24 03 18 25 A5 03 01 31 03 CF 00 00 07 89 25 A5 03 01 31 05 E6 3D 77 00 00 D4 6F 00 (29)
                              [N3:X] MOTOR_I 0 0 (0)
                              [N3:X] [undefined] 61 119 0 0 (1031208960)
2026-03-20 18:23:39:835 [IN ] C8 24 03 18 25 A5 03 01 31 03 CF 00 00 07 89 25 A5 03 01 31 05 E6 3D 77 00 00 D4 6F 00 C8 24 0A 0D 25 A5 0A 01 31 05 D6 3A FF 00 00 50 EA 03 C8 24 03 18 25 A5 03 01 31 03 CF 00 00 07 89 25 A5 
03 01 31 05 E6 3D 77 00 00 D4 6F 00 C8 24 03 0C 25 A5 03 01 31 04 D8 3A 01 01 4D 6A A5 (93)
                              [N3:X] MOTOR_I 0 0 (0)
                              [N3:X] [undefined] 61 119 0 0 (1031208960)
                              [N10:HMI] HMILED ':' 255 0 0 (16711680)
                              [N3:X] MOTOR_I 0 0 (0)
                              [N3:X] [undefined] 61 119 0 0 (1031208960)
                              [N3:X] INTERRUPT ':' 1 1 (257)
2026-03-20 18:23:39:857 [OUT] 25 A5 01 09 31 03 C9 3D 09 4D 1C (11)
                              [N9:P] LFLAG '=' 9 (9)
2026-03-20 18:23:39:879 [OUT] 25 A5 01 04 31 02 D8 3F 4F D3 (10)
                              [N4:Y] INTERRUPT '?'
2026-03-20 18:23:39:880 [IN ] C8 24 03 18 25 A5 03 01 31 03 CF 00 00 07 89 25 A5 03 01 31 05 E6 3D 77 00 00 D4 6F 00 (29)
                              [N3:X] MOTOR_I 0 0 (0)
                              [N3:X] [undefined] 61 119 0 0 (1031208960)
2026-03-20 18:23:40:181 [IN ] C8 24 03 0E 25 A5 03 01 31 03 CF 00 00 07 89 25 A5 03 01 C8 24 03 0A 01 31 05 E6 3D 77 00 00 D4 6F 89 C8 24 09 0B 25 A5 09 01 31 03 C9 3A 09 4A 1E 25 C8 24 03 18 25 A5 03 01 31 03 CF 00 00 07 
89 25 A5 03 01 31 05 E6 3D 77 00 00 D4 6F 00 C8 24 04 0C 25 A5 04 01 31 04 D8 3A 01 01 4E 72 A5 C8 24 03 18 25 A5 03 01 31 03 CF 00 00 07 89 25 A5 03 01 31 05 E6 3D 77 00 00 D4 6F 00 (125)
                              [N3:X] MOTOR_I 0 0 (0)
                              [N3:X] [undefined] 61 119 0 0 (1031208960)
                              [N9:P] LFLAG ':' 9 (9)
                              [N3:X] MOTOR_I 0 0 (0)
                              [N3:X] [undefined] 61 119 0 0 (1031208960)
                              [N4:Y] INTERRUPT ':' 1 1 (257)
                              [N3:X] MOTOR_I 0 0 (0)
                              [N3:X] [undefined] 61 119 0 0 (1031208960)
2026-03-20 18:23:40:203 [OUT] 25 A5 01 09 31 03 CA 3D 09 4E 1F (11)
                              [N9:P] RFLAG '=' 9 (9)
2026-03-20 18:23:40:227 [OUT] 25 A5 01 0C 31 02 D8 3F 57 FB (10)
                              [N12:Z] INTERRUPT '?'
2026-03-20 18:23:40:529 [IN ] C8 24 03 18 25 A5 03 01 31 03 CF 00 00 07 89 25 A5 03 01 31 05 E6 3D 77 00 00 D4 6F 00 C8 24 03 18 25 A5 03 01 31 03 CF 00 00 07 89 25 A5 03 01 31 05 E6 3D 77 00 00 D4 6F 00 C8 24 09 0B 25 A5 
09 01 31 03 CA 3A 09 4B 21 25 C8 24 03 18 25 A5 03 01 31 03 CF 00 00 07 89 25 A5 03 01 31 05 E6 3D 77 00 00 D4 6F 00 C8 24 0C 0C 25 A5 0C 01 31 04 D8 3A 01 01 56 B2 A5 (120)
                              [N3:X] MOTOR_I 0 0 (0)
                              [N3:X] [undefined] 61 119 0 0 (1031208960)
                              [N3:X] MOTOR_I 0 0 (0)
                              [N3:X] [undefined] 61 119 0 0 (1031208960)
                              [N9:P] RFLAG ':' 9 (9)
                              [N3:X] MOTOR_I 0 0 (0)
                              [N3:X] [undefined] 61 119 0 0 (1031208960)
                              [N12:Z] INTERRUPT ':' 1 1 (257)
2026-03-20 18:23:40:551 [OUT] 25 A5 01 08 31 03 C9 3D 09 4C 16 (11)
                              [N8:R] LFLAG '=' 9 (9)
2026-03-20 18:23:40:552 [IN ] C8 24 03 18 25 A5 03 01 31 03 CF 00 00 07 89 25 A5 03 01 31 05 E6 3D 77 00 00 D4 6F 00 (29)
                              [N3:X] MOTOR_I 0 0 (0)
                              [N3:X] [undefined] 61 119 0 0 (1031208960)
2026-03-20 18:23:40:573 [OUT] 25 A5 01 03 31 03 C9 3D 0B 49 FA (11)
                              [N3:X] LFLAG '=' 11 (11)
2026-03-20 18:23:40:595 [OUT] 25 A5 01 04 31 03 C9 3D 0B 4A 00 (11)
                              [N4:Y] LFLAG '=' 11 (11)
2026-03-20 18:23:40:620 [OUT] 25 A5 01 0C 31 03 C9 3D 0B 52 30 (11)
                              [N12:Z] LFLAG '=' 11 (11)
2026-03-20 18:23:40:664 [IN ] C8 24 03 18 25 A5 03 01 31 03 CF 00 00 07 89 25 A5 03 01 31 05 E6 3D 77 00 00 D4 6F 00 (29)
                              [N3:X] MOTOR_I 0 0 (0)
                              [N3:X] [undefined] 61 119 0 0 (1031208960)
2026-03-20 18:23:40:728 [IN ] C8 24 08 0B 25 A5 08 01 31 03 C9 3A 09 49 17 25 (16)
                              [N8:R] LFLAG ':' 9 (9)
2026-03-20 18:23:40:750 [OUT] 25 A5 01 08 31 03 CA 3D 09 4D 19 (11)
                              [N8:R] RFLAG '=' 9 (9)
2026-03-20 18:23:40:750 [IN ] C8 24 03 18 25 A5 03 01 31 03 CF 00 00 07 89 25 A5 03 01 31 05 E6 3D 77 00 00 D4 6F 00 (29)
                              [N3:X] MOTOR_I 0 0 (0)
                              [N3:X] [undefined] 61 119 0 0 (1031208960)
2026-03-20 18:23:40:833 [IN ] C8 24 03 0B 25 A5 03 01 31 03 C9 3A 0B 46 F6 25 (16)
                              [N3:X] LFLAG ':' 11 (11)
2026-03-20 18:23:40:855 [OUT] 25 A5 01 03 31 03 88 00 50 10 02 (11)
                              [N3:X] RUN 0 80 (80)
2026-03-20 18:23:40:856 [IN ] C8 24 03 18 25 A5 03 01 31 03 CF 00 00 07 89 25 A5 03 01 31 05 E6 3D 77 00 00 D4 6F 00 (29)
                              [N3:X] MOTOR_I 0 0 (0)
                              [N3:X] [undefined] 61 119 0 0 (1031208960)
2026-03-20 18:23:40:938 [IN ] C8 24 04 0B 25 A5 04 01 31 03 C9 3A 0B 47 FD 25 (16)
                              [N4:Y] LFLAG ':' 11 (11)
2026-03-20 18:23:40:960 [OUT] 25 A5 01 04 31 03 88 00 50 11 08 (11)
                              [N4:Y] RUN 0 80 (80)
2026-03-20 18:23:40:962 [IN ] C8 24 03 18 25 A5 03 01 31 03 CF 00 00 07 89 25 A5 03 01 31 05 E6 3D 77 00 00 D4 6F 00 (29)
                              [N3:X] MOTOR_I 0 0 (0)
                              [N3:X] [undefined] 61 119 0 0 (1031208960)
2026-03-20 18:23:41:066 [IN ] C8 24 0C 0B 25 A5 0C 01 31 03 C9 3A 0B 4F 35 25 C8 24 03 18 25 A5 03 01 31 03 CF 00 00 07 89 25 A5 03 01 31 05 E6 3D 77 00 00 D4 6F 00 (45)
                              [N12:Z] LFLAG ':' 11 (11)
                              [N3:X] MOTOR_I 0 0 (0)
                              [N3:X] [undefined] 61 119 0 0 (1031208960)
2026-03-20 18:23:41:088 [OUT] 25 A5 01 0C 31 03 88 00 50 19 38 (11)
                              [N12:Z] RUN 0 80 (80)
2026-03-20 18:23:41:131 [IN ] C8 24 03 0E 25 (5)
2026-03-20 18:23:41:152 [IN ] A5 03 01 31 03 CF 00 00 07 89 25 A5 03 01 (14)
                              [N3:X] MOTOR_I 0 0 (0)
2026-03-20 18:23:41:173 [IN ] C8 24 03 0A 01 31 05 E6 3D 77 00 00 D4 6F 89 C8 24 08 0B 25 A5 08 01 31 03 CA 3A 09 4A 1A 25 (31)
                              [N3:X] [undefined] 61 119 0 0 (1031208960)
                              [N8:R] RFLAG ':' 9 (9)
2026-03-20 18:23:41:256 [IN ] C8 24 03 15 25 A5 03 01 31 03 CF 00 00 07 89 25 A5 03 01 31 05 E6 3D 77 00 00 C8 24 03 0F 00 D4 6F 25 A5 03 01 31 04 88 53 00 50 64 C2 31 (46)
                              [N3:X] MOTOR_I 0 0 (0)
                              [N3:X] [undefined] 61 119 0 0 (1031208960)
                              [N3:X] RUN 'S' 0 80 (80)
2026-03-20 18:23:41:340 [IN ] C8 24 03 18 25 A5 03 01 31 03 CF 00 4A 51 D3 25 A5 03 01 31 05 E6 3D 77 00 50 24 BF 00 (29)
                              [N3:X] MOTOR_I 0 74 (74)
                              [N3:X] [undefined] 61 119 0 80 (1031209040)
2026-03-20 18:23:41:383 [IN ] C8 24 04 0C 25 A5 04 01 31 04 88 53 00 50 65 CA A5 (17)
                              [N4:Y] RUN 'S' 0 80 (80)
2026-03-20 18:23:41:465 [IN ] C8 24 03 18 25 A5 03 01 31 03 CF 00 44 4B CD 25 A5 03 01 31 05 E6 3D 77 00 50 24 BF 00 (29)
                              [N3:X] MOTOR_I 0 68 (68)
                              [N3:X] [undefined] 61 119 0 80 (1031209040)
2026-03-20 18:23:41:487 [IN ] C8 24 0C 0C 25 A5 0C 01 31 04 88 53 00 50 6D 0A A5 (17)
                              [N12:Z] RUN 'S' 0 80 (80)
2026-03-20 18:23:41:689 [IN ] C8 24 03 18 25 A5 03 01 31 03 CF 00 36 3D BF 25 A5 03 01 31 05 E6 3D 77 00 50 24 BF 00 C8 24 03 18 25 A5 03 01 31 03 CF 00 58 5F E1 25 A5 03 01 31 05 E6 3D 77 00 50 24 BF 00 (58)
                              [N3:X] MOTOR_I 0 54 (54)
                              [N3:X] [undefined] 61 119 0 80 (1031209040)
                              [N3:X] MOTOR_I 0 88 (88)
                              [N3:X] [undefined] 61 119 0 80 (1031209040)
2026-03-20 18:23:41:890 [IN ] C8 24 03 18 25 A5 03 01 31 03 CF 00 4C 53 D5 25 A5 03 01 31 05 E6 3D 77 00 50 24 BF 00 C8 24 03 18 25 A5 03 01 31 03 CF 00 46 4D CF 25 A5 03 01 31 05 E6 3D 77 00 50 24 BF 00 (58)
                              [N3:X] MOTOR_I 0 76 (76)
                              [N3:X] [undefined] 61 119 0 80 (1031209040)
                              [N3:X] MOTOR_I 0 70 (70)
                              [N3:X] [undefined] 61 119 0 80 (1031209040)
2026-03-20 18:23:42:092 [IN ] C8 24 03 18 25 A5 03 01 31 03 CF 00 32 39 BB 25 A5 03 01 31 05 E6 3D 77 00 50 24 BF 00 C8 24 03 18 25 A5 03 01 31 03 CF 00 55 5C DE 25 A5 03 01 31 05 E6 3D 77 00 50 24 BF 00 (58)
                              [N3:X] MOTOR_I 0 50 (50)
                              [N3:X] [undefined] 61 119 0 80 (1031209040)
                              [N3:X] MOTOR_I 0 85 (85)
                              [N3:X] [undefined] 61 119 0 80 (1031209040)
2026-03-20 18:23:42:294 [IN ] C8 24 03 18 25 A5 03 01 31 03 CF 00 59 60 E2 25 A5 03 01 31 05 E6 3D 77 00 50 24 BF 00 C8 24 03 18 25 A5 03 01 31 03 CF 00 55 5C DE 25 A5 03 01 31 05 E6 3D 77 00 50 24 BF 00 (58)
                              [N3:X] MOTOR_I 0 89 (89)
                              [N3:X] [undefined] 61 119 0 80 (1031209040)
                              [N3:X] MOTOR_I 0 85 (85)
                              [N3:X] [undefined] 61 119 0 80 (1031209040)
2026-03-20 18:23:42:496 [IN ] C8 24 03 18 25 A5 03 01 31 03 CF 00 51 58 DA 25 A5 03 01 31 05 E6 3D 77 00 50 24 BF 00 C8 24 03 0E 25 A5 03 01 31 03 CF 00 41 48 CA 25 A5 03 01 C8 24 03 0A 01 31 05 E6 3D 77 00 50 24 BF CA (63)
                              [N3:X] MOTOR_I 0 81 (81)
                              [N3:X] [undefined] 61 119 0 80 (1031209040)
                              [N3:X] MOTOR_I 0 65 (65)
                              [N3:X] [undefined] 61 119 0 80 (1031209040)
2026-03-20 18:23:42:697 [IN ] C8 24 03 18 25 A5 03 01 31 03 CF 00 51 58 DA 25 A5 03 01 31 05 E6 3D 77 00 50 24 BF 00 C8 24 03 18 25 A5 03 01 31 03 CF 00 3A 41 C3 25 A5 03 01 31 05 E6 3D 77 00 50 24 BF 00 (58)
                              [N3:X] MOTOR_I 0 81 (81)
                              [N3:X] [undefined] 61 119 0 80 (1031209040)
                              [N3:X] MOTOR_I 0 58 (58)
                              [N3:X] [undefined] 61 119 0 80 (1031209040)
2026-03-20 18:23:42:899 [IN ] C8 24 03 18 25 A5 03 01 31 03 CF 00 54 5B DD 25 A5 03 01 31 05 E6 3D 77 00 50 24 BF 00 C8 24 03 18 25 A5 03 01 31 03 CF 00 3B 42 C4 25 A5 03 01 31 05 E6 3D 77 00 50 24 BF 00 (58)
                              [N3:X] MOTOR_I 0 84 (84)
                              [N3:X] [undefined] 61 119 0 80 (1031209040)
                              [N3:X] MOTOR_I 0 59 (59)
                              [N3:X] [undefined] 61 119 0 80 (1031209040)
2026-03-20 18:23:43:101 [IN ] C8 24 03 18 25 A5 03 01 31 03 CF 00 3A 41 C3 25 A5 03 01 31 05 E6 3D 77 00 50 24 BF 00 C8 24 03 18 25 A5 03 01 31 03 CF 00 3E 45 C7 25 A5 03 01 31 05 E6 3D 77 00 50 24 BF 00 (58)
                              [N3:X] MOTOR_I 0 58 (58)
                              [N3:X] [undefined] 61 119 0 80 (1031209040)
                              [N3:X] MOTOR_I 0 62 (62)
                              [N3:X] [undefined] 61 119 0 80 (1031209040)
2026-03-20 18:23:43:303 [IN ] C8 24 03 18 25 A5 03 01 31 03 CF 00 32 39 BB 25 A5 03 01 31 05 E6 3D 77 00 50 24 BF 00 C8 24 03 18 25 A5 03 01 31 03 CF 00 50 57 D9 25 A5 03 01 31 05 E6 3D 77 00 50 24 BF 00 (58)
                              [N3:X] MOTOR_I 0 50 (50)
                              [N3:X] [undefined] 61 119 0 80 (1031209040)
                              [N3:X] MOTOR_I 0 80 (80)
                              [N3:X] [undefined] 61 119 0 80 (1031209040)
2026-03-20 18:23:43:504 [IN ] C8 24 03 18 25 A5 03 01 31 03 CF 00 4B 52 D4 25 A5 03 01 31 05 E6 3D 77 00 50 24 BF 00 C8 24 03 18 25 A5 03 01 31 03 CF 00 2F 36 B8 25 A5 03 01 31 05 E6 3D 77 00 50 24 BF 00 (58)
                              [N3:X] MOTOR_I 0 75 (75)
                              [N3:X] [undefined] 61 119 0 80 (1031209040)
                              [N3:X] MOTOR_I 0 47 (47)
                              [N3:X] [undefined] 61 119 0 80 (1031209040)
2026-03-20 18:23:43:705 [IN ] C8 24 03 18 25 A5 03 01 31 03 CF 00 33 3A BC 25 A5 03 01 31 05 E6 3D 77 00 50 24 BF 00 C8 24 03 0E 25 A5 03 01 31 03 CF 00 4D 54 D6 25 A5 03 01 C8 24 03 0A 01 31 05 E6 3D 77 00 50 24 BF D6 (63)
                              [N3:X] MOTOR_I 0 51 (51)
                              [N3:X] [undefined] 61 119 0 80 (1031209040)
                              [N3:X] MOTOR_I 0 77 (77)
                              [N3:X] [undefined] 61 119 0 80 (1031209040)
2026-03-20 18:23:43:907 [IN ] C8 24 03 15 25 A5 03 01 31 03 CF 00 48 4F D1 25 A5 03 01 31 05 E6 3D 77 00 50 C8 24 03 1B 50 24 BF 25 A5 03 01 31 03 CF 00 3B 42 C4 25 A5 03 01 31 05 E6 3D 77 00 50 24 BF 03 (58)
                              [N3:X] MOTOR_I 0 72 (72)
                              [N3:X] [undefined] 61 119 0 80 (1031209040)
                              [N3:X] MOTOR_I 0 59 (59)
                              [N3:X] [undefined] 61 119 0 80 (1031209040)
2026-03-20 18:23:44:108 [IN ] C8 24 03 18 25 A5 03 01 31 03 CF 00 48 4F D1 25 A5 03 01 31 05 E6 3D 77 00 50 24 BF 50 C8 24 03 18 25 A5 03 01 31 03 CF 00 36 3D BF 25 A5 03 01 31 05 E6 3D 77 00 50 24 BF 50 (58)
                              [N3:X] MOTOR_I 0 72 (72)
                              [N3:X] [undefined] 61 119 0 80 (1031209040)
                              [N3:X] MOTOR_I 0 54 (54)
                              [N3:X] [undefined] 61 119 0 80 (1031209040)
2026-03-20 18:23:44:310 [IN ] C8 24 03 18 25 A5 03 01 31 03 CF 00 38 3F C1 25 A5 03 01 31 05 E6 3D 77 00 50 24 BF 50 C8 24 03 18 25 A5 03 01 31 03 CF 00 4B 52 D4 25 A5 03 01 31 05 E6 3D 77 00 50 24 BF 50 (58)
                              [N3:X] MOTOR_I 0 56 (56)
                              [N3:X] [undefined] 61 119 0 80 (1031209040)
                              [N3:X] MOTOR_I 0 75 (75)
                              [N3:X] [undefined] 61 119 0 80 (1031209040)
2026-03-20 18:23:44:512 [IN ] C8 24 03 18 25 A5 03 01 31 03 CF 00 3A 41 C3 25 A5 03 01 31 05 E6 3D 77 00 50 24 BF 50 C8 24 03 18 25 A5 03 01 31 03 CF 00 45 4C CE 25 A5 03 01 31 05 E6 3D 77 00 50 24 BF 50 (58)
                              [N3:X] MOTOR_I 0 58 (58)
                              [N3:X] [undefined] 61 119 0 80 (1031209040)
                              [N3:X] MOTOR_I 0 69 (69)
                              [N3:X] [undefined] 61 119 0 80 (1031209040)
2026-03-20 18:23:44:713 [IN ] C8 24 03 18 25 A5 03 01 31 03 CF 00 55 5C DE 25 A5 03 01 31 05 E6 3D 77 00 50 24 BF 50 C8 24 03 18 25 A5 03 01 31 03 CF 00 49 50 D2 25 A5 03 01 31 05 E6 3D 77 00 50 24 BF 50 (58)
                              [N3:X] MOTOR_I 0 85 (85)
                              [N3:X] [undefined] 61 119 0 80 (1031209040)
                              [N3:X] MOTOR_I 0 73 (73)
                              [N3:X] [undefined] 61 119 0 80 (1031209040)
2026-03-20 18:23:44:915 [IN ] C8 24 03 18 25 A5 03 01 31 03 CF 00 4C 53 D5 25 A5 03 01 31 05 E6 3D 77 00 50 24 BF 50 C8 24 03 18 25 A5 03 01 31 03 CF 00 35 3C BE 25 A5 03 01 31 05 E6 3D 77 00 50 24 BF 50 (58)
                              [N3:X] MOTOR_I 0 76 (76)
                              [N3:X] [undefined] 61 119 0 80 (1031209040)
                              [N3:X] MOTOR_I 0 53 (53)
                              [N3:X] [undefined] 61 119 0 80 (1031209040)
2026-03-20 18:23:45:116 [IN ] C8 24 03 0E 25 A5 03 01 31 03 CF 00 41 48 CA 25 A5 03 01 C8 24 03 0A 01 31 05 E6 3D 77 00 50 24 BF CA C8 24 03 18 25 A5 03 01 31 03 CF 00 3D 44 C6 25 A5 03 01 31 05 E6 3D 77 00 50 24 BF 50 (63)
                              [N3:X] MOTOR_I 0 65 (65)
                              [N3:X] [undefined] 61 119 0 80 (1031209040)
                              [N3:X] MOTOR_I 0 61 (61)
                              [N3:X] [undefined] 61 119 0 80 (1031209040)
2026-03-20 18:23:45:318 [IN ] C8 24 03 18 25 A5 03 01 31 03 CF 00 36 3D BF 25 A5 03 01 31 05 E6 3D 77 00 50 24 BF 50 C8 24 03 18 25 A5 03 01 31 03 CF 00 3A 41 C3 25 A5 03 01 31 05 E6 3D 77 00 50 24 BF 50 (58)
                              [N3:X] MOTOR_I 0 54 (54)
                              [N3:X] [undefined] 61 119 0 80 (1031209040)
                              [N3:X] MOTOR_I 0 58 (58)
                              [N3:X] [undefined] 61 119 0 80 (1031209040)
2026-03-20 18:23:45:521 [IN ] C8 24 03 18 25 A5 03 01 31 03 CF 00 46 4D CF 25 A5 03 01 31 05 E6 3D 77 00 50 24 BF 50 C8 24 03 18 25 A5 03 01 31 03 CF 00 34 3B BD 25 A5 03 01 31 05 E6 3D 77 00 50 24 BF 50 (58)
                              [N3:X] MOTOR_I 0 70 (70)
                              [N3:X] [undefined] 61 119 0 80 (1031209040)
                              [N3:X] MOTOR_I 0 52 (52)
                              [N3:X] [undefined] 61 119 0 80 (1031209040)
2026-03-20 18:23:45:723 [IN ] C8 24 03 18 25 A5 03 01 31 03 CF 00 43 4A CC 25 A5 03 01 31 05 E6 3D 77 00 50 24 BF 50 C8 24 03 18 25 A5 03 01 31 03 CF 00 41 48 CA 25 A5 03 01 31 05 E6 3D 77 00 50 24 BF 50 (58)
                              [N3:X] MOTOR_I 0 67 (67)
                              [N3:X] [undefined] 61 119 0 80 (1031209040)
                              [N3:X] MOTOR_I 0 65 (65)
                              [N3:X] [undefined] 61 119 0 80 (1031209040)
2026-03-20 18:23:45:924 [IN ] C8 24 03 18 25 A5 03 01 31 03 CF 00 39 40 C2 25 A5 03 01 31 05 E6 3D 77 00 50 24 BF 50 C8 24 03 18 25 A5 03 01 31 03 CF 00 4C 53 D5 25 A5 03 01 31 05 E6 3D 77 00 50 24 BF 50 (58)
                              [N3:X] MOTOR_I 0 57 (57)
                              [N3:X] [undefined] 61 119 0 80 (1031209040)
                              [N3:X] MOTOR_I 0 76 (76)
                              [N3:X] [undefined] 61 119 0 80 (1031209040)
2026-03-20 18:23:46:126 [IN ] C8 24 03 18 25 A5 03 01 31 03 CF 00 35 3C BE 25 A5 03 01 31 05 E6 3D 77 00 50 24 BF 50 C8 24 03 18 25 A5 03 01 31 03 CF 00 2C 33 B5 25 A5 03 01 31 05 E6 3D 77 00 50 24 BF 50 (58)
                              [N3:X] MOTOR_I 0 53 (53)
                              [N3:X] [undefined] 61 119 0 80 (1031209040)
                              [N3:X] MOTOR_I 0 44 (44)
                              [N3:X] [undefined] 61 119 0 80 (1031209040)
2026-03-20 18:23:46:327 [IN ] C8 24 03 0E 25 A5 03 01 31 03 CF 00 25 2C AE 25 A5 03 01 C8 24 03 0A 01 31 05 E6 3D 77 00 50 24 BF AE C8 24 03 15 25 A5 03 01 31 03 CF 00 40 47 C9 25 A5 03 01 31 05 E6 3D 77 00 50 (60)
                              [N3:X] MOTOR_I 0 37 (37)
                              [N3:X] [undefined] 61 119 0 80 (1031209040)
                              [N3:X] MOTOR_I 0 64 (64)
2026-03-20 18:23:46:529 [IN ] C8 24 03 1B 50 24 BF 25 A5 03 01 31 03 CF 00 49 50 D2 25 A5 03 01 31 05 E6 3D 77 00 50 24 BF 03 C8 24 03 18 25 A5 03 01 31 03 CF 00 31 38 BA 25 A5 03 01 31 05 E6 3D 77 00 50 24 BF 50 (61)
                              [N3:X] [undefined] 61 119 0 80 (1031209040)
                              [N3:X] MOTOR_I 0 73 (73)
                              [N3:X] [undefined] 61 119 0 80 (1031209040)
                              [N3:X] MOTOR_I 0 49 (49)
                              [N3:X] [undefined] 61 119 0 80 (1031209040)
2026-03-20 18:23:46:731 [IN ] C8 24 03 18 25 A5 03 01 31 03 CF 00 2B 32 B4 25 A5 03 01 31 05 E6 3D 77 00 50 24 BF 50 C8 24 03 18 25 A5 03 01 31 03 CF 00 43 4A CC 25 A5 03 01 31 05 E6 3D 77 00 50 24 BF 50 (58)
                              [N3:X] MOTOR_I 0 43 (43)
                              [N3:X] [undefined] 61 119 0 80 (1031209040)
                              [N3:X] MOTOR_I 0 67 (67)
                              [N3:X] [undefined] 61 119 0 80 (1031209040)
2026-03-20 18:23:46:935 [IN ] C8 24 03 18 25 A5 03 01 31 03 CF 00 3B 42 C4 25 A5 03 01 31 05 E6 3D 77 00 50 24 BF 50 C8 24 03 18 25 A5 03 01 31 03 CF 00 3C 43 C5 25 A5 03 01 31 05 E6 3D 77 00 50 24 BF 50 (58)
                              [N3:X] MOTOR_I 0 59 (59)
                              [N3:X] [undefined] 61 119 0 80 (1031209040)
                              [N3:X] MOTOR_I 0 60 (60)
                              [N3:X] [undefined] 61 119 0 80 (1031209040)
2026-03-20 18:23:47:137 [IN ] C8 24 03 18 25 A5 03 01 31 03 CF 00 42 49 CB 25 A5 03 01 31 05 E6 3D 77 00 50 24 BF 50 C8 24 03 18 25 A5 03 01 31 03 CF 00 2E 35 B7 25 A5 03 01 31 05 E6 3D 77 00 50 24 BF 50 (58)
                              [N3:X] MOTOR_I 0 66 (66)
                              [N3:X] [undefined] 61 119 0 80 (1031209040)
                              [N3:X] MOTOR_I 0 46 (46)
                              [N3:X] [undefined] 61 119 0 80 (1031209040)
2026-03-20 18:23:47:338 [IN ] C8 24 03 18 25 A5 03 01 31 03 CF 00 2C 33 B5 25 A5 03 01 31 05 E6 3D 77 00 50 24 BF 50 C8 24 03 18 25 A5 03 01 31 03 CF 00 2D 34 B6 25 A5 03 01 31 05 E6 3D 77 00 50 24 BF 50 (58)
                              [N3:X] MOTOR_I 0 44 (44)
                              [N3:X] [undefined] 61 119 0 80 (1031209040)
                              [N3:X] MOTOR_I 0 45 (45)
                              [N3:X] [undefined] 61 119 0 80 (1031209040)
2026-03-20 18:23:47:539 [IN ] C8 24 03 18 25 A5 03 01 31 03 CF 00 31 38 BA 25 A5 03 01 31 05 E6 3D 77 00 50 24 BF 50 C8 24 03 0E 25 A5 03 01 31 03 CF 00 3C 43 C5 25 A5 03 01 C8 24 03 0A 01 31 05 E6 3D 77 00 50 24 BF C5 (63)
                              [N3:X] MOTOR_I 0 49 (49)
                              [N3:X] [undefined] 61 119 0 80 (1031209040)
                              [N3:X] MOTOR_I 0 60 (60)
                              [N3:X] [undefined] 61 119 0 80 (1031209040)
2026-03-20 18:23:47:741 [IN ] C8 24 03 18 25 A5 03 01 31 03 CF 00 3A 41 C3 25 A5 03 01 31 05 E6 3D 77 00 50 24 BF 50 C8 24 03 18 25 A5 03 01 31 03 CF 00 43 4A CC 25 A5 03 01 31 05 E6 3D 77 00 50 24 BF 50 (58)
                              [N3:X] MOTOR_I 0 58 (58)
                              [N3:X] [undefined] 61 119 0 80 (1031209040)
                              [N3:X] MOTOR_I 0 67 (67)
                              [N3:X] [undefined] 61 119 0 80 (1031209040)
2026-03-20 18:23:47:942 [IN ] C8 24 03 18 25 A5 03 01 31 03 CF 00 2A 31 B3 25 A5 03 01 31 05 E6 3D 77 00 50 24 BF 50 C8 24 03 18 25 A5 03 01 31 03 CF 00 31 38 BA 25 A5 03 01 31 05 E6 3D 77 00 50 24 BF 50 (58)
                              [N3:X] MOTOR_I 0 42 (42)
                              [N3:X] [undefined] 61 119 0 80 (1031209040)
                              [N3:X] MOTOR_I 0 49 (49)
                              [N3:X] [undefined] 61 119 0 80 (1031209040)
2026-03-20 18:23:48:143 [IN ] C8 24 03 18 25 A5 03 01 31 03 CF 00 2F 36 B8 25 A5 03 01 31 05 E6 3D 77 00 50 24 BF 50 C8 24 03 18 25 A5 03 01 31 03 CF 00 28 2F B1 25 A5 03 01 31 05 E6 3D 77 00 50 24 BF 50 (58)
                              [N3:X] MOTOR_I 0 47 (47)
                              [N3:X] [undefined] 61 119 0 80 (1031209040)
                              [N3:X] MOTOR_I 0 40 (40)
                              [N3:X] [undefined] 61 119 0 80 (1031209040)
2026-03-20 18:23:48:346 [IN ] C8 24 03 18 25 A5 03 01 31 03 CF 00 46 4D CF 25 A5 03 01 31 05 E6 3D 77 00 50 24 BF 50 C8 24 03 18 25 A5 03 01 31 03 CF 00 40 47 C9 25 A5 03 01 31 05 E6 3D 77 00 50 24 BF 50 (58)
                              [N3:X] MOTOR_I 0 70 (70)
                              [N3:X] [undefined] 61 119 0 80 (1031209040)
                              [N3:X] MOTOR_I 0 64 (64)
                              [N3:X] [undefined] 61 119 0 80 (1031209040)
2026-03-20 18:23:48:549 [IN ] C8 24 03 18 25 A5 03 01 31 03 CF 00 37 3E C0 25 A5 03 01 31 05 E6 3D 77 00 50 24 BF 50 C8 24 03 18 25 A5 03 01 31 03 CF 00 2E 35 B7 25 A5 03 01 31 05 E6 3D 77 00 50 24 BF 50 (58)
                              [N3:X] MOTOR_I 0 55 (55)
                              [N3:X] [undefined] 61 119 0 80 (1031209040)
                              [N3:X] MOTOR_I 0 46 (46)
                              [N3:X] [undefined] 61 119 0 80 (1031209040)
2026-03-20 18:23:48:750 [IN ] C8 24 03 18 25 A5 03 01 31 03 CF 00 32 39 BB 25 A5 03 01 31 05 E6 3D 77 00 50 24 BF 50 C8 24 03 0E 25 A5 03 01 31 03 CF 00 39 40 C2 25 A5 03 01 C8 24 03 0A 01 31 05 E6 3D 77 00 50 24 BF C2 (63)
                              [N3:X] MOTOR_I 0 50 (50)
                              [N3:X] [undefined] 61 119 0 80 (1031209040)
                              [N3:X] MOTOR_I 0 57 (57)
                              [N3:X] [undefined] 61 119 0 80 (1031209040)
2026-03-20 18:23:48:952 [IN ] C8 24 03 15 25 A5 03 01 31 03 CF 00 38 3F C1 25 A5 03 01 31 05 E6 3D 77 00 50 C8 24 03 1B 50 24 BF 25 A5 03 01 31 03 CF 00 31 38 BA 25 A5 03 01 31 05 E6 3D 77 00 50 24 BF 03 (58)
                              [N3:X] MOTOR_I 0 56 (56)
                              [N3:X] [undefined] 61 119 0 80 (1031209040)
                              [N3:X] MOTOR_I 0 49 (49)
                              [N3:X] [undefined] 61 119 0 80 (1031209040)
2026-03-20 18:23:49:154 [IN ] C8 24 03 18 25 A5 03 01 31 03 CF 00 2F 36 B8 25 A5 03 01 31 05 E6 3D 77 00 50 24 BF 50 C8 24 03 18 25 A5 03 01 31 03 CF 00 2A 31 B3 25 A5 03 01 31 05 E6 3D 77 00 50 24 BF 50 (58)
                              [N3:X] MOTOR_I 0 47 (47)
                              [N3:X] [undefined] 61 119 0 80 (1031209040)
                              [N3:X] MOTOR_I 0 42 (42)
                              [N3:X] [undefined] 61 119 0 80 (1031209040)
2026-03-20 18:23:49:356 [IN ] C8 24 03 18 25 A5 03 01 31 03 CF 00 4D 54 D6 25 A5 03 01 31 05 E6 3D 77 00 50 24 BF 50 C8 24 03 18 25 A5 03 01 31 03 CF 00 36 3D BF 25 A5 03 01 31 05 E6 3D 77 00 50 24 BF 50 (58)
                              [N3:X] MOTOR_I 0 77 (77)
                              [N3:X] [undefined] 61 119 0 80 (1031209040)
                              [N3:X] MOTOR_I 0 54 (54)
                              [N3:X] [undefined] 61 119 0 80 (1031209040)
2026-03-20 18:23:49:559 [IN ] C8 24 04 0B 25 A5 04 01 31 03 81 5A 4C 60 A6 25 C8 24 04 0A 25 A5 04 01 31 02 81 49 02 32 A6 C8 24 03 18 25 A5 03 01 31 03 CF 00 2C 33 B5 25 A5 03 01 31 05 E6 3D 77 00 50 24 BF 50 C8 24 03 18 
25 A5 03 01 31 03 CF 00 2C 33 B5 25 A5 03 01 31 05 E6 3D 77 00 50 24 BF 50 (89)
                              [N4:Y] TPOS 'Z' 76 (76)
                              [N4:Y] TPOS 'I'
                              [N3:X] MOTOR_I 0 44 (44)
                              [N3:X] [undefined] 61 119 0 80 (1031209040)
                              [N3:X] MOTOR_I 0 44 (44)
                              [N3:X] [undefined] 61 119 0 80 (1031209040)
2026-03-20 18:23:49:782 [OUT] 25 A5 01 09 31 02 D8 3F 54 EC (10)
                              [N9:P] INTERRUPT '?'
2026-03-20 18:23:49:783 [IN ] C8 24 03 18 25 A5 03 01 31 03 CF 00 2F 36 B8 25 A5 03 01 31 05 E6 3D 77 00 50 24 BF 50 C8 24 03 18 25 A5 03 01 31 03 CF 00 23 2A AC 25 A5 03 01 31 05 E6 3D 77 00 50 24 BF 50 (58)
                              [N3:X] MOTOR_I 0 47 (47)
                              [N3:X] [undefined] 61 119 0 80 (1031209040)
                              [N3:X] MOTOR_I 0 35 (35)
                              [N3:X] [undefined] 61 119 0 80 (1031209040)
2026-03-20 18:23:50:083 [IN ] C8 24 03 18 25 A5 03 01 31 03 CF 00 24 2B AD 25 A5 03 01 31 05 E6 3D 77 00 50 24 BF 50 C8 24 03 18 25 A5 03 01 31 03 CF 00 49 50 D2 25 A5 03 01 31 05 E6 3D 77 00 50 24 BF 50 C8 24 09 0C 25 A5 
09 01 31 04 D8 3A 01 01 53 9A A5 C8 24 03 0E 25 A5 03 01 31 03 CF 00 26 2D AF 25 A5 03 01 C8 24 03 0A 01 31 05 E6 3D 77 00 50 24 BF AF (109)
                              [N3:X] MOTOR_I 0 36 (36)
                              [N3:X] [undefined] 61 119 0 80 (1031209040)
                              [N3:X] MOTOR_I 0 73 (73)
                              [N3:X] [undefined] 61 119 0 80 (1031209040)
                              [N9:P] INTERRUPT ':' 1 1 (257)
                              [N3:X] MOTOR_I 0 38 (38)
                              [N3:X] [undefined] 61 119 0 80 (1031209040)
2026-03-20 18:23:50:104 [OUT] 25 A5 01 04 31 03 C9 3D 09 48 FE (11)
                              [N4:Y] LFLAG '=' 9 (9)
2026-03-20 18:23:50:127 [OUT] 25 A5 01 07 31 02 D8 3F 52 E2 (10)
                              [N7:N] INTERRUPT '?'
2026-03-20 18:23:50:128 [IN ] C8 24 03 18 25 A5 03 01 31 03 CF 00 27 2E B0 25 A5 03 01 31 05 E6 3D 77 00 50 24 BF 50 (29)
                              [N3:X] MOTOR_I 0 39 (39)
                              [N3:X] [undefined] 61 119 0 80 (1031209040)
2026-03-20 18:23:50:428 [IN ] C8 24 03 18 25 A5 03 01 31 03 CF 00 2D 34 B6 25 A5 03 01 31 05 E6 3D 77 00 50 24 BF 50 C8 24 04 0B 25 A5 04 01 31 03 C9 3A 09 45 FB 25 C8 24 03 18 25 A5 03 01 31 03 CF 00 24 2B AD 25 A5 03 01 
31 05 E6 3D 77 00 50 24 BF 50 C8 24 07 0C 25 A5 07 01 31 04 D8 3A 01 01 51 8A A5 C8 24 03 18 25 A5 03 01 31 03 CF 00 1F 26 A8 25 A5 03 01 31 05 E6 3D 77 00 50 24 BF 50 (120)
                              [N3:X] MOTOR_I 0 45 (45)
                              [N3:X] [undefined] 61 119 0 80 (1031209040)
                              [N4:Y] LFLAG ':' 9 (9)
                              [N3:X] MOTOR_I 0 36 (36)
                              [N3:X] [undefined] 61 119 0 80 (1031209040)
                              [N7:N] INTERRUPT ':' 1 1 (257)
                              [N3:X] MOTOR_I 0 31 (31)
                              [N3:X] [undefined] 61 119 0 80 (1031209040)
2026-03-20 18:23:50:450 [OUT] 25 A5 01 09 31 03 C9 3D 0B 4F 1E (11)
                              [N9:P] LFLAG '=' 11 (11)
2026-03-20 18:23:50:472 [OUT] 25 A5 01 07 31 03 C9 3D 0B 4D 12 (11)
                              [N7:N] LFLAG '=' 11 (11)
2026-03-20 18:23:50:535 [IN ] C8 24 03 18 25 A5 03 01 31 03 CF 00 3A 41 C3 25 A5 03 01 31 05 E6 3D 77 00 50 24 BF 50 (29)
                              [N3:X] MOTOR_I 0 58 (58)
                              [N3:X] [undefined] 61 119 0 80 (1031209040)
2026-03-20 18:23:50:620 [IN ] C8 24 09 0B 25 A5 09 01 31 03 C9 3A 0B 4C 20 25 C8 24 03 18 25 A5 03 01 31 03 CF 00 31 38 BA 25 A5 03 01 31 05 E6 3D 77 00 50 24 BF 50 (45)
                              [N9:P] LFLAG ':' 11 (11)
                              [N3:X] MOTOR_I 0 49 (49)
                              [N3:X] [undefined] 61 119 0 80 (1031209040)
2026-03-20 18:23:50:642 [OUT] 25 A5 01 09 31 03 88 00 50 16 26 (11)
                              [N9:P] RUN 0 80 (80)
2026-03-20 18:23:50:726 [IN ] C8 24 03 18 25 A5 03 01 31 03 CF 00 25 2C AE 25 A5 03 01 31 05 E6 3D 77 00 50 24 BF 50 (29)
                              [N3:X] MOTOR_I 0 37 (37)
                              [N3:X] [undefined] 61 119 0 80 (1031209040)
2026-03-20 18:23:50:748 [IN ] C8 24 07 0B 25 A5 07 01 31 03 C9 3A 0B 4A 12 25 (16)
                              [N7:N] LFLAG ':' 11 (11)
2026-03-20 18:23:50:772 [OUT] 25 A5 01 07 31 03 88 00 50 14 1A (11)
                              [N7:N] RUN 0 80 (80)
2026-03-20 18:23:50:834 [IN ] C8 24 03 18 25 A5 03 01 31 03 CF 00 1C 23 A5 25 A5 03 01 31 05 E6 3D 77 00 50 24 BF 50 C8 24 09 0C 25 A5 09 01 31 04 88 53 00 50 6A F2 A5 (46)
                              [N3:X] MOTOR_I 0 28 (28)
                              [N3:X] [undefined] 61 119 0 80 (1031209040)
                              [N9:P] RUN 'S' 0 80 (80)
2026-03-20 18:23:50:878 [IN ] C8 24 03 0B 25 A5 03 01 31 03 81 5A 4C 5F 9F F2 C8 24 09 0B 25 A5 09 01 31 03 81 5A 4C 65 C9 F2 (32)
                              [N3:X] TPOS 'Z' 76 (76)
                              [N9:P] TPOS 'Z' 76 (76)
2026-03-20 18:23:50:921 [IN ] C8 24 03 0A 25 A5 03 01 31 02 81 49 01 2C C9 C8 24 09 0A 25 A5 09 01 31 02 81 49 07 50 C9 (30)
                              [N3:X] TPOS 'I'
                              [N9:P] TPOS 'I'
2026-03-20 18:23:50:945 [IN ] C8 24 03 18 25 A5 03 01 31 03 CF 00 00 07 89 25 A5 03 01 31 05 E6 3D 77 00 00 D4 6F 50 C8 24 07 0C 25 A5 07 01 31 04 88 53 00 50 68 E2 A5 (46)
                              [N3:X] MOTOR_I 0 0 (0)
                              [N3:X] [undefined] 61 119 0 0 (1031208960)
                              [N7:N] RUN 'S' 0 80 (80)
2026-03-20 18:23:50:966 [OUT] 25 A5 01 03 31 03 C9 3D 09 47 F8 (11)
                              [N3:X] LFLAG '=' 9 (9)
2026-03-20 18:23:50:988 [OUT] 25 A5 01 09 31 03 C9 3D 09 4D 1C (11)
                              [N9:P] LFLAG '=' 9 (9)
2026-03-20 18:23:51:010 [OUT] 25 A5 01 04 31 05 81 FF EE 88 01 32 FA (13)
                              [N4:Y] TPOS 255 238 136 1 (-1144831)
2026-03-20 18:23:51:032 [IN ] C8 24 03 18 25 A5 (6)
2026-03-20 18:23:51:053 [IN ] 03 01 31 03 CF 00 00 07 89 25 A5 03 01 31 05 E6 3D 77 00 00 D4 6F 50 (23)
                              [N3:X] MOTOR_I 0 0 (0)
                              [N3:X] [undefined] 61 119 0 0 (1031208960)
2026-03-20 18:23:51:136 [IN ] C8 24 03 23 25 A5 03 01 31 03 CF 00 00 07 89 25 A5 03 01 31 05 E6 3D 77 00 00 D4 6F 25 A5 03 01 31 03 C9 3A 09 44 F4 50 (40)
                              [N3:X] MOTOR_I 0 0 (0)
                              [N3:X] [undefined] 61 119 0 0 (1031208960)
                              [N3:X] LFLAG ':' 9 (9)
2026-03-20 18:23:51:219 [IN ] C8 24 03 0E 25 A5 03 01 31 03 CF 00 00 07 89 25 A5 03 01 (19)
                              [N3:X] MOTOR_I 0 0 (0)
2026-03-20 18:23:51:241 [IN ] C8 24 03 0A 01 31 05 E6 3D 77 00 00 D4 6F 89 (15)
                              [N3:X] [undefined] 61 119 0 0 (1031208960)
2026-03-20 18:23:51:262 [IN ] C8 24 09 0B 25 A5 09 01 31 03 C9 3A 09 4A 1E 25 (16)
                              [N9:P] LFLAG ':' 9 (9)
2026-03-20 18:23:51:323 [IN ] C8 24 03 15 25 A5 03 01 31 03 CF 00 00 07 89 25 A5 03 01 31 05 E6 3D 77 00 00 (26)
                              [N3:X] MOTOR_I 0 0 (0)
2026-03-20 18:23:51:388 [IN ] C8 24 04 0E 25 A5 04 01 31 06 81 53 00 00 00 00 10 88 01 (19)
                              [N4:Y] TPOS 'S' 0 0 0 0 (0)
2026-03-20 18:23:51:590 [IN ] C8 24 03 1B 00 D4 6F 25 A5 03 01 31 03 CF 00 00 07 89 25 A5 03 01 31 05 E6 3D 77 00 00 D4 6F 01 C8 24 03 18 25 A5 03 01 31 03 CF 00 00 07 89 25 A5 03 01 31 05 E6 3D 77 00 00 D4 6F 00 (61)
                              [N3:X] [undefined] 61 119 0 0 (1031208960)
                              [N3:X] MOTOR_I 0 0 (0)
                              [N3:X] [undefined] 61 119 0 0 (1031208960)
                              [N3:X] MOTOR_I 0 0 (0)
                              [N3:X] [undefined] 61 119 0 0 (1031208960)
2026-03-20 18:23:51:791 [IN ] C8 24 03 18 25 A5 03 01 31 03 CF 00 00 07 89 25 A5 03 01 31 05 E6 3D 77 00 00 D4 6F 00 C8 24 03 18 25 A5 03 01 31 03 CF 00 00 07 89 25 A5 03 01 31 05 E6 3D 77 00 00 D4 6F 00 (58)
                              [N3:X] MOTOR_I 0 0 (0)
                              [N3:X] [undefined] 61 119 0 0 (1031208960)
                              [N3:X] MOTOR_I 0 0 (0)
                              [N3:X] [undefined] 61 119 0 0 (1031208960)
2026-03-20 18:23:51:992 [IN ] C8 24 03 18 25 A5 03 01 31 03 CF 00 00 07 89 25 A5 03 01 31 05 E6 3D 77 00 00 D4 6F 00 C8 24 03 18 25 A5 03 01 31 03 CF 00 00 07 89 25 A5 03 01 31 05 E6 3D 77 00 00 D4 6F 00 (58)
                              [N3:X] MOTOR_I 0 0 (0)
                              [N3:X] [undefined] 61 119 0 0 (1031208960)
                              [N3:X] MOTOR_I 0 0 (0)
                              [N3:X] [undefined] 61 119 0 0 (1031208960)
2026-03-20 18:23:52:193 [IN ] C8 24 03 18 25 A5 03 01 31 03 CF 00 00 07 89 25 A5 03 01 31 05 E6 3D 77 00 00 D4 6F 00 C8 24 03 18 25 A5 03 01 31 03 CF 00 00 07 89 25 A5 03 01 31 05 E6 3D 77 00 00 D4 6F 00 (58)
                              [N3:X] MOTOR_I 0 0 (0)
                              [N3:X] [undefined] 61 119 0 0 (1031208960)
                              [N3:X] MOTOR_I 0 0 (0)
                              [N3:X] [undefined] 61 119 0 0 (1031208960)
2026-03-20 18:23:52:395 [IN ] C8 24 03 18 25 A5 03 01 31 03 CF 00 00 07 89 25 A5 03 01 31 05 E6 3D 77 00 00 D4 6F 00 C8 24 03 18 25 A5 03 01 31 03 CF 00 00 07 89 25 A5 03 01 31 05 E6 3D 77 00 00 D4 6F 00 (58)
                              [N3:X] MOTOR_I 0 0 (0)
                              [N3:X] [undefined] 61 119 0 0 (1031208960)
                              [N3:X] MOTOR_I 0 0 (0)
                              [N3:X] [undefined] 61 119 0 0 (1031208960)
2026-03-20 18:23:52:597 [IN ] C8 24 03 18 25 A5 03 01 31 03 CF 00 00 07 89 25 A5 03 01 31 05 E6 3D 77 00 00 D4 6F 00 C8 24 03 15 25 A5 03 01 31 03 CF 00 00 07 89 25 A5 03 01 31 05 E6 3D 77 00 00 (55)
                              [N3:X] MOTOR_I 0 0 (0)
                              [N3:X] [undefined] 61 119 0 0 (1031208960)
                              [N3:X] MOTOR_I 0 0 (0)
2026-03-20 18:23:52:798 [IN ] C8 24 03 1B 00 D4 6F 25 A5 03 01 31 03 CF 00 00 07 89 25 A5 03 01 31 05 E6 3D 77 00 00 D4 6F 01 C8 24 03 18 25 A5 03 01 31 03 CF 00 00 07 89 25 A5 03 01 31 05 E6 3D 77 00 00 D4 6F 00 (61)
                              [N3:X] [undefined] 61 119 0 0 (1031208960)
                              [N3:X] MOTOR_I 0 0 (0)
                              [N3:X] [undefined] 61 119 0 0 (1031208960)
                              [N3:X] MOTOR_I 0 0 (0)
                              [N3:X] [undefined] 61 119 0 0 (1031208960)
2026-03-20 18:23:53:000 [IN ] C8 24 03 18 25 A5 03 01 31 03 CF 00 00 07 89 25 A5 03 01 31 05 E6 3D 77 00 00 D4 6F 00 C8 24 03 18 25 A5 03 01 31 03 CF 00 00 07 89 25 A5 03 01 31 05 E6 3D 77 00 00 D4 6F 00 (58)
                              [N3:X] MOTOR_I 0 0 (0)
                              [N3:X] [undefined] 61 119 0 0 (1031208960)
                              [N3:X] MOTOR_I 0 0 (0)
                              [N3:X] [undefined] 61 119 0 0 (1031208960)
2026-03-20 18:23:53:202 [IN ] C8 24 03 18 25 A5 03 01 31 03 CF 00 00 07 89 25 A5 03 01 31 05 E6 3D 77 00 00 D4 6F 00 C8 24 03 18 25 A5 03 01 31 03 CF 00 00 07 89 25 A5 03 01 31 05 E6 3D 77 00 00 D4 6F 00 (58)
                              [N3:X] MOTOR_I 0 0 (0)
                              [N3:X] [undefined] 61 119 0 0 (1031208960)
                              [N3:X] MOTOR_I 0 0 (0)
                              [N3:X] [undefined] 61 119 0 0 (1031208960)
2026-03-20 18:23:53:403 [IN ] C8 24 03 18 25 A5 03 01 31 03 CF 00 00 07 89 25 A5 03 01 31 05 E6 3D 77 00 00 D4 6F 00 C8 24 03 18 25 A5 03 01 31 03 CF 00 00 07 89 25 A5 03 01 31 05 E6 3D 77 00 00 D4 6F 00 (58)
                              [N3:X] MOTOR_I 0 0 (0)
                              [N3:X] [undefined] 61 119 0 0 (1031208960)
                              [N3:X] MOTOR_I 0 0 (0)
                              [N3:X] [undefined] 61 119 0 0 (1031208960)
2026-03-20 18:23:53:605 [IN ] C8 24 03 18 25 A5 03 01 31 03 CF 00 00 07 89 25 A5 03 01 31 05 E6 3D 77 00 00 D4 6F 00 C8 24 03 18 25 A5 03 01 31 03 CF 00 00 07 89 25 A5 03 01 31 05 E6 3D 77 00 00 D4 6F 00 (58)
                              [N3:X] MOTOR_I 0 0 (0)
                              [N3:X] [undefined] 61 119 0 0 (1031208960)
                              [N3:X] MOTOR_I 0 0 (0)
                              [N3:X] [undefined] 61 119 0 0 (1031208960)
2026-03-20 18:23:53:806 [IN ] C8 24 03 18 25 A5 03 01 31 03 CF 00 00 07 89 25 A5 03 01 31 05 E6 3D 77 00 00 D4 6F 00 C8 24 03 0E 25 A5 03 01 31 03 CF 00 00 07 89 25 A5 03 01 C8 24 03 0A 01 31 05 E6 3D 77 00 00 D4 6F 89 (63)
                              [N3:X] MOTOR_I 0 0 (0)
                              [N3:X] [undefined] 61 119 0 0 (1031208960)
                              [N3:X] MOTOR_I 0 0 (0)
                              [N3:X] [undefined] 61 119 0 0 (1031208960)
2026-03-20 18:23:54:008 [IN ] C8 24 03 18 25 A5 03 01 31 03 CF 00 00 07 89 25 A5 03 01 31 05 E6 3D 77 00 00 D4 6F 00 C8 24 03 18 25 A5 03 01 31 03 CF 00 00 07 89 25 A5 03 01 31 05 E6 3D 77 00 00 D4 6F 00 (58)
                              [N3:X] MOTOR_I 0 0 (0)
                              [N3:X] [undefined] 61 119 0 0 (1031208960)
                              [N3:X] MOTOR_I 0 0 (0)
                              [N3:X] [undefined] 61 119 0 0 (1031208960)
2026-03-20 18:23:54:209 [IN ] C8 24 03 18 25 A5 03 01 31 03 CF 00 00 07 89 25 A5 03 01 31 05 E6 3D 77 00 00 D4 6F 00 C8 24 03 18 25 A5 03 01 31 03 CF 00 00 07 89 25 A5 03 01 31 05 E6 3D 77 00 00 D4 6F 00 (58)
                              [N3:X] MOTOR_I 0 0 (0)
                              [N3:X] [undefined] 61 119 0 0 (1031208960)
                              [N3:X] MOTOR_I 0 0 (0)
                              [N3:X] [undefined] 61 119 0 0 (1031208960)
2026-03-20 18:23:54:411 [IN ] C8 24 03 18 25 A5 03 01 31 03 CF 00 00 07 89 25 A5 03 01 31 05 E6 3D 77 00 00 D4 6F 00 C8 24 03 18 25 A5 03 01 31 03 CF 00 00 07 89 25 A5 03 01 31 05 E6 3D 77 00 00 D4 6F 00 (58)
                              [N3:X] MOTOR_I 0 0 (0)
                              [N3:X] [undefined] 61 119 0 0 (1031208960)
                              [N3:X] MOTOR_I 0 0 (0)
                              [N3:X] [undefined] 61 119 0 0 (1031208960)
2026-03-20 18:23:54:613 [IN ] C8 24 03 18 25 A5 03 01 31 03 CF 00 00 07 89 25 A5 03 01 31 05 E6 3D 77 00 00 D4 6F 00 C8 24 03 18 25 A5 03 01 31 03 CF 00 00 07 89 25 A5 03 01 31 05 E6 3D 77 00 00 D4 6F 00 (58)
                              [N3:X] MOTOR_I 0 0 (0)
                              [N3:X] [undefined] 61 119 0 0 (1031208960)
                              [N3:X] MOTOR_I 0 0 (0)
                              [N3:X] [undefined] 61 119 0 0 (1031208960)
2026-03-20 18:23:54:815 [IN ] C8 24 03 18 25 A5 03 01 31 03 CF 00 00 07 89 25 A5 03 01 31 05 E6 3D 77 00 00 D4 6F 00 C8 24 07 0B 25 A5 07 01 31 03 81 5A 4C 63 BB 25 C8 24 07 0A 25 A5 07 01 31 02 81 49 05 44 BB C8 24 03 18 
25 A5 03 01 31 03 CF 00 00 07 89 25 A5 03 01 31 05 E6 3D 77 00 00 D4 6F 00 (89)
                              [N3:X] MOTOR_I 0 0 (0)
                              [N3:X] [undefined] 61 119 0 0 (1031208960)
                              [N7:N] TPOS 'Z' 76 (76)
                              [N7:N] TPOS 'I'
                              [N3:X] MOTOR_I 0 0 (0)
                              [N3:X] [undefined] 61 119 0 0 (1031208960)
2026-03-20 18:23:55:018 [IN ] C8 24 03 18 25 A5 03 01 31 03 CF 00 00 07 89 25 A5 03 01 31 05 E6 3D 77 00 00 D4 6F 00 C8 24 03 18 25 A5 03 01 31 03 CF 00 00 07 89 25 A5 03 01 31 05 E6 3D 77 00 00 D4 6F 00 (58)
                              [N3:X] MOTOR_I 0 0 (0)
                              [N3:X] [undefined] 61 119 0 0 (1031208960)
                              [N3:X] MOTOR_I 0 0 (0)
                              [N3:X] [undefined] 61 119 0 0 (1031208960)
2026-03-20 18:23:55:040 [OUT] 25 A5 01 07 31 03 C9 3D 09 4B 10 (11)
                              [N7:N] LFLAG '=' 9 (9)
2026-03-20 18:23:55:062 [IN ] C8 24 03 15 25 A5 03 01 31 03 CF 00 00 07 89 25 A5 03 01 31 05 E6 3D 77 00 00 (26)
                              [N3:X] MOTOR_I 0 0 (0)
2026-03-20 18:23:55:143 [IN ] C8 24 03 1B 00 D4 6F 25 A5 03 01 31 03 CF 00 00 07 89 25 A5 03 01 31 05 E6 3D 77 00 00 D4 6F 01 (32)
                              [N3:X] [undefined] 61 119 0 0 (1031208960)
                              [N3:X] MOTOR_I 0 0 (0)
                              [N3:X] [undefined] 61 119 0 0 (1031208960)
2026-03-20 18:23:55:206 [IN ] C8 24 07 0B 25 A5 07 01 31 03 C9 3A 09 48 10 00 (16)
                              [N7:N] LFLAG ':' 9 (9)
2026-03-20 18:23:55:409 [IN ] C8 24 03 18 25 A5 03 01 31 03 CF 00 00 07 89 25 A5 03 01 31 05 E6 3D 77 00 00 D4 6F 00 C8 24 03 18 25 A5 03 01 31 03 CF 00 00 07 89 25 A5 03 01 31 05 E6 3D 77 00 00 D4 6F 00 (58)
                              [N3:X] MOTOR_I 0 0 (0)
                              [N3:X] [undefined] 61 119 0 0 (1031208960)
                              [N3:X] MOTOR_I 0 0 (0)
                              [N3:X] [undefined] 61 119 0 0 (1031208960)
2026-03-20 18:23:55:610 [IN ] C8 24 03 18 25 A5 03 01 31 03 CF 00 00 07 89 25 A5 03 01 31 05 E6 3D 77 00 00 D4 6F 00 C8 24 03 18 25 A5 03 01 31 03 CF 00 00 07 89 25 A5 03 01 31 05 E6 3D 77 00 00 D4 6F 00 (58)
                              [N3:X] MOTOR_I 0 0 (0)
                              [N3:X] [undefined] 61 119 0 0 (1031208960)
                              [N3:X] MOTOR_I 0 0 (0)
                              [N3:X] [undefined] 61 119 0 0 (1031208960)
2026-03-20 18:23:55:811 [IN ] C8 24 03 18 25 A5 03 01 31 03 CF 00 00 07 89 25 A5 03 01 31 05 E6 3D 77 00 00 D4 6F 00 C8 24 03 18 25 A5 03 01 31 03 CF 00 00 07 89 25 A5 03 01 31 05 E6 3D 77 00 00 D4 6F 00 (58)
                              [N3:X] MOTOR_I 0 0 (0)
                              [N3:X] [undefined] 61 119 0 0 (1031208960)
                              [N3:X] MOTOR_I 0 0 (0)
                              [N3:X] [undefined] 61 119 0 0 (1031208960)
2026-03-20 18:23:56:012 [IN ] C8 24 03 18 25 A5 03 01 31 03 CF 00 00 07 89 25 A5 03 01 31 05 E6 3D 77 00 00 D4 6F 00 C8 24 03 18 25 A5 03 01 31 03 CF 00 00 07 89 25 A5 03 01 31 05 E6 3D 77 00 00 D4 6F 00 (58)
                              [N3:X] MOTOR_I 0 0 (0)
                              [N3:X] [undefined] 61 119 0 0 (1031208960)
                              [N3:X] MOTOR_I 0 0 (0)
                              [N3:X] [undefined] 61 119 0 0 (1031208960)
2026-03-20 18:23:56:214 [IN ] C8 24 03 18 25 A5 03 01 31 03 CF 00 00 07 89 25 A5 03 01 31 05 E6 3D 77 00 00 D4 6F 00 C8 24 03 18 25 A5 03 01 31 03 CF 00 00 07 89 25 A5 03 01 31 05 E6 3D 77 00 00 D4 6F 00 (58)
                              [N3:X] MOTOR_I 0 0 (0)
                              [N3:X] [undefined] 61 119 0 0 (1031208960)
                              [N3:X] MOTOR_I 0 0 (0)
                              [N3:X] [undefined] 61 119 0 0 (1031208960)
2026-03-20 18:23:56:415 [IN ] C8 24 03 0E 25 A5 03 01 31 03 CF 00 00 07 89 25 A5 03 01 C8 24 03 0A 01 31 05 E6 3D 77 00 00 D4 6F 89 C8 24 03 18 25 A5 03 01 31 03 CF 00 00 07 89 25 A5 03 01 31 05 E6 3D 77 00 00 D4 6F 00 (63)
                              [N3:X] MOTOR_I 0 0 (0)
                              [N3:X] [undefined] 61 119 0 0 (1031208960)
                              [N3:X] MOTOR_I 0 0 (0)
                              [N3:X] [undefined] 61 119 0 0 (1031208960)
2026-03-20 18:23:56:618 [IN ] C8 24 03 18 25 A5 03 01 31 03 CF 00 00 07 89 25 A5 03 01 31 05 E6 3D 77 00 00 D4 6F 00 C8 24 03 18 25 A5 03 01 31 03 CF 00 00 07 89 25 A5 03 01 31 05 E6 3D 77 00 00 D4 6F 00 (58)
                              [N3:X] MOTOR_I 0 0 (0)
                              [N3:X] [undefined] 61 119 0 0 (1031208960)
                              [N3:X] MOTOR_I 0 0 (0)
                              [N3:X] [undefined] 61 119 0 0 (1031208960)
2026-03-20 18:23:56:821 [IN ] C8 24 03 18 25 A5 03 01 31 03 CF 00 00 07 89 25 A5 03 01 31 05 E6 3D 77 00 00 D4 6F 00 C8 24 03 18 25 A5 03 01 31 03 CF 00 00 07 89 25 A5 03 01 31 05 E6 3D 77 00 00 D4 6F 00 (58)
                              [N3:X] MOTOR_I 0 0 (0)
                              [N3:X] [undefined] 61 119 0 0 (1031208960)
                              [N3:X] MOTOR_I 0 0 (0)
                              [N3:X] [undefined] 61 119 0 0 (1031208960)
2026-03-20 18:23:57:023 [IN ] C8 24 03 18 25 A5 03 01 31 03 CF 00 00 07 89 25 A5 03 01 31 05 E6 3D 77 00 00 D4 6F 00 C8 24 03 18 25 A5 03 01 31 03 CF 00 00 07 89 25 A5 03 01 31 05 E6 3D 77 00 00 D4 6F 00 (58)
                              [N3:X] MOTOR_I 0 0 (0)
                              [N3:X] [undefined] 61 119 0 0 (1031208960)
                              [N3:X] MOTOR_I 0 0 (0)
                              [N3:X] [undefined] 61 119 0 0 (1031208960)
2026-03-20 18:23:57:225 [IN ] C8 24 03 18 25 A5 03 01 31 03 CF 00 00 07 89 25 A5 03 01 31 05 E6 3D 77 00 00 D4 6F 00 C8 24 03 18 25 A5 03 01 31 03 CF 00 00 07 89 25 A5 03 01 31 05 E6 3D 77 00 00 D4 6F 00 (58)
                              [N3:X] MOTOR_I 0 0 (0)
                              [N3:X] [undefined] 61 119 0 0 (1031208960)
                              [N3:X] MOTOR_I 0 0 (0)
                              [N3:X] [undefined] 61 119 0 0 (1031208960)
2026-03-20 18:23:57:427 [IN ] C8 24 03 18 25 A5 03 01 31 03 CF 00 00 07 89 25 A5 03 01 31 05 E6 3D 77 00 00 D4 6F 00 C8 24 03 18 25 A5 03 01 31 03 CF 00 00 07 89 25 A5 03 01 31 05 E6 3D 77 00 00 D4 6F 00 (58)
                              [N3:X] MOTOR_I 0 0 (0)
                              [N3:X] [undefined] 61 119 0 0 (1031208960)
                              [N3:X] MOTOR_I 0 0 (0)
                              [N3:X] [undefined] 61 119 0 0 (1031208960)
2026-03-20 18:23:57:628 [IN ] C8 24 03 0E 25 A5 03 01 31 03 CF 00 00 07 89 25 A5 03 01 C8 24 03 0A 01 31 05 E6 3D 77 00 00 D4 6F 89 C8 24 03 15 25 A5 03 01 31 03 CF 00 00 07 89 25 A5 03 01 31 05 E6 3D 77 00 00 (60)
                              [N3:X] MOTOR_I 0 0 (0)
                              [N3:X] [undefined] 61 119 0 0 (1031208960)
                              [N3:X] MOTOR_I 0 0 (0)
2026-03-20 18:23:57:829 [IN ] C8 24 03 1B 00 D4 6F 25 A5 03 01 31 03 CF 00 00 07 89 25 A5 03 01 31 05 E6 3D 77 00 00 D4 6F 01 C8 24 03 18 25 A5 03 01 31 03 CF 00 00 07 89 25 A5 03 01 31 05 E6 3D 77 00 00 D4 6F 00 (61)
                              [N3:X] [undefined] 61 119 0 0 (1031208960)
                              [N3:X] MOTOR_I 0 0 (0)
                              [N3:X] [undefined] 61 119 0 0 (1031208960)
                              [N3:X] MOTOR_I 0 0 (0)
                              [N3:X] [undefined] 61 119 0 0 (1031208960)
2026-03-20 18:23:58:032 [IN ] C8 24 03 18 25 A5 03 01 31 03 CF 00 00 07 89 25 A5 03 01 31 05 E6 3D 77 00 00 D4 6F 00 C8 24 03 18 25 A5 03 01 31 03 CF 00 00 07 89 25 A5 03 01 31 05 E6 3D 77 00 00 D4 6F 00 C8 24 0C 0B 25 A5 
0C 01 31 03 81 5A 4C 68 DE 25 (74)
                              [N3:X] MOTOR_I 0 0 (0)
                              [N3:X] [undefined] 61 119 0 0 (1031208960)
                              [N3:X] MOTOR_I 0 0 (0)
                              [N3:X] [undefined] 61 119 0 0 (1031208960)
                              [N12:Z] TPOS 'Z' 76 (76)
2026-03-20 18:23:58:234 [IN ] C8 24 0C 0A 25 A5 0C 01 31 02 81 49 0A 62 DE C8 24 03 18 25 A5 03 01 31 03 CF 00 00 07 89 25 A5 03 01 31 05 E6 3D 77 00 00 D4 6F 00 C8 24 04 0E 25 A5 04 01 31 06 81 45 FF EE 86 53 C8 67 01 C8 
24 03 18 25 A5 03 01 31 03 CF 00 00 07 89 25 A5 03 01 31 05 E6 3D 77 00 00 D4 6F 00 (92)
                              [N12:Z] TPOS 'I'
                              [N3:X] MOTOR_I 0 0 (0)
                              [N3:X] [undefined] 61 119 0 0 (1031208960)
                              [N4:Y] TPOS 'E' 255 238 134 83 (-1145261)
                              [N3:X] MOTOR_I 0 0 (0)
                              [N3:X] [undefined] 61 119 0 0 (1031208960)
2026-03-20 18:23:58:440 [IN ] C8 24 03 18 25 A5 03 01 31 03 CF 00 00 07 89 25 A5 03 01 31 05 E6 3D 77 00 00 D4 6F 00 C8 24 03 18 25 A5 03 01 31 03 CF 00 00 07 89 25 A5 03 01 31 05 E6 3D 77 00 00 D4 6F 00 (58)
                              [N3:X] MOTOR_I 0 0 (0)
                              [N3:X] [undefined] 61 119 0 0 (1031208960)
                              [N3:X] MOTOR_I 0 0 (0)
                              [N3:X] [undefined] 61 119 0 0 (1031208960)
2026-03-20 18:23:58:461 [OUT] 25 A5 01 0C 31 03 C9 3D 09 50 2E (11)
                              [N12:Z] LFLAG '=' 9 (9)
2026-03-20 18:23:58:483 [OUT] 25 A5 01 09 31 05 81 FF E7 5D 56 5A 0C (13)
                              [N9:P] TPOS 255 231 93 86 (-1614506)
2026-03-20 18:23:58:484 [IN ] C8 24 03 18 25 A5 03 01 31 03 CF 00 00 07 89 25 A5 03 01 31 05 E6 3D 77 00 00 D4 6F 00 (29)
                              [N3:X] MOTOR_I 0 0 (0)
                              [N3:X] [undefined] 61 119 0 0 (1031208960)
2026-03-20 18:23:58:505 [OUT] 25 A5 01 04 31 05 81 FF FD 50 01 09 B7 (13)
                              [N4:Y] TPOS 255 253 80 1 (-176127)
2026-03-20 18:23:58:529 [OUT] 25 A5 01 07 31 05 81 FF AB 19 75 F7 DF (13)
                              [N7:N] TPOS 255 171 25 117 (-5564043)
2026-03-20 18:23:58:553 [OUT] 25 A5 01 03 31 05 81 FF EC 4A AB 9B 1A (13)
                              [N3:X] TPOS 255 236 74 171 (-1291605)
2026-03-20 18:23:58:576 [OUT] 25 A5 01 06 31 02 D8 3F 51 DD (10)
                              [N6:H] INTERRUPT '?'
2026-03-20 18:23:58:877 [IN ] C8 24 03 18 25 A5 03 01 31 03 CF 00 00 07 89 25 A5 03 01 31 05 E6 3D 77 00 00 D4 6F 00 C8 24 0C 0B 25 A5 0C 01 31 03 C9 3A 09 4D 33 25 C8 24 03 18 25 A5 03 01 31 03 CF 00 00 07 89 25 A5 03 01 
31 05 E6 3D 77 00 00 D4 6F 00 C8 24 09 0E 25 A5 09 01 31 06 81 53 FF FF FF F6 08 A7 01 C8 24 03 0E 25 A5 03 01 31 03 CF 00 00 07 89 25 A5 03 01 C8 24 03 0A 01 31 05 E6 3D 77 00 00 D4 6F 89 (127)
                              [N3:X] MOTOR_I 0 0 (0)
                              [N3:X] [undefined] 61 119 0 0 (1031208960)
                              [N12:Z] LFLAG ':' 9 (9)
                              [N3:X] MOTOR_I 0 0 (0)
                              [N3:X] [undefined] 61 119 0 0 (1031208960)
                              [N9:P] TPOS 'S' 255 255 255 246 (-10)
                              [N3:X] MOTOR_I 0 0 (0)
                              [N3:X] [undefined] 61 119 0 0 (1031208960)
2026-03-20 18:23:59:180 [IN ] C8 24 03 18 25 A5 03 01 31 03 CF 00 00 07 89 25 A5 03 01 31 05 E6 3D 77 00 00 D4 6F 00 C8 24 04 0E 25 A5 04 01 31 06 81 53 FF EE 86 54 D7 AE 01 C8 24 03 18 25 A5 03 01 31 03 CF 00 00 07 89 25 
A5 03 01 31 05 E6 3D 77 00 00 D4 6F 00 C8 24 07 0E 25 A5 07 01 31 06 81 53 FF FF FF F9 09 96 01 C8 24 03 18 25 A5 03 01 31 03 CF 00 00 07 89 25 A5 03 01 31 05 E6 3D 77 00 00 D4 6F 00 C8 24 03 
0E 25 A5 03 01 31 06 81 53 00 00 00 00 0F 7E 01 (144)
                              [N3:X] MOTOR_I 0 0 (0)
                              [N3:X] [undefined] 61 119 0 0 (1031208960)
                              [N4:Y] TPOS 'S' 255 238 134 84 (-1145260)
                              [N3:X] MOTOR_I 0 0 (0)
                              [N3:X] [undefined] 61 119 0 0 (1031208960)
                              [N7:N] TPOS 'S' 255 255 255 249 (-7)
                              [N3:X] MOTOR_I 0 0 (0)
                              [N3:X] [undefined] 61 119 0 0 (1031208960)
                              [N3:X] TPOS 'S' 0 0 0 0 (0)
2026-03-20 18:23:59:481 [IN ] C8 24 03 18 25 A5 03 01 31 03 CF 00 13 1A 9C 25 A5 03 01 31 05 E6 3D 77 FF B0 83 1D 00 C8 24 06 0C 25 A5 06 01 31 04 D8 3A 01 01 50 82 A5 C8 24 03 18 25 A5 03 01 31 03 CF 00 12 19 9B 25 A5 03 
01 31 05 E6 3D 77 FF B0 83 1D 00 C8 24 03 18 25 A5 03 01 31 03 CF 00 10 17 99 25 A5 03 01 31 05 E6 3D 77 FF B0 83 1D 00 (104)
                              [N3:X] MOTOR_I 0 19 (19)
                              [N3:X] [undefined] 61 119 255 176 (1031274416)
                              [N6:H] INTERRUPT ':' 1 1 (257)
                              [N3:X] MOTOR_I 0 18 (18)
                              [N3:X] [undefined] 61 119 255 176 (1031274416)
                              [N3:X] MOTOR_I 0 16 (16)
                              [N3:X] [undefined] 61 119 255 176 (1031274416)
2026-03-20 18:23:59:502 [OUT] 25 A5 01 0C 31 05 81 FF BC D0 00 4F 33 (13)
                              [N12:Z] TPOS 255 188 208 0 (-4403200)
2026-03-20 18:23:59:504 [IN ] C8 24 03 18 25 A5 03 01 31 03 CF 00 06 0D 8F 25 A5 03 01 31 05 E6 3D 77 FF B0 83 1D 00 (29)
                              [N3:X] MOTOR_I 0 6 (6)
                              [N3:X] [undefined] 61 119 255 176 (1031274416)
2026-03-20 18:23:59:525 [OUT] 25 A5 01 06 31 03 C9 3D 0B 4C 0C (11)
                              [N6:H] LFLAG '=' 11 (11)
2026-03-20 18:23:59:588 [IN ] C8 24 03 18 25 A5 03 01 31 03 CF 00 03 0A 8C 25 A5 03 01 31 05 (21)
2026-03-20 18:23:59:610 [IN ] E6 3D 77 FF B0 83 1D 00 (8)
                              [N3:X] MOTOR_I 0 3 (3)
                              [N3:X] [undefined] 61 119 255 176 (1031274416)
2026-03-20 18:23:59:693 [IN ] C8 24 0C 0E 25 A5 0C 01 31 06 81 53 FF FF FF 78 8D 47 01 (19)
                              [N12:Z] TPOS 'S' 255 255 255 120 (-136)
2026-03-20 18:23:59:715 [IN ] C8 24 03 18 25 A5 03 01 31 03 CF 00 06 0D 8F 25 A5 03 01 31 05 E6 3D 77 FF B0 83 1D 00 (29)
                              [N3:X] MOTOR_I 0 6 (6)
                              [N3:X] [undefined] 61 119 255 176 (1031274416)
2026-03-20 18:23:59:799 [IN ] C8 24 03 18 25 A5 03 01 31 03 CF 00 07 0E 90 25 A5 03 01 31 05 E6 3D 77 FF B0 83 1D 00 C8 24 06 0B 25 A5 06 01 31 03 C9 3A 0B 49 0B 25 (45)
                              [N3:X] MOTOR_I 0 7 (7)
                              [N3:X] [undefined] 61 119 255 176 (1031274416)
                              [N6:H] LFLAG ':' 11 (11)
2026-03-20 18:23:59:820 [OUT] 25 A5 01 06 31 03 88 FF B0 72 72 (11)
                              [N6:H] RUN 255 176 (-80)
2026-03-20 18:23:59:923 [IN ] C8 24 03 18 25 A5 03 01 31 03 CF 00 0C 13 95 25 A5 03 01 31 05 E6 3D 77 FF B0 83 1D 00 (29)
                              [N3:X] MOTOR_I 0 12 (12)
                              [N3:X] [undefined] 61 119 255 176 (1031274416)
2026-03-20 18:23:59:987 [IN ] C8 24 06 0C 25 A5 06 01 31 04 88 53 FF B0 C6 38 A5 C8 24 03 0E 25 A5 03 01 31 03 CF 00 10 17 99 25 A5 03 01 (36)
                              [N6:H] RUN 'S' 255 176 (-80)
                              [N3:X] MOTOR_I 0 16 (16)
2026-03-20 18:24:00:189 [IN ] C8 24 03 0A 01 31 05 E6 3D 77 FF B0 83 1D 99 C8 24 03 15 25 A5 03 01 31 03 CF 00 0C 13 95 25 A5 03 01 31 05 E6 3D 77 FF B0 (41)
                              [N3:X] [undefined] 61 119 255 176 (1031274416)
                              [N3:X] MOTOR_I 0 12 (12)
2026-03-20 18:24:00:390 [IN ] C8 24 03 1B B0 83 1D 25 A5 03 01 31 03 CF 00 0A 11 93 25 A5 03 01 31 05 E6 3D 77 FF B0 83 1D 01 C8 24 03 18 25 A5 03 01 31 03 CF 00 09 10 92 25 A5 03 01 31 05 E6 3D 77 FF B0 83 1D B0 C8 24 03 
18 25 A5 03 (68)
                              [N3:X] [undefined] 61 119 255 176 (1031274416)
                              [N3:X] MOTOR_I 0 10 (10)
                              [N3:X] [undefined] 61 119 255 176 (1031274416)
                              [N3:X] MOTOR_I 0 9 (9)
                              [N3:X] [undefined] 61 119 255 176 (1031274416)
2026-03-20 18:24:00:592 [IN ] 01 31 03 CF 00 06 0D 8F 25 A5 03 01 31 05 E6 3D 77 FF B0 83 1D B0 C8 24 03 18 25 A5 03 01 31 03 CF 00 05 0C 8E 25 A5 03 01 31 05 E6 3D 77 FF B0 83 1D B0 (51)
                              [N3:X] MOTOR_I 0 6 (6)
                              [N3:X] [undefined] 61 119 255 176 (1031274416)
                              [N3:X] MOTOR_I 0 5 (5)
                              [N3:X] [undefined] 61 119 255 176 (1031274416)
2026-03-20 18:24:00:793 [IN ] C8 24 03 18 25 A5 03 01 31 03 CF 00 06 0D 8F 25 A5 03 01 31 05 E6 3D 77 FF B0 83 1D B0 C8 24 03 18 25 A5 03 01 31 03 CF 00 13 1A 9C 25 A5 03 01 31 05 E6 3D 77 FF B0 83 1D B0 (58)
                              [N3:X] MOTOR_I 0 6 (6)
                              [N3:X] [undefined] 61 119 255 176 (1031274416)
                              [N3:X] MOTOR_I 0 19 (19)
                              [N3:X] [undefined] 61 119 255 176 (1031274416)
2026-03-20 18:24:00:994 [IN ] C8 24 03 18 25 A5 03 01 31 03 CF 00 09 10 92 25 A5 03 01 31 05 E6 3D 77 FF B0 83 1D B0 C8 24 03 18 25 A5 03 01 31 03 CF 00 0A 11 93 25 A5 03 01 31 05 E6 3D 77 FF B0 83 1D B0 (58)
                              [N3:X] MOTOR_I 0 9 (9)
                              [N3:X] [undefined] 61 119 255 176 (1031274416)
                              [N3:X] MOTOR_I 0 10 (10)
                              [N3:X] [undefined] 61 119 255 176 (1031274416)
2026-03-20 18:24:01:195 [IN ] C8 24 03 18 25 A5 03 01 31 03 CF 00 14 1B 9D 25 A5 03 01 31 05 E6 3D 77 FF B0 83 1D B0 C8 24 03 18 25 A5 03 01 31 03 CF 00 0E 15 97 25 A5 03 01 31 05 E6 3D 77 FF B0 83 1D B0 (58)
                              [N3:X] MOTOR_I 0 20 (20)
                              [N3:X] [undefined] 61 119 255 176 (1031274416)
                              [N3:X] MOTOR_I 0 14 (14)
                              [N3:X] [undefined] 61 119 255 176 (1031274416)
2026-03-20 18:24:01:397 [IN ] C8 24 03 18 25 A5 03 01 31 03 CF 00 13 1A 9C 25 A5 03 01 31 05 E6 3D 77 FF B0 83 1D B0 C8 24 03 0E 25 A5 03 01 31 03 CF 00 0A 11 93 25 A5 03 01 C8 24 03 0A 01 31 05 E6 3D 77 FF B0 83 1D 93 C8 
24 03 18 25 A5 03 01 31 03 CF 00 0F 16 98 25 A5 03 01 31 05 E6 3D 77 FF B0 83 1D B0 (92)
                              [N3:X] MOTOR_I 0 19 (19)
                              [N3:X] [undefined] 61 119 255 176 (1031274416)
                              [N3:X] MOTOR_I 0 10 (10)
                              [N3:X] [undefined] 61 119 255 176 (1031274416)
                              [N3:X] MOTOR_I 0 15 (15)
                              [N3:X] [undefined] 61 119 255 176 (1031274416)
2026-03-20 18:24:01:599 [IN ] C8 24 03 18 25 A5 03 01 31 03 CF 00 13 1A 9C 25 A5 03 01 31 05 E6 3D 77 FF B0 83 1D B0 (29)
                              [N3:X] MOTOR_I 0 19 (19)
                              [N3:X] [undefined] 61 119 255 176 (1031274416)
2026-03-20 18:24:01:800 [IN ] C8 24 03 18 25 A5 03 01 31 03 CF 00 0C 13 95 25 A5 03 01 31 05 E6 3D 77 FF B0 83 1D B0 C8 24 03 18 25 A5 03 01 31 03 CF 00 06 0D 8F 25 A5 03 01 31 05 E6 3D 77 FF B0 83 1D B0 (58)
                              [N3:X] MOTOR_I 0 12 (12)
                              [N3:X] [undefined] 61 119 255 176 (1031274416)
                              [N3:X] MOTOR_I 0 6 (6)
                              [N3:X] [undefined] 61 119 255 176 (1031274416)
2026-03-20 18:24:02:002 [IN ] C8 24 03 18 25 A5 03 01 31 03 CF 00 0B 12 94 25 A5 03 01 31 05 E6 3D 77 FF B0 83 1D B0 C8 24 03 18 25 A5 03 01 31 03 CF 00 0D 14 96 25 A5 03 01 31 05 E6 3D 77 FF B0 83 1D B0 (58)
                              [N3:X] MOTOR_I 0 11 (11)
                              [N3:X] [undefined] 61 119 255 176 (1031274416)
                              [N3:X] MOTOR_I 0 13 (13)
                              [N3:X] [undefined] 61 119 255 176 (1031274416)
2026-03-20 18:24:02:203 [IN ] C8 24 03 18 25 A5 03 01 31 03 CF 00 08 0F 91 25 A5 03 01 31 05 E6 3D 77 FF B0 83 1D B0 C8 24 03 18 25 A5 03 01 31 03 CF 00 0B 12 94 25 A5 03 01 31 05 E6 3D 77 FF B0 83 1D B0 (58)
                              [N3:X] MOTOR_I 0 8 (8)
                              [N3:X] [undefined] 61 119 255 176 (1031274416)
                              [N3:X] MOTOR_I 0 11 (11)
                              [N3:X] [undefined] 61 119 255 176 (1031274416)
2026-03-20 18:24:02:405 [IN ] C8 24 03 18 25 A5 03 01 31 03 CF 00 0A 11 93 25 A5 03 01 31 05 E6 3D 77 FF B0 83 1D B0 C8 24 03 18 25 A5 03 01 31 03 CF 00 11 18 9A 25 A5 03 01 31 05 E6 3D 77 FF B0 83 1D B0 (58)
                              [N3:X] MOTOR_I 0 10 (10)
                              [N3:X] [undefined] 61 119 255 176 (1031274416)
                              [N3:X] MOTOR_I 0 17 (17)
                              [N3:X] [undefined] 61 119 255 176 (1031274416)
2026-03-20 18:24:02:607 [IN ] C8 24 03 18 25 A5 03 01 31 03 CF 00 09 10 92 25 A5 03 01 31 05 E6 3D 77 FF B0 83 1D B0 C8 24 03 0E 25 A5 03 01 31 03 CF 00 0E 15 97 25 A5 03 01 C8 24 03 0A 01 31 05 E6 3D 77 FF B0 83 1D 97 C8 
24 03 15 25 A5 03 01 31 03 CF 00 05 0C 8E 25 A5 03 01 31 05 E6 3D 77 FF B0 (89)
                              [N3:X] MOTOR_I 0 9 (9)
                              [N3:X] [undefined] 61 119 255 176 (1031274416)
                              [N3:X] MOTOR_I 0 14 (14)
                              [N3:X] [undefined] 61 119 255 176 (1031274416)
                              [N3:X] MOTOR_I 0 5 (5)
2026-03-20 18:24:02:808 [IN ] C8 24 03 1B B0 83 1D 25 A5 03 01 31 03 CF 00 08 0F 91 25 A5 03 01 31 05 E6 3D 77 FF B0 83 1D 01 (32)
                              [N3:X] [undefined] 61 119 255 176 (1031274416)
                              [N3:X] MOTOR_I 0 8 (8)
                              [N3:X] [undefined] 61 119 255 176 (1031274416)
2026-03-20 18:24:03:010 [IN ] C8 24 03 18 25 A5 03 01 31 03 CF 00 0F 16 98 25 A5 03 01 31 05 E6 3D 77 FF B0 83 1D B0 C8 24 03 18 25 A5 03 01 31 03 CF 00 0F 16 98 25 A5 03 01 31 05 E6 3D 77 FF B0 83 1D B0 (58)
                              [N3:X] MOTOR_I 0 15 (15)
                              [N3:X] [undefined] 61 119 255 176 (1031274416)
                              [N3:X] MOTOR_I 0 15 (15)
                              [N3:X] [undefined] 61 119 255 176 (1031274416)
2026-03-20 18:24:03:212 [IN ] C8 24 03 18 25 A5 03 01 31 03 CF 00 09 10 92 25 A5 03 01 31 05 E6 3D 77 FF B0 83 1D B0 C8 24 03 18 25 A5 03 01 31 03 CF 00 05 0C 8E 25 A5 03 01 31 05 E6 3D 77 FF B0 83 1D B0 (58)
                              [N3:X] MOTOR_I 0 9 (9)
                              [N3:X] [undefined] 61 119 255 176 (1031274416)
                              [N3:X] MOTOR_I 0 5 (5)
                              [N3:X] [undefined] 61 119 255 176 (1031274416)
2026-03-20 18:24:03:414 [IN ] C8 24 03 18 25 A5 03 01 31 03 CF 00 17 1E A0 25 A5 03 01 31 05 E6 3D 77 FF B0 83 1D B0 C8 24 03 18 25 A5 03 01 31 03 CF 00 0E 15 97 25 A5 03 01 31 05 E6 3D 77 FF B0 83 1D B0 (58)
                              [N3:X] MOTOR_I 0 23 (23)
                              [N3:X] [undefined] 61 119 255 176 (1031274416)
                              [N3:X] MOTOR_I 0 14 (14)
                              [N3:X] [undefined] 61 119 255 176 (1031274416)
2026-03-20 18:24:03:618 [IN ] C8 24 03 18 25 A5 03 01 31 03 CF 00 0F 16 98 25 A5 03 01 31 05 E6 3D 77 FF B0 83 1D B0 C8 24 03 18 25 A5 03 01 31 03 CF 00 16 1D 9F 25 A5 03 01 31 05 E6 3D 77 FF B0 83 1D B0 (58)
                              [N3:X] MOTOR_I 0 15 (15)
                              [N3:X] [undefined] 61 119 255 176 (1031274416)
                              [N3:X] MOTOR_I 0 22 (22)
                              [N3:X] [undefined] 61 119 255 176 (1031274416)
2026-03-20 18:24:03:819 [IN ] C8 24 03 18 25 A5 03 01 31 03 CF 00 16 1D 9F 25 A5 03 01 31 05 E6 3D 77 FF B0 83 1D B0 C8 24 03 18 25 A5 03 01 31 03 CF 00 0A 11 93 25 A5 03 01 31 05 E6 3D 77 FF B0 83 1D B0 (58)
                              [N3:X] MOTOR_I 0 22 (22)
                              [N3:X] [undefined] 61 119 255 176 (1031274416)
                              [N3:X] MOTOR_I 0 10 (10)
                              [N3:X] [undefined] 61 119 255 176 (1031274416)
2026-03-20 18:24:04:022 [IN ] C8 24 03 0E 25 A5 03 01 31 03 CF 00 17 1E A0 25 A5 03 01 C8 24 03 0A 01 31 05 E6 3D 77 FF B0 83 1D A0 C8 24 06 0B 25 A5 06 01 31 03 81 5A 4C 62 B4 25 C8 24 03 18 25 A5 03 01 31 03 CF 00 15 1C 
9E 25 A5 03 01 31 05 E6 3D 77 FF B0 83 1D B0 C8 24 06 0A 25 A5 06 01 31 02 81 49 04 3E 9E C8 24 03 18 25 A5 03 01 31 03 CF 00 18 1F A1 25 A5 03 01 31 05 (115)
                              [N3:X] MOTOR_I 0 23 (23)
                              [N3:X] [undefined] 61 119 255 176 (1031274416)
                              [N6:H] TPOS 'Z' 76 (76)
                              [N3:X] MOTOR_I 0 21 (21)
                              [N3:X] [undefined] 61 119 255 176 (1031274416)
                              [N6:H] TPOS 'I'
2026-03-20 18:24:04:226 [IN ] E6 3D 77 FF B0 83 1D B0 C8 24 03 18 25 A5 03 01 31 03 CF 00 14 1B 9D 25 A5 03 01 31 05 E6 3D 77 FF B0 83 1D B0 C8 24 03 18 25 A5 03 01 31 03 CF 00 0F 16 98 25 A5 03 01 31 05 E6 3D 77 FF B0 83 
1D B0 (66)
                              [N3:X] MOTOR_I 0 24 (24)
                              [N3:X] [undefined] 61 119 255 176 (1031274416)
                              [N3:X] MOTOR_I 0 20 (20)
                              [N3:X] [undefined] 61 119 255 176 (1031274416)
                              [N3:X] MOTOR_I 0 15 (15)
                              [N3:X] [undefined] 61 119 255 176 (1031274416)
2026-03-20 18:24:04:249 [OUT] 25 A5 01 06 31 03 C9 3D 09 4A 0A (11)
                              [N6:H] LFLAG '=' 9 (9)
2026-03-20 18:24:04:333 [IN ] C8 24 03 18 25 A5 03 01 31 03 CF 00 1B 22 A4 25 A5 03 01 31 05 E6 3D 77 FF B0 83 1D B0 (29)
                              [N3:X] MOTOR_I 0 27 (27)
                              [N3:X] [undefined] 61 119 255 176 (1031274416)
2026-03-20 18:24:04:417 [IN ] C8 24 06 0B 25 A5 06 01 31 03 C9 3A 09 47 09 25 (16)
                              [N6:H] LFLAG ':' 9 (9)
2026-03-20 18:24:04:438 [OUT] 25 A5 01 06 31 03 84 00 50 0F 08 (11)
                              [N6:H] VEL 0 80 (80)
2026-03-20 18:24:04:439 [IN ] C8 24 03 18 25 A5 03 01 31 03 CF 00 12 19 9B 25 A5 03 01 31 05 E6 3D 77 FF B0 83 1D B0 (29)
                              [N3:X] MOTOR_I 0 18 (18)
                              [N3:X] [undefined] 61 119 255 176 (1031274416)
2026-03-20 18:24:04:543 [IN ] C8 24 03 18 25 A5 03 01 31 03 CF 00 08 0F 91 25 A5 03 01 31 05 E6 3D 77 FF B0 83 1D B0 (29)
                              [N3:X] MOTOR_I 0 8 (8)
                              [N3:X] [undefined] 61 119 255 176 (1031274416)
2026-03-20 18:24:04:606 [IN ] C8 24 06 0C 25 A5 06 01 31 04 84 53 00 50 63 CA A5 (17)
                              [N6:H] VEL 'S' 0 80 (80)
2026-03-20 18:24:04:628 [OUT] 25 A5 01 06 31 05 81 00 19 82 3C 95 BE (13)
                              [N6:H] TPOS 0 25 130 60 (1671740)
2026-03-20 18:24:04:651 [IN ] C8 24 03 18 25 A5 03 01 31 03 CF 00 14 1B 9D 25 A5 03 01 31 05 E6 3D 77 FF B0 83 1D B0 (29)
                              [N3:X] MOTOR_I 0 20 (20)
                              [N3:X] [undefined] 61 119 255 176 (1031274416)
2026-03-20 18:24:04:733 [IN ] C8 24 03 18 25 A5 03 01 31 03 CF 00 18 1F A1 25 A5 03 01 31 05 E6 3D 77 FF B0 83 1D B0 (29)
                              [N3:X] MOTOR_I 0 24 (24)
                              [N3:X] [undefined] 61 119 255 176 (1031274416)
2026-03-20 18:24:04:817 [IN ] C8 24 06 0E 25 A5 06 01 31 06 81 53 00 00 00 00 12 9C 01 (19)
                              [N6:H] TPOS 'S' 0 0 0 0 (0)
2026-03-20 18:24:05:018 [IN ] C8 24 03 18 25 A5 03 01 31 03 CF 00 0D 14 96 25 A5 03 01 31 05 E6 3D 77 FF B0 83 1D B0 C8 24 03 18 25 A5 03 01 31 03 CF 00 17 1E A0 25 A5 03 01 31 05 E6 3D 77 FF B0 83 1D B0 (58)
                              [N3:X] MOTOR_I 0 13 (13)
                              [N3:X] [undefined] 61 119 255 176 (1031274416)
                              [N3:X] MOTOR_I 0 23 (23)
                              [N3:X] [undefined] 61 119 255 176 (1031274416)
2026-03-20 18:24:05:220 [IN ] C8 24 03 0E 25 A5 03 01 31 03 CF 00 0E 15 97 25 A5 03 01 C8 24 03 0A 01 31 05 E6 3D 77 FF B0 83 1D 97 C8 24 03 15 25 A5 03 01 31 03 CF 00 0E 15 97 25 A5 03 01 31 05 E6 3D 77 FF B0 (60)
                              [N3:X] MOTOR_I 0 14 (14)
                              [N3:X] [undefined] 61 119 255 176 (1031274416)
                              [N3:X] MOTOR_I 0 14 (14)
2026-03-20 18:24:05:421 [IN ] C8 24 03 1B B0 83 1D 25 A5 03 01 31 03 CF 00 0D 14 96 25 A5 03 01 31 05 E6 3D 77 FF B0 83 1D 01 C8 24 03 18 25 A5 03 01 31 03 CF 00 20 27 A9 25 A5 03 01 31 05 E6 3D 77 FF B0 83 1D B0 (61)
                              [N3:X] [undefined] 61 119 255 176 (1031274416)
                              [N3:X] MOTOR_I 0 13 (13)
                              [N3:X] [undefined] 61 119 255 176 (1031274416)
                              [N3:X] MOTOR_I 0 32 (32)
                              [N3:X] [undefined] 61 119 255 176 (1031274416)
2026-03-20 18:24:05:623 [IN ] C8 24 03 18 25 A5 03 01 31 03 CF 00 13 1A 9C 25 A5 03 01 31 05 E6 3D 77 FF B0 83 1D B0 C8 24 03 18 25 A5 03 01 31 03 CF 00 0D 14 96 25 A5 03 01 31 05 E6 3D 77 FF B0 83 1D B0 (58)
                              [N3:X] MOTOR_I 0 19 (19)
                              [N3:X] [undefined] 61 119 255 176 (1031274416)
                              [N3:X] MOTOR_I 0 13 (13)
                              [N3:X] [undefined] 61 119 255 176 (1031274416)
2026-03-20 18:24:05:825 [IN ] C8 24 03 18 25 A5 03 01 31 03 CF 00 0D 14 96 25 A5 03 01 31 05 E6 3D 77 FF B0 83 1D B0 C8 24 03 18 25 A5 03 01 31 03 CF 00 00 07 89 25 A5 03 01 31 05 E6 3D 77 00 00 D4 6F B0 C8 24 03 0E 25 A5 
03 01 31 06 81 45 FF EC 48 28 5C B0 01 (77)
                              [N3:X] MOTOR_I 0 13 (13)
                              [N3:X] [undefined] 61 119 255 176 (1031274416)
                              [N3:X] MOTOR_I 0 0 (0)
                              [N3:X] [undefined] 61 119 0 0 (1031208960)
                              [N3:X] TPOS 'E' 255 236 72 40 (-1292248)
2026-03-20 18:24:06:028 [IN ] C8 24 03 18 25 A5 03 01 31 03 CF 00 00 07 89 25 A5 03 01 31 05 E6 3D 77 00 00 D4 6F B0 C8 24 03 18 25 A5 03 01 31 03 CF 00 00 07 89 25 A5 03 01 31 05 E6 3D 77 00 00 D4 6F B0 (58)
                              [N3:X] MOTOR_I 0 0 (0)
                              [N3:X] [undefined] 61 119 0 0 (1031208960)
                              [N3:X] MOTOR_I 0 0 (0)
                              [N3:X] [undefined] 61 119 0 0 (1031208960)
2026-03-20 18:24:06:231 [IN ] C8 24 03 18 25 A5 03 01 31 03 CF 00 00 07 89 25 A5 03 01 31 05 E6 3D 77 00 00 D4 6F B0 C8 24 03 18 25 A5 03 01 31 03 CF 00 00 07 89 25 A5 03 01 31 05 E6 3D 77 00 00 D4 6F B0 (58)
                              [N3:X] MOTOR_I 0 0 (0)
                              [N3:X] [undefined] 61 119 0 0 (1031208960)
                              [N3:X] MOTOR_I 0 0 (0)
                              [N3:X] [undefined] 61 119 0 0 (1031208960)
2026-03-20 18:24:06:254 [OUT] 25 A5 01 03 31 05 81 FF FD 50 01 08 AF (13)
                              [N3:X] TPOS 255 253 80 1 (-176127)
2026-03-20 18:24:06:255 [IN ] C8 24 03 18 25 A5 03 01 31 03 CF 00 00 07 89 25 A5 03 01 31 05 E6 3D 77 00 00 D4 6F B0 (29)
                              [N3:X] MOTOR_I 0 0 (0)
                              [N3:X] [undefined] 61 119 0 0 (1031208960)
2026-03-20 18:24:06:338 [IN ] C8 24 03 15 25 A5 03 01 31 03 CF 00 00 07 89 25 A5 03 01 31 05 E6 3D 77 00 00 (26)
                              [N3:X] MOTOR_I 0 0 (0)
2026-03-20 18:24:06:462 [IN ] C8 24 03 29 00 D4 6F 25 A5 03 01 31 06 81 53 FF EC 48 29 6B F7 25 A5 03 01 31 03 CF 00 48 4F D1 25 A5 03 01 31 05 E6 3D 77 00 50 24 BF 01 (46)
                              [N3:X] [undefined] 61 119 0 0 (1031208960)
                              [N3:X] TPOS 'S' 255 236 72 41 (-1292247)
                              [N3:X] MOTOR_I 0 72 (72)
                              [N3:X] [undefined] 61 119 0 80 (1031209040)
2026-03-20 18:24:06:664 [IN ] C8 24 03 18 25 A5 03 01 31 03 CF 00 43 4A CC 25 A5 03 01 31 05 E6 3D 77 00 50 24 BF 00 C8 24 09 0E 25 A5 09 01 31 06 81 45 FF E7 59 A6 EC 7D 01 C8 24 03 18 25 A5 03 01 31 03 CF 00 5A 61 E3 25 
A5 03 01 31 05 E6 3D 77 00 50 24 BF 00 (77)
                              [N3:X] MOTOR_I 0 67 (67)
                              [N3:X] [undefined] 61 119 0 80 (1031209040)
                              [N9:P] TPOS 'E' 255 231 89 166 (-1615450)
                              [N3:X] MOTOR_I 0 90 (90)
                              [N3:X] [undefined] 61 119 0 80 (1031209040)
2026-03-20 18:24:06:866 [IN ] C8 24 03 18 25 A5 03 01 31 03 CF 00 5A 61 E3 25 A5 03 01 31 05 E6 3D 77 00 50 24 BF 00 C8 24 03 18 25 A5 03 01 31 03 CF 00 53 5A DC 25 A5 03 01 31 05 E6 3D 77 00 50 24 BF 00 (58)
                              [N3:X] MOTOR_I 0 90 (90)
                              [N3:X] [undefined] 61 119 0 80 (1031209040)
                              [N3:X] MOTOR_I 0 83 (83)
                              [N3:X] [undefined] 61 119 0 80 (1031209040)
2026-03-20 18:24:07:069 [IN ] C8 24 03 18 25 A5 03 01 31 03 CF 00 3B 42 C4 25 A5 03 01 31 05 E6 3D 77 00 50 24 BF 00 C8 24 03 18 25 A5 03 01 31 03 CF 00 3C 43 C5 25 A5 03 01 31 05 E6 3D 77 00 50 24 BF 00 (58)
                              [N3:X] MOTOR_I 0 59 (59)
                              [N3:X] [undefined] 61 119 0 80 (1031209040)
                              [N3:X] MOTOR_I 0 60 (60)
                              [N3:X] [undefined] 61 119 0 80 (1031209040)
2026-03-20 18:24:07:089 [OUT] 25 A5 01 09 31 05 81 FF FF D9 C8 60 BE (13)
                              [N9:P] TPOS 255 255 217 200 (-9784)
2026-03-20 18:24:07:151 [IN ] C8 24 03 18 25 A5 03 01 31 03 CF 00 4F 56 D8 (15)
2026-03-20 18:24:07:172 [IN ] 25 A5 03 01 31 05 E6 3D 77 00 50 24 BF 00 (14)
                              [N3:X] MOTOR_I 0 79 (79)
                              [N3:X] [undefined] 61 119 0 80 (1031209040)
2026-03-20 18:24:07:276 [IN ] C8 24 03 18 25 A5 03 01 31 03 CF 00 49 50 D2 25 A5 03 01 31 05 E6 3D 77 00 50 24 BF 00 C8 24 09 0E 25 A5 09 01 31 06 81 53 FF E7 59 AA FE C7 01 (48)
                              [N3:X] MOTOR_I 0 73 (73)
                              [N3:X] [undefined] 61 119 0 80 (1031209040)
                              [N9:P] TPOS 'S' 255 231 89 170 (-1615446)
2026-03-20 18:24:07:478 [IN ] C8 24 03 18 25 A5 03 01 31 03 CF 00 3E 45 C7 25 A5 03 01 31 05 E6 3D 77 00 50 24 BF 00 C8 24 03 18 25 A5 03 01 31 03 CF 00 3F 46 C8 25 A5 03 01 31 05 E6 3D 77 00 50 24 BF 00 (58)
                              [N3:X] MOTOR_I 0 62 (62)
                              [N3:X] [undefined] 61 119 0 80 (1031209040)
                              [N3:X] MOTOR_I 0 63 (63)
                              [N3:X] [undefined] 61 119 0 80 (1031209040)
2026-03-20 18:24:07:680 [IN ] C8 24 03 0E 25 A5 03 01 31 03 CF 00 53 5A DC 25 A5 03 01 C8 24 03 0A 01 31 05 E6 3D 77 00 50 24 BF DC C8 24 03 15 25 A5 03 01 31 03 CF 00 32 39 BB 25 A5 03 01 31 05 E6 3D 77 00 50 (60)
                              [N3:X] MOTOR_I 0 83 (83)
                              [N3:X] [undefined] 61 119 0 80 (1031209040)
                              [N3:X] MOTOR_I 0 50 (50)
2026-03-20 18:24:07:881 [IN ] C8 24 03 1B 50 24 BF 25 A5 03 01 31 03 CF 00 44 4B CD 25 A5 03 01 31 05 E6 3D 77 00 50 24 BF D1 C8 24 03 18 25 A5 03 01 31 03 CF 00 35 3C BE 25 A5 03 01 31 05 E6 3D 77 00 50 24 BF 50 (61)
                              [N3:X] [undefined] 61 119 0 80 (1031209040)
                              [N3:X] MOTOR_I 0 68 (68)
                              [N3:X] [undefined] 61 119 0 80 (1031209040)
                              [N3:X] MOTOR_I 0 53 (53)
                              [N3:X] [undefined] 61 119 0 80 (1031209040)
2026-03-20 18:24:08:081 [IN ] C8 24 03 18 25 A5 03 01 31 03 CF 00 42 49 CB 25 A5 03 01 31 05 E6 3D 77 00 50 24 BF 50 C8 24 03 18 25 A5 03 01 31 03 CF 00 4D 54 D6 25 A5 03 01 31 05 E6 3D 77 00 50 24 BF 50 (58)
                              [N3:X] MOTOR_I 0 66 (66)
                              [N3:X] [undefined] 61 119 0 80 (1031209040)
                              [N3:X] MOTOR_I 0 77 (77)
                              [N3:X] [undefined] 61 119 0 80 (1031209040)
2026-03-20 18:24:08:283 [IN ] C8 24 03 18 25 A5 03 01 31 03 CF 00 4D 54 D6 25 A5 03 01 31 05 E6 3D 77 00 50 24 BF 50 C8 24 03 18 25 A5 03 01 31 03 CF 00 4A 51 D3 25 A5 03 01 31 05 E6 3D 77 00 50 24 BF 50 (58)
                              [N3:X] MOTOR_I 0 77 (77)
                              [N3:X] [undefined] 61 119 0 80 (1031209040)
                              [N3:X] MOTOR_I 0 74 (74)
                              [N3:X] [undefined] 61 119 0 80 (1031209040)
2026-03-20 18:24:08:485 [IN ] C8 24 03 18 25 A5 03 01 31 03 CF 00 53 5A DC 25 A5 03 01 31 05 E6 3D 77 00 50 24 BF 50 C8 24 03 18 25 A5 03 01 31 03 CF 00 44 4B CD 25 A5 03 01 31 05 E6 3D 77 00 50 24 BF 50 (58)
                              [N3:X] MOTOR_I 0 83 (83)
                              [N3:X] [undefined] 61 119 0 80 (1031209040)
                              [N3:X] MOTOR_I 0 68 (68)
                              [N3:X] [undefined] 61 119 0 80 (1031209040)
2026-03-20 18:24:08:686 [IN ] C8 24 03 18 25 A5 03 01 31 03 CF 00 3B 42 C4 25 A5 03 01 31 05 E6 3D 77 00 50 24 BF 50 C8 24 03 18 25 A5 03 01 31 03 CF 00 5E 65 E7 25 A5 03 01 31 05 E6 3D 77 00 50 24 BF 50 (58)
                              [N3:X] MOTOR_I 0 59 (59)
                              [N3:X] [undefined] 61 119 0 80 (1031209040)
                              [N3:X] MOTOR_I 0 94 (94)
                              [N3:X] [undefined] 61 119 0 80 (1031209040)
2026-03-20 18:24:08:886 [IN ] C8 24 03 18 25 A5 03 01 31 03 CF 00 4E 55 D7 25 A5 03 01 31 05 E6 3D 77 00 50 24 BF 50 C8 24 03 15 25 A5 03 01 31 03 CF 00 43 4A CC 25 A5 03 01 31 05 E6 3D 77 00 50 (55)
                              [N3:X] MOTOR_I 0 78 (78)
                              [N3:X] [undefined] 61 119 0 80 (1031209040)
                              [N3:X] MOTOR_I 0 67 (67)
2026-03-20 18:24:09:088 [IN ] C8 24 03 1B 50 24 BF 25 A5 03 01 31 03 CF 00 53 5A DC 25 A5 03 01 31 05 E6 3D 77 00 50 24 BF D1 C8 24 03 18 25 A5 03 01 31 03 CF 00 42 49 CB 25 A5 03 01 31 05 E6 3D 77 00 50 24 BF 50 (61)
                              [N3:X] [undefined] 61 119 0 80 (1031209040)
                              [N3:X] MOTOR_I 0 83 (83)
                              [N3:X] [undefined] 61 119 0 80 (1031209040)
                              [N3:X] MOTOR_I 0 66 (66)
                              [N3:X] [undefined] 61 119 0 80 (1031209040)
2026-03-20 18:24:09:289 [IN ] C8 24 03 18 25 A5 03 01 31 03 CF 00 4F 56 D8 25 A5 03 01 31 05 E6 3D 77 00 50 24 BF 50 C8 24 03 18 25 A5 03 01 31 03 CF 00 4A 51 D3 25 A5 03 01 31 05 E6 3D 77 00 50 24 BF 50 (58)
                              [N3:X] MOTOR_I 0 79 (79)
                              [N3:X] [undefined] 61 119 0 80 (1031209040)
                              [N3:X] MOTOR_I 0 74 (74)
                              [N3:X] [undefined] 61 119 0 80 (1031209040)
2026-03-20 18:24:09:491 [IN ] C8 24 03 18 25 A5 03 01 31 03 CF 00 40 47 C9 25 A5 03 01 31 05 E6 3D 77 00 50 24 BF 50 C8 24 03 18 25 A5 03 01 31 03 CF 00 36 3D BF 25 A5 03 01 31 05 E6 3D 77 00 50 24 BF 50 (58)
                              [N3:X] MOTOR_I 0 64 (64)
                              [N3:X] [undefined] 61 119 0 80 (1031209040)
                              [N3:X] MOTOR_I 0 54 (54)
                              [N3:X] [undefined] 61 119 0 80 (1031209040)
2026-03-20 18:24:09:693 [IN ] C8 24 03 18 25 A5 03 01 31 03 CF 00 49 50 D2 25 A5 03 01 31 05 E6 3D 77 00 50 24 BF 50 C8 24 03 18 25 A5 03 01 31 03 CF 00 37 3E C0 25 A5 03 01 31 05 E6 3D 77 00 50 24 BF 50 (58)
                              [N3:X] MOTOR_I 0 73 (73)
                              [N3:X] [undefined] 61 119 0 80 (1031209040)
                              [N3:X] MOTOR_I 0 55 (55)
                              [N3:X] [undefined] 61 119 0 80 (1031209040)
2026-03-20 18:24:09:896 [IN ] C8 24 03 18 25 A5 03 01 31 03 CF 00 4F 56 D8 25 A5 03 01 31 05 E6 3D 77 00 50 24 BF 50 C8 24 04 0E 25 A5 04 01 31 06 81 45 FF FD 4F CA 17 9D 01 C8 24 03 18 25 A5 03 01 31 03 CF 00 47 4E D0 25 
A5 03 01 31 05 E6 3D 77 00 50 24 BF 50 (77)
                              [N3:X] MOTOR_I 0 79 (79)
                              [N3:X] [undefined] 61 119 0 80 (1031209040)
                              [N4:Y] TPOS 'E' 255 253 79 202 (-176182)
                              [N3:X] MOTOR_I 0 71 (71)
                              [N3:X] [undefined] 61 119 0 80 (1031209040)
2026-03-20 18:24:10:099 [IN ] C8 24 03 18 25 A5 03 01 31 03 CF 00 52 59 DB 25 A5 03 01 31 05 E6 3D 77 00 50 24 BF 50 C8 24 03 0E 25 A5 03 01 31 03 CF 00 44 4B CD 25 A5 03 01 C8 24 03 0A 01 31 05 E6 3D 77 00 50 24 BF CD (63)
                              [N3:X] MOTOR_I 0 82 (82)
                              [N3:X] [undefined] 61 119 0 80 (1031209040)
                              [N3:X] MOTOR_I 0 68 (68)
                              [N3:X] [undefined] 61 119 0 80 (1031209040)
2026-03-20 18:24:10:301 [IN ] C8 24 03 15 25 A5 03 01 31 03 CF 00 46 4D CF 25 A5 03 01 31 05 E6 3D 77 00 50 C8 24 03 1B 50 24 BF 25 A5 03 01 31 03 CF 00 43 4A CC 25 A5 03 01 31 05 E6 3D 77 00 50 24 BF D1 (58)
                              [N3:X] MOTOR_I 0 70 (70)
                              [N3:X] [undefined] 61 119 0 80 (1031209040)
                              [N3:X] MOTOR_I 0 67 (67)
                              [N3:X] [undefined] 61 119 0 80 (1031209040)
2026-03-20 18:24:10:503 [IN ] C8 24 03 18 25 A5 03 01 31 03 CF 00 35 3C BE 25 A5 03 01 31 05 E6 3D 77 00 50 24 BF 50 C8 24 03 18 25 A5 03 01 31 03 CF 00 45 4C CE 25 A5 03 01 31 05 E6 3D 77 00 50 24 BF 50 (58)
                              [N3:X] MOTOR_I 0 53 (53)
                              [N3:X] [undefined] 61 119 0 80 (1031209040)
                              [N3:X] MOTOR_I 0 69 (69)
                              [N3:X] [undefined] 61 119 0 80 (1031209040)
2026-03-20 18:24:10:705 [IN ] C8 24 03 18 25 A5 03 01 31 03 CF 00 47 4E D0 25 A5 03 01 31 05 E6 3D 77 00 50 24 BF 50 C8 24 03 18 25 A5 03 01 31 03 CF 00 3C 43 C5 25 A5 03 01 31 05 E6 3D 77 00 50 24 BF 50 (58)
                              [N3:X] MOTOR_I 0 71 (71)
                              [N3:X] [undefined] 61 119 0 80 (1031209040)
                              [N3:X] MOTOR_I 0 60 (60)
                              [N3:X] [undefined] 61 119 0 80 (1031209040)
2026-03-20 18:24:10:907 [IN ] C8 24 03 18 25 A5 03 01 31 03 CF 00 53 5A DC 25 A5 03 01 31 05 E6 3D 77 00 50 24 BF 50 C8 24 03 18 25 A5 03 01 31 03 CF 00 41 48 CA 25 A5 03 01 31 05 E6 3D 77 00 50 24 BF 50 (58)
                              [N3:X] MOTOR_I 0 83 (83)
                              [N3:X] [undefined] 61 119 0 80 (1031209040)
                              [N3:X] MOTOR_I 0 65 (65)
                              [N3:X] [undefined] 61 119 0 80 (1031209040)
2026-03-20 18:24:11:108 [IN ] C8 24 03 18 25 A5 03 01 31 03 CF 00 4F 56 D8 25 A5 03 01 31 05 E6 3D 77 00 50 24 BF 50 C8 24 03 18 25 A5 03 01 31 03 CF 00 3F 46 C8 25 A5 03 01 31 05 E6 3D 77 00 50 24 BF 50 (58)
                              [N3:X] MOTOR_I 0 79 (79)
                              [N3:X] [undefined] 61 119 0 80 (1031209040)
                              [N3:X] MOTOR_I 0 63 (63)
                              [N3:X] [undefined] 61 119 0 80 (1031209040)
2026-03-20 18:24:11:309 [IN ] C8 24 03 18 25 A5 03 01 31 03 CF 00 3E 45 C7 25 A5 03 01 31 05 E6 3D 77 00 50 24 BF 50 C8 24 03 18 25 A5 03 01 31 03 CF 00 43 4A CC 25 A5 03 01 31 05 E6 3D 77 00 50 24 BF 50 (58)
                              [N3:X] MOTOR_I 0 62 (62)
                              [N3:X] [undefined] 61 119 0 80 (1031209040)
                              [N3:X] MOTOR_I 0 67 (67)
                              [N3:X] [undefined] 61 119 0 80 (1031209040)
2026-03-20 18:24:11:510 [IN ] C8 24 03 15 25 A5 03 01 31 03 CF 00 32 39 BB 25 A5 03 01 31 05 E6 3D 77 00 50 C8 24 03 1B 50 24 BF 25 A5 03 01 31 03 CF 00 3F 46 C8 25 A5 03 01 31 05 E6 3D 77 00 50 24 BF D1 (58)
                              [N3:X] MOTOR_I 0 50 (50)
                              [N3:X] [undefined] 61 119 0 80 (1031209040)
                              [N3:X] MOTOR_I 0 63 (63)
                              [N3:X] [undefined] 61 119 0 80 (1031209040)
2026-03-20 18:24:11:711 [IN ] C8 24 03 18 25 A5 03 01 31 03 CF 00 3C 43 C5 25 A5 03 01 31 05 E6 3D 77 00 50 24 BF 50 C8 24 03 18 25 A5 03 01 31 03 CF 00 28 2F B1 25 A5 03 01 31 05 E6 3D 77 00 50 24 BF 50 (58)
                              [N3:X] MOTOR_I 0 60 (60)
                              [N3:X] [undefined] 61 119 0 80 (1031209040)
                              [N3:X] MOTOR_I 0 40 (40)
                              [N3:X] [undefined] 61 119 0 80 (1031209040)
2026-03-20 18:24:11:913 [IN ] C8 24 03 18 25 A5 03 01 31 03 CF 00 3A 41 C3 25 A5 03 01 31 05 E6 3D 77 00 50 24 BF 50 C8 24 03 18 25 A5 03 01 31 03 CF 00 37 3E C0 25 A5 03 01 31 05 E6 3D 77 00 50 24 BF 50 (58)
                              [N3:X] MOTOR_I 0 58 (58)
                              [N3:X] [undefined] 61 119 0 80 (1031209040)
                              [N3:X] MOTOR_I 0 55 (55)
                              [N3:X] [undefined] 61 119 0 80 (1031209040)
2026-03-20 18:24:12:115 [IN ] C8 24 03 18 25 A5 03 01 31 03 CF 00 3A 41 C3 25 A5 03 01 31 05 E6 3D 77 00 50 24 BF 50 C8 24 03 18 25 A5 03 01 31 03 CF 00 30 37 B9 25 A5 03 01 31 05 E6 3D 77 00 50 24 BF 50 (58)
                              [N3:X] MOTOR_I 0 58 (58)
                              [N3:X] [undefined] 61 119 0 80 (1031209040)
                              [N3:X] MOTOR_I 0 48 (48)
                              [N3:X] [undefined] 61 119 0 80 (1031209040)
2026-03-20 18:24:12:317 [IN ] C8 24 03 18 25 A5 03 01 31 03 CF 00 44 4B CD 25 A5 03 01 31 05 E6 3D 77 00 50 24 BF 50 C8 24 03 18 25 A5 03 01 31 03 CF 00 3B 42 C4 25 A5 03 01 31 05 E6 3D 77 00 50 24 BF 50 (58)
                              [N3:X] MOTOR_I 0 68 (68)
                              [N3:X] [undefined] 61 119 0 80 (1031209040)
                              [N3:X] MOTOR_I 0 59 (59)
                              [N3:X] [undefined] 61 119 0 80 (1031209040)
2026-03-20 18:24:12:519 [IN ] C8 24 03 18 25 A5 03 01 31 03 CF 00 34 3B BD 25 A5 03 01 31 05 E6 3D 77 00 50 24 BF 50 C8 24 06 0E 25 A5 06 01 31 06 81 45 00 19 86 2B CE D8 01 C8 24 03 18 25 A5 03 01 31 03 CF 00 2B 32 B4 25 
A5 03 01 31 05 E6 3D 77 00 50 24 BF 50 (77)
                              [N3:X] MOTOR_I 0 52 (52)
                              [N3:X] [undefined] 61 119 0 80 (1031209040)
                              [N6:H] TPOS 'E' 0 25 134 43 (1672747)
                              [N3:X] MOTOR_I 0 43 (43)
                              [N3:X] [undefined] 61 119 0 80 (1031209040)
2026-03-20 18:24:12:721 [IN ] C8 24 03 0E 25 A5 03 01 31 03 CF 00 43 4A CC 25 A5 03 01 C8 24 03 0A 01 31 05 E6 3D 77 00 50 24 BF CC C8 24 03 15 25 A5 03 01 31 03 CF 00 34 3B BD 25 A5 03 01 31 05 E6 3D 77 00 50 (60)
                              [N3:X] MOTOR_I 0 67 (67)
                              [N3:X] [undefined] 61 119 0 80 (1031209040)
                              [N3:X] MOTOR_I 0 52 (52)
2026-03-20 18:24:12:924 [IN ] C8 24 03 1B 50 24 BF 25 A5 03 01 31 03 CF 00 47 4E D0 25 A5 03 01 31 05 E6 3D 77 00 50 24 BF D1 C8 24 03 18 25 A5 03 01 31 03 CF 00 48 4F D1 25 A5 03 01 31 05 E6 3D 77 00 50 24 BF 50 (61)
                              [N3:X] [undefined] 61 119 0 80 (1031209040)
                              [N3:X] MOTOR_I 0 71 (71)
                              [N3:X] [undefined] 61 119 0 80 (1031209040)
                              [N3:X] MOTOR_I 0 72 (72)
                              [N3:X] [undefined] 61 119 0 80 (1031209040)
2026-03-20 18:24:12:944 [OUT] 25 A5 01 06 31 05 81 00 0D 03 C1 8F 21 (13)
                              [N6:H] TPOS 0 13 3 193 (852929)
2026-03-20 18:24:13:007 [IN ] C8 24 03 18 25 A5 03 01 31 03 CF 00 3E 45 C7 25 A5 03 01 31 05 E6 3D 77 00 50 24 BF 50 (29)
                              [N3:X] MOTOR_I 0 62 (62)
                              [N3:X] [undefined] 61 119 0 80 (1031209040)
2026-03-20 18:24:13:091 [IN ] C8 24 03 18 25 A5 03 01 31 03 CF 00 2A 31 B3 25 A5 03 01 31 05 E6 3D 77 00 50 24 BF 50 (29)
                              [N3:X] MOTOR_I 0 42 (42)
                              [N3:X] [undefined] 61 119 0 80 (1031209040)
2026-03-20 18:24:13:134 [IN ] C8 24 06 0E 25 A5 06 01 31 06 81 53 00 19 86 2B DC 1E 01 (19)
                              [N6:H] TPOS 'S' 0 25 134 43 (1672747)
2026-03-20 18:24:13:338 [IN ] C8 24 03 18 25 A5 03 01 31 03 CF 00 30 37 B9 25 A5 03 01 31 05 E6 3D 77 00 50 24 BF 50 C8 24 03 18 25 A5 03 01 31 03 CF 00 36 3D BF 25 A5 03 01 31 05 E6 3D 77 00 50 24 BF 50 (58)
                              [N3:X] MOTOR_I 0 48 (48)
                              [N3:X] [undefined] 61 119 0 80 (1031209040)
                              [N3:X] MOTOR_I 0 54 (54)
                              [N3:X] [undefined] 61 119 0 80 (1031209040)
2026-03-20 18:24:13:540 [IN ] C8 24 03 18 25 A5 03 01 31 03 CF 00 3E 45 C7 25 A5 03 01 31 05 E6 3D 77 00 50 24 BF 50 C8 24 03 18 25 A5 03 01 31 03 CF 00 40 47 C9 25 A5 03 01 31 05 E6 3D 77 00 50 24 BF 50 (58)
                              [N3:X] MOTOR_I 0 62 (62)
                              [N3:X] [undefined] 61 119 0 80 (1031209040)
                              [N3:X] MOTOR_I 0 64 (64)
                              [N3:X] [undefined] 61 119 0 80 (1031209040)
2026-03-20 18:24:13:742 [IN ] C8 24 03 18 25 A5 03 01 31 03 CF 00 4B 52 D4 25 A5 03 01 31 05 E6 3D 77 00 50 24 BF 50 C8 24 03 18 25 A5 03 01 31 03 CF 00 43 4A CC 25 A5 03 01 31 05 E6 3D 77 00 50 24 BF 50 (58)
                              [N3:X] MOTOR_I 0 75 (75)
                              [N3:X] [undefined] 61 119 0 80 (1031209040)
                              [N3:X] MOTOR_I 0 67 (67)
                              [N3:X] [undefined] 61 119 0 80 (1031209040)
2026-03-20 18:24:13:944 [IN ] C8 24 03 18 25 A5 03 01 31 03 CF 00 2D 34 B6 25 A5 03 01 31 05 E6 3D 77 00 50 24 BF 50 C8 24 03 15 25 A5 03 01 31 03 CF 00 3A 41 C3 25 A5 03 01 31 05 E6 3D 77 00 50 (55)
                              [N3:X] MOTOR_I 0 45 (45)
                              [N3:X] [undefined] 61 119 0 80 (1031209040)
                              [N3:X] MOTOR_I 0 58 (58)
2026-03-20 18:24:14:146 [IN ] C8 24 03 1B 50 24 BF 25 A5 03 01 31 03 CF 00 3E 45 C7 25 A5 03 01 31 05 E6 3D 77 00 50 24 BF D1 C8 24 03 18 25 A5 03 01 31 03 CF 00 3F 46 C8 25 A5 03 01 31 05 E6 3D 77 00 50 24 BF 50 (61)
                              [N3:X] [undefined] 61 119 0 80 (1031209040)
                              [N3:X] MOTOR_I 0 62 (62)
                              [N3:X] [undefined] 61 119 0 80 (1031209040)
                              [N3:X] MOTOR_I 0 63 (63)
                              [N3:X] [undefined] 61 119 0 80 (1031209040)
2026-03-20 18:24:14:348 [IN ] C8 24 03 18 25 A5 03 01 31 03 CF 00 2E 35 B7 25 A5 03 01 31 05 E6 3D 77 00 50 24 BF 50 C8 24 03 18 25 A5 03 01 31 03 CF 00 39 40 C2 25 A5 03 01 31 05 E6 3D 77 00 50 24 BF 50 (58)
                              [N3:X] MOTOR_I 0 46 (46)
                              [N3:X] [undefined] 61 119 0 80 (1031209040)
                              [N3:X] MOTOR_I 0 57 (57)
                              [N3:X] [undefined] 61 119 0 80 (1031209040)
2026-03-20 18:24:14:550 [IN ] C8 24 03 18 25 A5 03 01 31 03 CF 00 2D 34 B6 25 A5 03 01 31 05 E6 3D 77 00 50 24 BF 50 C8 24 03 18 25 A5 03 01 31 03 CF 00 4B 52 D4 25 A5 03 01 31 05 E6 3D 77 00 50 24 BF 50 (58)
                              [N3:X] MOTOR_I 0 45 (45)
                              [N3:X] [undefined] 61 119 0 80 (1031209040)
                              [N3:X] MOTOR_I 0 75 (75)
                              [N3:X] [undefined] 61 119 0 80 (1031209040)
2026-03-20 18:24:14:751 [IN ] C8 24 03 18 25 A5 03 01 31 03 CF 00 40 47 C9 25 A5 03 01 31 05 E6 3D 77 00 50 24 BF 50 C8 24 03 18 25 A5 03 01 31 03 CF 00 45 4C CE 25 A5 03 01 31 05 E6 3D 77 00 50 24 BF 50 (58)
                              [N3:X] MOTOR_I 0 64 (64)
                              [N3:X] [undefined] 61 119 0 80 (1031209040)
                              [N3:X] MOTOR_I 0 69 (69)
                              [N3:X] [undefined] 61 119 0 80 (1031209040)
2026-03-20 18:24:14:953 [IN ] C8 24 03 18 25 A5 03 01 31 03 CF 00 3E 45 C7 25 A5 03 01 31 05 E6 3D 77 00 50 24 BF 50 C8 24 03 18 25 A5 03 01 31 03 CF 00 3A 41 C3 25 A5 03 01 31 05 E6 3D 77 00 50 24 BF 50 (58)
                              [N3:X] MOTOR_I 0 62 (62)
                              [N3:X] [undefined] 61 119 0 80 (1031209040)
                              [N3:X] MOTOR_I 0 58 (58)
                              [N3:X] [undefined] 61 119 0 80 (1031209040)
2026-03-20 18:24:15:154 [IN ] C8 24 03 18 25 A5 03 01 31 03 CF 00 39 40 C2 25 A5 03 01 31 05 E6 3D 77 00 50 24 BF 50 C8 24 09 0E 25 A5 09 01 31 06 81 45 FF FF DD 8D 6F B4 01 C8 24 03 0E 25 A5 03 01 31 03 CF 00 32 39 BB 25 
A5 03 01 C8 24 03 0A 01 31 05 E6 3D 77 00 50 24 BF BB (82)
                              [N3:X] MOTOR_I 0 57 (57)
                              [N3:X] [undefined] 61 119 0 80 (1031209040)
                              [N9:P] TPOS 'E' 255 255 221 141 (-8819)
                              [N3:X] MOTOR_I 0 50 (50)
                              [N3:X] [undefined] 61 119 0 80 (1031209040)
2026-03-20 18:24:15:377 [OUT] 25 A5 01 08 31 02 D8 3F 53 E7 (10)
                              [N8:R] INTERRUPT '?'
2026-03-20 18:24:15:378 [IN ] C8 24 03 18 25 A5 03 01 31 03 CF 00 21 28 AA 25 A5 03 01 31 05 E6 3D 77 00 50 24 BF 50 C8 24 03 18 25 A5 03 01 31 03 CF 00 35 3C BE 25 A5 03 01 31 05 E6 3D 77 00 50 24 BF 50 (58)
                              [N3:X] MOTOR_I 0 33 (33)
                              [N3:X] [undefined] 61 119 0 80 (1031209040)
                              [N3:X] MOTOR_I 0 53 (53)
                              [N3:X] [undefined] 61 119 0 80 (1031209040)
2026-03-20 18:24:15:679 [IN ] C8 24 03 18 25 A5 03 01 31 03 CF 00 31 38 BA 25 A5 03 01 31 05 E6 3D 77 00 50 24 BF 50 C8 24 03 18 25 A5 03 01 31 03 CF 00 33 3A BC 25 A5 03 01 31 05 E6 3D 77 00 50 24 BF 50 C8 24 08 0C 25 A5 
08 01 31 04 D8 3A 01 01 52 92 A5 C8 24 03 18 25 A5 03 01 31 03 CF 00 2A 31 B3 25 A5 03 01 31 05 E6 3D 77 00 50 24 BF 50 (104)
                              [N3:X] MOTOR_I 0 49 (49)
                              [N3:X] [undefined] 61 119 0 80 (1031209040)
                              [N3:X] MOTOR_I 0 51 (51)
                              [N3:X] [undefined] 61 119 0 80 (1031209040)
                              [N8:R] INTERRUPT ':' 1 1 (257)
                              [N3:X] MOTOR_I 0 42 (42)
                              [N3:X] [undefined] 61 119 0 80 (1031209040)
2026-03-20 18:24:15:701 [OUT] 25 A5 01 08 31 03 CA 3D 0B 4F 1B (11)
                              [N8:R] RFLAG '=' 11 (11)
2026-03-20 18:24:15:723 [IN ] C8 24 03 18 25 A5 03 01 31 03 CF 00 42 49 CB 25 A5 03 01 31 05 E6 3D 77 00 50 24 BF 50 (29)
                              [N3:X] MOTOR_I 0 66 (66)
                              [N3:X] [undefined] 61 119 0 80 (1031209040)
2026-03-20 18:24:15:830 [IN ] C8 24 03 18 25 A5 03 01 31 03 CF 00 00 07 89 25 A5 03 01 31 05 E6 3D 77 00 00 D4 6F 50 (29)
                              [N3:X] MOTOR_I 0 0 (0)
                              [N3:X] [undefined] 61 119 0 0 (1031208960)
2026-03-20 18:24:15:872 [IN ] C8 24 08 0B 25 A5 08 01 31 03 CA 3A 0B 4C 1C 25 (16)
                              [N8:R] RFLAG ':' 11 (11)
2026-03-20 18:24:15:893 [OUT] 25 A5 01 08 31 03 88 00 50 15 20 (11)
                              [N8:R] RUN 0 80 (80)
2026-03-20 18:24:15:915 [IN ] C8 24 03 0E 25 A5 03 01 31 06 81 45 FF FD 50 81 CE 4C 01 (19)
                              [N3:X] TPOS 'E' 255 253 80 129 (-175999)
2026-03-20 18:24:15:937 [IN ] C8 24 03 18 25 A5 03 01 31 03 CF 00 00 07 89 25 A5 03 01 31 05 E6 3D 77 00 00 D4 6F 50 (29)
                              [N3:X] MOTOR_I 0 0 (0)
                              [N3:X] [undefined] 61 119 0 0 (1031208960)
2026-03-20 18:24:16:040 [IN ] C8 24 03 18 25 A5 03 01 31 03 CF 00 00 07 89 25 A5 03 01 31 05 E6 3D 77 00 00 D4 6F 50 (29)
                              [N3:X] MOTOR_I 0 0 (0)
                              [N3:X] [undefined] 61 119 0 0 (1031208960)
2026-03-20 18:24:16:062 [IN ] C8 24 08 0C 25 A5 08 01 31 04 88 53 00 50 69 EA A5 (17)
                              [N8:R] RUN 'S' 0 80 (80)
2026-03-20 18:24:16:263 [IN ] C8 24 03 18 25 A5 03 01 31 03 CF 00 00 07 89 25 A5 03 01 31 05 E6 3D 77 00 00 D4 6F 50 C8 24 03 18 25 A5 03 01 31 03 CF 00 00 07 89 25 A5 03 01 31 05 E6 3D 77 00 00 D4 6F 50 (58)
                              [N3:X] MOTOR_I 0 0 (0)
                              [N3:X] [undefined] 61 119 0 0 (1031208960)
                              [N3:X] MOTOR_I 0 0 (0)
                              [N3:X] [undefined] 61 119 0 0 (1031208960)
2026-03-20 18:24:16:466 [IN ] C8 24 03 0E 25 A5 03 01 31 03 CF 00 00 07 89 25 A5 03 01 C8 24 03 0A 01 31 05 E6 3D 77 00 00 D4 6F 89 C8 24 03 15 25 A5 03 01 31 03 CF 00 00 07 89 25 A5 03 01 31 05 E6 3D 77 00 00 (60)
                              [N3:X] MOTOR_I 0 0 (0)
                              [N3:X] [undefined] 61 119 0 0 (1031208960)
                              [N3:X] MOTOR_I 0 0 (0)
2026-03-20 18:24:16:668 [IN ] C8 24 03 1B 00 D4 6F 25 A5 03 01 31 03 CF 00 00 07 89 25 A5 03 01 31 05 E6 3D 77 00 00 D4 6F D1 C8 24 03 18 25 A5 03 01 31 03 CF 00 00 07 89 25 A5 03 01 31 05 E6 3D 77 00 00 D4 6F 00 (61)
                              [N3:X] [undefined] 61 119 0 0 (1031208960)
                              [N3:X] MOTOR_I 0 0 (0)
                              [N3:X] [undefined] 61 119 0 0 (1031208960)
                              [N3:X] MOTOR_I 0 0 (0)
                              [N3:X] [undefined] 61 119 0 0 (1031208960)
2026-03-20 18:24:16:870 [IN ] C8 24 03 18 25 A5 03 01 31 03 CF 00 00 07 89 25 A5 03 01 31 05 E6 3D 77 00 00 D4 6F 00 C8 24 03 18 25 A5 03 01 31 03 CF 00 00 07 89 25 A5 03 01 31 05 E6 3D 77 00 00 D4 6F 00 C8 24 06 0E 25 A5 
06 01 31 06 81 45 00 0C FE C0 CE 36 01 (77)
                              [N3:X] MOTOR_I 0 0 (0)
                              [N3:X] [undefined] 61 119 0 0 (1031208960)
                              [N3:X] MOTOR_I 0 0 (0)
                              [N3:X] [undefined] 61 119 0 0 (1031208960)
                              [N6:H] TPOS 'E' 0 12 254 192 (851648)
2026-03-20 18:24:17:095 [OUT] 25 A5 01 05 31 02 D8 3F 50 D8 (10)
                              [N5:V] INTERRUPT '?'
2026-03-20 18:24:17:095 [IN ] C8 24 03 18 25 A5 03 01 31 03 CF 00 00 07 89 25 A5 03 01 31 05 E6 3D 77 00 00 D4 6F 00 C8 24 03 18 25 A5 03 01 31 03 CF 00 00 07 89 25 A5 03 01 31 05 E6 3D 77 00 00 D4 6F 00 (58)
                              [N3:X] MOTOR_I 0 0 (0)
                              [N3:X] [undefined] 61 119 0 0 (1031208960)
                              [N3:X] MOTOR_I 0 0 (0)
                              [N3:X] [undefined] 61 119 0 0 (1031208960)
2026-03-20 18:24:17:396 [IN ] C8 24 03 18 25 A5 03 01 31 03 CF 00 00 07 89 25 A5 03 01 31 05 E6 3D 77 00 00 D4 6F 00 C8 24 03 18 25 A5 03 01 31 03 CF 00 00 07 89 25 A5 03 01 31 05 E6 3D 77 00 00 D4 6F 00 C8 24 05 0C 25 A5 
05 01 31 04 D8 3A 01 01 4F 7A A5 C8 24 03 18 25 A5 03 01 31 03 CF 00 00 07 89 25 A5 03 01 31 05 E6 3D 77 00 00 D4 6F 00 (104)
                              [N3:X] MOTOR_I 0 0 (0)
                              [N3:X] [undefined] 61 119 0 0 (1031208960)
                              [N3:X] MOTOR_I 0 0 (0)
                              [N3:X] [undefined] 61 119 0 0 (1031208960)
                              [N5:V] INTERRUPT ':' 1 1 (257)
                              [N3:X] MOTOR_I 0 0 (0)
                              [N3:X] [undefined] 61 119 0 0 (1031208960)
2026-03-20 18:24:17:418 [OUT] 25 A5 01 05 31 03 C9 3D 0B 4B 06 (11)
                              [N5:V] LFLAG '=' 11 (11)
2026-03-20 18:24:17:440 [IN ] C8 24 03 18 25 A5 03 01 31 03 CF 00 00 07 89 25 A5 03 01 31 05 E6 3D 77 00 00 D4 6F 00 (29)
                              [N3:X] MOTOR_I 0 0 (0)
                              [N3:X] [undefined] 61 119 0 0 (1031208960)
2026-03-20 18:24:17:543 [IN ] C8 24 03 18 25 A5 03 01 31 03 CF 00 00 07 89 25 A5 03 01 31 05 E6 3D 77 00 00 D4 6F 00 (29)
                              [N3:X] MOTOR_I 0 0 (0)
                              [N3:X] [undefined] 61 119 0 0 (1031208960)
2026-03-20 18:24:17:585 [IN ] C8 24 05 0B 25 A5 05 01 31 03 C9 3A 0B 48 04 25 (16)
                              [N5:V] LFLAG ':' 11 (11)
2026-03-20 18:24:17:607 [OUT] 25 A5 01 05 31 03 88 FF B0 71 6C (11)
                              [N5:V] RUN 255 176 (-80)
2026-03-20 18:24:17:630 [IN ] C8 24 03 15 25 A5 03 01 31 03 CF 00 00 07 89 25 A5 03 01 31 05 E6 3D 77 00 00 (26)
                              [N3:X] MOTOR_I 0 0 (0)
2026-03-20 18:24:17:732 [IN ] C8 24 03 1B 00 D4 6F 25 A5 03 01 31 03 CF 00 00 07 89 25 A5 03 01 31 05 E6 3D 77 00 00 D4 6F D1 (32)
                              [N3:X] [undefined] 61 119 0 0 (1031208960)
                              [N3:X] MOTOR_I 0 0 (0)
                              [N3:X] [undefined] 61 119 0 0 (1031208960)
2026-03-20 18:24:17:775 [IN ] C8 24 05 0C 25 A5 05 01 31 04 88 53 FF B0 C5 30 07 (17)
                              [N5:V] RUN 'S' 255 176 (-80)
2026-03-20 18:24:17:976 [IN ] C8 24 03 18 25 A5 03 01 31 03 CF 00 00 07 89 25 A5 03 01 31 05 E6 3D 77 00 00 D4 6F 00 C8 24 03 18 25 A5 03 01 31 03 CF 00 00 07 89 25 A5 03 01 31 05 E6 3D 77 00 00 D4 6F 00 (58)
                              [N3:X] MOTOR_I 0 0 (0)
                              [N3:X] [undefined] 61 119 0 0 (1031208960)
                              [N3:X] MOTOR_I 0 0 (0)
                              [N3:X] [undefined] 61 119 0 0 (1031208960)
2026-03-20 18:24:18:178 [IN ] C8 24 03 18 25 A5 03 01 31 03 CF 00 00 07 89 25 A5 03 01 31 05 E6 3D 77 00 00 D4 6F 00 C8 24 03 18 25 A5 03 01 31 03 CF 00 00 07 89 25 A5 03 01 31 05 E6 3D 77 00 00 D4 6F 00 (58)
                              [N3:X] MOTOR_I 0 0 (0)
                              [N3:X] [undefined] 61 119 0 0 (1031208960)
                              [N3:X] MOTOR_I 0 0 (0)
                              [N3:X] [undefined] 61 119 0 0 (1031208960)
2026-03-20 18:24:18:380 [IN ] C8 24 03 18 25 A5 03 01 31 03 CF 00 00 07 89 25 A5 03 01 31 05 E6 3D 77 00 00 D4 6F 00 C8 24 03 18 25 A5 03 01 31 03 CF 00 00 07 89 25 A5 03 01 31 05 E6 3D 77 00 00 D4 6F 00 (58)
                              [N3:X] MOTOR_I 0 0 (0)
                              [N3:X] [undefined] 61 119 0 0 (1031208960)
                              [N3:X] MOTOR_I 0 0 (0)
                              [N3:X] [undefined] 61 119 0 0 (1031208960)
2026-03-20 18:24:18:582 [IN ] C8 24 03 18 25 A5 03 01 31 03 CF 00 00 07 89 25 A5 03 01 31 05 E6 3D 77 00 00 D4 6F 00 C8 24 03 18 25 A5 03 01 31 03 CF 00 00 07 89 25 A5 03 01 31 05 E6 3D 77 00 00 D4 6F 00 (58)
                              [N3:X] MOTOR_I 0 0 (0)
                              [N3:X] [undefined] 61 119 0 0 (1031208960)
                              [N3:X] MOTOR_I 0 0 (0)
                              [N3:X] [undefined] 61 119 0 0 (1031208960)
2026-03-20 18:24:18:784 [IN ] C8 24 03 18 25 A5 03 01 31 03 CF 00 00 07 89 25 A5 03 01 31 05 E6 3D 77 00 00 D4 6F 00 C8 24 03 18 25 A5 03 01 31 03 CF 00 00 07 89 25 A5 03 01 31 05 E6 3D 77 00 00 D4 6F 00 (58)
                              [N3:X] MOTOR_I 0 0 (0)
                              [N3:X] [undefined] 61 119 0 0 (1031208960)
                              [N3:X] MOTOR_I 0 0 (0)
                              [N3:X] [undefined] 61 119 0 0 (1031208960)
2026-03-20 18:24:18:986 [IN ] C8 24 03 0E 25 A5 03 01 31 03 CF 00 00 07 89 25 A5 03 01 C8 24 03 0A 01 31 05 E6 3D 77 00 00 D4 6F 89 C8 24 03 15 25 A5 03 01 31 03 CF 00 00 07 89 25 A5 03 01 31 05 E6 3D 77 00 00 (60)
                              [N3:X] MOTOR_I 0 0 (0)
                              [N3:X] [undefined] 61 119 0 0 (1031208960)
                              [N3:X] MOTOR_I 0 0 (0)
2026-03-20 18:24:19:187 [IN ] C8 24 03 1B 00 D4 6F 25 A5 03 01 31 03 CF 00 00 07 89 25 A5 03 01 31 05 E6 3D 77 00 00 D4 6F D1 C8 24 03 18 25 A5 03 01 31 03 CF 00 00 07 89 25 A5 03 01 31 05 E6 3D 77 00 00 D4 6F 00 (61)
                              [N3:X] [undefined] 61 119 0 0 (1031208960)
                              [N3:X] MOTOR_I 0 0 (0)
                              [N3:X] [undefined] 61 119 0 0 (1031208960)
                              [N3:X] MOTOR_I 0 0 (0)
                              [N3:X] [undefined] 61 119 0 0 (1031208960)
2026-03-20 18:24:19:390 [IN ] C8 24 03 18 25 A5 03 01 31 03 CF 00 00 07 89 25 A5 03 01 31 05 E6 3D 77 00 00 D4 6F 00 C8 24 03 18 25 A5 03 01 31 03 CF 00 00 07 89 25 A5 03 01 31 05 E6 3D 77 00 00 D4 6F 00 (58)
                              [N3:X] MOTOR_I 0 0 (0)
                              [N3:X] [undefined] 61 119 0 0 (1031208960)
                              [N3:X] MOTOR_I 0 0 (0)
                              [N3:X] [undefined] 61 119 0 0 (1031208960)
2026-03-20 18:24:19:592 [IN ] C8 24 03 18 25 A5 03 01 31 03 CF 00 00 07 89 25 A5 03 01 31 05 E6 3D 77 00 00 D4 6F 00 C8 24 03 18 25 A5 03 01 31 03 CF 00 00 07 89 25 A5 03 01 31 05 E6 3D 77 00 00 D4 6F 00 (58)
                              [N3:X] MOTOR_I 0 0 (0)
                              [N3:X] [undefined] 61 119 0 0 (1031208960)
                              [N3:X] MOTOR_I 0 0 (0)
                              [N3:X] [undefined] 61 119 0 0 (1031208960)
2026-03-20 18:24:19:793 [IN ] C8 24 03 18 25 A5 03 01 31 03 CF 00 00 07 89 25 A5 03 01 31 05 E6 3D 77 00 00 D4 6F 00 C8 24 03 18 25 A5 03 01 31 03 CF 00 00 07 89 25 A5 03 01 31 05 E6 3D 77 00 00 D4 6F 00 (58)
                              [N3:X] MOTOR_I 0 0 (0)
                              [N3:X] [undefined] 61 119 0 0 (1031208960)
                              [N3:X] MOTOR_I 0 0 (0)
                              [N3:X] [undefined] 61 119 0 0 (1031208960)
2026-03-20 18:24:19:995 [IN ] C8 24 03 18 25 A5 03 01 31 03 CF 00 00 07 89 25 A5 03 01 31 05 E6 3D 77 00 00 D4 6F 00 C8 24 03 18 25 A5 03 01 31 03 CF 00 00 07 89 25 A5 03 01 31 05 E6 3D 77 00 00 D4 6F 00 (58)
                              [N3:X] MOTOR_I 0 0 (0)
                              [N3:X] [undefined] 61 119 0 0 (1031208960)
                              [N3:X] MOTOR_I 0 0 (0)
                              [N3:X] [undefined] 61 119 0 0 (1031208960)
2026-03-20 18:24:20:197 [IN ] C8 24 03 18 25 A5 03 01 31 03 CF 00 00 07 89 25 A5 03 01 31 05 E6 3D 77 00 00 D4 6F 00 C8 24 03 15 25 A5 03 01 31 03 CF 00 00 07 89 25 A5 03 01 31 05 E6 3D 77 00 00 (55)
                              [N3:X] MOTOR_I 0 0 (0)
                              [N3:X] [undefined] 61 119 0 0 (1031208960)
                              [N3:X] MOTOR_I 0 0 (0)
2026-03-20 18:24:20:398 [IN ] C8 24 03 1B 00 D4 6F 25 A5 03 01 31 03 CF 00 00 07 89 25 A5 03 01 31 05 E6 3D 77 00 00 D4 6F D1 C8 24 03 18 25 A5 03 01 31 03 CF 00 00 07 89 25 A5 03 01 31 05 E6 3D 77 00 00 D4 6F 00 (61)
                              [N3:X] [undefined] 61 119 0 0 (1031208960)
                              [N3:X] MOTOR_I 0 0 (0)
                              [N3:X] [undefined] 61 119 0 0 (1031208960)
                              [N3:X] MOTOR_I 0 0 (0)
                              [N3:X] [undefined] 61 119 0 0 (1031208960)
2026-03-20 18:24:20:599 [IN ] C8 24 03 18 25 A5 03 01 31 03 CF 00 00 07 89 25 A5 03 01 31 05 E6 3D 77 00 00 D4 6F 00 C8 24 03 18 25 A5 03 01 31 03 CF 00 00 07 89 25 A5 03 01 31 05 E6 3D 77 00 00 D4 6F 00 (58)
                              [N3:X] MOTOR_I 0 0 (0)
                              [N3:X] [undefined] 61 119 0 0 (1031208960)
                              [N3:X] MOTOR_I 0 0 (0)
                              [N3:X] [undefined] 61 119 0 0 (1031208960)
2026-03-20 18:24:20:801 [IN ] C8 24 03 18 25 A5 03 01 31 03 CF 00 00 07 89 25 A5 03 01 31 05 E6 3D 77 00 00 D4 6F 00 C8 24 03 18 25 A5 03 01 31 03 CF 00 00 07 89 25 A5 03 01 31 05 E6 3D 77 00 00 D4 6F 00 (58)
                              [N3:X] MOTOR_I 0 0 (0)
                              [N3:X] [undefined] 61 119 0 0 (1031208960)
                              [N3:X] MOTOR_I 0 0 (0)
                              [N3:X] [undefined] 61 119 0 0 (1031208960)
2026-03-20 18:24:21:004 [IN ] C8 24 03 18 25 A5 03 01 31 03 CF 00 00 07 89 25 A5 03 01 31 05 E6 3D 77 00 00 D4 6F 00 C8 24 03 18 25 A5 03 01 31 03 CF 00 00 07 89 25 A5 03 01 31 05 E6 3D 77 00 00 D4 6F 00 (58)
                              [N3:X] MOTOR_I 0 0 (0)
                              [N3:X] [undefined] 61 119 0 0 (1031208960)
                              [N3:X] MOTOR_I 0 0 (0)
                              [N3:X] [undefined] 61 119 0 0 (1031208960)
2026-03-20 18:24:21:206 [IN ] C8 24 03 18 25 A5 03 01 31 03 CF 00 00 07 89 25 A5 03 01 31 05 E6 3D 77 00 00 D4 6F 00 C8 24 03 18 25 A5 03 01 31 03 CF 00 00 07 89 25 A5 03 01 31 05 E6 3D 77 00 00 D4 6F 00 (58)
                              [N3:X] MOTOR_I 0 0 (0)
                              [N3:X] [undefined] 61 119 0 0 (1031208960)
                              [N3:X] MOTOR_I 0 0 (0)
                              [N3:X] [undefined] 61 119 0 0 (1031208960)
2026-03-20 18:24:21:407 [IN ] C8 24 03 18 25 A5 03 01 31 03 CF 00 00 07 89 25 A5 03 01 31 05 E6 3D 77 00 00 D4 6F 00 C8 24 03 0E 25 A5 03 01 31 03 CF 00 00 07 89 25 A5 03 01 C8 24 03 0A 01 31 05 E6 3D 77 00 00 D4 6F 89 (63)
                              [N3:X] MOTOR_I 0 0 (0)
                              [N3:X] [undefined] 61 119 0 0 (1031208960)
                              [N3:X] MOTOR_I 0 0 (0)
                              [N3:X] [undefined] 61 119 0 0 (1031208960)
2026-03-20 18:24:21:608 [IN ] C8 24 03 18 25 A5 03 01 31 03 CF 00 00 07 89 25 A5 03 01 31 05 E6 3D 77 00 00 D4 6F 00 C8 24 03 18 25 A5 03 01 31 03 CF 00 00 07 89 25 A5 03 01 31 05 E6 3D 77 00 00 D4 6F 00 (58)
                              [N3:X] MOTOR_I 0 0 (0)
                              [N3:X] [undefined] 61 119 0 0 (1031208960)
                              [N3:X] MOTOR_I 0 0 (0)
                              [N3:X] [undefined] 61 119 0 0 (1031208960)
2026-03-20 18:24:21:810 [IN ] C8 24 03 18 25 A5 03 01 31 03 CF 00 00 07 89 25 A5 03 01 31 05 E6 3D 77 00 00 D4 6F 00 C8 24 03 18 25 A5 03 01 31 03 CF 00 00 07 89 25 A5 03 01 31 05 E6 3D 77 00 00 D4 6F 00 (58)
                              [N3:X] MOTOR_I 0 0 (0)
                              [N3:X] [undefined] 61 119 0 0 (1031208960)
                              [N3:X] MOTOR_I 0 0 (0)
                              [N3:X] [undefined] 61 119 0 0 (1031208960)
2026-03-20 18:24:22:012 [IN ] C8 24 03 18 25 A5 03 01 31 03 CF 00 00 07 89 25 A5 03 01 31 05 E6 3D 77 00 00 D4 6F 00 C8 24 03 18 25 A5 03 01 31 03 CF 00 00 07 89 25 A5 03 01 31 05 E6 3D 77 00 00 D4 6F 00 (58)
                              [N3:X] MOTOR_I 0 0 (0)
                              [N3:X] [undefined] 61 119 0 0 (1031208960)
                              [N3:X] MOTOR_I 0 0 (0)
                              [N3:X] [undefined] 61 119 0 0 (1031208960)
2026-03-20 18:24:22:214 [IN ] C8 24 03 18 25 A5 03 01 31 03 CF 00 00 07 89 25 A5 03 01 31 05 E6 3D 77 00 00 D4 6F 00 C8 24 03 18 25 A5 03 01 31 03 CF 00 00 07 89 25 A5 03 01 31 05 E6 3D 77 00 00 D4 6F 00 (58)
                              [N3:X] MOTOR_I 0 0 (0)
                              [N3:X] [undefined] 61 119 0 0 (1031208960)
                              [N3:X] MOTOR_I 0 0 (0)
                              [N3:X] [undefined] 61 119 0 0 (1031208960)
2026-03-20 18:24:22:416 [IN ] C8 24 03 18 25 A5 03 01 31 03 CF 00 00 07 89 25 A5 03 01 31 05 E6 3D 77 00 00 D4 6F 00 C8 24 03 18 25 A5 03 01 31 03 CF 00 00 07 89 25 A5 03 01 31 05 E6 3D 77 00 00 D4 6F 00 (58)
                              [N3:X] MOTOR_I 0 0 (0)
                              [N3:X] [undefined] 61 119 0 0 (1031208960)
                              [N3:X] MOTOR_I 0 0 (0)
                              [N3:X] [undefined] 61 119 0 0 (1031208960)
2026-03-20 18:24:22:617 [IN ] C8 24 03 18 25 A5 03 01 31 03 CF 00 00 07 89 25 A5 03 01 31 05 E6 3D 77 00 00 D4 6F 00 C8 24 03 18 25 A5 03 01 31 03 CF 00 00 07 89 25 A5 03 01 31 05 E6 3D 77 00 00 D4 6F 00 (58)
                              [N3:X] MOTOR_I 0 0 (0)
                              [N3:X] [undefined] 61 119 0 0 (1031208960)
                              [N3:X] MOTOR_I 0 0 (0)
                              [N3:X] [undefined] 61 119 0 0 (1031208960)
2026-03-20 18:24:22:818 [IN ] C8 24 03 15 25 A5 03 01 31 03 CF 00 00 07 89 25 A5 03 01 31 05 E6 3D 77 00 00 C8 24 03 1B 00 D4 6F 25 A5 03 01 31 03 CF 00 00 07 89 25 A5 03 01 31 05 E6 3D 77 00 00 D4 6F D1 (58)
                              [N3:X] MOTOR_I 0 0 (0)
                              [N3:X] [undefined] 61 119 0 0 (1031208960)
                              [N3:X] MOTOR_I 0 0 (0)
                              [N3:X] [undefined] 61 119 0 0 (1031208960)
2026-03-20 18:24:23:022 [IN ] C8 24 05 0B 25 A5 05 01 31 03 81 5A 4C 61 AD 00 C8 24 03 18 25 A5 03 01 31 03 CF 00 00 07 89 25 A5 03 01 31 05 E6 3D 77 00 00 D4 6F 00 C8 24 05 0A 25 A5 05 01 31 02 81 49 03 38 89 C8 24 03 18 
25 A5 03 01 31 03 CF 00 00 07 89 25 A5 03 01 31 05 E6 3D 77 00 00 D4 6F 00 C8 24 08 0B 25 A5 08 01 31 03 81 5A 52 6A C8 25 (105)
                              [N5:V] TPOS 'Z' 76 (76)
                              [N3:X] MOTOR_I 0 0 (0)
                              [N3:X] [undefined] 61 119 0 0 (1031208960)
                              [N5:V] TPOS 'I'
                              [N3:X] MOTOR_I 0 0 (0)
                              [N3:X] [undefined] 61 119 0 0 (1031208960)
                              [N8:R] TPOS 'Z' 82 (82)
2026-03-20 18:24:23:224 [IN ] C8 24 08 0A 25 A5 08 01 31 02 81 49 06 4A C8 C8 24 03 18 25 A5 03 01 31 03 CF 00 00 07 89 25 A5 03 01 31 05 E6 3D 77 00 00 D4 6F 00 C8 24 03 18 25 A5 03 01 31 03 CF 00 00 07 89 25 A5 03 01 31 
05 E6 3D 77 00 00 D4 6F 00 (73)
                              [N8:R] TPOS 'I'
                              [N3:X] MOTOR_I 0 0 (0)
                              [N3:X] [undefined] 61 119 0 0 (1031208960)
                              [N3:X] MOTOR_I 0 0 (0)
                              [N3:X] [undefined] 61 119 0 0 (1031208960)
2026-03-20 18:24:23:245 [OUT] 25 A5 01 05 31 03 C9 3D 09 49 04 (11)
                              [N5:V] LFLAG '=' 9 (9)
2026-03-20 18:24:23:290 [OUT] 25 A5 01 08 31 03 CA 3D 09 4D 19 (11)
                              [N8:R] RFLAG '=' 9 (9)
2026-03-20 18:24:23:293 [IN ] C8 24 03 18 25 A5 03 01 31 03 CF 00 00 07 89 25 A5 03 01 31 05 E6 3D 77 00 00 D4 6F 00 (29)
                              [N3:X] MOTOR_I 0 0 (0)
                              [N3:X] [undefined] 61 119 0 0 (1031208960)
2026-03-20 18:24:23:396 [IN ] C8 24 03 18 25 A5 03 01 31 03 CF 00 00 07 89 25 A5 03 01 31 05 E6 3D 77 00 00 D4 6F 00 (29)
                              [N3:X] MOTOR_I 0 0 (0)
                              [N3:X] [undefined] 61 119 0 0 (1031208960)
2026-03-20 18:24:23:418 [IN ] C8 24 05 0B 25 A5 05 01 31 03 C9 3A 09 46 02 25 (16)
                              [N5:V] LFLAG ':' 9 (9)
2026-03-20 18:24:23:438 [OUT] 25 A5 01 05 31 03 84 00 50 0E 02 (11)
                              [N5:V] VEL 0 80 (80)
2026-03-20 18:24:23:480 [IN ] C8 24 03 18 25 A5 03 01 31 03 CF 00 00 07 89 25 A5 03 01 31 05 E6 3D 77 00 00 D4 6F 00 (29)
                              [N3:X] MOTOR_I 0 0 (0)
                              [N3:X] [undefined] 61 119 0 0 (1031208960)
2026-03-20 18:24:23:522 [IN ] C8 24 08 0B 25 A5 08 01 31 03 CA 3A 09 4A 1A 25 (16)
                              [N8:R] RFLAG ':' 9 (9)
2026-03-20 18:24:23:543 [OUT] 25 A5 01 08 31 05 81 FF DC 77 1D 2F DE (13)
                              [N8:R] TPOS 255 220 119 29 (-2328803)
2026-03-20 18:24:23:606 [IN ] C8 24 03 18 25 A5 03 01 31 03 CF 00 00 07 89 25 A5 03 01 31 05 E6 3D 77 00 00 D4 6F 00 (29)
                              [N3:X] MOTOR_I 0 0 (0)
                              [N3:X] [undefined] 61 119 0 0 (1031208960)
2026-03-20 18:24:23:628 [IN ] C8 24 05 0C 25 A5 05 01 31 04 84 53 00 50 62 C2 A5 (17)
                              [N5:V] VEL 'S' 0 80 (80)
2026-03-20 18:24:23:650 [OUT] 25 A5 01 05 31 05 81 00 19 82 3C 94 B6 (13)
                              [N5:V] TPOS 0 25 130 60 (1671740)
2026-03-20 18:24:23:692 [IN ] C8 24 03 18 25 A5 03 01 31 03 CF 00 00 07 89 25 A5 03 01 31 05 E6 3D 77 00 00 D4 6F 00 (29)
                              [N3:X] MOTOR_I 0 0 (0)
                              [N3:X] [undefined] 61 119 0 0 (1031208960)
2026-03-20 18:24:23:734 [IN ] C8 24 08 0E 25 (5)
2026-03-20 18:24:23:757 [IN ] A5 08 01 31 06 81 53 FF FF FF C2 D3 69 01 (14)
                              [N8:R] TPOS 'S' 255 255 255 194 (-62)
2026-03-20 18:24:23:800 [IN ] C8 24 03 18 25 A5 03 01 31 03 CF 00 00 07 89 25 A5 03 01 31 05 E6 3D 77 00 00 D4 6F 00 (29)
                              [N3:X] MOTOR_I 0 0 (0)
                              [N3:X] [undefined] 61 119 0 0 (1031208960)
2026-03-20 18:24:23:882 [IN ] C8 24 03 0E 25 A5 03 01 31 03 CF 00 00 07 89 25 A5 03 01 C8 24 05 0E 25 A5 05 01 31 06 81 53 00 00 00 00 11 92 01 (38)
                              [N3:X] MOTOR_I 0 0 (0)
2026-03-20 18:24:23:904 [IN ] C8 24 03 0A 01 31 05 E6 3D 77 00 00 D4 6F 00 (15)
2026-03-20 18:24:23:989 [IN ] C8 24 03 18 25 A5 03 01 31 03 CF 00 00 07 89 25 A5 03 01 31 05 E6 3D 77 00 00 D4 6F 00 (29)
                              [N3:X] MOTOR_I 0 0 (0)
                              [N3:X] [undefined] 61 119 0 0 (1031208960)
2026-03-20 18:24:24:073 [IN ] C8 24 03 18 25 (5)
2026-03-20 18:24:24:096 [IN ] A5 03 01 31 03 CF 00 00 07 89 25 A5 03 01 31 05 E6 3D 77 00 00 D4 6F 00 (24)
                              [N3:X] MOTOR_I 0 0 (0)
                              [N3:X] [undefined] 61 119 0 0 (1031208960)
2026-03-20 18:24:24:117 [IN ] C8 24 07 0E 25 A5 07 01 31 06 81 45 FF AB 14 B2 75 37 01 (19)
                              [N7:N] TPOS 'E' 255 171 20 178 (-5565262)
2026-03-20 18:24:24:162 [IN ] C8 24 0C 0E 25 A5 0C 01 31 06 81 45 FF BC CF 0C A0 6C 01 (19)
                              [N12:Z] TPOS 'E' 255 188 207 12 (-4403444)
2026-03-20 18:24:24:184 [OUT] 25 A5 01 07 31 05 81 FF F3 35 BF A5 39 (13)
                              [N7:N] TPOS 255 243 53 191 (-838209)
2026-03-20 18:24:24:186 [IN ] C8 24 03 18 25 A5 03 01 31 03 CF 00 00 07 89 25 A5 03 01 31 05 E6 3D 77 00 00 D4 6F 00 (29)
                              [N3:X] MOTOR_I 0 0 (0)
                              [N3:X] [undefined] 61 119 0 0 (1031208960)
2026-03-20 18:24:24:230 [OUT] 25 A5 01 0C 31 05 81 FF D1 1A 67 15 6D (13)
                              [N12:Z] TPOS 255 209 26 103 (-3073433)
2026-03-20 18:24:24:292 [IN ] C8 24 03 18 25 A5 03 01 31 03 CF 00 00 07 89 25 A5 03 01 31 05 E6 3D 77 00 00 D4 6F 00 (29)
                              [N3:X] MOTOR_I 0 0 (0)
                              [N3:X] [undefined] 61 119 0 0 (1031208960)
2026-03-20 18:24:24:376 [IN ] C8 24 07 0E 25 A5 07 01 31 06 81 53 FF AB 14 B6 87 81 01 (19)
                              [N7:N] TPOS 'S' 255 171 20 182 (-5565258)
2026-03-20 18:24:24:398 [IN ] C8 24 03 18 25 A5 03 01 31 03 CF 00 00 07 89 25 A5 03 01 31 05 E6 3D 77 00 00 D4 6F 00 (29)
                              [N3:X] MOTOR_I 0 0 (0)
                              [N3:X] [undefined] 61 119 0 0 (1031208960)
2026-03-20 18:24:24:500 [IN ] C8 24 03 18 25 A5 03 01 31 03 CF 00 00 07 89 25 A5 03 01 31 05 E6 3D 77 00 00 D4 6F 00 (29)
                              [N3:X] MOTOR_I 0 0 (0)
                              [N3:X] [undefined] 61 119 0 0 (1031208960)
2026-03-20 18:24:24:521 [IN ] C8 24 0C 0E 25 A5 0C 01 31 06 81 53 FF BC CF 1D BF C3 01 (19)
                              [N12:Z] TPOS 'S' 255 188 207 29 (-4403427)
2026-03-20 18:24:24:585 [IN ] C8 24 03 18 25 A5 03 01 31 03 CF (11)
2026-03-20 18:24:24:605 [IN ] 00 00 07 89 25 A5 03 01 31 05 E6 3D 77 00 00 D4 6F 00 (18)
                              [N3:X] MOTOR_I 0 0 (0)
                              [N3:X] [undefined] 61 119 0 0 (1031208960)
2026-03-20 18:24:24:709 [IN ] C8 24 03 18 25 A5 03 01 31 03 CF 00 00 07 89 25 A5 03 01 31 05 E6 3D 77 00 00 D4 6F 00 (29)
                              [N3:X] MOTOR_I 0 0 (0)
                              [N3:X] [undefined] 61 119 0 0 (1031208960)
2026-03-20 18:24:24:791 [IN ] C8 24 03 18 25 A5 03 01 31 03 CF 00 00 07 89 25 A5 03 01 31 05 E6 3D 77 00 00 D4 6F 00 (29)
                              [N3:X] MOTOR_I 0 0 (0)
                              [N3:X] [undefined] 61 119 0 0 (1031208960)
2026-03-20 18:24:24:914 [IN ] C8 24 03 18 25 A5 03 01 31 03 CF 00 00 07 89 25 A5 03 01 31 05 E6 3D 77 00 00 D4 6F 00 (29)
                              [N3:X] MOTOR_I 0 0 (0)
                              [N3:X] [undefined] 61 119 0 0 (1031208960)
2026-03-20 18:24:24:998 [IN ] C8 24 03 18 25 A5 03 01 31 03 CF 00 00 07 89 25 A5 03 01 31 05 E6 3D 77 00 00 D4 6F 00 (29)
                              [N3:X] MOTOR_I 0 0 (0)
                              [N3:X] [undefined] 61 119 0 0 (1031208960)
2026-03-20 18:24:25:083 [IN ] C8 24 03 0E 25 A5 03 01 31 03 CF 00 00 07 89 25 A5 03 01 (19)
                              [N3:X] MOTOR_I 0 0 (0)
2026-03-20 18:24:25:104 [IN ] C8 24 03 0A 01 31 05 E6 3D 77 00 00 D4 6F 89 (15)
                              [N3:X] [undefined] 61 119 0 0 (1031208960)
2026-03-20 18:24:25:209 [IN ] C8 24 03 15 25 A5 03 01 31 03 CF 00 00 07 89 25 A5 03 01 31 05 E6 3D 77 00 00 (26)
                              [N3:X] MOTOR_I 0 0 (0)
2026-03-20 18:24:25:291 [IN ] C8 24 03 1B 00 D4 6F 25 A5 03 01 31 03 CF 00 00 07 89 25 A5 03 01 31 05 E6 3D 77 00 00 D4 6F D1 (32)
                              [N3:X] [undefined] 61 119 0 0 (1031208960)
                              [N3:X] MOTOR_I 0 0 (0)
                              [N3:X] [undefined] 61 119 0 0 (1031208960)
2026-03-20 18:24:25:415 [IN ] C8 24 03 18 25 A5 03 01 31 03 CF 00 00 07 89 25 A5 03 01 31 05 E6 3D 77 00 00 D4 6F 00 (29)
                              [N3:X] MOTOR_I 0 0 (0)
                              [N3:X] [undefined] 61 119 0 0 (1031208960)
2026-03-20 18:24:25:498 [IN ] C8 24 03 18 25 A5 03 01 31 03 CF 00 00 07 89 25 A5 03 01 31 05 E6 3D 77 00 00 D4 6F 00 (29)
                              [N3:X] MOTOR_I 0 0 (0)
                              [N3:X] [undefined] 61 119 0 0 (1031208960)
2026-03-20 18:24:25:600 [IN ] C8 24 03 18 25 A5 03 01 31 03 CF 00 00 07 89 25 A5 03 01 31 05 E6 3D 77 00 00 D4 6F 00 (29)
                              [N3:X] MOTOR_I 0 0 (0)
                              [N3:X] [undefined] 61 119 0 0 (1031208960)
2026-03-20 18:24:25:662 [OUT] 25 A5 01 05 31 05 81 00 19 82 3C 94 B6 (13)
                              [N5:V] TPOS 0 25 130 60 (1671740)
2026-03-20 18:24:25:705 [IN ] C8 24 03 18 25 A5 03 01 31 03 CF 00 00 07 89 25 A5 03 01 31 05 E6 3D 77 00 00 D4 6F 00 (29)
                              [N3:X] MOTOR_I 0 0 (0)
                              [N3:X] [undefined] 61 119 0 0 (1031208960)
2026-03-20 18:24:25:808 [IN ] C8 24 03 18 25 A5 03 01 31 03 CF 00 00 07 89 25 A5 03 01 31 05 E6 3D 77 00 00 D4 6F 00 (29)
                              [N3:X] MOTOR_I 0 0 (0)
                              [N3:X] [undefined] 61 119 0 0 (1031208960)
2026-03-20 18:24:25:851 [IN ] C8 24 05 0E 25 A5 05 01 31 06 81 53 00 06 31 65 AD (17)
2026-03-20 18:24:25:872 [IN ] 6B 01 (2)
                              [N5:V] TPOS 'S' 0 6 49 101 (405861)
2026-03-20 18:24:26:074 [IN ] C8 24 03 18 25 A5 03 01 31 03 CF 00 00 07 89 25 A5 03 01 31 05 E6 3D 77 00 00 D4 6F 00 C8 24 03 18 25 A5 03 01 31 03 CF 00 00 07 89 25 A5 03 01 31 05 E6 3D 77 00 00 D4 6F 00 (58)
                              [N3:X] MOTOR_I 0 0 (0)
                              [N3:X] [undefined] 61 119 0 0 (1031208960)
                              [N3:X] MOTOR_I 0 0 (0)
                              [N3:X] [undefined] 61 119 0 0 (1031208960)
2026-03-20 18:24:26:276 [IN ] C8 24 03 18 25 A5 03 01 31 03 CF 00 00 07 89 25 A5 03 01 31 05 E6 3D 77 00 00 D4 6F 00 C8 24 03 18 25 A5 03 01 31 03 CF 00 00 07 89 25 A5 03 01 31 05 E6 3D 77 00 00 D4 6F 00 (58)
                              [N3:X] MOTOR_I 0 0 (0)
                              [N3:X] [undefined] 61 119 0 0 (1031208960)
                              [N3:X] MOTOR_I 0 0 (0)
                              [N3:X] [undefined] 61 119 0 0 (1031208960)
2026-03-20 18:24:26:478 [IN ] C8 24 03 18 25 A5 03 01 31 03 CF 00 00 07 89 25 A5 03 01 31 05 E6 3D 77 00 00 D4 6F 00 C8 24 03 0E 25 A5 03 01 31 03 CF 00 00 07 89 25 A5 03 01 C8 24 03 0A 01 31 05 E6 3D 77 00 00 D4 6F 89 (63)
                              [N3:X] MOTOR_I 0 0 (0)
                              [N3:X] [undefined] 61 119 0 0 (1031208960)
                              [N3:X] MOTOR_I 0 0 (0)
                              [N3:X] [undefined] 61 119 0 0 (1031208960)
2026-03-20 18:24:26:681 [IN ] C8 24 03 18 25 A5 03 01 31 03 CF 00 00 07 89 25 A5 03 01 31 05 E6 3D 77 00 00 D4 6F 00 C8 24 03 18 25 A5 03 01 31 03 CF 00 00 07 89 25 A5 03 01 31 05 E6 3D 77 00 00 D4 6F 00 (58)
                              [N3:X] MOTOR_I 0 0 (0)
                              [N3:X] [undefined] 61 119 0 0 (1031208960)
                              [N3:X] MOTOR_I 0 0 (0)
                              [N3:X] [undefined] 61 119 0 0 (1031208960)
2026-03-20 18:24:26:882 [IN ] C8 24 03 18 25 A5 03 01 31 03 CF 00 00 07 89 25 A5 03 01 31 05 E6 3D 77 00 00 D4 6F 00 C8 24 03 18 25 A5 03 01 31 03 CF 00 00 07 89 25 A5 03 01 31 05 E6 3D 77 00 00 D4 6F 00 (58)
                              [N3:X] MOTOR_I 0 0 (0)
                              [N3:X] [undefined] 61 119 0 0 (1031208960)
                              [N3:X] MOTOR_I 0 0 (0)
                              [N3:X] [undefined] 61 119 0 0 (1031208960)
2026-03-20 18:24:27:084 [IN ] C8 24 03 18 25 A5 03 01 31 03 CF 00 00 07 89 25 A5 03 01 31 05 E6 3D 77 00 00 D4 6F 00 C8 24 03 18 25 A5 03 01 31 03 CF 00 00 07 89 25 A5 03 01 31 05 E6 3D 77 00 00 D4 6F 00 (58)
                              [N3:X] MOTOR_I 0 0 (0)
                              [N3:X] [undefined] 61 119 0 0 (1031208960)
                              [N3:X] MOTOR_I 0 0 (0)
                              [N3:X] [undefined] 61 119 0 0 (1031208960)
2026-03-20 18:24:27:286 [IN ] C8 24 03 18 25 A5 03 01 31 03 CF 00 00 07 89 25 A5 03 01 31 05 E6 3D 77 00 00 D4 6F 00 C8 24 03 18 25 A5 03 01 31 03 CF 00 00 07 89 25 A5 03 01 31 05 E6 3D 77 00 00 D4 6F 00 (58)
                              [N3:X] MOTOR_I 0 0 (0)
                              [N3:X] [undefined] 61 119 0 0 (1031208960)
                              [N3:X] MOTOR_I 0 0 (0)
                              [N3:X] [undefined] 61 119 0 0 (1031208960)
2026-03-20 18:24:27:488 [IN ] C8 24 03 18 25 A5 03 01 31 03 CF 00 00 07 89 25 A5 03 01 31 05 E6 3D 77 00 00 D4 6F 00 C8 24 03 18 25 A5 03 01 31 03 CF 00 00 07 89 25 A5 03 01 31 05 E6 3D 77 00 00 D4 6F 00 (58)
                              [N3:X] MOTOR_I 0 0 (0)
                              [N3:X] [undefined] 61 119 0 0 (1031208960)
                              [N3:X] MOTOR_I 0 0 (0)
                              [N3:X] [undefined] 61 119 0 0 (1031208960)
2026-03-20 18:24:27:690 [IN ] C8 24 03 18 25 A5 03 01 31 03 CF 00 00 07 89 25 A5 03 01 31 05 E6 3D 77 00 00 D4 6F 00 C8 24 03 0E 25 A5 03 01 31 03 CF 00 00 07 89 25 A5 03 01 C8 24 03 0A 01 31 05 E6 3D 77 00 00 D4 6F 89 (63)
                              [N3:X] MOTOR_I 0 0 (0)
                              [N3:X] [undefined] 61 119 0 0 (1031208960)
                              [N3:X] MOTOR_I 0 0 (0)
                              [N3:X] [undefined] 61 119 0 0 (1031208960)
2026-03-20 18:24:27:892 [IN ] C8 24 03 15 25 A5 03 01 31 03 CF 00 00 07 89 25 A5 03 01 31 05 E6 3D 77 00 00 C8 24 03 1B 00 D4 6F 25 A5 03 01 31 03 CF 00 00 07 89 25 A5 03 01 31 05 E6 3D 77 00 00 D4 6F D1 (58)
                              [N3:X] MOTOR_I 0 0 (0)
                              [N3:X] [undefined] 61 119 0 0 (1031208960)
                              [N3:X] MOTOR_I 0 0 (0)
                              [N3:X] [undefined] 61 119 0 0 (1031208960)
2026-03-20 18:24:28:093 [IN ] C8 24 03 18 25 A5 03 01 31 03 CF 00 00 07 89 25 A5 03 01 31 05 E6 3D 77 00 00 D4 6F 00 C8 24 03 18 25 A5 03 01 31 03 CF 00 00 07 89 25 A5 03 01 31 05 E6 3D 77 00 00 D4 6F 00 (58)
                              [N3:X] MOTOR_I 0 0 (0)
                              [N3:X] [undefined] 61 119 0 0 (1031208960)
                              [N3:X] MOTOR_I 0 0 (0)
                              [N3:X] [undefined] 61 119 0 0 (1031208960)
2026-03-20 18:24:28:295 [IN ] C8 24 03 18 25 A5 03 01 31 03 CF 00 00 07 89 25 A5 03 01 31 05 E6 3D 77 00 00 D4 6F 00 C8 24 03 18 25 A5 03 01 31 03 CF 00 00 07 89 25 A5 03 01 31 05 E6 3D 77 00 00 D4 6F 00 (58)
                              [N3:X] MOTOR_I 0 0 (0)
                              [N3:X] [undefined] 61 119 0 0 (1031208960)
                              [N3:X] MOTOR_I 0 0 (0)
                              [N3:X] [undefined] 61 119 0 0 (1031208960)
2026-03-20 18:24:28:499 [IN ] C8 24 03 18 25 A5 03 01 31 03 CF 00 00 07 89 25 A5 03 01 31 05 E6 3D 77 00 00 D4 6F 00 C8 24 03 18 25 A5 03 01 31 03 CF 00 00 07 89 25 A5 03 01 31 05 E6 3D 77 00 00 D4 6F 00 (58)
                              [N3:X] MOTOR_I 0 0 (0)
                              [N3:X] [undefined] 61 119 0 0 (1031208960)
                              [N3:X] MOTOR_I 0 0 (0)
                              [N3:X] [undefined] 61 119 0 0 (1031208960)
2026-03-20 18:24:28:700 [IN ] C8 24 03 18 25 A5 03 01 31 03 CF 00 00 07 89 25 A5 03 01 31 05 E6 3D 77 00 00 D4 6F 00 C8 24 03 18 25 A5 03 01 31 03 CF 00 00 07 89 25 A5 03 01 31 05 E6 3D 77 00 00 D4 6F 00 (58)
                              [N3:X] MOTOR_I 0 0 (0)
                              [N3:X] [undefined] 61 119 0 0 (1031208960)
                              [N3:X] MOTOR_I 0 0 (0)
                              [N3:X] [undefined] 61 119 0 0 (1031208960)
2026-03-20 18:24:28:901 [IN ] C8 24 03 18 25 A5 03 01 31 03 CF 00 00 07 89 25 A5 03 01 31 05 E6 3D 77 00 00 D4 6F 00 C8 24 03 18 25 A5 03 01 31 03 CF 00 00 07 89 25 A5 03 01 31 05 E6 3D 77 00 00 D4 6F 00 (58)
                              [N3:X] MOTOR_I 0 0 (0)
                              [N3:X] [undefined] 61 119 0 0 (1031208960)
                              [N3:X] MOTOR_I 0 0 (0)
                              [N3:X] [undefined] 61 119 0 0 (1031208960)
2026-03-20 18:24:29:105 [IN ] C8 24 03 15 25 A5 03 01 31 03 CF 00 00 07 89 25 A5 03 01 31 05 E6 3D 77 00 00 C8 24 03 1B 00 D4 6F 25 A5 03 01 31 03 CF 00 00 07 89 25 A5 03 01 31 05 E6 3D 77 00 00 D4 6F D1 (58)
                              [N3:X] MOTOR_I 0 0 (0)
                              [N3:X] [undefined] 61 119 0 0 (1031208960)
                              [N3:X] MOTOR_I 0 0 (0)
                              [N3:X] [undefined] 61 119 0 0 (1031208960)
2026-03-20 18:24:29:307 [IN ] C8 24 03 18 25 A5 03 01 31 03 CF 00 00 07 89 25 A5 03 01 31 05 E6 3D 77 00 00 D4 6F 00 C8 24 03 18 25 A5 03 01 31 03 CF 00 00 07 89 25 A5 03 01 31 05 E6 3D 77 00 00 D4 6F 00 (58)
                              [N3:X] MOTOR_I 0 0 (0)
                              [N3:X] [undefined] 61 119 0 0 (1031208960)
                              [N3:X] MOTOR_I 0 0 (0)
                              [N3:X] [undefined] 61 119 0 0 (1031208960)
2026-03-20 18:24:29:508 [IN ] C8 24 03 18 25 A5 03 01 31 03 CF 00 00 07 89 25 A5 03 01 31 05 E6 3D 77 00 00 D4 6F 00 C8 24 03 18 25 A5 03 01 31 03 CF 00 00 07 89 25 A5 03 01 31 05 E6 3D 77 00 00 D4 6F 00 (58)
                              [N3:X] MOTOR_I 0 0 (0)
                              [N3:X] [undefined] 61 119 0 0 (1031208960)
                              [N3:X] MOTOR_I 0 0 (0)
                              [N3:X] [undefined] 61 119 0 0 (1031208960)
2026-03-20 18:24:29:710 [IN ] C8 24 03 18 25 A5 03 01 31 03 CF 00 00 07 89 25 A5 03 01 31 05 E6 3D 77 00 00 D4 6F 00 C8 24 03 18 25 A5 03 01 31 03 CF 00 00 07 89 25 A5 03 01 31 05 E6 3D 77 00 00 D4 6F 00 (58)
                              [N3:X] MOTOR_I 0 0 (0)
                              [N3:X] [undefined] 61 119 0 0 (1031208960)
                              [N3:X] MOTOR_I 0 0 (0)
                              [N3:X] [undefined] 61 119 0 0 (1031208960)
2026-03-20 18:24:29:912 [IN ] C8 24 03 18 25 A5 03 01 31 03 CF 00 00 07 89 25 A5 03 01 31 05 E6 3D 77 00 00 D4 6F 00 C8 24 03 18 25 A5 03 01 31 03 CF 00 00 07 89 25 A5 03 01 31 05 E6 3D 77 00 00 D4 6F 00 (58)
                              [N3:X] MOTOR_I 0 0 (0)
                              [N3:X] [undefined] 61 119 0 0 (1031208960)
                              [N3:X] MOTOR_I 0 0 (0)
                              [N3:X] [undefined] 61 119 0 0 (1031208960)
2026-03-20 18:24:30:113 [IN ] C8 24 03 18 25 A5 03 01 31 03 CF 00 00 07 89 25 A5 03 01 31 05 E6 3D 77 00 00 D4 6F 00 C8 24 03 18 25 A5 03 01 31 03 CF 00 00 07 89 25 A5 03 01 31 05 E6 3D 77 00 00 D4 6F 00 (58)
                              [N3:X] MOTOR_I 0 0 (0)
                              [N3:X] [undefined] 61 119 0 0 (1031208960)
                              [N3:X] MOTOR_I 0 0 (0)
                              [N3:X] [undefined] 61 119 0 0 (1031208960)
2026-03-20 18:24:30:316 [IN ] C8 24 03 0E 25 A5 03 01 31 03 CF 00 00 07 89 25 A5 03 01 C8 24 03 0A 01 31 05 E6 3D 77 00 00 D4 6F 89 C8 24 03 18 25 A5 03 01 31 03 CF 00 00 07 89 25 A5 03 01 31 05 E6 3D 77 00 00 D4 6F 00 (63)
                              [N3:X] MOTOR_I 0 0 (0)
                              [N3:X] [undefined] 61 119 0 0 (1031208960)
                              [N3:X] MOTOR_I 0 0 (0)
                              [N3:X] [undefined] 61 119 0 0 (1031208960)
2026-03-20 18:24:30:518 [IN ] C8 24 03 18 25 A5 03 01 31 03 CF 00 00 07 89 25 A5 03 01 31 05 E6 3D 77 00 00 D4 6F 00 C8 24 03 18 25 A5 03 01 31 03 CF 00 00 07 89 25 A5 03 01 31 05 E6 3D 77 00 00 D4 6F 00 (58)
                              [N3:X] MOTOR_I 0 0 (0)
                              [N3:X] [undefined] 61 119 0 0 (1031208960)
                              [N3:X] MOTOR_I 0 0 (0)
                              [N3:X] [undefined] 61 119 0 0 (1031208960)
2026-03-20 18:24:30:720 [IN ] C8 24 03 18 25 A5 03 01 31 03 CF 00 00 07 89 25 A5 03 01 31 05 E6 3D 77 00 00 D4 6F 00 C8 24 03 18 25 A5 03 01 31 03 CF 00 00 07 89 25 A5 03 01 31 05 E6 3D 77 00 00 D4 6F 00 (58)
                              [N3:X] MOTOR_I 0 0 (0)
                              [N3:X] [undefined] 61 119 0 0 (1031208960)
                              [N3:X] MOTOR_I 0 0 (0)
                              [N3:X] [undefined] 61 119 0 0 (1031208960)
2026-03-20 18:24:30:922 [IN ] C8 24 03 18 25 A5 03 01 31 03 CF 00 00 07 89 25 A5 03 01 31 05 E6 3D 77 00 00 D4 6F 00 C8 24 03 18 25 A5 03 01 31 03 CF 00 00 07 89 25 A5 03 01 31 05 E6 3D 77 00 00 D4 6F 00 (58)
                              [N3:X] MOTOR_I 0 0 (0)
                              [N3:X] [undefined] 61 119 0 0 (1031208960)
                              [N3:X] MOTOR_I 0 0 (0)
                              [N3:X] [undefined] 61 119 0 0 (1031208960)
2026-03-20 18:24:31:123 [IN ] C8 24 03 18 25 A5 03 01 31 03 CF 00 00 07 89 25 A5 03 01 31 05 E6 3D 77 00 00 D4 6F 00 C8 24 03 18 25 A5 03 01 31 03 CF 00 00 07 89 25 A5 03 01 31 05 E6 3D 77 00 00 D4 6F 00 (58)
                              [N3:X] MOTOR_I 0 0 (0)
                              [N3:X] [undefined] 61 119 0 0 (1031208960)
                              [N3:X] MOTOR_I 0 0 (0)
                              [N3:X] [undefined] 61 119 0 0 (1031208960)
2026-03-20 18:24:31:325 [IN ] C8 24 03 18 25 A5 03 01 31 03 CF 00 00 07 89 25 A5 03 01 31 05 E6 3D 77 00 00 D4 6F 00 C8 24 03 18 25 A5 03 01 31 03 CF 00 00 07 89 25 A5 03 01 31 05 E6 3D 77 00 00 D4 6F 00 (58)
                              [N3:X] MOTOR_I 0 0 (0)
                              [N3:X] [undefined] 61 119 0 0 (1031208960)
                              [N3:X] MOTOR_I 0 0 (0)
                              [N3:X] [undefined] 61 119 0 0 (1031208960)
2026-03-20 18:24:31:527 [IN ] C8 24 03 0E 25 A5 03 01 31 03 CF 00 00 07 89 25 A5 03 01 C8 24 03 0A 01 31 05 E6 3D 77 00 00 D4 6F 89 C8 24 03 15 25 A5 03 01 31 03 CF 00 00 07 89 25 A5 03 01 31 05 E6 3D 77 00 00 (60)
                              [N3:X] MOTOR_I 0 0 (0)
                              [N3:X] [undefined] 61 119 0 0 (1031208960)
                              [N3:X] MOTOR_I 0 0 (0)
2026-03-20 18:24:31:728 [IN ] C8 24 03 1B 00 D4 6F 25 A5 03 01 31 03 CF 00 00 07 89 25 A5 03 01 31 05 E6 3D 77 00 00 D4 6F D1 C8 24 03 18 25 A5 03 01 31 03 CF 00 00 07 89 25 A5 03 01 31 05 E6 3D 77 00 00 D4 6F 00 (61)
                              [N3:X] [undefined] 61 119 0 0 (1031208960)
                              [N3:X] MOTOR_I 0 0 (0)
                              [N3:X] [undefined] 61 119 0 0 (1031208960)
                              [N3:X] MOTOR_I 0 0 (0)
                              [N3:X] [undefined] 61 119 0 0 (1031208960)
2026-03-20 18:24:31:930 [IN ] C8 24 03 18 25 A5 03 01 31 03 CF 00 00 07 89 25 A5 03 01 31 05 E6 3D 77 00 00 D4 6F 00 C8 24 0C 0E 25 A5 0C 01 31 06 81 45 FF D1 1C 76 6C AF 01 C8 24 03 18 25 A5 03 01 31 03 CF 00 00 07 89 25 
A5 03 01 31 05 E6 3D 77 00 00 D4 6F 00 C8 24 05 0E 25 A5 05 01 31 06 81 45 00 19 85 A0 41 41 01 (96)
                              [N3:X] MOTOR_I 0 0 (0)
                              [N3:X] [undefined] 61 119 0 0 (1031208960)
                              [N12:Z] TPOS 'E' 255 209 28 118 (-3072906)
                              [N3:X] MOTOR_I 0 0 (0)
                              [N3:X] [undefined] 61 119 0 0 (1031208960)
                              [N5:V] TPOS 'E' 0 25 133 160 (1672608)
2026-03-20 18:24:32:132 [IN ] C8 24 03 18 25 A5 03 01 31 03 CF 00 00 07 89 25 A5 03 01 31 05 E6 3D 77 00 00 D4 6F 00 C8 24 03 18 25 A5 03 01 31 03 CF 00 00 07 89 25 A5 03 01 31 05 E6 3D 77 00 00 D4 6F 00 (58)
                              [N3:X] MOTOR_I 0 0 (0)
                              [N3:X] [undefined] 61 119 0 0 (1031208960)
                              [N3:X] MOTOR_I 0 0 (0)
                              [N3:X] [undefined] 61 119 0 0 (1031208960)
2026-03-20 18:24:32:335 [IN ] C8 24 03 18 25 A5 03 01 31 03 CF 00 00 07 89 25 A5 03 01 31 05 E6 3D 77 00 00 D4 6F 00 C8 24 03 18 25 A5 03 01 31 03 CF 00 00 07 89 25 A5 03 01 31 05 E6 3D 77 00 00 D4 6F 00 (58)
                              [N3:X] MOTOR_I 0 0 (0)
                              [N3:X] [undefined] 61 119 0 0 (1031208960)
                              [N3:X] MOTOR_I 0 0 (0)
                              [N3:X] [undefined] 61 119 0 0 (1031208960)
2026-03-20 18:24:32:356 [OUT] 25 A5 01 05 31 05 81 00 0D 03 C1 8E 19 (13)
                              [N5:V] TPOS 0 13 3 193 (852929)
2026-03-20 18:24:32:357 [IN ] C8 24 03 18 25 A5 03 01 31 03 CF 00 00 07 89 25 A5 03 01 31 05 E6 3D 77 00 00 D4 6F 00 (29)
                              [N3:X] MOTOR_I 0 0 (0)
                              [N3:X] [undefined] 61 119 0 0 (1031208960)
2026-03-20 18:24:32:480 [IN ] C8 24 03 18 25 A5 03 01 31 03 CF 00 00 07 89 25 A5 03 01 31 05 E6 3D 77 00 00 D4 6F 00 (29)
                              [N3:X] MOTOR_I 0 0 (0)
                              [N3:X] [undefined] 61 119 0 0 (1031208960)
2026-03-20 18:24:32:543 [IN ] C8 24 05 0E 25 A5 05 01 31 06 81 53 00 19 85 A0 4F 87 01 (19)
                              [N5:V] TPOS 'S' 0 25 133 160 (1672608)
2026-03-20 18:24:32:745 [IN ] C8 24 03 18 25 A5 03 01 31 03 CF 00 00 07 89 25 A5 03 01 31 05 E6 3D 77 00 00 D4 6F 00 C8 24 03 0E 25 A5 03 01 31 03 CF 00 00 07 89 25 A5 03 01 C8 24 03 0A 01 31 05 E6 3D 77 00 00 D4 6F 89 (63)
                              [N3:X] MOTOR_I 0 0 (0)
                              [N3:X] [undefined] 61 119 0 0 (1031208960)
                              [N3:X] MOTOR_I 0 0 (0)
                              [N3:X] [undefined] 61 119 0 0 (1031208960)
2026-03-20 18:24:32:946 [IN ] C8 24 03 18 25 A5 03 01 31 03 CF 00 00 07 89 25 A5 03 01 31 05 E6 3D 77 00 00 D4 6F 00 C8 24 03 18 25 A5 03 01 31 03 CF 00 00 07 89 25 A5 03 01 31 05 E6 3D 77 00 00 D4 6F 00 (58)
                              [N3:X] MOTOR_I 0 0 (0)
                              [N3:X] [undefined] 61 119 0 0 (1031208960)
                              [N3:X] MOTOR_I 0 0 (0)
                              [N3:X] [undefined] 61 119 0 0 (1031208960)
2026-03-20 18:24:33:148 [IN ] C8 24 03 18 25 A5 03 01 31 03 CF 00 00 07 89 25 A5 03 01 31 05 E6 3D 77 00 00 D4 6F 00 C8 24 03 18 25 A5 03 01 31 03 CF 00 00 07 89 25 A5 03 01 31 05 E6 3D 77 00 00 D4 6F 00 C8 24 03 18 25 A5 
03 01 31 03 CF 00 00 07 89 25 A5 03 01 31 05 E6 3D 77 00 (83)
                              [N3:X] MOTOR_I 0 0 (0)
                              [N3:X] [undefined] 61 119 0 0 (1031208960)
                              [N3:X] MOTOR_I 0 0 (0)
                              [N3:X] [undefined] 61 119 0 0 (1031208960)
2026-03-20 18:24:33:352 [IN ] 00 D4 6F 00 C8 24 03 18 25 A5 03 01 31 03 CF 00 00 07 89 25 A5 03 01 31 05 E6 3D 77 00 00 D4 6F 00 (33)
                              [N3:X] MOTOR_I 0 0 (0)
                              [N3:X] [undefined] 61 119 0 0 (1031208960)
                              [N3:X] MOTOR_I 0 0 (0)
                              [N3:X] [undefined] 61 119 0 0 (1031208960)
2026-03-20 18:24:33:554 [IN ] C8 24 03 18 25 A5 03 01 31 03 CF 00 00 07 89 25 A5 03 01 31 05 E6 3D 77 00 00 D4 6F 00 C8 24 03 18 25 A5 03 01 31 03 CF 00 00 07 89 25 A5 03 01 31 05 E6 3D 77 00 00 D4 6F 00 (58)
                              [N3:X] MOTOR_I 0 0 (0)
                              [N3:X] [undefined] 61 119 0 0 (1031208960)
                              [N3:X] MOTOR_I 0 0 (0)
                              [N3:X] [undefined] 61 119 0 0 (1031208960)
2026-03-20 18:24:33:755 [IN ] C8 24 03 18 25 A5 03 01 31 03 CF 00 00 07 89 25 A5 03 01 31 05 E6 3D 77 00 00 D4 6F 00 C8 24 03 18 25 A5 03 01 31 03 CF 00 00 07 89 25 A5 03 01 31 05 E6 3D 77 00 00 D4 6F 00 (58)
                              [N3:X] MOTOR_I 0 0 (0)
                              [N3:X] [undefined] 61 119 0 0 (1031208960)
                              [N3:X] MOTOR_I 0 0 (0)
                              [N3:X] [undefined] 61 119 0 0 (1031208960)
2026-03-20 18:24:33:956 [IN ] C8 24 03 18 25 A5 03 01 31 03 CF 00 00 07 89 25 A5 03 01 31 05 E6 3D 77 00 00 D4 6F 00 C8 24 03 0E 25 A5 03 01 31 03 CF 00 00 07 89 25 A5 03 01 C8 24 03 0A 01 31 05 E6 3D 77 00 00 D4 6F 89 C8 
24 03 15 25 A5 03 01 31 03 CF (74)
                              [N3:X] MOTOR_I 0 0 (0)
                              [N3:X] [undefined] 61 119 0 0 (1031208960)
                              [N3:X] MOTOR_I 0 0 (0)
                              [N3:X] [undefined] 61 119 0 0 (1031208960)
2026-03-20 18:24:34:158 [IN ] 00 00 07 89 25 A5 03 01 31 05 E6 3D 77 00 00 C8 24 03 1B 00 D4 6F 25 A5 03 01 31 03 CF 00 00 07 89 25 A5 03 01 31 05 E6 3D 77 00 00 D4 6F D1 C8 24 03 18 25 A5 03 01 31 03 CF 00 00 07 89 25 A5 
03 01 31 05 E6 3D 77 00 00 D4 6F 00 (76)
                              [N3:X] MOTOR_I 0 0 (0)
                              [N3:X] [undefined] 61 119 0 0 (1031208960)
                              [N3:X] MOTOR_I 0 0 (0)
                              [N3:X] [undefined] 61 119 0 0 (1031208960)
                              [N3:X] MOTOR_I 0 0 (0)
                              [N3:X] [undefined] 61 119 0 0 (1031208960)
2026-03-20 18:24:34:361 [IN ] C8 24 03 18 25 A5 03 01 31 03 CF 00 00 07 89 25 A5 03 01 31 05 E6 3D 77 00 00 D4 6F 00 (29)
                              [N3:X] MOTOR_I 0 0 (0)
                              [N3:X] [undefined] 61 119 0 0 (1031208960)
2026-03-20 18:24:34:562 [IN ] C8 24 03 18 25 A5 03 01 31 03 CF 00 00 07 89 25 A5 03 01 31 05 E6 3D 77 00 00 D4 6F 00 C8 24 03 18 25 A5 03 01 31 03 CF 00 00 07 89 25 A5 03 01 31 05 E6 3D 77 00 00 D4 6F 00 (58)
                              [N3:X] MOTOR_I 0 0 (0)
                              [N3:X] [undefined] 61 119 0 0 (1031208960)
                              [N3:X] MOTOR_I 0 0 (0)
                              [N3:X] [undefined] 61 119 0 0 (1031208960)
2026-03-20 18:24:34:764 [IN ] C8 24 03 18 25 A5 03 01 31 03 CF 00 00 07 89 25 A5 03 01 31 05 E6 3D 77 00 00 D4 6F 00 C8 24 03 18 25 A5 03 01 31 03 CF 00 00 07 89 25 A5 03 01 31 05 E6 3D 77 00 00 D4 6F 00 (58)
                              [N3:X] MOTOR_I 0 0 (0)
                              [N3:X] [undefined] 61 119 0 0 (1031208960)
                              [N3:X] MOTOR_I 0 0 (0)
                              [N3:X] [undefined] 61 119 0 0 (1031208960)
2026-03-20 18:24:34:965 [IN ] C8 24 03 18 25 A5 03 01 31 03 CF 00 00 07 89 25 A5 03 01 31 05 E6 3D 77 00 00 D4 6F 00 C8 24 03 18 25 A5 03 01 31 03 CF 00 00 07 89 25 A5 03 01 31 05 E6 3D 77 00 00 D4 6F 00 (58)
                              [N3:X] MOTOR_I 0 0 (0)
                              [N3:X] [undefined] 61 119 0 0 (1031208960)
                              [N3:X] MOTOR_I 0 0 (0)
                              [N3:X] [undefined] 61 119 0 0 (1031208960)
2026-03-20 18:24:35:167 [IN ] C8 24 03 18 25 A5 03 01 31 03 CF 00 00 07 89 25 A5 03 01 31 05 E6 3D 77 00 00 D4 6F 00 C8 24 03 18 25 A5 03 01 31 03 CF 00 00 07 89 25 A5 03 01 31 05 E6 3D 77 00 00 D4 6F 00 C8 24 03 0E 25 A5 
03 01 31 03 CF 00 00 07 89 25 A5 03 01 (77)
                              [N3:X] MOTOR_I 0 0 (0)
                              [N3:X] [undefined] 61 119 0 0 (1031208960)
                              [N3:X] MOTOR_I 0 0 (0)
                              [N3:X] [undefined] 61 119 0 0 (1031208960)
                              [N3:X] MOTOR_I 0 0 (0)
2026-03-20 18:24:35:369 [IN ] C8 24 03 0A 01 31 05 E6 3D 77 00 00 D4 6F 89 C8 24 03 18 25 A5 03 01 31 03 CF 00 00 07 89 25 A5 03 01 31 05 E6 3D 77 00 00 D4 6F 00 (44)
                              [N3:X] [undefined] 61 119 0 0 (1031208960)
                              [N3:X] MOTOR_I 0 0 (0)
                              [N3:X] [undefined] 61 119 0 0 (1031208960)
2026-03-20 18:24:35:570 [IN ] C8 24 03 18 25 A5 03 01 31 03 CF 00 00 07 89 25 A5 03 01 31 05 E6 3D 77 00 00 D4 6F 00 C8 24 03 18 25 A5 03 01 31 03 CF 00 00 07 89 25 A5 03 01 31 05 E6 3D 77 00 00 D4 6F 00 (58)
                              [N3:X] MOTOR_I 0 0 (0)
                              [N3:X] [undefined] 61 119 0 0 (1031208960)
                              [N3:X] MOTOR_I 0 0 (0)
                              [N3:X] [undefined] 61 119 0 0 (1031208960)
2026-03-20 18:24:35:771 [IN ] C8 24 03 18 25 A5 03 01 31 03 CF 00 00 07 89 25 A5 03 01 31 05 E6 3D 77 00 00 D4 6F 00 C8 24 03 18 25 A5 03 01 31 03 CF 00 00 07 89 25 A5 03 01 31 05 E6 3D 77 00 00 D4 6F 00 C8 24 03 18 25 A5 
03 01 31 03 CF 00 (70)
                              [N3:X] MOTOR_I 0 0 (0)
                              [N3:X] [undefined] 61 119 0 0 (1031208960)
                              [N3:X] MOTOR_I 0 0 (0)
                              [N3:X] [undefined] 61 119 0 0 (1031208960)
2026-03-20 18:24:35:973 [IN ] 00 07 89 25 A5 03 01 31 05 E6 3D 77 00 00 D4 6F 00 C8 24 03 18 25 A5 03 01 31 03 CF 00 00 07 89 25 A5 03 01 31 05 E6 3D 77 00 00 D4 6F 00 (46)
                              [N3:X] MOTOR_I 0 0 (0)
                              [N3:X] [undefined] 61 119 0 0 (1031208960)
                              [N3:X] MOTOR_I 0 0 (0)
                              [N3:X] [undefined] 61 119 0 0 (1031208960)
2026-03-20 18:24:36:174 [IN ] C8 24 03 18 25 A5 03 01 31 03 CF 00 00 07 89 25 A5 03 01 31 05 E6 3D 77 00 00 D4 6F 00 C8 24 03 18 25 A5 03 01 31 03 CF 00 00 07 89 25 A5 03 01 31 05 E6 3D 77 00 00 D4 6F 00 (58)
                              [N3:X] MOTOR_I 0 0 (0)
                              [N3:X] [undefined] 61 119 0 0 (1031208960)
                              [N3:X] MOTOR_I 0 0 (0)
                              [N3:X] [undefined] 61 119 0 0 (1031208960)
2026-03-20 18:24:36:375 [IN ] C8 24 03 18 25 A5 03 01 31 03 CF 00 00 07 89 25 A5 03 01 31 05 E6 3D 77 00 00 D4 6F 00 C8 24 03 18 25 A5 03 01 31 03 CF 00 00 07 89 25 A5 03 01 31 05 E6 3D 77 00 00 D4 6F 00 C8 24 08 0E 25 A5 
08 01 31 06 81 45 FF DC 74 BA 0F 9C 01 (77)
                              [N3:X] MOTOR_I 0 0 (0)
                              [N3:X] [undefined] 61 119 0 0 (1031208960)
                              [N3:X] MOTOR_I 0 0 (0)
                              [N3:X] [undefined] 61 119 0 0 (1031208960)
                              [N8:R] TPOS 'E' 255 220 116 186 (-2329414)
2026-03-20 18:24:36:578 [IN ] C8 24 03 0E 25 A5 03 01 31 03 CF 00 00 07 89 25 A5 03 01 C8 24 03 0A 01 31 05 E6 3D 77 00 00 D4 6F 89 C8 24 03 15 25 A5 03 01 31 03 CF 00 00 07 89 25 A5 03 01 31 05 E6 3D 77 00 00 (60)
                              [N3:X] MOTOR_I 0 0 (0)
                              [N3:X] [undefined] 61 119 0 0 (1031208960)
                              [N3:X] MOTOR_I 0 0 (0)
2026-03-20 18:24:36:780 [IN ] C8 24 03 1B 00 D4 6F 25 A5 03 01 31 03 CF 00 00 07 89 25 A5 03 01 31 05 E6 3D 77 00 00 D4 6F D1 C8 24 03 18 25 A5 03 01 31 03 CF 00 00 07 89 25 A5 03 01 31 05 E6 3D 77 00 00 D4 6F 00 C8 24 03 
18 25 A5 03 01 31 03 CF 00 00 07 89 25 A5 03 01 31 05 E6 3D 77 00 00 D4 6F 00 (90)
                              [N3:X] [undefined] 61 119 0 0 (1031208960)
                              [N3:X] MOTOR_I 0 0 (0)
                              [N3:X] [undefined] 61 119 0 0 (1031208960)
                              [N3:X] MOTOR_I 0 0 (0)
                              [N3:X] [undefined] 61 119 0 0 (1031208960)
                              [N3:X] MOTOR_I 0 0 (0)
                              [N3:X] [undefined] 61 119 0 0 (1031208960)
2026-03-20 18:24:36:802 [OUT] 25 A5 01 08 31 05 81 FF EE 15 56 18 89 (13)
                              [N8:R] TPOS 255 238 21 86 (-1174186)
2026-03-20 18:24:36:906 [IN ] C8 24 03 18 25 A5 03 01 31 03 CF 00 00 07 89 25 A5 03 01 31 05 E6 3D 77 00 00 D4 6F 00 (29)
                              [N3:X] MOTOR_I 0 0 (0)
                              [N3:X] [undefined] 61 119 0 0 (1031208960)
2026-03-20 18:24:36:989 [IN ] C8 24 03 18 25 A5 03 01 31 03 CF 00 00 07 89 25 A5 03 01 31 05 E6 3D 77 00 00 D4 6F 00 C8 24 08 0E 25 A5 08 01 31 06 81 53 FF DC 74 C4 27 EC 01 (48)
                              [N3:X] MOTOR_I 0 0 (0)
                              [N3:X] [undefined] 61 119 0 0 (1031208960)
                              [N8:R] TPOS 'S' 255 220 116 196 (-2329404)
2026-03-20 18:24:37:190 [IN ] C8 24 03 18 25 A5 03 01 31 03 CF 00 00 07 89 25 A5 03 01 31 05 E6 3D 77 00 00 D4 6F 00 (29)
                              [N3:X] MOTOR_I 0 0 (0)
                              [N3:X] [undefined] 61 119 0 0 (1031208960)
2026-03-20 18:24:37:391 [IN ] C8 24 03 18 25 A5 03 01 31 03 CF 00 00 07 89 25 A5 03 01 31 05 E6 3D 77 00 00 D4 6F 00 C8 24 03 18 25 A5 03 01 31 03 CF 00 00 07 89 25 A5 03 01 31 05 E6 3D 77 00 00 D4 6F 00 (58)
                              [N3:X] MOTOR_I 0 0 (0)
                              [N3:X] [undefined] 61 119 0 0 (1031208960)
                              [N3:X] MOTOR_I 0 0 (0)
                              [N3:X] [undefined] 61 119 0 0 (1031208960)
2026-03-20 18:24:37:592 [IN ] C8 24 03 18 25 A5 03 01 31 03 CF 00 00 07 89 25 A5 03 01 31 05 E6 3D 77 00 00 D4 6F 00 C8 24 03 18 25 A5 03 01 31 03 CF 00 00 07 89 25 A5 03 01 31 05 E6 3D 77 00 00 D4 6F 00 C8 24 03 18 25 A5 
03 01 31 03 CF 00 00 (71)
                              [N3:X] MOTOR_I 0 0 (0)
                              [N3:X] [undefined] 61 119 0 0 (1031208960)
                              [N3:X] MOTOR_I 0 0 (0)
                              [N3:X] [undefined] 61 119 0 0 (1031208960)
2026-03-20 18:24:37:795 [IN ] 07 89 25 A5 03 01 31 05 E6 3D 77 00 00 D4 6F 00 C8 24 03 0E 25 A5 03 01 31 03 CF 00 00 07 89 25 A5 03 01 C8 24 03 0A 01 31 05 E6 3D 77 00 00 D4 6F 89 C8 24 05 0E 25 A5 05 01 31 06 81 45 00 0D 
02 1F 31 96 01 C8 24 03 18 25 A5 03 01 31 03 CF 00 00 07 89 25 A5 03 01 31 05 E6 3D 77 00 00 D4 6F 00 (98)
                              [N3:X] MOTOR_I 0 0 (0)
                              [N3:X] [undefined] 61 119 0 0 (1031208960)
                              [N3:X] MOTOR_I 0 0 (0)
                              [N3:X] [undefined] 61 119 0 0 (1031208960)
                              [N5:V] TPOS 'E' 0 13 2 31 (852511)
                              [N3:X] MOTOR_I 0 0 (0)
                              [N3:X] [undefined] 61 119 0 0 (1031208960)
2026-03-20 18:24:37:998 [IN ] C8 24 03 18 25 A5 03 01 31 03 CF 00 00 07 89 25 A5 03 01 31 05 E6 3D 77 00 00 D4 6F 00 C8 24 03 18 25 A5 03 01 31 03 CF 00 00 07 89 25 A5 03 01 31 05 E6 3D 77 00 00 D4 6F 00 (58)
                              [N3:X] MOTOR_I 0 0 (0)
                              [N3:X] [undefined] 61 119 0 0 (1031208960)
                              [N3:X] MOTOR_I 0 0 (0)
                              [N3:X] [undefined] 61 119 0 0 (1031208960)
2026-03-20 18:24:38:019 [OUT] 25 A5 01 03 31 05 81 FF ED B1 30 88 70 (13)
                              [N3:X] TPOS 255 237 177 48 (-1199824)
2026-03-20 18:24:38:041 [OUT] 25 A5 01 04 31 05 81 FF F3 BD 0C 77 7E (13)
                              [N4:Y] TPOS 255 243 189 12 (-803572)
2026-03-20 18:24:38:104 [IN ] C8 24 03 18 25 A5 03 01 31 03 CF 00 00 07 89 25 A5 03 01 31 05 E6 3D 77 00 00 D4 6F 00 (29)
                              [N3:X] MOTOR_I 0 0 (0)
                              [N3:X] [undefined] 61 119 0 0 (1031208960)
2026-03-20 18:24:38:208 [IN ] C8 24 03 26 25 A5 03 01 31 06 81 53 FF FD 50 81 DC 92 25 A5 03 01 31 03 CF 00 83 8A 0C 25 A5 03 01 31 05 E6 3D 77 FF B0 83 1D 50 (43)
                              [N3:X] TPOS 'S' 255 253 80 129 (-175999)
                              [N3:X] MOTOR_I 0 131 (131)
                              [N3:X] [undefined] 61 119 255 176 (1031274416)
2026-03-20 18:24:38:313 [IN ] C8 24 03 18 25 A5 03 01 31 03 CF 00 13 1A 9C 25 A5 03 01 31 05 E6 3D 77 FF B0 83 1D 0C (29)
                              [N3:X] MOTOR_I 0 19 (19)
                              [N3:X] [undefined] 61 119 255 176 (1031274416)
2026-03-20 18:24:38:335 [IN ] C8 24 04 0E 25 A5 04 01 31 06 81 53 FF FD 4F CA 25 E3 01 (19)
                              [N4:Y] TPOS 'S' 255 253 79 202 (-176182)
2026-03-20 18:24:38:537 [IN ] C8 24 03 18 25 A5 03 01 31 03 CF 00 05 0C 8E 25 A5 03 01 31 05 E6 3D 77 FF B0 83 1D 0C C8 24 03 18 25 A5 03 01 31 03 CF 00 0A 11 93 25 A5 03 01 31 05 E6 3D 77 FF B0 83 1D 0C (58)
                              [N3:X] MOTOR_I 0 5 (5)
                              [N3:X] [undefined] 61 119 255 176 (1031274416)
                              [N3:X] MOTOR_I 0 10 (10)
                              [N3:X] [undefined] 61 119 255 176 (1031274416)
2026-03-20 18:24:38:739 [IN ] C8 24 03 18 25 A5 03 01 31 03 CF 00 04 0B 8D 25 A5 03 01 31 05 E6 3D 77 FF B0 83 1D 0C C8 24 03 18 25 A5 03 01 31 03 CF 00 06 0D 8F 25 A5 03 01 31 05 E6 3D 77 FF B0 83 1D 0C (58)
                              [N3:X] MOTOR_I 0 4 (4)
                              [N3:X] [undefined] 61 119 255 176 (1031274416)
                              [N3:X] MOTOR_I 0 6 (6)
                              [N3:X] [undefined] 61 119 255 176 (1031274416)
2026-03-20 18:24:38:939 [IN ] C8 24 03 18 25 A5 03 01 31 03 CF 00 05 0C 8E 25 A5 03 01 31 05 E6 3D 77 FF B0 83 1D 0C C8 24 03 18 25 A5 03 01 31 03 CF 00 09 10 92 25 A5 03 01 31 05 E6 3D 77 FF B0 83 1D 0C (58)
                              [N3:X] MOTOR_I 0 5 (5)
                              [N3:X] [undefined] 61 119 255 176 (1031274416)
                              [N3:X] MOTOR_I 0 9 (9)
                              [N3:X] [undefined] 61 119 255 176 (1031274416)
2026-03-20 18:24:39:140 [IN ] C8 24 03 15 25 A5 03 01 31 03 CF 00 0C 13 95 25 A5 03 01 31 05 E6 3D 77 FF B0 C8 24 03 1B B0 83 1D 25 A5 03 01 31 03 CF 00 0D 14 96 25 A5 03 01 31 05 E6 3D 77 FF B0 83 1D 03 (58)
                              [N3:X] MOTOR_I 0 12 (12)
                              [N3:X] [undefined] 61 119 255 176 (1031274416)
                              [N3:X] MOTOR_I 0 13 (13)
                              [N3:X] [undefined] 61 119 255 176 (1031274416)
2026-03-20 18:24:39:342 [IN ] C8 24 03 18 25 A5 03 01 31 03 CF 00 02 09 8B 25 A5 03 01 31 05 E6 3D 77 FF B0 83 1D B0 C8 24 03 18 25 A5 03 01 31 03 CF 00 07 0E 90 25 A5 03 01 31 05 E6 3D 77 FF B0 83 1D B0 (58)
                              [N3:X] MOTOR_I 0 2 (2)
                              [N3:X] [undefined] 61 119 255 176 (1031274416)
                              [N3:X] MOTOR_I 0 7 (7)
                              [N3:X] [undefined] 61 119 255 176 (1031274416)
2026-03-20 18:24:39:543 [IN ] C8 24 03 18 25 A5 03 01 31 03 CF 00 0E 15 97 25 A5 03 01 31 05 E6 3D 77 FF B0 83 1D B0 C8 24 03 18 25 A5 03 01 31 03 CF 00 0A 11 93 25 A5 03 01 31 05 E6 3D 77 FF B0 83 1D B0 (58)
                              [N3:X] MOTOR_I 0 14 (14)
                              [N3:X] [undefined] 61 119 255 176 (1031274416)
                              [N3:X] MOTOR_I 0 10 (10)
                              [N3:X] [undefined] 61 119 255 176 (1031274416)
2026-03-20 18:24:39:744 [IN ] C8 24 03 18 25 A5 03 01 31 03 CF 00 07 0E 90 25 A5 03 01 31 05 E6 3D 77 FF B0 83 1D B0 C8 24 03 18 25 A5 03 01 31 03 CF 00 0A 11 93 25 A5 03 01 31 05 E6 3D 77 FF B0 83 1D B0 (58)
                              [N3:X] MOTOR_I 0 7 (7)
                              [N3:X] [undefined] 61 119 255 176 (1031274416)
                              [N3:X] MOTOR_I 0 10 (10)
                              [N3:X] [undefined] 61 119 255 176 (1031274416)
2026-03-20 18:24:39:945 [IN ] C8 24 03 18 25 A5 03 01 31 03 CF 00 0A 11 93 25 A5 03 01 31 05 E6 3D 77 FF B0 83 1D B0 C8 24 03 18 25 A5 03 01 31 03 CF 00 05 0C 8E 25 A5 03 01 31 05 E6 3D 77 FF B0 83 1D B0 (58)
                              [N3:X] MOTOR_I 0 10 (10)
                              [N3:X] [undefined] 61 119 255 176 (1031274416)
                              [N3:X] MOTOR_I 0 5 (5)
                              [N3:X] [undefined] 61 119 255 176 (1031274416)
2026-03-20 18:24:40:147 [IN ] C8 24 03 18 25 A5 03 01 31 03 CF 00 0F 16 98 25 A5 03 01 31 05 E6 3D 77 FF B0 83 1D B0 C8 24 03 18 25 A5 03 01 31 03 CF 00 0E 15 97 25 A5 03 01 31 05 E6 3D 77 FF B0 83 1D B0 (58)
                              [N3:X] MOTOR_I 0 15 (15)
                              [N3:X] [undefined] 61 119 255 176 (1031274416)
                              [N3:X] MOTOR_I 0 14 (14)
                              [N3:X] [undefined] 61 119 255 176 (1031274416)
2026-03-20 18:24:40:349 [IN ] C8 24 03 0E 25 A5 03 01 31 03 CF 00 0C 13 95 25 A5 03 01 C8 24 03 0A 01 31 05 E6 3D 77 FF B0 83 1D 95 C8 24 03 18 25 A5 03 01 31 03 CF 00 0A 11 93 25 A5 03 01 31 05 E6 3D 77 FF B0 83 1D B0 (63)
                              [N3:X] MOTOR_I 0 12 (12)
                              [N3:X] [undefined] 61 119 255 176 (1031274416)
                              [N3:X] MOTOR_I 0 10 (10)
                              [N3:X] [undefined] 61 119 255 176 (1031274416)
2026-03-20 18:24:40:550 [IN ] C8 24 03 18 25 A5 03 01 31 03 CF 00 09 10 92 25 A5 03 01 31 05 E6 3D 77 FF B0 83 1D B0 C8 24 03 18 25 A5 03 01 31 03 CF 00 09 10 92 25 A5 03 01 31 05 E6 3D 77 FF B0 83 1D B0 (58)
                              [N3:X] MOTOR_I 0 9 (9)
                              [N3:X] [undefined] 61 119 255 176 (1031274416)
                              [N3:X] MOTOR_I 0 9 (9)
                              [N3:X] [undefined] 61 119 255 176 (1031274416)
2026-03-20 18:24:40:752 [IN ] C8 24 03 18 25 A5 03 01 31 03 CF 00 11 18 9A 25 A5 03 01 31 05 E6 3D 77 FF B0 83 1D B0 C8 24 03 18 25 A5 03 01 31 03 CF 00 11 18 9A 25 A5 03 01 31 05 E6 3D 77 FF B0 83 1D B0 (58)
                              [N3:X] MOTOR_I 0 17 (17)
                              [N3:X] [undefined] 61 119 255 176 (1031274416)
                              [N3:X] MOTOR_I 0 17 (17)
                              [N3:X] [undefined] 61 119 255 176 (1031274416)
2026-03-20 18:24:40:954 [IN ] C8 24 03 18 25 A5 03 01 31 03 CF 00 0E 15 97 25 A5 03 01 31 05 E6 3D 77 FF B0 83 1D B0 C8 24 03 18 25 A5 03 01 31 03 CF 00 0A 11 93 25 A5 03 01 31 05 E6 3D 77 FF B0 83 1D B0 (58)
                              [N3:X] MOTOR_I 0 14 (14)
                              [N3:X] [undefined] 61 119 255 176 (1031274416)
                              [N3:X] MOTOR_I 0 10 (10)
                              [N3:X] [undefined] 61 119 255 176 (1031274416)
2026-03-20 18:24:41:156 [IN ] C8 24 03 18 25 A5 03 01 31 03 CF 00 07 0E 90 25 A5 03 01 31 05 E6 3D 77 FF B0 83 1D B0 C8 24 03 18 25 A5 03 01 31 03 CF 00 0C 13 95 25 A5 03 01 31 05 E6 3D 77 FF B0 83 1D B0 (58)
                              [N3:X] MOTOR_I 0 7 (7)
                              [N3:X] [undefined] 61 119 255 176 (1031274416)
                              [N3:X] MOTOR_I 0 12 (12)
                              [N3:X] [undefined] 61 119 255 176 (1031274416)
2026-03-20 18:24:41:357 [IN ] C8 24 03 18 25 A5 03 01 31 03 CF 00 0D 14 96 25 A5 03 01 31 05 E6 3D 77 FF B0 83 1D B0 C8 24 03 18 25 A5 03 01 31 03 CF 00 14 1B 9D 25 A5 03 01 31 05 E6 3D 77 FF B0 83 1D B0 (58)
                              [N3:X] MOTOR_I 0 13 (13)
                              [N3:X] [undefined] 61 119 255 176 (1031274416)
                              [N3:X] MOTOR_I 0 20 (20)
                              [N3:X] [undefined] 61 119 255 176 (1031274416)
2026-03-20 18:24:41:558 [IN ] C8 24 03 18 25 A5 03 01 31 03 CF 00 0B 12 94 25 A5 03 01 31 05 E6 3D 77 FF B0 83 1D B0 C8 24 03 15 25 A5 03 01 31 03 CF 00 1D 24 A6 25 A5 03 01 31 05 E6 3D 77 FF B0 (55)
                              [N3:X] MOTOR_I 0 11 (11)
                              [N3:X] [undefined] 61 119 255 176 (1031274416)
                              [N3:X] MOTOR_I 0 29 (29)
2026-03-20 18:24:41:761 [IN ] C8 24 03 1B B0 83 1D 25 A5 03 01 31 03 CF 00 0C 13 95 25 A5 03 01 31 05 E6 3D 77 FF B0 83 1D 03 C8 24 03 18 25 A5 03 01 31 03 CF 00 0D 14 96 25 A5 03 01 31 05 E6 3D 77 FF B0 83 1D B0 (61)
                              [N3:X] [undefined] 61 119 255 176 (1031274416)
                              [N3:X] MOTOR_I 0 12 (12)
                              [N3:X] [undefined] 61 119 255 176 (1031274416)
                              [N3:X] MOTOR_I 0 13 (13)
                              [N3:X] [undefined] 61 119 255 176 (1031274416)
2026-03-20 18:24:41:965 [IN ] C8 24 03 18 25 A5 03 01 31 03 CF 00 08 0F 91 25 A5 03 01 31 05 E6 3D 77 FF B0 83 1D B0 C8 24 03 18 25 A5 03 01 31 03 CF 00 14 1B 9D 25 A5 03 01 31 05 E6 3D 77 FF B0 83 1D B0 (58)
                              [N3:X] MOTOR_I 0 8 (8)
                              [N3:X] [undefined] 61 119 255 176 (1031274416)
                              [N3:X] MOTOR_I 0 20 (20)
                              [N3:X] [undefined] 61 119 255 176 (1031274416)
2026-03-20 18:24:42:167 [IN ] C8 24 04 0E 25 A5 04 01 31 06 81 45 FF F3 BB 43 F2 D0 01 C8 24 03 18 25 A5 03 01 31 03 CF 00 19 20 A2 25 A5 03 01 31 05 E6 3D 77 FF B0 83 1D B0 C8 24 03 18 25 A5 03 01 31 03 CF 00 0A 11 93 25 
A5 03 01 31 05 E6 3D 77 FF B0 83 1D B0 (77)
                              [N4:Y] TPOS 'E' 255 243 187 67 (-804029)
                              [N3:X] MOTOR_I 0 25 (25)
                              [N3:X] [undefined] 61 119 255 176 (1031274416)
                              [N3:X] MOTOR_I 0 10 (10)
                              [N3:X] [undefined] 61 119 255 176 (1031274416)
2026-03-20 18:24:42:369 [IN ] C8 24 03 18 25 A5 03 01 31 03 CF 00 0C 13 95 25 A5 03 01 31 05 E6 3D 77 FF B0 83 1D B0 C8 24 03 18 25 A5 03 01 31 03 CF 00 13 1A 9C 25 A5 03 01 31 05 E6 3D 77 FF B0 83 1D B0 (58)
                              [N3:X] MOTOR_I 0 12 (12)
                              [N3:X] [undefined] 61 119 255 176 (1031274416)
                              [N3:X] MOTOR_I 0 19 (19)
                              [N3:X] [undefined] 61 119 255 176 (1031274416)
2026-03-20 18:24:42:570 [IN ] C8 24 03 18 25 A5 03 01 31 03 CF 00 0C 13 95 25 A5 03 01 31 05 E6 3D 77 FF B0 83 1D B0 C8 24 03 18 25 A5 03 01 31 03 CF 00 07 0E 90 25 A5 03 01 31 05 E6 3D 77 FF B0 83 1D B0 (58)
                              [N3:X] MOTOR_I 0 12 (12)
                              [N3:X] [undefined] 61 119 255 176 (1031274416)
                              [N3:X] MOTOR_I 0 7 (7)
                              [N3:X] [undefined] 61 119 255 176 (1031274416)
2026-03-20 18:24:42:772 [IN ] C8 24 03 18 25 A5 03 01 31 03 CF 00 15 1C 9E 25 A5 03 01 31 05 E6 3D 77 FF B0 83 1D B0 C8 24 03 0E 25 A5 03 01 31 03 CF 00 0B 12 94 25 A5 03 01 C8 24 03 0A 01 31 05 E6 3D 77 FF B0 83 1D 94 (63)
                              [N3:X] MOTOR_I 0 21 (21)
                              [N3:X] [undefined] 61 119 255 176 (1031274416)
                              [N3:X] MOTOR_I 0 11 (11)
                              [N3:X] [undefined] 61 119 255 176 (1031274416)
2026-03-20 18:24:42:974 [IN ] C8 24 03 15 25 A5 03 01 31 03 CF 00 13 1A 9C 25 A5 03 01 31 05 E6 3D 77 FF B0 C8 24 03 1B B0 83 1D 25 A5 03 01 31 03 CF 00 12 19 9B 25 A5 03 01 31 05 E6 3D 77 FF B0 83 1D 03 (58)
                              [N3:X] MOTOR_I 0 19 (19)
                              [N3:X] [undefined] 61 119 255 176 (1031274416)
                              [N3:X] MOTOR_I 0 18 (18)
                              [N3:X] [undefined] 61 119 255 176 (1031274416)
2026-03-20 18:24:43:176 [IN ] C8 24 03 18 25 A5 03 01 31 03 CF 00 17 1E A0 25 A5 03 01 31 05 E6 3D 77 FF B0 83 1D B0 C8 24 03 18 25 A5 03 01 31 03 CF 00 09 10 92 25 A5 03 01 31 05 E6 3D 77 FF B0 83 1D B0 (58)
                              [N3:X] MOTOR_I 0 23 (23)
                              [N3:X] [undefined] 61 119 255 176 (1031274416)
                              [N3:X] MOTOR_I 0 9 (9)
                              [N3:X] [undefined] 61 119 255 176 (1031274416)
2026-03-20 18:24:43:377 [IN ] C8 24 03 18 25 A5 03 01 31 03 CF 00 14 1B 9D 25 A5 03 01 31 05 E6 3D 77 FF B0 83 1D B0 C8 24 03 18 25 A5 03 01 31 03 CF 00 00 07 89 25 A5 03 01 31 05 E6 3D 77 00 00 D4 6F B0 (58)
                              [N3:X] MOTOR_I 0 20 (20)
                              [N3:X] [undefined] 61 119 255 176 (1031274416)
                              [N3:X] MOTOR_I 0 0 (0)
                              [N3:X] [undefined] 61 119 0 0 (1031208960)
2026-03-20 18:24:43:579 [IN ] C8 24 03 0E 25 A5 03 01 31 06 81 45 FF ED AE 81 1C D8 01 C8 24 03 18 25 A5 03 01 31 03 CF 00 00 07 89 25 A5 03 01 31 05 E6 3D 77 00 00 D4 6F B0 C8 24 03 18 25 A5 03 01 31 03 CF 00 00 07 89 25 
A5 03 01 31 05 E6 3D 77 00 00 D4 6F B0 (77)
                              [N3:X] TPOS 'E' 255 237 174 129 (-1200511)
                              [N3:X] MOTOR_I 0 0 (0)
                              [N3:X] [undefined] 61 119 0 0 (1031208960)
                              [N3:X] MOTOR_I 0 0 (0)
                              [N3:X] [undefined] 61 119 0 0 (1031208960)
2026-03-20 18:24:43:782 [IN ] C8 24 03 18 25 A5 03 01 31 03 CF 00 00 07 89 25 A5 03 01 31 05 E6 3D 77 00 00 D4 6F B0 C8 24 08 0E 25 A5 08 01 31 06 81 45 FF EE 17 12 1C 70 01 C8 24 03 18 25 A5 03 01 31 03 CF 00 00 07 89 25 
A5 03 01 31 05 E6 3D 77 00 00 D4 6F B0 (77)
                              [N3:X] MOTOR_I 0 0 (0)
                              [N3:X] [undefined] 61 119 0 0 (1031208960)
                              [N8:R] TPOS 'E' 255 238 23 18 (-1173742)
                              [N3:X] MOTOR_I 0 0 (0)
                              [N3:X] [undefined] 61 119 0 0 (1031208960)
2026-03-20 18:24:43:984 [IN ] C8 24 03 18 25 A5 03 01 31 03 CF 00 00 07 89 25 A5 03 01 31 05 E6 3D 77 00 00 D4 6F B0 C8 24 03 18 25 A5 03 01 31 03 CF 00 00 07 89 25 A5 03 01 31 05 E6 3D 77 00 00 D4 6F B0 (58)
                              [N3:X] MOTOR_I 0 0 (0)
                              [N3:X] [undefined] 61 119 0 0 (1031208960)
                              [N3:X] MOTOR_I 0 0 (0)
                              [N3:X] [undefined] 61 119 0 0 (1031208960)
2026-03-20 18:24:44:185 [IN ] C8 24 03 15 25 A5 03 01 31 03 CF 00 00 07 89 25 A5 03 01 31 05 E6 3D 77 00 00 C8 24 03 1B 00 D4 6F 25 A5 03 01 31 03 CF 00 00 07 89 25 A5 03 01 31 05 E6 3D 77 00 00 D4 6F 03 (58)
                              [N3:X] MOTOR_I 0 0 (0)
                              [N3:X] [undefined] 61 119 0 0 (1031208960)
                              [N3:X] MOTOR_I 0 0 (0)
                              [N3:X] [undefined] 61 119 0 0 (1031208960)
2026-03-20 18:24:44:386 [IN ] C8 24 03 18 25 A5 03 01 31 03 CF 00 00 07 89 25 A5 03 01 31 05 E6 3D 77 00 00 D4 6F 00 C8 24 03 18 25 A5 03 01 31 03 CF 00 00 07 89 25 A5 03 01 31 05 E6 3D 77 00 00 D4 6F 00 (58)
                              [N3:X] MOTOR_I 0 0 (0)
                              [N3:X] [undefined] 61 119 0 0 (1031208960)
                              [N3:X] MOTOR_I 0 0 (0)
                              [N3:X] [undefined] 61 119 0 0 (1031208960)
2026-03-20 18:24:44:588 [IN ] C8 24 03 18 25 A5 03 01 31 03 CF 00 00 07 89 25 A5 03 01 31 05 E6 3D 77 00 00 D4 6F 00 C8 24 03 18 25 A5 03 01 31 03 CF 00 00 07 89 25 A5 03 01 31 05 E6 3D 77 00 00 D4 6F 00 (58)
                              [N3:X] MOTOR_I 0 0 (0)
                              [N3:X] [undefined] 61 119 0 0 (1031208960)
                              [N3:X] MOTOR_I 0 0 (0)
                              [N3:X] [undefined] 61 119 0 0 (1031208960)
2026-03-20 18:24:44:790 [IN ] C8 24 03 18 25 A5 03 01 31 03 CF 00 00 07 89 25 A5 03 01 31 05 E6 3D 77 00 00 D4 6F 00 C8 24 03 18 25 A5 03 01 31 03 CF 00 00 07 89 25 A5 03 01 31 05 E6 3D 77 00 00 D4 6F 00 (58)
                              [N3:X] MOTOR_I 0 0 (0)
                              [N3:X] [undefined] 61 119 0 0 (1031208960)
                              [N3:X] MOTOR_I 0 0 (0)
                              [N3:X] [undefined] 61 119 0 0 (1031208960)
2026-03-20 18:24:44:991 [IN ] C8 24 03 18 25 A5 03 01 31 03 CF 00 00 07 89 25 A5 03 01 31 05 E6 3D 77 00 00 D4 6F 00 C8 24 03 18 25 A5 03 01 31 03 CF 00 00 07 89 25 A5 03 01 31 05 E6 3D 77 00 00 D4 6F 00 (58)
                              [N3:X] MOTOR_I 0 0 (0)
                              [N3:X] [undefined] 61 119 0 0 (1031208960)
                              [N3:X] MOTOR_I 0 0 (0)
                              [N3:X] [undefined] 61 119 0 0 (1031208960)
2026-03-20 18:24:45:192 [IN ] C8 24 03 18 25 A5 03 01 31 03 CF 00 00 07 89 25 A5 03 01 31 05 E6 3D 77 00 00 D4 6F 00 C8 24 03 18 25 A5 03 01 31 03 CF 00 00 07 89 25 A5 03 01 31 05 E6 3D 77 00 00 D4 6F 00 (58)
                              [N3:X] MOTOR_I 0 0 (0)
                              [N3:X] [undefined] 61 119 0 0 (1031208960)
                              [N3:X] MOTOR_I 0 0 (0)
                              [N3:X] [undefined] 61 119 0 0 (1031208960)
2026-03-20 18:24:45:393 [IN ] C8 24 03 0E 25 A5 03 01 31 03 CF 00 00 07 89 25 A5 03 01 C8 24 03 0A 01 31 05 E6 3D 77 00 00 D4 6F 89 C8 24 03 18 25 A5 03 01 31 03 CF 00 00 07 89 25 A5 03 01 31 05 E6 3D 77 00 00 D4 6F 00 (63)
                              [N3:X] MOTOR_I 0 0 (0)
                              [N3:X] [undefined] 61 119 0 0 (1031208960)
                              [N3:X] MOTOR_I 0 0 (0)
                              [N3:X] [undefined] 61 119 0 0 (1031208960)
2026-03-20 18:24:45:595 [IN ] C8 24 03 18 25 A5 03 01 31 03 CF 00 00 07 89 25 A5 03 01 31 05 E6 3D 77 00 00 D4 6F 00 C8 24 03 18 25 A5 03 01 31 03 CF 00 00 07 89 25 A5 03 01 31 05 E6 3D 77 00 00 D4 6F 00 (58)
                              [N3:X] MOTOR_I 0 0 (0)
                              [N3:X] [undefined] 61 119 0 0 (1031208960)
                              [N3:X] MOTOR_I 0 0 (0)
                              [N3:X] [undefined] 61 119 0 0 (1031208960)
2026-03-20 18:24:45:797 [IN ] C8 24 03 18 25 A5 03 01 31 03 CF 00 00 07 89 25 A5 03 01 31 05 E6 3D 77 00 00 D4 6F 00 C8 24 07 0E 25 A5 07 01 31 06 81 45 FF F3 3A 7D AE 26 01 C8 24 03 18 25 A5 03 01 31 03 CF 00 00 07 89 25 
A5 03 01 31 05 E6 3D 77 00 00 D4 6F 00 (77)
                              [N3:X] MOTOR_I 0 0 (0)
                              [N3:X] [undefined] 61 119 0 0 (1031208960)
                              [N7:N] TPOS 'E' 255 243 58 125 (-836995)
                              [N3:X] MOTOR_I 0 0 (0)
                              [N3:X] [undefined] 61 119 0 0 (1031208960)
