2026-03-20 18:21:05:833 [IN ] C8 24 03 18 25 A5 03 01 31 03 CF 00 00 07 89 25 A5 03 01 31 05 E6 3D 77 00 00 D4 6F 00 (29)
                              [N3:X] MOTOR_I 0 0 (0)
                              [N3:X] [undefined] 61 119 0 0 (1031208960)
2026-03-20 18:21:05:855 [OUT] 25 A5 01 0A 31 05 D6 3D FF 00 00 53 ED (13)
                              [N10:HMI] HMILED '=' 255 0 0 (16711680)
2026-03-20 18:21:05:878 [OUT] 25 A5 01 03 31 02 D8 3F 4E CE (10)
                              [N3:X] INTERRUPT '?'
2026-03-20 18:21:06:180 [IN ] C8 24 03 18 25 A5 03 01 31 03 CF 00 00 07 89 25 A5 03 01 31 05 E6 3D 77 00 00 D4 6F 00 C8 24 03 18 25 A5 03 01 31 03 CF 00 00 07 89 25 A5 03 01 31 05 E6 3D 77 00 00 D4 6F 00 C8 24 0A 0D 25 A5 
0A 01 31 05 D6 3A FF 00 00 50 EA 03 C8 24 03 18 25 A5 03 01 31 03 CF 00 00 07 89 25 A5 03 01 31 05 E6 3D 77 00 00 D4 6F 00 C8 24 03 0C 25 A5 03 01 31 04 D8 3A 01 01 4D 6A A5 (122)
                              [N3:X] MOTOR_I 0 0 (0)
                              [N3:X] [undefined] 61 119 0 0 (1031208960)
                              [N3:X] MOTOR_I 0 0 (0)
                              [N3:X] [undefined] 61 119 0 0 (1031208960)
                              [N10:HMI] HMILED ':' 255 0 0 (16711680)
                              [N3:X] MOTOR_I 0 0 (0)
                              [N3:X] [undefined] 61 119 0 0 (1031208960)
                              [N3:X] INTERRUPT ':' 1 1 (257)
2026-03-20 18:21:06:202 [OUT] 25 A5 01 09 31 03 C9 3D 09 4D 1C (11)
                              [N9:P] LFLAG '=' 9 (9)
2026-03-20 18:21:06:224 [OUT] 25 A5 01 04 31 02 D8 3F 4F D3 (10)
                              [N4:Y] INTERRUPT '?'
2026-03-20 18:21:06:225 [IN ] C8 24 03 18 25 A5 03 01 31 03 CF 00 00 07 89 25 A5 03 01 31 05 E6 3D 77 00 00 D4 6F 00 (29)
                              [N3:X] MOTOR_I 0 0 (0)
                              [N3:X] [undefined] 61 119 0 0 (1031208960)
2026-03-20 18:21:06:526 [IN ] C8 24 03 18 25 A5 03 01 31 03 CF 00 00 07 89 25 A5 03 01 31 05 E6 3D 77 00 00 D4 6F 00 C8 24 09 0B 25 A5 09 01 31 03 C9 3A 09 4A 1E 25 C8 24 03 18 25 A5 03 01 31 03 CF 00 00 07 89 25 A5 03 01 
31 05 E6 3D 77 00 00 D4 6F 00 C8 24 04 0C 25 A5 04 01 31 04 D8 3A 01 01 4E 72 A5 C8 24 03 18 25 A5 03 01 31 03 CF 00 00 07 (105)
                              [N3:X] MOTOR_I 0 0 (0)
                              [N3:X] [undefined] 61 119 0 0 (1031208960)
                              [N9:P] LFLAG ':' 9 (9)
                              [N3:X] MOTOR_I 0 0 (0)
                              [N3:X] [undefined] 61 119 0 0 (1031208960)
                              [N4:Y] INTERRUPT ':' 1 1 (257)
2026-03-20 18:21:06:547 [OUT] 25 A5 01 09 31 03 CA 3D 09 4E 1F (11)
                              [N9:P] RFLAG '=' 9 (9)
2026-03-20 18:21:06:571 [OUT] 25 A5 01 0C 31 02 D8 3F 57 FB (10)
                              [N12:Z] INTERRUPT '?'
2026-03-20 18:21:06:573 [IN ] 89 25 A5 03 01 31 05 E6 3D 77 00 00 D4 6F 00 (15)
                              [N3:X] MOTOR_I 0 0 (0)
                              [N3:X] [undefined] 61 119 0 0 (1031208960)
2026-03-20 18:21:06:876 [IN ] C8 24 03 0E 25 A5 03 01 31 03 CF 00 00 07 89 25 A5 03 01 C8 24 03 0A 01 31 05 E6 3D 77 00 00 D4 6F 89 C8 24 09 0B 25 A5 09 01 31 03 CA 3A 09 4B 21 25 C8 24 03 15 25 A5 03 01 31 03 CF 00 00 07 
89 25 A5 03 01 31 05 E6 3D 77 00 00 C8 24 0C 0C 25 A5 0C 01 31 04 D8 3A 01 01 56 B2 A5 C8 24 03 1B 00 D4 6F 25 A5 03 01 31 03 CF 00 00 07 89 25 A5 03 01 31 05 E6 3D 77 00 00 D4 6F 01 (125)
                              [N3:X] MOTOR_I 0 0 (0)
                              [N3:X] [undefined] 61 119 0 0 (1031208960)
                              [N9:P] RFLAG ':' 9 (9)
                              [N3:X] MOTOR_I 0 0 (0)
                              [N12:Z] INTERRUPT ':' 1 1 (257)
                              [N3:X] [undefined] 61 119 0 0 (1031208960)
                              [N3:X] MOTOR_I 0 0 (0)
                              [N3:X] [undefined] 61 119 0 0 (1031208960)
2026-03-20 18:21:06:897 [OUT] 25 A5 01 08 31 03 C9 3D 09 4C 16 (11)
                              [N8:R] LFLAG '=' 9 (9)
2026-03-20 18:21:06:919 [OUT] 25 A5 01 03 31 03 C9 3D 0B 49 FA (11)
                              [N3:X] LFLAG '=' 11 (11)
2026-03-20 18:21:06:921 [IN ] C8 24 03 18 25 A5 03 01 31 03 CF 00 00 07 89 25 A5 03 01 31 05 E6 3D 77 00 00 D4 6F 00 (29)
                              [N3:X] MOTOR_I 0 0 (0)
                              [N3:X] [undefined] 61 119 0 0 (1031208960)
2026-03-20 18:21:06:943 [OUT] 25 A5 01 04 31 03 C9 3D 0B 4A 00 (11)
                              [N4:Y] LFLAG '=' 11 (11)
2026-03-20 18:21:06:965 [OUT] 25 A5 01 0C 31 03 C9 3D 0B 52 30 (11)
                              [N12:Z] LFLAG '=' 11 (11)
2026-03-20 18:21:07:027 [IN ] C8 24 03 18 25 A5 03 01 31 03 CF 00 00 07 89 25 A5 03 01 31 05 E6 3D 77 00 00 D4 6F 00 (29)
                              [N3:X] MOTOR_I 0 0 (0)
                              [N3:X] [undefined] 61 119 0 0 (1031208960)
2026-03-20 18:21:07:069 [IN ] C8 24 08 0B 25 A5 08 01 31 03 C9 3A 09 49 17 25 (16)
                              [N8:R] LFLAG ':' 9 (9)
2026-03-20 18:21:07:092 [OUT] 25 A5 01 08 31 03 CA 3D 09 4D 19 (11)
                              [N8:R] RFLAG '=' 9 (9)
2026-03-20 18:21:07:136 [IN ] C8 24 03 18 25 A5 03 01 31 03 CF 00 00 07 89 25 A5 03 01 31 05 E6 3D 77 00 00 D4 6F 00 (29)
                              [N3:X] MOTOR_I 0 0 (0)
                              [N3:X] [undefined] 61 119 0 0 (1031208960)
2026-03-20 18:21:07:158 [IN ] C8 24 03 0B 25 A5 03 01 31 03 C9 3A 0B 46 F6 25 (16)
                              [N3:X] LFLAG ':' 11 (11)
2026-03-20 18:21:07:181 [OUT] 25 A5 01 03 31 03 88 00 50 10 02 (11)
                              [N3:X] RUN 0 80 (80)
2026-03-20 18:21:07:222 [IN ] C8 24 03 18 25 A5 03 01 31 03 CF 00 00 07 89 25 A5 03 01 31 05 E6 3D 77 00 00 D4 6F 00 (29)
                              [N3:X] MOTOR_I 0 0 (0)
                              [N3:X] [undefined] 61 119 0 0 (1031208960)
2026-03-20 18:21:07:285 [IN ] C8 24 04 0B 25 A5 04 01 31 03 C9 3A 0B 47 FD 25 (16)
                              [N4:Y] LFLAG ':' 11 (11)
2026-03-20 18:21:07:308 [OUT] 25 A5 01 04 31 03 88 00 50 11 08 (11)
                              [N4:Y] RUN 0 80 (80)
2026-03-20 18:21:07:351 [IN ] C8 24 03 18 25 A5 03 01 31 03 CF 00 00 07 89 25 A5 03 01 31 05 E6 3D 77 00 00 D4 6F 00 (29)
                              [N3:X] MOTOR_I 0 0 (0)
                              [N3:X] [undefined] 61 119 0 0 (1031208960)
2026-03-20 18:21:07:394 [IN ] C8 24 0C 0B 25 A5 0C 01 31 03 C9 3A 0B 4F 35 25 (16)
                              [N12:Z] LFLAG ':' 11 (11)
2026-03-20 18:21:07:415 [OUT] 25 A5 01 0C 31 03 88 00 50 19 38 (11)
                              [N12:Z] RUN 0 80 (80)
2026-03-20 18:21:07:436 [IN ] C8 24 03 18 25 A5 03 01 31 03 CF 00 00 07 89 25 A5 03 01 31 05 E6 3D 77 00 00 D4 6F 00 (29)
                              [N3:X] MOTOR_I 0 0 (0)
                              [N3:X] [undefined] 61 119 0 0 (1031208960)
2026-03-20 18:21:07:498 [IN ] C8 24 08 0B 25 (5)
2026-03-20 18:21:07:520 [IN ] A5 08 01 31 03 CA 3A 09 4A 1A 25 (11)
                              [N8:R] RFLAG ':' 9 (9)
2026-03-20 18:21:07:542 [IN ] C8 24 03 18 25 A5 03 01 31 03 CF 00 00 07 89 25 A5 03 01 31 05 E6 3D 77 00 00 D4 6F 00 (29)
                              [N3:X] MOTOR_I 0 0 (0)
                              [N3:X] [undefined] 61 119 0 0 (1031208960)
2026-03-20 18:21:07:624 [IN ] C8 24 03 0C 25 A5 03 01 31 04 88 53 00 50 64 C2 A5 (17)
                              [N3:X] RUN 'S' 0 80 (80)
2026-03-20 18:21:07:647 [IN ] C8 24 03 18 25 A5 03 01 31 03 CF 00 75 7C FE 25 A5 03 01 31 05 E6 3D 77 00 50 24 BF 00 (29)
                              [N3:X] MOTOR_I 0 117 (117)
                              [N3:X] [undefined] 61 119 0 80 (1031209040)
2026-03-20 18:21:07:730 [IN ] C8 24 04 0C 25 A5 04 01 31 04 88 53 00 50 65 CA A5 (17)
                              [N4:Y] RUN 'S' 0 80 (80)
2026-03-20 18:21:07:751 [IN ] C8 24 03 18 25 A5 03 01 31 03 CF 00 40 47 C9 25 A5 03 01 31 05 E6 3D 77 00 50 24 BF 00 (29)
                              [N3:X] MOTOR_I 0 64 (64)
                              [N3:X] [undefined] 61 119 0 80 (1031209040)
2026-03-20 18:21:07:834 [IN ] C8 24 0C 0C 25 A5 0C 01 31 04 88 53 00 50 6D 0A A5 C8 24 03 18 25 A5 (23)
                              [N12:Z] RUN 'S' 0 80 (80)
2026-03-20 18:21:08:036 [IN ] 03 01 31 03 CF 00 40 47 C9 25 A5 03 01 31 05 E6 3D 77 00 50 24 BF 00 C8 24 03 15 25 A5 03 01 31 03 CF 00 4A 51 D3 25 A5 03 01 31 05 E6 3D 77 00 50 C8 24 03 1B 50 24 BF 25 A5 03 01 31 03 CF 00 
5B 62 E4 25 A5 03 01 31 05 E6 3D 77 00 50 24 BF 01 (81)
                              [N3:X] MOTOR_I 0 64 (64)
                              [N3:X] [undefined] 61 119 0 80 (1031209040)
                              [N3:X] MOTOR_I 0 74 (74)
                              [N3:X] [undefined] 61 119 0 80 (1031209040)
                              [N3:X] MOTOR_I 0 91 (91)
                              [N3:X] [undefined] 61 119 0 80 (1031209040)
2026-03-20 18:21:08:238 [IN ] C8 24 03 18 25 A5 03 01 31 03 CF 00 47 4E D0 25 A5 03 01 31 05 E6 3D 77 00 50 24 BF 50 C8 24 03 18 25 A5 03 01 31 03 CF 00 56 5D DF 25 A5 03 01 31 05 E6 3D 77 00 50 24 BF 50 (58)
                              [N3:X] MOTOR_I 0 71 (71)
                              [N3:X] [undefined] 61 119 0 80 (1031209040)
                              [N3:X] MOTOR_I 0 86 (86)
                              [N3:X] [undefined] 61 119 0 80 (1031209040)
2026-03-20 18:21:08:440 [IN ] C8 24 03 18 25 A5 03 01 31 03 CF 00 57 5E E0 25 A5 03 01 31 05 E6 3D 77 00 50 24 BF 50 C8 24 03 18 25 A5 03 01 31 03 CF 00 51 58 DA 25 A5 03 01 31 05 E6 3D 77 00 50 24 BF 50 (58)
                              [N3:X] MOTOR_I 0 87 (87)
                              [N3:X] [undefined] 61 119 0 80 (1031209040)
                              [N3:X] MOTOR_I 0 81 (81)
                              [N3:X] [undefined] 61 119 0 80 (1031209040)
2026-03-20 18:21:08:642 [IN ] C8 24 03 18 25 A5 03 01 31 03 CF 00 40 47 C9 25 A5 03 01 31 05 E6 3D 77 00 50 24 BF 50 (29)
                              [N3:X] MOTOR_I 0 64 (64)
                              [N3:X] [undefined] 61 119 0 80 (1031209040)
2026-03-20 18:21:08:843 [IN ] C8 24 03 18 25 A5 03 01 31 03 CF 00 38 3F C1 25 A5 03 01 31 05 E6 3D 77 00 50 24 BF 50 C8 24 03 18 25 A5 03 01 31 03 CF 00 35 3C BE 25 A5 03 01 31 05 E6 3D 77 00 50 24 BF 50 C8 24 03 18 25 A5 
03 01 31 03 CF 00 35 3C BE 25 A5 03 01 31 05 E6 3D 77 00 50 24 BF 50 (87)
                              [N3:X] MOTOR_I 0 56 (56)
                              [N3:X] [undefined] 61 119 0 80 (1031209040)
                              [N3:X] MOTOR_I 0 53 (53)
                              [N3:X] [undefined] 61 119 0 80 (1031209040)
                              [N3:X] MOTOR_I 0 53 (53)
                              [N3:X] [undefined] 61 119 0 80 (1031209040)
2026-03-20 18:21:09:045 [IN ] C8 24 03 18 25 A5 03 01 31 03 CF 00 3D 44 C6 25 A5 03 01 31 05 E6 3D 77 00 50 24 BF 50 C8 24 03 18 25 A5 03 01 31 03 CF 00 45 4C CE 25 A5 03 01 31 05 E6 3D 77 00 50 24 BF 50 (58)
                              [N3:X] MOTOR_I 0 61 (61)
                              [N3:X] [undefined] 61 119 0 80 (1031209040)
                              [N3:X] MOTOR_I 0 69 (69)
                              [N3:X] [undefined] 61 119 0 80 (1031209040)
2026-03-20 18:21:09:246 [IN ] C8 24 03 0E 25 A5 03 01 31 03 CF 00 3F 46 C8 25 A5 03 01 C8 24 03 0A 01 31 05 E6 3D 77 00 50 24 BF C8 C8 24 03 15 25 A5 03 01 31 03 CF 00 35 3C BE 25 A5 03 01 31 05 E6 3D 77 00 50 (60)
                              [N3:X] MOTOR_I 0 63 (63)
                              [N3:X] [undefined] 61 119 0 80 (1031209040)
                              [N3:X] MOTOR_I 0 53 (53)
2026-03-20 18:21:09:448 [IN ] C8 24 03 1B 50 24 BF 25 A5 03 01 31 03 CF 00 34 3B BD 25 A5 03 01 31 05 E6 3D 77 00 50 24 BF 01 C8 24 03 18 25 A5 03 01 31 03 CF 00 40 47 C9 25 A5 03 01 31 05 E6 3D 77 00 50 24 BF 50 (61)
                              [N3:X] [undefined] 61 119 0 80 (1031209040)
                              [N3:X] MOTOR_I 0 52 (52)
                              [N3:X] [undefined] 61 119 0 80 (1031209040)
                              [N3:X] MOTOR_I 0 64 (64)
                              [N3:X] [undefined] 61 119 0 80 (1031209040)
2026-03-20 18:21:09:651 [IN ] C8 24 03 18 25 A5 03 01 31 03 CF 00 2E 35 B7 25 A5 03 01 31 05 E6 3D 77 00 50 24 BF 50 C8 24 03 18 25 A5 03 01 31 03 CF 00 33 3A BC 25 A5 03 01 31 05 E6 3D 77 00 50 24 BF 50 (58)
                              [N3:X] MOTOR_I 0 46 (46)
                              [N3:X] [undefined] 61 119 0 80 (1031209040)
                              [N3:X] MOTOR_I 0 51 (51)
                              [N3:X] [undefined] 61 119 0 80 (1031209040)
2026-03-20 18:21:09:852 [IN ] C8 24 03 18 25 A5 03 01 31 03 CF 00 53 5A DC 25 A5 03 01 31 05 E6 3D 77 00 50 24 BF 50 C8 24 03 18 25 A5 03 01 31 03 CF 00 4F 56 D8 25 A5 03 01 31 05 E6 3D 77 00 50 24 BF 50 (58)
                              [N3:X] MOTOR_I 0 83 (83)
                              [N3:X] [undefined] 61 119 0 80 (1031209040)
                              [N3:X] MOTOR_I 0 79 (79)
                              [N3:X] [undefined] 61 119 0 80 (1031209040)
2026-03-20 18:21:10:053 [IN ] C8 24 03 18 25 A5 03 01 31 03 CF 00 49 50 D2 25 A5 03 01 31 05 E6 3D 77 00 50 24 BF 50 C8 24 03 18 25 A5 03 01 31 03 CF 00 44 4B CD 25 A5 03 01 31 05 E6 3D 77 00 50 24 BF 50 (58)
                              [N3:X] MOTOR_I 0 73 (73)
                              [N3:X] [undefined] 61 119 0 80 (1031209040)
                              [N3:X] MOTOR_I 0 68 (68)
                              [N3:X] [undefined] 61 119 0 80 (1031209040)
2026-03-20 18:21:10:255 [IN ] C8 24 03 18 25 A5 03 01 31 03 CF 00 67 6E F0 25 A5 03 01 31 05 E6 3D 77 00 50 24 BF 50 (29)
                              [N3:X] MOTOR_I 0 103 (103)
                              [N3:X] [undefined] 61 119 0 80 (1031209040)
2026-03-20 18:21:10:457 [IN ] C8 24 03 18 25 A5 03 01 31 03 CF 00 4C 53 D5 25 A5 03 01 31 05 E6 3D 77 00 50 24 BF 50 C8 24 03 18 25 A5 03 01 31 03 CF 00 3F 46 C8 25 A5 03 01 31 05 E6 3D 77 00 50 24 BF 50 C8 24 03 15 25 A5 
03 01 31 03 CF 00 38 3F C1 25 A5 03 01 31 05 E6 3D 77 00 50 (84)
                              [N3:X] MOTOR_I 0 76 (76)
                              [N3:X] [undefined] 61 119 0 80 (1031209040)
                              [N3:X] MOTOR_I 0 63 (63)
                              [N3:X] [undefined] 61 119 0 80 (1031209040)
                              [N3:X] MOTOR_I 0 56 (56)
2026-03-20 18:21:10:658 [IN ] C8 24 03 1B 50 24 BF 25 A5 03 01 31 03 CF 00 34 3B BD 25 A5 03 01 31 05 E6 3D 77 00 50 24 BF 01 C8 24 03 18 25 A5 03 01 31 03 CF 00 46 4D CF 25 A5 03 01 31 05 E6 3D 77 00 50 24 BF 50 (61)
                              [N3:X] [undefined] 61 119 0 80 (1031209040)
                              [N3:X] MOTOR_I 0 52 (52)
                              [N3:X] [undefined] 61 119 0 80 (1031209040)
                              [N3:X] MOTOR_I 0 70 (70)
                              [N3:X] [undefined] 61 119 0 80 (1031209040)
2026-03-20 18:21:10:860 [IN ] C8 24 03 18 25 A5 03 01 31 03 CF 00 33 3A BC 25 A5 03 01 31 05 E6 3D 77 00 50 24 BF 50 C8 24 03 18 25 A5 03 01 31 03 CF 00 47 4E D0 25 A5 03 01 31 05 E6 3D 77 00 50 24 BF 50 (58)
                              [N3:X] MOTOR_I 0 51 (51)
                              [N3:X] [undefined] 61 119 0 80 (1031209040)
                              [N3:X] MOTOR_I 0 71 (71)
                              [N3:X] [undefined] 61 119 0 80 (1031209040)
2026-03-20 18:21:11:063 [IN ] C8 24 03 18 25 A5 03 01 31 03 CF 00 43 4A CC 25 A5 03 01 31 05 E6 3D 77 00 50 24 BF 50 C8 24 03 18 25 A5 03 01 31 03 CF 00 46 4D CF 25 A5 03 01 31 05 E6 3D 77 00 50 24 BF 50 (58)
                              [N3:X] MOTOR_I 0 67 (67)
                              [N3:X] [undefined] 61 119 0 80 (1031209040)
                              [N3:X] MOTOR_I 0 70 (70)
                              [N3:X] [undefined] 61 119 0 80 (1031209040)
2026-03-20 18:21:11:266 [IN ] C8 24 03 18 25 A5 03 01 31 03 CF 00 39 40 C2 25 A5 03 01 31 05 E6 3D 77 00 50 24 BF 50 C8 24 03 18 25 A5 03 01 31 03 CF 00 3E 45 C7 25 A5 03 01 31 05 E6 3D 77 00 50 24 BF 50 (58)
                              [N3:X] MOTOR_I 0 57 (57)
                              [N3:X] [undefined] 61 119 0 80 (1031209040)
                              [N3:X] MOTOR_I 0 62 (62)
                              [N3:X] [undefined] 61 119 0 80 (1031209040)
2026-03-20 18:21:11:467 [IN ] C8 24 03 18 25 A5 03 01 31 03 CF 00 32 39 BB 25 A5 03 01 31 05 E6 3D 77 00 50 24 BF 50 C8 24 03 18 25 A5 03 01 31 03 CF 00 3D 44 C6 25 A5 (46)
                              [N3:X] MOTOR_I 0 50 (50)
                              [N3:X] [undefined] 61 119 0 80 (1031209040)
2026-03-20 18:21:11:668 [IN ] 03 01 31 05 E6 3D 77 00 50 24 BF 50 C8 24 03 18 25 A5 03 01 31 03 CF 00 4C 53 D5 25 A5 03 01 31 05 E6 3D 77 00 50 24 BF 50 C8 24 03 0E 25 A5 03 01 31 03 CF 00 4C 53 D5 25 A5 03 01 C8 24 03 0A 
01 31 05 E6 3D 77 00 50 24 BF D5 (75)
                              [N3:X] MOTOR_I 0 61 (61)
                              [N3:X] [undefined] 61 119 0 80 (1031209040)
                              [N3:X] MOTOR_I 0 76 (76)
                              [N3:X] [undefined] 61 119 0 80 (1031209040)
                              [N3:X] MOTOR_I 0 76 (76)
                              [N3:X] [undefined] 61 119 0 80 (1031209040)
2026-03-20 18:21:11:869 [IN ] C8 24 03 18 25 A5 03 01 31 03 CF 00 2D 34 B6 25 A5 03 01 31 05 E6 3D 77 00 50 24 BF 50 C8 24 03 18 25 A5 03 01 31 03 CF 00 26 2D AF 25 A5 03 01 31 05 E6 3D 77 00 50 24 BF 50 (58)
                              [N3:X] MOTOR_I 0 45 (45)
                              [N3:X] [undefined] 61 119 0 80 (1031209040)
                              [N3:X] MOTOR_I 0 38 (38)
                              [N3:X] [undefined] 61 119 0 80 (1031209040)
2026-03-20 18:21:12:071 [IN ] C8 24 03 18 25 A5 03 01 31 03 CF 00 4D 54 D6 25 A5 03 01 31 05 E6 3D 77 00 50 24 BF 50 C8 24 03 18 25 A5 03 01 31 03 CF 00 26 2D AF 25 A5 03 01 31 05 E6 3D 77 00 50 24 BF 50 (58)
                              [N3:X] MOTOR_I 0 77 (77)
                              [N3:X] [undefined] 61 119 0 80 (1031209040)
                              [N3:X] MOTOR_I 0 38 (38)
                              [N3:X] [undefined] 61 119 0 80 (1031209040)
2026-03-20 18:21:12:272 [IN ] C8 24 03 18 25 A5 03 01 31 03 CF 00 4D 54 D6 25 A5 03 01 31 05 E6 3D 77 00 50 24 BF 50 C8 24 03 18 25 A5 03 01 31 03 CF 00 38 3F C1 25 A5 03 01 31 05 E6 3D 77 00 50 24 BF 50 (58)
                              [N3:X] MOTOR_I 0 77 (77)
                              [N3:X] [undefined] 61 119 0 80 (1031209040)
                              [N3:X] MOTOR_I 0 56 (56)
                              [N3:X] [undefined] 61 119 0 80 (1031209040)
2026-03-20 18:21:12:473 [IN ] C8 24 03 18 25 A5 03 01 31 03 CF 00 4D 54 D6 25 A5 03 01 31 05 E6 3D 77 00 50 24 BF 50 C8 24 03 18 25 A5 03 01 31 03 CF 00 34 3B BD 25 A5 03 01 31 05 E6 3D 77 00 50 24 BF 50 (58)
                              [N3:X] MOTOR_I 0 77 (77)
                              [N3:X] [undefined] 61 119 0 80 (1031209040)
                              [N3:X] MOTOR_I 0 52 (52)
                              [N3:X] [undefined] 61 119 0 80 (1031209040)
2026-03-20 18:21:12:675 [IN ] C8 24 03 18 25 A5 03 01 31 03 CF 00 44 4B CD 25 A5 03 01 31 05 E6 3D 77 00 50 24 BF 50 C8 24 03 18 25 A5 03 01 31 03 CF 00 2E 35 B7 25 A5 03 01 31 05 E6 3D 77 00 50 24 BF 50 (58)
                              [N3:X] MOTOR_I 0 68 (68)
                              [N3:X] [undefined] 61 119 0 80 (1031209040)
                              [N3:X] MOTOR_I 0 46 (46)
                              [N3:X] [undefined] 61 119 0 80 (1031209040)
2026-03-20 18:21:12:877 [IN ] C8 24 03 18 25 A5 03 01 31 03 CF 00 2F 36 B8 25 A5 03 01 31 05 E6 3D 77 00 50 24 BF 50 C8 24 03 0E 25 A5 03 01 31 03 CF 00 3D 44 C6 25 A5 03 01 (48)
                              [N3:X] MOTOR_I 0 47 (47)
                              [N3:X] [undefined] 61 119 0 80 (1031209040)
                              [N3:X] MOTOR_I 0 61 (61)
2026-03-20 18:21:13:079 [IN ] C8 24 03 0A 01 31 05 E6 3D 77 00 50 24 BF C6 C8 24 03 15 25 A5 03 01 31 03 CF 00 31 38 BA 25 A5 03 01 31 05 E6 3D 77 00 50 C8 24 03 1B 50 24 BF 25 A5 03 01 31 03 CF 00 39 40 C2 25 A5 03 01 31 
05 E6 3D 77 00 50 24 BF 01 (73)
                              [N3:X] [undefined] 61 119 0 80 (1031209040)
                              [N3:X] MOTOR_I 0 49 (49)
                              [N3:X] [undefined] 61 119 0 80 (1031209040)
                              [N3:X] MOTOR_I 0 57 (57)
                              [N3:X] [undefined] 61 119 0 80 (1031209040)
2026-03-20 18:21:13:281 [IN ] C8 24 03 18 25 A5 03 01 31 03 CF 00 40 47 C9 25 A5 03 01 31 05 E6 3D 77 00 50 24 BF 50 C8 24 03 18 25 A5 03 01 31 03 CF 00 36 3D BF 25 A5 03 01 31 05 E6 3D 77 00 50 24 BF 50 (58)
                              [N3:X] MOTOR_I 0 64 (64)
                              [N3:X] [undefined] 61 119 0 80 (1031209040)
                              [N3:X] MOTOR_I 0 54 (54)
                              [N3:X] [undefined] 61 119 0 80 (1031209040)
2026-03-20 18:21:13:482 [IN ] C8 24 03 18 25 A5 03 01 31 03 CF 00 41 48 CA 25 A5 03 01 31 05 E6 3D 77 00 50 24 BF 50 C8 24 03 18 25 A5 03 01 31 03 CF 00 48 4F D1 25 A5 03 01 31 05 E6 3D 77 00 50 24 BF 50 (58)
                              [N3:X] MOTOR_I 0 65 (65)
                              [N3:X] [undefined] 61 119 0 80 (1031209040)
                              [N3:X] MOTOR_I 0 72 (72)
                              [N3:X] [undefined] 61 119 0 80 (1031209040)
2026-03-20 18:21:13:684 [IN ] C8 24 03 18 25 A5 03 01 31 03 CF 00 2E 35 B7 25 A5 03 01 31 05 E6 3D 77 00 50 24 BF 50 C8 24 03 18 25 A5 03 01 31 03 CF 00 3F 46 C8 25 A5 03 01 31 05 E6 3D 77 00 50 24 BF 50 (58)
                              [N3:X] MOTOR_I 0 46 (46)
                              [N3:X] [undefined] 61 119 0 80 (1031209040)
                              [N3:X] MOTOR_I 0 63 (63)
                              [N3:X] [undefined] 61 119 0 80 (1031209040)
2026-03-20 18:21:13:887 [IN ] C8 24 03 18 25 A5 03 01 31 03 CF 00 45 4C CE 25 A5 03 01 31 05 E6 3D 77 00 50 24 BF 50 C8 24 03 18 25 A5 03 01 31 03 CF 00 37 3E C0 25 A5 03 01 31 05 E6 3D 77 00 50 24 BF 50 (58)
                              [N3:X] MOTOR_I 0 69 (69)
                              [N3:X] [undefined] 61 119 0 80 (1031209040)
                              [N3:X] MOTOR_I 0 55 (55)
                              [N3:X] [undefined] 61 119 0 80 (1031209040)
2026-03-20 18:21:14:091 [IN ] C8 24 03 18 25 A5 03 01 31 03 CF 00 2A 31 B3 25 A5 03 01 31 05 E6 3D 77 00 50 24 BF 50 C8 24 (31)
                              [N3:X] MOTOR_I 0 42 (42)
                              [N3:X] [undefined] 61 119 0 80 (1031209040)
2026-03-20 18:21:14:293 [IN ] 03 18 25 A5 03 01 31 03 CF 00 4D 54 D6 25 A5 03 01 31 05 E6 3D 77 00 50 24 BF 50 C8 24 03 0E 25 A5 03 01 31 03 CF 00 2F 36 B8 25 A5 03 01 C8 24 03 0A 01 31 05 E6 3D 77 00 50 24 BF B8 C8 24 03 
18 25 A5 03 01 31 03 CF 00 2E 35 B7 25 A5 03 01 31 05 E6 3D 77 00 50 24 BF 50 (90)
                              [N3:X] MOTOR_I 0 77 (77)
                              [N3:X] [undefined] 61 119 0 80 (1031209040)
                              [N3:X] MOTOR_I 0 47 (47)
                              [N3:X] [undefined] 61 119 0 80 (1031209040)
                              [N3:X] MOTOR_I 0 46 (46)
                              [N3:X] [undefined] 61 119 0 80 (1031209040)
2026-03-20 18:21:14:494 [IN ] C8 24 03 18 25 A5 03 01 31 03 CF 00 2B 32 B4 25 A5 03 01 31 05 E6 3D 77 00 50 24 BF 50 C8 24 03 18 25 A5 03 01 31 03 CF 00 3E 45 C7 25 A5 03 01 31 05 E6 3D 77 00 50 24 BF 50 (58)
                              [N3:X] MOTOR_I 0 43 (43)
                              [N3:X] [undefined] 61 119 0 80 (1031209040)
                              [N3:X] MOTOR_I 0 62 (62)
                              [N3:X] [undefined] 61 119 0 80 (1031209040)
2026-03-20 18:21:14:695 [IN ] C8 24 03 18 25 A5 03 01 31 03 CF 00 3C 43 C5 25 A5 03 01 31 05 E6 3D 77 00 50 24 BF 50 C8 24 03 18 25 A5 03 01 31 03 CF 00 35 3C BE 25 A5 03 01 31 05 E6 3D 77 00 50 24 BF 50 (58)
                              [N3:X] MOTOR_I 0 60 (60)
                              [N3:X] [undefined] 61 119 0 80 (1031209040)
                              [N3:X] MOTOR_I 0 53 (53)
                              [N3:X] [undefined] 61 119 0 80 (1031209040)
2026-03-20 18:21:14:897 [IN ] C8 24 03 18 25 A5 03 01 31 03 CF 00 47 4E D0 25 A5 03 01 31 05 E6 3D 77 00 50 24 BF 50 C8 24 03 18 25 A5 03 01 31 03 CF 00 3C 43 C5 25 A5 03 01 31 05 E6 3D 77 00 50 24 BF 50 (58)
                              [N3:X] MOTOR_I 0 71 (71)
                              [N3:X] [undefined] 61 119 0 80 (1031209040)
                              [N3:X] MOTOR_I 0 60 (60)
                              [N3:X] [undefined] 61 119 0 80 (1031209040)
2026-03-20 18:21:15:098 [IN ] C8 24 03 18 25 A5 03 01 31 03 CF 00 28 2F B1 25 A5 03 01 31 05 E6 3D 77 00 50 24 BF 50 C8 24 03 18 25 A5 03 01 31 03 CF 00 3A 41 C3 25 A5 03 01 31 05 E6 3D 77 00 50 24 BF (57)
                              [N3:X] MOTOR_I 0 40 (40)
                              [N3:X] [undefined] 61 119 0 80 (1031209040)
                              [N3:X] MOTOR_I 0 58 (58)
                              [N3:X] [undefined] 61 119 0 80 (1031209040)
2026-03-20 18:21:15:300 [IN ] 50 C8 24 03 18 25 A5 03 01 31 03 CF 00 2A 31 B3 25 A5 03 01 31 05 E6 3D 77 00 50 24 BF 50 C8 24 03 18 25 A5 03 01 31 03 CF 00 20 27 A9 25 A5 03 01 31 05 E6 3D 77 00 50 24 BF 50 (59)
                              [N3:X] MOTOR_I 0 42 (42)
                              [N3:X] [undefined] 61 119 0 80 (1031209040)
                              [N3:X] MOTOR_I 0 32 (32)
                              [N3:X] [undefined] 61 119 0 80 (1031209040)
2026-03-20 18:21:15:502 [IN ] C8 24 03 0E 25 A5 03 01 31 03 CF 00 37 3E C0 25 A5 03 01 C8 24 03 0A 01 31 05 E6 3D 77 00 50 24 BF C0 C8 24 03 15 25 A5 03 01 31 03 CF 00 30 37 B9 25 A5 03 01 31 05 E6 3D 77 00 50 (60)
                              [N3:X] MOTOR_I 0 55 (55)
                              [N3:X] [undefined] 61 119 0 80 (1031209040)
                              [N3:X] MOTOR_I 0 48 (48)
2026-03-20 18:21:15:704 [IN ] C8 24 03 1B 50 24 BF 25 A5 03 01 31 03 CF 00 35 3C BE 25 A5 03 01 31 05 E6 3D 77 00 50 24 BF 01 C8 24 04 0B 25 A5 04 01 31 03 81 5A 4C 60 A6 35 C8 24 03 18 25 A5 03 01 31 03 CF 00 42 49 CB 25 
A5 03 01 31 05 E6 3D 77 00 50 24 BF 50 (77)
                              [N3:X] [undefined] 61 119 0 80 (1031209040)
                              [N3:X] MOTOR_I 0 53 (53)
                              [N3:X] [undefined] 61 119 0 80 (1031209040)
                              [N4:Y] TPOS 'Z' 76 (76)
                              [N3:X] MOTOR_I 0 66 (66)
                              [N3:X] [undefined] 61 119 0 80 (1031209040)
2026-03-20 18:21:15:906 [IN ] C8 24 04 0A 25 A5 04 01 31 02 81 49 02 32 CB C8 24 03 18 25 A5 03 01 31 03 CF 00 36 3D BF 25 A5 03 01 31 05 E6 3D 77 00 50 24 BF 50 C8 24 03 18 25 A5 03 01 31 03 CF 00 38 3F C1 25 A5 03 01 31 
05 E6 3D 77 00 50 24 BF 50 (73)
                              [N4:Y] TPOS 'I'
                              [N3:X] MOTOR_I 0 54 (54)
                              [N3:X] [undefined] 61 119 0 80 (1031209040)
                              [N3:X] MOTOR_I 0 56 (56)
                              [N3:X] [undefined] 61 119 0 80 (1031209040)
2026-03-20 18:21:16:130 [OUT] 25 A5 01 09 31 02 D8 3F 54 EC (10)
                              [N9:P] INTERRUPT '?'
2026-03-20 18:21:16:131 [IN ] C8 24 03 18 25 A5 03 01 31 03 CF 00 3F 46 C8 25 A5 03 01 31 05 E6 3D 77 00 50 24 BF 50 C8 24 03 18 25 A5 03 01 31 03 CF 00 40 47 C9 25 A5 03 01 31 05 E6 3D 77 00 50 24 BF 50 (58)
                              [N3:X] MOTOR_I 0 63 (63)
                              [N3:X] [undefined] 61 119 0 80 (1031209040)
                              [N3:X] MOTOR_I 0 64 (64)
                              [N3:X] [undefined] 61 119 0 80 (1031209040)
2026-03-20 18:21:16:432 [IN ] C8 24 03 18 25 A5 03 01 31 03 CF 00 3E 45 C7 25 A5 03 01 31 05 E6 3D 77 00 50 24 BF 50 C8 24 09 0C 25 A5 09 01 31 04 D8 3A 01 01 53 9A A5 C8 24 03 18 25 A5 03 01 31 03 CF 00 27 2E B0 25 A5 03 
01 31 05 E6 3D 77 00 50 24 BF 50 C8 24 03 18 25 A5 03 01 31 03 CF 00 23 2A AC 25 A5 03 01 31 05 E6 3D 77 00 50 24 BF 50 (104)
                              [N3:X] MOTOR_I 0 62 (62)
                              [N3:X] [undefined] 61 119 0 80 (1031209040)
                              [N9:P] INTERRUPT ':' 1 1 (257)
                              [N3:X] MOTOR_I 0 39 (39)
                              [N3:X] [undefined] 61 119 0 80 (1031209040)
                              [N3:X] MOTOR_I 0 35 (35)
                              [N3:X] [undefined] 61 119 0 80 (1031209040)
2026-03-20 18:21:16:453 [OUT] 25 A5 01 04 31 03 C9 3D 09 48 FE (11)
                              [N4:Y] LFLAG '=' 9 (9)
2026-03-20 18:21:16:476 [OUT] 25 A5 01 07 31 02 D8 3F 52 E2 (10)
                              [N7:N] INTERRUPT '?'
2026-03-20 18:21:16:777 [IN ] C8 24 03 18 25 A5 03 01 31 03 CF 00 2F 36 B8 25 A5 03 01 31 05 E6 3D 77 00 50 24 BF 50 C8 24 03 18 25 A5 03 01 31 03 CF 00 2E 35 B7 25 A5 03 01 31 05 E6 3D 77 00 50 24 BF 50 C8 24 04 0B 25 A5 
04 01 31 03 C9 3A 09 45 FB 25 C8 24 03 0E 25 A5 03 01 31 03 CF 00 31 38 BA 25 A5 03 01 C8 24 03 0A 01 31 05 E6 3D 77 00 50 24 BF BA C8 24 07 0C 25 A5 07 01 31 04 D8 3A 01 01 51 8A A5 (125)
                              [N3:X] MOTOR_I 0 47 (47)
                              [N3:X] [undefined] 61 119 0 80 (1031209040)
                              [N3:X] MOTOR_I 0 46 (46)
                              [N3:X] [undefined] 61 119 0 80 (1031209040)
                              [N4:Y] LFLAG ':' 9 (9)
                              [N3:X] MOTOR_I 0 49 (49)
                              [N3:X] [undefined] 61 119 0 80 (1031209040)
                              [N7:N] INTERRUPT ':' 1 1 (257)
2026-03-20 18:21:16:801 [OUT] 25 A5 01 09 31 03 C9 3D 0B 4F 1E (11)
                              [N9:P] LFLAG '=' 11 (11)
2026-03-20 18:21:16:803 [IN ] C8 24 03 18 25 A5 03 01 31 03 CF 00 29 30 B2 25 A5 03 01 31 05 E6 3D 77 00 50 24 BF 50 (29)
                              [N3:X] MOTOR_I 0 41 (41)
                              [N3:X] [undefined] 61 119 0 80 (1031209040)
2026-03-20 18:21:16:824 [OUT] 25 A5 01 07 31 03 C9 3D 0B 4D 12 (11)
                              [N7:N] LFLAG '=' 11 (11)
2026-03-20 18:21:16:907 [IN ] C8 24 03 18 25 A5 03 01 31 03 CF 00 3B 42 C4 25 A5 03 01 31 05 E6 3D 77 00 50 24 BF 50 (29)
                              [N3:X] MOTOR_I 0 59 (59)
                              [N3:X] [undefined] 61 119 0 80 (1031209040)
2026-03-20 18:21:16:969 [IN ] C8 24 09 0B 25 A5 09 01 31 03 C9 3A 0B 4C 20 25 (16)
                              [N9:P] LFLAG ':' 11 (11)
2026-03-20 18:21:16:994 [OUT] 25 A5 01 09 31 03 88 00 50 16 26 (11)
                              [N9:P] RUN 0 80 (80)
2026-03-20 18:21:17:016 [IN ] C8 24 03 18 25 A5 03 01 31 03 CF 00 25 2C AE 25 A5 03 01 31 05 E6 3D 77 00 50 24 BF 50 (29)
                              [N3:X] MOTOR_I 0 37 (37)
                              [N3:X] [undefined] 61 119 0 80 (1031209040)
2026-03-20 18:21:17:079 [IN ] C8 24 07 0B 25 A5 07 01 31 03 C9 3A 0B 4A 12 25 (16)
                              [N7:N] LFLAG ':' 11 (11)
2026-03-20 18:21:17:101 [OUT] 25 A5 01 07 31 03 88 00 50 14 1A (11)
                              [N7:N] RUN 0 80 (80)
2026-03-20 18:21:17:102 [IN ] C8 24 03 18 25 A5 03 01 31 03 CF 00 30 37 B9 25 A5 03 01 31 05 E6 3D 77 00 50 24 BF 50 (29)
                              [N3:X] MOTOR_I 0 48 (48)
                              [N3:X] [undefined] 61 119 0 80 (1031209040)
2026-03-20 18:21:17:185 [IN ] C8 24 09 0C 25 A5 09 01 31 04 88 53 00 50 6A F2 A5 (17)
                              [N9:P] RUN 'S' 0 80 (80)
2026-03-20 18:21:17:206 [IN ] C8 24 03 18 25 A5 03 (7)
2026-03-20 18:21:17:228 [IN ] 01 31 03 CF 00 1E 25 A7 25 A5 03 01 31 05 E6 3D 77 00 50 24 BF 50 C8 24 09 0B 25 A5 09 01 31 03 81 5A 4C 65 C9 25 (38)
                              [N3:X] MOTOR_I 0 30 (30)
                              [N3:X] [undefined] 61 119 0 80 (1031209040)
                              [N9:P] TPOS 'Z' 76 (76)
2026-03-20 18:21:17:272 [IN ] C8 24 09 0A 25 A5 09 01 31 02 81 49 07 50 C9 (15)
                              [N9:P] TPOS 'I'
2026-03-20 18:21:17:294 [IN ] C8 24 07 0C 25 A5 07 01 31 04 88 53 00 50 68 E2 A5 (17)
                              [N7:N] RUN 'S' 0 80 (80)
2026-03-20 18:21:17:316 [OUT] 25 A5 01 09 31 03 C9 3D 09 4D 1C (11)
                              [N9:P] LFLAG '=' 9 (9)
2026-03-20 18:21:17:318 [IN ] C8 24 03 23 25 A5 03 01 31 03 CF 00 22 29 AB 25 A5 03 01 31 05 E6 3D 77 00 50 24 BF 25 A5 03 01 31 03 81 5A 4C 5F 9F B2 (40)
                              [N3:X] MOTOR_I 0 34 (34)
                              [N3:X] [undefined] 61 119 0 80 (1031209040)
                              [N3:X] TPOS 'Z' 76 (76)
2026-03-20 18:21:17:339 [OUT] 25 A5 01 04 31 05 81 FF EE 88 01 32 FA (13)
                              [N4:Y] TPOS 255 238 136 1 (-1144831)
2026-03-20 18:21:17:340 [IN ] C8 24 03 0A 25 A5 03 01 31 02 81 49 01 2C AB (15)
                              [N3:X] TPOS 'I'
2026-03-20 18:21:17:384 [OUT] 25 A5 01 03 31 03 C9 3D 09 47 F8 (11)
                              [N3:X] LFLAG '=' 9 (9)
2026-03-20 18:21:17:406 [IN ] C8 24 03 18 25 A5 03 01 31 03 CF 00 00 07 89 25 A5 03 01 31 05 E6 3D 77 00 00 D4 6F 25 (29)
                              [N3:X] MOTOR_I 0 0 (0)
                              [N3:X] [undefined] 61 119 0 0 (1031208960)
2026-03-20 18:21:17:469 [IN ] C8 24 09 0B 25 A5 09 01 31 03 C9 3A 09 4A 1E 25 (16)
                              [N9:P] LFLAG ':' 9 (9)
2026-03-20 18:21:17:532 [IN ] C8 24 03 18 25 A5 03 01 31 03 CF 00 00 07 89 25 A5 03 01 31 05 E6 3D 77 00 00 D4 6F 25 (29)
                              [N3:X] MOTOR_I 0 0 (0)
                              [N3:X] [undefined] 61 119 0 0 (1031208960)
2026-03-20 18:21:17:596 [IN ] C8 24 04 0E 25 A5 04 01 31 06 81 53 00 00 00 00 10 88 01 (19)
                              [N4:Y] TPOS 'S' 0 0 0 0 (0)
2026-03-20 18:21:17:618 [IN ] C8 24 03 18 25 A5 03 01 31 03 CF 00 00 07 89 25 A5 03 01 31 05 E6 3D 77 00 00 D4 6F 25 (29)
                              [N3:X] MOTOR_I 0 0 (0)
                              [N3:X] [undefined] 61 119 0 0 (1031208960)
2026-03-20 18:21:17:721 [IN ] C8 24 03 23 25 A5 03 01 31 03 CF 00 00 (13)
2026-03-20 18:21:17:742 [IN ] 07 89 25 A5 03 01 31 05 E6 3D 77 00 00 D4 6F 25 A5 03 01 31 03 C9 3A 09 44 F4 B2 (27)
                              [N3:X] MOTOR_I 0 0 (0)
                              [N3:X] [undefined] 61 119 0 0 (1031208960)
                              [N3:X] LFLAG ':' 9 (9)
2026-03-20 18:21:17:944 [IN ] C8 24 03 18 25 A5 03 01 31 03 CF 00 00 07 89 25 A5 03 01 31 05 E6 3D 77 00 00 D4 6F 25 C8 24 03 0E 25 A5 03 01 31 03 CF 00 00 07 89 25 A5 03 01 C8 24 03 0A 01 31 05 E6 3D 77 00 00 D4 6F 89 (63)
                              [N3:X] MOTOR_I 0 0 (0)
                              [N3:X] [undefined] 61 119 0 0 (1031208960)
                              [N3:X] MOTOR_I 0 0 (0)
                              [N3:X] [undefined] 61 119 0 0 (1031208960)
2026-03-20 18:21:18:145 [IN ] C8 24 03 15 25 A5 03 01 31 03 CF 00 00 07 89 25 A5 03 01 31 05 E6 3D 77 00 00 C8 24 03 1B 00 D4 6F 25 A5 03 01 31 03 CF 00 00 07 89 25 A5 03 01 31 05 E6 3D 77 00 00 D4 6F 01 (58)
                              [N3:X] MOTOR_I 0 0 (0)
                              [N3:X] [undefined] 61 119 0 0 (1031208960)
                              [N3:X] MOTOR_I 0 0 (0)
                              [N3:X] [undefined] 61 119 0 0 (1031208960)
2026-03-20 18:21:18:349 [IN ] C8 24 03 18 25 A5 03 01 31 03 CF 00 00 07 89 25 A5 03 01 31 05 E6 3D 77 00 00 D4 6F 00 C8 24 03 18 25 A5 03 01 31 03 CF 00 00 07 89 25 A5 03 01 31 05 E6 3D 77 00 00 D4 6F 00 (58)
                              [N3:X] MOTOR_I 0 0 (0)
                              [N3:X] [undefined] 61 119 0 0 (1031208960)
                              [N3:X] MOTOR_I 0 0 (0)
                              [N3:X] [undefined] 61 119 0 0 (1031208960)
2026-03-20 18:21:18:552 [IN ] C8 24 03 18 25 A5 03 01 31 03 CF 00 00 07 89 25 A5 03 01 31 05 E6 3D 77 00 00 D4 6F 00 C8 24 03 18 25 A5 03 01 31 03 CF 00 00 07 89 25 A5 03 01 31 05 E6 3D 77 00 00 D4 6F 00 (58)
                              [N3:X] MOTOR_I 0 0 (0)
                              [N3:X] [undefined] 61 119 0 0 (1031208960)
                              [N3:X] MOTOR_I 0 0 (0)
                              [N3:X] [undefined] 61 119 0 0 (1031208960)
2026-03-20 18:21:18:754 [IN ] C8 24 03 18 25 A5 03 01 31 03 CF 00 00 07 89 25 A5 03 01 31 05 E6 3D 77 00 00 D4 6F 00 C8 24 03 18 25 A5 03 01 31 03 CF 00 00 07 89 25 A5 03 01 31 05 E6 3D 77 00 00 D4 6F 00 (58)
                              [N3:X] MOTOR_I 0 0 (0)
                              [N3:X] [undefined] 61 119 0 0 (1031208960)
                              [N3:X] MOTOR_I 0 0 (0)
                              [N3:X] [undefined] 61 119 0 0 (1031208960)
2026-03-20 18:21:18:956 [IN ] C8 24 03 18 25 A5 03 01 31 03 CF 00 00 07 89 25 A5 03 01 31 05 E6 3D 77 00 00 D4 6F 00 C8 24 03 18 25 A5 03 01 31 03 CF 00 00 07 89 25 A5 03 01 31 05 E6 3D 77 00 00 D4 6F 00 (58)
                              [N3:X] MOTOR_I 0 0 (0)
                              [N3:X] [undefined] 61 119 0 0 (1031208960)
                              [N3:X] MOTOR_I 0 0 (0)
                              [N3:X] [undefined] 61 119 0 0 (1031208960)
2026-03-20 18:21:19:157 [IN ] C8 24 03 18 25 A5 03 01 31 03 CF 00 00 07 89 25 A5 03 01 31 05 E6 3D 77 00 00 D4 6F 00 C8 24 03 18 25 A5 03 01 31 03 CF 00 00 07 89 25 A5 03 01 31 05 E6 3D 77 00 00 D4 6F 00 (58)
                              [N3:X] MOTOR_I 0 0 (0)
                              [N3:X] [undefined] 61 119 0 0 (1031208960)
                              [N3:X] MOTOR_I 0 0 (0)
                              [N3:X] [undefined] 61 119 0 0 (1031208960)
2026-03-20 18:21:19:358 [IN ] C8 24 03 15 25 A5 03 01 31 03 CF 00 00 07 89 25 A5 03 01 31 05 E6 3D 77 00 00 C8 24 03 1B 00 D4 6F 25 A5 03 01 31 03 CF 00 00 07 89 25 A5 03 01 31 05 E6 3D 77 00 00 D4 6F 01 (58)
                              [N3:X] MOTOR_I 0 0 (0)
                              [N3:X] [undefined] 61 119 0 0 (1031208960)
                              [N3:X] MOTOR_I 0 0 (0)
                              [N3:X] [undefined] 61 119 0 0 (1031208960)
2026-03-20 18:21:19:560 [IN ] C8 24 03 18 25 A5 03 01 31 03 CF 00 00 07 89 25 A5 03 01 31 05 E6 3D 77 00 00 D4 6F 00 C8 24 03 18 25 A5 03 01 31 03 CF 00 00 07 89 25 A5 03 01 31 05 E6 3D 77 00 00 D4 6F 00 (58)
                              [N3:X] MOTOR_I 0 0 (0)
                              [N3:X] [undefined] 61 119 0 0 (1031208960)
                              [N3:X] MOTOR_I 0 0 (0)
                              [N3:X] [undefined] 61 119 0 0 (1031208960)
2026-03-20 18:21:19:762 [IN ] C8 24 03 18 25 A5 03 01 31 03 CF 00 00 07 89 25 A5 03 01 31 05 E6 3D 77 00 00 D4 6F 00 C8 24 03 18 25 A5 03 01 31 03 CF 00 00 07 89 25 A5 03 01 31 05 E6 3D 77 00 00 D4 6F 00 (58)
                              [N3:X] MOTOR_I 0 0 (0)
                              [N3:X] [undefined] 61 119 0 0 (1031208960)
                              [N3:X] MOTOR_I 0 0 (0)
                              [N3:X] [undefined] 61 119 0 0 (1031208960)
2026-03-20 18:21:19:963 [IN ] C8 24 03 18 25 A5 03 01 31 03 CF 00 00 07 89 25 A5 03 01 31 05 E6 3D 77 00 00 D4 6F 00 C8 24 03 18 25 A5 03 01 31 03 CF 00 00 07 89 25 A5 03 01 31 05 E6 3D 77 00 00 D4 6F 00 (58)
                              [N3:X] MOTOR_I 0 0 (0)
                              [N3:X] [undefined] 61 119 0 0 (1031208960)
                              [N3:X] MOTOR_I 0 0 (0)
                              [N3:X] [undefined] 61 119 0 0 (1031208960)
2026-03-20 18:21:20:165 [IN ] C8 24 03 18 25 A5 03 01 31 03 CF 00 00 07 89 25 A5 03 01 31 05 E6 3D 77 00 00 D4 6F 00 C8 24 03 18 25 A5 03 01 31 03 CF 00 00 07 89 25 A5 03 01 31 05 E6 3D 77 00 00 D4 6F 00 (58)
                              [N3:X] MOTOR_I 0 0 (0)
                              [N3:X] [undefined] 61 119 0 0 (1031208960)
                              [N3:X] MOTOR_I 0 0 (0)
                              [N3:X] [undefined] 61 119 0 0 (1031208960)
2026-03-20 18:21:20:367 [IN ] C8 24 03 18 25 A5 03 01 31 03 CF 00 00 07 89 25 A5 03 01 31 05 E6 3D 77 00 00 D4 6F 00 C8 24 03 18 25 A5 03 01 31 03 CF 00 00 07 89 25 A5 03 01 31 05 E6 3D 77 00 00 D4 6F 00 (58)
                              [N3:X] MOTOR_I 0 0 (0)
                              [N3:X] [undefined] 61 119 0 0 (1031208960)
                              [N3:X] MOTOR_I 0 0 (0)
                              [N3:X] [undefined] 61 119 0 0 (1031208960)
2026-03-20 18:21:20:570 [IN ] C8 24 03 0E 25 A5 03 01 31 03 CF 00 00 07 89 25 A5 03 01 C8 24 03 0A 01 31 05 E6 3D 77 00 00 D4 6F 89 C8 24 03 18 25 A5 03 01 31 03 CF 00 00 07 89 25 A5 03 01 31 05 E6 3D 77 00 00 D4 6F 00 (63)
                              [N3:X] MOTOR_I 0 0 (0)
                              [N3:X] [undefined] 61 119 0 0 (1031208960)
                              [N3:X] MOTOR_I 0 0 (0)
                              [N3:X] [undefined] 61 119 0 0 (1031208960)
2026-03-20 18:21:20:771 [IN ] C8 24 03 18 25 A5 03 01 31 03 CF 00 00 07 89 25 A5 03 01 31 05 E6 3D 77 00 00 D4 6F 00 C8 24 03 18 25 A5 03 01 31 03 CF 00 00 07 89 25 A5 03 01 31 05 E6 3D 77 00 00 D4 6F 00 (58)
                              [N3:X] MOTOR_I 0 0 (0)
                              [N3:X] [undefined] 61 119 0 0 (1031208960)
                              [N3:X] MOTOR_I 0 0 (0)
                              [N3:X] [undefined] 61 119 0 0 (1031208960)
2026-03-20 18:21:20:972 [IN ] C8 24 03 18 25 A5 03 01 31 03 CF 00 00 07 89 25 A5 03 01 31 05 E6 3D 77 00 00 D4 6F 00 C8 24 03 18 25 A5 03 01 31 03 CF 00 00 07 89 25 A5 03 01 31 05 E6 3D 77 00 00 D4 6F 00 (58)
                              [N3:X] MOTOR_I 0 0 (0)
                              [N3:X] [undefined] 61 119 0 0 (1031208960)
                              [N3:X] MOTOR_I 0 0 (0)
                              [N3:X] [undefined] 61 119 0 0 (1031208960)
2026-03-20 18:21:21:178 [IN ] C8 24 03 18 25 A5 03 01 31 03 CF 00 00 07 89 25 A5 03 01 31 05 E6 3D 77 00 00 D4 6F 00 C8 24 07 0B 25 A5 07 01 31 03 81 5A 4C 63 BB 25 C8 24 07 0A 25 A5 07 01 31 02 81 49 05 44 BB C8 24 03 18 
25 A5 03 01 31 03 CF 00 00 07 89 25 A5 03 01 31 05 E6 3D 77 00 00 D4 6F 00 (89)
                              [N3:X] MOTOR_I 0 0 (0)
                              [N3:X] [undefined] 61 119 0 0 (1031208960)
                              [N7:N] TPOS 'Z' 76 (76)
                              [N7:N] TPOS 'I'
                              [N3:X] MOTOR_I 0 0 (0)
                              [N3:X] [undefined] 61 119 0 0 (1031208960)
2026-03-20 18:21:21:380 [IN ] C8 24 03 18 25 A5 03 01 31 03 CF 00 00 07 89 25 A5 03 01 31 05 E6 3D 77 00 00 D4 6F 00 C8 24 03 18 25 A5 03 01 31 03 CF 00 00 07 89 25 A5 03 01 31 05 E6 3D 77 00 00 D4 6F 00 (58)
                              [N3:X] MOTOR_I 0 0 (0)
                              [N3:X] [undefined] 61 119 0 0 (1031208960)
                              [N3:X] MOTOR_I 0 0 (0)
                              [N3:X] [undefined] 61 119 0 0 (1031208960)
2026-03-20 18:21:21:402 [OUT] 25 A5 01 07 31 03 C9 3D 09 4B 10 (11)
                              [N7:N] LFLAG '=' 9 (9)
2026-03-20 18:21:21:466 [IN ] C8 24 03 18 25 A5 03 01 31 03 CF 00 00 07 89 25 A5 03 01 31 05 E6 3D 77 00 00 D4 6F 00 (29)
                              [N3:X] MOTOR_I 0 0 (0)
                              [N3:X] [undefined] 61 119 0 0 (1031208960)
2026-03-20 18:21:21:549 [IN ] C8 24 03 18 25 A5 03 01 31 03 CF 00 00 07 89 25 A5 03 01 31 05 E6 3D 77 00 00 D4 6F 00 (29)
                              [N3:X] MOTOR_I 0 0 (0)
                              [N3:X] [undefined] 61 119 0 0 (1031208960)
2026-03-20 18:21:21:571 [IN ] C8 24 07 0B (4)
2026-03-20 18:21:21:592 [IN ] 25 A5 07 01 31 03 C9 3A 09 48 10 25 (12)
                              [N7:N] LFLAG ':' 9 (9)
2026-03-20 18:21:21:794 [IN ] C8 24 03 0E 25 A5 03 01 31 03 CF 00 00 07 89 25 A5 03 01 C8 24 03 0A 01 31 05 E6 3D 77 00 00 D4 6F 89 C8 24 03 15 25 A5 03 01 31 03 CF 00 00 07 89 25 A5 03 01 31 05 E6 3D 77 00 00 (60)
                              [N3:X] MOTOR_I 0 0 (0)
                              [N3:X] [undefined] 61 119 0 0 (1031208960)
                              [N3:X] MOTOR_I 0 0 (0)
2026-03-20 18:21:21:996 [IN ] C8 24 03 1B 00 D4 6F 25 A5 03 01 31 03 CF 00 00 07 89 25 A5 03 01 31 05 E6 3D 77 00 00 D4 6F 01 C8 24 03 18 25 A5 03 01 31 03 CF 00 00 07 89 25 A5 03 01 31 05 E6 3D 77 00 00 D4 6F 00 (61)
                              [N3:X] [undefined] 61 119 0 0 (1031208960)
                              [N3:X] MOTOR_I 0 0 (0)
                              [N3:X] [undefined] 61 119 0 0 (1031208960)
                              [N3:X] MOTOR_I 0 0 (0)
                              [N3:X] [undefined] 61 119 0 0 (1031208960)
2026-03-20 18:21:22:198 [IN ] C8 24 03 18 25 A5 03 01 31 03 CF 00 00 07 89 25 A5 03 01 31 05 E6 3D 77 00 00 D4 6F 00 C8 24 03 18 25 A5 03 01 31 03 CF 00 00 07 89 25 A5 03 01 31 05 E6 3D 77 00 00 D4 6F 00 (58)
                              [N3:X] MOTOR_I 0 0 (0)
                              [N3:X] [undefined] 61 119 0 0 (1031208960)
                              [N3:X] MOTOR_I 0 0 (0)
                              [N3:X] [undefined] 61 119 0 0 (1031208960)
2026-03-20 18:21:22:400 [IN ] C8 24 03 18 25 A5 03 01 31 03 CF 00 00 07 89 25 A5 03 01 31 05 E6 3D 77 00 00 D4 6F 00 C8 24 03 18 25 A5 03 01 31 03 CF 00 00 07 89 25 A5 03 01 31 05 E6 3D 77 00 00 D4 6F 00 (58)
                              [N3:X] MOTOR_I 0 0 (0)
                              [N3:X] [undefined] 61 119 0 0 (1031208960)
                              [N3:X] MOTOR_I 0 0 (0)
                              [N3:X] [undefined] 61 119 0 0 (1031208960)
2026-03-20 18:21:22:602 [IN ] C8 24 03 18 25 A5 03 01 31 03 CF 00 00 07 89 25 A5 03 01 31 05 E6 3D 77 00 00 D4 6F 00 C8 24 03 18 25 A5 03 01 31 03 CF 00 00 07 89 25 A5 03 01 31 05 E6 3D 77 00 00 D4 6F 00 (58)
                              [N3:X] MOTOR_I 0 0 (0)
                              [N3:X] [undefined] 61 119 0 0 (1031208960)
                              [N3:X] MOTOR_I 0 0 (0)
                              [N3:X] [undefined] 61 119 0 0 (1031208960)
2026-03-20 18:21:22:804 [IN ] C8 24 03 18 25 A5 03 01 31 03 CF 00 00 07 89 25 A5 03 01 31 05 E6 3D 77 00 00 D4 6F 00 C8 24 03 18 25 A5 03 01 31 03 CF 00 00 07 89 25 A5 03 01 31 05 E6 3D 77 00 00 D4 6F 00 (58)
                              [N3:X] MOTOR_I 0 0 (0)
                              [N3:X] [undefined] 61 119 0 0 (1031208960)
                              [N3:X] MOTOR_I 0 0 (0)
                              [N3:X] [undefined] 61 119 0 0 (1031208960)
2026-03-20 18:21:23:006 [IN ] C8 24 03 18 25 A5 03 01 31 03 CF 00 00 07 89 25 A5 03 01 31 05 E6 3D 77 00 00 D4 6F 00 C8 24 03 0E 25 A5 03 01 31 03 CF 00 00 07 89 25 A5 03 01 C8 24 03 0A 01 31 05 E6 3D 77 00 00 D4 6F 89 (63)
                              [N3:X] MOTOR_I 0 0 (0)
                              [N3:X] [undefined] 61 119 0 0 (1031208960)
                              [N3:X] MOTOR_I 0 0 (0)
                              [N3:X] [undefined] 61 119 0 0 (1031208960)
2026-03-20 18:21:23:208 [IN ] C8 24 03 18 25 A5 03 01 31 03 CF 00 00 07 89 25 A5 03 01 31 05 E6 3D 77 00 00 D4 6F 00 C8 24 03 18 25 A5 03 01 31 03 CF 00 00 07 89 25 A5 03 01 31 05 E6 3D 77 00 00 D4 6F 00 (58)
                              [N3:X] MOTOR_I 0 0 (0)
                              [N3:X] [undefined] 61 119 0 0 (1031208960)
                              [N3:X] MOTOR_I 0 0 (0)
                              [N3:X] [undefined] 61 119 0 0 (1031208960)
2026-03-20 18:21:23:410 [IN ] C8 24 03 18 25 A5 03 01 31 03 CF 00 00 07 89 25 A5 03 01 31 05 E6 3D 77 00 00 D4 6F 00 C8 24 03 18 25 A5 03 01 31 03 CF 00 00 07 89 25 A5 03 01 31 05 E6 3D 77 00 00 D4 6F 00 (58)
                              [N3:X] MOTOR_I 0 0 (0)
                              [N3:X] [undefined] 61 119 0 0 (1031208960)
                              [N3:X] MOTOR_I 0 0 (0)
                              [N3:X] [undefined] 61 119 0 0 (1031208960)
2026-03-20 18:21:23:611 [IN ] C8 24 03 18 25 A5 03 01 31 03 CF 00 00 07 89 25 A5 03 01 31 05 E6 3D 77 00 00 D4 6F 00 C8 24 03 18 25 A5 03 01 31 03 CF 00 00 07 89 25 A5 03 01 31 05 E6 3D 77 00 00 D4 6F 00 (58)
                              [N3:X] MOTOR_I 0 0 (0)
                              [N3:X] [undefined] 61 119 0 0 (1031208960)
                              [N3:X] MOTOR_I 0 0 (0)
                              [N3:X] [undefined] 61 119 0 0 (1031208960)
2026-03-20 18:21:23:812 [IN ] C8 24 03 18 25 A5 03 01 31 03 CF 00 00 07 89 25 A5 03 01 31 05 E6 3D 77 00 00 D4 6F 00 C8 24 03 18 25 A5 03 01 31 03 CF 00 00 07 89 25 A5 03 01 31 05 E6 3D 77 00 00 D4 6F 00 (58)
                              [N3:X] MOTOR_I 0 0 (0)
                              [N3:X] [undefined] 61 119 0 0 (1031208960)
                              [N3:X] MOTOR_I 0 0 (0)
                              [N3:X] [undefined] 61 119 0 0 (1031208960)
2026-03-20 18:21:24:013 [IN ] C8 24 03 18 25 A5 03 01 31 03 CF 00 00 07 89 25 A5 03 01 31 05 E6 3D 77 00 00 D4 6F 00 C8 24 03 18 25 A5 03 01 31 03 CF 00 00 07 89 25 A5 03 01 31 05 E6 3D 77 00 00 D4 6F 00 (58)
                              [N3:X] MOTOR_I 0 0 (0)
                              [N3:X] [undefined] 61 119 0 0 (1031208960)
                              [N3:X] MOTOR_I 0 0 (0)
                              [N3:X] [undefined] 61 119 0 0 (1031208960)
2026-03-20 18:21:24:215 [IN ] C8 24 03 18 25 A5 03 01 31 03 CF 00 00 07 89 25 A5 03 01 31 05 E6 3D 77 00 00 D4 6F 00 C8 24 03 0E 25 A5 03 01 31 03 CF 00 00 07 89 25 A5 03 01 C8 24 03 0A 01 31 05 E6 3D 77 00 00 D4 6F 89 C8 
24 04 0E 25 A5 04 01 31 06 81 45 FF EE 86 57 CC 6B 01 (82)
                              [N3:X] MOTOR_I 0 0 (0)
                              [N3:X] [undefined] 61 119 0 0 (1031208960)
                              [N3:X] MOTOR_I 0 0 (0)
                              [N3:X] [undefined] 61 119 0 0 (1031208960)
                              [N4:Y] TPOS 'E' 255 238 134 87 (-1145257)
2026-03-20 18:21:24:420 [IN ] C8 24 03 15 25 A5 03 01 31 03 CF 00 00 07 89 25 A5 03 01 31 05 E6 3D 77 00 00 C8 24 03 1B 00 D4 6F 25 A5 03 01 31 03 CF 00 00 07 89 25 A5 03 01 31 05 E6 3D 77 00 00 D4 6F 01 C8 24 0C 0B 25 A5 
0C 01 31 03 81 5A 4C 68 DE 00 C8 24 0C 0A 25 A5 0C 01 31 02 81 49 0A 62 DE (89)
                              [N3:X] MOTOR_I 0 0 (0)
                              [N3:X] [undefined] 61 119 0 0 (1031208960)
                              [N3:X] MOTOR_I 0 0 (0)
                              [N3:X] [undefined] 61 119 0 0 (1031208960)
                              [N12:Z] TPOS 'Z' 76 (76)
                              [N12:Z] TPOS 'I'
2026-03-20 18:21:24:440 [OUT] 25 A5 01 09 31 05 81 FF E7 5D 56 5A 0C (13)
                              [N9:P] TPOS 255 231 93 86 (-1614506)
2026-03-20 18:21:24:463 [OUT] 25 A5 01 0C 31 03 C9 3D 09 50 2E (11)
                              [N12:Z] LFLAG '=' 9 (9)
2026-03-20 18:21:24:464 [IN ] C8 24 03 18 25 A5 03 01 31 03 CF 00 00 07 89 25 A5 03 01 31 05 E6 3D 77 00 (25)
2026-03-20 18:21:24:485 [OUT] 25 A5 01 04 31 05 81 FF FD 50 01 09 B7 (13)
                              [N4:Y] TPOS 255 253 80 1 (-176127)
2026-03-20 18:21:24:486 [IN ] 00 D4 6F 00 (4)
                              [N3:X] MOTOR_I 0 0 (0)
                              [N3:X] [undefined] 61 119 0 0 (1031208960)
2026-03-20 18:21:24:506 [OUT] 25 A5 01 07 31 05 81 FF AB 19 75 F7 DF (13)
                              [N7:N] TPOS 255 171 25 117 (-5564043)
2026-03-20 18:21:24:528 [OUT] 25 A5 01 03 31 05 81 FF EC 4A AB 9B 1A (13)
                              [N3:X] TPOS 255 236 74 171 (-1291605)
2026-03-20 18:21:24:552 [OUT] 25 A5 01 06 31 02 D8 3F 51 DD (10)
                              [N6:H] INTERRUPT '?'
2026-03-20 18:21:24:854 [IN ] C8 24 03 18 25 A5 03 01 31 03 CF 00 00 07 89 25 A5 03 01 31 05 E6 3D 77 00 00 D4 6F 00 C8 24 09 0E 25 A5 09 01 31 06 81 53 FF FF FF FA 0C AB 01 C8 24 03 18 25 A5 03 01 31 03 CF 00 00 07 89 25 
A5 03 01 31 05 E6 3D 77 00 00 D4 6F 00 C8 24 0C 0B 25 A5 0C 01 31 03 C9 3A 09 4D 33 25 C8 24 03 18 25 A5 03 01 31 03 CF 00 00 07 89 25 A5 03 01 31 05 E6 3D 77 00 00 D4 6F 00 (122)
                              [N3:X] MOTOR_I 0 0 (0)
                              [N3:X] [undefined] 61 119 0 0 (1031208960)
                              [N9:P] TPOS 'S' 255 255 255 250 (-6)
                              [N3:X] MOTOR_I 0 0 (0)
                              [N3:X] [undefined] 61 119 0 0 (1031208960)
                              [N12:Z] LFLAG ':' 9 (9)
                              [N3:X] MOTOR_I 0 0 (0)
                              [N3:X] [undefined] 61 119 0 0 (1031208960)
2026-03-20 18:21:25:155 [IN ] C8 24 03 18 25 A5 03 01 31 03 CF 00 00 07 89 25 A5 03 01 31 05 E6 3D 77 00 00 D4 6F 00 C8 24 04 0E 25 A5 04 01 31 06 81 53 FF EE 86 57 DA B1 01 C8 24 03 18 25 A5 03 01 31 03 CF 00 00 07 89 25 
A5 03 01 31 05 E6 3D 77 00 00 D4 6F 00 C8 24 07 0E 25 A5 07 01 31 06 81 53 FF FF FF F8 08 95 01 C8 24 03 18 25 A5 03 01 31 03 CF 00 00 07 89 25 A5 03 01 31 05 E6 3D 77 00 00 D4 6F 00 C8 24 03 
0E 25 A5 03 01 31 06 81 53 00 00 00 00 0F 7E 01 (144)
                              [N3:X] MOTOR_I 0 0 (0)
                              [N3:X] [undefined] 61 119 0 0 (1031208960)
                              [N4:Y] TPOS 'S' 255 238 134 87 (-1145257)
                              [N3:X] MOTOR_I 0 0 (0)
                              [N3:X] [undefined] 61 119 0 0 (1031208960)
                              [N7:N] TPOS 'S' 255 255 255 248 (-8)
                              [N3:X] MOTOR_I 0 0 (0)
                              [N3:X] [undefined] 61 119 0 0 (1031208960)
                              [N3:X] TPOS 'S' 0 0 0 0 (0)
2026-03-20 18:21:25:456 [IN ] C8 24 03 18 25 A5 03 01 31 03 CF 00 15 1C 9E 25 A5 03 01 31 05 E6 3D 77 FF B0 83 1D 00 C8 24 06 0C 25 A5 06 01 31 04 D8 3A 01 01 50 82 A5 C8 24 03 18 25 A5 03 01 31 03 CF 00 11 18 9A 25 A5 03 
01 31 05 E6 3D 77 FF B0 83 1D 00 C8 24 03 18 25 A5 03 01 31 03 CF 00 11 18 9A 25 A5 03 01 31 05 E6 3D 77 FF B0 83 1D 00 (104)
                              [N3:X] MOTOR_I 0 21 (21)
                              [N3:X] [undefined] 61 119 255 176 (1031274416)
                              [N6:H] INTERRUPT ':' 1 1 (257)
                              [N3:X] MOTOR_I 0 17 (17)
                              [N3:X] [undefined] 61 119 255 176 (1031274416)
                              [N3:X] MOTOR_I 0 17 (17)
                              [N3:X] [undefined] 61 119 255 176 (1031274416)
2026-03-20 18:21:25:457 [IN ] C8 24 03 0E 25 A5 03 01 31 03 CF 00 11 18 9A 25 A5 03 01 (19)
                              [N3:X] MOTOR_I 0 17 (17)
2026-03-20 18:21:25:478 [OUT] 25 A5 01 0C 31 05 81 FF BC D0 00 4F 33 (13)
                              [N12:Z] TPOS 255 188 208 0 (-4403200)
2026-03-20 18:21:25:479 [IN ] C8 24 03 0A 01 31 05 E6 3D 77 FF B0 83 1D 9A (15)
                              [N3:X] [undefined] 61 119 255 176 (1031274416)
2026-03-20 18:21:25:500 [OUT] 25 A5 01 06 31 03 C9 3D 0B 4C 0C (11)
                              [N6:H] LFLAG '=' 11 (11)
2026-03-20 18:21:25:583 [IN ] C8 24 03 18 25 A5 03 01 31 03 CF 00 05 0C 8E 25 A5 03 01 31 05 E6 3D 77 FF B0 83 1D 00 (29)
                              [N3:X] MOTOR_I 0 5 (5)
                              [N3:X] [undefined] 61 119 255 176 (1031274416)
2026-03-20 18:21:25:667 [IN ] C8 24 0C 0E 25 A5 0C 01 31 06 81 53 FF FF FF 5C 71 2B 01 C8 24 03 18 25 A5 03 01 31 03 CF 00 0F 16 98 25 A5 03 01 31 05 E6 3D 77 FF B0 83 1D 00 (48)
                              [N12:Z] TPOS 'S' 255 255 255 92 (-164)
                              [N3:X] MOTOR_I 0 15 (15)
                              [N3:X] [undefined] 61 119 255 176 (1031274416)
2026-03-20 18:21:25:774 [IN ] C8 24 03 18 25 A5 03 01 31 03 CF 00 05 0C 8E 25 A5 03 (18)
2026-03-20 18:21:25:795 [IN ] 01 31 05 E6 3D 77 FF B0 83 1D 00 C8 24 06 0B 25 A5 06 01 31 03 C9 3A 0B 49 0B 25 (27)
                              [N3:X] MOTOR_I 0 5 (5)
                              [N3:X] [undefined] 61 119 255 176 (1031274416)
                              [N6:H] LFLAG ':' 11 (11)
2026-03-20 18:21:25:817 [OUT] 25 A5 01 06 31 03 88 FF B0 72 72 (11)
                              [N6:H] RUN 255 176 (-80)
2026-03-20 18:21:25:880 [IN ] C8 24 03 18 25 A5 03 01 31 03 CF 00 18 1F A1 25 A5 03 01 31 05 E6 3D 77 FF B0 83 1D 00 (29)
                              [N3:X] MOTOR_I 0 24 (24)
                              [N3:X] [undefined] 61 119 255 176 (1031274416)
2026-03-20 18:21:25:984 [IN ] C8 24 03 18 25 A5 03 01 31 03 CF 00 06 0D 8F 25 A5 03 01 31 05 E6 3D 77 FF B0 83 1D 00 C8 24 06 0C 25 A5 06 01 31 04 88 53 FF B0 C6 38 A5 (46)
                              [N3:X] MOTOR_I 0 6 (6)
                              [N3:X] [undefined] 61 119 255 176 (1031274416)
                              [N6:H] RUN 'S' 255 176 (-80)
2026-03-20 18:21:26:186 [IN ] C8 24 03 18 25 A5 03 01 31 03 CF 00 0E 15 97 25 A5 03 01 31 05 E6 3D 77 FF B0 83 1D 00 C8 24 03 18 25 A5 03 01 31 03 CF 00 04 0B 8D 25 A5 03 01 31 05 E6 3D 77 FF B0 83 1D 00 (58)
                              [N3:X] MOTOR_I 0 14 (14)
                              [N3:X] [undefined] 61 119 255 176 (1031274416)
                              [N3:X] MOTOR_I 0 4 (4)
                              [N3:X] [undefined] 61 119 255 176 (1031274416)
2026-03-20 18:21:26:387 [IN ] C8 24 03 18 25 A5 03 01 31 03 CF 00 07 0E 90 25 A5 03 01 31 05 E6 3D 77 FF B0 83 1D 00 C8 24 03 18 25 A5 03 01 31 03 CF 00 0C 13 95 25 A5 03 01 31 05 E6 3D 77 FF B0 83 1D 00 (58)
                              [N3:X] MOTOR_I 0 7 (7)
                              [N3:X] [undefined] 61 119 255 176 (1031274416)
                              [N3:X] MOTOR_I 0 12 (12)
                              [N3:X] [undefined] 61 119 255 176 (1031274416)
2026-03-20 18:21:26:589 [IN ] C8 24 03 18 25 A5 03 01 31 03 CF 00 06 0D 8F 25 A5 03 01 31 05 E6 3D 77 FF B0 83 1D 00 (29)
                              [N3:X] MOTOR_I 0 6 (6)
                              [N3:X] [undefined] 61 119 255 176 (1031274416)
2026-03-20 18:21:26:791 [IN ] C8 24 03 18 25 A5 03 01 31 03 CF 00 08 0F 91 25 A5 03 01 31 05 E6 3D 77 FF B0 83 1D 00 C8 24 03 0E 25 A5 03 01 31 03 CF 00 18 1F A1 25 A5 03 01 C8 24 03 0A 01 31 05 E6 3D 77 FF B0 83 1D A1 C8 
24 03 15 25 A5 03 01 31 03 CF 00 0C 13 95 25 A5 03 01 31 05 E6 3D 77 FF B0 (89)
                              [N3:X] MOTOR_I 0 8 (8)
                              [N3:X] [undefined] 61 119 255 176 (1031274416)
                              [N3:X] MOTOR_I 0 24 (24)
                              [N3:X] [undefined] 61 119 255 176 (1031274416)
                              [N3:X] MOTOR_I 0 12 (12)
2026-03-20 18:21:26:992 [IN ] C8 24 03 1B B0 83 1D 25 A5 03 01 31 03 CF 00 0C 13 95 25 A5 03 01 31 05 E6 3D 77 FF B0 83 1D 01 C8 24 03 18 25 A5 03 01 31 03 CF 00 02 09 8B 25 A5 03 01 31 05 E6 3D 77 FF B0 83 1D B0 (61)
                              [N3:X] [undefined] 61 119 255 176 (1031274416)
                              [N3:X] MOTOR_I 0 12 (12)
                              [N3:X] [undefined] 61 119 255 176 (1031274416)
                              [N3:X] MOTOR_I 0 2 (2)
                              [N3:X] [undefined] 61 119 255 176 (1031274416)
2026-03-20 18:21:27:195 [IN ] C8 24 03 18 25 A5 03 01 31 03 CF 00 0B 12 94 25 A5 03 01 31 05 E6 3D 77 FF B0 83 1D B0 C8 24 03 18 25 A5 03 01 31 03 CF 00 15 1C 9E 25 A5 03 01 31 05 E6 3D 77 FF B0 83 1D B0 (58)
                              [N3:X] MOTOR_I 0 11 (11)
                              [N3:X] [undefined] 61 119 255 176 (1031274416)
                              [N3:X] MOTOR_I 0 21 (21)
                              [N3:X] [undefined] 61 119 255 176 (1031274416)
2026-03-20 18:21:27:396 [IN ] C8 24 03 18 25 A5 03 01 31 03 CF 00 11 18 9A 25 A5 03 01 31 05 E6 3D 77 FF B0 83 1D B0 C8 24 03 18 25 A5 03 01 31 03 CF 00 09 10 92 25 A5 03 01 31 05 E6 3D 77 FF B0 83 1D B0 (58)
                              [N3:X] MOTOR_I 0 17 (17)
                              [N3:X] [undefined] 61 119 255 176 (1031274416)
                              [N3:X] MOTOR_I 0 9 (9)
                              [N3:X] [undefined] 61 119 255 176 (1031274416)
2026-03-20 18:21:27:597 [IN ] C8 24 03 18 25 A5 03 01 31 03 CF 00 07 0E 90 25 A5 03 01 31 05 E6 3D 77 FF B0 83 1D B0 C8 24 03 18 25 A5 03 01 31 03 CF 00 14 1B 9D 25 A5 (46)
                              [N3:X] MOTOR_I 0 7 (7)
                              [N3:X] [undefined] 61 119 255 176 (1031274416)
2026-03-20 18:21:27:798 [IN ] 03 01 31 05 E6 3D 77 FF B0 83 1D B0 C8 24 03 18 25 A5 03 01 31 03 CF 00 0E 15 97 25 A5 03 01 31 05 E6 3D 77 FF B0 83 1D B0 C8 24 03 18 25 A5 03 01 31 03 CF 00 14 1B 9D 25 A5 03 01 31 05 E6 3D 
77 FF B0 83 1D B0 (70)
                              [N3:X] MOTOR_I 0 20 (20)
                              [N3:X] [undefined] 61 119 255 176 (1031274416)
                              [N3:X] MOTOR_I 0 14 (14)
                              [N3:X] [undefined] 61 119 255 176 (1031274416)
                              [N3:X] MOTOR_I 0 20 (20)
                              [N3:X] [undefined] 61 119 255 176 (1031274416)
2026-03-20 18:21:28:000 [IN ] C8 24 03 18 25 A5 03 01 31 03 CF 00 08 0F 91 25 A5 03 01 31 05 E6 3D 77 FF B0 83 1D B0 C8 24 03 0E 25 A5 03 01 31 03 CF 00 10 17 99 25 A5 03 01 C8 24 03 0A 01 31 05 E6 3D 77 FF B0 83 1D 99 (63)
                              [N3:X] MOTOR_I 0 8 (8)
                              [N3:X] [undefined] 61 119 255 176 (1031274416)
                              [N3:X] MOTOR_I 0 16 (16)
                              [N3:X] [undefined] 61 119 255 176 (1031274416)
2026-03-20 18:21:28:202 [IN ] C8 24 03 18 25 A5 03 01 31 03 CF 00 0A 11 93 25 A5 03 01 31 05 E6 3D 77 FF B0 83 1D B0 C8 24 03 18 25 A5 03 01 31 03 CF 00 07 0E 90 25 A5 03 01 31 05 E6 3D 77 FF B0 83 1D B0 (58)
                              [N3:X] MOTOR_I 0 10 (10)
                              [N3:X] [undefined] 61 119 255 176 (1031274416)
                              [N3:X] MOTOR_I 0 7 (7)
                              [N3:X] [undefined] 61 119 255 176 (1031274416)
2026-03-20 18:21:28:404 [IN ] C8 24 03 18 25 A5 03 01 31 03 CF 00 0E 15 97 25 A5 03 01 31 05 E6 3D 77 FF B0 83 1D B0 C8 24 03 18 25 A5 03 01 31 03 CF 00 12 19 9B 25 A5 03 01 31 05 E6 3D 77 FF B0 83 1D B0 (58)
                              [N3:X] MOTOR_I 0 14 (14)
                              [N3:X] [undefined] 61 119 255 176 (1031274416)
                              [N3:X] MOTOR_I 0 18 (18)
                              [N3:X] [undefined] 61 119 255 176 (1031274416)
2026-03-20 18:21:28:605 [IN ] C8 24 03 18 25 A5 03 01 31 03 CF 00 0E 15 97 25 A5 03 01 31 05 E6 3D 77 FF B0 83 1D B0 C8 24 03 18 25 A5 03 01 31 03 CF 00 07 0E 90 25 A5 03 01 31 05 E6 3D 77 FF B0 83 1D B0 (58)
                              [N3:X] MOTOR_I 0 14 (14)
                              [N3:X] [undefined] 61 119 255 176 (1031274416)
                              [N3:X] MOTOR_I 0 7 (7)
                              [N3:X] [undefined] 61 119 255 176 (1031274416)
2026-03-20 18:21:28:807 [IN ] C8 24 03 18 25 A5 03 01 31 03 CF 00 0D 14 96 25 A5 03 01 31 05 E6 3D 77 FF B0 83 1D B0 C8 24 03 18 25 A5 03 01 31 03 CF 00 0A 11 93 25 A5 03 01 31 05 E6 3D 77 FF B0 83 1D B0 (58)
                              [N3:X] MOTOR_I 0 13 (13)
                              [N3:X] [undefined] 61 119 255 176 (1031274416)
                              [N3:X] MOTOR_I 0 10 (10)
                              [N3:X] [undefined] 61 119 255 176 (1031274416)
2026-03-20 18:21:29:008 [IN ] C8 24 03 18 25 A5 03 01 31 03 CF 00 0C 13 95 25 A5 03 01 31 05 E6 3D 77 FF B0 83 1D B0 C8 24 03 18 25 A5 03 01 31 03 CF 00 11 18 9A 25 A5 03 01 31 05 E6 3D 77 FF B0 83 1D B0 (58)
                              [N3:X] MOTOR_I 0 12 (12)
                              [N3:X] [undefined] 61 119 255 176 (1031274416)
                              [N3:X] MOTOR_I 0 17 (17)
                              [N3:X] [undefined] 61 119 255 176 (1031274416)
2026-03-20 18:21:29:210 [IN ] C8 24 03 18 25 A5 03 01 31 03 CF 00 0C 13 95 25 A5 03 01 31 05 E6 3D 77 FF B0 83 1D B0 C8 24 03 0E 25 A5 03 01 31 03 CF 00 0B 12 94 25 A5 03 01 (48)
                              [N3:X] MOTOR_I 0 12 (12)
                              [N3:X] [undefined] 61 119 255 176 (1031274416)
                              [N3:X] MOTOR_I 0 11 (11)
2026-03-20 18:21:29:412 [IN ] C8 24 03 0A 01 31 05 E6 3D 77 FF B0 83 1D 94 C8 24 03 15 25 A5 03 01 31 03 CF 00 0F 16 98 25 A5 03 01 31 05 E6 3D 77 FF B0 C8 24 03 1B B0 83 1D 25 A5 03 01 31 03 CF 00 1D 24 A6 25 A5 03 01 31 
05 E6 3D 77 FF B0 83 1D 01 (73)
                              [N3:X] [undefined] 61 119 255 176 (1031274416)
                              [N3:X] MOTOR_I 0 15 (15)
                              [N3:X] [undefined] 61 119 255 176 (1031274416)
                              [N3:X] MOTOR_I 0 29 (29)
                              [N3:X] [undefined] 61 119 255 176 (1031274416)
2026-03-20 18:21:29:612 [IN ] C8 24 03 18 25 A5 03 01 31 03 CF 00 06 0D 8F 25 A5 03 01 31 05 E6 3D 77 FF B0 83 1D B0 C8 24 03 18 25 A5 03 01 31 03 CF 00 19 20 A2 25 A5 03 01 31 05 E6 3D 77 FF B0 83 1D B0 (58)
                              [N3:X] MOTOR_I 0 6 (6)
                              [N3:X] [undefined] 61 119 255 176 (1031274416)
                              [N3:X] MOTOR_I 0 25 (25)
                              [N3:X] [undefined] 61 119 255 176 (1031274416)
2026-03-20 18:21:29:815 [IN ] C8 24 03 18 25 A5 03 01 31 03 CF 00 11 18 9A 25 A5 03 01 31 05 E6 3D 77 FF B0 83 1D B0 C8 24 03 18 25 A5 03 01 31 03 CF 00 10 17 99 25 A5 03 01 31 05 E6 3D 77 FF B0 83 1D B0 (58)
                              [N3:X] MOTOR_I 0 17 (17)
                              [N3:X] [undefined] 61 119 255 176 (1031274416)
                              [N3:X] MOTOR_I 0 16 (16)
                              [N3:X] [undefined] 61 119 255 176 (1031274416)
2026-03-20 18:21:30:019 [IN ] C8 24 03 18 25 A5 03 01 31 03 CF 00 11 18 9A 25 A5 03 01 31 05 E6 3D 77 FF B0 83 1D B0 C8 24 06 0B 25 A5 06 01 31 03 81 5A 4C 62 B4 25 C8 24 06 0A 25 A5 06 01 31 02 81 49 04 3E B4 C8 24 03 18 
25 A5 03 01 31 03 CF 00 17 1E A0 25 A5 03 01 31 05 E6 3D 77 FF B0 83 1D B0 (89)
                              [N3:X] MOTOR_I 0 17 (17)
                              [N3:X] [undefined] 61 119 255 176 (1031274416)
                              [N6:H] TPOS 'Z' 76 (76)
                              [N6:H] TPOS 'I'
                              [N3:X] MOTOR_I 0 23 (23)
                              [N3:X] [undefined] 61 119 255 176 (1031274416)
2026-03-20 18:21:30:222 [IN ] C8 24 03 18 25 A5 03 01 31 03 CF 00 16 1D 9F 25 A5 03 01 31 05 E6 3D 77 FF B0 83 1D B0 C8 24 03 18 25 A5 03 01 31 03 CF 00 0C 13 95 25 A5 03 01 31 05 E6 3D 77 FF B0 83 1D B0 (58)
                              [N3:X] MOTOR_I 0 22 (22)
                              [N3:X] [undefined] 61 119 255 176 (1031274416)
                              [N3:X] MOTOR_I 0 12 (12)
                              [N3:X] [undefined] 61 119 255 176 (1031274416)
2026-03-20 18:21:30:244 [OUT] 25 A5 01 06 31 03 C9 3D 09 4A 0A (11)
                              [N6:H] LFLAG '=' 9 (9)
2026-03-20 18:21:30:328 [IN ] C8 24 03 18 25 A5 03 01 31 03 CF 00 25 2C AE 25 A5 03 01 31 05 E6 3D 77 FF B0 83 1D B0 (29)
                              [N3:X] MOTOR_I 0 37 (37)
                              [N3:X] [undefined] 61 119 255 176 (1031274416)
2026-03-20 18:21:30:412 [IN ] C8 24 06 0B 25 A5 06 01 31 03 C9 3A 09 47 09 25 C8 24 03 18 25 A5 03 01 31 03 CF 00 0D 14 96 25 A5 03 01 31 05 E6 3D 77 FF B0 83 1D B0 (45)
                              [N6:H] LFLAG ':' 9 (9)
                              [N3:X] MOTOR_I 0 13 (13)
                              [N3:X] [undefined] 61 119 255 176 (1031274416)
2026-03-20 18:21:30:434 [OUT] 25 A5 01 06 31 03 84 00 50 0F 08 (11)
                              [N6:H] VEL 0 80 (80)
2026-03-20 18:21:30:516 [IN ] C8 24 03 15 25 A5 03 01 31 03 CF 00 14 1B 9D 25 A5 03 01 31 05 E6 3D 77 FF B0 (26)
                              [N3:X] MOTOR_I 0 20 (20)
2026-03-20 18:21:30:602 [IN ] C8 24 06 0C 25 A5 06 01 31 04 84 53 00 50 63 CA A5 (17)
                              [N6:H] VEL 'S' 0 80 (80)
2026-03-20 18:21:30:624 [OUT] 25 A5 01 06 31 05 81 00 19 82 3C 95 BE (13)
                              [N6:H] TPOS 0 25 130 60 (1671740)
2026-03-20 18:21:30:624 [IN ] C8 24 03 1B B0 83 1D 25 A5 03 01 31 03 CF 00 1B 22 A4 25 A5 03 01 31 05 E6 3D 77 FF B0 83 1D 01 (32)
                              [N3:X] [undefined] 61 119 255 176 (1031274416)
                              [N3:X] MOTOR_I 0 27 (27)
                              [N3:X] [undefined] 61 119 255 176 (1031274416)
2026-03-20 18:21:30:707 [IN ] C8 24 03 18 25 A5 03 01 31 03 CF 00 0C 13 95 25 A5 03 01 31 05 E6 (22)
2026-03-20 18:21:30:728 [IN ] 3D 77 FF B0 83 1D B0 (7)
                              [N3:X] MOTOR_I 0 12 (12)
                              [N3:X] [undefined] 61 119 255 176 (1031274416)
2026-03-20 18:21:30:811 [IN ] C8 24 03 18 25 A5 03 01 31 03 CF 00 18 1F A1 25 A5 03 01 31 05 E6 3D 77 FF B0 83 1D B0 C8 24 06 0E 25 A5 06 01 31 06 81 53 FF FF FF FF 0E 92 01 (48)
                              [N3:X] MOTOR_I 0 24 (24)
                              [N3:X] [undefined] 61 119 255 176 (1031274416)
                              [N6:H] TPOS 'S' 255 255 255 255 (-1)
2026-03-20 18:21:31:012 [IN ] C8 24 03 18 25 A5 03 01 31 03 CF 00 0B 12 94 25 A5 03 01 31 05 E6 3D 77 FF B0 83 1D B0 (29)
                              [N3:X] MOTOR_I 0 11 (11)
                              [N3:X] [undefined] 61 119 255 176 (1031274416)
2026-03-20 18:21:31:213 [IN ] C8 24 03 18 25 A5 03 01 31 03 CF 00 15 1C 9E 25 A5 03 01 31 05 E6 3D 77 FF B0 83 1D B0 C8 24 03 18 25 A5 03 01 31 03 CF 00 0E 15 97 25 A5 03 01 31 05 E6 3D 77 FF B0 83 1D B0 C8 24 03 18 25 A5 
03 01 31 03 CF 00 11 18 9A 25 A5 03 01 31 05 E6 3D 77 FF B0 83 1D B0 (87)
                              [N3:X] MOTOR_I 0 21 (21)
                              [N3:X] [undefined] 61 119 255 176 (1031274416)
                              [N3:X] MOTOR_I 0 14 (14)
                              [N3:X] [undefined] 61 119 255 176 (1031274416)
                              [N3:X] MOTOR_I 0 17 (17)
                              [N3:X] [undefined] 61 119 255 176 (1031274416)
2026-03-20 18:21:31:414 [IN ] C8 24 03 18 25 A5 03 01 31 03 CF 00 18 1F A1 25 A5 03 01 31 05 E6 3D 77 FF B0 83 1D B0 (29)
                              [N3:X] MOTOR_I 0 24 (24)
                              [N3:X] [undefined] 61 119 255 176 (1031274416)
2026-03-20 18:21:31:615 [IN ] C8 24 03 18 25 A5 03 01 31 03 CF 00 0C 13 95 25 A5 03 01 31 05 E6 3D 77 FF B0 83 1D B0 C8 24 03 18 25 A5 03 01 31 03 CF 00 1A 21 A3 25 A5 03 01 31 05 E6 3D 77 FF B0 83 1D B0 (58)
                              [N3:X] MOTOR_I 0 12 (12)
                              [N3:X] [undefined] 61 119 255 176 (1031274416)
                              [N3:X] MOTOR_I 0 26 (26)
                              [N3:X] [undefined] 61 119 255 176 (1031274416)
2026-03-20 18:21:31:816 [IN ] C8 24 03 18 25 A5 03 01 31 03 CF 00 0E 15 97 25 A5 03 01 31 05 E6 3D 77 FF B0 83 1D B0 C8 24 03 0E 25 A5 03 01 31 03 CF 00 00 07 89 25 A5 03 01 C8 24 03 0A 01 31 05 E6 3D 77 00 00 D4 6F 89 (63)
                              [N3:X] MOTOR_I 0 14 (14)
                              [N3:X] [undefined] 61 119 255 176 (1031274416)
                              [N3:X] MOTOR_I 0 0 (0)
                              [N3:X] [undefined] 61 119 0 0 (1031208960)
2026-03-20 18:21:32:018 [IN ] C8 24 03 26 25 A5 03 01 31 06 81 45 FF EC 48 35 69 BD 25 A5 03 01 31 03 CF 00 00 07 89 25 A5 03 01 31 05 E6 3D 77 00 00 D4 6F 00 C8 24 03 18 25 A5 03 01 31 03 CF 00 00 07 89 25 A5 03 01 31 05 
E6 3D 77 00 00 D4 6F 89 C8 24 03 18 25 A5 03 01 31 03 CF 00 00 07 89 25 (88)
                              [N3:X] TPOS 'E' 255 236 72 53 (-1292235)
                              [N3:X] MOTOR_I 0 0 (0)
                              [N3:X] [undefined] 61 119 0 0 (1031208960)
                              [N3:X] MOTOR_I 0 0 (0)
                              [N3:X] [undefined] 61 119 0 0 (1031208960)
2026-03-20 18:21:32:221 [IN ] A5 03 01 31 05 E6 3D 77 00 00 D4 6F 89 C8 24 03 18 25 A5 03 01 31 03 CF 00 00 07 89 25 A5 03 01 31 05 E6 3D 77 00 00 D4 6F 89 C8 24 03 18 25 A5 03 01 31 03 CF 00 00 07 89 25 A5 03 01 31 05 E6 
3D 77 00 00 D4 6F 89 (71)
                              [N3:X] MOTOR_I 0 0 (0)
                              [N3:X] [undefined] 61 119 0 0 (1031208960)
                              [N3:X] MOTOR_I 0 0 (0)
                              [N3:X] [undefined] 61 119 0 0 (1031208960)
                              [N3:X] MOTOR_I 0 0 (0)
                              [N3:X] [undefined] 61 119 0 0 (1031208960)
2026-03-20 18:21:32:425 [IN ] C8 24 03 18 25 A5 03 01 31 03 CF 00 00 07 89 25 A5 03 01 31 05 E6 3D 77 00 00 D4 6F 89 (29)
                              [N3:X] MOTOR_I 0 0 (0)
                              [N3:X] [undefined] 61 119 0 0 (1031208960)
2026-03-20 18:21:32:446 [OUT] 25 A5 01 03 31 05 81 FF FD 50 01 08 AF (13)
                              [N3:X] TPOS 255 253 80 1 (-176127)
2026-03-20 18:21:32:447 [IN ] C8 24 03 18 25 A5 03 01 31 03 CF 00 00 07 89 25 A5 03 01 31 05 E6 3D 77 00 00 D4 6F 89 (29)
                              [N3:X] MOTOR_I 0 0 (0)
                              [N3:X] [undefined] 61 119 0 0 (1031208960)
2026-03-20 18:21:32:509 [IN ] C8 24 09 0E 25 A5 09 01 31 06 81 45 FF E7 59 8F D5 66 01 (19)
                              [N9:P] TPOS 'E' 255 231 89 143 (-1615473)
2026-03-20 18:21:32:535 [IN ] C8 24 03 18 25 A5 03 01 31 03 CF 00 00 07 89 25 A5 03 01 31 05 E6 3D 77 (24)
2026-03-20 18:21:32:559 [IN ] 00 00 D4 6F 89 (5)
                              [N3:X] MOTOR_I 0 0 (0)
                              [N3:X] [undefined] 61 119 0 0 (1031208960)
2026-03-20 18:21:32:580 [OUT] 25 A5 01 09 31 05 81 FF FF D9 C8 60 BE (13)
                              [N9:P] TPOS 255 255 217 200 (-9784)
2026-03-20 18:21:32:643 [IN ] C8 24 03 26 25 A5 03 01 31 06 81 53 FF EC 48 36 78 04 25 A5 03 01 31 03 CF 00 76 7D FF 25 A5 03 01 31 05 E6 3D 77 00 50 24 BF 00 (43)
                              [N3:X] TPOS 'S' 255 236 72 54 (-1292234)
                              [N3:X] MOTOR_I 0 118 (118)
                              [N3:X] [undefined] 61 119 0 80 (1031209040)
2026-03-20 18:21:32:746 [IN ] C8 24 03 18 25 A5 03 01 31 03 CF 00 59 60 E2 25 A5 03 01 31 05 E6 3D 77 00 50 24 BF FF (29)
                              [N3:X] MOTOR_I 0 89 (89)
                              [N3:X] [undefined] 61 119 0 80 (1031209040)
2026-03-20 18:21:32:769 [IN ] C8 24 09 0E 25 A5 09 01 31 06 81 53 FF E7 59 91 E5 AE 01 (19)
                              [N9:P] TPOS 'S' 255 231 89 145 (-1615471)
2026-03-20 18:21:32:970 [IN ] C8 24 03 18 25 A5 03 01 31 03 CF 00 3C 43 C5 25 A5 03 01 31 05 E6 3D 77 00 50 24 BF FF C8 24 03 18 25 A5 03 01 31 03 CF 00 46 4D CF 25 A5 03 01 31 05 E6 3D 77 00 50 24 BF FF (58)
                              [N3:X] MOTOR_I 0 60 (60)
                              [N3:X] [undefined] 61 119 0 80 (1031209040)
                              [N3:X] MOTOR_I 0 70 (70)
                              [N3:X] [undefined] 61 119 0 80 (1031209040)
2026-03-20 18:21:33:172 [IN ] C8 24 03 0E 25 A5 03 01 31 03 CF 00 5B 62 E4 25 A5 03 01 C8 24 03 0A 01 31 05 E6 3D 77 00 50 24 BF E4 C8 24 03 18 25 A5 03 01 31 03 CF 00 4A 51 D3 25 A5 03 01 31 05 E6 3D 77 00 50 24 BF FF (63)
                              [N3:X] MOTOR_I 0 91 (91)
                              [N3:X] [undefined] 61 119 0 80 (1031209040)
                              [N3:X] MOTOR_I 0 74 (74)
                              [N3:X] [undefined] 61 119 0 80 (1031209040)
2026-03-20 18:21:33:374 [IN ] C8 24 03 18 25 A5 03 01 31 03 CF 00 37 3E C0 25 A5 03 01 31 05 E6 3D 77 00 50 24 BF FF C8 24 03 18 25 A5 03 01 31 03 CF 00 51 58 DA 25 A5 03 01 31 05 E6 3D 77 00 50 24 BF FF (58)
                              [N3:X] MOTOR_I 0 55 (55)
                              [N3:X] [undefined] 61 119 0 80 (1031209040)
                              [N3:X] MOTOR_I 0 81 (81)
                              [N3:X] [undefined] 61 119 0 80 (1031209040)
2026-03-20 18:21:33:576 [IN ] C8 24 03 18 25 A5 03 01 31 03 CF 00 59 60 E2 25 A5 03 01 31 05 E6 3D 77 00 50 24 BF FF C8 24 03 18 25 A5 03 01 31 03 CF 00 36 3D BF 25 A5 03 01 31 05 E6 3D 77 00 50 24 BF FF (58)
                              [N3:X] MOTOR_I 0 89 (89)
                              [N3:X] [undefined] 61 119 0 80 (1031209040)
                              [N3:X] MOTOR_I 0 54 (54)
                              [N3:X] [undefined] 61 119 0 80 (1031209040)
2026-03-20 18:21:33:777 [IN ] C8 24 03 18 25 A5 03 01 31 03 CF 00 56 5D DF 25 A5 03 01 31 05 E6 3D 77 00 50 24 BF FF C8 24 03 18 25 A5 03 01 31 03 CF 00 3A 41 C3 25 A5 03 01 31 05 E6 3D 77 00 50 24 BF FF (58)
                              [N3:X] MOTOR_I 0 86 (86)
                              [N3:X] [undefined] 61 119 0 80 (1031209040)
                              [N3:X] MOTOR_I 0 58 (58)
                              [N3:X] [undefined] 61 119 0 80 (1031209040)
2026-03-20 18:21:33:980 [IN ] C8 24 03 18 25 A5 03 01 31 03 CF 00 52 59 DB 25 A5 03 01 31 05 E6 3D 77 00 50 24 BF FF C8 24 03 18 25 A5 03 01 31 03 CF 00 53 5A DC 25 A5 03 01 31 05 E6 3D 77 00 50 24 BF FF (58)
                              [N3:X] MOTOR_I 0 82 (82)
                              [N3:X] [undefined] 61 119 0 80 (1031209040)
                              [N3:X] MOTOR_I 0 83 (83)
                              [N3:X] [undefined] 61 119 0 80 (1031209040)
2026-03-20 18:21:34:182 [IN ] C8 24 03 18 25 A5 03 01 31 03 CF 00 49 50 D2 25 A5 03 01 31 05 E6 3D 77 00 50 24 BF FF C8 24 03 18 25 A5 03 01 31 03 CF 00 48 4F D1 25 A5 03 01 31 05 E6 3D 77 00 50 24 BF FF (58)
                              [N3:X] MOTOR_I 0 73 (73)
                              [N3:X] [undefined] 61 119 0 80 (1031209040)
                              [N3:X] MOTOR_I 0 72 (72)
                              [N3:X] [undefined] 61 119 0 80 (1031209040)
2026-03-20 18:21:34:383 [IN ] C8 24 03 0E 25 A5 03 01 31 03 CF 00 6D 74 F6 25 A5 03 01 C8 24 03 0A 01 31 05 E6 3D 77 00 50 24 BF F6 C8 24 03 15 25 A5 03 01 31 03 CF 00 36 3D BF 25 A5 03 01 31 05 E6 3D 77 00 50 (60)
                              [N3:X] MOTOR_I 0 109 (109)
                              [N3:X] [undefined] 61 119 0 80 (1031209040)
                              [N3:X] MOTOR_I 0 54 (54)
2026-03-20 18:21:34:584 [IN ] C8 24 03 1B 50 24 BF 25 A5 03 01 31 03 CF 00 37 3E C0 25 A5 03 01 31 05 E6 3D 77 00 50 24 BF 03 C8 24 03 18 25 A5 03 01 31 03 CF 00 4B 52 D4 25 A5 03 01 31 05 E6 3D 77 00 50 24 BF 50 (61)
                              [N3:X] [undefined] 61 119 0 80 (1031209040)
                              [N3:X] MOTOR_I 0 55 (55)
                              [N3:X] [undefined] 61 119 0 80 (1031209040)
                              [N3:X] MOTOR_I 0 75 (75)
                              [N3:X] [undefined] 61 119 0 80 (1031209040)
2026-03-20 18:21:34:786 [IN ] C8 24 03 18 25 A5 03 01 31 03 CF 00 4B 52 D4 25 A5 03 01 31 05 E6 3D 77 00 50 24 BF 50 C8 24 03 18 25 A5 03 01 31 03 CF 00 58 5F E1 25 A5 03 01 31 05 E6 3D 77 00 50 24 BF 50 (58)
                              [N3:X] MOTOR_I 0 75 (75)
                              [N3:X] [undefined] 61 119 0 80 (1031209040)
                              [N3:X] MOTOR_I 0 88 (88)
                              [N3:X] [undefined] 61 119 0 80 (1031209040)
2026-03-20 18:21:34:988 [IN ] C8 24 03 18 25 A5 03 01 31 03 CF 00 32 39 BB 25 A5 03 01 31 05 E6 3D 77 00 50 24 BF 50 C8 24 03 18 25 A5 03 01 31 03 CF 00 49 50 D2 25 A5 03 01 31 05 E6 3D 77 00 50 24 BF 50 (58)
                              [N3:X] MOTOR_I 0 50 (50)
                              [N3:X] [undefined] 61 119 0 80 (1031209040)
                              [N3:X] MOTOR_I 0 73 (73)
                              [N3:X] [undefined] 61 119 0 80 (1031209040)
2026-03-20 18:21:35:189 [IN ] C8 24 03 18 25 A5 03 01 31 03 CF 00 36 3D BF 25 A5 03 01 31 05 E6 3D 77 00 50 24 BF 50 C8 24 03 18 25 A5 03 01 31 03 CF 00 56 5D DF 25 A5 03 01 31 05 E6 3D 77 00 50 24 BF 50 (58)
                              [N3:X] MOTOR_I 0 54 (54)
                              [N3:X] [undefined] 61 119 0 80 (1031209040)
                              [N3:X] MOTOR_I 0 86 (86)
                              [N3:X] [undefined] 61 119 0 80 (1031209040)
2026-03-20 18:21:35:391 [IN ] C8 24 03 18 25 A5 03 01 31 03 CF 00 41 48 CA 25 A5 03 01 31 05 E6 3D 77 00 50 24 BF 50 C8 24 03 18 25 A5 03 01 31 03 CF 00 4E 55 D7 25 A5 03 01 31 05 E6 3D 77 00 50 24 BF 50 (58)
                              [N3:X] MOTOR_I 0 65 (65)
                              [N3:X] [undefined] 61 119 0 80 (1031209040)
                              [N3:X] MOTOR_I 0 78 (78)
                              [N3:X] [undefined] 61 119 0 80 (1031209040)
2026-03-20 18:21:35:593 [IN ] C8 24 03 18 25 A5 03 01 31 03 CF 00 57 5E E0 25 A5 03 01 31 05 E6 3D 77 00 50 24 BF 50 C8 24 04 0E 25 A5 04 01 31 06 81 45 FF FD 4F AE FB 81 01 C8 24 03 0E 25 A5 03 01 31 03 CF 00 34 3B BD 25 
A5 03 01 C8 24 03 0A 01 31 05 E6 3D 77 00 50 24 BF BD (82)
                              [N3:X] MOTOR_I 0 87 (87)
                              [N3:X] [undefined] 61 119 0 80 (1031209040)
                              [N4:Y] TPOS 'E' 255 253 79 174 (-176210)
                              [N3:X] MOTOR_I 0 52 (52)
                              [N3:X] [undefined] 61 119 0 80 (1031209040)
2026-03-20 18:21:35:795 [IN ] C8 24 03 18 25 A5 03 01 31 03 CF 00 48 4F D1 25 A5 03 01 31 05 E6 3D 77 00 50 24 BF 50 C8 24 03 18 25 A5 03 01 31 03 CF 00 4C 53 D5 25 A5 03 01 31 05 E6 3D 77 00 50 24 BF 50 (58)
                              [N3:X] MOTOR_I 0 72 (72)
                              [N3:X] [undefined] 61 119 0 80 (1031209040)
                              [N3:X] MOTOR_I 0 76 (76)
                              [N3:X] [undefined] 61 119 0 80 (1031209040)
2026-03-20 18:21:35:996 [IN ] C8 24 03 18 25 A5 03 01 31 03 CF 00 43 4A CC 25 A5 03 01 31 05 E6 3D 77 00 50 24 BF 50 C8 24 03 18 25 A5 03 01 31 03 CF 00 4A 51 D3 25 A5 03 01 31 05 E6 3D 77 00 50 24 BF 50 (58)
                              [N3:X] MOTOR_I 0 67 (67)
                              [N3:X] [undefined] 61 119 0 80 (1031209040)
                              [N3:X] MOTOR_I 0 74 (74)
                              [N3:X] [undefined] 61 119 0 80 (1031209040)
2026-03-20 18:21:36:198 [IN ] C8 24 03 18 25 A5 03 01 31 03 CF 00 49 50 D2 25 A5 03 01 31 05 E6 3D 77 00 50 24 BF 50 C8 24 03 18 25 A5 03 01 31 03 CF 00 4D 54 D6 25 A5 03 01 31 05 E6 3D 77 00 50 24 BF 50 (58)
                              [N3:X] MOTOR_I 0 73 (73)
                              [N3:X] [undefined] 61 119 0 80 (1031209040)
                              [N3:X] MOTOR_I 0 77 (77)
                              [N3:X] [undefined] 61 119 0 80 (1031209040)
2026-03-20 18:21:36:399 [IN ] C8 24 03 18 25 A5 03 01 31 03 CF 00 3C 43 C5 25 A5 03 01 31 05 E6 3D 77 00 50 24 BF 50 C8 24 03 18 25 A5 03 01 31 03 CF 00 42 49 CB 25 A5 03 01 31 05 E6 3D 77 00 50 24 BF 50 (58)
                              [N3:X] MOTOR_I 0 60 (60)
                              [N3:X] [undefined] 61 119 0 80 (1031209040)
                              [N3:X] MOTOR_I 0 66 (66)
                              [N3:X] [undefined] 61 119 0 80 (1031209040)
2026-03-20 18:21:36:600 [IN ] C8 24 03 18 25 A5 03 01 31 03 CF 00 4D 54 D6 25 A5 03 01 31 05 E6 3D 77 00 50 24 BF 50 C8 24 03 18 25 A5 03 01 31 03 CF 00 44 4B CD 25 A5 03 01 31 05 E6 3D 77 00 50 24 BF 50 (58)
                              [N3:X] MOTOR_I 0 77 (77)
                              [N3:X] [undefined] 61 119 0 80 (1031209040)
                              [N3:X] MOTOR_I 0 68 (68)
                              [N3:X] [undefined] 61 119 0 80 (1031209040)
2026-03-20 18:21:36:801 [IN ] C8 24 03 18 25 A5 03 01 31 03 CF 00 4E 55 D7 25 A5 03 01 31 05 E6 3D 77 00 50 24 BF 50 C8 24 03 0E 25 A5 03 01 31 03 CF 00 2D 34 B6 25 A5 03 01 C8 24 03 0A 01 31 05 E6 3D 77 00 50 24 BF B6 (63)
                              [N3:X] MOTOR_I 0 78 (78)
                              [N3:X] [undefined] 61 119 0 80 (1031209040)
                              [N3:X] MOTOR_I 0 45 (45)
                              [N3:X] [undefined] 61 119 0 80 (1031209040)
2026-03-20 18:21:37:004 [IN ] C8 24 03 15 25 A5 03 01 31 03 CF 00 3F 46 C8 25 A5 03 01 31 05 E6 3D 77 00 50 C8 24 03 1B 50 24 BF 25 A5 03 01 31 03 CF 00 4B 52 D4 25 A5 03 01 31 05 E6 3D 77 00 50 24 BF 03 (58)
                              [N3:X] MOTOR_I 0 63 (63)
                              [N3:X] [undefined] 61 119 0 80 (1031209040)
                              [N3:X] MOTOR_I 0 75 (75)
                              [N3:X] [undefined] 61 119 0 80 (1031209040)
2026-03-20 18:21:37:205 [IN ] C8 24 03 18 25 A5 03 01 31 03 CF 00 4A 51 D3 25 A5 03 01 31 05 E6 3D 77 00 50 24 BF 50 C8 24 03 18 25 A5 03 01 31 03 CF 00 37 3E C0 25 A5 03 01 31 05 E6 3D 77 00 50 24 BF 50 (58)
                              [N3:X] MOTOR_I 0 74 (74)
                              [N3:X] [undefined] 61 119 0 80 (1031209040)
                              [N3:X] MOTOR_I 0 55 (55)
                              [N3:X] [undefined] 61 119 0 80 (1031209040)
2026-03-20 18:21:37:407 [IN ] C8 24 03 18 25 A5 03 01 31 03 CF 00 35 3C BE 25 A5 03 01 31 05 E6 3D 77 00 50 24 BF 50 C8 24 03 18 25 A5 03 01 31 03 CF 00 32 39 BB 25 A5 03 01 31 05 E6 3D 77 00 50 24 BF 50 (58)
                              [N3:X] MOTOR_I 0 53 (53)
                              [N3:X] [undefined] 61 119 0 80 (1031209040)
                              [N3:X] MOTOR_I 0 50 (50)
                              [N3:X] [undefined] 61 119 0 80 (1031209040)
2026-03-20 18:21:37:609 [IN ] C8 24 03 18 25 A5 03 01 31 03 CF 00 48 4F D1 25 A5 03 01 31 05 E6 3D 77 00 50 24 BF 50 C8 24 03 18 25 A5 03 01 31 03 CF 00 36 3D BF 25 A5 03 01 31 05 E6 3D 77 00 50 24 BF 50 (58)
                              [N3:X] MOTOR_I 0 72 (72)
                              [N3:X] [undefined] 61 119 0 80 (1031209040)
                              [N3:X] MOTOR_I 0 54 (54)
                              [N3:X] [undefined] 61 119 0 80 (1031209040)
2026-03-20 18:21:37:811 [IN ] C8 24 03 18 25 A5 03 01 31 03 CF 00 44 4B CD 25 A5 03 01 31 05 E6 3D 77 00 50 24 BF 50 C8 24 03 18 25 A5 03 01 31 03 CF 00 31 38 BA 25 A5 03 01 31 05 E6 3D 77 00 50 24 BF 50 (58)
                              [N3:X] MOTOR_I 0 68 (68)
                              [N3:X] [undefined] 61 119 0 80 (1031209040)
                              [N3:X] MOTOR_I 0 49 (49)
                              [N3:X] [undefined] 61 119 0 80 (1031209040)
2026-03-20 18:21:38:012 [IN ] C8 24 03 18 25 A5 03 01 31 03 CF 00 3B 42 C4 25 A5 03 01 31 05 E6 3D 77 00 50 24 BF 50 C8 24 03 18 25 A5 03 01 31 03 CF 00 41 48 CA 25 A5 03 01 31 05 E6 3D 77 00 50 24 BF 50 (58)
                              [N3:X] MOTOR_I 0 59 (59)
                              [N3:X] [undefined] 61 119 0 80 (1031209040)
                              [N3:X] MOTOR_I 0 65 (65)
                              [N3:X] [undefined] 61 119 0 80 (1031209040)
2026-03-20 18:21:38:214 [IN ] C8 24 03 0E 25 A5 03 01 31 03 CF 00 3F 46 C8 25 A5 03 01 C8 24 03 0A 01 31 05 E6 3D 77 00 50 24 BF C8 C8 24 03 18 25 A5 03 01 31 03 CF 00 4A 51 D3 25 A5 03 01 31 05 E6 3D 77 00 50 24 BF 50 (63)
                              [N3:X] MOTOR_I 0 63 (63)
                              [N3:X] [undefined] 61 119 0 80 (1031209040)
                              [N3:X] MOTOR_I 0 74 (74)
                              [N3:X] [undefined] 61 119 0 80 (1031209040)
2026-03-20 18:21:38:418 [IN ] C8 24 03 18 25 A5 03 01 31 03 CF 00 34 3B BD 25 A5 03 01 31 05 E6 3D 77 00 50 24 BF 50 C8 24 03 18 25 A5 03 01 31 03 CF 00 38 3F C1 25 A5 03 01 31 05 E6 3D 77 00 50 24 BF 50 (58)
                              [N3:X] MOTOR_I 0 52 (52)
                              [N3:X] [undefined] 61 119 0 80 (1031209040)
                              [N3:X] MOTOR_I 0 56 (56)
                              [N3:X] [undefined] 61 119 0 80 (1031209040)
2026-03-20 18:21:38:621 [IN ] C8 24 06 0E 25 A5 06 01 31 06 81 45 00 19 86 52 F5 FF 01 C8 24 03 18 25 A5 03 01 31 03 CF 00 2F 36 B8 25 A5 03 01 31 05 E6 3D 77 00 50 24 BF 50 C8 24 03 18 25 A5 03 01 31 03 CF 00 2D 34 B6 25 
A5 03 01 31 05 E6 3D 77 00 50 24 BF 50 (77)
                              [N6:H] TPOS 'E' 0 25 134 82 (1672786)
                              [N3:X] MOTOR_I 0 47 (47)
                              [N3:X] [undefined] 61 119 0 80 (1031209040)
                              [N3:X] MOTOR_I 0 45 (45)
                              [N3:X] [undefined] 61 119 0 80 (1031209040)
2026-03-20 18:21:38:824 [IN ] C8 24 03 18 25 A5 03 01 31 03 CF 00 43 4A CC 25 A5 03 01 31 05 E6 3D 77 00 50 24 BF 50 C8 24 03 18 25 A5 03 01 31 03 CF 00 44 4B CD 25 A5 03 01 31 05 E6 3D 77 00 50 24 BF 50 (58)
                              [N3:X] MOTOR_I 0 67 (67)
                              [N3:X] [undefined] 61 119 0 80 (1031209040)
                              [N3:X] MOTOR_I 0 68 (68)
                              [N3:X] [undefined] 61 119 0 80 (1031209040)
2026-03-20 18:21:39:027 [IN ] C8 24 03 18 25 A5 03 01 31 03 CF 00 3D 44 C6 25 A5 03 01 31 05 E6 3D 77 00 50 24 BF 50 C8 24 03 18 25 A5 03 01 31 03 CF 00 48 4F D1 25 A5 03 01 31 05 E6 3D 77 00 50 24 BF 50 (58)
                              [N3:X] MOTOR_I 0 61 (61)
                              [N3:X] [undefined] 61 119 0 80 (1031209040)
                              [N3:X] MOTOR_I 0 72 (72)
                              [N3:X] [undefined] 61 119 0 80 (1031209040)
2026-03-20 18:21:39:048 [OUT] 25 A5 01 06 31 05 81 00 0D 03 C1 8F 21 (13)
                              [N6:H] TPOS 0 13 3 193 (852929)
2026-03-20 18:21:39:090 [IN ] C8 24 03 18 25 A5 03 01 31 03 CF 00 2F 36 B8 25 A5 03 01 31 05 E6 3D 77 00 50 24 BF 50 (29)
                              [N3:X] MOTOR_I 0 47 (47)
                              [N3:X] [undefined] 61 119 0 80 (1031209040)
2026-03-20 18:21:39:193 [IN ] C8 24 03 18 25 A5 03 01 31 03 CF 00 3E 45 C7 25 A5 03 01 31 05 E6 3D 77 00 50 24 BF 50 (29)
                              [N3:X] MOTOR_I 0 62 (62)
                              [N3:X] [undefined] 61 119 0 80 (1031209040)
2026-03-20 18:21:39:234 [IN ] C8 24 06 0E 25 A5 06 01 31 06 81 53 00 19 86 52 03 45 01 (19)
                              [N6:H] TPOS 'S' 0 25 134 82 (1672786)
2026-03-20 18:21:39:436 [IN ] C8 24 03 0E 25 A5 03 01 31 03 CF 00 2D 34 B6 25 A5 03 01 C8 24 03 0A 01 31 05 E6 3D 77 00 50 24 BF B6 C8 24 03 15 25 A5 03 01 31 03 CF 00 34 3B BD 25 A5 03 01 31 05 E6 3D 77 00 50 (60)
                              [N3:X] MOTOR_I 0 45 (45)
                              [N3:X] [undefined] 61 119 0 80 (1031209040)
                              [N3:X] MOTOR_I 0 52 (52)
2026-03-20 18:21:39:637 [IN ] C8 24 03 1B 50 24 BF 25 A5 03 01 31 03 CF 00 2B 32 B4 25 A5 03 01 31 05 E6 3D 77 00 50 24 BF 03 C8 24 03 18 25 A5 03 01 31 03 CF 00 37 3E C0 25 A5 03 01 31 05 E6 3D 77 00 50 24 BF 50 (61)
                              [N3:X] [undefined] 61 119 0 80 (1031209040)
                              [N3:X] MOTOR_I 0 43 (43)
                              [N3:X] [undefined] 61 119 0 80 (1031209040)
                              [N3:X] MOTOR_I 0 55 (55)
                              [N3:X] [undefined] 61 119 0 80 (1031209040)
2026-03-20 18:21:39:838 [IN ] C8 24 03 18 25 A5 03 01 31 03 CF 00 3C 43 C5 25 A5 03 01 31 05 E6 3D 77 00 50 24 BF 50 C8 24 03 18 25 A5 03 01 31 03 CF 00 29 30 B2 25 A5 03 01 31 05 E6 3D 77 00 50 24 BF 50 (58)
                              [N3:X] MOTOR_I 0 60 (60)
                              [N3:X] [undefined] 61 119 0 80 (1031209040)
                              [N3:X] MOTOR_I 0 41 (41)
                              [N3:X] [undefined] 61 119 0 80 (1031209040)
2026-03-20 18:21:40:039 [IN ] C8 24 03 18 25 A5 03 01 31 03 CF 00 38 3F C1 25 A5 03 01 31 05 E6 3D 77 00 50 24 BF 50 C8 24 03 18 25 A5 03 01 31 03 CF 00 2B 32 B4 25 A5 03 01 31 05 E6 3D 77 00 50 24 BF 50 (58)
                              [N3:X] MOTOR_I 0 56 (56)
                              [N3:X] [undefined] 61 119 0 80 (1031209040)
                              [N3:X] MOTOR_I 0 43 (43)
                              [N3:X] [undefined] 61 119 0 80 (1031209040)
2026-03-20 18:21:40:240 [IN ] C8 24 03 18 25 A5 03 01 31 03 CF 00 2F 36 B8 25 A5 03 01 31 05 E6 3D 77 00 50 24 BF 50 C8 24 03 18 25 A5 03 01 31 03 CF 00 47 4E D0 25 A5 03 01 31 05 E6 3D 77 00 50 24 BF 50 (58)
                              [N3:X] MOTOR_I 0 47 (47)
                              [N3:X] [undefined] 61 119 0 80 (1031209040)
                              [N3:X] MOTOR_I 0 71 (71)
                              [N3:X] [undefined] 61 119 0 80 (1031209040)
2026-03-20 18:21:40:442 [IN ] C8 24 03 18 25 A5 03 01 31 03 CF 00 31 38 BA 25 A5 03 01 31 05 E6 3D 77 00 50 24 BF 50 C8 24 03 18 25 A5 03 01 31 03 CF 00 43 4A CC 25 A5 03 01 31 05 E6 3D 77 00 50 24 BF 50 (58)
                              [N3:X] MOTOR_I 0 49 (49)
                              [N3:X] [undefined] 61 119 0 80 (1031209040)
                              [N3:X] MOTOR_I 0 67 (67)
                              [N3:X] [undefined] 61 119 0 80 (1031209040)
2026-03-20 18:21:40:645 [IN ] C8 24 03 18 25 A5 03 01 31 03 CF 00 35 3C BE 25 A5 03 01 31 05 E6 3D 77 00 50 24 BF 50 C8 24 09 0E 25 A5 09 01 31 06 81 45 FF FF DD AC 8E D3 01 C8 24 03 0E 25 A5 03 01 31 03 CF 00 26 2D AF 25 
A5 03 01 C8 24 03 0A 01 31 05 E6 3D 77 00 50 24 BF AF (82)
                              [N3:X] MOTOR_I 0 53 (53)
                              [N3:X] [undefined] 61 119 0 80 (1031209040)
                              [N9:P] TPOS 'E' 255 255 221 172 (-8788)
                              [N3:X] MOTOR_I 0 38 (38)
                              [N3:X] [undefined] 61 119 0 80 (1031209040)
2026-03-20 18:21:40:868 [OUT] 25 A5 01 08 31 02 D8 3F 53 E7 (10)
                              [N8:R] INTERRUPT '?'
2026-03-20 18:21:40:869 [IN ] C8 24 03 18 25 A5 03 01 31 03 CF 00 31 38 BA 25 A5 03 01 31 05 E6 3D 77 00 50 24 BF 50 C8 24 03 18 25 A5 03 01 31 03 CF 00 36 3D BF 25 A5 03 01 31 05 E6 3D 77 00 50 24 BF 50 (58)
                              [N3:X] MOTOR_I 0 49 (49)
                              [N3:X] [undefined] 61 119 0 80 (1031209040)
                              [N3:X] MOTOR_I 0 54 (54)
                              [N3:X] [undefined] 61 119 0 80 (1031209040)
2026-03-20 18:21:41:170 [IN ] C8 24 03 18 25 A5 03 01 31 03 CF 00 33 3A BC 25 A5 03 01 31 05 E6 3D 77 00 50 24 BF 50 C8 24 03 18 25 A5 03 01 31 03 CF 00 20 27 A9 25 A5 03 01 31 05 E6 3D 77 00 50 24 BF 50 C8 24 08 0C 25 A5 
08 01 31 04 D8 3A 01 01 52 92 A5 C8 24 03 18 25 A5 03 01 31 03 CF 00 48 4F D1 25 A5 03 01 31 05 E6 3D 77 00 50 24 BF 50 (104)
                              [N3:X] MOTOR_I 0 51 (51)
                              [N3:X] [undefined] 61 119 0 80 (1031209040)
                              [N3:X] MOTOR_I 0 32 (32)
                              [N3:X] [undefined] 61 119 0 80 (1031209040)
                              [N8:R] INTERRUPT ':' 1 1 (257)
                              [N3:X] MOTOR_I 0 72 (72)
                              [N3:X] [undefined] 61 119 0 80 (1031209040)
2026-03-20 18:21:41:191 [OUT] 25 A5 01 08 31 03 CA 3D 0B 4F 1B (11)
                              [N8:R] RFLAG '=' 11 (11)
2026-03-20 18:21:41:215 [IN ] C8 24 03 18 25 A5 03 01 31 03 CF 00 2F 36 B8 25 A5 03 01 31 05 E6 3D 77 00 50 24 BF 50 (29)
                              [N3:X] MOTOR_I 0 47 (47)
                              [N3:X] [undefined] 61 119 0 80 (1031209040)
2026-03-20 18:21:41:298 [IN ] C8 24 03 18 25 A5 03 01 31 03 CF 00 2B 32 B4 25 A5 03 01 31 05 E6 3D 77 00 50 24 BF 50 (29)
                              [N3:X] MOTOR_I 0 43 (43)
                              [N3:X] [undefined] 61 119 0 80 (1031209040)
2026-03-20 18:21:41:361 [IN ] C8 24 08 0B 25 A5 08 01 31 03 CA 3A 0B 4C 1C 25 (16)
                              [N8:R] RFLAG ':' 11 (11)
2026-03-20 18:21:41:383 [OUT] 25 A5 01 08 31 03 88 00 50 15 20 (11)
                              [N8:R] RUN 0 80 (80)
2026-03-20 18:21:41:404 [IN ] C8 24 03 18 25 A5 03 01 31 03 CF 00 2A (13)
2026-03-20 18:21:41:426 [IN ] 31 B3 25 A5 03 01 31 05 E6 3D 77 00 50 24 BF 50 (16)
                              [N3:X] MOTOR_I 0 42 (42)
                              [N3:X] [undefined] 61 119 0 80 (1031209040)
2026-03-20 18:21:41:509 [IN ] C8 24 03 18 25 A5 03 01 31 03 CF 00 23 2A AC 25 A5 03 01 31 05 E6 3D 77 00 50 24 BF 50 (29)
                              [N3:X] MOTOR_I 0 35 (35)
                              [N3:X] [undefined] 61 119 0 80 (1031209040)
2026-03-20 18:21:41:551 [IN ] C8 24 08 0C 25 A5 08 01 31 04 88 53 00 50 69 EA A5 (17)
                              [N8:R] RUN 'S' 0 80 (80)
2026-03-20 18:21:41:752 [IN ] C8 24 03 18 25 A5 03 01 31 03 CF 00 35 3C BE 25 A5 03 01 31 05 E6 3D 77 00 50 24 BF 50 C8 24 03 18 25 A5 03 01 31 03 CF 00 3B 42 C4 25 A5 03 01 31 05 E6 3D 77 00 50 24 BF 50 (58)
                              [N3:X] MOTOR_I 0 53 (53)
                              [N3:X] [undefined] 61 119 0 80 (1031209040)
                              [N3:X] MOTOR_I 0 59 (59)
                              [N3:X] [undefined] 61 119 0 80 (1031209040)
2026-03-20 18:21:41:954 [IN ] C8 24 03 0E 25 A5 03 01 31 03 CF 00 3B 42 C4 25 A5 03 01 C8 24 03 0A 01 31 05 E6 3D 77 00 50 24 BF C4 C8 24 03 15 25 A5 03 01 31 03 CF 00 36 3D BF 25 A5 03 01 31 05 E6 3D 77 00 50 (60)
                              [N3:X] MOTOR_I 0 59 (59)
                              [N3:X] [undefined] 61 119 0 80 (1031209040)
                              [N3:X] MOTOR_I 0 54 (54)
2026-03-20 18:21:42:156 [IN ] C8 24 03 1B 50 24 BF 25 A5 03 01 31 03 CF 00 3C 43 C5 25 A5 03 01 31 05 E6 3D 77 00 50 24 BF 03 C8 24 03 18 25 A5 03 01 31 03 CF 00 00 07 89 25 A5 03 01 31 05 E6 3D 77 00 00 D4 6F 50 C8 24 03 
0E 25 A5 03 01 31 06 81 45 FF FD 50 82 CF 4D 01 (80)
                              [N3:X] [undefined] 61 119 0 80 (1031209040)
                              [N3:X] MOTOR_I 0 60 (60)
                              [N3:X] [undefined] 61 119 0 80 (1031209040)
                              [N3:X] MOTOR_I 0 0 (0)
                              [N3:X] [undefined] 61 119 0 0 (1031208960)
                              [N3:X] TPOS 'E' 255 253 80 130 (-175998)
2026-03-20 18:21:42:358 [IN ] C8 24 03 18 25 A5 03 01 31 03 CF 00 00 07 89 25 A5 03 01 31 05 E6 3D 77 00 00 D4 6F 50 C8 24 03 18 25 A5 03 01 31 03 CF 00 00 07 89 25 A5 03 01 31 05 E6 3D 77 00 00 D4 6F 50 (58)
                              [N3:X] MOTOR_I 0 0 (0)
                              [N3:X] [undefined] 61 119 0 0 (1031208960)
                              [N3:X] MOTOR_I 0 0 (0)
                              [N3:X] [undefined] 61 119 0 0 (1031208960)
2026-03-20 18:21:42:560 [IN ] C8 24 03 18 25 A5 03 01 31 03 CF 00 00 07 89 25 A5 03 01 31 05 E6 3D 77 00 00 D4 6F 50 C8 24 03 18 25 A5 03 01 31 03 CF 00 00 07 89 25 A5 03 01 31 05 E6 3D 77 00 00 D4 6F 50 (58)
                              [N3:X] MOTOR_I 0 0 (0)
                              [N3:X] [undefined] 61 119 0 0 (1031208960)
                              [N3:X] MOTOR_I 0 0 (0)
                              [N3:X] [undefined] 61 119 0 0 (1031208960)
2026-03-20 18:21:42:761 [IN ] C8 24 03 18 25 A5 03 01 31 03 CF 00 00 07 89 25 A5 03 01 31 05 E6 3D 77 00 00 D4 6F 50 C8 24 03 18 25 A5 03 01 31 03 CF 00 00 07 89 25 A5 03 01 31 05 E6 3D 77 00 00 D4 6F 50 (58)
                              [N3:X] MOTOR_I 0 0 (0)
                              [N3:X] [undefined] 61 119 0 0 (1031208960)
                              [N3:X] MOTOR_I 0 0 (0)
                              [N3:X] [undefined] 61 119 0 0 (1031208960)
2026-03-20 18:21:42:964 [IN ] C8 24 03 18 25 A5 03 01 31 03 CF 00 00 07 89 25 A5 03 01 31 05 E6 3D 77 00 00 D4 6F 50 C8 24 03 18 25 A5 03 01 31 03 CF 00 00 07 89 25 A5 03 01 31 05 E6 3D 77 00 00 D4 6F 50 C8 24 06 0E 25 A5 
06 01 31 06 81 45 00 0C FE D6 E4 4C 01 (77)
                              [N3:X] MOTOR_I 0 0 (0)
                              [N3:X] [undefined] 61 119 0 0 (1031208960)
                              [N3:X] MOTOR_I 0 0 (0)
                              [N3:X] [undefined] 61 119 0 0 (1031208960)
                              [N6:H] TPOS 'E' 0 12 254 214 (851670)
2026-03-20 18:21:43:190 [OUT] 25 A5 01 05 31 02 D8 3F 50 D8 (10)
                              [N5:V] INTERRUPT '?'
2026-03-20 18:21:43:191 [IN ] C8 24 03 18 25 A5 03 01 31 03 CF 00 00 07 89 25 A5 03 01 31 05 E6 3D 77 00 00 D4 6F 50 C8 24 03 15 25 A5 03 01 31 03 CF 00 00 07 89 25 A5 03 01 31 05 E6 3D 77 00 00 (55)
                              [N3:X] MOTOR_I 0 0 (0)
                              [N3:X] [undefined] 61 119 0 0 (1031208960)
                              [N3:X] MOTOR_I 0 0 (0)
2026-03-20 18:21:43:492 [IN ] C8 24 03 1B 00 D4 6F 25 A5 03 01 31 03 CF 00 00 07 89 25 A5 03 01 31 05 E6 3D 77 00 00 D4 6F 03 C8 24 03 18 25 A5 03 01 31 03 CF 00 00 07 89 25 A5 03 01 31 05 E6 3D 77 00 00 D4 6F 00 C8 24 05 
0C 25 A5 05 01 31 04 D8 3A 01 01 4F 7A A5 C8 24 03 18 25 A5 03 01 31 03 CF 00 00 07 89 25 A5 03 01 31 05 E6 3D 77 00 00 D4 6F 00 (107)
                              [N3:X] [undefined] 61 119 0 0 (1031208960)
                              [N3:X] MOTOR_I 0 0 (0)
                              [N3:X] [undefined] 61 119 0 0 (1031208960)
                              [N3:X] MOTOR_I 0 0 (0)
                              [N3:X] [undefined] 61 119 0 0 (1031208960)
                              [N5:V] INTERRUPT ':' 1 1 (257)
                              [N3:X] MOTOR_I 0 0 (0)
                              [N3:X] [undefined] 61 119 0 0 (1031208960)
2026-03-20 18:21:43:513 [OUT] 25 A5 01 05 31 03 C9 3D 0B 4B 06 (11)
                              [N5:V] LFLAG '=' 11 (11)
2026-03-20 18:21:43:535 [IN ] C8 24 03 18 25 A5 03 01 31 03 CF 00 00 07 89 25 A5 03 01 31 05 E6 3D 77 00 00 D4 6F 00 (29)
                              [N3:X] MOTOR_I 0 0 (0)
                              [N3:X] [undefined] 61 119 0 0 (1031208960)
2026-03-20 18:21:43:617 [IN ] C8 24 03 18 25 A5 03 01 31 03 CF 00 00 07 89 25 A5 03 01 31 05 E6 3D 77 00 00 D4 6F 00 (29)
                              [N3:X] MOTOR_I 0 0 (0)
                              [N3:X] [undefined] 61 119 0 0 (1031208960)
2026-03-20 18:21:43:681 [IN ] C8 24 05 0B 25 A5 05 01 31 03 C9 3A 0B 48 04 25 (16)
                              [N5:V] LFLAG ':' 11 (11)
2026-03-20 18:21:43:702 [OUT] 25 A5 01 05 31 03 88 FF B0 71 6C (11)
                              [N5:V] RUN 255 176 (-80)
2026-03-20 18:21:43:724 [IN ] C8 24 03 18 25 A5 03 01 31 03 CF 00 00 07 89 25 A5 03 01 31 05 E6 3D 77 00 00 D4 6F 00 (29)
                              [N3:X] MOTOR_I 0 0 (0)
                              [N3:X] [undefined] 61 119 0 0 (1031208960)
2026-03-20 18:21:43:828 [IN ] C8 24 03 18 25 A5 03 01 31 03 CF 00 00 07 89 25 A5 03 01 31 05 E6 3D 77 00 00 D4 6F 00 (29)
                              [N3:X] MOTOR_I 0 0 (0)
                              [N3:X] [undefined] 61 119 0 0 (1031208960)
2026-03-20 18:21:43:870 [IN ] C8 24 05 0C 25 A5 05 01 31 04 88 53 FF B0 C5 30 A5 (17)
                              [N5:V] RUN 'S' 255 176 (-80)
2026-03-20 18:21:44:072 [IN ] C8 24 03 18 25 A5 03 01 31 03 CF 00 00 07 89 25 A5 03 01 31 05 E6 3D 77 00 00 D4 6F 00 C8 24 03 18 25 A5 03 01 31 03 CF 00 00 07 89 25 A5 03 01 31 05 E6 3D 77 00 00 D4 6F 00 (58)
                              [N3:X] MOTOR_I 0 0 (0)
                              [N3:X] [undefined] 61 119 0 0 (1031208960)
                              [N3:X] MOTOR_I 0 0 (0)
                              [N3:X] [undefined] 61 119 0 0 (1031208960)
2026-03-20 18:21:44:274 [IN ] C8 24 03 18 25 A5 03 01 31 03 CF 00 00 07 89 25 A5 03 01 31 05 E6 3D 77 00 00 D4 6F 00 C8 24 03 18 25 A5 03 01 31 03 CF 00 00 07 89 25 A5 03 01 31 05 E6 3D 77 00 00 D4 6F 00 (58)
                              [N3:X] MOTOR_I 0 0 (0)
                              [N3:X] [undefined] 61 119 0 0 (1031208960)
                              [N3:X] MOTOR_I 0 0 (0)
                              [N3:X] [undefined] 61 119 0 0 (1031208960)
2026-03-20 18:21:44:475 [IN ] C8 24 03 0E 25 A5 03 01 31 03 CF 00 00 07 89 25 A5 03 01 C8 24 03 0A 01 31 05 E6 3D 77 00 00 D4 6F 89 C8 24 03 15 25 A5 03 01 31 03 CF 00 00 07 89 25 A5 03 01 31 05 E6 3D 77 00 00 (60)
                              [N3:X] MOTOR_I 0 0 (0)
                              [N3:X] [undefined] 61 119 0 0 (1031208960)
                              [N3:X] MOTOR_I 0 0 (0)
2026-03-20 18:21:44:676 [IN ] C8 24 03 1B 00 D4 6F 25 A5 03 01 31 03 CF 00 00 07 89 25 A5 03 01 31 05 E6 3D 77 00 00 D4 6F 03 C8 24 03 18 25 A5 03 01 31 03 CF 00 00 07 89 25 A5 03 01 31 05 E6 3D 77 00 00 D4 6F 00 (61)
                              [N3:X] [undefined] 61 119 0 0 (1031208960)
                              [N3:X] MOTOR_I 0 0 (0)
                              [N3:X] [undefined] 61 119 0 0 (1031208960)
                              [N3:X] MOTOR_I 0 0 (0)
                              [N3:X] [undefined] 61 119 0 0 (1031208960)
2026-03-20 18:21:44:879 [IN ] C8 24 03 18 25 A5 03 01 31 03 CF 00 00 07 89 25 A5 03 01 31 05 E6 3D 77 00 00 D4 6F 00 C8 24 03 18 25 A5 03 01 31 03 CF 00 00 07 89 25 A5 03 01 31 05 E6 3D 77 00 00 D4 6F 00 (58)
                              [N3:X] MOTOR_I 0 0 (0)
                              [N3:X] [undefined] 61 119 0 0 (1031208960)
                              [N3:X] MOTOR_I 0 0 (0)
                              [N3:X] [undefined] 61 119 0 0 (1031208960)
2026-03-20 18:21:45:081 [IN ] C8 24 03 18 25 A5 03 01 31 03 CF 00 00 07 89 25 A5 03 01 31 05 E6 3D 77 00 00 D4 6F 00 C8 24 03 18 25 A5 03 01 31 03 CF 00 00 07 89 25 A5 03 01 31 05 E6 3D 77 00 00 D4 6F 00 (58)
                              [N3:X] MOTOR_I 0 0 (0)
                              [N3:X] [undefined] 61 119 0 0 (1031208960)
                              [N3:X] MOTOR_I 0 0 (0)
                              [N3:X] [undefined] 61 119 0 0 (1031208960)
2026-03-20 18:21:45:282 [IN ] C8 24 03 18 25 A5 03 01 31 03 CF 00 00 07 89 25 A5 03 01 31 05 E6 3D 77 00 00 D4 6F 00 C8 24 03 18 25 A5 03 01 31 03 CF 00 00 07 89 25 A5 03 01 31 05 E6 3D 77 00 00 D4 6F 00 (58)
                              [N3:X] MOTOR_I 0 0 (0)
                              [N3:X] [undefined] 61 119 0 0 (1031208960)
                              [N3:X] MOTOR_I 0 0 (0)
                              [N3:X] [undefined] 61 119 0 0 (1031208960)
2026-03-20 18:21:45:483 [IN ] C8 24 03 18 25 A5 03 01 31 03 CF 00 00 07 89 25 A5 03 01 31 05 E6 3D 77 00 00 D4 6F 00 C8 24 03 18 25 A5 03 01 31 03 CF 00 00 07 89 25 A5 03 01 31 05 E6 3D 77 00 00 D4 6F 00 (58)
                              [N3:X] MOTOR_I 0 0 (0)
                              [N3:X] [undefined] 61 119 0 0 (1031208960)
                              [N3:X] MOTOR_I 0 0 (0)
                              [N3:X] [undefined] 61 119 0 0 (1031208960)
2026-03-20 18:21:45:685 [IN ] C8 24 03 18 25 A5 03 01 31 03 CF 00 00 07 89 25 A5 03 01 31 05 E6 3D 77 00 00 D4 6F 00 C8 24 03 0E 25 A5 03 01 31 03 CF 00 00 07 89 25 A5 03 01 C8 24 03 0A 01 31 05 E6 3D 77 00 00 D4 6F 89 (63)
                              [N3:X] MOTOR_I 0 0 (0)
                              [N3:X] [undefined] 61 119 0 0 (1031208960)
                              [N3:X] MOTOR_I 0 0 (0)
                              [N3:X] [undefined] 61 119 0 0 (1031208960)
2026-03-20 18:21:45:889 [IN ] C8 24 03 18 25 A5 03 01 31 03 CF 00 00 07 89 25 A5 03 01 31 05 E6 3D 77 00 00 D4 6F 00 C8 24 03 18 25 A5 03 01 31 03 CF 00 00 07 89 25 A5 03 01 31 05 E6 3D 77 00 00 D4 6F 00 (58)
                              [N3:X] MOTOR_I 0 0 (0)
                              [N3:X] [undefined] 61 119 0 0 (1031208960)
                              [N3:X] MOTOR_I 0 0 (0)
                              [N3:X] [undefined] 61 119 0 0 (1031208960)
2026-03-20 18:21:46:090 [IN ] C8 24 03 18 25 A5 03 01 31 03 CF 00 00 07 89 25 A5 03 01 31 05 E6 3D 77 00 00 D4 6F 00 C8 24 03 18 25 A5 03 01 31 03 CF 00 00 07 89 25 A5 03 01 31 05 E6 3D 77 00 00 D4 6F 00 (58)
                              [N3:X] MOTOR_I 0 0 (0)
                              [N3:X] [undefined] 61 119 0 0 (1031208960)
                              [N3:X] MOTOR_I 0 0 (0)
                              [N3:X] [undefined] 61 119 0 0 (1031208960)
2026-03-20 18:21:46:291 [IN ] C8 24 03 18 25 A5 03 01 31 03 CF 00 00 07 89 25 A5 03 01 31 05 E6 3D 77 00 00 D4 6F 00 C8 24 03 18 25 A5 03 01 31 03 CF 00 00 07 89 25 A5 03 01 31 05 E6 3D 77 00 00 D4 6F 00 (58)
                              [N3:X] MOTOR_I 0 0 (0)
                              [N3:X] [undefined] 61 119 0 0 (1031208960)
                              [N3:X] MOTOR_I 0 0 (0)
                              [N3:X] [undefined] 61 119 0 0 (1031208960)
2026-03-20 18:21:46:493 [IN ] C8 24 03 18 25 A5 03 01 31 03 CF 00 00 07 89 25 A5 03 01 31 05 E6 3D 77 00 00 D4 6F 00 C8 24 03 18 25 A5 03 01 31 03 CF 00 00 07 89 25 A5 03 01 31 05 E6 3D 77 00 00 D4 6F 00 (58)
                              [N3:X] MOTOR_I 0 0 (0)
                              [N3:X] [undefined] 61 119 0 0 (1031208960)
                              [N3:X] MOTOR_I 0 0 (0)
                              [N3:X] [undefined] 61 119 0 0 (1031208960)
2026-03-20 18:21:46:694 [IN ] C8 24 03 18 25 A5 03 01 31 03 CF 00 00 07 89 25 A5 03 01 31 05 E6 3D 77 00 00 D4 6F 00 C8 24 03 18 25 A5 03 01 31 03 CF 00 00 07 89 25 A5 03 01 31 05 E6 3D 77 00 00 D4 6F 00 (58)
                              [N3:X] MOTOR_I 0 0 (0)
                              [N3:X] [undefined] 61 119 0 0 (1031208960)
                              [N3:X] MOTOR_I 0 0 (0)
                              [N3:X] [undefined] 61 119 0 0 (1031208960)
2026-03-20 18:21:46:896 [IN ] C8 24 03 18 25 A5 03 01 31 03 CF 00 00 07 89 25 A5 03 01 31 05 E6 3D 77 00 00 D4 6F 00 C8 24 03 0E 25 A5 03 01 31 03 CF 00 00 07 89 25 A5 03 01 C8 24 03 0A 01 31 05 E6 3D 77 00 00 D4 6F 89 (63)
                              [N3:X] MOTOR_I 0 0 (0)
                              [N3:X] [undefined] 61 119 0 0 (1031208960)
                              [N3:X] MOTOR_I 0 0 (0)
                              [N3:X] [undefined] 61 119 0 0 (1031208960)
2026-03-20 18:21:47:098 [IN ] C8 24 03 15 25 A5 03 01 31 03 CF 00 00 07 89 25 A5 03 01 31 05 E6 3D 77 00 00 C8 24 03 1B 00 D4 6F 25 A5 03 01 31 03 CF 00 00 07 89 25 A5 03 01 31 05 E6 3D 77 00 00 D4 6F 03 (58)
                              [N3:X] MOTOR_I 0 0 (0)
                              [N3:X] [undefined] 61 119 0 0 (1031208960)
                              [N3:X] MOTOR_I 0 0 (0)
                              [N3:X] [undefined] 61 119 0 0 (1031208960)
2026-03-20 18:21:47:300 [IN ] C8 24 03 18 25 A5 03 01 31 03 CF 00 00 07 89 25 A5 03 01 31 05 E6 3D 77 00 00 D4 6F 00 C8 24 03 18 25 A5 03 01 31 03 CF 00 00 07 89 25 A5 03 01 31 05 E6 3D 77 00 00 D4 6F 00 (58)
                              [N3:X] MOTOR_I 0 0 (0)
                              [N3:X] [undefined] 61 119 0 0 (1031208960)
                              [N3:X] MOTOR_I 0 0 (0)
                              [N3:X] [undefined] 61 119 0 0 (1031208960)
2026-03-20 18:21:47:502 [IN ] C8 24 03 18 25 A5 03 01 31 03 CF 00 00 07 89 25 A5 03 01 31 05 E6 3D 77 00 00 D4 6F 00 C8 24 03 18 25 A5 03 01 31 03 CF 00 00 07 89 25 A5 03 01 31 05 E6 3D 77 00 00 D4 6F 00 (58)
                              [N3:X] MOTOR_I 0 0 (0)
                              [N3:X] [undefined] 61 119 0 0 (1031208960)
                              [N3:X] MOTOR_I 0 0 (0)
                              [N3:X] [undefined] 61 119 0 0 (1031208960)
2026-03-20 18:21:47:703 [IN ] C8 24 03 18 25 A5 03 01 31 03 CF 00 00 07 89 25 A5 03 01 31 05 E6 3D 77 00 00 D4 6F 00 C8 24 03 18 25 A5 03 01 31 03 CF 00 00 07 89 25 A5 03 01 31 05 E6 3D 77 00 00 D4 6F 00 (58)
                              [N3:X] MOTOR_I 0 0 (0)
                              [N3:X] [undefined] 61 119 0 0 (1031208960)
                              [N3:X] MOTOR_I 0 0 (0)
                              [N3:X] [undefined] 61 119 0 0 (1031208960)
2026-03-20 18:21:47:906 [IN ] C8 24 03 18 25 A5 03 01 31 03 CF 00 00 07 89 25 A5 03 01 31 05 E6 3D 77 00 00 D4 6F 00 C8 24 03 18 25 A5 03 01 31 03 CF 00 00 07 89 25 A5 03 01 31 05 E6 3D 77 00 00 D4 6F 00 (58)
                              [N3:X] MOTOR_I 0 0 (0)
                              [N3:X] [undefined] 61 119 0 0 (1031208960)
                              [N3:X] MOTOR_I 0 0 (0)
                              [N3:X] [undefined] 61 119 0 0 (1031208960)
2026-03-20 18:21:48:108 [IN ] C8 24 03 18 25 A5 03 01 31 03 CF 00 00 07 89 25 A5 03 01 31 05 E6 3D 77 00 00 D4 6F 00 C8 24 03 18 25 A5 03 01 31 03 CF 00 00 07 89 25 A5 03 01 31 05 E6 3D 77 00 00 D4 6F 00 (58)
                              [N3:X] MOTOR_I 0 0 (0)
                              [N3:X] [undefined] 61 119 0 0 (1031208960)
                              [N3:X] MOTOR_I 0 0 (0)
                              [N3:X] [undefined] 61 119 0 0 (1031208960)
2026-03-20 18:21:48:310 [IN ] C8 24 03 0E 25 A5 03 01 31 03 CF 00 00 07 89 25 A5 03 01 C8 24 03 0A 01 31 05 E6 3D 77 00 00 D4 6F 89 C8 24 03 18 25 A5 03 01 31 03 CF 00 00 07 89 25 A5 03 01 31 05 E6 3D 77 00 00 D4 6F 00 (63)
                              [N3:X] MOTOR_I 0 0 (0)
                              [N3:X] [undefined] 61 119 0 0 (1031208960)
                              [N3:X] MOTOR_I 0 0 (0)
                              [N3:X] [undefined] 61 119 0 0 (1031208960)
2026-03-20 18:21:48:513 [IN ] C8 24 03 18 25 A5 03 01 31 03 CF 00 00 07 89 25 A5 03 01 31 05 E6 3D 77 00 00 D4 6F 00 C8 24 03 18 25 A5 03 01 31 03 CF 00 00 07 89 25 A5 03 01 31 05 E6 3D 77 00 00 D4 6F 00 C8 24 08 0B 25 A5 
08 01 31 03 81 5A 52 6A C8 25 (74)
                              [N3:X] MOTOR_I 0 0 (0)
                              [N3:X] [undefined] 61 119 0 0 (1031208960)
                              [N3:X] MOTOR_I 0 0 (0)
                              [N3:X] [undefined] 61 119 0 0 (1031208960)
                              [N8:R] TPOS 'Z' 82 (82)
2026-03-20 18:21:48:716 [IN ] C8 24 08 0A 25 A5 08 01 31 02 81 49 06 4A C8 C8 24 03 18 25 A5 03 01 31 03 CF 00 00 07 89 25 A5 03 01 31 05 E6 3D 77 00 00 D4 6F 00 C8 24 03 18 25 A5 03 01 31 03 CF 00 00 07 89 25 A5 03 01 31 
05 E6 3D 77 00 00 D4 6F 00 (73)
                              [N8:R] TPOS 'I'
                              [N3:X] MOTOR_I 0 0 (0)
                              [N3:X] [undefined] 61 119 0 0 (1031208960)
                              [N3:X] MOTOR_I 0 0 (0)
                              [N3:X] [undefined] 61 119 0 0 (1031208960)
2026-03-20 18:21:48:918 [IN ] C8 24 03 18 25 A5 03 01 31 03 CF 00 00 07 89 25 A5 03 01 31 05 E6 3D 77 00 00 D4 6F 00 C8 24 03 18 25 A5 03 01 31 03 CF 00 00 07 89 25 A5 03 01 31 05 E6 3D 77 00 00 D4 6F 00 (58)
                              [N3:X] MOTOR_I 0 0 (0)
                              [N3:X] [undefined] 61 119 0 0 (1031208960)
                              [N3:X] MOTOR_I 0 0 (0)
                              [N3:X] [undefined] 61 119 0 0 (1031208960)
2026-03-20 18:21:48:939 [OUT] 25 A5 01 08 31 03 CA 3D 09 4D 19 (11)
                              [N8:R] RFLAG '=' 9 (9)
2026-03-20 18:21:48:961 [IN ] C8 24 03 18 25 A5 03 01 31 03 (10)
2026-03-20 18:21:48:983 [IN ] CF 00 00 07 89 25 A5 03 01 31 05 E6 3D 77 00 00 D4 6F 00 C8 24 05 0B 25 A5 05 01 31 03 81 5A 4C 61 AD 25 (35)
                              [N3:X] MOTOR_I 0 0 (0)
                              [N3:X] [undefined] 61 119 0 0 (1031208960)
                              [N5:V] TPOS 'Z' 76 (76)
2026-03-20 18:21:49:026 [IN ] C8 24 05 0A 25 A5 05 01 31 02 81 49 03 38 AD (15)
                              [N5:V] TPOS 'I'
2026-03-20 18:21:49:070 [OUT] 25 A5 01 05 31 03 C9 3D 09 49 04 (11)
                              [N5:V] LFLAG '=' 9 (9)
2026-03-20 18:21:49:071 [IN ] C8 24 03 18 25 A5 03 01 31 03 CF 00 00 07 89 25 A5 03 01 31 05 E6 3D 77 00 00 D4 6F 00 (29)
                              [N3:X] MOTOR_I 0 0 (0)
                              [N3:X] [undefined] 61 119 0 0 (1031208960)
2026-03-20 18:21:49:112 [IN ] C8 24 08 0B 25 A5 08 01 31 03 CA 3A 09 4A 1A 25 (16)
                              [N8:R] RFLAG ':' 9 (9)
2026-03-20 18:21:49:133 [OUT] 25 A5 01 08 31 05 81 FF DC 77 1D 2F DE (13)
                              [N8:R] TPOS 255 220 119 29 (-2328803)
2026-03-20 18:21:49:174 [IN ] C8 24 03 18 25 A5 03 01 31 03 CF 00 00 07 89 25 A5 03 01 31 05 E6 3D 77 00 00 D4 6F 00 (29)
                              [N3:X] MOTOR_I 0 0 (0)
                              [N3:X] [undefined] 61 119 0 0 (1031208960)
2026-03-20 18:21:49:258 [IN ] C8 24 05 0B 25 A5 05 01 31 03 C9 3A 09 46 02 25 (16)
                              [N5:V] LFLAG ':' 9 (9)
2026-03-20 18:21:49:280 [OUT] 25 A5 01 05 31 03 84 00 50 0E 02 (11)
                              [N5:V] VEL 0 80 (80)
2026-03-20 18:21:49:280 [IN ] C8 24 03 18 25 A5 03 01 31 03 CF 00 00 07 89 25 A5 03 01 31 05 E6 3D 77 00 00 D4 6F 00 (29)
                              [N3:X] MOTOR_I 0 0 (0)
                              [N3:X] [undefined] 61 119 0 0 (1031208960)
2026-03-20 18:21:49:362 [IN ] C8 24 03 0E 25 A5 03 01 31 03 CF 00 00 07 89 25 A5 03 01 C8 24 08 0E 25 A5 08 01 31 06 81 53 FF FF FF BE CF 65 01 (38)
                              [N3:X] MOTOR_I 0 0 (0)
2026-03-20 18:21:49:383 [IN ] C8 24 03 0A 01 31 05 E6 3D 77 00 00 D4 6F FF (15)
2026-03-20 18:21:49:447 [IN ] C8 24 03 15 25 A5 03 01 31 03 CF 00 00 07 89 25 A5 03 01 31 05 E6 3D 77 00 00 (26)
                              [N3:X] MOTOR_I 0 0 (0)
2026-03-20 18:21:49:490 [IN ] C8 24 05 0C 25 A5 05 01 31 04 84 53 00 50 62 C2 A5 (17)
                              [N5:V] VEL 'S' 0 80 (80)
2026-03-20 18:21:49:511 [OUT] 25 A5 01 05 31 05 81 00 19 82 3C 94 B6 (13)
                              [N5:V] TPOS 0 25 130 60 (1671740)
2026-03-20 18:21:49:577 [IN ] C8 24 03 1B 00 D4 6F 25 A5 03 01 31 03 CF 00 00 07 89 25 A5 03 01 31 05 E6 3D 77 00 00 D4 6F 03 (32)
                              [N3:X] [undefined] 61 119 0 0 (1031208960)
                              [N3:X] MOTOR_I 0 0 (0)
                              [N3:X] [undefined] 61 119 0 0 (1031208960)
2026-03-20 18:21:49:660 [IN ] C8 24 03 18 25 A5 03 01 31 03 CF 00 00 07 89 25 A5 03 01 31 05 E6 3D 77 00 00 D4 6F 00 (29)
                              [N3:X] MOTOR_I 0 0 (0)
                              [N3:X] [undefined] 61 119 0 0 (1031208960)
2026-03-20 18:21:49:702 [IN ] C8 24 05 0E 25 A5 05 01 31 06 81 53 00 00 00 00 11 92 01 (19)
                              [N5:V] TPOS 'S' 0 0 0 0 (0)
2026-03-20 18:21:49:784 [IN ] C8 24 03 18 25 A5 03 01 31 03 CF 00 00 07 89 25 A5 03 01 31 05 E6 3D 77 00 00 D4 6F 00 (29)
                              [N3:X] MOTOR_I 0 0 (0)
                              [N3:X] [undefined] 61 119 0 0 (1031208960)
2026-03-20 18:21:49:866 [IN ] C8 24 03 18 25 A5 03 01 31 03 CF 00 00 07 89 25 A5 03 01 31 05 E6 3D 77 00 00 D4 6F 00 C8 24 0C 0E 25 A5 (35)
                              [N3:X] MOTOR_I 0 0 (0)
                              [N3:X] [undefined] 61 119 0 0 (1031208960)
2026-03-20 18:21:49:887 [IN ] 0C 01 31 06 81 45 FF BC CE C5 58 23 01 (13)
                              [N12:Z] TPOS 'E' 255 188 206 197 (-4403515)
2026-03-20 18:21:49:956 [OUT] 25 A5 01 0C 31 05 81 FF D1 1A 67 15 6D (13)
                              [N12:Z] TPOS 255 209 26 103 (-3073433)
2026-03-20 18:21:49:957 [IN ] C8 24 03 18 25 A5 03 01 31 03 CF 00 00 07 89 25 A5 03 01 31 05 E6 3D 77 00 00 D4 6F 00 (29)
                              [N3:X] MOTOR_I 0 0 (0)
                              [N3:X] [undefined] 61 119 0 0 (1031208960)
2026-03-20 18:21:50:080 [IN ] C8 24 03 18 25 A5 03 01 31 03 CF 00 00 07 89 25 A5 03 01 31 05 E6 3D 77 00 00 D4 6F 00 (29)
                              [N3:X] MOTOR_I 0 0 (0)
                              [N3:X] [undefined] 61 119 0 0 (1031208960)
2026-03-20 18:21:50:101 [IN ] C8 24 07 0E 25 A5 07 01 31 06 81 45 FF AB 14 9A 5D 1F 01 (19)
                              [N7:N] TPOS 'E' 255 171 20 154 (-5565286)
2026-03-20 18:21:50:124 [IN ] C8 24 0C 0E 25 A5 0C 01 31 06 (10)
2026-03-20 18:21:50:146 [IN ] 81 53 FF BC CE DD 7E 81 01 (9)
                              [N12:Z] TPOS 'S' 255 188 206 221 (-4403491)
2026-03-20 18:21:50:167 [OUT] 25 A5 01 07 31 05 81 FF F3 35 BF A5 39 (13)
                              [N7:N] TPOS 255 243 53 191 (-838209)
2026-03-20 18:21:50:168 [IN ] C8 24 03 18 25 A5 03 01 31 03 CF 00 00 07 89 25 A5 03 01 31 05 E6 3D 77 00 00 D4 6F 00 (29)
                              [N3:X] MOTOR_I 0 0 (0)
                              [N3:X] [undefined] 61 119 0 0 (1031208960)
2026-03-20 18:21:50:272 [IN ] C8 24 03 18 25 (5)
2026-03-20 18:21:50:294 [IN ] A5 03 01 31 03 CF 00 00 07 89 25 A5 03 01 31 05 E6 3D 77 00 00 D4 6F 00 (24)
                              [N3:X] MOTOR_I 0 0 (0)
                              [N3:X] [undefined] 61 119 0 0 (1031208960)
2026-03-20 18:21:50:357 [IN ] C8 24 07 0E 25 A5 07 01 31 06 81 53 FF AB 14 9A 6B 65 01 (19)
                              [N7:N] TPOS 'S' 255 171 20 154 (-5565286)
2026-03-20 18:21:50:378 [IN ] C8 24 03 18 25 A5 03 01 31 03 CF 00 00 07 89 25 A5 03 01 31 05 E6 3D 77 00 00 D4 6F 00 (29)
                              [N3:X] MOTOR_I 0 0 (0)
                              [N3:X] [undefined] 61 119 0 0 (1031208960)
2026-03-20 18:21:50:481 [IN ] C8 24 03 18 25 A5 03 01 31 03 CF 00 00 07 89 25 A5 03 01 31 05 E6 3D 77 00 00 D4 6F 00 (29)
                              [N3:X] MOTOR_I 0 0 (0)
                              [N3:X] [undefined] 61 119 0 0 (1031208960)
2026-03-20 18:21:50:585 [IN ] C8 24 03 18 25 A5 03 01 31 03 CF 00 00 07 89 25 A5 03 01 31 05 E6 3D 77 00 00 D4 6F 00 (29)
                              [N3:X] MOTOR_I 0 0 (0)
                              [N3:X] [undefined] 61 119 0 0 (1031208960)
2026-03-20 18:21:50:669 [IN ] C8 24 03 0E 25 A5 03 01 31 03 CF 00 00 07 89 25 A5 03 01 (19)
                              [N3:X] MOTOR_I 0 0 (0)
2026-03-20 18:21:50:694 [IN ] C8 24 03 0A 01 31 05 E6 3D 77 00 00 D4 6F 89 (15)
                              [N3:X] [undefined] 61 119 0 0 (1031208960)
2026-03-20 18:21:50:758 [IN ] C8 24 03 18 25 A5 03 01 31 03 CF 00 00 07 89 25 A5 03 01 31 05 E6 3D 77 (24)
2026-03-20 18:21:50:779 [IN ] 00 00 D4 6F 00 (5)
                              [N3:X] MOTOR_I 0 0 (0)
                              [N3:X] [undefined] 61 119 0 0 (1031208960)
2026-03-20 18:21:50:882 [IN ] C8 24 03 18 25 A5 03 01 31 03 CF 00 00 07 89 25 A5 03 01 31 05 E6 3D 77 00 00 D4 6F 00 (29)
                              [N3:X] MOTOR_I 0 0 (0)
                              [N3:X] [undefined] 61 119 0 0 (1031208960)
2026-03-20 18:21:50:966 [IN ] C8 24 03 18 25 A5 03 01 31 03 CF 00 00 07 89 25 A5 03 01 31 05 E6 3D 77 00 00 D4 6F 00 (29)
                              [N3:X] MOTOR_I 0 0 (0)
                              [N3:X] [undefined] 61 119 0 0 (1031208960)
2026-03-20 18:21:51:090 [IN ] C8 24 03 18 25 A5 03 01 31 03 CF 00 00 07 89 25 A5 03 01 31 05 E6 3D 77 00 00 D4 6F 00 (29)
                              [N3:X] MOTOR_I 0 0 (0)
                              [N3:X] [undefined] 61 119 0 0 (1031208960)
2026-03-20 18:21:51:153 [OUT] 25 A5 01 08 31 05 81 FF DC 77 1D 2F DE (13)
                              [N8:R] TPOS 255 220 119 29 (-2328803)
2026-03-20 18:21:51:175 [IN ] C8 24 03 18 25 A5 03 01 31 03 CF 00 00 07 89 25 A5 03 01 31 05 E6 3D 77 00 00 D4 6F 00 (29)
                              [N3:X] MOTOR_I 0 0 (0)
                              [N3:X] [undefined] 61 119 0 0 (1031208960)
2026-03-20 18:21:51:278 [IN ] C8 24 03 18 25 A5 03 01 31 03 CF 00 00 07 89 25 A5 03 01 31 05 E6 3D 77 00 00 D4 6F 00 (29)
                              [N3:X] MOTOR_I 0 0 (0)
                              [N3:X] [undefined] 61 119 0 0 (1031208960)
2026-03-20 18:21:51:340 [IN ] C8 24 08 0E 25 A5 08 01 31 06 81 53 FF FA 85 4E E0 F2 01 (19)
                              [N8:R] TPOS 'S' 255 250 133 78 (-359090)
2026-03-20 18:21:51:542 [IN ] C8 24 03 18 25 A5 03 01 31 03 CF 00 00 07 89 25 A5 03 01 31 05 E6 3D 77 00 00 D4 6F 00 C8 24 03 18 25 A5 03 01 31 03 CF 00 00 07 89 25 A5 03 01 31 05 E6 3D 77 00 00 D4 6F 00 (58)
                              [N3:X] MOTOR_I 0 0 (0)
                              [N3:X] [undefined] 61 119 0 0 (1031208960)
                              [N3:X] MOTOR_I 0 0 (0)
                              [N3:X] [undefined] 61 119 0 0 (1031208960)
2026-03-20 18:21:51:744 [IN ] C8 24 03 18 25 A5 03 01 31 03 CF 00 00 07 89 25 A5 03 01 31 05 E6 3D 77 00 00 D4 6F 00 C8 24 03 18 25 A5 03 01 31 03 CF 00 00 07 89 25 A5 03 01 31 05 E6 3D 77 00 00 D4 6F 00 (58)
                              [N3:X] MOTOR_I 0 0 (0)
                              [N3:X] [undefined] 61 119 0 0 (1031208960)
                              [N3:X] MOTOR_I 0 0 (0)
                              [N3:X] [undefined] 61 119 0 0 (1031208960)
2026-03-20 18:21:51:946 [IN ] C8 24 03 18 25 A5 03 01 31 03 CF 00 00 07 89 25 A5 03 01 31 05 E6 3D 77 00 00 D4 6F 00 C8 24 03 18 25 A5 03 01 31 03 CF 00 00 07 89 25 A5 03 01 31 05 E6 3D 77 00 00 D4 6F 00 (58)
                              [N3:X] MOTOR_I 0 0 (0)
                              [N3:X] [undefined] 61 119 0 0 (1031208960)
                              [N3:X] MOTOR_I 0 0 (0)
                              [N3:X] [undefined] 61 119 0 0 (1031208960)
2026-03-20 18:21:52:147 [IN ] C8 24 03 15 25 A5 03 01 31 03 CF 00 00 07 89 25 A5 03 01 31 05 E6 3D 77 00 00 C8 24 03 1B 00 D4 6F 25 A5 03 01 31 03 CF 00 00 07 89 25 A5 03 01 31 05 E6 3D 77 00 00 D4 6F 03 (58)
                              [N3:X] MOTOR_I 0 0 (0)
                              [N3:X] [undefined] 61 119 0 0 (1031208960)
                              [N3:X] MOTOR_I 0 0 (0)
                              [N3:X] [undefined] 61 119 0 0 (1031208960)
2026-03-20 18:21:52:348 [IN ] C8 24 03 18 25 A5 03 01 31 03 CF 00 00 07 89 25 A5 03 01 31 05 E6 3D 77 00 00 D4 6F 00 C8 24 03 18 25 A5 03 01 31 03 CF 00 00 07 89 25 A5 03 01 31 05 E6 3D 77 00 00 D4 6F 00 (58)
                              [N3:X] MOTOR_I 0 0 (0)
                              [N3:X] [undefined] 61 119 0 0 (1031208960)
                              [N3:X] MOTOR_I 0 0 (0)
                              [N3:X] [undefined] 61 119 0 0 (1031208960)
2026-03-20 18:21:52:550 [IN ] C8 24 03 18 25 A5 03 01 31 03 CF 00 00 07 89 25 A5 03 01 31 05 E6 3D 77 00 00 D4 6F 00 C8 24 03 18 25 A5 03 01 31 03 CF 00 00 07 89 25 A5 03 01 31 05 E6 3D 77 00 00 D4 6F 00 (58)
                              [N3:X] MOTOR_I 0 0 (0)
                              [N3:X] [undefined] 61 119 0 0 (1031208960)
                              [N3:X] MOTOR_I 0 0 (0)
                              [N3:X] [undefined] 61 119 0 0 (1031208960)
2026-03-20 18:21:52:751 [IN ] C8 24 03 18 25 A5 03 01 31 03 CF 00 00 07 89 25 A5 03 01 31 05 E6 3D 77 00 00 D4 6F 00 C8 24 03 18 25 A5 03 01 31 03 CF 00 00 07 89 25 A5 03 01 31 05 E6 3D 77 00 00 D4 6F 00 (58)
                              [N3:X] MOTOR_I 0 0 (0)
                              [N3:X] [undefined] 61 119 0 0 (1031208960)
                              [N3:X] MOTOR_I 0 0 (0)
                              [N3:X] [undefined] 61 119 0 0 (1031208960)
2026-03-20 18:21:52:952 [IN ] C8 24 03 18 25 A5 03 01 31 03 CF 00 00 07 89 25 A5 03 01 31 05 E6 3D 77 00 00 D4 6F 00 C8 24 03 18 25 A5 03 01 31 03 CF 00 00 07 89 25 A5 03 01 31 05 E6 3D 77 00 00 D4 6F 00 (58)
                              [N3:X] MOTOR_I 0 0 (0)
                              [N3:X] [undefined] 61 119 0 0 (1031208960)
                              [N3:X] MOTOR_I 0 0 (0)
                              [N3:X] [undefined] 61 119 0 0 (1031208960)
2026-03-20 18:21:53:154 [IN ] C8 24 03 18 25 A5 03 01 31 03 CF 00 00 07 89 25 A5 03 01 31 05 E6 3D 77 00 00 D4 6F 00 C8 24 03 18 25 A5 03 01 31 03 CF 00 00 07 89 25 A5 03 01 31 05 E6 3D 77 00 00 D4 6F 00 (58)
                              [N3:X] MOTOR_I 0 0 (0)
                              [N3:X] [undefined] 61 119 0 0 (1031208960)
                              [N3:X] MOTOR_I 0 0 (0)
                              [N3:X] [undefined] 61 119 0 0 (1031208960)
2026-03-20 18:21:53:355 [IN ] C8 24 03 0E 25 A5 03 01 31 03 CF 00 00 07 89 25 A5 03 01 C8 24 03 0A 01 31 05 E6 3D 77 00 00 D4 6F 89 C8 24 03 18 25 A5 03 01 31 03 CF 00 00 07 89 25 A5 03 01 31 05 E6 3D 77 00 00 D4 6F 00 (63)
                              [N3:X] MOTOR_I 0 0 (0)
                              [N3:X] [undefined] 61 119 0 0 (1031208960)
                              [N3:X] MOTOR_I 0 0 (0)
                              [N3:X] [undefined] 61 119 0 0 (1031208960)
2026-03-20 18:21:53:556 [IN ] C8 24 03 18 25 A5 03 01 31 03 CF 00 00 07 89 25 A5 03 01 31 05 E6 3D 77 00 00 D4 6F 00 C8 24 03 18 25 A5 03 01 31 03 CF 00 00 07 89 25 A5 03 01 31 05 E6 3D 77 00 00 D4 6F 00 (58)
                              [N3:X] MOTOR_I 0 0 (0)
                              [N3:X] [undefined] 61 119 0 0 (1031208960)
                              [N3:X] MOTOR_I 0 0 (0)
                              [N3:X] [undefined] 61 119 0 0 (1031208960)
2026-03-20 18:21:53:758 [IN ] C8 24 03 18 25 A5 03 01 31 03 CF 00 00 07 89 25 A5 03 01 31 05 E6 3D 77 00 00 D4 6F 00 C8 24 03 18 25 A5 03 01 31 03 CF 00 00 07 89 25 A5 03 01 31 05 E6 3D 77 00 00 D4 6F 00 (58)
                              [N3:X] MOTOR_I 0 0 (0)
                              [N3:X] [undefined] 61 119 0 0 (1031208960)
                              [N3:X] MOTOR_I 0 0 (0)
                              [N3:X] [undefined] 61 119 0 0 (1031208960)
2026-03-20 18:21:53:960 [IN ] C8 24 03 18 25 A5 03 01 31 03 CF 00 00 07 89 25 A5 03 01 31 05 E6 3D 77 00 00 D4 6F 00 C8 24 03 18 25 A5 03 01 31 03 CF 00 00 07 89 25 A5 03 01 31 05 E6 3D 77 00 00 D4 6F 00 (58)
                              [N3:X] MOTOR_I 0 0 (0)
                              [N3:X] [undefined] 61 119 0 0 (1031208960)
                              [N3:X] MOTOR_I 0 0 (0)
                              [N3:X] [undefined] 61 119 0 0 (1031208960)
2026-03-20 18:21:54:162 [IN ] C8 24 03 18 25 A5 03 01 31 03 CF 00 00 07 89 25 A5 03 01 31 05 E6 3D 77 00 00 D4 6F 00 C8 24 03 18 25 A5 03 01 31 03 CF 00 00 07 89 25 A5 03 01 31 05 E6 3D 77 00 00 D4 6F 00 (58)
                              [N3:X] MOTOR_I 0 0 (0)
                              [N3:X] [undefined] 61 119 0 0 (1031208960)
                              [N3:X] MOTOR_I 0 0 (0)
                              [N3:X] [undefined] 61 119 0 0 (1031208960)
2026-03-20 18:21:54:363 [IN ] C8 24 03 18 25 A5 03 01 31 03 CF 00 00 07 89 25 A5 03 01 31 05 E6 3D 77 00 00 D4 6F 00 C8 24 03 18 25 A5 03 01 31 03 CF 00 00 07 89 25 A5 03 01 31 05 E6 3D 77 00 00 D4 6F 00 (58)
                              [N3:X] MOTOR_I 0 0 (0)
                              [N3:X] [undefined] 61 119 0 0 (1031208960)
                              [N3:X] MOTOR_I 0 0 (0)
                              [N3:X] [undefined] 61 119 0 0 (1031208960)
2026-03-20 18:21:54:564 [IN ] C8 24 03 18 25 A5 03 01 31 03 CF 00 00 07 89 25 A5 03 01 31 05 E6 3D 77 00 00 D4 6F 00 C8 24 03 15 25 A5 03 01 31 03 CF 00 00 07 89 25 A5 03 01 31 05 E6 3D 77 00 00 (55)
                              [N3:X] MOTOR_I 0 0 (0)
                              [N3:X] [undefined] 61 119 0 0 (1031208960)
                              [N3:X] MOTOR_I 0 0 (0)
2026-03-20 18:21:54:766 [IN ] C8 24 03 1B 00 D4 6F 25 A5 03 01 31 03 CF 00 00 07 89 25 A5 03 01 31 05 E6 3D 77 00 00 D4 6F 03 C8 24 03 18 25 A5 03 01 31 03 CF 00 00 07 89 25 A5 03 01 31 05 E6 3D 77 00 00 D4 6F 00 (61)
                              [N3:X] [undefined] 61 119 0 0 (1031208960)
                              [N3:X] MOTOR_I 0 0 (0)
                              [N3:X] [undefined] 61 119 0 0 (1031208960)
                              [N3:X] MOTOR_I 0 0 (0)
                              [N3:X] [undefined] 61 119 0 0 (1031208960)
2026-03-20 18:21:54:967 [IN ] C8 24 03 18 25 A5 03 01 31 03 CF 00 00 07 89 25 A5 03 01 31 05 E6 3D 77 00 00 D4 6F 00 C8 24 03 18 25 A5 03 01 31 03 CF 00 00 07 89 25 A5 03 01 31 05 E6 3D 77 00 00 D4 6F 00 (58)
                              [N3:X] MOTOR_I 0 0 (0)
                              [N3:X] [undefined] 61 119 0 0 (1031208960)
                              [N3:X] MOTOR_I 0 0 (0)
                              [N3:X] [undefined] 61 119 0 0 (1031208960)
2026-03-20 18:21:55:168 [IN ] C8 24 03 18 25 A5 03 01 31 03 CF 00 00 07 89 25 A5 03 01 31 05 E6 3D 77 00 00 D4 6F 00 C8 24 03 18 25 A5 03 01 31 03 CF 00 00 07 89 25 A5 03 01 31 05 E6 3D 77 00 00 D4 6F 00 (58)
                              [N3:X] MOTOR_I 0 0 (0)
                              [N3:X] [undefined] 61 119 0 0 (1031208960)
                              [N3:X] MOTOR_I 0 0 (0)
                              [N3:X] [undefined] 61 119 0 0 (1031208960)
2026-03-20 18:21:55:371 [IN ] C8 24 03 18 25 A5 03 01 31 03 CF 00 00 07 89 25 A5 03 01 31 05 E6 3D 77 00 00 D4 6F 00 C8 24 03 18 25 A5 03 01 31 03 CF 00 00 07 89 25 A5 03 01 31 05 E6 3D 77 00 00 D4 6F 00 (58)
                              [N3:X] MOTOR_I 0 0 (0)
                              [N3:X] [undefined] 61 119 0 0 (1031208960)
                              [N3:X] MOTOR_I 0 0 (0)
                              [N3:X] [undefined] 61 119 0 0 (1031208960)
2026-03-20 18:21:55:572 [IN ] C8 24 03 18 25 A5 03 01 31 03 CF 00 00 07 89 25 A5 03 01 31 05 E6 3D 77 00 00 D4 6F 00 C8 24 03 18 25 A5 03 01 31 03 CF 00 00 07 89 25 A5 03 01 31 05 E6 3D 77 00 00 D4 6F 00 (58)
                              [N3:X] MOTOR_I 0 0 (0)
                              [N3:X] [undefined] 61 119 0 0 (1031208960)
                              [N3:X] MOTOR_I 0 0 (0)
                              [N3:X] [undefined] 61 119 0 0 (1031208960)
2026-03-20 18:21:55:773 [IN ] C8 24 03 18 25 A5 03 01 31 03 CF 00 00 07 89 25 A5 03 01 31 05 E6 3D 77 00 00 D4 6F 00 C8 24 03 0E 25 A5 03 01 31 03 CF 00 00 07 89 25 A5 03 01 C8 24 03 0A 01 31 05 E6 3D 77 00 00 D4 6F 89 (63)
                              [N3:X] MOTOR_I 0 0 (0)
                              [N3:X] [undefined] 61 119 0 0 (1031208960)
                              [N3:X] MOTOR_I 0 0 (0)
                              [N3:X] [undefined] 61 119 0 0 (1031208960)
2026-03-20 18:21:55:974 [IN ] C8 24 03 18 25 A5 03 01 31 03 CF 00 00 07 89 25 A5 03 01 31 05 E6 3D 77 00 00 D4 6F 00 C8 24 03 18 25 A5 03 01 31 03 CF 00 00 07 89 25 A5 03 01 31 05 E6 3D 77 00 00 D4 6F 00 (58)
                              [N3:X] MOTOR_I 0 0 (0)
                              [N3:X] [undefined] 61 119 0 0 (1031208960)
                              [N3:X] MOTOR_I 0 0 (0)
                              [N3:X] [undefined] 61 119 0 0 (1031208960)
2026-03-20 18:21:56:176 [IN ] C8 24 03 18 25 A5 03 01 31 03 CF 00 00 07 89 25 A5 03 01 31 05 E6 3D 77 00 00 D4 6F 00 C8 24 03 18 25 A5 03 01 31 03 CF 00 00 07 89 25 A5 03 01 31 05 E6 3D 77 00 00 D4 6F 00 (58)
                              [N3:X] MOTOR_I 0 0 (0)
                              [N3:X] [undefined] 61 119 0 0 (1031208960)
                              [N3:X] MOTOR_I 0 0 (0)
                              [N3:X] [undefined] 61 119 0 0 (1031208960)
2026-03-20 18:21:56:377 [IN ] C8 24 03 18 25 A5 03 01 31 03 CF 00 00 07 89 25 A5 03 01 31 05 E6 3D 77 00 00 D4 6F 00 C8 24 03 18 25 A5 03 01 31 03 CF 00 00 07 89 25 A5 03 01 31 05 E6 3D 77 00 00 D4 6F 00 (58)
                              [N3:X] MOTOR_I 0 0 (0)
                              [N3:X] [undefined] 61 119 0 0 (1031208960)
                              [N3:X] MOTOR_I 0 0 (0)
                              [N3:X] [undefined] 61 119 0 0 (1031208960)
2026-03-20 18:21:56:579 [IN ] C8 24 03 18 25 A5 03 01 31 03 CF 00 00 07 89 25 A5 03 01 31 05 E6 3D 77 00 00 D4 6F 00 C8 24 03 18 25 A5 03 01 31 03 CF 00 00 07 89 25 A5 03 01 31 05 E6 3D 77 00 00 D4 6F 00 (58)
                              [N3:X] MOTOR_I 0 0 (0)
                              [N3:X] [undefined] 61 119 0 0 (1031208960)
                              [N3:X] MOTOR_I 0 0 (0)
                              [N3:X] [undefined] 61 119 0 0 (1031208960)
2026-03-20 18:21:56:781 [IN ] C8 24 03 18 25 A5 03 01 31 03 CF 00 00 07 89 25 A5 03 01 31 05 E6 3D 77 00 00 D4 6F 00 C8 24 03 18 25 A5 03 01 31 03 CF 00 00 07 89 25 A5 03 01 31 05 E6 3D 77 00 00 D4 6F 00 (58)
                              [N3:X] MOTOR_I 0 0 (0)
                              [N3:X] [undefined] 61 119 0 0 (1031208960)
                              [N3:X] MOTOR_I 0 0 (0)
                              [N3:X] [undefined] 61 119 0 0 (1031208960)
2026-03-20 18:21:56:982 [IN ] C8 24 03 18 25 A5 03 01 31 03 CF 00 00 07 89 25 A5 03 01 31 05 E6 3D 77 00 00 D4 6F 00 C8 24 03 18 25 A5 03 01 31 03 CF 00 00 07 89 25 A5 03 01 31 05 E6 3D 77 00 00 D4 6F 00 (58)
                              [N3:X] MOTOR_I 0 0 (0)
                              [N3:X] [undefined] 61 119 0 0 (1031208960)
                              [N3:X] MOTOR_I 0 0 (0)
                              [N3:X] [undefined] 61 119 0 0 (1031208960)
2026-03-20 18:21:57:183 [IN ] C8 24 03 15 25 A5 03 01 31 03 CF 00 00 07 89 25 A5 03 01 31 05 E6 3D 77 00 00 C8 24 03 1B 00 D4 6F 25 A5 03 01 31 03 CF 00 00 07 89 25 A5 03 01 31 05 E6 3D 77 00 00 D4 6F 03 (58)
                              [N3:X] MOTOR_I 0 0 (0)
                              [N3:X] [undefined] 61 119 0 0 (1031208960)
                              [N3:X] MOTOR_I 0 0 (0)
                              [N3:X] [undefined] 61 119 0 0 (1031208960)
2026-03-20 18:21:57:385 [IN ] C8 24 03 18 25 A5 03 01 31 03 CF 00 00 07 89 25 A5 03 01 31 05 E6 3D 77 00 00 D4 6F 00 C8 24 03 18 25 A5 03 01 31 03 CF 00 00 07 89 25 A5 03 01 31 05 E6 3D 77 00 00 D4 6F 00 C8 24 0C 0E 25 A5 
0C 01 31 06 81 45 FF D1 1C 55 4B 8E 01 (77)
                              [N3:X] MOTOR_I 0 0 (0)
                              [N3:X] [undefined] 61 119 0 0 (1031208960)
                              [N3:X] MOTOR_I 0 0 (0)
                              [N3:X] [undefined] 61 119 0 0 (1031208960)
                              [N12:Z] TPOS 'E' 255 209 28 85 (-3072939)
2026-03-20 18:21:57:588 [IN ] C8 24 03 18 25 A5 03 01 31 03 CF 00 00 07 89 25 A5 03 01 31 05 E6 3D 77 00 00 D4 6F 00 C8 24 03 18 25 A5 03 01 31 03 CF 00 00 07 89 25 A5 03 01 31 05 E6 3D 77 00 00 D4 6F 00 (58)
                              [N3:X] MOTOR_I 0 0 (0)
                              [N3:X] [undefined] 61 119 0 0 (1031208960)
                              [N3:X] MOTOR_I 0 0 (0)
                              [N3:X] [undefined] 61 119 0 0 (1031208960)
2026-03-20 18:21:57:789 [IN ] C8 24 03 18 25 A5 03 01 31 03 CF 00 00 07 89 25 A5 03 01 31 05 E6 3D 77 00 00 D4 6F 00 C8 24 05 0E 25 A5 05 01 31 06 81 45 00 19 85 91 32 32 01 C8 24 03 18 25 A5 03 01 31 03 CF 00 00 07 89 25 
A5 03 01 31 05 E6 3D 77 00 00 D4 6F 00 (77)
                              [N3:X] MOTOR_I 0 0 (0)
                              [N3:X] [undefined] 61 119 0 0 (1031208960)
                              [N5:V] TPOS 'E' 0 25 133 145 (1672593)
                              [N3:X] MOTOR_I 0 0 (0)
                              [N3:X] [undefined] 61 119 0 0 (1031208960)
2026-03-20 18:21:57:992 [IN ] C8 24 03 18 25 A5 03 01 31 03 CF 00 00 07 89 25 A5 03 01 31 05 E6 3D 77 00 00 D4 6F 00 C8 24 03 18 25 A5 03 01 31 03 CF 00 00 07 89 25 A5 03 01 31 05 E6 3D 77 00 00 D4 6F 00 (58)
                              [N3:X] MOTOR_I 0 0 (0)
                              [N3:X] [undefined] 61 119 0 0 (1031208960)
                              [N3:X] MOTOR_I 0 0 (0)
                              [N3:X] [undefined] 61 119 0 0 (1031208960)
2026-03-20 18:21:58:194 [IN ] C8 24 03 18 25 A5 03 01 31 03 CF 00 00 07 89 25 A5 03 01 31 05 E6 3D 77 00 00 D4 6F 00 C8 24 03 18 25 A5 03 01 31 03 CF 00 00 07 89 25 A5 03 01 31 05 E6 3D 77 00 00 D4 6F 00 (58)
                              [N3:X] MOTOR_I 0 0 (0)
                              [N3:X] [undefined] 61 119 0 0 (1031208960)
                              [N3:X] MOTOR_I 0 0 (0)
                              [N3:X] [undefined] 61 119 0 0 (1031208960)
2026-03-20 18:21:58:215 [OUT] 25 A5 01 05 31 05 81 00 0D 03 C1 8E 19 (13)
                              [N5:V] TPOS 0 13 3 193 (852929)
2026-03-20 18:21:58:236 [IN ] C8 24 03 0E 25 A5 03 01 31 03 CF 00 00 07 89 25 A5 03 01 C8 24 03 0A 01 31 05 E6 3D 77 00 00 D4 6F 89 (34)
                              [N3:X] MOTOR_I 0 0 (0)
                              [N3:X] [undefined] 61 119 0 0 (1031208960)
2026-03-20 18:21:58:319 [IN ] C8 24 03 18 25 A5 03 01 31 03 CF 00 00 07 89 25 A5 03 (18)
2026-03-20 18:21:58:340 [IN ] 01 31 05 E6 3D 77 00 00 D4 6F 00 (11)
                              [N3:X] MOTOR_I 0 0 (0)
                              [N3:X] [undefined] 61 119 0 0 (1031208960)
2026-03-20 18:21:58:403 [IN ] C8 24 05 0E 25 A5 05 01 31 06 81 53 00 19 85 90 3F 77 01 (19)
                              [N5:V] TPOS 'S' 0 25 133 144 (1672592)
2026-03-20 18:21:58:605 [IN ] C8 24 03 18 25 A5 03 01 31 03 CF 00 00 07 89 25 A5 03 01 31 05 E6 3D 77 00 00 D4 6F 00 C8 24 03 18 25 A5 03 01 31 03 CF 00 00 07 89 25 A5 03 01 31 05 E6 3D 77 00 00 D4 6F 00 (58)
                              [N3:X] MOTOR_I 0 0 (0)
                              [N3:X] [undefined] 61 119 0 0 (1031208960)
                              [N3:X] MOTOR_I 0 0 (0)
                              [N3:X] [undefined] 61 119 0 0 (1031208960)
2026-03-20 18:21:58:807 [IN ] C8 24 03 18 25 A5 03 01 31 03 CF 00 00 07 89 25 A5 03 01 31 05 E6 3D 77 00 00 D4 6F 00 C8 24 03 18 25 A5 03 01 31 03 CF 00 00 07 89 25 A5 03 01 31 05 E6 3D 77 00 00 D4 6F 00 (58)
                              [N3:X] MOTOR_I 0 0 (0)
                              [N3:X] [undefined] 61 119 0 0 (1031208960)
                              [N3:X] MOTOR_I 0 0 (0)
                              [N3:X] [undefined] 61 119 0 0 (1031208960)
2026-03-20 18:21:59:009 [IN ] C8 24 03 18 25 A5 03 01 31 03 CF 00 00 07 89 25 A5 03 01 31 05 E6 3D 77 00 00 D4 6F 00 C8 24 03 18 25 A5 03 01 31 03 CF 00 00 07 89 25 A5 03 01 31 05 E6 3D 77 00 00 D4 6F 00 (58)
                              [N3:X] MOTOR_I 0 0 (0)
                              [N3:X] [undefined] 61 119 0 0 (1031208960)
                              [N3:X] MOTOR_I 0 0 (0)
                              [N3:X] [undefined] 61 119 0 0 (1031208960)
2026-03-20 18:21:59:210 [IN ] C8 24 03 18 25 A5 03 01 31 03 CF 00 00 07 89 25 A5 03 01 31 05 E6 3D 77 00 00 D4 6F 00 C8 24 03 18 25 A5 03 01 31 03 CF 00 00 07 89 25 A5 03 01 31 05 E6 3D 77 00 00 D4 6F 00 (58)
                              [N3:X] MOTOR_I 0 0 (0)
                              [N3:X] [undefined] 61 119 0 0 (1031208960)
                              [N3:X] MOTOR_I 0 0 (0)
                              [N3:X] [undefined] 61 119 0 0 (1031208960)
2026-03-20 18:21:59:412 [IN ] C8 24 03 18 25 A5 03 01 31 03 CF 00 00 07 89 25 A5 03 01 31 05 E6 3D 77 00 00 D4 6F 00 C8 24 03 18 25 A5 03 01 31 03 CF 00 00 07 89 25 A5 03 01 31 05 E6 3D 77 00 00 D4 6F 00 (58)
                              [N3:X] MOTOR_I 0 0 (0)
                              [N3:X] [undefined] 61 119 0 0 (1031208960)
                              [N3:X] MOTOR_I 0 0 (0)
                              [N3:X] [undefined] 61 119 0 0 (1031208960)
2026-03-20 18:21:59:614 [IN ] C8 24 03 0E 25 A5 03 01 31 03 CF 00 00 07 89 25 A5 03 01 C8 24 03 0A 01 31 05 E6 3D 77 00 00 D4 6F 89 C8 24 03 15 25 A5 03 01 31 03 CF 00 00 07 89 25 A5 03 01 31 05 E6 3D 77 00 00 (60)
                              [N3:X] MOTOR_I 0 0 (0)
                              [N3:X] [undefined] 61 119 0 0 (1031208960)
                              [N3:X] MOTOR_I 0 0 (0)
2026-03-20 18:21:59:816 [IN ] C8 24 03 1B 00 D4 6F 25 A5 03 01 31 03 CF 00 00 07 89 25 A5 03 01 31 05 E6 3D 77 00 00 D4 6F 03 C8 24 03 18 25 A5 03 01 31 03 CF 00 00 07 89 25 A5 03 01 31 05 E6 3D 77 00 00 D4 6F 00 (61)
                              [N3:X] [undefined] 61 119 0 0 (1031208960)
                              [N3:X] MOTOR_I 0 0 (0)
                              [N3:X] [undefined] 61 119 0 0 (1031208960)
                              [N3:X] MOTOR_I 0 0 (0)
                              [N3:X] [undefined] 61 119 0 0 (1031208960)
2026-03-20 18:22:00:018 [IN ] C8 24 03 18 25 A5 03 01 31 03 CF 00 00 07 89 25 A5 03 01 31 05 E6 3D 77 00 00 D4 6F 00 C8 24 03 18 25 A5 03 01 31 03 CF 00 00 07 89 25 A5 03 01 31 05 E6 3D 77 00 00 D4 6F 00 (58)
                              [N3:X] MOTOR_I 0 0 (0)
                              [N3:X] [undefined] 61 119 0 0 (1031208960)
                              [N3:X] MOTOR_I 0 0 (0)
                              [N3:X] [undefined] 61 119 0 0 (1031208960)
2026-03-20 18:22:00:219 [IN ] C8 24 03 18 25 A5 03 01 31 03 CF 00 00 07 89 25 A5 03 01 31 05 E6 3D 77 00 00 D4 6F 00 C8 24 03 18 25 A5 03 01 31 03 CF 00 00 07 89 25 A5 03 01 31 05 E6 3D 77 00 00 D4 6F 00 (58)
                              [N3:X] MOTOR_I 0 0 (0)
                              [N3:X] [undefined] 61 119 0 0 (1031208960)
                              [N3:X] MOTOR_I 0 0 (0)
                              [N3:X] [undefined] 61 119 0 0 (1031208960)
2026-03-20 18:22:00:421 [IN ] C8 24 03 18 25 A5 03 01 31 03 CF 00 00 07 89 25 A5 03 01 31 05 E6 3D 77 00 00 D4 6F 00 C8 24 03 18 25 A5 03 01 31 03 CF 00 00 07 89 25 A5 03 01 31 05 E6 3D 77 00 00 D4 6F 00 (58)
                              [N3:X] MOTOR_I 0 0 (0)
                              [N3:X] [undefined] 61 119 0 0 (1031208960)
                              [N3:X] MOTOR_I 0 0 (0)
                              [N3:X] [undefined] 61 119 0 0 (1031208960)
2026-03-20 18:22:00:622 [IN ] C8 24 03 18 25 A5 03 01 31 03 CF 00 00 07 89 25 A5 03 01 31 05 E6 3D 77 00 00 D4 6F 00 C8 24 03 18 25 A5 03 01 31 03 CF 00 00 07 89 25 A5 03 01 31 05 E6 3D 77 00 00 D4 6F 00 (58)
                              [N3:X] MOTOR_I 0 0 (0)
                              [N3:X] [undefined] 61 119 0 0 (1031208960)
                              [N3:X] MOTOR_I 0 0 (0)
                              [N3:X] [undefined] 61 119 0 0 (1031208960)
2026-03-20 18:22:00:823 [IN ] C8 24 03 18 25 A5 03 01 31 03 CF 00 00 07 89 25 A5 03 01 31 05 E6 3D 77 00 00 D4 6F 00 C8 24 03 0E 25 A5 03 01 31 03 CF 00 00 07 89 25 A5 03 01 C8 24 03 0A 01 31 05 E6 3D 77 00 00 D4 6F 89 (63)
                              [N3:X] MOTOR_I 0 0 (0)
                              [N3:X] [undefined] 61 119 0 0 (1031208960)
                              [N3:X] MOTOR_I 0 0 (0)
                              [N3:X] [undefined] 61 119 0 0 (1031208960)
2026-03-20 18:22:01:025 [IN ] C8 24 03 18 25 A5 03 01 31 03 CF 00 00 07 89 25 A5 03 01 31 05 E6 3D 77 00 00 D4 6F 00 C8 24 03 18 25 A5 03 01 31 03 CF 00 00 07 89 25 A5 03 01 31 05 E6 3D 77 00 00 D4 6F 00 (58)
                              [N3:X] MOTOR_I 0 0 (0)
                              [N3:X] [undefined] 61 119 0 0 (1031208960)
                              [N3:X] MOTOR_I 0 0 (0)
                              [N3:X] [undefined] 61 119 0 0 (1031208960)
2026-03-20 18:22:01:227 [IN ] C8 24 03 18 25 A5 03 01 31 03 CF 00 00 07 89 25 A5 03 01 31 05 E6 3D 77 00 00 D4 6F 00 C8 24 03 18 25 A5 03 01 31 03 CF 00 00 07 89 25 A5 03 01 31 05 E6 3D 77 00 00 D4 6F 00 (58)
                              [N3:X] MOTOR_I 0 0 (0)
                              [N3:X] [undefined] 61 119 0 0 (1031208960)
                              [N3:X] MOTOR_I 0 0 (0)
                              [N3:X] [undefined] 61 119 0 0 (1031208960)
2026-03-20 18:22:01:428 [IN ] C8 24 03 18 25 A5 03 01 31 03 CF 00 00 07 89 25 A5 03 01 31 05 E6 3D 77 00 00 D4 6F 00 C8 24 03 18 25 A5 03 01 31 03 CF 00 00 07 89 25 A5 03 01 31 05 E6 3D 77 00 00 D4 6F 00 (58)
                              [N3:X] MOTOR_I 0 0 (0)
                              [N3:X] [undefined] 61 119 0 0 (1031208960)
                              [N3:X] MOTOR_I 0 0 (0)
                              [N3:X] [undefined] 61 119 0 0 (1031208960)
2026-03-20 18:22:01:629 [IN ] C8 24 03 18 25 A5 03 01 31 03 CF 00 00 07 89 25 A5 03 01 31 05 E6 3D 77 00 00 D4 6F 00 C8 24 03 18 25 A5 03 01 31 03 CF 00 00 07 89 25 A5 03 01 31 05 E6 3D 77 00 00 D4 6F 00 (58)
                              [N3:X] MOTOR_I 0 0 (0)
                              [N3:X] [undefined] 61 119 0 0 (1031208960)
                              [N3:X] MOTOR_I 0 0 (0)
                              [N3:X] [undefined] 61 119 0 0 (1031208960)
2026-03-20 18:22:01:831 [IN ] C8 24 03 18 25 A5 03 01 31 03 CF 00 00 07 89 25 A5 03 01 31 05 E6 3D 77 00 00 D4 6F 00 C8 24 03 18 25 A5 03 01 31 03 CF 00 00 07 89 25 A5 03 01 31 05 E6 3D 77 00 00 D4 6F 00 (58)
                              [N3:X] MOTOR_I 0 0 (0)
                              [N3:X] [undefined] 61 119 0 0 (1031208960)
                              [N3:X] MOTOR_I 0 0 (0)
                              [N3:X] [undefined] 61 119 0 0 (1031208960)
2026-03-20 18:22:02:032 [IN ] C8 24 03 18 25 A5 03 01 31 03 CF 00 00 07 89 25 A5 03 01 31 05 E6 3D 77 00 00 D4 6F 00 C8 24 03 0E 25 A5 03 01 31 03 CF 00 00 07 89 25 A5 03 01 C8 24 03 0A 01 31 05 E6 3D 77 00 00 D4 6F 89 C8 
24 08 0E 25 A5 08 01 31 06 81 45 FF DC 74 EA 3F CC 01 (82)
                              [N3:X] MOTOR_I 0 0 (0)
                              [N3:X] [undefined] 61 119 0 0 (1031208960)
                              [N3:X] MOTOR_I 0 0 (0)
                              [N3:X] [undefined] 61 119 0 0 (1031208960)
                              [N8:R] TPOS 'E' 255 220 116 234 (-2329366)
2026-03-20 18:22:02:235 [IN ] C8 24 03 18 25 A5 03 01 31 03 CF 00 00 07 89 25 A5 03 01 31 05 E6 3D 77 00 00 D4 6F 00 C8 24 03 18 25 A5 03 01 31 03 CF 00 00 07 89 25 A5 03 01 31 05 E6 3D 77 00 00 D4 6F 00 (58)
                              [N3:X] MOTOR_I 0 0 (0)
                              [N3:X] [undefined] 61 119 0 0 (1031208960)
                              [N3:X] MOTOR_I 0 0 (0)
                              [N3:X] [undefined] 61 119 0 0 (1031208960)
2026-03-20 18:22:02:436 [IN ] C8 24 03 18 25 A5 03 01 31 03 CF 00 00 07 89 25 A5 03 01 31 05 E6 3D 77 00 00 D4 6F 00 C8 24 03 18 25 A5 03 01 31 03 CF 00 00 07 89 25 A5 03 01 31 05 E6 3D 77 00 00 D4 6F 00 (58)
                              [N3:X] MOTOR_I 0 0 (0)
                              [N3:X] [undefined] 61 119 0 0 (1031208960)
                              [N3:X] MOTOR_I 0 0 (0)
                              [N3:X] [undefined] 61 119 0 0 (1031208960)
2026-03-20 18:22:02:458 [OUT] 25 A5 01 08 31 05 81 FF EE 15 56 18 89 (13)
                              [N8:R] TPOS 255 238 21 86 (-1174186)
2026-03-20 18:22:02:460 [IN ] C8 24 03 18 25 A5 03 01 31 03 CF 00 00 07 89 25 A5 03 01 31 05 E6 3D 77 00 00 D4 6F 00 (29)
                              [N3:X] MOTOR_I 0 0 (0)
                              [N3:X] [undefined] 61 119 0 0 (1031208960)
2026-03-20 18:22:02:583 [IN ] C8 24 03 18 25 A5 03 01 31 03 CF 00 00 07 89 25 A5 03 01 31 05 E6 3D 77 00 00 D4 6F 00 (29)
                              [N3:X] MOTOR_I 0 0 (0)
                              [N3:X] [undefined] 61 119 0 0 (1031208960)
2026-03-20 18:22:02:646 [IN ] C8 24 08 0E 25 A5 08 01 31 06 81 53 FF DC 74 F6 59 1E 01 (19)
                              [N8:R] TPOS 'S' 255 220 116 246 (-2329354)
2026-03-20 18:22:02:850 [IN ] C8 24 03 18 25 A5 03 01 31 03 CF 00 00 07 89 25 A5 03 01 31 05 E6 3D 77 00 00 D4 6F 00 C8 24 03 18 25 A5 03 01 31 03 CF 00 00 07 89 25 A5 03 01 31 05 E6 3D 77 00 00 D4 6F 00 (58)
                              [N3:X] MOTOR_I 0 0 (0)
                              [N3:X] [undefined] 61 119 0 0 (1031208960)
                              [N3:X] MOTOR_I 0 0 (0)
                              [N3:X] [undefined] 61 119 0 0 (1031208960)
2026-03-20 18:22:03:051 [IN ] C8 24 03 18 25 A5 03 01 31 03 CF 00 00 07 89 25 A5 03 01 31 05 E6 3D 77 00 00 D4 6F 00 C8 24 03 18 25 A5 03 01 31 03 CF 00 00 07 89 25 A5 03 01 31 05 E6 3D 77 00 00 D4 6F 00 (58)
                              [N3:X] MOTOR_I 0 0 (0)
                              [N3:X] [undefined] 61 119 0 0 (1031208960)
                              [N3:X] MOTOR_I 0 0 (0)
                              [N3:X] [undefined] 61 119 0 0 (1031208960)
2026-03-20 18:22:03:252 [IN ] C8 24 03 18 25 A5 03 01 31 03 CF 00 00 07 89 25 A5 03 01 31 05 E6 3D 77 00 00 D4 6F 00 C8 24 03 0E 25 A5 03 01 31 03 CF 00 00 07 89 25 A5 03 01 C8 24 03 0A 01 31 05 E6 3D 77 00 00 D4 6F 89 (63)
                              [N3:X] MOTOR_I 0 0 (0)
                              [N3:X] [undefined] 61 119 0 0 (1031208960)
                              [N3:X] MOTOR_I 0 0 (0)
                              [N3:X] [undefined] 61 119 0 0 (1031208960)
2026-03-20 18:22:03:454 [IN ] C8 24 03 15 25 A5 03 01 31 03 CF 00 00 07 89 25 A5 03 01 31 05 E6 3D 77 00 00 C8 24 03 1B 00 D4 6F 25 A5 03 01 31 03 CF 00 00 07 89 25 A5 03 01 31 05 E6 3D 77 00 00 D4 6F 03 (58)
                              [N3:X] MOTOR_I 0 0 (0)
                              [N3:X] [undefined] 61 119 0 0 (1031208960)
                              [N3:X] MOTOR_I 0 0 (0)
                              [N3:X] [undefined] 61 119 0 0 (1031208960)
2026-03-20 18:22:03:656 [IN ] C8 24 03 18 25 A5 03 01 31 03 CF 00 00 07 89 25 A5 03 01 31 05 E6 3D 77 00 00 D4 6F 00 C8 24 05 0E 25 A5 05 01 31 06 81 45 00 0D 02 30 42 A7 01 C8 24 03 18 25 A5 03 01 31 03 CF 00 00 07 89 25 
A5 03 01 31 05 E6 3D 77 00 00 D4 6F 00 (77)
                              [N3:X] MOTOR_I 0 0 (0)
                              [N3:X] [undefined] 61 119 0 0 (1031208960)
                              [N5:V] TPOS 'E' 0 13 2 48 (852528)
                              [N3:X] MOTOR_I 0 0 (0)
                              [N3:X] [undefined] 61 119 0 0 (1031208960)
2026-03-20 18:22:03:858 [IN ] C8 24 03 18 25 A5 03 01 31 03 CF 00 00 07 89 25 A5 03 01 31 05 E6 3D 77 00 00 D4 6F 00 C8 24 03 18 25 A5 03 01 31 03 CF 00 00 07 89 25 A5 03 01 31 05 E6 3D 77 00 00 D4 6F 00 (58)
                              [N3:X] MOTOR_I 0 0 (0)
                              [N3:X] [undefined] 61 119 0 0 (1031208960)
                              [N3:X] MOTOR_I 0 0 (0)
                              [N3:X] [undefined] 61 119 0 0 (1031208960)
2026-03-20 18:22:03:878 [OUT] 25 A5 01 03 31 05 81 FF ED B1 30 88 70 (13)
                              [N3:X] TPOS 255 237 177 48 (-1199824)
2026-03-20 18:22:03:880 [IN ] C8 24 03 18 25 A5 03 01 31 03 CF 00 00 07 89 25 A5 03 01 31 05 E6 3D 77 00 00 D4 6F 00 (29)
                              [N3:X] MOTOR_I 0 0 (0)
                              [N3:X] [undefined] 61 119 0 0 (1031208960)
2026-03-20 18:22:03:901 [OUT] 25 A5 01 04 31 05 81 FF F3 BD 0C 77 7E (13)
                              [N4:Y] TPOS 255 243 189 12 (-803572)
2026-03-20 18:22:03:983 [IN ] C8 24 03 18 25 A5 03 01 31 03 CF 00 00 07 89 25 A5 03 01 31 05 E6 3D 77 00 00 D4 6F 00 (29)
                              [N3:X] MOTOR_I 0 0 (0)
                              [N3:X] [undefined] 61 119 0 0 (1031208960)
2026-03-20 18:22:04:067 [IN ] C8 24 03 (3)
2026-03-20 18:22:04:090 [IN ] 0E 25 A5 03 01 31 06 81 53 FF FD 50 82 DD 93 01 C8 24 03 18 25 A5 03 01 31 03 CF 00 26 2D AF 25 A5 03 01 31 05 E6 3D 77 FF B0 83 1D 00 (45)
                              [N3:X] TPOS 'S' 255 253 80 130 (-175998)
                              [N3:X] MOTOR_I 0 38 (38)
                              [N3:X] [undefined] 61 119 255 176 (1031274416)
2026-03-20 18:22:04:192 [IN ] C8 24 03 18 25 A5 03 01 31 03 CF 00 0F 16 98 25 A5 03 01 31 05 E6 3D 77 FF B0 83 1D 00 C8 24 04 0E 25 A5 04 01 31 06 81 53 FF FD 4F AE 09 C7 01 (48)
                              [N3:X] MOTOR_I 0 15 (15)
                              [N3:X] [undefined] 61 119 255 176 (1031274416)
                              [N4:Y] TPOS 'S' 255 253 79 174 (-176210)
2026-03-20 18:22:04:394 [IN ] C8 24 03 18 25 A5 03 01 31 03 CF 00 07 0E 90 25 A5 03 01 31 05 E6 3D 77 FF B0 83 1D 00 C8 24 03 18 25 A5 03 01 31 03 CF 00 09 10 92 25 A5 03 01 31 05 E6 3D 77 FF B0 83 1D 00 (58)
                              [N3:X] MOTOR_I 0 7 (7)
                              [N3:X] [undefined] 61 119 255 176 (1031274416)
                              [N3:X] MOTOR_I 0 9 (9)
                              [N3:X] [undefined] 61 119 255 176 (1031274416)
2026-03-20 18:22:04:596 [IN ] C8 24 03 0E 25 A5 03 01 31 03 CF 00 05 0C 8E 25 A5 03 01 C8 24 03 0A 01 31 05 E6 3D 77 FF B0 83 1D 8E C8 24 03 18 25 A5 03 01 31 03 CF 00 0B 12 94 25 A5 03 01 31 05 E6 3D 77 FF B0 83 1D 00 (63)
                              [N3:X] MOTOR_I 0 5 (5)
                              [N3:X] [undefined] 61 119 255 176 (1031274416)
                              [N3:X] MOTOR_I 0 11 (11)
                              [N3:X] [undefined] 61 119 255 176 (1031274416)
2026-03-20 18:22:04:797 [IN ] C8 24 03 18 25 A5 03 01 31 03 CF 00 0D 14 96 25 A5 03 01 31 05 E6 3D 77 FF B0 83 1D 00 C8 24 03 18 25 A5 03 01 31 03 CF 00 13 1A 9C 25 A5 03 01 31 05 E6 3D 77 FF B0 83 1D 00 (58)
                              [N3:X] MOTOR_I 0 13 (13)
                              [N3:X] [undefined] 61 119 255 176 (1031274416)
                              [N3:X] MOTOR_I 0 19 (19)
                              [N3:X] [undefined] 61 119 255 176 (1031274416)
2026-03-20 18:22:05:001 [IN ] C8 24 03 18 25 A5 03 01 31 03 CF 00 10 17 99 25 A5 03 01 31 05 E6 3D 77 FF B0 83 1D 00 C8 24 03 18 25 A5 03 01 31 03 CF 00 0A 11 93 25 A5 03 01 31 05 E6 3D 77 FF B0 83 1D 00 (58)
                              [N3:X] MOTOR_I 0 16 (16)
                              [N3:X] [undefined] 61 119 255 176 (1031274416)
                              [N3:X] MOTOR_I 0 10 (10)
                              [N3:X] [undefined] 61 119 255 176 (1031274416)
2026-03-20 18:22:05:202 [IN ] C8 24 03 18 25 A5 03 01 31 03 CF 00 17 1E A0 25 A5 03 01 31 05 E6 3D 77 FF B0 83 1D 00 C8 24 03 18 25 A5 03 01 31 03 CF 00 0C 13 95 25 A5 03 01 31 05 E6 3D 77 FF B0 83 1D 00 (58)
                              [N3:X] MOTOR_I 0 23 (23)
                              [N3:X] [undefined] 61 119 255 176 (1031274416)
                              [N3:X] MOTOR_I 0 12 (12)
                              [N3:X] [undefined] 61 119 255 176 (1031274416)
2026-03-20 18:22:05:404 [IN ] C8 24 03 18 25 A5 03 01 31 03 CF 00 0A 11 93 25 A5 03 01 31 05 E6 3D 77 FF B0 83 1D 00 C8 24 03 18 25 A5 03 01 31 03 CF 00 07 0E 90 25 A5 03 01 31 05 E6 3D 77 FF B0 83 1D 00 (58)
                              [N3:X] MOTOR_I 0 10 (10)
                              [N3:X] [undefined] 61 119 255 176 (1031274416)
                              [N3:X] MOTOR_I 0 7 (7)
                              [N3:X] [undefined] 61 119 255 176 (1031274416)
2026-03-20 18:22:05:605 [IN ] C8 24 03 18 25 A5 03 01 31 03 CF 00 05 0C 8E 25 A5 03 01 31 05 E6 3D 77 FF B0 83 1D 00 C8 24 03 18 25 A5 03 01 31 03 CF 00 08 0F 91 25 A5 03 01 31 05 E6 3D 77 FF B0 83 1D 00 (58)
                              [N3:X] MOTOR_I 0 5 (5)
                              [N3:X] [undefined] 61 119 255 176 (1031274416)
                              [N3:X] MOTOR_I 0 8 (8)
                              [N3:X] [undefined] 61 119 255 176 (1031274416)
2026-03-20 18:22:05:808 [IN ] C8 24 03 0E 25 A5 03 01 31 03 CF 00 14 1B 9D 25 A5 03 01 C8 24 03 0A 01 31 05 E6 3D 77 FF B0 83 1D 9D C8 24 03 15 25 A5 03 01 31 03 CF 00 0D 14 96 25 A5 03 01 31 05 E6 3D 77 FF B0 (60)
                              [N3:X] MOTOR_I 0 20 (20)
                              [N3:X] [undefined] 61 119 255 176 (1031274416)
                              [N3:X] MOTOR_I 0 13 (13)
2026-03-20 18:22:06:009 [IN ] C8 24 03 1B B0 83 1D 25 A5 03 01 31 03 CF 00 0D 14 96 25 A5 03 01 31 05 E6 3D 77 FF B0 83 1D 03 C8 24 03 18 25 A5 03 01 31 03 CF 00 07 0E 90 25 A5 03 01 31 05 E6 3D 77 FF B0 83 1D B0 (61)
                              [N3:X] [undefined] 61 119 255 176 (1031274416)
                              [N3:X] MOTOR_I 0 13 (13)
                              [N3:X] [undefined] 61 119 255 176 (1031274416)
                              [N3:X] MOTOR_I 0 7 (7)
                              [N3:X] [undefined] 61 119 255 176 (1031274416)
2026-03-20 18:22:06:211 [IN ] C8 24 03 18 25 A5 03 01 31 03 CF 00 0F 16 98 25 A5 03 01 31 05 E6 3D 77 FF B0 83 1D B0 C8 24 03 18 25 A5 03 01 31 03 CF 00 07 0E 90 25 A5 03 01 31 05 E6 3D 77 FF B0 83 1D B0 (58)
                              [N3:X] MOTOR_I 0 15 (15)
                              [N3:X] [undefined] 61 119 255 176 (1031274416)
                              [N3:X] MOTOR_I 0 7 (7)
                              [N3:X] [undefined] 61 119 255 176 (1031274416)
2026-03-20 18:22:06:412 [IN ] C8 24 03 18 25 A5 03 01 31 03 CF 00 0A 11 93 25 A5 03 01 31 05 E6 3D 77 FF B0 83 1D B0 C8 24 03 18 25 A5 03 01 31 03 CF 00 11 18 9A 25 A5 03 01 31 05 E6 3D 77 FF B0 83 1D B0 (58)
                              [N3:X] MOTOR_I 0 10 (10)
                              [N3:X] [undefined] 61 119 255 176 (1031274416)
                              [N3:X] MOTOR_I 0 17 (17)
                              [N3:X] [undefined] 61 119 255 176 (1031274416)
2026-03-20 18:22:06:614 [IN ] C8 24 03 18 25 A5 03 01 31 03 CF 00 04 0B 8D 25 A5 03 01 31 05 E6 3D 77 FF B0 83 1D B0 C8 24 03 18 25 A5 03 01 31 03 CF 00 0B 12 94 25 A5 03 01 31 05 E6 3D 77 FF B0 83 1D B0 (58)
                              [N3:X] MOTOR_I 0 4 (4)
                              [N3:X] [undefined] 61 119 255 176 (1031274416)
                              [N3:X] MOTOR_I 0 11 (11)
                              [N3:X] [undefined] 61 119 255 176 (1031274416)
2026-03-20 18:22:06:815 [IN ] C8 24 03 18 25 A5 03 01 31 03 CF 00 12 19 9B 25 A5 03 01 31 05 E6 3D 77 FF B0 83 1D B0 C8 24 03 18 25 A5 03 01 31 03 CF 00 11 18 9A 25 A5 03 01 31 05 E6 3D 77 FF B0 83 1D B0 (58)
                              [N3:X] MOTOR_I 0 18 (18)
                              [N3:X] [undefined] 61 119 255 176 (1031274416)
                              [N3:X] MOTOR_I 0 17 (17)
                              [N3:X] [undefined] 61 119 255 176 (1031274416)
2026-03-20 18:22:07:017 [IN ] C8 24 03 18 25 A5 03 01 31 03 CF 00 13 1A 9C 25 A5 03 01 31 05 E6 3D 77 FF B0 83 1D B0 C8 24 03 0E 25 A5 03 01 31 03 CF 00 0B 12 94 25 A5 03 01 C8 24 03 0A 01 31 05 E6 3D 77 FF B0 83 1D 94 (63)
                              [N3:X] MOTOR_I 0 19 (19)
                              [N3:X] [undefined] 61 119 255 176 (1031274416)
                              [N3:X] MOTOR_I 0 11 (11)
                              [N3:X] [undefined] 61 119 255 176 (1031274416)
2026-03-20 18:22:07:218 [IN ] C8 24 03 18 25 A5 03 01 31 03 CF 00 07 0E 90 25 A5 03 01 31 05 E6 3D 77 FF B0 83 1D B0 C8 24 03 18 25 A5 03 01 31 03 CF 00 12 19 9B 25 A5 03 01 31 05 E6 3D 77 FF B0 83 1D B0 (58)
                              [N3:X] MOTOR_I 0 7 (7)
                              [N3:X] [undefined] 61 119 255 176 (1031274416)
                              [N3:X] MOTOR_I 0 18 (18)
                              [N3:X] [undefined] 61 119 255 176 (1031274416)
2026-03-20 18:22:07:420 [IN ] C8 24 03 18 25 A5 03 01 31 03 CF 00 0F 16 98 25 A5 03 01 31 05 E6 3D 77 FF B0 83 1D B0 C8 24 03 18 25 A5 03 01 31 03 CF 00 0A 11 93 25 A5 03 01 31 05 E6 3D 77 FF B0 83 1D B0 (58)
                              [N3:X] MOTOR_I 0 15 (15)
                              [N3:X] [undefined] 61 119 255 176 (1031274416)
                              [N3:X] MOTOR_I 0 10 (10)
                              [N3:X] [undefined] 61 119 255 176 (1031274416)
2026-03-20 18:22:07:622 [IN ] C8 24 03 18 25 A5 03 01 31 03 CF 00 09 10 92 25 A5 03 01 31 05 E6 3D 77 FF B0 83 1D B0 C8 24 03 18 25 A5 03 01 31 03 CF 00 14 1B 9D 25 A5 03 01 31 05 E6 3D 77 FF B0 83 1D B0 (58)
                              [N3:X] MOTOR_I 0 9 (9)
                              [N3:X] [undefined] 61 119 255 176 (1031274416)
                              [N3:X] MOTOR_I 0 20 (20)
                              [N3:X] [undefined] 61 119 255 176 (1031274416)
2026-03-20 18:22:07:823 [IN ] C8 24 03 18 25 A5 03 01 31 03 CF 00 14 1B 9D 25 A5 03 01 31 05 E6 3D 77 FF B0 83 1D B0 C8 24 04 0E 25 A5 04 01 31 06 81 45 FF F3 BB 67 16 F4 01 C8 24 03 18 25 A5 03 01 31 03 CF 00 13 1A 9C 25 
A5 03 01 31 05 E6 3D 77 FF B0 83 1D B0 (77)
                              [N3:X] MOTOR_I 0 20 (20)
                              [N3:X] [undefined] 61 119 255 176 (1031274416)
                              [N4:Y] TPOS 'E' 255 243 187 103 (-803993)
                              [N3:X] MOTOR_I 0 19 (19)
                              [N3:X] [undefined] 61 119 255 176 (1031274416)
2026-03-20 18:22:08:026 [IN ] C8 24 03 18 25 A5 03 01 31 03 CF 00 09 10 92 25 A5 03 01 31 05 E6 3D 77 FF B0 83 1D B0 C8 24 03 18 25 A5 03 01 31 03 CF 00 13 1A 9C 25 A5 03 01 31 05 E6 3D 77 FF B0 83 1D B0 (58)
                              [N3:X] MOTOR_I 0 9 (9)
                              [N3:X] [undefined] 61 119 255 176 (1031274416)
                              [N3:X] MOTOR_I 0 19 (19)
                              [N3:X] [undefined] 61 119 255 176 (1031274416)
2026-03-20 18:22:08:227 [IN ] C8 24 03 18 25 A5 03 01 31 03 CF 00 10 17 99 25 A5 03 01 31 05 E6 3D 77 FF B0 83 1D B0 C8 24 03 0E 25 A5 03 01 31 03 CF 00 11 18 9A 25 A5 03 01 C8 24 03 0A 01 31 05 E6 3D 77 FF B0 83 1D 9A (63)
                              [N3:X] MOTOR_I 0 16 (16)
                              [N3:X] [undefined] 61 119 255 176 (1031274416)
                              [N3:X] MOTOR_I 0 17 (17)
                              [N3:X] [undefined] 61 119 255 176 (1031274416)
2026-03-20 18:22:08:429 [IN ] C8 24 03 15 25 A5 03 01 31 03 CF 00 12 19 9B 25 A5 03 01 31 05 E6 3D 77 FF B0 C8 24 03 1B B0 83 1D 25 A5 03 01 31 03 CF 00 0D 14 96 25 A5 03 01 31 05 E6 3D 77 FF B0 83 1D 03 (58)
                              [N3:X] MOTOR_I 0 18 (18)
                              [N3:X] [undefined] 61 119 255 176 (1031274416)
                              [N3:X] MOTOR_I 0 13 (13)
                              [N3:X] [undefined] 61 119 255 176 (1031274416)
2026-03-20 18:22:08:631 [IN ] C8 24 03 18 25 A5 03 01 31 03 CF 00 0A 11 93 25 A5 03 01 31 05 E6 3D 77 FF B0 83 1D B0 C8 24 03 18 25 A5 03 01 31 03 CF 00 13 1A 9C 25 A5 03 01 31 05 E6 3D 77 FF B0 83 1D B0 (58)
                              [N3:X] MOTOR_I 0 10 (10)
                              [N3:X] [undefined] 61 119 255 176 (1031274416)
                              [N3:X] MOTOR_I 0 19 (19)
                              [N3:X] [undefined] 61 119 255 176 (1031274416)
2026-03-20 18:22:08:832 [IN ] C8 24 03 18 25 A5 03 01 31 03 CF 00 16 1D 9F 25 A5 03 01 31 05 E6 3D 77 FF B0 83 1D B0 C8 24 03 18 25 A5 03 01 31 03 CF 00 21 28 AA 25 A5 03 01 31 05 E6 3D 77 FF B0 83 1D B0 (58)
                              [N3:X] MOTOR_I 0 22 (22)
                              [N3:X] [undefined] 61 119 255 176 (1031274416)
                              [N3:X] MOTOR_I 0 33 (33)
                              [N3:X] [undefined] 61 119 255 176 (1031274416)
2026-03-20 18:22:09:033 [IN ] C8 24 03 18 25 A5 03 01 31 03 CF 00 14 1B 9D 25 A5 03 01 31 05 E6 3D 77 FF B0 83 1D B0 C8 24 03 18 25 A5 03 01 31 03 CF 00 0C 13 95 25 A5 03 01 31 05 E6 3D 77 FF B0 83 1D B0 (58)
                              [N3:X] MOTOR_I 0 20 (20)
                              [N3:X] [undefined] 61 119 255 176 (1031274416)
                              [N3:X] MOTOR_I 0 12 (12)
                              [N3:X] [undefined] 61 119 255 176 (1031274416)
2026-03-20 18:22:09:234 [IN ] C8 24 03 18 25 A5 03 01 31 03 CF 00 15 1C 9E 25 A5 03 01 31 05 E6 3D 77 FF B0 83 1D B0 C8 24 03 18 25 A5 03 01 31 03 CF 00 00 07 89 25 A5 03 01 31 05 E6 3D 77 00 00 D4 6F B0 (58)
                              [N3:X] MOTOR_I 0 21 (21)
                              [N3:X] [undefined] 61 119 255 176 (1031274416)
                              [N3:X] MOTOR_I 0 0 (0)
                              [N3:X] [undefined] 61 119 0 0 (1031208960)
2026-03-20 18:22:09:437 [IN ] C8 24 08 0E 25 A5 08 01 31 06 81 45 FF EE 17 54 5E B2 01 C8 24 03 0E 25 A5 03 01 31 06 81 45 FF ED AE 98 33 EF 01 C8 24 03 18 25 A5 03 01 31 03 CF 00 00 07 89 25 A5 03 01 31 05 E6 3D 77 00 00 
D4 6F B0 C8 24 03 18 25 A5 03 01 31 03 CF 00 00 07 89 25 A5 03 01 31 05 E6 3D 77 00 00 D4 6F B0 (96)
                              [N8:R] TPOS 'E' 255 238 23 84 (-1173676)
                              [N3:X] TPOS 'E' 255 237 174 152 (-1200488)
                              [N3:X] MOTOR_I 0 0 (0)
                              [N3:X] [undefined] 61 119 0 0 (1031208960)
                              [N3:X] MOTOR_I 0 0 (0)
                              [N3:X] [undefined] 61 119 0 0 (1031208960)
2026-03-20 18:22:09:641 [IN ] C8 24 03 15 25 A5 03 01 31 03 CF 00 00 07 89 25 A5 03 01 31 05 E6 3D 77 00 00 C8 24 03 1B 00 D4 6F 25 A5 03 01 31 03 CF 00 00 07 89 25 A5 03 01 31 05 E6 3D 77 00 00 D4 6F 03 (58)
                              [N3:X] MOTOR_I 0 0 (0)
                              [N3:X] [undefined] 61 119 0 0 (1031208960)
                              [N3:X] MOTOR_I 0 0 (0)
                              [N3:X] [undefined] 61 119 0 0 (1031208960)
2026-03-20 18:22:09:842 [IN ] C8 24 03 18 25 A5 03 01 31 03 CF 00 00 07 89 25 A5 03 01 31 05 E6 3D 77 00 00 D4 6F 00 C8 24 03 18 25 A5 03 01 31 03 CF 00 00 07 89 25 A5 03 01 31 05 E6 3D 77 00 00 D4 6F 00 (58)
                              [N3:X] MOTOR_I 0 0 (0)
                              [N3:X] [undefined] 61 119 0 0 (1031208960)
                              [N3:X] MOTOR_I 0 0 (0)
                              [N3:X] [undefined] 61 119 0 0 (1031208960)
2026-03-20 18:22:10:043 [IN ] C8 24 03 18 25 A5 03 01 31 03 CF 00 00 07 89 25 A5 03 01 31 05 E6 3D 77 00 00 D4 6F 00 C8 24 03 18 25 A5 03 01 31 03 CF 00 00 07 89 25 A5 03 01 31 05 E6 3D 77 00 00 D4 6F 00 (58)
                              [N3:X] MOTOR_I 0 0 (0)
                              [N3:X] [undefined] 61 119 0 0 (1031208960)
                              [N3:X] MOTOR_I 0 0 (0)
                              [N3:X] [undefined] 61 119 0 0 (1031208960)
2026-03-20 18:22:10:244 [IN ] C8 24 03 18 25 A5 03 01 31 03 CF 00 00 07 89 25 A5 03 01 31 05 E6 3D 77 00 00 D4 6F 00 C8 24 03 18 25 A5 03 01 31 03 CF 00 00 07 89 25 A5 03 01 31 05 E6 3D 77 00 00 D4 6F 00 (58)
                              [N3:X] MOTOR_I 0 0 (0)
                              [N3:X] [undefined] 61 119 0 0 (1031208960)
                              [N3:X] MOTOR_I 0 0 (0)
                              [N3:X] [undefined] 61 119 0 0 (1031208960)
2026-03-20 18:22:10:445 [IN ] C8 24 03 18 25 A5 03 01 31 03 CF 00 00 07 89 25 A5 03 01 31 05 E6 3D 77 00 00 D4 6F 00 C8 24 03 18 25 A5 03 01 31 03 CF 00 00 07 89 25 A5 03 01 31 05 E6 3D 77 00 00 D4 6F 00 (58)
                              [N3:X] MOTOR_I 0 0 (0)
                              [N3:X] [undefined] 61 119 0 0 (1031208960)
                              [N3:X] MOTOR_I 0 0 (0)
                              [N3:X] [undefined] 61 119 0 0 (1031208960)
2026-03-20 18:22:10:648 [IN ] C8 24 03 18 25 A5 03 01 31 03 CF 00 00 07 89 25 A5 03 01 31 05 E6 3D 77 00 00 D4 6F 00 C8 24 03 18 25 A5 03 01 31 03 CF 00 00 07 89 25 A5 03 01 31 05 E6 3D 77 00 00 D4 6F 00 (58)
                              [N3:X] MOTOR_I 0 0 (0)
                              [N3:X] [undefined] 61 119 0 0 (1031208960)
                              [N3:X] MOTOR_I 0 0 (0)
                              [N3:X] [undefined] 61 119 0 0 (1031208960)
2026-03-20 18:22:10:849 [IN ] C8 24 03 0E 25 A5 03 01 31 03 CF 00 00 07 89 25 A5 03 01 C8 24 03 0A 01 31 05 E6 3D 77 00 00 D4 6F 89 C8 24 03 15 25 A5 03 01 31 03 CF 00 00 07 89 25 A5 03 01 31 05 E6 3D 77 00 00 (60)
                              [N3:X] MOTOR_I 0 0 (0)
                              [N3:X] [undefined] 61 119 0 0 (1031208960)
                              [N3:X] MOTOR_I 0 0 (0)
2026-03-20 18:22:11:052 [IN ] C8 24 03 1B 00 D4 6F 25 A5 03 01 31 03 CF 00 00 07 89 25 A5 03 01 31 05 E6 3D 77 00 00 D4 6F 03 C8 24 03 18 25 A5 03 01 31 03 CF 00 00 07 89 25 A5 03 01 31 05 E6 3D 77 00 00 D4 6F 00 (61)
                              [N3:X] [undefined] 61 119 0 0 (1031208960)
                              [N3:X] MOTOR_I 0 0 (0)
                              [N3:X] [undefined] 61 119 0 0 (1031208960)
                              [N3:X] MOTOR_I 0 0 (0)
                              [N3:X] [undefined] 61 119 0 0 (1031208960)
2026-03-20 18:22:11:253 [IN ] C8 24 03 18 25 A5 03 01 31 03 CF 00 00 07 89 25 A5 03 01 31 05 E6 3D 77 00 00 D4 6F 00 C8 24 03 18 25 A5 03 01 31 03 CF 00 00 07 89 25 A5 03 01 31 05 E6 3D 77 00 00 D4 6F 00 (58)
                              [N3:X] MOTOR_I 0 0 (0)
                              [N3:X] [undefined] 61 119 0 0 (1031208960)
                              [N3:X] MOTOR_I 0 0 (0)
                              [N3:X] [undefined] 61 119 0 0 (1031208960)
2026-03-20 18:22:11:455 [IN ] C8 24 03 18 25 A5 03 01 31 03 CF 00 00 07 89 25 A5 03 01 31 05 E6 3D 77 00 00 D4 6F 00 C8 24 03 18 25 A5 03 01 31 03 CF 00 00 07 89 25 A5 03 01 31 05 E6 3D 77 00 00 D4 6F 00 (58)
                              [N3:X] MOTOR_I 0 0 (0)
                              [N3:X] [undefined] 61 119 0 0 (1031208960)
                              [N3:X] MOTOR_I 0 0 (0)
                              [N3:X] [undefined] 61 119 0 0 (1031208960)
2026-03-20 18:22:11:657 [IN ] C8 24 03 18 25 A5 03 01 31 03 CF 00 00 07 89 25 A5 03 01 31 05 E6 3D 77 00 00 D4 6F 00 C8 24 03 18 25 A5 03 01 31 03 CF 00 00 07 89 25 A5 03 01 31 05 E6 3D 77 00 00 D4 6F 00 (58)
                              [N3:X] MOTOR_I 0 0 (0)
                              [N3:X] [undefined] 61 119 0 0 (1031208960)
                              [N3:X] MOTOR_I 0 0 (0)
                              [N3:X] [undefined] 61 119 0 0 (1031208960)
2026-03-20 18:22:11:859 [IN ] C8 24 07 0E 25 A5 07 01 31 06 81 45 FF F3 3A 5D 8E 06 01 C8 24 03 18 25 A5 03 01 31 03 CF 00 00 07 89 25 A5 03 01 31 05 E6 3D 77 00 00 D4 6F 00 C8 24 03 18 25 A5 03 01 31 03 CF 00 00 07 89 25 
A5 03 01 31 05 E6 3D 77 00 00 D4 6F 00 (77)
                              [N7:N] TPOS 'E' 255 243 58 93 (-837027)
                              [N3:X] MOTOR_I 0 0 (0)
                              [N3:X] [undefined] 61 119 0 0 (1031208960)
                              [N3:X] MOTOR_I 0 0 (0)
                              [N3:X] [undefined] 61 119 0 0 (1031208960)
